{
"type": "FeatureCollection",
"name": "cffdrs_demo_psas",
"crs": { "type": "name", "properties": { "name": "urn:ogc:def:crs:EPSG::4269" } },
"features": [
{ "type": "Feature", "properties": { "PSANAME": "Tanana Valley-East", "PSANationa": "AK01E" }, "geometry": { "type": "Polygon", "coordinates": [ [ [ -141.001335, 64.085088591000044 ], [ -141.001335, 64.084998271000075 ], [ -141.001335, 64.081858 ], [ -141.001335, 64.078652 ], [ -141.001335, 64.076371 ], [ -141.001335, 64.073752 ], [ -141.001335, 64.067741 ], [ -141.001336, 64.06395 ], [ -141.001336, 64.061577 ], [ -141.001336, 64.060005 ], [ -141.001336, 64.058108 ], [ -141.001336, 64.056844 ], [ -141.001336, 64.053395 ], [ -141.001336, 64.04323 ], [ -141.001336, 64.038008 ], [ -141.001336, 64.03392 ], [ -141.001336, 64.027269 ], [ -141.001337, 64.010096 ], [ -141.001337, 64.006175 ], [ -141.001337, 63.998095 ], [ -141.001338, 63.98496 ], [ -141.001338, 63.961564 ], [ -141.001338, 63.95392 ], [ -141.001338, 63.950117 ], [ -141.001427, 63.927053 ], [ -141.001341, 63.910762 ], [ -141.001341, 63.907653 ], [ -141.001342, 63.89904 ], [ -141.001343, 63.885413 ], [ -141.001344, 63.879605 ], [ -141.001344, 63.877273 ], [ -141.001345, 63.874453 ], [ -141.001346, 63.859596 ], [ -141.001346, 63.856389 ], [ -141.001347, 63.854605 ], [ -141.001347, 63.852681 ], [ -141.001353, 63.796717 ], [ -141.001355, 63.777289 ], [ -141.001355, 63.771193 ], [ -141.001357, 63.756263 ], [ -141.001358, 63.749546 ], [ -141.001361, 63.721328 ], [ -141.001363, 63.701793 ], [ -141.001368, 63.648472 ], [ -141.001371, 63.625289 ], [ -141.001371, 63.622762 ], [ -141.001371, 63.620333 ], [ -141.001372, 63.617424 ], [ -141.001372, 63.615916 ], [ -141.001373, 63.599012 ], [ -141.001374, 63.596799 ], [ -141.001376, 63.575873 ], [ -141.001377, 63.561262 ], [ -141.00138, 63.53863 ], [ -141.001382, 63.516199 ], [ -141.001383, 63.504806 ], [ -141.001383, 63.50444 ], [ -141.001383, 63.504256 ], [ -141.001383, 63.503717 ], [ -141.001385, 63.485662 ], [ -141.001386, 63.481784 ], [ -141.001386, 63.477911 ], [ -141.001389, 63.454415 ], [ -141.001391, 63.435133 ], [ -141.001393, 63.413068 ], [ -141.001394, 63.40085 ], [ -141.001394, 63.40063 ], [ -141.001394, 63.399548 ], [ -141.001396, 63.375939 ], [ -141.001397, 63.371166 ], [ -141.001398, 63.357432 ], [ -141.001399, 63.344355 ], [ -141.001402047999989, 63.311413753000068 ], [ -141.001406, 63.268704 ], [ -141.001407, 63.254604 ], [ -141.001408, 63.251643 ], [ -141.001408, 63.250491 ], [ -141.001408, 63.2497 ], [ -141.001408, 63.247881 ], [ -141.001414, 63.174183 ], [ -141.001415, 63.17103 ], [ -141.001417, 63.140992 ], [ -141.001418, 63.12935 ], [ -141.001419, 63.123629 ], [ -141.001422, 63.092409 ], [ -141.001423, 63.08248 ], [ -141.001424, 63.07081 ], [ -141.001427, 63.033823 ], [ -141.001428, 63.028432 ], [ -141.001428, 63.025793 ], [ -141.00143, 62.998652 ], [ -141.001432, 62.977519 ], [ -141.001438, 62.917257 ], [ -141.001438, 62.91675 ], [ -141.001438, 62.916604 ], [ -141.001439, 62.905557 ], [ -141.001439, 62.904373 ], [ -141.001439, 62.90046 ], [ -141.001439, 62.900223 ], [ -141.001439, 62.899413 ], [ -141.00144, 62.895194 ], [ -141.00144, 62.891275 ], [ -141.001441, 62.882733 ], [ -141.001441, 62.876693 ], [ -141.001441, 62.874611 ], [ -141.001442, 62.872965 ], [ -141.001443, 62.861261 ], [ -141.001445, 62.839383 ], [ -141.001446, 62.822502 ], [ -141.001447, 62.811216 ], [ -141.001448, 62.799141 ], [ -141.00145, 62.776234 ], [ -141.001452, 62.761983 ], [ -141.001453, 62.747565 ], [ -141.001454, 62.739459 ], [ -141.001454, 62.737527 ], [ -141.001455, 62.724707 ], [ -141.001455, 62.723324 ], [ -141.001457, 62.699832 ], [ -141.001459, 62.68365 ], [ -141.001461, 62.658337 ], [ -141.001461, 62.655464 ], [ -141.001461, 62.652818 ], [ -141.001461, 62.651371 ], [ -141.001462, 62.649233 ], [ -141.001462, 62.647513 ], [ -141.001462, 62.643877 ], [ -141.001462, 62.642882483000051 ], [ -141.001462, 62.642091 ], [ -141.001462, 62.640773 ], [ -141.001462, 62.640431 ], [ -141.001463, 62.639734 ], [ -141.001463, 62.639275 ], [ -141.001463, 62.638506 ], [ -141.001463, 62.634272 ], [ -141.001463, 62.632861 ], [ -141.001463, 62.629883 ], [ -141.001464, 62.626174 ], [ -141.001464, 62.62137 ], [ -141.001464, 62.620849 ], [ -141.001464, 62.620292 ], [ -141.001464, 62.619634 ], [ -141.001464, 62.618439 ], [ -141.001464, 62.617829 ], [ -141.001465, 62.61738 ], [ -141.001465, 62.61675 ], [ -141.001465, 62.614662 ], [ -141.001465, 62.612859 ], [ -141.001465, 62.611751 ], [ -141.001465, 62.611669 ], [ -141.001465, 62.611636 ], [ -141.001465, 62.611235 ], [ -141.001465, 62.606846 ], [ -141.001467, 62.593032 ], [ -141.001467, 62.586815 ], [ -141.001468, 62.579306 ], [ -141.001469, 62.572995 ], [ -141.00147, 62.555559 ], [ -141.001472, 62.536083 ], [ -141.001472, 62.535558 ], [ -141.001472, 62.534935 ], [ -141.001472, 62.532426 ], [ -141.001473, 62.523188 ], [ -141.001473, 62.521658 ], [ -141.001474, 62.517054 ], [ -141.001474, 62.512539 ], [ -141.001475, 62.50472 ], [ -141.001475, 62.504164 ], [ -141.001475, 62.501599 ], [ -141.001475, 62.497101 ], [ -141.001476, 62.488278 ], [ -141.001477, 62.474417 ], [ -141.001481, 62.457292 ], [ -141.001482, 62.455471 ], [ -141.001482, 62.453739 ], [ -141.001482, 62.453017 ], [ -141.001482, 62.45294 ], [ -141.001482, 62.452847 ], [ -141.001482, 62.452798 ], [ -141.001482, 62.45275 ], [ -141.001482, 62.452646 ], [ -141.001482, 62.4524 ], [ -141.001482, 62.451959 ], [ -141.001483, 62.447307 ], [ -141.001484, 62.446151 ], [ -141.001484, 62.445697 ], [ -141.001484, 62.444803 ], [ -141.001484, 62.444437 ], [ -141.001485, 62.442422 ], [ -141.001485, 62.439788 ], [ -141.001486, 62.435284 ], [ -141.001488, 62.427289 ], [ -141.00148825499997, 62.42580700600007 ], [ -141.001489, 62.421484 ], [ -141.001491, 62.415286 ], [ -141.001492, 62.410073 ], [ -141.001494, 62.400488 ], [ -141.001497, 62.384524 ], [ -141.001498, 62.380279 ], [ -141.0015, 62.372355 ], [ -141.001504, 62.354443 ], [ -141.001513, 62.315951 ], [ -141.001516, 62.30212 ], [ -141.001518, 62.290571 ], [ -141.001521, 62.279097 ], [ -141.001523, 62.26758 ], [ -141.001524, 62.263031 ], [ -141.001526, 62.257932 ], [ -141.001528, 62.249289 ], [ -141.001528, 62.248014 ], [ -141.001528, 62.246085989000051 ], [ -141.001528, 62.245929 ], [ -141.001529, 62.244553 ], [ -141.001529, 62.240643 ], [ -141.001532, 62.229649 ], [ -141.001532, 62.228855 ], [ -141.001532, 62.228082 ], [ -141.001532, 62.227896 ], [ -141.001532, 62.227082 ], [ -141.001533, 62.225288 ], [ -141.001533, 62.223936 ], [ -141.001534, 62.221816 ], [ -141.001535, 62.21418 ], [ -141.001536, 62.210702 ], [ -141.001544, 62.173877 ], [ -141.001547, 62.162409 ], [ -141.001547, 62.161644 ], [ -141.001547, 62.161528 ], [ -141.001547, 62.161222 ], [ -141.001547, 62.160834 ], [ -141.001547, 62.160458 ], [ -141.001547, 62.160051 ], [ -141.001547, 62.160006 ], [ -141.001547, 62.15983 ], [ -141.00155, 62.149915 ], [ -141.001555, 62.12502 ], [ -141.001556, 62.119174 ], [ -141.001558, 62.113185 ], [ -141.001558, 62.110744 ], [ -141.001558, 62.110648 ], [ -141.001558, 62.110593 ], [ -141.001558, 62.110559 ], [ -141.001562, 62.094625 ], [ -141.001571, 62.053023 ], [ -141.001574612999946, 62.03963979200006 ], [ -141.001962688, 62.039706602000081 ], [ -141.002414701999953, 62.039815648000058 ], [ -141.00336509899995, 62.040045099000054 ], [ -141.003365101999975, 62.04004472500003 ], [ -141.007482511999967, 62.041014755000049 ], [ -141.022901537999985, 62.044645959000036 ], [ -141.036507176999976, 62.047850108000034 ], [ -141.045885729999952, 62.049970337000047 ], [ -141.052353612, 62.051432545000068 ], [ -141.056045669999946, 62.05226693700007 ], [ -141.059070592999944, 62.052425519000053 ], [ -141.06176910399995, 62.052566815000034 ], [ -141.070254181999985, 62.053011103000074 ], [ -141.075004872999955, 62.053155082000046 ], [ -141.075634968999964, 62.053174178000063 ], [ -141.07787622799998, 62.053241934000027 ], [ -141.07836821799998, 62.054562328000031 ], [ -141.078485262999948, 62.054876384000067 ], [ -141.078965183999969, 62.056164101000036 ], [ -141.078660110999976, 62.056833889000075 ], [ -141.078256020999959, 62.057721186000038 ], [ -141.077190236999968, 62.060061126000051 ], [ -141.083995312999946, 62.063271782000072 ], [ -141.087293752999983, 62.064827997000066 ], [ -141.089337347999958, 62.065791931000035 ], [ -141.105267907999973, 62.070030818000077 ], [ -141.118845685999986, 62.069228037000073 ], [ -141.119453470999986, 62.069218386000045 ], [ -141.122020266999982, 62.069177425000078 ], [ -141.140276197, 62.068886091000081 ], [ -141.153282197999943, 62.070375089000038 ], [ -141.173334204999946, 62.075475085000051 ], [ -141.186340205999954, 62.076450083000054 ], [ -141.251317925999956, 62.086703019000083 ], [ -141.251318215999959, 62.086703071000045 ], [ -141.287184226999955, 62.096500064000054 ], [ -141.289063130999978, 62.097156330000075 ], [ -141.297050249, 62.099946077000027 ], [ -141.307354055999951, 62.103544672000055 ], [ -141.314010770999971, 62.102116530000046 ], [ -141.317712681999978, 62.101322077000077 ], [ -141.322307231999957, 62.100336059000028 ], [ -141.334524490999968, 62.100942223000061 ], [ -141.33631427399996, 62.101031024000065 ], [ -141.337262389999978, 62.101078 ], [ -141.340070724999975, 62.104002999000045 ], [ -141.344734765999988, 62.106301943000062 ], [ -141.349345138, 62.10857414000003 ], [ -141.352159240999981, 62.109961054000053 ], [ -141.380121244999941, 62.113397049000071 ], [ -141.393815248999942, 62.118897046000029 ], [ -141.398175760999948, 62.118740755000033 ], [ -141.39848428099998, 62.118729697000049 ], [ -141.400231850999944, 62.118666878000056 ], [ -141.41295129699995, 62.120558543000072 ], [ -141.432604085999969, 62.133219650000058 ], [ -141.441084265999962, 62.137000037000064 ], [ -141.448319682999966, 62.137164573000064 ], [ -141.452675511, 62.134560703000034 ], [ -141.453168737999988, 62.134468869000045 ], [ -141.453168810999955, 62.13446885500008 ], [ -141.453631864999977, 62.134191869000063 ], [ -141.46778464199997, 62.131555755000079 ], [ -141.499181863999979, 62.128230750000057 ], [ -141.54129575099995, 62.123930743000074 ], [ -141.546118353, 62.123663046000047 ], [ -141.549973794999971, 62.123448791000044 ], [ -141.557851263999964, 62.123011020000035 ], [ -141.561675674999947, 62.123418337000032 ], [ -141.562220033999949, 62.123476314000072 ], [ -141.564845752, 62.123755739000046 ], [ -141.580026312999962, 62.128569626000058 ], [ -141.597814652999944, 62.134741789000032 ], [ -141.599504097999954, 62.135327954000047 ], [ -141.599504273999969, 62.135328012000059 ], [ -141.600779191999948, 62.136246727000071 ], [ -141.60360650299998, 62.13828410900004 ], [ -141.609762435999983, 62.142719620000037 ], [ -141.617212436999978, 62.144783508000046 ], [ -141.624315214999967, 62.143577951000054 ], [ -141.625407987999949, 62.143592394000052 ], [ -141.627619835999951, 62.143621515000063 ], [ -141.637379282999973, 62.143750005000072 ], [ -141.644082288999982, 62.150453004000042 ], [ -141.647102335999989, 62.151237177000041 ], [ -141.64940048699998, 62.151833907000082 ], [ -141.651356889999988, 62.152341835000072 ], [ -141.667229113999952, 62.15331683200003 ], [ -141.668601967999962, 62.15346511000007 ], [ -141.673825764999947, 62.15402875500007 ], [ -141.695876293999959, 62.156407995000052 ], [ -141.712548799, 62.153732694000041 ], [ -141.719042496999975, 62.151043966000032 ], [ -141.724827478999941, 62.144627644000082 ], [ -141.726031013999943, 62.14101512600007 ], [ -141.726955328999964, 62.140745868000067 ], [ -141.72698728499995, 62.140649990000043 ], [ -141.729599853999957, 62.139888069000051 ], [ -141.730319048999945, 62.13967832600008 ], [ -141.73386243899995, 62.138644600000077 ], [ -141.748242992999963, 62.134630708000032 ], [ -141.785026326999969, 62.131705702000033 ], [ -141.788737367999943, 62.131696003000059 ], [ -141.794195474999981, 62.131681327000081 ], [ -141.806970282999941, 62.131646978000049 ], [ -141.820834285999979, 62.133135975000073 ], [ -141.835846287999971, 62.13657197200007 ], [ -141.839120337, 62.139478241000063 ], [ -141.839196765, 62.139546084000074 ], [ -141.839398557999971, 62.139725137000028 ], [ -141.836117893, 62.144668152000065 ], [ -141.835579479999979, 62.145479212000055 ], [ -141.835215291, 62.146027974000049 ], [ -141.840545789999965, 62.152789025000061 ], [ -141.843409684, 62.159264025000027 ], [ -141.84833747, 62.170494578000046 ], [ -141.858362474999979, 62.17696679900007 ], [ -141.861083259999987, 62.177841016000059 ], [ -141.865412651999975, 62.179231749000053 ], [ -141.872629322999956, 62.181549964000055 ], [ -141.873593849999963, 62.182604895000054 ], [ -141.873801631, 62.182832151000071 ], [ -141.875723593999965, 62.18493346300005 ], [ -141.875723201999961, 62.184933828000055 ], [ -141.875723326999946, 62.184933964000038 ], [ -141.872459443999958, 62.187969858000031 ], [ -141.872459334999974, 62.18796997100003 ], [ -141.86644333199996, 62.194444965000059 ], [ -141.868682335999949, 62.197996964000083 ], [ -141.871541144999981, 62.199916954000059 ], [ -141.871848866999983, 62.200123622000035 ], [ -141.873204161, 62.201033463000044 ], [ -141.873204030999943, 62.201033756000072 ], [ -141.873204338999983, 62.201033963000043 ], [ -141.871527242999946, 62.204842896000059 ], [ -141.871453028999952, 62.205011486000046 ], [ -141.871402655999987, 62.205125880000082 ], [ -141.871312465999949, 62.205330697000079 ], [ -141.871312342999943, 62.205330964000041 ], [ -141.869929746999958, 62.205932348000033 ], [ -141.869364577999988, 62.206178265000062 ], [ -141.864723610999988, 62.20819735200007 ], [ -141.864609724, 62.211291797000058 ], [ -141.878359725, 62.211519572000043 ], [ -141.895148614, 62.210430681000048 ], [ -141.910498611999969, 62.206533456000045 ], [ -141.927115278999963, 62.205552898000064 ], [ -141.92732412099997, 62.205629007000027 ], [ -141.930145098999958, 62.206656622000082 ], [ -141.948832351999954, 62.213463950000062 ], [ -141.95708235799998, 62.219421949000036 ], [ -141.974422732, 62.223409896000078 ], [ -141.976977923, 62.223997540000028 ], [ -141.977762516999974, 62.224177888000042 ], [ -141.979333783999948, 62.225127034000081 ], [ -141.983591446999981, 62.227698528000076 ], [ -141.988193368, 62.230477943000039 ], [ -142.009448374999977, 62.243024942000034 ], [ -142.009448643999974, 62.243025104000083 ], [ -142.0096155, 62.245425054000066 ], [ -142.00963061799996, 62.245642175000057 ], [ -142.009907382999984, 62.249616939000077 ], [ -142.007329385999981, 62.252999939000063 ], [ -142.006071390999978, 62.260502938000059 ], [ -142.000457397, 62.268296940000027 ], [ -142.012201399999981, 62.273107938000066 ], [ -142.046399286999986, 62.283173352000063 ], [ -142.050108759999944, 62.28426515700005 ], [ -142.050359692999962, 62.284338958000035 ], [ -142.079923415999986, 62.287032925000062 ], [ -142.095969538999952, 62.290059319000079 ], [ -142.099792537999974, 62.290780359000053 ], [ -142.101068076, 62.29102079300003 ], [ -142.110195953999948, 62.286824229000047 ], [ -142.121880369999985, 62.281151773000033 ], [ -142.122040766999987, 62.281170361000079 ], [ -142.122040925999954, 62.281170379000059 ], [ -142.122837567999966, 62.280783418000055 ], [ -142.129257011, 62.281527865000044 ], [ -142.129257414, 62.281527913000048 ], [ -142.145184792999942, 62.283419525000056 ], [ -142.164857449999943, 62.283804879000058 ], [ -142.164857486999949, 62.283804838000037 ], [ -142.170182066999985, 62.277993195000079 ], [ -142.171212028999946, 62.271527283000069 ], [ -142.16164476299997, 62.264706607000051 ], [ -142.167830286999958, 62.254963869000051 ], [ -142.164395149999962, 62.251641268000071 ], [ -142.167776875999948, 62.248661990000073 ], [ -142.16843852, 62.24855326900007 ], [ -142.168438554999966, 62.248553263000076 ], [ -142.16873198899998, 62.248294523000027 ], [ -142.171821564999959, 62.24778741700004 ], [ -142.172175968999966, 62.247729195000034 ], [ -142.175720389, 62.247146912000062 ], [ -142.178833568999949, 62.247619403000044 ], [ -142.179347106999955, 62.247697344000073 ], [ -142.183284768999954, 62.248294520000059 ], [ -142.192551355999967, 62.249768436000068 ], [ -142.195679094999946, 62.250265773000081 ], [ -142.198329103, 62.250687147000065 ], [ -142.210058979999985, 62.245621669000059 ], [ -142.210153510999987, 62.245627850000062 ], [ -142.210153706999961, 62.245627863000038 ], [ -142.211015323999959, 62.245255626000073 ], [ -142.217201435, 62.245658404000039 ], [ -142.217201387999978, 62.245658905000028 ], [ -142.216401476999977, 62.252246981000042 ], [ -142.22293240099998, 62.258263903000056 ], [ -142.22660420699998, 62.260034098000062 ], [ -142.229446539999969, 62.261404399000071 ], [ -142.234220894999964, 62.263705622000032 ], [ -142.265448683999978, 62.277113949000068 ], [ -142.265758254, 62.277248666000048 ], [ -142.267971556999953, 62.278211395000028 ], [ -142.286132426, 62.286110891000078 ], [ -142.289091883999959, 62.289097115000061 ], [ -142.290151313999957, 62.290166126000031 ], [ -142.29243480699995, 62.292469501000028 ], [ -142.292434391999961, 62.292469852000067 ], [ -142.292434429999958, 62.292469890000064 ], [ -142.292023354999969, 62.292817968000065 ], [ -142.289942799999949, 62.294580038000049 ], [ -142.284584812999981, 62.299116723000054 ], [ -142.285716685999944, 62.300383166000074 ], [ -142.285897512999952, 62.300585398000067 ], [ -142.287507436999988, 62.302385891000029 ], [ -142.300915444, 62.308799888000067 ], [ -142.328648452999971, 62.31899988300006 ], [ -142.359532466999951, 62.334985877000065 ], [ -142.357926521999957, 62.347594487000038 ], [ -142.357926475999989, 62.347594877000063 ], [ -142.357608488999972, 62.348273942000048 ], [ -142.357064187999981, 62.349436791000073 ], [ -142.353284944, 62.357508198000062 ], [ -142.354925711999954, 62.358655040000031 ], [ -142.35569845699996, 62.359195163000038 ], [ -142.359187642, 62.361633375000054 ], [ -142.365893197999981, 62.360427819000051 ], [ -142.365893485999948, 62.360427878000053 ], [ -142.379526489999989, 62.363235873000065 ], [ -142.387090425999986, 62.369252815000038 ], [ -142.387090487999956, 62.36925287400004 ], [ -142.393279498999959, 62.376127870000062 ], [ -142.394196895999983, 62.376511415000039 ], [ -142.395802832999948, 62.37718282600008 ], [ -142.399584878999974, 62.378763923000065 ], [ -142.400141072, 62.378931277000049 ], [ -142.400413176999962, 62.37901312300005 ], [ -142.406057503999989, 62.380710867000062 ], [ -142.408997592, 62.384375318000082 ], [ -142.409093206999955, 62.384494481000047 ], [ -142.409093506999966, 62.384494867000058 ], [ -142.384401517999947, 62.401169870000047 ], [ -142.381082983999988, 62.403510271000073 ], [ -142.374149093999961, 62.408401157000071 ], [ -142.370423792, 62.411027815000068 ], [ -142.370423561, 62.41102784800006 ], [ -142.370423525999968, 62.411027872000034 ], [ -142.36987523199997, 62.411105810000038 ], [ -142.36946768599995, 62.411393120000071 ], [ -142.356173465999973, 62.413285211000073 ], [ -142.348414417999948, 62.413126051000063 ], [ -142.346129551999979, 62.41561093200005 ], [ -142.347325462999947, 62.41834680900007 ], [ -142.347754895999969, 62.41932922400008 ], [ -142.348934908999979, 62.422027818000061 ], [ -142.350000918999967, 62.423481146000029 ], [ -142.351603110999974, 62.425664614000027 ], [ -142.356671540999969, 62.432571873000029 ], [ -142.363662543999965, 62.436410872000067 ], [ -142.369965543999967, 62.435149872000068 ], [ -142.397637548999967, 62.439388866000058 ], [ -142.403000858999974, 62.440231253000036 ], [ -142.450174639999943, 62.447640593000074 ], [ -142.462209935999965, 62.449530576000029 ], [ -142.476479386, 62.453019462000043 ], [ -142.481004387999974, 62.456344461000072 ], [ -142.49538494799998, 62.463219459000072 ], [ -142.495812588999968, 62.464670732000059 ], [ -142.495829339999943, 62.464727513000071 ], [ -142.496246574999986, 62.466141848000063 ], [ -142.495622811999965, 62.468096668000044 ], [ -142.495577995999952, 62.468237246000058 ], [ -142.49498501, 62.470097062000036 ], [ -142.497833407999963, 62.471510375000037 ], [ -142.499394108, 62.472284760000036 ], [ -142.502834958, 62.473991679000051 ], [ -142.50571836499995, 62.476928831000066 ], [ -142.505753057999982, 62.476964169000041 ], [ -142.505815520999988, 62.477027788000044 ], [ -142.505815583999947, 62.477027846000055 ], [ -142.505529584999977, 62.479949846000068 ], [ -142.51085323999996, 62.482850897000048 ], [ -142.511135309999986, 62.483004600000072 ], [ -142.511315520999972, 62.483102788000053 ], [ -142.530626870999981, 62.479835553000044 ], [ -142.530626948999952, 62.479835480000077 ], [ -142.537228591999963, 62.473668022000084 ], [ -142.537757813999974, 62.473701442000049 ], [ -142.538184582999975, 62.473302841000077 ], [ -142.538184877, 62.473302860000047 ], [ -142.538184958999977, 62.473302784000055 ], [ -142.539207049999959, 62.473367241000062 ], [ -142.546908903999963, 62.47385233600005 ], [ -142.566318583999987, 62.475074836000033 ], [ -142.569618599999956, 62.476523709000048 ], [ -142.570483817999957, 62.476903582000034 ], [ -142.572848853999972, 62.477941667000039 ], [ -142.573151111999948, 62.479146268000079 ], [ -142.573168739999971, 62.479216450000081 ], [ -142.573596590999955, 62.480919836000055 ], [ -142.572107590999963, 62.484072835000063 ], [ -142.571990594999988, 62.488024836000079 ], [ -142.579840596, 62.488424833000067 ], [ -142.581809398999951, 62.488779223000051 ], [ -142.582186712999942, 62.488847141000065 ], [ -142.586201640999946, 62.489569442000061 ], [ -142.588376644, 62.492666664000069 ], [ -142.593765534999989, 62.496216663000041 ], [ -142.60081275899995, 62.497305550000078 ], [ -142.602776840999979, 62.498738489000061 ], [ -142.603228619, 62.499068004000037 ], [ -142.605054606999943, 62.500399830000049 ], [ -142.60505443, 62.500399995000066 ], [ -142.588323883999976, 62.516099996000037 ], [ -142.591073887999983, 62.519419440000036 ], [ -142.59829333, 62.518391662000056 ], [ -142.611926666999977, 62.521255547000067 ], [ -142.642984857999977, 62.539188783000043 ], [ -142.677704634999941, 62.533282816000053 ], [ -142.681646433999958, 62.53264854400004 ], [ -142.682210463999979, 62.53255778700003 ], [ -142.686243345999969, 62.531908313000031 ], [ -142.68624293, 62.531908927000075 ], [ -142.686243634999983, 62.531908814000076 ], [ -142.685234263999973, 62.53339980100003 ], [ -142.685040735999962, 62.533685845000036 ], [ -142.688707637, 62.534771813000077 ], [ -142.692432637999957, 62.534771812000031 ], [ -142.696096636999982, 62.534199816000068 ], [ -142.699765637999974, 62.533049812000058 ], [ -142.701497755, 62.532849695000039 ], [ -142.701731828, 62.53282265200005 ], [ -142.704690568, 62.532480531000033 ], [ -142.707315475999962, 62.532783881000057 ], [ -142.707537341999966, 62.532809498000063 ], [ -142.709618636999949, 62.53304981000008 ], [ -142.713343637999969, 62.534199809000029 ], [ -142.717007638999974, 62.535860809000042 ], [ -142.719532640999944, 62.537577809000027 ], [ -142.720461141999976, 62.538905677000059 ], [ -142.72073501899996, 62.539297195000074 ], [ -142.720768285999952, 62.540572417000078 ], [ -142.720793636999986, 62.541533810000033 ], [ -142.722054645999947, 62.543824807000078 ], [ -142.723105134999969, 62.544317672000034 ], [ -142.723222568999972, 62.544372769000063 ], [ -142.725721134999958, 62.545544416000041 ], [ -142.730648913999971, 62.545541638000032 ], [ -142.734315580999976, 62.546058304000042 ], [ -142.738037803999987, 62.546630525000069 ], [ -142.740005565999979, 62.546836861000031 ], [ -142.740157755999974, 62.546852796000053 ], [ -142.742965649999974, 62.547146803000032 ], [ -142.746277993999968, 62.547707904000049 ], [ -142.746304089999967, 62.547712324000031 ], [ -142.746690581999985, 62.547777746000065 ], [ -142.750357250999969, 62.549494412000058 ], [ -142.754082252999979, 62.55173052300006 ], [ -142.757134607999944, 62.553091681000069 ], [ -142.757472787999973, 62.553242486000045 ], [ -142.757807257999957, 62.553391631000068 ], [ -142.758131256999945, 62.553491181000084 ], [ -142.758188936999943, 62.553508901000043 ], [ -142.761532655999986, 62.554535800000053 ], [ -142.765198657999974, 62.555624800000032 ], [ -142.770182655999974, 62.555624798000053 ], [ -142.775109658999952, 62.55619679800003 ], [ -142.778779659999941, 62.556771798000057 ], [ -142.780777642999965, 62.557084255000063 ], [ -142.780845155999941, 62.557094813000049 ], [ -142.782443367999974, 62.557344406000027 ], [ -142.786168369999984, 62.558494406000079 ], [ -142.789896148999958, 62.55957773800003 ], [ -142.794821149999962, 62.559577737000041 ], [ -142.799748927999985, 62.559577736000051 ], [ -142.804615594999973, 62.560152737000067 ], [ -142.805248626999969, 62.560045660000071 ], [ -142.805277043, 62.560040851000053 ], [ -142.80834366299996, 62.559521792000055 ], [ -142.809796275999986, 62.559294344000079 ], [ -142.812010038999972, 62.558947179000029 ], [ -142.816996150999955, 62.558947179000029 ], [ -142.819856147, 62.55928110800005 ], [ -142.819955278999942, 62.55929265900005 ], [ -142.821921661999966, 62.559521791000066 ], [ -142.824146680999945, 62.559864055000048 ], [ -142.824212865999982, 62.559874236000041 ], [ -142.825646150999944, 62.560094399000036 ], [ -142.829368373999955, 62.561244398000042 ], [ -142.830973360999963, 62.561217240000076 ], [ -142.831002356999988, 62.561216745000081 ], [ -142.832979665999972, 62.561182789000043 ], [ -142.839168664999988, 62.561182788000053 ], [ -142.844095665999987, 62.561182787000064 ], [ -142.846386583999958, 62.561688108000055 ], [ -142.846557918999963, 62.561725900000056 ], [ -142.849023931999966, 62.562269395000044 ], [ -142.852746153999988, 62.562844394000081 ], [ -142.853766595999957, 62.563142927000058 ], [ -142.853842790999977, 62.563165200000071 ], [ -142.856468668, 62.563932785000077 ], [ -142.860140667999985, 62.565649783000083 ], [ -142.860718844999951, 62.566414555000051 ], [ -142.86077178, 62.566484574000071 ], [ -142.861398937, 62.567313837000029 ], [ -142.865123937999954, 62.569030503000079 ], [ -142.866245822999986, 62.569795339000052 ], [ -142.866316978999976, 62.569843820000074 ], [ -142.867646674999946, 62.570749781000075 ], [ -142.868740699999989, 62.571513778000053 ], [ -142.868800054999951, 62.571555228000079 ], [ -142.870110051999973, 62.572469391000027 ], [ -142.870929769999975, 62.573589513000059 ], [ -142.870951123999987, 62.573618669000041 ], [ -142.871368677999953, 62.574188782000078 ], [ -142.871420513999965, 62.576184513000044 ], [ -142.871420653999962, 62.57618988400003 ], [ -142.871426720999978, 62.576422169000068 ], [ -142.871426723999946, 62.578086058000054 ], [ -142.86902116899995, 62.579861058000063 ], [ -142.866557528999977, 62.581522002000042 ], [ -142.865354682999964, 62.583241782000073 ], [ -142.866615684999942, 62.58553278100004 ], [ -142.866615683999953, 62.587252783000054 ], [ -142.867873953999947, 62.588913835000028 ], [ -142.867935066999962, 62.591205501000047 ], [ -142.87039869399996, 62.592924780000033 ], [ -142.870398955999974, 62.59292494500005 ], [ -142.870636118, 62.593238024000073 ], [ -142.871657692999975, 62.594585781000035 ], [ -142.87473493799996, 62.596006683000041 ], [ -142.874856497, 62.596062812000071 ], [ -142.875382292999973, 62.596305500000028 ], [ -142.875382696999964, 62.596305777000055 ], [ -142.877846182999974, 62.597966611000061 ], [ -142.879938185999947, 62.59861092400007 ], [ -142.880087138999954, 62.598656777000031 ], [ -142.881571697999959, 62.599113779000049 ], [ -142.882832689999987, 62.601408783000068 ], [ -142.884093658999973, 62.60306672400003 ], [ -142.88431905799996, 62.603170771000066 ], [ -142.884382916, 62.603200246000029 ], [ -142.887818700999958, 62.604785778000064 ], [ -142.891020866999952, 62.605230572000039 ], [ -142.891051671999946, 62.605234849000055 ], [ -142.891540634999956, 62.605302719000065 ], [ -142.895265634999987, 62.605930497000031 ], [ -142.896611485999983, 62.606324936000078 ], [ -142.896712539999953, 62.606354533000058 ], [ -142.89899070499996, 62.607021775000078 ], [ -142.903918704999967, 62.607535774000041 ], [ -142.90525490899995, 62.607744624000077 ], [ -142.905308698999988, 62.607753023000043 ], [ -142.907585081999969, 62.608108272000038 ], [ -142.911365639, 62.609255493000035 ], [ -142.913631625999983, 62.61061410700006 ], [ -142.914032290999955, 62.610854290000077 ], [ -142.915090708999969, 62.61148877200003 ], [ -142.920018708999976, 62.611488777000034 ], [ -142.923166886999979, 62.611005169000066 ], [ -142.925133835999986, 62.609562726000036 ], [ -142.927598127999943, 62.607846112000061 ], [ -142.928801664, 62.606182904000036 ], [ -142.930007107, 62.603890271000068 ], [ -142.931208735999974, 62.602173656000048 ], [ -142.932412270999976, 62.600453228000049 ], [ -142.936078195999983, 62.598732799000061 ], [ -142.936339912, 62.598692588000063 ], [ -142.937034705999963, 62.598366773000066 ], [ -142.937035075999972, 62.598366601000066 ], [ -142.940757296999948, 62.59779437800006 ], [ -142.942766356, 62.597485537000068 ], [ -142.942830922999974, 62.597475597000027 ], [ -142.944479697999952, 62.597221768000054 ], [ -142.945461559999956, 62.59706901800007 ], [ -142.945470217999969, 62.597067669000069 ], [ -142.947328406999986, 62.596777896000049 ], [ -142.947360216, 62.596772931000032 ], [ -142.948148698999944, 62.596649768000077 ], [ -142.949638830999959, 62.596397739000054 ], [ -142.951873961999979, 62.596019376000072 ], [ -142.955540628999984, 62.596019376000072 ], [ -142.960468408999986, 62.596591597000042 ], [ -142.964193408999961, 62.597108263000052 ], [ -142.969118408999975, 62.597108262000063 ], [ -142.970992398999954, 62.597971922000056 ], [ -142.971178137999971, 62.598057487000062 ], [ -142.972843699999942, 62.598824763000039 ], [ -142.975365700999987, 62.600488763000044 ], [ -142.975777027999982, 62.60061530400003 ], [ -142.975808324999946, 62.600624930000038 ], [ -142.979087857999957, 62.601633260000028 ], [ -142.980925763999949, 62.602178669000068 ], [ -142.980994830999975, 62.602199145000043 ], [ -142.982757704, 62.602721762000044 ], [ -142.9859995, 62.60421984900006 ], [ -142.986072242999967, 62.604253456000038 ], [ -142.986479525999982, 62.604441592000057 ], [ -142.988065357999972, 62.604930013000057 ], [ -142.988383071999976, 62.605027843000073 ], [ -142.990204705999986, 62.605588760000046 ], [ -142.991525305999971, 62.606187668000075 ], [ -142.991822174999982, 62.606322302000081 ], [ -142.99399064, 62.607305480000036 ], [ -142.997712862999947, 62.608394368000063 ], [ -143.001435086999948, 62.60954158900006 ], [ -143.003027344999964, 62.610590258000059 ], [ -143.003126915, 62.610655809000036 ], [ -143.003957710999941, 62.611202758000047 ], [ -143.004886336999959, 62.612530803000027 ], [ -143.005160088999958, 62.612922145000027 ], [ -143.006421201999956, 62.614583254000081 ], [ -143.007294825999963, 62.615774395000074 ], [ -143.007310728, 62.61579607200008 ], [ -143.007682632999945, 62.616302645000076 ], [ -143.008733648999964, 62.616124736000074 ], [ -143.00878555099996, 62.616115947000083 ], [ -143.011407713999972, 62.61567175600004 ], [ -143.013524755999981, 62.615373776000069 ], [ -143.013608803999944, 62.615361946000064 ], [ -143.015073980999944, 62.615155476000041 ], [ -143.017944727999975, 62.61512312900004 ], [ -143.018156015999978, 62.615120728000079 ], [ -143.020001715999967, 62.615099754000028 ], [ -143.021219071999951, 62.615379480000058 ], [ -143.021401696999988, 62.615421444000049 ], [ -143.024985092999941, 62.616244363000078 ], [ -143.027729185999988, 62.615779855000028 ], [ -143.027781705999985, 62.615770961000067 ], [ -143.02870971599998, 62.615613753000048 ], [ -143.030337170999985, 62.615422604000059 ], [ -143.030650459999947, 62.615385807000052 ], [ -143.033343701999968, 62.615069299000083 ], [ -143.036290306999945, 62.613690209000083 ], [ -143.038752694999971, 62.611973595000052 ], [ -143.039531677999946, 62.611729747000084 ], [ -143.03970970499995, 62.61160574400003 ], [ -143.039710089999971, 62.611605471000075 ], [ -143.04050680499995, 62.611356212000032 ], [ -143.040593355999988, 62.611329116000036 ], [ -143.043376713999976, 62.61045775000008 ], [ -143.046586804999947, 62.611444482000081 ], [ -143.046627769999986, 62.611457070000029 ], [ -143.047101758, 62.611602693000066 ], [ -143.050826757999971, 62.613266581000062 ], [ -143.054548712999974, 62.613838756000064 ], [ -143.054548985, 62.613838798000074 ], [ -143.05821571599995, 62.614410749000058 ], [ -143.06320171599998, 62.614410748000068 ], [ -143.065637574, 62.614383561000068 ], [ -143.065814266999951, 62.614381589000061 ], [ -143.068129538, 62.614355467000053 ], [ -143.071074211999985, 62.613849074000029 ], [ -143.071121577999975, 62.613840925000034 ], [ -143.071796716999984, 62.613724746000059 ], [ -143.075518714999987, 62.613207746000057 ], [ -143.079184716999976, 62.612577748000035 ], [ -143.079185091999989, 62.612577687000055 ], [ -143.079198239999982, 62.612575668000034 ], [ -143.079207374999953, 62.612574265000035 ], [ -143.082910092999953, 62.612005465000038 ], [ -143.086572428999943, 62.612689179000029 ], [ -143.086982597999963, 62.612765713000044 ], [ -143.089040717999978, 62.613149742000076 ], [ -143.094026718999942, 62.614238742000055 ], [ -143.094519557999945, 62.61430714800008 ], [ -143.094559716, 62.614312720000044 ], [ -143.097751760999984, 62.614755462000062 ], [ -143.101473984, 62.614183238000066 ], [ -143.105198984999959, 62.614755461000073 ], [ -143.107346375999953, 62.616254040000058 ], [ -143.10739995199998, 62.616291425000043 ], [ -143.107662718999961, 62.616474740000058 ], [ -143.110126721999961, 62.618135740000071 ], [ -143.111443722999979, 62.619855738000069 ], [ -143.112704649999955, 62.621516641000028 ], [ -143.112999189999982, 62.621717438000076 ], [ -143.115226727999982, 62.623235738000062 ], [ -143.118951727999956, 62.624324737000052 ], [ -143.122676725999952, 62.624896737000029 ], [ -143.12639872799997, 62.625413737000031 ], [ -143.130123729, 62.625413736000041 ], [ -143.130123995999952, 62.62541378700007 ], [ -143.13625455, 62.626502677000076 ], [ -143.136671144, 62.626566675000049 ], [ -143.136765992999983, 62.626581245000068 ], [ -143.13997973, 62.627074733000029 ], [ -143.144962730999964, 62.627588733000039 ], [ -143.144962886999963, 62.627588785000057 ], [ -143.148687732999974, 62.628735732000052 ], [ -143.149295889999962, 62.629150494000044 ], [ -143.149371183999961, 62.629201845000068 ], [ -143.151210109999965, 62.630455452000035 ], [ -143.153729554999984, 62.632116563000068 ], [ -143.153729597, 62.632116641000039 ], [ -143.153729733999967, 62.632116732000043 ], [ -143.154932736999967, 62.634407731000067 ], [ -143.161293740999952, 62.639449729000034 ], [ -143.163291930999947, 62.640372383000056 ], [ -143.16350708799996, 62.640471731000048 ], [ -143.165018452999959, 62.641169338000054 ], [ -143.167537897999978, 62.64283044900003 ], [ -143.170059980999952, 62.644549796000035 ], [ -143.171890298, 62.645084888000042 ], [ -143.172440629999983, 62.645245777000071 ], [ -143.17378512199997, 62.645638784000027 ], [ -143.177451747999953, 62.646210727000039 ], [ -143.182376745999989, 62.645638725000083 ], [ -143.183723329999964, 62.645749913000031 ], [ -143.18510757599995, 62.64586421000007 ], [ -143.196243458999959, 62.646783222000067 ], [ -143.210051791999945, 62.647527664000052 ], [ -143.210491827999988, 62.647585894000031 ], [ -143.216048744999966, 62.648320454000043 ], [ -143.249071754999989, 62.652685715000075 ], [ -143.278634762999957, 62.659960710000064 ], [ -143.283946574999959, 62.662162765000062 ], [ -143.303862055999957, 62.670418892000043 ], [ -143.313185150999971, 62.674283201000037 ], [ -143.320537378999973, 62.676654804000066 ], [ -143.326924650999956, 62.67871460200007 ], [ -143.332726779999973, 62.680585699000062 ], [ -143.338285246999988, 62.68131199100003 ], [ -143.340955901999962, 62.681660948000058 ], [ -143.346762937, 62.682419306000043 ], [ -143.34892188799995, 62.68452658800004 ], [ -143.350727524999968, 62.686288558000058 ], [ -143.354040787999963, 62.689521695000053 ], [ -143.354040604999966, 62.689521970000044 ], [ -143.354040719999944, 62.689522082000053 ], [ -143.35217671099997, 62.692321715000048 ], [ -143.352024773999972, 62.692549891000056 ], [ -143.351865790999966, 62.692788695000047 ], [ -143.351004834999969, 62.699208402000068 ], [ -143.358226796999986, 62.706138697000029 ], [ -143.364757803999964, 62.707399692000081 ], [ -143.367679805999956, 62.710321692000036 ], [ -143.367575983999984, 62.710604558000057 ], [ -143.367237601999989, 62.711526817000049 ], [ -143.364188026999955, 62.719835806000049 ], [ -143.367399188999968, 62.721540077000043 ], [ -143.371331028999975, 62.723626834000072 ], [ -143.377137972999947, 62.726708188000032 ], [ -143.386696426999947, 62.728352951000033 ], [ -143.38882560899998, 62.728719211000055 ], [ -143.391118820999964, 62.729113686000062 ], [ -143.397648820999962, 62.729113686000062 ], [ -143.397648966999952, 62.72911373900007 ], [ -143.397649087, 62.72911373900007 ], [ -143.398373973999981, 62.729377821000071 ], [ -143.400113752999971, 62.730011533000038 ], [ -143.405670824999959, 62.732035685000028 ], [ -143.405670833999977, 62.73203578600004 ], [ -143.405671311999981, 62.732035960000076 ], [ -143.406082557, 62.736500403000036 ], [ -143.406110158999979, 62.736799714000028 ], [ -143.406304829999954, 62.738910683000029 ], [ -143.412893833999988, 62.741602683000053 ], [ -143.422807835999947, 62.746527681000032 ], [ -143.412493846999951, 62.760110682000061 ], [ -143.415818855, 62.769791680000083 ], [ -143.408737296999959, 62.772970367000028 ], [ -143.406298751999941, 62.77406505600004 ], [ -143.405218824999963, 62.774549732000082 ], [ -143.404170282, 62.776125385000057 ], [ -143.403753711999968, 62.776751476000072 ], [ -143.402815971999985, 62.778160692000029 ], [ -143.406376229999978, 62.778471416000059 ], [ -143.406804887999954, 62.778508828000042 ], [ -143.409346348999975, 62.778730402000065 ], [ -143.417368571999987, 62.779591511000035 ], [ -143.419201253999972, 62.779887649000045 ], [ -143.421629091999989, 62.780279797000048 ], [ -143.430487864999975, 62.781710677000035 ], [ -143.455987869999944, 62.786349674000064 ], [ -143.469276870999977, 62.784860672000036 ], [ -143.483715146999941, 62.782677273000047 ], [ -143.495251942999971, 62.776749360000053 ], [ -143.495508270999949, 62.776739899000063 ], [ -143.495508473999962, 62.776739891000034 ], [ -143.496207461999973, 62.776380387000074 ], [ -143.504781092999963, 62.776064936000068 ], [ -143.50808356899995, 62.775943314000074 ], [ -143.50988689899998, 62.77587690200005 ], [ -143.514903352999966, 62.772904141000083 ], [ -143.51920251599995, 62.769757016000028 ], [ -143.519532656999957, 62.769846717000064 ], [ -143.51953270599995, 62.76984673000004 ], [ -143.520157457999971, 62.769388717000083 ], [ -143.520157695999956, 62.769388782000078 ], [ -143.520157859, 62.769388663000029 ], [ -143.522036944999968, 62.769899781000049 ], [ -143.522701727999959, 62.770080605000032 ], [ -143.527951903999963, 62.771508160000053 ], [ -143.556604691999951, 62.783080378000079 ], [ -143.563018565999982, 62.786116509000067 ], [ -143.563018873999965, 62.786116656000047 ], [ -143.560386153999957, 62.789352517000054 ], [ -143.560268880999956, 62.789496657000029 ], [ -143.56026858599995, 62.78949704300004 ], [ -143.556706473999952, 62.791074348000052 ], [ -143.555588210999986, 62.791569438000067 ], [ -143.553279878999945, 62.79259165700006 ], [ -143.553877179999972, 62.79512382200005 ], [ -143.554096806999951, 62.796054899000069 ], [ -143.554713037999989, 62.798666488000038 ], [ -143.558323131999941, 62.799993650000033 ], [ -143.563778820999971, 62.801998959000059 ], [ -143.568579887999988, 62.803763653000033 ], [ -143.583304890999955, 62.805821651000031 ], [ -143.599065036999946, 62.805598030000056 ], [ -143.61312759499998, 62.80539849400003 ], [ -143.619460266999965, 62.805308143000047 ], [ -143.654868607999958, 62.811380359000054 ], [ -143.656294567999964, 62.811954005000075 ], [ -143.664507266999976, 62.815256926000075 ], [ -143.675670906, 62.819746635000058 ], [ -143.682545907999952, 62.823182634000034 ], [ -143.688533180999968, 62.821240616000068 ], [ -143.693507519999969, 62.815472316000069 ], [ -143.694175494999968, 62.815438861000075 ], [ -143.69417555299998, 62.81543885800005 ], [ -143.694463055999961, 62.815105352000046 ], [ -143.698758879999957, 62.814889950000065 ], [ -143.701814508999973, 62.814736540000069 ], [ -143.709301903999972, 62.814360630000067 ], [ -143.719800400999986, 62.811343022000074 ], [ -143.72266581599996, 62.810519409000051 ], [ -143.723854719999963, 62.810177570000064 ], [ -143.723854889999984, 62.810177638000027 ], [ -143.725455760999978, 62.810867392000034 ], [ -143.730501944999958, 62.813041457000054 ], [ -143.744082505, 62.817966455000033 ], [ -143.769810289999953, 62.825358117000064 ], [ -143.780673439, 62.82480898600005 ], [ -143.782645904999981, 62.824709191000068 ], [ -143.784495145999983, 62.824615630000039 ], [ -143.790168145, 62.82234638400007 ], [ -143.790199619999953, 62.822347434000051 ], [ -143.791123911999989, 62.821977616000083 ], [ -143.791124023999942, 62.821977620000041 ], [ -143.791124176999972, 62.821977558000071 ], [ -143.792188098, 62.82201305600006 ], [ -143.79388062299995, 62.822069419000059 ], [ -143.804876912, 62.822435613000039 ], [ -143.812191356999961, 62.821891745000073 ], [ -143.816409444999977, 62.81924884600005 ], [ -143.817166252, 62.819008085000064 ], [ -143.817166306, 62.819008068000073 ], [ -143.817365840999969, 62.818883109000069 ], [ -143.823760581999977, 62.81684712200007 ], [ -143.826508023999963, 62.815972153000075 ], [ -143.830145905999984, 62.814813610000044 ], [ -143.847589450999976, 62.811196533000043 ], [ -143.850576411999953, 62.810577159000047 ], [ -143.850882503999969, 62.810513660000083 ], [ -143.85088256399996, 62.810513676000028 ], [ -143.850882903999945, 62.81051360500004 ], [ -143.86480490699995, 62.814296604000049 ], [ -143.868132921999972, 62.831372601000055 ], [ -143.868455376999975, 62.831907176000072 ], [ -143.869134251999981, 62.833032634000062 ], [ -143.872660303999965, 62.838877543000081 ], [ -143.877247443999977, 62.840443693000054 ], [ -143.878411425999957, 62.840841055000055 ], [ -143.879534929999977, 62.841224599000043 ], [ -143.884536407999974, 62.84210803700006 ], [ -143.889614967999989, 62.843005091000066 ], [ -143.89414641999997, 62.843805317000033 ], [ -143.895247730999984, 62.844212257000038 ], [ -143.899120979999964, 62.845643124000048 ], [ -143.907326937, 62.848674594000045 ], [ -143.909051231999968, 62.848785117000034 ], [ -143.909384403999979, 62.848806472000035 ], [ -143.914488091999942, 62.849133092000045 ], [ -143.917696427999942, 62.851996980000081 ], [ -143.914488098999982, 62.858816424000054 ], [ -143.91924643599998, 62.862080312000046 ], [ -143.925181759999987, 62.862420145000044 ], [ -143.927742976, 62.862566658000048 ], [ -143.932251950999955, 62.862824590000059 ], [ -143.936460489999945, 62.864010873000041 ], [ -143.940664160999972, 62.865195783000047 ], [ -143.946690884999953, 62.866894196000032 ], [ -143.953773733, 62.867234637000081 ], [ -143.956042579999973, 62.867343567000034 ], [ -143.959812955999951, 62.867524585000069 ], [ -143.978262962999963, 62.876060581000047 ], [ -143.980954057999952, 62.878499831000056 ], [ -143.983453298999962, 62.880765182000061 ], [ -143.985027009999953, 62.882191411000065 ], [ -143.992474236999954, 62.888149743000042 ], [ -143.99579924, 62.891644187000054 ], [ -143.998485882999944, 62.892133986000033 ], [ -143.998818677999964, 62.892194603000064 ], [ -144.002732976999965, 62.892907577000074 ], [ -144.009604975999963, 62.891757576000032 ], [ -144.023070976999975, 62.893874572000072 ], [ -144.023071244999983, 62.893874703000051 ], [ -144.023071464999958, 62.893874738000079 ], [ -144.023620522999977, 62.894142830000078 ], [ -144.02574360899996, 62.895179203000055 ], [ -144.035048981999978, 62.899721571000043 ], [ -144.049084986999958, 62.90396056700007 ], [ -144.06100402499996, 62.904392391000044 ], [ -144.062536983999962, 62.90444793000006 ], [ -144.063354807999957, 62.90447750800007 ], [ -144.06335483999996, 62.904477561000078 ], [ -144.063354987999958, 62.904477566000082 ], [ -144.067000071999956, 62.910532586000045 ], [ -144.070475177999981, 62.916305247000082 ], [ -144.071149262999967, 62.917424729000061 ], [ -144.070521492999973, 62.926480284000036 ], [ -144.066654821999975, 62.933590780000031 ], [ -144.064270776999962, 62.937972908000063 ], [ -144.063416014999973, 62.939544564000073 ], [ -144.043535133999967, 62.948655516000031 ], [ -144.041811481999957, 62.950149003000035 ], [ -144.038231652999968, 62.953250075000028 ], [ -144.036263026999961, 62.954955569000049 ], [ -144.035409964999957, 62.955233172000078 ], [ -144.035306427999956, 62.955322868000053 ], [ -144.025235629999969, 62.958599695000032 ], [ -144.023501849999974, 62.959164270000031 ], [ -144.002997393999976, 62.96143666100005 ], [ -144.002926222999974, 62.961516758000073 ], [ -144.001880032999964, 62.962694573000078 ], [ -144.001146722999977, 62.962812364000058 ], [ -144.00092456699997, 62.963062894000075 ], [ -143.975324345999979, 62.967171298000039 ], [ -143.967280045, 62.980113578000044 ], [ -143.95375809899997, 62.992719540000053 ], [ -143.954743406999967, 62.99349606100003 ], [ -143.959256502999949, 62.997052496000038 ], [ -143.961607697999966, 62.998905299000057 ], [ -143.982235437999975, 62.999880295000082 ], [ -143.987137583999981, 63.001236458000051 ], [ -143.996515526, 63.003830102000052 ], [ -144.005213068999979, 63.006235569000069 ], [ -144.056149077999976, 63.016149560000031 ], [ -144.056149286999982, 63.016149714000051 ], [ -144.056149342999959, 63.016149725000048 ], [ -144.056242732999976, 63.016218510000044 ], [ -144.056610777999964, 63.016489472000046 ], [ -144.068758085999974, 63.02543255900008 ], [ -144.068757597999962, 63.025432994000028 ], [ -144.068757683999962, 63.025433056000054 ], [ -144.061366023999966, 63.032021947000032 ], [ -144.06048446799997, 63.032320233000064 ], [ -144.06040910699997, 63.032387374000052 ], [ -144.052791157999962, 63.034966111000074 ], [ -144.045534830999969, 63.037607287000071 ], [ -144.043147096999974, 63.041302562000055 ], [ -144.049507927999969, 63.042852519000064 ], [ -144.049834467999972, 63.042876051000064 ], [ -144.051609663999983, 63.043003819000035 ], [ -144.072544101999966, 63.044510556000034 ], [ -144.086091963999962, 63.04810612600005 ], [ -144.092110814999955, 63.049703515000033 ], [ -144.094138261999973, 63.05024138400006 ], [ -144.09611896399997, 63.050603408000029 ], [ -144.098021778999964, 63.050951007000037 ], [ -144.108869109999972, 63.052932551000083 ], [ -144.112419105999976, 63.05660253800005 ], [ -144.119238113999955, 63.057688549000034 ], [ -144.120490133999965, 63.057367464000038 ], [ -144.120938902999967, 63.057252376000065 ], [ -144.125941043999973, 63.05596915700005 ], [ -144.141468823999958, 63.05705804300004 ], [ -144.163241048999964, 63.059980261000078 ], [ -144.167916986999955, 63.06080462400007 ], [ -144.175162513999965, 63.062081590000048 ], [ -144.183066121999957, 63.063474537000047 ], [ -144.19888012499996, 63.067371535000063 ], [ -144.205816125999974, 63.066913534000037 ], [ -144.227927121999983, 63.062496530000033 ], [ -144.243455124999969, 63.065246527000056 ], [ -144.244724452999975, 63.068447737000042 ], [ -144.24476964699997, 63.068561701000078 ], [ -144.244888280999959, 63.068860802000074 ], [ -144.24557717899998, 63.079691357000058 ], [ -144.245577142999963, 63.07969152700008 ], [ -144.243516144999973, 63.089944526000068 ], [ -144.240524995999976, 63.092096457000082 ], [ -144.231198803999973, 63.09880740400007 ], [ -144.225752197999981, 63.102724692000038 ], [ -144.213610535999976, 63.10868302800003 ], [ -144.211676520999958, 63.111069960000066 ], [ -144.211375488999977, 63.11144143100006 ], [ -144.20994416299996, 63.113208531000055 ], [ -144.200146652999962, 63.11916923800004 ], [ -144.200085436999956, 63.120954980000079 ], [ -144.20003317299998, 63.122491469000067 ], [ -144.224554997999974, 63.128908025000044 ], [ -144.244093894999963, 63.13899413200005 ], [ -144.257843899999983, 63.143405241000039 ], [ -144.260700675999971, 63.143384512000068 ], [ -144.261237623999961, 63.143380563000051 ], [ -144.265866189999969, 63.14334652000008 ], [ -144.280045076999983, 63.141845292000028 ], [ -144.291093478999983, 63.135059907000027 ], [ -144.291508734999979, 63.135026132000064 ], [ -144.291508912999973, 63.135026118000042 ], [ -144.292049447999972, 63.134694125000067 ], [ -144.297844771999962, 63.134221788000048 ], [ -144.298346745999964, 63.13418084400007 ], [ -144.299785181999965, 63.134063514000047 ], [ -144.299785211999961, 63.134063596000033 ], [ -144.299785558999957, 63.134063568000045 ], [ -144.300436724999969, 63.135843216000069 ], [ -144.300501491999967, 63.136020130000077 ], [ -144.301044186999974, 63.137502514000062 ], [ -144.307002188999974, 63.140482513000052 ], [ -144.319666194999968, 63.146613510000066 ], [ -144.321957809999958, 63.147359449000078 ], [ -144.325972950999983, 63.148666409000043 ], [ -144.334277241999956, 63.151369117000058 ], [ -144.337696980999965, 63.152275815000053 ], [ -144.338192240999973, 63.152407068000059 ], [ -144.340752198999979, 63.153085505000035 ], [ -144.341091281999979, 63.153738900000064 ], [ -144.341180115999975, 63.15391008000006 ], [ -144.342299467999965, 63.156066337000027 ], [ -144.343773011999957, 63.157726796000077 ], [ -144.344014706999957, 63.157999073000042 ], [ -144.344994204999978, 63.159102505000078 ], [ -144.384069223999973, 63.178299498000058 ], [ -144.391978664999982, 63.185327864000044 ], [ -144.392318932999956, 63.185630219000075 ], [ -144.399538383999982, 63.186830215000043 ], [ -144.422282831999979, 63.19033021100006 ], [ -144.426264658999969, 63.191024841000058 ], [ -144.430557238999967, 63.191773456000078 ], [ -144.436727234999978, 63.192849488000036 ], [ -144.440332486999978, 63.191888263000067 ], [ -144.44131678499997, 63.191625830000078 ], [ -144.443602277999958, 63.191016318000038 ], [ -144.445808881999966, 63.190811498000073 ], [ -144.450976806999961, 63.190331417000039 ], [ -144.465196233999961, 63.18901048400005 ], [ -144.471730233999978, 63.189010482000072 ], [ -144.477230237999976, 63.192274482000073 ], [ -144.477805242999978, 63.198807482000063 ], [ -144.483627206999984, 63.200587743000028 ], [ -144.483941582999961, 63.200683874000049 ], [ -144.484738397999962, 63.200927422000063 ], [ -144.492068954999979, 63.19943853400008 ], [ -144.492069244999982, 63.199438479000037 ], [ -144.498660247999965, 63.201960477000057 ], [ -144.521118963999982, 63.207402411000032 ], [ -144.521119250999959, 63.207402473000059 ], [ -144.536419255999959, 63.211871470000062 ], [ -144.54518325799998, 63.212385469000083 ], [ -144.567816255999958, 63.210838465000052 ], [ -144.589416259999979, 63.213874461000046 ], [ -144.598139392999968, 63.215795164000042 ], [ -144.606863621999963, 63.217716108000047 ], [ -144.611016193999973, 63.21863017700008 ], [ -144.612819220999967, 63.219397249000053 ], [ -144.619308149999966, 63.222156970000071 ], [ -144.630955271999966, 63.227110454000069 ], [ -144.640342996999976, 63.235445281000068 ], [ -144.643688409999982, 63.238415484000029 ], [ -144.644249474999981, 63.238913441000079 ], [ -144.657754500999971, 63.238153177000072 ], [ -144.665828476999963, 63.237698654000042 ], [ -144.666649545999974, 63.237652389000061 ], [ -144.666713978999979, 63.237638050000044 ], [ -144.667699010999968, 63.237418815000069 ], [ -144.689052319999973, 63.232666274000053 ], [ -144.690877253999957, 63.232444410000028 ], [ -144.696754769999956, 63.231729329000075 ], [ -144.714491274999972, 63.22957143900004 ], [ -144.721424275999965, 63.230374438000069 ], [ -144.736649980999971, 63.231229229000064 ], [ -144.741893924999971, 63.231523632000062 ], [ -144.742852319999969, 63.231577376000075 ], [ -144.764680092999981, 63.225213484000051 ], [ -144.764680273999971, 63.225213431000043 ], [ -144.778430276999956, 63.227563430000032 ], [ -144.781463760999969, 63.228468970000051 ], [ -144.783137430999972, 63.228968586000065 ], [ -144.78610787599996, 63.22985514700008 ], [ -144.801921767999971, 63.23380792200004 ], [ -144.802846980999959, 63.234569633000035 ], [ -144.803980067999959, 63.235502387000054 ], [ -144.805819148999973, 63.237016312000037 ], [ -144.818766219999958, 63.241830141000037 ], [ -144.822418757999969, 63.241118063000044 ], [ -144.826020301999961, 63.240415638000059 ], [ -144.834635286999969, 63.238735417000044 ], [ -144.850966286999977, 63.236785416000032 ], [ -144.858758286999972, 63.239135415000078 ], [ -144.871547678999974, 63.243811725000057 ], [ -144.876189868999973, 63.245509095000045 ], [ -144.877721780999963, 63.24606902000005 ], [ -144.888321785999977, 63.251455129000078 ], [ -144.890855382999973, 63.251927247000083 ], [ -144.891770170999962, 63.252097645000049 ], [ -144.895999300999961, 63.252885407000065 ], [ -144.917944304999963, 63.257813404000046 ], [ -144.924360307999962, 63.260046402000057 ], [ -144.932496307999969, 63.260046401000068 ], [ -144.939430306999981, 63.259874400000058 ], [ -144.960283307999958, 63.259013396000057 ], [ -144.973919308999967, 63.259185394000042 ], [ -144.977816311999959, 63.26251039400006 ], [ -144.986868461999961, 63.265929873000061 ], [ -144.989511066999967, 63.266928126000039 ], [ -144.990707912999966, 63.26738011100008 ], [ -144.997124581999969, 63.269041220000076 ], [ -145.003830136999966, 63.268182886000034 ], [ -145.011449580999965, 63.268693995000035 ], [ -145.017980138999974, 63.271732884000073 ], [ -145.026174586999957, 63.275341215000083 ], [ -145.041588483999959, 63.284566211000083 ], [ -145.042592644999957, 63.285492091000037 ], [ -145.042911158999971, 63.285785677000035 ], [ -145.045255332999972, 63.287946380000051 ], [ -145.049378326999971, 63.28821492700007 ], [ -145.049761429999961, 63.288239879000059 ], [ -145.052302376999961, 63.288405099000045 ], [ -145.055324035999973, 63.288673388000063 ], [ -145.055796581999971, 63.288715299000046 ], [ -145.059405336999959, 63.289035378000051 ], [ -145.074110609999963, 63.291221990000054 ], [ -145.074634539999977, 63.291299889000072 ], [ -145.074819046999977, 63.291327317000082 ], [ -145.074819094999981, 63.291327339000077 ], [ -145.074819337999969, 63.291327375000037 ], [ -145.078718884999972, 63.293151408000028 ], [ -145.080915058999977, 63.294178680000073 ], [ -145.081921824999966, 63.294649539000034 ], [ -145.088741342999981, 63.296999372000073 ], [ -145.091963723999982, 63.296875365000062 ], [ -145.092983429999975, 63.296836124000038 ], [ -145.097680161999961, 63.296655091000048 ], [ -145.106446828999964, 63.296368978000032 ], [ -145.11433132999997, 63.296395293000046 ], [ -145.118272211999965, 63.296408249000081 ], [ -145.12317434299996, 63.296424367000043 ], [ -145.129594344999958, 63.298371365000037 ], [ -145.150277351999961, 63.30524936200004 ], [ -145.152685353999971, 63.307882361000054 ], [ -145.152685308999963, 63.307882398000061 ], [ -145.152685729999973, 63.307882858000028 ], [ -145.154063528999956, 63.335388412000043 ], [ -145.154177424999972, 63.342149523000046 ], [ -145.150396873999966, 63.349082856000052 ], [ -145.128052434999972, 63.355896750000056 ], [ -145.06491912499996, 63.385868981000044 ], [ -145.054367208999963, 63.389160885000081 ], [ -145.05436080299998, 63.389166180000075 ], [ -145.007052472999959, 63.403921766000053 ], [ -144.973421926999976, 63.417043994000039 ], [ -144.949819159999976, 63.430682887000046 ], [ -144.883705290999956, 63.456241230000046 ], [ -144.866688627999963, 63.461055121000072 ], [ -144.857349743999976, 63.467988455000068 ], [ -144.835924754999979, 63.481338458000039 ], [ -144.833746987999973, 63.494630125000072 ], [ -144.825613662999956, 63.504602348000049 ], [ -144.822005341999983, 63.518699570000081 ], [ -144.829338687999979, 63.532849569000064 ], [ -144.836902588999976, 63.546599567000044 ], [ -144.835533313999974, 63.555339593000042 ], [ -144.833639764999958, 63.567415704000041 ], [ -144.833209119999964, 63.570163132000062 ], [ -144.832897053999972, 63.572152343000027 ], [ -144.845730399999979, 63.585616229000038 ], [ -144.85341096099998, 63.592091227000083 ], [ -144.855872077999976, 63.599252338000042 ], [ -144.857824864999969, 63.608763448000047 ], [ -144.863094313999966, 63.615182892000064 ], [ -144.859085986999958, 63.621599558000071 ], [ -144.837772107999967, 63.634891228000072 ], [ -144.83095544699998, 63.641307896000058 ], [ -144.834163784999959, 63.647896784000068 ], [ -144.819555460999965, 63.658669008000061 ], [ -144.811419355999959, 63.665774565000049 ], [ -144.809530473999956, 63.672474565000073 ], [ -144.786613820999975, 63.689494011000079 ], [ -144.757794386999961, 63.703360683000028 ], [ -144.735277721999978, 63.706913463000035 ], [ -144.679012995999983, 63.694887214000062 ], [ -144.67631937799996, 63.694310696000059 ], [ -144.662452710999958, 63.695341254000027 ], [ -144.648186048999975, 63.701244034000069 ], [ -144.63179716199997, 63.704621815000053 ], [ -144.625038830999983, 63.707144038000081 ], [ -144.615214376999973, 63.71118272700005 ], [ -144.611516612999964, 63.71270237300007 ], [ -144.604527725999958, 63.715624596000055 ], [ -144.597194392999967, 63.714138486000081 ], [ -144.592780499999975, 63.71086904200007 ], [ -144.58458883299997, 63.710296823000078 ], [ -144.570549943999964, 63.710641269000064 ], [ -144.541099943999967, 63.71236071900006 ], [ -144.538636061999966, 63.719866274000083 ], [ -144.531188836999974, 63.718777386000056 ], [ -144.515144390999978, 63.717002389000072 ], [ -144.508499946999962, 63.717002390000061 ], [ -144.504547171999974, 63.720038502000079 ], [ -144.504202732999971, 63.726055169000063 ], [ -144.489247175999964, 63.725310727000078 ], [ -144.474294397999984, 63.724335730000064 ], [ -144.466672173999967, 63.723477397000067 ], [ -144.461799949999971, 63.720555176000062 ], [ -144.449197165999976, 63.714882956000054 ], [ -144.442666608999957, 63.71390795800005 ], [ -144.408458272999979, 63.711446853000041 ], [ -144.371561048999979, 63.711044081000068 ], [ -144.33913049399996, 63.714310752000074 ], [ -144.326135866999977, 63.717110912000066 ], [ -144.316786052999959, 63.719124646000068 ], [ -144.301833278999965, 63.723594093000031 ], [ -144.290947172999978, 63.729666316000078 ], [ -144.302808290999963, 63.737288536000051 ], [ -144.288883293999959, 63.739638538000065 ], [ -144.260638851999971, 63.746227432000069 ], [ -144.25233052699997, 63.75556632100006 ], [ -144.243049983999981, 63.769260767000048 ], [ -144.237549986999966, 63.773041323000029 ], [ -144.230444430999967, 63.773616325000035 ], [ -144.215436101999956, 63.778830215000028 ], [ -144.200824992999969, 63.781580217000055 ], [ -144.203116661999957, 63.78524688400006 ], [ -144.198247220999974, 63.788341328000058 ], [ -144.190683333999971, 63.79000244100007 ], [ -144.189825002999982, 63.792982997000081 ], [ -144.186388894999965, 63.796535775000052 ], [ -144.138144465999972, 63.815619115000061 ], [ -144.113359611999982, 63.823957343000075 ], [ -144.085666699999962, 63.833263567000074 ], [ -144.073002815999956, 63.839624681000032 ], [ -144.066300041999966, 63.84243579300005 ], [ -144.069511154999958, 63.845410792000052 ], [ -144.06446671599997, 63.852113570000029 ], [ -144.053638942999982, 63.856699683000045 ], [ -144.026483394999957, 63.867183021000073 ], [ -144.004311175999959, 63.873085802000048 ], [ -144.000069509999975, 63.873430247000044 ], [ -143.998580623999942, 63.876410803000056 ], [ -143.997205626999971, 63.879674691000048 ], [ -143.994455628999958, 63.882883025000069 ], [ -143.987925075999954, 63.885749692000047 ], [ -143.981163966999986, 63.889071915000045 ], [ -143.975891747999981, 63.892280250000056 ], [ -143.972855639999977, 63.895488583000031 ], [ -143.969361199, 63.899616363000064 ], [ -143.967586203, 63.903569140000059 ], [ -143.966841759999966, 63.90654691800006 ], [ -143.961169542, 63.909985806000066 ], [ -143.953836208999974, 63.91187747500004 ], [ -143.947075101, 63.914569143000051 ], [ -143.942088991999981, 63.917777476000083 ], [ -143.935100106, 63.920985811000037 ], [ -143.931263995999984, 63.923966367000048 ], [ -143.932064, 63.927060811000047 ], [ -143.938136225, 63.930155253000066 ], [ -143.936247337999987, 63.93307747700004 ], [ -143.929486229999952, 63.935827478000078 ], [ -143.92541956499997, 63.938977479000073 ], [ -143.924502900999983, 63.942419145000031 ], [ -143.920836238999982, 63.945910812000079 ], [ -143.914647351999974, 63.949119146000044 ], [ -143.911552908999965, 63.952158036000071 ], [ -143.906741801999942, 63.955366369000046 ], [ -143.900094580999962, 63.958344148000037 ], [ -143.895797362, 63.961552482000059 ], [ -143.893964032999975, 63.964991371000053 ], [ -143.891844589999948, 63.968544149000081 ], [ -143.885830703999943, 63.971924705000049 ], [ -143.878897372999973, 63.974274707000063 ], [ -143.873052930999961, 63.977652485000078 ], [ -143.866005711999946, 63.981435819000069 ], [ -143.863772379999943, 63.984585820000063 ], [ -143.857066826999983, 63.986935820000042 ], [ -143.853034624999964, 63.988640167000028 ], [ -143.850422386, 63.989744155000039 ], [ -143.843489052999985, 63.991808044000038 ], [ -143.839019610999969, 63.994844157000045 ], [ -143.832430725, 63.996791380000047 ], [ -143.825900170999944, 63.999310826000055 ], [ -143.835639062999974, 64.003610824000077 ], [ -143.846583510999949, 64.006302488000074 ], [ -143.854319625999949, 64.009399710000082 ], [ -143.856211295999969, 64.014496931000053 ], [ -143.860336300999961, 64.019824707000055 ], [ -143.858961305999969, 64.025152485000035 ], [ -143.861655755999948, 64.031455262000065 ], [ -143.864577981999958, 64.034780261000037 ], [ -143.867327986999953, 64.040966372000071 ], [ -143.870536323999943, 64.044519149000052 ], [ -143.871397440999942, 64.051452481000069 ], [ -143.856614117, 64.061994150000032 ], [ -143.850428008, 64.06503026200005 ], [ -143.846875236999949, 64.072941374000038 ], [ -143.83467247699997, 64.092074708000041 ], [ -143.821953046999965, 64.109608043000037 ], [ -143.816800275, 64.116483043000073 ], [ -143.813186394999946, 64.126910821000081 ], [ -143.765686411, 64.146277495000049 ], [ -143.763454490999948, 64.147467930000062 ], [ -143.753653081999971, 64.152694163000035 ], [ -143.742308646999959, 64.163294165000082 ], [ -143.735489216999952, 64.178877498000077 ], [ -143.728328119999958, 64.194921943000054 ], [ -143.731422571999985, 64.203860830000053 ], [ -143.754225358999975, 64.212283049000064 ], [ -143.792161481999983, 64.224658042000044 ], [ -143.816400376999979, 64.230102482000063 ], [ -143.824650377999944, 64.23204970200004 ], [ -143.830897603999972, 64.234799701000043 ], [ -143.831411495, 64.237835812000071 ], [ -143.816286498999943, 64.242305259000034 ], [ -143.806258720999949, 64.242419150000046 ], [ -143.799208721999946, 64.242994151000062 ], [ -143.793939279999961, 64.24603026300008 ], [ -143.792964281999957, 64.249010819000034 ], [ -143.786375395, 64.250727486000073 ], [ -143.778925393999941, 64.250727487000063 ], [ -143.769755950999979, 64.252102488000048 ], [ -143.762197617999959, 64.254052490000049 ], [ -143.754686506999974, 64.254166380000072 ], [ -143.738872618999949, 64.254510827000047 ], [ -143.715322620999984, 64.258291386000053 ], [ -143.700367068, 64.262988611000083 ], [ -143.700480965999986, 64.272899722000034 ], [ -143.700250418, 64.279891388000067 ], [ -143.698989308999955, 64.283158055000058 ], [ -143.689133758999958, 64.289402500000051 ], [ -143.666500432999953, 64.298052504000054 ], [ -143.659739323, 64.301091394000082 ], [ -143.644497658999967, 64.303266396000083 ], [ -143.629139329, 64.307505288000073 ], [ -143.621061554, 64.309799733000034 ], [ -143.615326840999955, 64.313767208000058 ], [ -143.61195044699997, 64.316102513000033 ], [ -143.62976989699996, 64.321313620000069 ], [ -143.635900457, 64.325324730000034 ], [ -143.637678240999946, 64.332946952000043 ], [ -143.628222692999941, 64.340280286000052 ], [ -143.618883811999979, 64.351852509000082 ], [ -143.623067166999988, 64.373624730000074 ], [ -143.619111616999987, 64.38032750800005 ], [ -143.618597730999966, 64.383766397000045 ], [ -143.621978288999969, 64.386630284000034 ], [ -143.63103106899996, 64.388408061000064 ], [ -143.647878292999962, 64.390010836000044 ], [ -143.67429496699998, 64.395913609000047 ], [ -143.691597750999961, 64.402158050000082 ], [ -143.705581095999946, 64.413158047000081 ], [ -143.729361662999963, 64.426738597000053 ], [ -143.750333894999983, 64.435160815000074 ], [ -143.757208896999941, 64.43762470300004 ], [ -143.748672786999975, 64.438310816000069 ], [ -143.726331927, 64.439683763000062 ], [ -143.719733898999948, 64.440088598000045 ], [ -143.712572787999989, 64.441463599000031 ], [ -143.709192234999989, 64.444841378000035 ], [ -143.710339461, 64.44776637700005 ], [ -143.718647803999943, 64.458535819000076 ], [ -143.719622806999951, 64.461516375000031 ], [ -143.714695032999941, 64.465296931000069 ], [ -143.695670041999961, 64.476641378000068 ], [ -143.683065162, 64.483224490000055 ], [ -143.674928384, 64.487471936000077 ], [ -143.653961723999942, 64.495549718000063 ], [ -143.648345255999971, 64.498756355000069 ], [ -143.648342561999982, 64.498758390000035 ], [ -143.64834234999995, 64.498758550000048 ], [ -143.644447351, 64.499333552000053 ], [ -143.642229793999945, 64.499684843000068 ], [ -143.642142934, 64.499698619000071 ], [ -143.640489504999948, 64.499960831000067 ], [ -143.637188350999963, 64.50141939100007 ], [ -143.637049302999969, 64.501480822000076 ], [ -143.636597589999951, 64.501680449000048 ], [ -143.636347712999964, 64.501852595000059 ], [ -143.634017355999958, 64.50345855300003 ], [ -143.632759355999951, 64.505174553000074 ], [ -143.630236541999977, 64.506894428000066 ], [ -143.628975624999953, 64.508613610000054 ], [ -143.627496777999966, 64.509600070000033 ], [ -143.627334552999969, 64.509708274000047 ], [ -143.626397359999942, 64.510333555000045 ], [ -143.622445361999951, 64.51096356100004 ], [ -143.62244506899998, 64.510963606000075 ], [ -143.618547848999981, 64.511535834000028 ], [ -143.616640593999989, 64.511840100000029 ], [ -143.616493313999968, 64.511863593000044 ], [ -143.614595361999989, 64.512166556000068 ], [ -143.609325360999946, 64.512166556000068 ], [ -143.606974149999985, 64.512511661000076 ], [ -143.606717576, 64.512549335000074 ], [ -143.605428405999987, 64.512738614000057 ], [ -143.604740285, 64.512820916000067 ], [ -143.60015636199995, 64.513369558000079 ], [ -143.598198508999985, 64.513964889000079 ], [ -143.598089946999949, 64.51399792400008 ], [ -143.596203406999962, 64.514571949000072 ], [ -143.594477663999953, 64.515080341000044 ], [ -143.594382383999971, 64.515108407000071 ], [ -143.592309363999959, 64.515719560000036 ], [ -143.589478805999988, 64.516550284000061 ], [ -143.589380319999975, 64.516579206000074 ], [ -143.588411741999948, 64.516863618000059 ], [ -143.586938232999955, 64.517312010000069 ], [ -143.586752478, 64.517368531000045 ], [ -143.584459366999965, 64.518066561000069 ], [ -143.579245366999942, 64.518641562000028 ], [ -143.577908599999944, 64.518469260000074 ], [ -143.577761504999955, 64.518450314000063 ], [ -143.575233963999949, 64.518124731000057 ], [ -143.57302931199996, 64.517486442000063 ], [ -143.572867301999963, 64.517439533000072 ], [ -143.571281363999958, 64.516980563000061 ], [ -143.56732836499998, 64.517608564000057 ], [ -143.565553153, 64.51786614100007 ], [ -143.565496012999972, 64.517874448000043 ], [ -143.563372851999986, 64.518183066000063 ], [ -143.560612887, 64.518996113000071 ], [ -143.560537876999945, 64.51901820900008 ], [ -143.559478367, 64.519330566000065 ], [ -143.556952755, 64.520071982000047 ], [ -143.556765418, 64.520126996000045 ], [ -143.555581188999952, 64.520474734000061 ], [ -143.551686745999973, 64.522824735000029 ], [ -143.547847858999944, 64.525116401000048 ], [ -143.54784743099998, 64.525116531000037 ], [ -143.547847371999978, 64.525116566000065 ], [ -143.543895372999941, 64.526319568000076 ], [ -143.539942372999974, 64.526319569000066 ], [ -143.536411091, 64.526356409000073 ], [ -143.536234289, 64.526358273000028 ], [ -143.534670082, 64.526374737000083 ], [ -143.530714526, 64.526949738000042 ], [ -143.528856142, 64.527246208000065 ], [ -143.528709156, 64.527269654000065 ], [ -143.526761371999953, 64.527580571000044 ], [ -143.524901887999988, 64.52798855900005 ], [ -143.524599452999951, 64.528054948000033 ], [ -143.521547860999988, 64.52872474000003 ], [ -143.519645224999977, 64.529314160000069 ], [ -143.519509573999983, 64.529356180000036 ], [ -143.517656373999955, 64.529930572000069 ], [ -143.51396561599995, 64.530997329000058 ], [ -143.513914213999954, 64.53101218900008 ], [ -143.513697862999948, 64.531074741000054 ], [ -143.509803418999979, 64.53222196400003 ], [ -143.506107652999958, 64.533849893000081 ], [ -143.505906376999974, 64.533938574000047 ], [ -143.505906275999962, 64.533938596000041 ], [ -143.505906198, 64.53393863000008 ], [ -143.500692310999966, 64.535085853000055 ], [ -143.496739533999971, 64.536288632000037 ], [ -143.492786756999976, 64.53743585400008 ], [ -143.490209383999968, 64.539210578000052 ], [ -143.490208975999963, 64.539210852000053 ], [ -143.487686759999974, 64.540871966000054 ], [ -143.485478557999954, 64.542394872000045 ], [ -143.485431508999966, 64.542427316000044 ], [ -143.485109384, 64.542649577000077 ], [ -143.485109191, 64.542649601000051 ], [ -143.485108983999964, 64.542649744000073 ], [ -143.48115620599998, 64.543163634000052 ], [ -143.480890682, 64.543205992000082 ], [ -143.477203385, 64.543794579000064 ], [ -143.47330638699998, 64.545513579000044 ], [ -143.473306215999969, 64.545513631000063 ], [ -143.469353430999945, 64.546660859000042 ], [ -143.456172875, 64.546774750000054 ], [ -143.456172867999953, 64.546774578000054 ], [ -143.45617238799997, 64.546774582000069 ], [ -143.455889398999943, 64.539383084000065 ], [ -143.440075645999968, 64.53949975300003 ], [ -143.440075611999987, 64.539499583000065 ], [ -143.440075380999986, 64.539499585000044 ], [ -143.439636508999968, 64.537321911000049 ], [ -143.439433902999951, 64.536317117000067 ], [ -143.438470081, 64.531535864000034 ], [ -143.423275943999954, 64.531621395000059 ], [ -143.412207704999958, 64.531682613000044 ], [ -143.40810337, 64.531705591000048 ], [ -143.408058655, 64.530318395000052 ], [ -143.408034139, 64.529558741000073 ], [ -143.407645067999965, 64.517496981000079 ], [ -143.380035105, 64.517698247000055 ], [ -143.376510884999959, 64.517723575000048 ], [ -143.375959358999978, 64.517727596000043 ], [ -143.375959358999978, 64.517727540000067 ], [ -143.375958956999966, 64.517727543000035 ], [ -143.376142586999947, 64.505950797000082 ], [ -143.37619353599996, 64.502676127000029 ], [ -143.376411330999986, 64.488677599000027 ], [ -143.37544524499998, 64.48831487700005 ], [ -143.375042260999976, 64.488163655000051 ], [ -143.373446756999954, 64.487707346000036 ], [ -143.37304192199997, 64.487591555000051 ], [ -143.371031327999958, 64.487016600000061 ], [ -143.369911740999953, 64.487032396000075 ], [ -143.369845482999949, 64.48703333900005 ], [ -143.367133927, 64.487071990000061 ], [ -143.364497817999961, 64.488735879000046 ], [ -143.362408439999967, 64.490176850000068 ], [ -143.36234974599995, 64.490217327000039 ], [ -143.361920330999965, 64.490513601000032 ], [ -143.361704972999974, 64.490575927000066 ], [ -143.357967264999957, 64.491658103000077 ], [ -143.35524281, 64.492471716000068 ], [ -143.355141049, 64.492502103000049 ], [ -143.354125333999946, 64.492805601000043 ], [ -143.347481331999973, 64.493377602000066 ], [ -143.342267333, 64.494008604000044 ], [ -143.337654055999963, 64.49405674500008 ], [ -143.337571659999981, 64.494057613000052 ], [ -143.336997820999954, 64.494063661000041 ], [ -143.336997425999982, 64.494063604000075 ], [ -143.336997332999943, 64.494063605000065 ], [ -143.333045331999983, 64.493491606000077 ], [ -143.332474628999989, 64.49332869400007 ], [ -143.329033930999969, 64.492346997000084 ], [ -143.326317865999954, 64.491997146000074 ], [ -143.326243208999983, 64.491987533000042 ], [ -143.325023331999944, 64.491830606000065 ], [ -143.321067329999948, 64.490741608000064 ], [ -143.318477976999986, 64.490038064000032 ], [ -143.318146136999985, 64.489947920000077 ], [ -143.317058928, 64.489652554000031 ], [ -143.314364481999974, 64.487933110000029 ], [ -143.311728368, 64.486274778000052 ], [ -143.311379944999942, 64.485839087000045 ], [ -143.311314092999964, 64.485756732000027 ], [ -143.310353321999969, 64.48455560900004 ], [ -143.308158802999969, 64.485030833000053 ], [ -143.307886302999975, 64.485089876000075 ], [ -143.305083922999984, 64.485697001000062 ], [ -143.303814059999979, 64.486286944000028 ], [ -143.303611313999966, 64.486381126000083 ], [ -143.301245326999947, 64.48748061100008 ], [ -143.298609326999951, 64.489138611000044 ], [ -143.296031331, 64.490913611000053 ], [ -143.296031209999967, 64.490913627000054 ], [ -143.296031149999976, 64.490913668000076 ], [ -143.295595471999945, 64.490970618000063 ], [ -143.292078329999981, 64.491430613000034 ], [ -143.290158564999956, 64.491740968000045 ], [ -143.290051568999957, 64.491758280000056 ], [ -143.288181149999957, 64.49206089300003 ], [ -143.285966068999983, 64.492085168000074 ], [ -143.285790643999974, 64.492087087000073 ], [ -143.282853329999966, 64.492119615000036 ], [ -143.278900328999953, 64.491544615000066 ], [ -143.276988389, 64.491545576000078 ], [ -143.276926071999981, 64.491545617000043 ], [ -143.274945037999942, 64.491547005000029 ], [ -143.272730170999978, 64.490943811000079 ], [ -143.272627788999955, 64.490915926000071 ], [ -143.270936327999948, 64.490455617000066 ], [ -143.267039325999974, 64.489883617000032 ], [ -143.261711324999965, 64.488738617000081 ], [ -143.261023423999973, 64.488312957000062 ], [ -143.260929810999983, 64.488255055000081 ], [ -143.259017256, 64.487072008000041 ], [ -143.256381143999988, 64.485358121000047 ], [ -143.253631140999971, 64.483697010000071 ], [ -143.252256139, 64.481460899000069 ], [ -143.250881217999961, 64.479741557000068 ], [ -143.250564664999956, 64.47953536700004 ], [ -143.24824502599995, 64.478024789000074 ], [ -143.246870023999975, 64.476360900000032 ], [ -143.24420801399998, 64.475977420000049 ], [ -143.244102244999965, 64.475962182000046 ], [ -143.242917311999975, 64.475791621000042 ], [ -143.241263528, 64.47557845700004 ], [ -143.241106183999989, 64.475558191000061 ], [ -143.238906132999944, 64.475274790000071 ], [ -143.235008911999955, 64.475274791000061 ], [ -143.231000576999975, 64.474699791000035 ], [ -143.229963312, 64.47439991400006 ], [ -143.229765413999985, 64.474342696000065 ], [ -143.227042311, 64.473555625000074 ], [ -143.223036307999962, 64.472466626000028 ], [ -143.217764308999961, 64.471952627000064 ], [ -143.213809306999963, 64.471377630000063 ], [ -143.213808906, 64.471377573000041 ], [ -143.21172353999998, 64.470727436000061 ], [ -143.210777520999955, 64.470432470000048 ], [ -143.208481304999964, 64.469716628000072 ], [ -143.207890615999986, 64.469459612000037 ], [ -143.207724947999964, 64.469387552000057 ], [ -143.20452834699995, 64.467997018000062 ], [ -143.200517236, 64.467424797000035 ], [ -143.196564456999965, 64.466908132000071 ], [ -143.192667235999977, 64.467483131000051 ], [ -143.188656123999976, 64.468113688000074 ], [ -143.183386679999956, 64.468113689000063 ], [ -143.182690439999988, 64.468121111000073 ], [ -143.178173301999948, 64.468169633000059 ], [ -143.17528594099997, 64.467549482000038 ], [ -143.174951959, 64.467477781000071 ], [ -143.172842232999983, 64.467024802000083 ], [ -143.167625566999959, 64.467597025000032 ], [ -143.165941829999952, 64.46738117700005 ], [ -143.165871796999966, 64.467372198000078 ], [ -143.163617301999977, 64.467083636000041 ], [ -143.159664449, 64.465363696000054 ], [ -143.159664298, 64.465363637000053 ], [ -143.159310248999986, 64.46514510600008 ], [ -143.156972785999983, 64.463702583000043 ], [ -143.154370332999974, 64.46299612100006 ], [ -143.153934110999955, 64.462877694000042 ], [ -143.152961503999961, 64.462613694000083 ], [ -143.146428338999954, 64.462613696000062 ], [ -143.142417227999942, 64.462613696000062 ], [ -143.142135137999958, 64.46270234900004 ], [ -143.138581297999963, 64.463819641000043 ], [ -143.136251519999973, 64.464046344000053 ], [ -143.136115036999968, 64.464059648000045 ], [ -143.13330889599996, 64.464333143000033 ], [ -143.130151414999943, 64.464028613000039 ], [ -143.13001666699995, 64.464015614000061 ], [ -143.127981296999963, 64.463819642000033 ], [ -143.12402829499996, 64.462730642000054 ], [ -143.120072293999954, 64.462155644000063 ], [ -143.116120293999984, 64.461583645000076 ], [ -143.112662318, 64.461128763000033 ], [ -143.112167224999951, 64.461063702000047 ], [ -143.108156114999986, 64.461063702000047 ], [ -143.101623292999989, 64.461638654000069 ], [ -143.101349177999964, 64.461682542000062 ], [ -143.097670003999951, 64.462272038000037 ], [ -143.092456114999948, 64.462785927000027 ], [ -143.090039729999944, 64.46317140900004 ], [ -143.089908626999943, 64.463192322000054 ], [ -143.088503293999963, 64.463416650000056 ], [ -143.085883474999946, 64.463796020000075 ], [ -143.08567650699996, 64.463826001000029 ], [ -143.084553337999978, 64.463988707000055 ], [ -143.08065333899998, 64.464563707000082 ], [ -143.080096327999968, 64.464724981000074 ], [ -143.076700295999956, 64.465708650000067 ], [ -143.074532114999954, 64.466025130000048 ], [ -143.074457572999961, 64.46603602600004 ], [ -143.072747783999944, 64.466285931000073 ], [ -143.068792229, 64.466913710000028 ], [ -143.063522784999975, 64.467485933000034 ], [ -143.059570005999944, 64.466338710000059 ], [ -143.056123046999971, 64.464890174000061 ], [ -143.055893037999965, 64.464793512000028 ], [ -143.055617293999944, 64.46467765400007 ], [ -143.055617221999967, 64.464677602000052 ], [ -143.05292278099995, 64.462960935000069 ], [ -143.029028327999981, 64.455110939000065 ], [ -143.005585981999957, 64.450294069000051 ], [ -142.998794887999964, 64.448897669000075 ], [ -142.998089276999963, 64.448752665000029 ], [ -142.982161448999989, 64.44433871800004 ], [ -142.968469981999988, 64.443824838000069 ], [ -142.955265647999965, 64.436742266000067 ], [ -142.946907582999984, 64.43225665500006 ], [ -142.945720256999948, 64.431619676000082 ], [ -142.940996803999951, 64.430053943000075 ], [ -142.930130835999989, 64.426452761000064 ], [ -142.923947738999971, 64.424402625000027 ], [ -142.892778284999963, 64.415635964000046 ], [ -142.883667168999978, 64.409735966000028 ], [ -142.868828272999963, 64.404063746000077 ], [ -142.865942225999959, 64.402814572000068 ], [ -142.857677097999954, 64.399235960000055 ], [ -142.85387222199995, 64.397588692000056 ], [ -142.851868683999953, 64.396184613000059 ], [ -142.849049364, 64.394209237000041 ], [ -142.844878259999973, 64.391285974000027 ], [ -142.844878532999985, 64.391285918000051 ], [ -142.844878215999984, 64.391285695000079 ], [ -142.851965046999965, 64.389828451000028 ], [ -142.854418845999987, 64.389323883000031 ], [ -142.85742548099995, 64.38870541600005 ], [ -142.872550480999962, 64.388880413000038 ], [ -142.880858814999954, 64.388191523000046 ], [ -142.887447700999985, 64.385155411000028 ], [ -142.891744921, 64.382174854000027 ], [ -142.889108805999967, 64.378794300000038 ], [ -142.885267128999942, 64.367163745000028 ], [ -142.885346765999941, 64.366429628000049 ], [ -142.885386848, 64.366059866000057 ], [ -142.886186188999943, 64.358685690000073 ], [ -142.892314178999982, 64.348141688000055 ], [ -142.891748379999967, 64.346946912000078 ], [ -142.888827885999945, 64.340782365000052 ], [ -142.884119872999975, 64.33083874700003 ], [ -142.877644866999958, 64.324022083000045 ], [ -142.874895149, 64.321155693000037 ], [ -142.874895094999943, 64.32115565600003 ], [ -142.874180804, 64.320712267000033 ], [ -142.869939427999952, 64.318080053000074 ], [ -142.862803190999955, 64.31364986400007 ], [ -142.856806322999944, 64.310714522000069 ], [ -142.851210644999981, 64.307974685000033 ], [ -142.849225140999977, 64.307002698000076 ], [ -142.837936509999963, 64.295722089000037 ], [ -142.837936491999983, 64.295722063000028 ], [ -142.837936128999957, 64.295721700000058 ], [ -142.827792110999951, 64.276294704000065 ], [ -142.827792038999974, 64.276294317000065 ], [ -142.826417036999942, 64.269535983000083 ], [ -142.825123877999943, 64.267865442000073 ], [ -142.824808957999949, 64.267458566000073 ], [ -142.823667100999955, 64.265983704000064 ], [ -142.810547096, 64.26065570600008 ], [ -142.777314238999963, 64.248563770000032 ], [ -142.777314077999961, 64.248563722000029 ], [ -142.731819779999967, 64.235961001000078 ], [ -142.664056239999979, 64.21807513400006 ], [ -142.64742421, 64.213677245000042 ], [ -142.647195044999989, 64.213616737000052 ], [ -142.646702614, 64.213481233000039 ], [ -142.635925131999954, 64.210517436000032 ], [ -142.607430855999951, 64.202674913000067 ], [ -142.562219734999985, 64.19482492000003 ], [ -142.535373344999982, 64.188124522000066 ], [ -142.522621497999978, 64.184939102000044 ], [ -142.521831013999986, 64.184741761000055 ], [ -142.505100010999968, 64.183483762000037 ], [ -142.498395009999967, 64.182852764000074 ], [ -142.498394857, 64.182852723000053 ], [ -142.498394721999944, 64.182852710000077 ], [ -142.481664160999969, 64.178324936000081 ], [ -142.471405062999963, 64.175301339000043 ], [ -142.452398663, 64.16969582300004 ], [ -142.448833994999973, 64.168644774000029 ], [ -142.43428099099998, 64.164630775000035 ], [ -142.433973743999957, 64.164341837000052 ], [ -142.432895941999959, 64.163328643000057 ], [ -142.424597471999959, 64.155524946000071 ], [ -142.416689130999941, 64.14922494800004 ], [ -142.411991904999979, 64.145497170000056 ], [ -142.4096419, 64.138449949000062 ], [ -142.409641968999949, 64.138449782000066 ], [ -142.41319188999995, 64.131916617000059 ], [ -142.413096541999948, 64.131708151000055 ], [ -142.411358555999982, 64.127908283000068 ], [ -142.41079302199995, 64.12699002200003 ], [ -142.410537058999978, 64.126574362000042 ], [ -142.409238953999989, 64.12446678200007 ], [ -142.402533949999963, 64.121605783000064 ], [ -142.390441943999974, 64.115130785000076 ], [ -142.361452937999957, 64.10980279100005 ], [ -142.360731865, 64.109772969000062 ], [ -142.357810745999984, 64.109652382000036 ], [ -142.339280758999962, 64.108886073000065 ], [ -142.313955760999988, 64.11398607700005 ], [ -142.295964097999956, 64.118683303000068 ], [ -142.279396800999962, 64.121259511000062 ], [ -142.272333284999945, 64.122357106000038 ], [ -142.269035945999974, 64.12286980600004 ], [ -142.251778035999962, 64.123923641000033 ], [ -142.231149249999987, 64.12518374900003 ], [ -142.227783544999966, 64.125388871000041 ], [ -142.148544653999977, 64.127622216000077 ], [ -142.132561316999954, 64.125449998000079 ], [ -142.132560935999948, 64.12544983500004 ], [ -142.125683536999986, 64.122583332000033 ], [ -142.108839084999943, 64.116397224000082 ], [ -142.092222414, 64.112100004000069 ], [ -142.09222193, 64.11209983100008 ], [ -142.092024631999948, 64.112027303000048 ], [ -142.085519633999979, 64.109636118000083 ], [ -142.091649850999943, 64.102819820000036 ], [ -142.074805913999967, 64.098405841000044 ], [ -142.072460631999945, 64.097827500000051 ], [ -142.071529905999967, 64.097598079000079 ], [ -142.066208510999957, 64.096286122000038 ], [ -142.061409886999968, 64.094818714000041 ], [ -142.060834534999969, 64.09464274700008 ], [ -142.059277907999956, 64.094166843000039 ], [ -142.058800868, 64.093324324000037 ], [ -142.05865371699997, 64.093064510000033 ], [ -142.057558504999975, 64.09113056700005 ], [ -142.056983498999955, 64.084311124000067 ], [ -142.049305717999971, 64.081275013000038 ], [ -142.034525161999966, 64.082536128000072 ], [ -142.032414131999985, 64.080666041000029 ], [ -142.027930580999964, 64.076693154000054 ], [ -142.026505889999953, 64.075430849000043 ], [ -142.026505808999957, 64.075430658000073 ], [ -142.026505712999949, 64.075430573000062 ], [ -142.025069600999984, 64.072052793000069 ], [ -142.009316814999977, 64.068500021000034 ], [ -142.001980701999969, 64.066436134000071 ], [ -141.996940134999988, 64.066227219000041 ], [ -141.99619857, 64.06619646300004 ], [ -141.993671877999986, 64.066091856000071 ], [ -141.971269883, 64.071305860000052 ], [ -141.966515429999959, 64.072218294000038 ], [ -141.96265237199998, 64.072959929000035 ], [ -141.955741817999979, 64.074286141000073 ], [ -141.94726404, 64.075547253000082 ], [ -141.940330706, 64.074000032000072 ], [ -141.938324529999988, 64.073502024000049 ], [ -141.937801865999973, 64.073372258000063 ], [ -141.93271088299997, 64.072108867000054 ], [ -141.925947883, 64.073658867000063 ], [ -141.925948361, 64.073658142000056 ], [ -141.92594737099995, 64.073658369000043 ], [ -141.932822273999989, 64.06323072400005 ], [ -141.92583087099996, 64.061566867000067 ], [ -141.921076353999979, 64.06247739500003 ], [ -141.919748266999989, 64.062731790000043 ], [ -141.917752917999962, 64.063113927000074 ], [ -141.916974133999986, 64.06364170900008 ], [ -141.916402811999944, 64.064028834000055 ], [ -141.912083876, 64.066955869000083 ], [ -141.907730891999961, 64.068087968000043 ], [ -141.907079141, 64.068257528000061 ], [ -141.905036253999981, 64.068788927000071 ], [ -141.905035873999964, 64.068788876000042 ], [ -141.898047874999975, 64.067927879000081 ], [ -141.898047365999957, 64.067927818000044 ], [ -141.884122742999978, 64.066438972000071 ], [ -141.882145930999968, 64.067913567000062 ], [ -141.881613198999958, 64.068311044000041 ], [ -141.880052920999958, 64.069475043000068 ], [ -141.875290259999986, 64.069077097000047 ], [ -141.872360824999987, 64.068832186000066 ], [ -141.866360874999941, 64.068330877000051 ], [ -141.863918045999981, 64.06894832200004 ], [ -141.859846784999945, 64.069977669000082 ], [ -141.851405699999987, 64.072111159000031 ], [ -141.846594585999981, 64.069188937000035 ], [ -141.845298801999945, 64.067953202000069 ], [ -141.844935052999972, 64.067606263000073 ], [ -141.842810870999983, 64.065580881000074 ], [ -141.836606036999967, 64.06717866200006 ], [ -141.835833136999952, 64.067377710000073 ], [ -141.83547079899995, 64.067471001000058 ], [ -141.835250127999984, 64.067527823000034 ], [ -141.835249870999974, 64.067527882000036 ], [ -141.798808857999973, 64.054119890000038 ], [ -141.784769855999969, 64.051255892000029 ], [ -141.777780856, 64.052516893000075 ], [ -141.766377859999977, 64.058591894000074 ], [ -141.758930861999943, 64.060938897000028 ], [ -141.758620564999944, 64.061260956000069 ], [ -141.758513954999955, 64.061371650000069 ], [ -141.755950131999953, 64.064033398000049 ], [ -141.745811250999964, 64.073661177000076 ], [ -141.740658033999978, 64.074573552000061 ], [ -141.739921273, 64.074703969000041 ], [ -141.737730893, 64.07509189600006 ], [ -141.737965053999972, 64.075271495000038 ], [ -141.73925524699996, 64.07626096000007 ], [ -141.741913876999945, 64.078299898000068 ], [ -141.741913870999952, 64.078299942000058 ], [ -141.741914031999954, 64.078300066000054 ], [ -141.74171460599996, 64.079646521000029 ], [ -141.741455878999943, 64.081394898000042 ], [ -141.738773768999977, 64.08064801300003 ], [ -141.738261751999971, 64.080505496000058 ], [ -141.734869587999981, 64.079561178000063 ], [ -141.720258477999948, 64.079847292000068 ], [ -141.707608711999967, 64.079317869000079 ], [ -141.702355052999962, 64.079097606000062 ], [ -141.698371873999974, 64.07893090500005 ], [ -141.663191879999943, 64.086666911000066 ], [ -141.659846104, 64.087347272000045 ], [ -141.658812800999954, 64.08755744900003 ], [ -141.656144590999986, 64.088100080000061 ], [ -141.652994957999965, 64.087339384000074 ], [ -141.652365188999966, 64.087187261000054 ], [ -141.649497878999966, 64.086494913000081 ], [ -141.634771867999973, 64.076869917000067 ], [ -141.627289651999945, 64.076327741000057 ], [ -141.626903714999969, 64.076299798000036 ], [ -141.626064023999959, 64.07623897600007 ], [ -141.618844580999962, 64.078933421000045 ], [ -141.608222910999984, 64.082836158000077 ], [ -141.600786275999951, 64.085567366000078 ], [ -141.597474875999978, 64.086783922000052 ], [ -141.583608880999975, 64.094288924000068 ], [ -141.571005889999981, 64.104316926000081 ], [ -141.570195652999985, 64.104870878000042 ], [ -141.564640312, 64.108670975000052 ], [ -141.548547391999989, 64.119672320000063 ], [ -141.533716289999973, 64.125932585000044 ], [ -141.519635411999957, 64.131871846000081 ], [ -141.515544912, 64.133597934000079 ], [ -141.499672410999949, 64.13846677500004 ], [ -141.486036299999967, 64.145286218000081 ], [ -141.471476261999953, 64.149879072000033 ], [ -141.470362815999977, 64.15023018100004 ], [ -141.470052923999958, 64.150327940000068 ], [ -141.447188927999946, 64.154969945000062 ], [ -141.432636033999984, 64.159441915000059 ], [ -141.432635933999961, 64.159441948000051 ], [ -141.432219749999945, 64.159643301000074 ], [ -141.425533933, 64.162877948000073 ], [ -141.423093358999949, 64.164044147000084 ], [ -141.421957989999953, 64.164586784000051 ], [ -141.419058535999966, 64.165972340000053 ], [ -141.411722425999983, 64.167177896000055 ], [ -141.411722339999983, 64.167177884000068 ], [ -141.411721936, 64.167177950000053 ], [ -141.410755986999959, 64.167045749000067 ], [ -141.401109715999951, 64.165726765000045 ], [ -141.371958529999972, 64.161736237000071 ], [ -141.366615283999977, 64.158281782000074 ], [ -141.364277465999976, 64.156769947000043 ], [ -141.361763922999955, 64.15514495900004 ], [ -141.353966921999984, 64.15451696000008 ], [ -141.35150540799998, 64.154201752000063 ], [ -141.350734030999945, 64.154103023000062 ], [ -141.346805742999948, 64.153600130000029 ], [ -141.342775338999957, 64.151761536000038 ], [ -141.341765688999942, 64.151300884000079 ], [ -141.340272917999982, 64.150619963000054 ], [ -141.340272906999985, 64.15061980400003 ], [ -141.340272406999986, 64.150619576000054 ], [ -141.33986962299997, 64.14460568700008 ], [ -141.339987333999943, 64.142967669000029 ], [ -141.33998823099995, 64.142955163000067 ], [ -141.340099908999946, 64.141396963000034 ], [ -141.339524929999982, 64.138475089000053 ], [ -141.337610962999975, 64.138133354000047 ], [ -141.336972233999973, 64.138019290000045 ], [ -141.332135905999962, 64.137155965000034 ], [ -141.323252898999954, 64.131083968000041 ], [ -141.323252896999975, 64.128102967000075 ], [ -141.32325289299996, 64.124894967000046 ], [ -141.319127889999947, 64.121858969000073 ], [ -141.312135887999943, 64.118877969000039 ], [ -141.311689802999979, 64.117794306000064 ], [ -141.31165772099996, 64.117716438000059 ], [ -141.310933483999975, 64.115958472000045 ], [ -141.303769594999949, 64.114525139000079 ], [ -141.29402840299997, 64.115529492000064 ], [ -141.288699145999942, 64.116078621000042 ], [ -141.286522882999975, 64.116302974000064 ], [ -141.286522374999947, 64.116302919000077 ], [ -141.286437321999983, 64.116293357000075 ], [ -141.286383063999949, 64.116287255000032 ], [ -141.279877880999948, 64.115555976000053 ], [ -141.278286246999983, 64.114760283000066 ], [ -141.277713109, 64.114473867000072 ], [ -141.273458479999988, 64.112347367000041 ], [ -141.269753972, 64.109605333000047 ], [ -141.26960926199996, 64.109498207000058 ], [ -141.269277876, 64.10925297700004 ], [ -141.269324569, 64.108376882000073 ], [ -141.269619581999962, 64.102836257000035 ], [ -141.229911238999989, 64.095161264000069 ], [ -141.206640713999946, 64.091195078000055 ], [ -141.191340503, 64.088584725000032 ], [ -141.189916852999943, 64.088341992000039 ], [ -141.188982921, 64.08813623900005 ], [ -141.181082705, 64.086397029000068 ], [ -141.151697332999959, 64.079922389000046 ], [ -141.130920750999962, 64.079139411000028 ], [ -141.119944005999969, 64.078724468000075 ], [ -141.116802837999955, 64.07860600500004 ], [ -141.113930665999987, 64.078279328000065 ], [ -141.10152745399995, 64.076869826000063 ], [ -141.08001676799995, 64.074422401000049 ], [ -141.064200096999969, 64.071558516000039 ], [ -141.056925095999986, 64.070700184000032 ], [ -141.047188309999967, 64.07350389800007 ], [ -141.043413464999958, 64.074590520000072 ], [ -141.04179686599997, 64.075056011000072 ], [ -141.041796834999957, 64.075056026000027 ], [ -141.030910837999954, 64.081531019000067 ], [ -141.029900251999948, 64.08191078200008 ], [ -141.029372933, 64.082109011000057 ], [ -141.023750106999955, 64.084222410000052 ], [ -141.012789006, 64.084658275000038 ], [ -141.007434427999954, 64.08487081100003 ], [ -141.002097838, 64.085083024000028 ], [ -141.002097836999951, 64.085082634000059 ], [ -141.001964186999942, 64.085087933000068 ], [ -141.001335, 64.085088591000044 ] ] ] } },
{ "type": "Feature", "properties": { "PSANAME": "Tanana Valley-West", "PSANationa": "AK01W" }, "geometry": { "type": "Polygon", "coordinates": [ [ [ -143.64834234999995, 64.498758550000048 ], [ -143.648342561999982, 64.498758390000035 ], [ -143.648345255999971, 64.498756355000069 ], [ -143.653961723999942, 64.495549718000063 ], [ -143.674928384, 64.487471936000077 ], [ -143.683065162, 64.483224490000055 ], [ -143.695670041999961, 64.476641378000068 ], [ -143.714695032999941, 64.465296931000069 ], [ -143.719622806999951, 64.461516375000031 ], [ -143.718647803999943, 64.458535819000076 ], [ -143.710339461, 64.44776637700005 ], [ -143.709192234999989, 64.444841378000035 ], [ -143.712572787999989, 64.441463599000031 ], [ -143.719733898999948, 64.440088598000045 ], [ -143.726331927, 64.439683763000062 ], [ -143.748672786999975, 64.438310816000069 ], [ -143.757208896999941, 64.43762470300004 ], [ -143.750333894999983, 64.435160815000074 ], [ -143.729361662999963, 64.426738597000053 ], [ -143.705581095999946, 64.413158047000081 ], [ -143.691597750999961, 64.402158050000082 ], [ -143.67429496699998, 64.395913609000047 ], [ -143.647878292999962, 64.390010836000044 ], [ -143.63103106899996, 64.388408061000064 ], [ -143.621978288999969, 64.386630284000034 ], [ -143.618597730999966, 64.383766397000045 ], [ -143.619111616999987, 64.38032750800005 ], [ -143.623067166999988, 64.373624730000074 ], [ -143.618883811999979, 64.351852509000082 ], [ -143.628222692999941, 64.340280286000052 ], [ -143.637678240999946, 64.332946952000043 ], [ -143.635900457, 64.325324730000034 ], [ -143.62976989699996, 64.321313620000069 ], [ -143.61195044699997, 64.316102513000033 ], [ -143.615326840999955, 64.313767208000058 ], [ -143.621061554, 64.309799733000034 ], [ -143.629139329, 64.307505288000073 ], [ -143.644497658999967, 64.303266396000083 ], [ -143.659739323, 64.301091394000082 ], [ -143.666500432999953, 64.298052504000054 ], [ -143.689133758999958, 64.289402500000051 ], [ -143.698989308999955, 64.283158055000058 ], [ -143.700250418, 64.279891388000067 ], [ -143.700480965999986, 64.272899722000034 ], [ -143.700367068, 64.262988611000083 ], [ -143.715322620999984, 64.258291386000053 ], [ -143.738872618999949, 64.254510827000047 ], [ -143.754686506999974, 64.254166380000072 ], [ -143.762197617999959, 64.254052490000049 ], [ -143.769755950999979, 64.252102488000048 ], [ -143.778925393999941, 64.250727487000063 ], [ -143.786375395, 64.250727486000073 ], [ -143.792964281999957, 64.249010819000034 ], [ -143.793939279999961, 64.24603026300008 ], [ -143.799208721999946, 64.242994151000062 ], [ -143.806258720999949, 64.242419150000046 ], [ -143.816286498999943, 64.242305259000034 ], [ -143.831411495, 64.237835812000071 ], [ -143.830897603999972, 64.234799701000043 ], [ -143.824650377999944, 64.23204970200004 ], [ -143.816400376999979, 64.230102482000063 ], [ -143.792161481999983, 64.224658042000044 ], [ -143.754225358999975, 64.212283049000064 ], [ -143.731422571999985, 64.203860830000053 ], [ -143.728328119999958, 64.194921943000054 ], [ -143.735489216999952, 64.178877498000077 ], [ -143.742308646999959, 64.163294165000082 ], [ -143.753653081999971, 64.152694163000035 ], [ -143.763454490999948, 64.147467930000062 ], [ -143.765686411, 64.146277495000049 ], [ -143.813186394999946, 64.126910821000081 ], [ -143.816800275, 64.116483043000073 ], [ -143.821953046999965, 64.109608043000037 ], [ -143.83467247699997, 64.092074708000041 ], [ -143.846875236999949, 64.072941374000038 ], [ -143.850428008, 64.06503026200005 ], [ -143.856614117, 64.061994150000032 ], [ -143.871397440999942, 64.051452481000069 ], [ -143.870536323999943, 64.044519149000052 ], [ -143.867327986999953, 64.040966372000071 ], [ -143.864577981999958, 64.034780261000037 ], [ -143.861655755999948, 64.031455262000065 ], [ -143.858961305999969, 64.025152485000035 ], [ -143.860336300999961, 64.019824707000055 ], [ -143.856211295999969, 64.014496931000053 ], [ -143.854319625999949, 64.009399710000082 ], [ -143.846583510999949, 64.006302488000074 ], [ -143.835639062999974, 64.003610824000077 ], [ -143.825900170999944, 63.999310826000055 ], [ -143.832430725, 63.996791380000047 ], [ -143.839019610999969, 63.994844157000045 ], [ -143.843489052999985, 63.991808044000038 ], [ -143.850422386, 63.989744155000039 ], [ -143.853034624999964, 63.988640167000028 ], [ -143.857066826999983, 63.986935820000042 ], [ -143.863772379999943, 63.984585820000063 ], [ -143.866005711999946, 63.981435819000069 ], [ -143.873052930999961, 63.977652485000078 ], [ -143.878897372999973, 63.974274707000063 ], [ -143.885830703999943, 63.971924705000049 ], [ -143.891844589999948, 63.968544149000081 ], [ -143.893964032999975, 63.964991371000053 ], [ -143.895797362, 63.961552482000059 ], [ -143.900094580999962, 63.958344148000037 ], [ -143.906741801999942, 63.955366369000046 ], [ -143.911552908999965, 63.952158036000071 ], [ -143.914647351999974, 63.949119146000044 ], [ -143.920836238999982, 63.945910812000079 ], [ -143.924502900999983, 63.942419145000031 ], [ -143.92541956499997, 63.938977479000073 ], [ -143.929486229999952, 63.935827478000078 ], [ -143.936247337999987, 63.93307747700004 ], [ -143.938136225, 63.930155253000066 ], [ -143.932064, 63.927060811000047 ], [ -143.931263995999984, 63.923966367000048 ], [ -143.935100106, 63.920985811000037 ], [ -143.942088991999981, 63.917777476000083 ], [ -143.947075101, 63.914569143000051 ], [ -143.953836208999974, 63.91187747500004 ], [ -143.961169542, 63.909985806000066 ], [ -143.966841759999966, 63.90654691800006 ], [ -143.967586203, 63.903569140000059 ], [ -143.969361199, 63.899616363000064 ], [ -143.972855639999977, 63.895488583000031 ], [ -143.975891747999981, 63.892280250000056 ], [ -143.981163966999986, 63.889071915000045 ], [ -143.987925075999954, 63.885749692000047 ], [ -143.994455628999958, 63.882883025000069 ], [ -143.997205626999971, 63.879674691000048 ], [ -143.998580623999942, 63.876410803000056 ], [ -144.000069509999975, 63.873430247000044 ], [ -144.004311175999959, 63.873085802000048 ], [ -144.026483394999957, 63.867183021000073 ], [ -144.053638942999982, 63.856699683000045 ], [ -144.06446671599997, 63.852113570000029 ], [ -144.069511154999958, 63.845410792000052 ], [ -144.066300041999966, 63.84243579300005 ], [ -144.073002815999956, 63.839624681000032 ], [ -144.085666699999962, 63.833263567000074 ], [ -144.113359611999982, 63.823957343000075 ], [ -144.138144465999972, 63.815619115000061 ], [ -144.186388894999965, 63.796535775000052 ], [ -144.189825002999982, 63.792982997000081 ], [ -144.190683333999971, 63.79000244100007 ], [ -144.198247220999974, 63.788341328000058 ], [ -144.203116661999957, 63.78524688400006 ], [ -144.200824992999969, 63.781580217000055 ], [ -144.215436101999956, 63.778830215000028 ], [ -144.230444430999967, 63.773616325000035 ], [ -144.237549986999966, 63.773041323000029 ], [ -144.243049983999981, 63.769260767000048 ], [ -144.25233052699997, 63.75556632100006 ], [ -144.260638851999971, 63.746227432000069 ], [ -144.288883293999959, 63.739638538000065 ], [ -144.302808290999963, 63.737288536000051 ], [ -144.290947172999978, 63.729666316000078 ], [ -144.301833278999965, 63.723594093000031 ], [ -144.316786052999959, 63.719124646000068 ], [ -144.326135866999977, 63.717110912000066 ], [ -144.33913049399996, 63.714310752000074 ], [ -144.371561048999979, 63.711044081000068 ], [ -144.408458272999979, 63.711446853000041 ], [ -144.442666608999957, 63.71390795800005 ], [ -144.449197165999976, 63.714882956000054 ], [ -144.461799949999971, 63.720555176000062 ], [ -144.466672173999967, 63.723477397000067 ], [ -144.474294397999984, 63.724335730000064 ], [ -144.489247175999964, 63.725310727000078 ], [ -144.504202732999971, 63.726055169000063 ], [ -144.504547171999974, 63.720038502000079 ], [ -144.508499946999962, 63.717002390000061 ], [ -144.515144390999978, 63.717002389000072 ], [ -144.531188836999974, 63.718777386000056 ], [ -144.538636061999966, 63.719866274000083 ], [ -144.541099943999967, 63.71236071900006 ], [ -144.570549943999964, 63.710641269000064 ], [ -144.58458883299997, 63.710296823000078 ], [ -144.592780499999975, 63.71086904200007 ], [ -144.597194392999967, 63.714138486000081 ], [ -144.604527725999958, 63.715624596000055 ], [ -144.611516612999964, 63.71270237300007 ], [ -144.615214376999973, 63.71118272700005 ], [ -144.625038830999983, 63.707144038000081 ], [ -144.63179716199997, 63.704621815000053 ], [ -144.648186048999975, 63.701244034000069 ], [ -144.662452710999958, 63.695341254000027 ], [ -144.67631937799996, 63.694310696000059 ], [ -144.679012995999983, 63.694887214000062 ], [ -144.735277721999978, 63.706913463000035 ], [ -144.757794386999961, 63.703360683000028 ], [ -144.786613820999975, 63.689494011000079 ], [ -144.809530473999956, 63.672474565000073 ], [ -144.811419355999959, 63.665774565000049 ], [ -144.819555460999965, 63.658669008000061 ], [ -144.834163784999959, 63.647896784000068 ], [ -144.83095544699998, 63.641307896000058 ], [ -144.837772107999967, 63.634891228000072 ], [ -144.859085986999958, 63.621599558000071 ], [ -144.863094313999966, 63.615182892000064 ], [ -144.857824864999969, 63.608763448000047 ], [ -144.855872077999976, 63.599252338000042 ], [ -144.85341096099998, 63.592091227000083 ], [ -144.845730399999979, 63.585616229000038 ], [ -144.832897053999972, 63.572152343000027 ], [ -144.833209119999964, 63.570163132000062 ], [ -144.833639764999958, 63.567415704000041 ], [ -144.835533313999974, 63.555339593000042 ], [ -144.836902588999976, 63.546599567000044 ], [ -144.829338687999979, 63.532849569000064 ], [ -144.822005341999983, 63.518699570000081 ], [ -144.825613662999956, 63.504602348000049 ], [ -144.833746987999973, 63.494630125000072 ], [ -144.835924754999979, 63.481338458000039 ], [ -144.857349743999976, 63.467988455000068 ], [ -144.866688627999963, 63.461055121000072 ], [ -144.883705290999956, 63.456241230000046 ], [ -144.949819159999976, 63.430682887000046 ], [ -144.973421926999976, 63.417043994000039 ], [ -145.007052472999959, 63.403921766000053 ], [ -145.05436080299998, 63.389166180000075 ], [ -145.054367208999963, 63.389160885000081 ], [ -145.06491912499996, 63.385868981000044 ], [ -145.128052434999972, 63.355896750000056 ], [ -145.150396873999966, 63.349082856000052 ], [ -145.154177424999972, 63.342149523000046 ], [ -145.154063528999956, 63.335388412000043 ], [ -145.152685729999973, 63.307882858000028 ], [ -145.152685308999963, 63.307882398000061 ], [ -145.152685353999971, 63.307882361000054 ], [ -145.158323035999956, 63.305952579000063 ], [ -145.161049351999964, 63.305019361000063 ], [ -145.16403667299997, 63.310922341000037 ], [ -145.166094360999978, 63.314988358000051 ], [ -145.172458366999962, 63.317517252000073 ], [ -145.179502363999973, 63.320316357000081 ], [ -145.186721364999983, 63.320716355000059 ], [ -145.19405341199996, 63.319902641000056 ], [ -145.194054458999972, 63.319902035000041 ], [ -145.19854147199996, 63.317303091000042 ], [ -145.200202769999976, 63.314152152000077 ], [ -145.20277959699996, 63.310940176000031 ], [ -145.203506842999957, 63.31085893900007 ], [ -145.203735356999971, 63.31057435200006 ], [ -145.206049894999978, 63.310315643000081 ], [ -145.211930356999972, 63.309658351000053 ], [ -145.234107010999963, 63.312044596000078 ], [ -145.248658360999968, 63.313610345000029 ], [ -145.270370101999958, 63.313887604000058 ], [ -145.274860206999961, 63.307617562000075 ], [ -145.279670531999983, 63.297359841000059 ], [ -145.280612188999982, 63.297023583000055 ], [ -145.280612238999964, 63.297023565000075 ], [ -145.280627347999967, 63.296991340000034 ], [ -145.300680342999982, 63.289830337000069 ], [ -145.31087833999996, 63.286812671000064 ], [ -145.324113337999961, 63.282896333000053 ], [ -145.341188337999967, 63.283299330000034 ], [ -145.349166693999962, 63.28542430300007 ], [ -145.364624343999964, 63.289541326000062 ], [ -145.378701541999959, 63.295528554000043 ], [ -145.379580226999963, 63.295902272000035 ], [ -145.379580347999962, 63.295902323000064 ], [ -145.38702444599997, 63.296869179000055 ], [ -145.402955353999971, 63.298938320000047 ], [ -145.403980863999976, 63.29882090600006 ], [ -145.417969351999972, 63.297219318000032 ], [ -145.434117316999959, 63.295026949000032 ], [ -145.44289434999996, 63.293835313000045 ], [ -145.470855350999983, 63.293896308000058 ], [ -145.485156185999983, 63.29291560300004 ], [ -145.495149347999956, 63.292230304000043 ], [ -145.509646347999961, 63.288966303000052 ], [ -145.546237931999968, 63.28012655100008 ], [ -145.54623901399998, 63.280125813000041 ], [ -145.561631955999957, 63.26962313100006 ], [ -145.563121588999962, 63.263031334000061 ], [ -145.567474150999971, 63.253406853000058 ], [ -145.584434287999983, 63.243378012000051 ], [ -145.593946230999961, 63.236675587000036 ], [ -145.594569535999966, 63.236541875000057 ], [ -145.594902304999977, 63.23630729100006 ], [ -145.602921304999967, 63.234588289000044 ], [ -145.616674302999968, 63.233271287000036 ], [ -145.627726746999969, 63.229332366000051 ], [ -145.629970768999982, 63.228532631000064 ], [ -145.629971117999958, 63.228532409000081 ], [ -145.635251762999957, 63.225170454000079 ], [ -145.636174919999974, 63.224586805000058 ], [ -145.636607302999977, 63.224551382000072 ], [ -145.636607855999983, 63.224551337000037 ], [ -145.63713029699997, 63.224219284000071 ], [ -145.648902023999966, 63.223254146000045 ], [ -145.653230294999958, 63.222899281000082 ], [ -145.659810885999974, 63.222870814000032 ], [ -145.666638295999974, 63.222841279000079 ], [ -145.671395532999981, 63.22478430600006 ], [ -145.673513298999978, 63.225649277000059 ], [ -145.673513435999979, 63.225649440000041 ], [ -145.676238300999984, 63.22896627700004 ], [ -145.678785302999984, 63.232066276000069 ], [ -145.683885309999965, 63.238196275000064 ], [ -145.683885355999962, 63.238196268000081 ], [ -145.68857623599996, 63.237524382000061 ], [ -145.691502308999958, 63.237105274000044 ], [ -145.698523461999969, 63.235049804000028 ], [ -145.70802130499996, 63.232269272000053 ], [ -145.712246304999979, 63.231032271000061 ], [ -145.737458308999976, 63.234871266000027 ], [ -145.74980903499997, 63.233860590000063 ], [ -145.751438306999972, 63.233727265000027 ], [ -145.754319157999959, 63.233541208000076 ], [ -145.776305304999966, 63.232121260000042 ], [ -145.779901508999956, 63.232245535000061 ], [ -145.784610307999969, 63.232408258000078 ], [ -145.791663308999972, 63.235216258000037 ], [ -145.793058313999978, 63.241108257000064 ], [ -145.793737454999956, 63.243976380000049 ], [ -145.795733280999968, 63.252405073000034 ], [ -145.795733323999968, 63.252405256000031 ], [ -145.80942432599997, 63.256130253000038 ], [ -145.810113330999968, 63.259338253000067 ], [ -145.807876861999972, 63.264357817000075 ], [ -145.805416336999969, 63.269880254000043 ], [ -145.791035801999982, 63.280593916000043 ], [ -145.791035346999962, 63.28059425500004 ], [ -145.794598916999973, 63.28286769500005 ], [ -145.796351819999956, 63.28398598800004 ], [ -145.802856258999981, 63.280960371000049 ], [ -145.809732249999968, 63.277866650000078 ], [ -145.809869877999972, 63.277867762000028 ], [ -145.81068834499996, 63.277499251000052 ], [ -145.817794344999982, 63.277557251000076 ], [ -145.82302802199996, 63.277471097000046 ], [ -145.824841345999971, 63.277441248000059 ], [ -145.841916346999966, 63.278244246000042 ], [ -145.853959413999974, 63.279850434000082 ], [ -145.863405348999976, 63.281110242000068 ], [ -145.871120457999979, 63.28339641000008 ], [ -145.876924350999957, 63.285116240000036 ], [ -145.925058370999977, 63.306033231000072 ], [ -145.937263378999972, 63.316519228000061 ], [ -145.939210386999974, 63.324080227000081 ], [ -145.935999152999983, 63.341135707000035 ], [ -145.932683414999957, 63.35874622700004 ], [ -145.932683011999956, 63.358746605000078 ], [ -145.923630420999956, 63.367169227000034 ], [ -145.924319425999983, 63.371524228000055 ], [ -145.928958345999973, 63.374502175000032 ], [ -145.928958427999959, 63.37450222700005 ], [ -145.930963735999967, 63.374543455000037 ], [ -145.937324428999972, 63.374674225000035 ], [ -145.939969787999956, 63.374480324000046 ], [ -145.945919427999968, 63.374044224000045 ], [ -145.959744249999972, 63.373956534000058 ], [ -145.973194429999978, 63.37387121900008 ], [ -145.987919432999973, 63.378224217000081 ], [ -145.991512804999957, 63.380138226000042 ], [ -145.99943543699996, 63.384358213000041 ], [ -146.007285438999958, 63.385388215000035 ], [ -146.008089825999974, 63.385444610000036 ], [ -146.023616438999966, 63.386533210000039 ], [ -146.029863444999961, 63.397135211000034 ], [ -146.031363143999982, 63.398401883000076 ], [ -146.037599454999963, 63.403669207000064 ], [ -146.056735461999978, 63.410541202000047 ], [ -146.055554032999964, 63.415399427000068 ], [ -146.054158470999965, 63.421138202000066 ], [ -146.051869486999976, 63.440449201000035 ], [ -146.05268433599997, 63.444754936000038 ], [ -146.053474492999982, 63.448930202000042 ], [ -146.060005496999963, 63.453341200000068 ], [ -146.073238498999956, 63.453341198000032 ], [ -146.087817577999971, 63.454187581000042 ], [ -146.109738500999981, 63.455460191000043 ], [ -146.13346050399997, 63.458096187000081 ], [ -146.155747502999958, 63.457638183000029 ], [ -146.18015550299998, 63.456721179000056 ], [ -146.195396503999973, 63.458610177000082 ], [ -146.233098051999974, 63.463557579000053 ], [ -146.271372513999978, 63.468580164000059 ], [ -146.344430201999984, 63.478722813000047 ], [ -146.360927525999983, 63.481013148000045 ], [ -146.381440778999973, 63.481258514000046 ], [ -146.446869528999969, 63.482041133000052 ], [ -146.53550852799998, 63.480377112000042 ], [ -146.575844531999962, 63.485074110000028 ], [ -146.615721539999981, 63.492121103000045 ], [ -146.620618161999971, 63.493753183000081 ], [ -146.628616360999956, 63.496419040000035 ], [ -146.628616542999964, 63.496419101000072 ], [ -146.627469546999976, 63.499799101000065 ], [ -146.621855697999962, 63.507358289000081 ], [ -146.620191552999984, 63.509599102000038 ], [ -146.603005568999976, 63.527646104000041 ], [ -146.603005607999961, 63.527646259000051 ], [ -146.605583577999965, 63.537902102000032 ], [ -146.604666580999975, 63.545007102000056 ], [ -146.603236602999971, 63.548069720000058 ], [ -146.599797593999966, 63.555435103000036 ], [ -146.603866595999961, 63.558646102000068 ], [ -146.618246596999967, 63.55876009900004 ], [ -146.621540050999982, 63.558644167000068 ], [ -146.624780596999983, 63.558530097000073 ], [ -146.630966540999964, 63.56145206900004 ], [ -146.630966597999958, 63.561452096000039 ], [ -146.632341601999968, 63.564546097000061 ], [ -146.638495310999957, 63.571269231000031 ], [ -146.64162460999998, 63.574688095000056 ], [ -146.647585619999973, 63.584885093000082 ], [ -146.647585892999956, 63.584885198000052 ], [ -146.656990087999958, 63.588486705000037 ], [ -146.662252623999962, 63.59050208900004 ], [ -146.670470360999957, 63.592752135000069 ], [ -146.699494634999979, 63.600699083000052 ], [ -146.715138635999978, 63.603163079000069 ], [ -146.715138688999957, 63.603163117000065 ], [ -146.719149637999976, 63.606027080000047 ], [ -146.728202643999964, 63.612158077000061 ], [ -146.758357711999963, 63.61256051600003 ], [ -146.77518364499997, 63.61278506900004 ], [ -146.813685649999968, 63.618113063000067 ], [ -146.850758651999968, 63.621435056000053 ], [ -146.857732101999972, 63.619834425000079 ], [ -146.861028786999981, 63.616642087000059 ], [ -146.860170477999958, 63.613494961000072 ], [ -146.857820616999959, 63.606216520000032 ], [ -146.861028772999958, 63.599342436000029 ], [ -146.86192615799996, 63.599101545000053 ], [ -146.861985632999961, 63.598974055000042 ], [ -146.869033632999958, 63.597085055000036 ], [ -146.881275503999973, 63.596195881000028 ], [ -146.889602631999963, 63.595591050000053 ], [ -146.895593726999977, 63.595342029000051 ], [ -146.904783629999969, 63.594960049000065 ], [ -146.913038633999975, 63.597538050000082 ], [ -146.913038784999969, 63.597538099000076 ], [ -146.928219637999973, 63.602696043000037 ], [ -146.943688639999976, 63.603210042000057 ], [ -146.950619637999978, 63.602007040000046 ], [ -146.957334747999965, 63.601362950000066 ], [ -146.964944636999974, 63.60063303700008 ], [ -146.97846158699997, 63.603349156000036 ], [ -146.986602640999962, 63.604985033000048 ], [ -146.996770058999971, 63.603623881000033 ], [ -147.000294379999957, 63.603152066000064 ], [ -147.000294638999975, 63.603152031000036 ], [ -147.003333645999959, 63.611346031000039 ], [ -147.024474648999956, 63.614324027000066 ], [ -147.036344475999982, 63.617788051000048 ], [ -147.039599652999982, 63.618738023000049 ], [ -147.039599754999983, 63.618738029000042 ], [ -147.062119655999965, 63.620113020000076 ], [ -147.067452214999975, 63.619836667000072 ], [ -147.078733572999965, 63.619252022000069 ], [ -147.078733652999972, 63.619252018000054 ], [ -147.08108231099996, 63.61971081300004 ], [ -147.118038661999975, 63.626930010000081 ], [ -147.134596664999975, 63.631744007000066 ], [ -147.146230182999972, 63.637932744000068 ], [ -147.146230670999984, 63.637933004000047 ], [ -147.177341667999968, 63.634266 ], [ -147.182471797999966, 63.633817930000077 ], [ -147.182475342999965, 63.633817620000059 ], [ -147.191149665999973, 63.633059998000078 ], [ -147.206045215999978, 63.634003222000047 ], [ -147.206062718999959, 63.634004330000039 ], [ -147.208394667999983, 63.634151995000082 ], [ -147.210103264999958, 63.634230116000083 ], [ -147.224666668999959, 63.634895992000054 ], [ -147.239624906999978, 63.633676652000077 ], [ -147.25676930399996, 63.621112845000027 ], [ -147.25772364499997, 63.620746727000039 ], [ -147.257724655999965, 63.620745986000031 ], [ -147.275279954999974, 63.614007124000068 ], [ -147.285799648999983, 63.609968983000044 ], [ -147.293477067999959, 63.608522257000061 ], [ -147.293480638999966, 63.608521584000073 ], [ -147.299777646999956, 63.607334981000065 ], [ -147.314216640999973, 63.601831979000053 ], [ -147.36280448399998, 63.592425344000048 ], [ -147.365879829999983, 63.591829955000037 ], [ -147.365879919999969, 63.591829907000033 ], [ -147.376512620999961, 63.586154940000029 ], [ -147.377084104999966, 63.58599356600007 ], [ -147.377084730999968, 63.585993389000066 ], [ -147.377469627999972, 63.585787968000034 ], [ -147.377824113999964, 63.585687884000038 ], [ -147.38457462599996, 63.583781968000039 ], [ -147.396184869999956, 63.582836420000035 ], [ -147.400733625999976, 63.58246596500004 ], [ -147.417235257999977, 63.582495373000029 ], [ -147.433274624999967, 63.582523959000071 ], [ -147.45596194099997, 63.581226461000028 ], [ -147.493494621999957, 63.57907995000005 ], [ -147.522602618999969, 63.574840944000073 ], [ -147.535779507999962, 63.572122059000037 ], [ -147.55176361599996, 63.568823939000083 ], [ -147.568149610999967, 63.564695937000067 ], [ -147.579405607999973, 63.561581931000035 ], [ -147.579406636999977, 63.561582025000064 ], [ -147.579517454999973, 63.561592179000058 ], [ -147.599483920999972, 63.563420080000071 ], [ -147.606538608999983, 63.564065926000069 ], [ -147.612945696999958, 63.564767440000082 ], [ -147.622238610999972, 63.56578492400007 ], [ -147.631835545999962, 63.564633290000074 ], [ -147.636563610999957, 63.564065921000065 ], [ -147.653005958999984, 63.560995652000031 ], [ -147.66664460399997, 63.558448916000032 ], [ -147.697699603999979, 63.556212910000056 ], [ -147.702722181999974, 63.556452573000058 ], [ -147.722910603999964, 63.557415907000063 ], [ -147.726765032999964, 63.556116450000047 ], [ -147.752474595999956, 63.547448902000042 ], [ -147.770694309999982, 63.543837956000061 ], [ -147.770694593999963, 63.543837900000028 ], [ -147.777297444999959, 63.543285361000073 ], [ -147.785763593999974, 63.542576896000071 ], [ -147.818994590999978, 63.54154389100006 ], [ -147.826271592999973, 63.543837890000077 ], [ -147.826271907999967, 63.543837892000056 ], [ -147.827136172999957, 63.54384465000004 ], [ -147.833433593999956, 63.54389388900006 ], [ -147.840997592999969, 63.542576888000042 ], [ -147.876405584999958, 63.533407881000073 ], [ -147.912730583999974, 63.531515876000071 ], [ -147.947508582999973, 63.531057870000041 ], [ -147.958801100999978, 63.533552554000039 ], [ -147.962808586999984, 63.534437868000055 ], [ -147.96945558799996, 63.536959866000075 ], [ -147.97716220999996, 63.539130675000081 ], [ -147.985324591999984, 63.541429863000076 ], [ -147.993735396999966, 63.541605550000043 ], [ -148.000452592999977, 63.541745861000038 ], [ -148.001655592999981, 63.541770860000042 ], [ -148.013113597999961, 63.54824585800003 ], [ -148.02955859399998, 63.543834856000046 ], [ -148.038038593999971, 63.542745854000032 ], [ -148.046460594999957, 63.543720853000082 ], [ -148.047842118999966, 63.544745736000039 ], [ -148.055571599999979, 63.550479850000045 ], [ -148.063021601999964, 63.552432850000059 ], [ -148.071902601999966, 63.552657847000035 ], [ -148.079694602999979, 63.552601847000062 ], [ -148.082168783999975, 63.552319915000055 ], [ -148.086741601999961, 63.551798845000064 ], [ -148.087218652999979, 63.55138644200008 ], [ -148.090519597999958, 63.548532845000068 ], [ -148.089671588999977, 63.546689041000036 ], [ -148.087541593999958, 63.542057845000045 ], [ -148.07839970699996, 63.534932859000037 ], [ -148.071441582999967, 63.529509849000078 ], [ -148.068114362999978, 63.525318028000072 ], [ -148.065938576999969, 63.522576850000064 ], [ -148.066013889999965, 63.52063430700008 ], [ -148.066169571999978, 63.516618850000043 ], [ -148.075105565999962, 63.50985784900007 ], [ -148.081863564999964, 63.508368849000078 ], [ -148.096419567999959, 63.510832845000039 ], [ -148.104424871999981, 63.51353137600006 ], [ -148.110516570999977, 63.515584844000045 ], [ -148.126614000999979, 63.520503308000059 ], [ -148.143346577999978, 63.525615838000078 ], [ -148.159160582999959, 63.530940835000081 ], [ -148.166547623999975, 63.533535983000036 ], [ -148.168616584999967, 63.534262830000046 ], [ -148.168669807999976, 63.534213426000065 ], [ -148.171824583999978, 63.53128483200004 ], [ -148.18076057899998, 63.525095830000055 ], [ -148.186539129999971, 63.522958360000075 ], [ -148.188035576999965, 63.522404829000038 ], [ -148.217772569999966, 63.514265826000042 ], [ -148.229924904999962, 63.51409792000004 ], [ -148.234274569999968, 63.514037822000034 ], [ -148.24796957199996, 63.515412820000051 ], [ -148.276619576999963, 63.523720815000047 ], [ -148.286655888999974, 63.524635301000046 ], [ -148.299249578999962, 63.525782811000056 ], [ -148.300675577999982, 63.525476811000033 ], [ -148.314488575999974, 63.522515808000037 ], [ -148.32316315099996, 63.518517575000033 ], [ -148.326922572999962, 63.516784806000032 ], [ -148.339469566999981, 63.511398804000066 ], [ -148.340434784999957, 63.511089875000039 ], [ -148.346627565999967, 63.509107804000053 ], [ -148.354708564999981, 63.508765803000074 ], [ -148.369377569999983, 63.513976799000034 ], [ -148.370157984999963, 63.514436845000034 ], [ -148.374819572999968, 63.517184798000073 ], [ -148.38006917499996, 63.518250915000067 ], [ -148.382727572999983, 63.518790796000076 ], [ -148.394176440999956, 63.518916687000058 ], [ -148.398369349999967, 63.518962793000071 ], [ -148.398369572999968, 63.51896279500005 ], [ -148.402322570999956, 63.515584794000063 ], [ -148.40466927099996, 63.512546182000051 ], [ -148.404669567999974, 63.512545793000072 ], [ -148.409991664999978, 63.511761675000059 ], [ -148.411660566999984, 63.511515792000068 ], [ -148.426041564999963, 63.507618790000038 ], [ -148.439791559999975, 63.503493788000071 ], [ -148.457035557999973, 63.501432786000066 ], [ -148.470444563999962, 63.507790782000029 ], [ -148.478752564999979, 63.508993781000072 ], [ -148.486544564999974, 63.508193780000056 ], [ -148.505247972999967, 63.505448631000036 ], [ -148.514274560999979, 63.504123775000039 ], [ -148.529173687999958, 63.501347663000047 ], [ -148.544699556999973, 63.49845477100007 ], [ -148.559594551999965, 63.495243769000069 ], [ -148.566071683999979, 63.494752172000062 ], [ -148.573916551999957, 63.49415676600006 ], [ -148.587838548999969, 63.49094576400006 ], [ -148.596747159999978, 63.494753463000052 ], [ -148.600844554999981, 63.496504762000029 ], [ -148.606111718999983, 63.497313160000033 ], [ -148.609438554999969, 63.497823759000028 ], [ -148.616738034999969, 63.49732799700007 ], [ -148.617860553999975, 63.497251758000061 ], [ -148.617860736999972, 63.49725171800003 ], [ -148.618253390999968, 63.497165603000042 ], [ -148.624394553999963, 63.495818758000041 ], [ -148.684213536999977, 63.47822674400004 ], [ -148.684213689999979, 63.47822670100004 ], [ -148.690688536999971, 63.476507748000074 ], [ -148.698191536999957, 63.476507747000028 ], [ -148.707259120999964, 63.477501741000083 ], [ -148.71280553699998, 63.478109743000061 ], [ -148.720206837999967, 63.477966698000046 ], [ -148.73360553699996, 63.477707739000039 ], [ -148.768779533999975, 63.47773849500004 ], [ -148.78048753799996, 63.477748733000055 ], [ -148.796119536999981, 63.477762729000062 ], [ -148.825624536999982, 63.477820724000082 ], [ -148.833499535999977, 63.476612723000073 ], [ -148.833543335999963, 63.47660677500005 ], [ -148.833580535999971, 63.476601724000034 ], [ -148.833623320999976, 63.476595351000071 ], [ -148.833674535999961, 63.47658772300008 ], [ -148.833674488999975, 63.47658782700006 ], [ -148.833660537999975, 63.476618723000058 ], [ -148.832571679999973, 63.479545355000027 ], [ -148.832571541999982, 63.479545725000037 ], [ -148.832426405999968, 63.47993308000008 ], [ -148.83240139199998, 63.479999841000051 ], [ -148.83227254099998, 63.480343729000083 ], [ -148.82826054399996, 63.483607728000038 ], [ -148.82738228599996, 63.484508221000056 ], [ -148.825969545999982, 63.485956729000065 ], [ -148.825969491999956, 63.485956980000083 ], [ -148.825341547999983, 63.488879729000075 ], [ -148.825224317999982, 63.489862961000028 ], [ -148.825193562999971, 63.490120907000062 ], [ -148.824938549999956, 63.492259729000068 ], [ -148.82487159599998, 63.493210791000081 ], [ -148.82478083899997, 63.494499948000055 ], [ -148.824708553999983, 63.495526728000073 ], [ -148.825627555999972, 63.498734728000045 ], [ -148.825627555999972, 63.498734868000042 ], [ -148.825627558999969, 63.501884727000061 ], [ -148.82425256199997, 63.505037728000048 ], [ -148.824252563999977, 63.507901728000036 ], [ -148.823621566999975, 63.511109728000065 ], [ -148.821901568999976, 63.513562473000036 ], [ -148.821330673999967, 63.514376579000043 ], [ -148.821330568999969, 63.514376728000059 ], [ -148.817833571999984, 63.515979728000048 ], [ -148.815782996999957, 63.516922218000047 ], [ -148.815528218999958, 63.517039320000038 ], [ -148.815423623999976, 63.517087394000043 ], [ -148.814341572999979, 63.517584729000077 ], [ -148.813104985999956, 63.518059371000049 ], [ -148.812692924999965, 63.51821753400003 ], [ -148.812298800999969, 63.518368812000062 ], [ -148.810902573999982, 63.518904730000031 ], [ -148.807520043999972, 63.520162556000059 ], [ -148.807519574999958, 63.520162730000038 ], [ -148.80895642699997, 63.523449995000078 ], [ -148.809072577999956, 63.52371572900006 ], [ -148.809916489999978, 63.525252915000067 ], [ -148.810743611999982, 63.526759519000052 ], [ -148.810960580999961, 63.527154728000028 ], [ -148.811047966999979, 63.528747360000068 ], [ -148.811133582999958, 63.530307729000072 ], [ -148.809185640999971, 63.53306660700008 ], [ -148.809072584999967, 63.533226728000045 ], [ -148.808958588999957, 63.536779729000045 ], [ -148.810221547999959, 63.538608840000052 ], [ -148.811133589999969, 63.539929727000072 ], [ -148.812050074999974, 63.541797646000077 ], [ -148.812389735999972, 63.542489919000047 ], [ -148.812475099999972, 63.542663902000072 ], [ -148.812680594999961, 63.543082728000059 ], [ -148.812978787999981, 63.543582008000044 ], [ -148.814458597999959, 63.546059726000067 ], [ -148.816134870999974, 63.546770902000048 ], [ -148.81783859899997, 63.547493727000074 ], [ -148.818626885999976, 63.547854413000039 ], [ -148.821219221999968, 63.549040554000044 ], [ -148.821219359999958, 63.54904061700006 ], [ -148.82121959899996, 63.549040726000044 ], [ -148.822848389999962, 63.550805741000033 ], [ -148.823969600999959, 63.552020725000034 ], [ -148.825199508999958, 63.552571501000045 ], [ -148.827294601999967, 63.553509724000037 ], [ -148.830079842999965, 63.554736711000032 ], [ -148.830674604999956, 63.55499872300004 ], [ -148.830674681999966, 63.554998806000071 ], [ -148.830674801999976, 63.554998936000061 ], [ -148.831084260999972, 63.555443875000037 ], [ -148.831604586999958, 63.556009286000062 ], [ -148.832225309999984, 63.556683794000037 ], [ -148.833363605999978, 63.557920722000063 ], [ -148.833363684999966, 63.557921031000035 ], [ -148.833447050999979, 63.558246839000049 ], [ -148.833456134999977, 63.55828234300003 ], [ -148.834169610999965, 63.561070722000068 ], [ -148.834055623999973, 63.564282440000056 ], [ -148.834055613999965, 63.56428272200003 ], [ -148.834782881999956, 63.565102925000076 ], [ -148.835684923999963, 63.566120235000028 ], [ -148.836747614999979, 63.567318722000039 ], [ -148.837157679999962, 63.568109754000034 ], [ -148.837477078999967, 63.568725889000063 ], [ -148.837843973999981, 63.569433644000071 ], [ -148.838410616999965, 63.570526721000078 ], [ -148.839009616999959, 63.573153466000065 ], [ -148.839102742999984, 63.573561844000039 ], [ -148.839155619999957, 63.573793720000083 ], [ -148.839720650999965, 63.575754199000073 ], [ -148.840004886999964, 63.576740407000045 ], [ -148.840013622999976, 63.57677072000007 ], [ -148.84076062699998, 63.579809721000061 ], [ -148.840842356999957, 63.58132431100006 ], [ -148.84089412199998, 63.582283601000029 ], [ -148.840933628999977, 63.583015721000038 ], [ -148.84130670899998, 63.583653756000047 ], [ -148.84158087199998, 63.584122625000077 ], [ -148.842710553999979, 63.586054589000071 ], [ -148.842710629999971, 63.58605471900006 ], [ -148.842084617999973, 63.586613082000042 ], [ -148.841922708999959, 63.58675749400004 ], [ -148.839499632999974, 63.588918719000048 ], [ -148.835752152999959, 63.591417601000046 ], [ -148.835380678999968, 63.591665306000039 ], [ -148.835030634999981, 63.591898721000064 ], [ -148.830160638999956, 63.594820721000076 ], [ -148.827252051999977, 63.596783635000065 ], [ -148.825405641999964, 63.598029721000046 ], [ -148.821966641999978, 63.599518723000074 ], [ -148.819060339999965, 63.600876295000035 ], [ -148.818728422999982, 63.601031338000041 ], [ -148.818530642999974, 63.601123723000057 ], [ -148.818239219999981, 63.601261478000083 ], [ -148.816388046999975, 63.602136525000049 ], [ -148.815380643999958, 63.602612724000039 ], [ -148.812375689999982, 63.604031810000038 ], [ -148.812227646999958, 63.604101723000042 ], [ -148.812227534999977, 63.604101810000031 ], [ -148.807758648999965, 63.607540725000035 ], [ -148.807320132999962, 63.607955600000082 ], [ -148.805362626999965, 63.609807577000083 ], [ -148.804549650999974, 63.610576724000055 ], [ -148.804883978999982, 63.611888 ], [ -148.805002934999976, 63.612354560000028 ], [ -148.805294655999973, 63.613498725000056 ], [ -148.802458821999977, 63.615923962000068 ], [ -148.801835187999984, 63.616457301000082 ], [ -148.801744656999972, 63.616534724000076 ], [ -148.801744596999981, 63.616534798000032 ], [ -148.801410031999978, 63.616947437000078 ], [ -148.799280658999976, 63.619573724000077 ], [ -148.79801966399998, 63.62266872500004 ], [ -148.798237409999956, 63.623344307000082 ], [ -148.799052664999977, 63.62587372400003 ], [ -148.799052659999973, 63.625873756000033 ], [ -148.798974850999969, 63.626409415000069 ], [ -148.798594667999964, 63.629026725000074 ], [ -148.797229124999973, 63.631073717000049 ], [ -148.796894574999982, 63.631575219000069 ], [ -148.796530670999971, 63.63212072500005 ], [ -148.796530708999967, 63.632120776000079 ], [ -148.798770028999968, 63.635144635000074 ], [ -148.798822634999965, 63.635215671000083 ], [ -148.798822672999961, 63.635215723000044 ], [ -148.802088673999975, 63.636018722000074 ], [ -148.805355674999959, 63.636932723000029 ], [ -148.806988111999971, 63.63748636400004 ], [ -148.807840704999961, 63.637775521000037 ], [ -148.808908674999969, 63.638137722000067 ], [ -148.809642943999961, 63.638410125000064 ], [ -148.811077263999977, 63.638942237000037 ], [ -148.812458274999983, 63.639454572000034 ], [ -148.812458676999967, 63.63945472100005 ], [ -148.81252754099998, 63.641324668000038 ], [ -148.812574675999969, 63.642604624000057 ], [ -148.812574679999983, 63.642604722000044 ], [ -148.814095994999974, 63.643031267000083 ], [ -148.815229195999962, 63.643348993000075 ], [ -148.815841680999966, 63.643520721000073 ], [ -148.817303902999981, 63.643924353000045 ], [ -148.819163677999967, 63.644437725000046 ], [ -148.822602681999967, 63.645184719000042 ], [ -148.824310719999971, 63.645543165000049 ], [ -148.825210607999963, 63.645732015000078 ], [ -148.826152682999975, 63.645929718000048 ], [ -148.828574013999969, 63.645846701000039 ], [ -148.829477680999958, 63.645815718000051 ], [ -148.832802680999976, 63.645757718000027 ], [ -148.835245318999966, 63.646203838000076 ], [ -148.835454710999983, 63.646242081000082 ], [ -148.836235682999984, 63.646384717000046 ], [ -148.838115010999957, 63.646756499000048 ], [ -148.839733347999982, 63.647076651000077 ], [ -148.839733682999963, 63.647076717000061 ], [ -148.840435960999969, 63.649777267000047 ], [ -148.840477685999957, 63.649937716000068 ], [ -148.838760687999979, 63.653034716000036 ], [ -148.838760588999975, 63.653034806000051 ], [ -148.836473785999971, 63.655116313000065 ], [ -148.835552691999965, 63.655954717000043 ], [ -148.832988732999979, 63.656260329000077 ], [ -148.832171690999957, 63.656357717000049 ], [ -148.830693938999957, 63.65653504800008 ], [ -148.830262750999964, 63.656586790000063 ], [ -148.828846692999974, 63.656756717000064 ], [ -148.82672782299997, 63.656661986000074 ], [ -148.825066689999971, 63.656587719000072 ], [ -148.823071365999965, 63.656524055000034 ], [ -148.821399691999972, 63.656470718000037 ], [ -148.817905687999968, 63.655612723000047 ], [ -148.81790558199998, 63.655612695000059 ], [ -148.817786515999984, 63.655580398000041 ], [ -148.814524842999958, 63.654695761000028 ], [ -148.814524688999967, 63.654695719000074 ], [ -148.814524949999964, 63.654696106000074 ], [ -148.816068480999974, 63.656987547000028 ], [ -148.816530609999973, 63.657673597000041 ], [ -148.816530691999958, 63.657673719000059 ], [ -148.817008168999962, 63.657690536000075 ], [ -148.818197169999962, 63.65773241200003 ], [ -148.819852693999962, 63.657790718000058 ], [ -148.820995474999961, 63.657829958000036 ], [ -148.823172691999957, 63.657904719000044 ], [ -148.826499693999978, 63.658765718000041 ], [ -148.828288907999962, 63.65921976900006 ], [ -148.829104667999957, 63.659426785000051 ], [ -148.829880693999968, 63.659623717000045 ], [ -148.829816990999973, 63.661400925000066 ], [ -148.829763697999965, 63.662887716000057 ], [ -148.826643160999964, 63.663984303000063 ], [ -148.826499697999964, 63.66403471700005 ], [ -148.826254818999956, 63.664120567000055 ], [ -148.824982716999983, 63.664566544000081 ], [ -148.823233698999957, 63.665179718000047 ], [ -148.823233597999973, 63.665179683000076 ], [ -148.822231628999958, 63.664834437000081 ], [ -148.821612721999969, 63.664621182000076 ], [ -148.820112952999978, 63.664104409000061 ], [ -148.819910697999973, 63.664034718000039 ], [ -148.819584968999976, 63.66392032400006 ], [ -148.816644695999969, 63.662887719000082 ], [ -148.816644451999963, 63.662887789000081 ], [ -148.814976391999977, 63.663369246000059 ], [ -148.813918039999976, 63.663674720000074 ], [ -148.81326669699996, 63.663862719000065 ], [ -148.809941698999978, 63.664837720000037 ], [ -148.806616697999971, 63.665695719000041 ], [ -148.806615993999969, 63.665695902000039 ], [ -148.805328189999983, 63.666030066000076 ], [ -148.80453385399997, 63.66623618300008 ], [ -148.803294699999981, 63.66655772200005 ], [ -148.801061085999976, 63.667450907000045 ], [ -148.800990506999966, 63.667479130000061 ], [ -148.799858699999959, 63.667931722000048 ], [ -148.796730242999956, 63.66925701200006 ], [ -148.796480701999968, 63.669362723000063 ], [ -148.796117932999977, 63.669590207000056 ], [ -148.794650305999966, 63.670510524000065 ], [ -148.79401370399998, 63.670909723000079 ], [ -148.793521380999977, 63.67121415400004 ], [ -148.791605704999967, 63.672398723000072 ], [ -148.791605519999962, 63.672398884000074 ], [ -148.791605165999982, 63.672399186000064 ], [ -148.789254605999957, 63.674404056000071 ], [ -148.788110995999972, 63.675379478000082 ], [ -148.788110707999977, 63.675379724000038 ], [ -148.787252264999978, 63.675745557000027 ], [ -148.784616709999966, 63.67686872400003 ], [ -148.78118071199998, 63.67830172500004 ], [ -148.781934326999959, 63.679997494000077 ], [ -148.782555712999965, 63.681395723000037 ], [ -148.784692983999975, 63.683213896000041 ], [ -148.78486688199996, 63.68336183100007 ], [ -148.785991714999966, 63.684318723000047 ], [ -148.787589937999968, 63.684766832000037 ], [ -148.789258716999967, 63.685234723000065 ], [ -148.791694865999972, 63.685918723000043 ], [ -148.792524718999971, 63.686151721000044 ], [ -148.79378571999996, 63.689015722000079 ], [ -148.794704756999977, 63.689662333000058 ], [ -148.796008508999961, 63.69057962100004 ], [ -148.798427723999964, 63.692281722000075 ], [ -148.801977723999983, 63.693598720000068 ], [ -148.805530730999976, 63.694973710000056 ], [ -148.805866531999982, 63.695110328000055 ], [ -148.808910722999968, 63.696348724000075 ], [ -148.808911098999971, 63.696348877000048 ], [ -148.812349725999979, 63.697723718000077 ], [ -148.815616727999981, 63.697895717000051 ], [ -148.81574243999998, 63.697902264000049 ], [ -148.817254685999984, 63.697981017000075 ], [ -148.81893872699996, 63.698068717000069 ], [ -148.82134622099997, 63.698774673000059 ], [ -148.822263726999978, 63.699043716000062 ], [ -148.825644460999968, 63.700015638000082 ], [ -148.825644729999965, 63.700015715000063 ], [ -148.825644746999984, 63.700015771000039 ], [ -148.826042384999965, 63.701309391000052 ], [ -148.826096039999982, 63.701483944000074 ], [ -148.826214917999977, 63.701870687000053 ], [ -148.826560731999962, 63.702995714000053 ], [ -148.826561037999966, 63.702995888000032 ], [ -148.826561154999979, 63.702995954000073 ], [ -148.826943137999962, 63.703212866000058 ], [ -148.829080733999973, 63.704426715000068 ], [ -148.831602732999983, 63.705973714000038 ], [ -148.834869733999966, 63.705973714000038 ], [ -148.836095479999983, 63.705974840000067 ], [ -148.837260203999961, 63.705975910000063 ], [ -148.838133732999978, 63.705976713000041 ], [ -148.838395537999958, 63.705980640000064 ], [ -148.838494766999958, 63.705982129000063 ], [ -148.841799733999977, 63.706031712000083 ], [ -148.844539591999961, 63.706075760000033 ], [ -148.845469732999959, 63.706090713000037 ], [ -148.845470626999969, 63.706090678000066 ], [ -148.848847733999975, 63.705976711000062 ], [ -148.852285732999974, 63.705918711000038 ], [ -148.853212206999956, 63.705875682000055 ], [ -148.854080240999963, 63.705835367000077 ], [ -148.856010733999966, 63.705745709000041 ], [ -148.858089056999972, 63.705683046000047 ], [ -148.85979173299998, 63.705631709000045 ], [ -148.861999324999971, 63.705230223000058 ], [ -148.862897536999981, 63.705066868000074 ], [ -148.863574731999961, 63.704943709000077 ], [ -148.865842722999957, 63.704503235000061 ], [ -148.867410731999968, 63.704198708000035 ], [ -148.870963731999979, 63.704484708000052 ], [ -148.872794467999967, 63.704629706000048 ], [ -148.874574732999974, 63.70477070700008 ], [ -148.874574747999958, 63.704770774000053 ], [ -148.874574816999967, 63.704771078000078 ], [ -148.875260675999982, 63.707807442000046 ], [ -148.875260735999973, 63.707807707000029 ], [ -148.872455735999978, 63.709354706000056 ], [ -148.871352826999981, 63.710011541000029 ], [ -148.871272763999968, 63.71005922300003 ], [ -148.871167651999968, 63.710121822000076 ], [ -148.869760736999979, 63.710959707000029 ], [ -148.869761049999966, 63.710959930000058 ], [ -148.869761115999978, 63.710959977000073 ], [ -148.872898824999965, 63.713162730000079 ], [ -148.87400273999998, 63.713937707000071 ], [ -148.874280144999972, 63.713971359000027 ], [ -148.874644393999972, 63.714015547000031 ], [ -148.877324739999978, 63.71434070600003 ], [ -148.879018298999966, 63.714541067000027 ], [ -148.880705740999957, 63.714740704000064 ], [ -148.881915767999971, 63.714896683000063 ], [ -148.882132393999967, 63.714924607000057 ], [ -148.88224214799996, 63.714938755000048 ], [ -148.884258741999957, 63.715198705000034 ], [ -148.886039670999963, 63.715457921000052 ], [ -148.886703435999976, 63.715554533000045 ], [ -148.887810741999971, 63.715715703000058 ], [ -148.88955088199998, 63.717268756000067 ], [ -148.891019444999984, 63.718579430000034 ], [ -148.891019744999966, 63.718579704000035 ], [ -148.890211965999981, 63.720258195000042 ], [ -148.88953074799997, 63.721673703000079 ], [ -148.889530614999984, 63.72167376200008 ], [ -148.888847693999963, 63.721978725000042 ], [ -148.886321748999961, 63.723106705000077 ], [ -148.884752227999968, 63.723850618000029 ], [ -148.884155403999983, 63.724133497000082 ], [ -148.883055749999983, 63.724654704000045 ], [ -148.882457449999976, 63.725999677000061 ], [ -148.881680745999972, 63.72774570200005 ], [ -148.880317187999964, 63.728428858000029 ], [ -148.87870275399996, 63.72923770500006 ], [ -148.878047065999965, 63.729577537000068 ], [ -148.876994196999959, 63.730123221000042 ], [ -148.875722637999957, 63.730782248000082 ], [ -148.875722309999958, 63.730782418000047 ], [ -148.875721755999962, 63.730782705000081 ], [ -148.87669675799998, 63.733706705000031 ], [ -148.876697136999979, 63.733706890000065 ], [ -148.876697700999983, 63.733707166000045 ], [ -148.879619757999961, 63.735137704000067 ], [ -148.882655706999969, 63.73662667800005 ], [ -148.882655760999967, 63.736626698000066 ], [ -148.885921759999974, 63.737429703000032 ], [ -148.887868842999978, 63.737976127000081 ], [ -148.888616152999958, 63.738185849000047 ], [ -148.889185761999983, 63.738345702000061 ], [ -148.892224761999984, 63.739720703000046 ], [ -148.892422322999977, 63.739815748000069 ], [ -148.895319763999964, 63.741209701000059 ], [ -148.898407620999961, 63.742433875000074 ], [ -148.898641765999969, 63.742526700000042 ], [ -148.898680130999963, 63.742541667000069 ], [ -148.89880645599996, 63.742590949000032 ], [ -148.902022766999977, 63.743845700000065 ], [ -148.903708204999958, 63.744155039000077 ], [ -148.904739660999979, 63.744344349000073 ], [ -148.905460767999983, 63.744476699000074 ], [ -148.908955766999981, 63.74516569900004 ], [ -148.912735769999983, 63.748087697000074 ], [ -148.91138292499997, 63.749247065000077 ], [ -148.910567619999966, 63.749945770000068 ], [ -148.909128049999964, 63.75117946000006 ], [ -148.909127771999977, 63.751179698000044 ], [ -148.905860771999983, 63.75146569900005 ], [ -148.90422511899996, 63.751667526000062 ], [ -148.902594771999958, 63.751868698000067 ], [ -148.902594718999978, 63.751868828000056 ], [ -148.901920745999973, 63.753525126000056 ], [ -148.901335774999978, 63.754962699000032 ], [ -148.901779233999974, 63.756268555000077 ], [ -148.90209370599996, 63.757194583000057 ], [ -148.902343550999973, 63.75793030300008 ], [ -148.902366777999958, 63.757998699000041 ], [ -148.903137676999961, 63.758343296000078 ], [ -148.90422488699997, 63.758829286000037 ], [ -148.905574779999966, 63.759432698000069 ], [ -148.907907076999976, 63.760472020000066 ], [ -148.908190262999966, 63.760598214000083 ], [ -148.908783780999983, 63.760862698000039 ], [ -148.911419782999957, 63.763845697000079 ], [ -148.912302727999958, 63.76546262800008 ], [ -148.912420438999959, 63.765678191000063 ], [ -148.913138785999962, 63.766993696000043 ], [ -148.914571789999968, 63.769915696000055 ], [ -148.91453380699997, 63.770936232000054 ], [ -148.914511112999975, 63.771545970000034 ], [ -148.914503076999978, 63.77176187200007 ], [ -148.914458791999976, 63.772951697000053 ], [ -148.914213458999967, 63.775029577000055 ], [ -148.914113793999974, 63.775873696000076 ], [ -148.914399795999969, 63.778740694000078 ], [ -148.91507909699996, 63.780741034000073 ], [ -148.915149483999983, 63.78094830200007 ], [ -148.915430799999967, 63.78177669400003 ], [ -148.916386087999967, 63.782405606000054 ], [ -148.918335433999971, 63.78368895300008 ], [ -148.919958801999968, 63.784757694000064 ], [ -148.920567132999963, 63.785039598000083 ], [ -148.921166134999964, 63.78531718000005 ], [ -148.923169803999969, 63.786245693000069 ], [ -148.926435804999983, 63.787734693000061 ], [ -148.930847806999964, 63.79059869200006 ], [ -148.931062097999984, 63.791296075000048 ], [ -148.93149349799998, 63.792700006000075 ], [ -148.93161222699996, 63.793086393000067 ], [ -148.931763807999971, 63.793579691000048 ], [ -148.934774812999962, 63.795978967000053 ], [ -148.935430811999964, 63.79650169100006 ], [ -148.93723934099998, 63.798209678000035 ], [ -148.938524814999965, 63.799423690000083 ], [ -148.938524909999984, 63.799423698000055 ], [ -148.938893216999958, 63.799455377000072 ], [ -148.939530380999969, 63.799510182000063 ], [ -148.940943245999961, 63.79963170700006 ], [ -148.942535813999967, 63.799768689000075 ], [ -148.946546814999977, 63.800168689000031 ], [ -148.951358814999963, 63.800168688000042 ], [ -148.954782402999967, 63.800207360000059 ], [ -148.956227813999959, 63.800223687000027 ], [ -148.961041813999969, 63.800223686000038 ], [ -148.962160479999966, 63.800237247000041 ], [ -148.962252124999964, 63.800238358000058 ], [ -148.962448400999961, 63.800240737000081 ], [ -148.965908814999977, 63.80028268500007 ], [ -148.971124814999968, 63.800282684000081 ], [ -148.97628381399997, 63.800282684000081 ], [ -148.981496813999968, 63.800282683000034 ], [ -148.986652815999975, 63.800282682000045 ], [ -148.991866813999962, 63.800282681000056 ], [ -148.99658344599996, 63.800332433000051 ], [ -148.996900680999971, 63.800335780000069 ], [ -148.997080814999975, 63.800337680000041 ], [ -149.00240881299996, 63.800337679000052 ], [ -149.007794814999983, 63.800395673000082 ], [ -149.007795613999974, 63.800395682000044 ], [ -149.007933471999962, 63.800397104000069 ], [ -149.012493794999983, 63.80044401300006 ], [ -149.013238814999966, 63.800451677000069 ], [ -149.018566813999968, 63.80045167600008 ], [ -149.018965178999963, 63.800455922000083 ], [ -149.019521577999967, 63.800461852000069 ], [ -149.021571096999963, 63.800483695000082 ], [ -149.024008814999974, 63.800509675000058 ], [ -149.025282602999965, 63.800523628000064 ], [ -149.026256267999969, 63.800534294000045 ], [ -149.029394814999961, 63.800568674000033 ], [ -149.033241792999974, 63.800607540000044 ], [ -149.034838813999983, 63.800623674000065 ], [ -149.040166813999974, 63.800623673000075 ], [ -149.041488971999968, 63.800638155000058 ], [ -149.044901852999971, 63.800675541000032 ], [ -149.045552814999979, 63.80068267200005 ], [ -149.050458676999966, 63.800732252000046 ], [ -149.050994814999967, 63.800737671000036 ], [ -149.053499102999979, 63.800764639000079 ], [ -149.056380814999983, 63.80079567100006 ], [ -149.061766813999981, 63.800795669000081 ], [ -149.067152815999975, 63.800795669000081 ], [ -149.072594814999974, 63.800795668000035 ], [ -149.077980813999972, 63.800795666000056 ], [ -149.083369815999959, 63.800795666000056 ], [ -149.088810815999977, 63.800795664000077 ], [ -149.091536366999975, 63.80082400200007 ], [ -149.093422812999961, 63.800843616000066 ], [ -149.09393646999996, 63.800848956000038 ], [ -149.094196815999965, 63.80085166300006 ], [ -149.099580813999978, 63.80085166300006 ], [ -149.10496381599998, 63.800851662000071 ], [ -149.110410813999977, 63.800851661000081 ], [ -149.115797815999969, 63.800851660000035 ], [ -149.121183814999966, 63.800851659000045 ], [ -149.126624813999968, 63.800851658000056 ], [ -149.127625385999977, 63.800862433000077 ], [ -149.131808301999968, 63.800907476000077 ], [ -149.132010814999973, 63.800909657000034 ], [ -149.137510815999974, 63.800909656000044 ], [ -149.142955814999965, 63.800909655000055 ], [ -149.143189990999957, 63.800909569000055 ], [ -149.144879230999976, 63.800908948000028 ], [ -149.14712321899998, 63.800908123000056 ], [ -149.148396813999966, 63.800907654000071 ], [ -149.153897813999976, 63.800907653000081 ], [ -149.159341814999976, 63.800907653000081 ], [ -149.164783814999964, 63.80096565100007 ], [ -149.170283812999969, 63.80096565000008 ], [ -149.17572781299998, 63.80096565000008 ], [ -149.176942575999959, 63.80097859600005 ], [ -149.178475055999968, 63.800994929000069 ], [ -149.179660117999958, 63.801007559000027 ], [ -149.181169813999958, 63.801023649000058 ], [ -149.186666813999977, 63.801023648000069 ], [ -149.188238825999974, 63.801039809000031 ], [ -149.188673197999975, 63.801044274000049 ], [ -149.192113813999981, 63.801079647000051 ], [ -149.197727813999961, 63.801079646000062 ], [ -149.203399813999965, 63.801079645000073 ], [ -149.209016814999984, 63.801079644000083 ], [ -149.214630814999964, 63.801079643000037 ], [ -149.220244813999983, 63.801079642000047 ], [ -149.225974812999965, 63.801079641000058 ], [ -149.231588813999963, 63.801079640000069 ], [ -149.237205813999964, 63.801079639000079 ], [ -149.242819813999972, 63.801079638000033 ], [ -149.248433813999981, 63.801079637000043 ], [ -149.25416381399998, 63.801079636000054 ], [ -149.259435814999961, 63.801079635000065 ], [ -149.264819813999964, 63.801079634000075 ], [ -149.270091813999983, 63.801076633000037 ], [ -149.27547781399997, 63.801076633000037 ], [ -149.280805813999962, 63.801076632000047 ], [ -149.286133812999964, 63.801076631000058 ], [ -149.287026503999982, 63.801086351000038 ], [ -149.290180862999961, 63.801120694000076 ], [ -149.291460812999958, 63.801134630000035 ], [ -149.29679181399996, 63.801134629000046 ], [ -149.302119811999972, 63.801134627000067 ], [ -149.307447813999971, 63.801134627000067 ], [ -149.312833812999969, 63.801134626000078 ], [ -149.31810581199997, 63.801134625000032 ], [ -149.323488812999983, 63.801134624000042 ], [ -149.324115484999965, 63.801141207000057 ], [ -149.326806634999969, 63.801169476000041 ], [ -149.327891944999976, 63.801180876000046 ], [ -149.328819812999967, 63.801190622000036 ], [ -149.334433813999965, 63.801190622000036 ], [ -149.340046812999958, 63.801190621000046 ], [ -149.342638022999978, 63.801217363000035 ], [ -149.342950736999967, 63.801220590000071 ], [ -149.345666811999962, 63.80124862100007 ], [ -149.351277813999957, 63.801248620000081 ], [ -149.352412785999974, 63.801259831000039 ], [ -149.353326053999979, 63.801268852000078 ], [ -149.35582454599998, 63.801293533000035 ], [ -149.356946811999961, 63.801304619000064 ], [ -149.36256381299998, 63.801307618000067 ], [ -149.36818081399997, 63.801304617000028 ], [ -149.370335926999957, 63.801326882000069 ], [ -149.372855514999969, 63.801352912000027 ], [ -149.373794813999979, 63.801362616000063 ], [ -149.379408812999969, 63.801362615000073 ], [ -149.385080812999973, 63.80142061500004 ], [ -149.39041081299996, 63.801362612000048 ], [ -149.395852811999958, 63.801362612000048 ], [ -149.396036962999972, 63.801360628000054 ], [ -149.396725828999962, 63.801353205000055 ], [ -149.401235812999971, 63.801304610000045 ], [ -149.406624812999979, 63.801304609000056 ], [ -149.412010811999977, 63.801304609000056 ], [ -149.41424671599998, 63.801280116000044 ], [ -149.417396811999964, 63.801245608000045 ], [ -149.422838811999981, 63.801245606000066 ], [ -149.428224812999957, 63.801245607000055 ], [ -149.430723905999969, 63.801220086000058 ], [ -149.432001638999964, 63.80120703800003 ], [ -149.433610812999973, 63.801190605000045 ], [ -149.436270271999973, 63.801189123000029 ], [ -149.437734172999967, 63.801188308000064 ], [ -149.438997811999968, 63.801187605000052 ], [ -149.440265552999961, 63.801188310000043 ], [ -149.441743978999966, 63.801189134000083 ], [ -149.444383812999973, 63.801190604000055 ], [ -149.447071182999963, 63.80118912100005 ], [ -149.448549046999972, 63.801188306000029 ], [ -149.449824811999974, 63.801187603000074 ], [ -149.453433880999967, 63.80115085500006 ], [ -149.455324812999976, 63.801131602000055 ], [ -149.460883811999963, 63.801131601000066 ], [ -149.466499811999967, 63.80113159900003 ], [ -149.467824313999984, 63.801131117000068 ], [ -149.470014237999976, 63.801130320000027 ], [ -149.471092278999976, 63.80112992800008 ], [ -149.471999812999968, 63.801129598000045 ], [ -149.475510695999958, 63.801094210000031 ], [ -149.477555810999974, 63.801073597000027 ], [ -149.483113810999981, 63.801073597000027 ], [ -149.488672811999976, 63.801073596000037 ], [ -149.494230810999966, 63.801073595000048 ], [ -149.499788811999963, 63.801012593000053 ], [ -149.505344809999968, 63.801012592000063 ], [ -149.510902810999966, 63.801012592000063 ], [ -149.516460810999973, 63.801012592000063 ], [ -149.522074811999971, 63.801012591000074 ], [ -149.52722781099996, 63.801012590000028 ], [ -149.532502810999972, 63.801012588000049 ], [ -149.537716811999957, 63.801012587000059 ], [ -149.542930810999962, 63.80101258600007 ], [ -149.548144809999968, 63.80101258500008 ], [ -149.553416810999977, 63.801012584000034 ], [ -149.558630811999961, 63.801012583000045 ], [ -149.563844810999967, 63.801012583000045 ], [ -149.569113810999966, 63.801012582000055 ], [ -149.574327809999971, 63.801012582000055 ], [ -149.57959981099998, 63.801012581000066 ], [ -149.585158809999967, 63.801012580000076 ], [ -149.590769808999966, 63.801070579000054 ], [ -149.591816048999959, 63.801081570000065 ], [ -149.594007232999957, 63.801104589000033 ], [ -149.595373788999979, 63.801118946000031 ], [ -149.596385810999976, 63.80112957800003 ], [ -149.599260698999984, 63.801157449000073 ], [ -149.600011112999965, 63.801164724000046 ], [ -149.602058810999978, 63.801184577000072 ], [ -149.603740364999965, 63.801202243000034 ], [ -149.604377430999961, 63.80120893600008 ], [ -149.605705680999961, 63.801222890000076 ], [ -149.607674810999981, 63.801243576000047 ], [ -149.613288810999961, 63.801243575000058 ], [ -149.614574767999983, 63.801255486000059 ], [ -149.616127292999977, 63.80126986700003 ], [ -149.61890280999998, 63.801295574000051 ], [ -149.621356384999984, 63.801322394000067 ], [ -149.624574810999974, 63.801357573000075 ], [ -149.629661272999982, 63.801407377000032 ], [ -149.629708714999964, 63.80140784200006 ], [ -149.630191809999957, 63.801412572000061 ], [ -149.635805809999965, 63.801470571000038 ], [ -149.641305809999977, 63.801412570000082 ], [ -149.646921809999981, 63.801412569000036 ], [ -149.652477809999965, 63.801412568000046 ], [ -149.658033810999967, 63.801412567000057 ], [ -149.658514962999959, 63.801407808000079 ], [ -149.661576031999971, 63.80137753300005 ], [ -149.663594810999967, 63.801357566000036 ], [ -149.669208808999969, 63.801357566000036 ], [ -149.674766808999976, 63.801354565000054 ], [ -149.680324807999966, 63.801357564000057 ], [ -149.685938808999964, 63.801354563000075 ], [ -149.691496808999972, 63.801354562000029 ], [ -149.696941807999963, 63.801354561000039 ], [ -149.702441809999982, 63.80135456000005 ], [ -149.70539488999998, 63.801386033000028 ], [ -149.706972447999959, 63.80140284600003 ], [ -149.70788380999997, 63.801412559000028 ], [ -149.713327809999981, 63.801412558000038 ], [ -149.718883808999976, 63.801470557000073 ], [ -149.724324809999956, 63.801470556000083 ], [ -149.729076237999976, 63.801519422000069 ], [ -149.729680405999972, 63.801525636000065 ], [ -149.729769810999983, 63.801526555000066 ], [ -149.735272809999969, 63.801526554000077 ], [ -149.740713808999971, 63.801579553000067 ], [ -149.742777635999971, 63.801581429000066 ], [ -149.743499850999967, 63.801582085000064 ], [ -149.744617626999968, 63.801583101000062 ], [ -149.746213809999972, 63.801584551000076 ], [ -149.74959413199997, 63.80161896900006 ], [ -149.750118688999976, 63.801624310000079 ], [ -149.751713808999966, 63.801640551000048 ], [ -149.757158808999975, 63.801640551000048 ], [ -149.758741777999973, 63.801657243000079 ], [ -149.759887129999981, 63.801669321000077 ], [ -149.761367214999979, 63.801684929000032 ], [ -149.762658809999976, 63.801698549000037 ], [ -149.768099808999978, 63.801698549000037 ], [ -149.769014813999974, 63.801707860000079 ], [ -149.77010213799997, 63.801718924000056 ], [ -149.773371219999973, 63.801752190000059 ], [ -149.773602807999964, 63.80175454700003 ], [ -149.773603711999982, 63.801754535000043 ], [ -149.776893641999976, 63.801719571000035 ], [ -149.77887180899998, 63.801698547000058 ], [ -149.781470079999963, 63.801669966000077 ], [ -149.784144808999969, 63.801640546000044 ], [ -149.789471808999963, 63.801640545000055 ], [ -149.792092691999983, 63.801609882000037 ], [ -149.794685807999969, 63.801579544000049 ], [ -149.80001380799996, 63.801579543000059 ], [ -149.803311525999959, 63.801544514000057 ], [ -149.805285808999969, 63.801523541000051 ], [ -149.805894714999965, 63.801517192000063 ], [ -149.806881544999982, 63.801506903000075 ], [ -149.810560807999963, 63.80146854000003 ], [ -149.815827808999984, 63.801468541000077 ], [ -149.816441266999959, 63.801461751000033 ], [ -149.818980704999973, 63.801433646000078 ], [ -149.820414047999975, 63.801417783000034 ], [ -149.821158807999979, 63.801409540000066 ], [ -149.826369806999963, 63.801409539000076 ], [ -149.827433570999972, 63.801398556000038 ], [ -149.829013567999965, 63.801382242000045 ], [ -149.831696807999975, 63.801354538000055 ], [ -149.834257444999963, 63.801353081000059 ], [ -149.836969807999964, 63.801351537000073 ], [ -149.839970514999976, 63.801320223000062 ], [ -149.842527806999982, 63.80129353600006 ], [ -149.847379032999982, 63.801244141000041 ], [ -149.848027806999966, 63.801237535000041 ], [ -149.848223639999958, 63.801235470000051 ], [ -149.848890528999959, 63.801228437000077 ], [ -149.853527807999967, 63.801179535000074 ], [ -149.859085806999957, 63.801179533000038 ], [ -149.862520209999957, 63.801144565000072 ], [ -149.864585806999969, 63.801123532000076 ], [ -149.867326529999957, 63.80109463000008 ], [ -149.867623069999979, 63.801091503000066 ], [ -149.870085806999981, 63.801065532000052 ], [ -149.875699806999961, 63.801065530000074 ], [ -149.880166807999984, 63.801293530000066 ], [ -149.884638806999959, 63.801579529000037 ], [ -149.885170922999976, 63.801291412000069 ], [ -149.887388806999979, 63.800090528000055 ], [ -149.888743762999979, 63.799356880000062 ], [ -149.88960966099998, 63.798888035000061 ], [ -149.890138803999974, 63.798601528000063 ], [ -149.894263801999983, 63.795620529000075 ], [ -149.89495279999997, 63.792526527000064 ], [ -149.89497632399997, 63.792427063000048 ], [ -149.894983749999966, 63.792395666000061 ], [ -149.895697775999963, 63.789376618000063 ], [ -149.895697796999968, 63.789376528000048 ], [ -149.897280990999974, 63.789094237000029 ], [ -149.89890579599998, 63.788804526000035 ], [ -149.901347204999979, 63.788332551000053 ], [ -149.90216952199998, 63.788173580000034 ], [ -149.902169795999981, 63.788173527000083 ], [ -149.902169830999981, 63.788173354000037 ], [ -149.902610872999958, 63.785965168000075 ], [ -149.902913792999982, 63.784448526000062 ], [ -149.903837473999971, 63.782601620000037 ], [ -149.90399624899996, 63.782284149000077 ], [ -149.904919787999972, 63.780437527000061 ], [ -149.907613785999956, 63.778604526000038 ], [ -149.909735736999977, 63.77717404200007 ], [ -149.91024678499997, 63.776829526000029 ], [ -149.910246850999982, 63.776829525000039 ], [ -149.913627785999978, 63.776771526000061 ], [ -149.915737134999972, 63.776734716000078 ], [ -149.916778231999956, 63.776716548000081 ], [ -149.917008785999968, 63.77671252500005 ], [ -149.917009535999966, 63.776712931000077 ], [ -149.91721310899996, 63.776823156000034 ], [ -149.919758787999967, 63.778201524000053 ], [ -149.922566786999965, 63.779634524000073 ], [ -149.925332966999974, 63.779504776000067 ], [ -149.926233787999962, 63.779462523000063 ], [ -149.926866784999959, 63.779432816000053 ], [ -149.927145024999959, 63.779419770000061 ], [ -149.929899389999974, 63.779290542000069 ], [ -149.929899787999972, 63.779290523000043 ], [ -149.929899716999984, 63.77929036900008 ], [ -149.928673664999963, 63.776610814000037 ], [ -149.928352783999969, 63.775909523000053 ], [ -149.927669315999964, 63.774417560000074 ], [ -149.927332139999976, 63.773681527000065 ], [ -149.927108592999957, 63.773193540000079 ], [ -149.926805781999974, 63.772532524000042 ], [ -149.926805790999964, 63.772532444000035 ], [ -149.927084827999977, 63.770052770000063 ], [ -149.927263755999974, 63.768462711000041 ], [ -149.927263776999979, 63.768462524000029 ], [ -149.931102777999968, 63.768748523000056 ], [ -149.934885776999977, 63.769034522000084 ], [ -149.935707063999956, 63.76933990200007 ], [ -149.935751864999958, 63.769356560000062 ], [ -149.935878815999956, 63.76940376400006 ], [ -149.938435777999956, 63.770354522000048 ], [ -149.939818055999979, 63.770919603000038 ], [ -149.940172969999963, 63.771064694000074 ], [ -149.941046229999984, 63.771421686000053 ], [ -149.941933779999971, 63.771784521000029 ], [ -149.946285496999963, 63.774934320000057 ], [ -149.946285779999982, 63.774934525000049 ], [ -149.94628615299996, 63.774934796000082 ], [ -149.950699785999973, 63.778145518000031 ], [ -149.95265094399997, 63.78000065100008 ], [ -149.953710276999971, 63.781007850000037 ], [ -149.954194788999956, 63.781468517000064 ], [ -149.954344384999956, 63.781608387000063 ], [ -149.955141310999977, 63.782353500000056 ], [ -149.956012082999962, 63.783167657000035 ], [ -149.957747792999982, 63.784790518000079 ], [ -149.960081956999971, 63.786278719000052 ], [ -149.962330794999957, 63.787712517000045 ], [ -149.965881018999966, 63.789947755000071 ], [ -149.966337677999974, 63.79023526900005 ], [ -149.966971797999975, 63.790634515000079 ], [ -149.968472499999962, 63.792307387000051 ], [ -149.969952798999969, 63.793957515000045 ], [ -149.972874802999968, 63.797337514000048 ], [ -149.975611136999959, 63.800434007000035 ], [ -149.975913804999976, 63.800776513000073 ], [ -149.97591388799998, 63.800776548000044 ], [ -149.977286568999972, 63.801361920000033 ], [ -149.977669200999969, 63.80152509100003 ], [ -149.979808805999966, 63.802437513000029 ], [ -149.980560002999965, 63.802764202000048 ], [ -149.980944310999973, 63.80293133400005 ], [ -149.983763807999964, 63.804157511000028 ], [ -149.986970086999975, 63.805485267000051 ], [ -149.987774444999957, 63.805818360000046 ], [ -149.987774808999973, 63.805818511000041 ], [ -149.988632760999963, 63.806621360000065 ], [ -149.991324812999977, 63.809140510000077 ], [ -149.99488081299998, 63.812407509000082 ], [ -149.995883729999974, 63.813330191000034 ], [ -149.996659459999961, 63.814043861000073 ], [ -149.998430817999974, 63.815673509000078 ], [ -150.00204181999996, 63.818937508000033 ], [ -150.003771770999975, 63.820136777000073 ], [ -150.005591821999957, 63.821398508000073 ], [ -150.007394804999961, 63.822629264000057 ], [ -150.008599457999964, 63.823451586000033 ], [ -150.009205824999981, 63.823865506000061 ], [ -150.009926453999981, 63.824361009000029 ], [ -150.012052810999961, 63.82582308800005 ], [ -150.013616828999972, 63.826898505000031 ], [ -150.016194830999979, 63.830454504000045 ], [ -150.017972834999966, 63.834407505000058 ], [ -150.01854482799996, 63.837443458000052 ], [ -150.018544836999979, 63.837443504000078 ], [ -150.018730431999984, 63.837666182000078 ], [ -150.021697839999973, 63.84122650300003 ], [ -150.023516728999965, 63.841813918000071 ], [ -150.025422839999976, 63.842429502000073 ], [ -150.029202840999972, 63.843632501000059 ], [ -150.030731845999981, 63.844088347000081 ], [ -150.03108789099997, 63.844194496000057 ], [ -150.032469843999962, 63.844606501000044 ], [ -150.034096031999979, 63.84511985000006 ], [ -150.035411398999969, 63.845535080000047 ], [ -150.03566732799996, 63.845615871000064 ], [ -150.035735842999969, 63.845637500000066 ], [ -150.035736077999957, 63.845637710000062 ], [ -150.039974847999957, 63.84941849900008 ], [ -150.042096848999961, 63.851537499000074 ], [ -150.044216469999981, 63.853601135000076 ], [ -150.044216778999981, 63.853601436000076 ], [ -150.044216850999959, 63.853601498000046 ], [ -150.04446126199997, 63.853941503000044 ], [ -150.04685285399998, 63.857268497000064 ], [ -150.046902246999963, 63.857686837000074 ], [ -150.047197854999979, 63.860190497000076 ], [ -150.047985446999974, 63.862367182000071 ], [ -150.048399857999982, 63.863512497000045 ], [ -150.050750911999984, 63.866158498000061 ], [ -150.051149860999971, 63.866607496000029 ], [ -150.053531943999957, 63.868096514000058 ], [ -150.05389986199998, 63.868326496000066 ], [ -150.054794984999972, 63.86893531100003 ], [ -150.055393651999964, 63.869342493000033 ], [ -150.056594863999976, 63.870159495000053 ], [ -150.059671056999974, 63.872524630000044 ], [ -150.061063866999973, 63.873595494000028 ], [ -150.061627722999958, 63.873931802000072 ], [ -150.064044868999957, 63.875373493000041 ], [ -150.064629228999962, 63.875726495000038 ], [ -150.065457277999968, 63.876226706000068 ], [ -150.066126212999961, 63.876630799000054 ], [ -150.067080871999963, 63.877207493000071 ], [ -150.068444875999973, 63.877797675000068 ], [ -150.068635723999961, 63.877880252000068 ], [ -150.070519871999977, 63.878695493000066 ], [ -150.073060991999967, 63.879771331000029 ], [ -150.073430850999983, 63.879927919000068 ], [ -150.07389987199997, 63.880126490000066 ], [ -150.074563058999956, 63.880198297000049 ], [ -150.077621873999959, 63.880529491000061 ], [ -150.079909158999982, 63.880780861000062 ], [ -150.081288872999977, 63.880932490000077 ], [ -150.084899872999983, 63.881101489000059 ], [ -150.086623456999973, 63.881210065000062 ], [ -150.088566872999962, 63.881332489000044 ], [ -150.090243294999965, 63.881937219000065 ], [ -150.090779033999979, 63.882130474000064 ], [ -150.091853638999964, 63.88251811300006 ], [ -150.092691874999957, 63.88282048700006 ], [ -150.093579910999978, 63.883158495000032 ], [ -150.095275556999979, 63.883803899000043 ], [ -150.096219144999964, 63.884163052000076 ], [ -150.096758876999957, 63.884368487000074 ], [ -150.100888877999978, 63.885226486000079 ], [ -150.104264946999962, 63.885931164000056 ], [ -150.105013876999976, 63.886087486000065 ], [ -150.105347043999984, 63.886121786000047 ], [ -150.107481778999983, 63.886341556000048 ], [ -150.108335877999963, 63.886429485000065 ], [ -150.109927641999974, 63.886588847000041 ], [ -150.11085763899996, 63.886681955000029 ], [ -150.111771877999956, 63.886773484000059 ], [ -150.113623240999971, 63.887023550000038 ], [ -150.11687287899997, 63.887462484000082 ], [ -150.117901091999983, 63.887611080000056 ], [ -150.119476068999973, 63.887838696000074 ], [ -150.122027878999972, 63.888207483000031 ], [ -150.124587457999979, 63.888925221000079 ], [ -150.125879427999962, 63.889287505000027 ], [ -150.126096881999956, 63.889348482000059 ], [ -150.126191053999975, 63.88937562600006 ], [ -150.126516570999968, 63.88946945400005 ], [ -150.130280881999965, 63.890554481000038 ], [ -150.130661888999981, 63.890705437000065 ], [ -150.132556726999979, 63.891456176000077 ], [ -150.13356068799996, 63.891853947000072 ], [ -150.13417788199996, 63.892098480000072 ], [ -150.134691559999965, 63.892310677000069 ], [ -150.13549092599996, 63.892640890000052 ], [ -150.137400011999972, 63.893429520000041 ], [ -150.138072884999957, 63.893707479000057 ], [ -150.138073102999982, 63.893707655000071 ], [ -150.139237935999972, 63.89464388500005 ], [ -150.140421541999984, 63.895595203000028 ], [ -150.140421885999984, 63.895595479000065 ], [ -150.140422365999967, 63.895595866000065 ], [ -150.14282788899996, 63.897543479000035 ], [ -150.143861946999976, 63.898220515000048 ], [ -150.144611941999983, 63.898711564000052 ], [ -150.146152887999961, 63.899720478000063 ], [ -150.149591889999982, 63.901898477000032 ], [ -150.15151441499998, 63.904003512000031 ], [ -150.152572894999963, 63.905162476000044 ], [ -150.154176305999982, 63.907584720000045 ], [ -150.155380711999982, 63.909404195000036 ], [ -150.155380896999958, 63.909404475000031 ], [ -150.155455465999978, 63.911876942000049 ], [ -150.155494900999969, 63.913184476000083 ], [ -150.154853496999976, 63.91482188100008 ], [ -150.154633105999977, 63.915384505000077 ], [ -150.154609513999958, 63.915444731000036 ], [ -150.154349904999975, 63.916107475000047 ], [ -150.154081495999975, 63.916808683000056 ], [ -150.15303390699998, 63.919545475000064 ], [ -150.15177858499996, 63.921476785000038 ], [ -150.150799909999961, 63.922982475000083 ], [ -150.15004738899998, 63.923722300000065 ], [ -150.14950187599996, 63.924258610000038 ], [ -150.147302911999958, 63.926420477000079 ], [ -150.145296980999973, 63.927984386000048 ], [ -150.142891915999968, 63.929859476000047 ], [ -150.138710917999958, 63.933009477000041 ], [ -150.134985920999981, 63.935990477000075 ], [ -150.134031143999977, 63.936869571000045 ], [ -150.131377922999974, 63.939312478000033 ], [ -150.129838450999983, 63.941425699000035 ], [ -150.128455927999966, 63.943323478000082 ], [ -150.127996188999958, 63.944611953000049 ], [ -150.127720210999968, 63.945385416000079 ], [ -150.127311053999961, 63.946532133000062 ], [ -150.127310930999982, 63.946532478000051 ], [ -150.125278480999981, 63.947835898000051 ], [ -150.124274932999981, 63.948479478000081 ], [ -150.123742504999967, 63.94883075100006 ], [ -150.121597581999964, 63.950245878000032 ], [ -150.121235933999969, 63.950484478000078 ], [ -150.120375392999961, 63.951025216000062 ], [ -150.117858936999966, 63.952606479000053 ], [ -150.114533937999965, 63.954784483000083 ], [ -150.114322290999979, 63.954957074000049 ], [ -150.114243583999979, 63.955021256000066 ], [ -150.112714484999969, 63.956268193000028 ], [ -150.110810940999983, 63.957820480000066 ], [ -150.107030943999973, 63.960798479000061 ], [ -150.103246943999977, 63.962345481000057 ], [ -150.099524947999981, 63.963895481000066 ], [ -150.09724141099997, 63.965216241000064 ], [ -150.096258946999967, 63.965784482000061 ], [ -150.096199053999982, 63.965818135000063 ], [ -150.096005926999965, 63.965926651000075 ], [ -150.092994947999983, 63.967618482000034 ], [ -150.091806497999983, 63.968687525000064 ], [ -150.088983951999978, 63.971226483000066 ], [ -150.087655160999958, 63.972318542000039 ], [ -150.086749950999973, 63.973062481000056 ], [ -150.084571955999962, 63.975009483000065 ], [ -150.081814442999956, 63.97767981700008 ], [ -150.080902960999964, 63.978562483000076 ], [ -150.080902524999971, 63.978562829000055 ], [ -150.080141005999963, 63.979172130000052 ], [ -150.077329263999957, 63.981421827000077 ], [ -150.077180961999971, 63.98154048400005 ], [ -150.074602962999961, 63.983490484000072 ], [ -150.073998376999981, 63.98395778500003 ], [ -150.072083964999962, 63.98543748600008 ], [ -150.070764839999981, 63.986064401000078 ], [ -150.070367127999958, 63.986253413000043 ], [ -150.068588966999982, 63.987098485000047 ], [ -150.065094967999983, 63.98875948500006 ], [ -150.064342082999957, 63.989106425000045 ], [ -150.062028775999977, 63.990172432000065 ], [ -150.061483969999983, 63.990423486000054 ], [ -150.057933971999972, 63.992087487000049 ], [ -150.056335899999965, 63.992946833000076 ], [ -150.054952972999956, 63.993690487000038 ], [ -150.052205082999961, 63.995169624000027 ], [ -150.051974974999979, 63.995293491000041 ], [ -150.049225290999971, 63.996668334000049 ], [ -150.049224976999966, 63.996668491000037 ], [ -150.046474978999981, 63.998043491000033 ], [ -150.041202978999962, 63.999704489000067 ], [ -150.03760970899998, 64.000862052000059 ], [ -150.036047464999967, 64.001365325000052 ], [ -150.036046978999963, 64.001365485000065 ], [ -150.033118401999957, 64.002330639000036 ], [ -150.030830982999959, 64.003084490000049 ], [ -150.030830884999972, 64.003084641000044 ], [ -150.030830806999973, 64.003084763000061 ], [ -150.030486811999964, 64.003629621000073 ], [ -150.028369985999973, 64.006982490000041 ], [ -150.027774076999975, 64.007946943000036 ], [ -150.026338, 64.010271170000067 ], [ -150.025963987999972, 64.010876491000033 ], [ -150.024720636999973, 64.012921174000041 ], [ -150.023558991999977, 64.014831491000052 ], [ -150.022749973999964, 64.01616068900006 ], [ -150.021152995999984, 64.018784491000076 ], [ -150.020546908999961, 64.019766172000061 ], [ -150.018747, 64.022681492000061 ], [ -150.015425002999962, 64.026176490000068 ], [ -150.012100005999969, 64.029615492000062 ], [ -150.009353633999979, 64.03245611300008 ], [ -150.00910216799997, 64.032716208000068 ], [ -150.008778008999968, 64.033051492000084 ], [ -150.005456012999957, 64.036490492000041 ], [ -150.005173481999975, 64.036782975000051 ], [ -150.002134016999975, 64.039929494000035 ], [ -149.998409018999979, 64.043365493000067 ], [ -149.996428599999973, 64.045225695000056 ], [ -149.996247282999974, 64.045396005000043 ], [ -149.995686501999984, 64.045922746000031 ], [ -149.994686021999968, 64.046862494000038 ], [ -149.990961023999972, 64.050356494000027 ], [ -149.990360132999967, 64.052766251000037 ], [ -149.989989027999968, 64.05425449300003 ], [ -149.989290213999965, 64.057007472000066 ], [ -149.989014031999972, 64.058095494000042 ], [ -149.989016023999966, 64.061701352000057 ], [ -149.989017036999968, 64.063534493000077 ], [ -149.989017042999961, 64.068920493000064 ], [ -149.989030728999978, 64.070204584000066 ], [ -149.989075044999964, 64.07436249400007 ], [ -149.989446631999982, 64.076961815000061 ], [ -149.989706048999977, 64.078776492000031 ], [ -149.990204051999967, 64.082007492000059 ], [ -149.990395053999976, 64.08324549200006 ], [ -149.990410663999967, 64.083356173000027 ], [ -149.990761757999962, 64.085845580000068 ], [ -149.991025056999973, 64.087712491000048 ], [ -149.991625926999973, 64.091678562000084 ], [ -149.991711060999961, 64.092240491000041 ], [ -149.99171117299997, 64.09224070700003 ], [ -149.992071631999977, 64.092934781000054 ], [ -149.994061065999972, 64.096765490000053 ], [ -149.996414068999968, 64.101293490000046 ], [ -149.997384644999983, 64.103142259000037 ], [ -149.99779206599996, 64.103918321000037 ], [ -149.998820072999962, 64.105876489000082 ], [ -149.996242078999984, 64.10948748900006 ], [ -149.993720080999964, 64.113095489000045 ], [ -149.991145083999982, 64.116762489000052 ], [ -149.991402170999976, 64.119929756000033 ], [ -149.99154508899997, 64.121690490000049 ], [ -149.991727278999974, 64.12345093700003 ], [ -149.99176463699996, 64.123811918000058 ], [ -149.992061091999972, 64.126676489000033 ], [ -149.99550009799998, 64.130859488000056 ], [ -149.998468463999984, 64.134361224000031 ], [ -149.998995098999984, 64.134982487000059 ], [ -150.00026786899997, 64.136526041000081 ], [ -150.000483411999966, 64.136787441000081 ], [ -150.00249210399997, 64.139223486000049 ], [ -150.002492028999967, 64.13922364900003 ], [ -150.000545107999983, 64.143407487000047 ], [ -149.999191913999965, 64.146438592000038 ], [ -149.999064928999957, 64.146723033000058 ], [ -149.998653112999961, 64.147645487000034 ], [ -149.997871707999963, 64.149346759000082 ], [ -149.99712682599997, 64.150968514000056 ], [ -149.996865528999962, 64.15153741000006 ], [ -149.996706114999967, 64.151884486000029 ], [ -149.996705945999963, 64.151884726000048 ], [ -149.996705926999965, 64.151884759000041 ], [ -149.994528116999959, 64.154979487000048 ], [ -149.992353295999976, 64.158132230000035 ], [ -149.992353119999962, 64.158132486000056 ], [ -149.99418612499997, 64.161398487000042 ], [ -149.994186479999968, 64.161398623000082 ], [ -149.994274057999974, 64.161432267000066 ], [ -149.994359355999961, 64.161465035000049 ], [ -149.997911125999963, 64.162829485000032 ], [ -149.998299741999972, 64.162970809000058 ], [ -150.001692125999966, 64.164204485000027 ], [ -150.004442129999973, 64.167815485000062 ], [ -150.006864991999976, 64.171042735000071 ], [ -150.007195132999982, 64.171482483000034 ], [ -150.009200135999976, 64.174862482000037 ], [ -150.009594170999975, 64.175537408000082 ], [ -150.010101632999977, 64.176406621000069 ], [ -150.011206137999977, 64.178298482000059 ], [ -150.01164217799996, 64.179046381000035 ], [ -150.01211220999997, 64.17985258300007 ], [ -150.01321114199996, 64.181737481000027 ], [ -150.013195449999984, 64.182717882000077 ], [ -150.013174341999957, 64.184036645000049 ], [ -150.013167619999962, 64.184456589000035 ], [ -150.013156145999972, 64.185173481000049 ], [ -150.013147314999969, 64.185688235000043 ], [ -150.013139867999968, 64.186122352000041 ], [ -150.013122497999973, 64.18713486200005 ], [ -150.013097148999975, 64.188612482000053 ], [ -150.014330285999961, 64.189081195000028 ], [ -150.017041365999972, 64.190111670000078 ], [ -150.017166747999966, 64.190159318000042 ], [ -150.017167150999967, 64.190159476000076 ], [ -150.019661728999978, 64.191158306000034 ], [ -150.020970112999976, 64.191682181000033 ], [ -150.021178150999958, 64.191765479000082 ], [ -150.025303151999964, 64.193368479000071 ], [ -150.030035344999959, 64.194713426000078 ], [ -150.030178915999983, 64.194754230000058 ], [ -150.030345154999964, 64.194801477000055 ], [ -150.032529753999967, 64.195403929000065 ], [ -150.033833796999971, 64.195763548000059 ], [ -150.035330967999982, 64.196176422000065 ], [ -150.035331154999966, 64.196176474000083 ], [ -150.040428155999962, 64.197607477000076 ], [ -150.042531293999957, 64.198936710000055 ], [ -150.04317728999996, 64.199344995000047 ], [ -150.044325156999975, 64.200070475000075 ], [ -150.04524153899996, 64.200663759000065 ], [ -150.047488502999983, 64.202118489000043 ], [ -150.048222159999966, 64.202593474000082 ], [ -150.051122540999984, 64.204467781000062 ], [ -150.051868323999969, 64.204949728000031 ], [ -150.052120159999959, 64.205112477000057 ], [ -150.052120837999979, 64.20511291300005 ], [ -150.052233083999965, 64.205184571000075 ], [ -150.056070164999966, 64.207634472000052 ], [ -150.058277918999977, 64.211465760000067 ], [ -150.058481167999958, 64.211818472000061 ], [ -150.05959089199996, 64.213727608000056 ], [ -150.060805902999959, 64.215817878000053 ], [ -150.060944876999969, 64.216056968000032 ], [ -150.060945168999979, 64.216057472000045 ], [ -150.063350175999972, 64.220240471000068 ], [ -150.065814179999961, 64.224479469000073 ], [ -150.066903178999979, 64.228373471000054 ], [ -150.066903223999958, 64.228373631000068 ], [ -150.067374377999982, 64.229998625000064 ], [ -150.068050187999972, 64.232329468000046 ], [ -150.067078189999961, 64.236109469000041 ], [ -150.067078273999982, 64.23610956300007 ], [ -150.067985245999978, 64.237116829000058 ], [ -150.070225191999981, 64.239604469000028 ], [ -150.073381196999975, 64.243096468000033 ], [ -150.075464386999982, 64.245368623000047 ], [ -150.075869815999965, 64.24581082900005 ], [ -150.076589199999972, 64.246595467000077 ], [ -150.080788793999972, 64.24864212500006 ], [ -150.081026728999973, 64.248758082000052 ], [ -150.081173201999974, 64.248829465000028 ], [ -150.082804220999975, 64.249623289000056 ], [ -150.085761202999976, 64.251062464000029 ], [ -150.087571352999959, 64.251946004000047 ], [ -150.088822640999979, 64.252556761000051 ], [ -150.090342203999967, 64.253298464000068 ], [ -150.093435179999972, 64.254805469000075 ], [ -150.094925207999978, 64.255531463000068 ], [ -150.097634659999983, 64.256851906000065 ], [ -150.099509208999962, 64.257765462000066 ], [ -150.102031468999968, 64.25899604600005 ], [ -150.102490923999966, 64.259220209000034 ], [ -150.104092211999983, 64.260001461000058 ], [ -150.104470799999973, 64.26018580200008 ], [ -150.108677660999973, 64.262234192000051 ], [ -150.108678210999983, 64.262234460000059 ], [ -150.112605867999974, 64.262835160000066 ], [ -150.113948213999976, 64.26304046000007 ], [ -150.119220213999967, 64.263782459000083 ], [ -150.122125197999964, 64.264187957000047 ], [ -150.124550214999971, 64.264526458000034 ], [ -150.12489359099996, 64.264582166000082 ], [ -150.125389035999973, 64.264662546000068 ], [ -150.129820216999974, 64.265381456000057 ], [ -150.132219938999981, 64.265271055000028 ], [ -150.13468921599997, 64.265157455000065 ], [ -150.139561215999976, 64.264926454000033 ], [ -150.139986586999981, 64.264906539000037 ], [ -150.140603170999981, 64.264877673000058 ], [ -150.144430838999966, 64.264698471000031 ], [ -150.144431214999969, 64.26469845400004 ], [ -150.145769719999976, 64.265127802000052 ], [ -150.149073215999977, 64.266187453000043 ], [ -150.153770216999959, 64.267734451000081 ], [ -150.153484218999978, 64.270770451000033 ], [ -150.153484065999976, 64.27077051200007 ], [ -150.153483832999967, 64.270770605000052 ], [ -150.152105101999979, 64.271322178000048 ], [ -150.150047221999984, 64.272145452000075 ], [ -150.147844576999972, 64.273079948000031 ], [ -150.146667224999959, 64.273579452000035 ], [ -150.147169595999969, 64.275391035000041 ], [ -150.147525223999963, 64.276673452000068 ], [ -150.147525435999967, 64.27667344300005 ], [ -150.150699264999957, 64.276533361000077 ], [ -150.15092901899996, 64.276523220000058 ], [ -150.151422225999966, 64.276501452000048 ], [ -150.155107407999964, 64.276341105000029 ], [ -150.155375223999982, 64.276329452000027 ], [ -150.158986226999957, 64.277762450000068 ], [ -150.162595228999976, 64.279193449000047 ], [ -150.164103052999963, 64.279825352000046 ], [ -150.166148055999969, 64.280682377000062 ], [ -150.166148227999969, 64.280682449000039 ], [ -150.166159842999974, 64.280697039000074 ], [ -150.166680475999982, 64.281351052000048 ], [ -150.168611193999965, 64.283776399000033 ], [ -150.168611232999979, 64.283776448000083 ], [ -150.168610120999972, 64.283776476000071 ], [ -150.16633595899998, 64.283833745000038 ], [ -150.164084231999965, 64.283890449000069 ], [ -150.162859696999959, 64.283921840000062 ], [ -150.160987715999966, 64.283969829000057 ], [ -150.159559231999964, 64.28400644900006 ], [ -150.158591928999982, 64.284043886000063 ], [ -150.156715596999959, 64.284116506000032 ], [ -150.15508922799998, 64.284179449000078 ], [ -150.154557892999975, 64.285135796000077 ], [ -150.153370235999972, 64.287273451000033 ], [ -150.153370748999976, 64.287273579000043 ], [ -150.154556609999958, 64.287569819000055 ], [ -150.156591246999966, 64.288078092000035 ], [ -150.157816213999979, 64.288384101000076 ], [ -150.158642236999981, 64.288590449000083 ], [ -150.159949998999963, 64.288916894000067 ], [ -150.161603295999981, 64.289329591000069 ], [ -150.163914235999982, 64.289906449000057 ], [ -150.169239238999978, 64.29122344700005 ], [ -150.169238958999983, 64.291223504000072 ], [ -150.165575237999974, 64.291970448000029 ], [ -150.161909239999972, 64.292773448000048 ], [ -150.16116268899998, 64.292966127000057 ], [ -150.160654248999975, 64.293097351000029 ], [ -150.158356240999979, 64.293690449000053 ], [ -150.157413184999967, 64.293937613000082 ], [ -150.155854086999966, 64.294346236000081 ], [ -150.154861241999981, 64.29460645000006 ], [ -150.154861873999977, 64.294606876000046 ], [ -150.155234912999958, 64.294858495000028 ], [ -150.155606831999961, 64.295109360000083 ], [ -150.157325242999974, 64.296268449000081 ], [ -150.157992648999965, 64.296692224000083 ], [ -150.158430623999976, 64.296970320000071 ], [ -150.159848245999967, 64.297870449000072 ], [ -150.161298823999971, 64.297988535000059 ], [ -150.162722397999971, 64.298104423000041 ], [ -150.16377334699996, 64.29818997700005 ], [ -150.164086243999975, 64.298215449000054 ], [ -150.164703899999978, 64.298272932000032 ], [ -150.16838398699997, 64.298615423000058 ], [ -150.168384243999981, 64.298615447000032 ], [ -150.16967668199996, 64.299884908000081 ], [ -150.170302247999956, 64.300499353000077 ], [ -150.171478105999967, 64.301654307000035 ], [ -150.171478247999971, 64.301654447000033 ], [ -150.171040408999971, 64.30200697600003 ], [ -150.170193998999963, 64.302688470000078 ], [ -150.167639480999981, 64.304745261000051 ], [ -150.167639249999979, 64.304745447000073 ], [ -150.167549665999957, 64.30555854000005 ], [ -150.167438376999968, 64.30656864000008 ], [ -150.167298294999966, 64.307840078000083 ], [ -150.167298253999974, 64.307840447000046 ], [ -150.168419434999976, 64.307442191000064 ], [ -150.170848252999974, 64.306579446000057 ], [ -150.173689593999967, 64.30557073600005 ], [ -150.17440025099998, 64.305318445000069 ], [ -150.175592894999966, 64.305041005000078 ], [ -150.177839249999977, 64.304518446000031 ], [ -150.179173110999983, 64.304183816000034 ], [ -150.18127524999997, 64.303656445000058 ], [ -150.183507479999975, 64.304240719000063 ], [ -150.185000250999963, 64.304631444000051 ], [ -150.188781250999966, 64.305662443000074 ], [ -150.189584254999971, 64.308929443000068 ], [ -150.189583512999974, 64.308929749000072 ], [ -150.187025922999965, 64.309984959000076 ], [ -150.185975256999967, 64.31041844300006 ], [ -150.182364318999959, 64.311965417000067 ], [ -150.182364257999978, 64.311965443000076 ], [ -150.181830702999974, 64.312855739000042 ], [ -150.181492357999957, 64.313420305000079 ], [ -150.180303416999976, 64.315404182000066 ], [ -150.180303304999967, 64.315404369000078 ], [ -150.18030325899997, 64.31540444500007 ], [ -150.183970260999956, 64.315976444000057 ], [ -150.187636259999977, 64.316551443000037 ], [ -150.187636549999979, 64.316551369000081 ], [ -150.188975824999972, 64.316211849000069 ], [ -150.192622258999961, 64.315287442000056 ], [ -150.197055525999957, 64.314178685000059 ], [ -150.197193065999983, 64.314144286000044 ], [ -150.197664257999975, 64.314026442000056 ], [ -150.199688707999968, 64.31352133300004 ], [ -150.202706255999971, 64.312768445000074 ], [ -150.204891857999968, 64.313341426000079 ], [ -150.206200257999967, 64.313684440000031 ], [ -150.208187150999976, 64.314197241000045 ], [ -150.208862788999966, 64.314371617000063 ], [ -150.209753262999982, 64.314601442000082 ], [ -150.208378261999968, 64.317637439000066 ], [ -150.207732882999977, 64.319181061000052 ], [ -150.207061264999965, 64.320787440000061 ], [ -150.210679475999967, 64.323456105000048 ], [ -150.211645172999965, 64.324168369000063 ], [ -150.211645267999984, 64.324168439000061 ], [ -150.212091878999956, 64.324880824000047 ], [ -150.212770052999957, 64.325962572000037 ], [ -150.21329198799998, 64.326795105000031 ], [ -150.213764269999956, 64.327548437000075 ], [ -150.214659016999974, 64.328937387000053 ], [ -150.215942138999964, 64.33092922600008 ], [ -150.215942159999969, 64.330929258000083 ], [ -150.215942274999975, 64.330929436000076 ], [ -150.21502209099998, 64.333312395000064 ], [ -150.214570276999979, 64.33448243600003 ], [ -150.214737323999969, 64.335765197000057 ], [ -150.214781487999971, 64.336104337000052 ], [ -150.215025279999963, 64.337976437000066 ], [ -150.215156927999971, 64.338974208000081 ], [ -150.215486283999979, 64.341470437000055 ], [ -150.215486633999973, 64.341470667000067 ], [ -150.21635574299998, 64.342042087000038 ], [ -150.219150285999973, 64.343879435000076 ], [ -150.220278995999962, 64.344619093000063 ], [ -150.220951622999962, 64.345059874000071 ], [ -150.222820288999969, 64.34628443400004 ], [ -150.223869730999979, 64.346973184000035 ], [ -150.224766811999984, 64.347561939000059 ], [ -150.225705113999965, 64.348177748000069 ], [ -150.226486289999968, 64.348690434000048 ], [ -150.230211220999962, 64.351154388000054 ], [ -150.230211290999961, 64.35115443400008 ], [ -150.228789331999963, 64.351917806000074 ], [ -150.227117292999964, 64.352815433000046 ], [ -150.226641640999958, 64.353057559000035 ], [ -150.226136986999961, 64.353314447000059 ], [ -150.224937687999983, 64.353924938000034 ], [ -150.223964293999984, 64.354420434000076 ], [ -150.222308049999981, 64.355079358000069 ], [ -150.220916778999964, 64.355632863000039 ], [ -150.220073295999981, 64.355968435000079 ], [ -150.216175581999977, 64.35751532200004 ], [ -150.216175296999978, 64.357515435000039 ], [ -150.217281993999961, 64.360027610000031 ], [ -150.217574188999976, 64.360690885000054 ], [ -150.217664299999967, 64.360895435000032 ], [ -150.218907822999967, 64.36113030100006 ], [ -150.220989302999982, 64.361523433000059 ], [ -150.222673243999964, 64.361902092000037 ], [ -150.224311302999979, 64.362270434000038 ], [ -150.226188635999961, 64.361719638000068 ], [ -150.22860929999996, 64.36100943200006 ], [ -150.231723864999964, 64.360082706000071 ], [ -150.232847300999964, 64.35974843300005 ], [ -150.232847410999966, 64.359748474000071 ], [ -150.232847753999977, 64.359748603000071 ], [ -150.232960313999968, 64.359790775000079 ], [ -150.23316159899997, 64.359866188000069 ], [ -150.236144836999983, 64.360983885000053 ], [ -150.236517300999964, 64.361123432000056 ], [ -150.237465749999984, 64.361488847000032 ], [ -150.240238959999971, 64.362557299000059 ], [ -150.240239301999964, 64.362557430000038 ], [ -150.240238954999967, 64.362557701000071 ], [ -150.236345304999958, 64.365593431000036 ], [ -150.234970396999984, 64.366644542000074 ], [ -150.234252497999961, 64.367193372000031 ], [ -150.23336185499997, 64.367874264000079 ], [ -150.232447306999973, 64.368573431000073 ], [ -150.232447666999974, 64.36857343500003 ], [ -150.232447994999973, 64.368573438000055 ], [ -150.234410498999978, 64.368593622000049 ], [ -150.237892306999981, 64.368629431000045 ], [ -150.242517257999964, 64.368726314000071 ], [ -150.243334308999977, 64.368743429000062 ], [ -150.245530288999959, 64.368767090000063 ], [ -150.248717307999982, 64.36880142900003 ], [ -150.249894434999959, 64.368825805000029 ], [ -150.254222307999981, 64.368915427000047 ], [ -150.258064308999963, 64.370576428000049 ], [ -150.258900077999982, 64.370956703000047 ], [ -150.258944775999964, 64.37097704100006 ], [ -150.26184231199997, 64.37229542700004 ], [ -150.265611358999962, 64.373956050000061 ], [ -150.265678410999982, 64.373985593000043 ], [ -150.265739311999965, 64.374012426000036 ], [ -150.26354988099996, 64.37655171800003 ], [ -150.263344062999977, 64.376790424000035 ], [ -150.263217314999963, 64.376937425000051 ], [ -150.263217279999964, 64.376937432000034 ], [ -150.259453186999963, 64.377642122000054 ], [ -150.258634314999966, 64.377795426000034 ], [ -150.258262238999976, 64.377869858000054 ], [ -150.254050317999969, 64.378712427000039 ], [ -150.252635392999963, 64.378999164000049 ], [ -150.251649397999984, 64.379198978000034 ], [ -150.249525844999965, 64.379629320000049 ], [ -150.249525318999957, 64.379629427000054 ], [ -150.251608001999983, 64.380983353000033 ], [ -150.251747033999976, 64.381073736000076 ], [ -150.254109319999969, 64.382609427000034 ], [ -150.256000977999975, 64.382587662000049 ], [ -150.258269483999982, 64.382561562000035 ], [ -150.258888134999978, 64.38255444400005 ], [ -150.259150320999964, 64.382551427000067 ], [ -150.264134236999979, 64.382493429000078 ], [ -150.264134318999965, 64.382493429000078 ], [ -150.26917831999998, 64.382493427000043 ], [ -150.269463811999969, 64.382487112000035 ], [ -150.274334320999969, 64.382379423000032 ], [ -150.279434319999979, 64.382379423000032 ], [ -150.281636345999971, 64.382354220000082 ], [ -150.281858218999957, 64.382351681000046 ], [ -150.284589319999981, 64.382320422000078 ], [ -150.285993831999974, 64.384484825000072 ], [ -150.286709322999968, 64.385587422000071 ], [ -150.290148325999979, 64.389023420000058 ], [ -150.292494135999959, 64.391369910000037 ], [ -150.292767879999957, 64.39164373400007 ], [ -150.293586327999975, 64.392462419000083 ], [ -150.295333702999983, 64.394209791000037 ], [ -150.29708102799998, 64.395957114000055 ], [ -150.297081331999976, 64.39595741800008 ], [ -150.29519533399997, 64.399165419000042 ], [ -150.294755223999971, 64.399924175000081 ], [ -150.293300337999966, 64.402432418000046 ], [ -150.29329961199997, 64.402432693000037 ], [ -150.289520338999978, 64.403865420000045 ], [ -150.289004546999962, 64.404076289000045 ], [ -150.287289974999965, 64.404777252000031 ], [ -150.285736339999971, 64.405412419000072 ], [ -150.28195652499997, 64.406498366000051 ], [ -150.281956340999983, 64.406498419000059 ], [ -150.279674176999976, 64.407166147000055 ], [ -150.278840982999981, 64.40740992800005 ], [ -150.27823434299998, 64.407587422000063 ], [ -150.278593550999972, 64.408281396000064 ], [ -150.278886626999963, 64.408847605000062 ], [ -150.279836271999983, 64.410682277000035 ], [ -150.279836345999968, 64.410682420000057 ], [ -150.280649475999979, 64.410847266000076 ], [ -150.28247770699997, 64.411217904000068 ], [ -150.283575321999962, 64.411440423000045 ], [ -150.283792346999974, 64.411484420000079 ], [ -150.284037351999984, 64.411531294000042 ], [ -150.285538229999958, 64.411818442000083 ], [ -150.286624174999957, 64.412026205000075 ], [ -150.28768570699998, 64.412229297000067 ], [ -150.287686279999974, 64.412229407000041 ], [ -150.287686347999966, 64.412229420000074 ], [ -150.284995347999967, 64.41389042000003 ], [ -150.283938450999983, 64.414519853000058 ], [ -150.28230050999997, 64.415495325000052 ], [ -150.282300349999957, 64.41549542000007 ], [ -150.282300937999963, 64.415495609000061 ], [ -150.285681350999965, 64.416584420000049 ], [ -150.287504663999982, 64.417140583000048 ], [ -150.289061351999976, 64.417615418000082 ], [ -150.290619740999972, 64.418032700000083 ], [ -150.293128351999968, 64.418704418000061 ], [ -150.297142157999957, 64.419851360000052 ], [ -150.297142353999959, 64.419851416000029 ], [ -150.297141855999968, 64.419851424000058 ], [ -150.295697075999982, 64.419875355000045 ], [ -150.293761352999979, 64.419907418000037 ], [ -150.290378352999966, 64.41996541900005 ], [ -150.288800255999973, 64.421018141000047 ], [ -150.287975354999958, 64.421568418000049 ], [ -150.285821888999976, 64.423146407000047 ], [ -150.285625355999969, 64.423290419000068 ], [ -150.286965365999976, 64.42405984100003 ], [ -150.287318534999969, 64.424262627000076 ], [ -150.28831435799998, 64.424834419000035 ], [ -150.288718022999973, 64.425061151000079 ], [ -150.289310538999956, 64.42539395600005 ], [ -150.290576969999961, 64.426105289000077 ], [ -150.291069824999965, 64.42638211700006 ], [ -150.291070360999981, 64.42638241800006 ], [ -150.287631361999956, 64.429304418000072 ], [ -150.287630929999978, 64.42930450800003 ], [ -150.285313198999972, 64.429789844000084 ], [ -150.28476244999996, 64.42990517100003 ], [ -150.284078362999963, 64.430048419000059 ], [ -150.283435545999964, 64.43018548200007 ], [ -150.283162343999976, 64.430243735000033 ], [ -150.281345517999966, 64.430631125000048 ], [ -150.280584363999964, 64.430793421000033 ], [ -150.276631364999957, 64.43136841900008 ], [ -150.272734367999959, 64.431882421000068 ], [ -150.269825509999976, 64.434022802000072 ], [ -150.268839774999975, 64.434748121000041 ], [ -150.26883936699997, 64.434748421000052 ], [ -150.268839634999978, 64.434748497000044 ], [ -150.270278306999984, 64.43515547800007 ], [ -150.272275368999971, 64.435720421000042 ], [ -150.275714370999964, 64.436695420000035 ], [ -150.279097367999981, 64.436409414000082 ], [ -150.279097435999972, 64.436409407000042 ], [ -150.281441175999959, 64.436170736000065 ], [ -150.281951245999977, 64.436118793000048 ], [ -150.282475368999968, 64.436065418000055 ], [ -150.284576553999983, 64.435098371000038 ], [ -150.286084365999983, 64.434404417000053 ], [ -150.288377855999983, 64.43339968600003 ], [ -150.289750365999964, 64.432798418000061 ], [ -150.293761365999984, 64.431995416000063 ], [ -150.295696223999983, 64.431646440000065 ], [ -150.297886363999964, 64.431251420000081 ], [ -150.297600404999969, 64.434232025000028 ], [ -150.297600379999977, 64.434232285000064 ], [ -150.297600366999973, 64.434232416000043 ], [ -150.294684171999961, 64.435715489000074 ], [ -150.294564368999971, 64.435776416000067 ], [ -150.294501089999983, 64.43580989000003 ], [ -150.294454610999964, 64.435834476000082 ], [ -150.291528878999969, 64.43738214800004 ], [ -150.291528746999973, 64.437382218000039 ], [ -150.29152836999998, 64.437382417000038 ], [ -150.294919564999958, 64.440433403000043 ], [ -150.294967301999975, 64.440476354000054 ], [ -150.294967373999981, 64.440476415000035 ], [ -150.298403370999978, 64.439329415000032 ], [ -150.300681103999977, 64.43861970100005 ], [ -150.301898369999975, 64.438240415000053 ], [ -150.305567369999977, 64.437382414000069 ], [ -150.308815342999964, 64.436621571000046 ], [ -150.309065146999984, 64.436563054000032 ], [ -150.309234369999984, 64.436523413000032 ], [ -150.312211363999978, 64.439445422000063 ], [ -150.31005834299998, 64.442411365000055 ], [ -150.309634373999984, 64.442995414000052 ], [ -150.309209888999959, 64.443580440000062 ], [ -150.30705637799997, 64.446548414000063 ], [ -150.306619156999972, 64.44716083000003 ], [ -150.306457100999978, 64.447387821000063 ], [ -150.305084978999957, 64.449309752000033 ], [ -150.304478380999967, 64.450159413000051 ], [ -150.304478543999977, 64.450159510000049 ], [ -150.305242067999984, 64.450613442000076 ], [ -150.309006382999968, 64.452851413000076 ], [ -150.311084672999982, 64.454046780000056 ], [ -150.311686177999974, 64.454392746000053 ], [ -150.313589386999979, 64.455487411000036 ], [ -150.318172387999965, 64.45817941100006 ], [ -150.318829351999966, 64.458606837000048 ], [ -150.321784391999984, 64.460529410000049 ], [ -150.325392387999983, 64.462879415000032 ], [ -150.325392627999975, 64.462879574000056 ], [ -150.326559438999965, 64.463669373000073 ], [ -150.328945394999977, 64.465284409000049 ], [ -150.328945059999967, 64.465284656000051 ], [ -150.328944941999964, 64.465284743000041 ], [ -150.327722624999979, 64.466185372000041 ], [ -150.326536397999973, 64.467059409000058 ], [ -150.324468545999963, 64.468504636000034 ], [ -150.324358559999979, 64.468581505000031 ], [ -150.324075396999973, 64.468779409000035 ], [ -150.319943020999972, 64.468451509000033 ], [ -150.319034396999967, 64.468379410000068 ], [ -150.317094612999966, 64.46820282200008 ], [ -150.313992397999982, 64.46792041100008 ], [ -150.312889345999963, 64.467831477000061 ], [ -150.311457250999979, 64.467716013000029 ], [ -150.309006396999962, 64.467518411000071 ], [ -150.307321053999971, 64.467498794000051 ], [ -150.304792702999976, 64.467469365000056 ], [ -150.304579702999973, 64.467466886000068 ], [ -150.304195395999983, 64.467462412000032 ], [ -150.303412555999984, 64.467452859000048 ], [ -150.301256755999958, 64.467426553000053 ], [ -150.299442396999979, 64.467404414000043 ], [ -150.297743008999959, 64.467384178000032 ], [ -150.296449953999968, 64.467368781000062 ], [ -150.295153613999958, 64.467353346000039 ], [ -150.29473939899998, 64.467348414000071 ], [ -150.293504243999962, 64.467899383000031 ], [ -150.293138126999963, 64.46806269800004 ], [ -150.291531397999961, 64.468779416000075 ], [ -150.290687240999972, 64.469178983000063 ], [ -150.289786014999976, 64.469605563000073 ], [ -150.288945439999964, 64.470003435000081 ], [ -150.288381398999974, 64.470270414000083 ], [ -150.288381581999971, 64.470270559000028 ], [ -150.288381633999961, 64.470270600000049 ], [ -150.290495494999959, 64.471944777000033 ], [ -150.292506402999976, 64.473537415000067 ], [ -150.29384313099996, 64.474581213000079 ], [ -150.294013245999963, 64.474714049000056 ], [ -150.296686405999964, 64.476801414000079 ], [ -150.299231502999959, 64.478848085000038 ], [ -150.300817409999979, 64.480123413000058 ], [ -150.300817343999967, 64.480123474000038 ], [ -150.300817281999969, 64.48012353200005 ], [ -150.297664410999971, 64.483045412000081 ], [ -150.294214255999975, 64.483253016000049 ], [ -150.294179926999959, 64.483255082000028 ], [ -150.293825412999979, 64.483276414000045 ], [ -150.290045411999984, 64.483504414000038 ], [ -150.288697088999982, 64.483321368000077 ], [ -150.287889455999959, 64.483211725000046 ], [ -150.286664411999965, 64.48304541400006 ], [ -150.283535366999956, 64.482668989000047 ], [ -150.283339415999961, 64.482645426000033 ], [ -150.28316673499998, 64.482299849000071 ], [ -150.282395869999959, 64.480757160000053 ], [ -150.281736407999972, 64.479437416000053 ], [ -150.280908260999979, 64.477720097000031 ], [ -150.280189405999977, 64.476229416000081 ], [ -150.279312303999973, 64.475102117000063 ], [ -150.278979258999982, 64.474674070000049 ], [ -150.278455286999957, 64.47400063200007 ], [ -150.277381401999975, 64.47262041700003 ], [ -150.274684397999977, 64.469068418000063 ], [ -150.274684298999972, 64.46906843000005 ], [ -150.274684212999972, 64.469068440000058 ], [ -150.272242766999966, 64.469354170000031 ], [ -150.272073649999982, 64.469373962000077 ], [ -150.270275399999974, 64.469584418000068 ], [ -150.269555896999975, 64.469660746000045 ], [ -150.268892148999981, 64.469731160000038 ], [ -150.26592040099996, 64.470046419000028 ], [ -150.262945014999957, 64.47201294100006 ], [ -150.262181548999962, 64.472517538000034 ], [ -150.261853402999975, 64.472734420000052 ], [ -150.260337427999957, 64.473773796000046 ], [ -150.25784240699997, 64.475484420000043 ], [ -150.253773407999972, 64.478120421000028 ], [ -150.249822411999958, 64.480870421000077 ], [ -150.249822029999962, 64.480870345000028 ], [ -150.244950408999983, 64.479898422000076 ], [ -150.241857074999984, 64.479271526000048 ], [ -150.240139407999976, 64.478923423000083 ], [ -150.23919384499996, 64.478723519000027 ], [ -150.238888100999958, 64.478658881000058 ], [ -150.235267406999981, 64.477893424000058 ], [ -150.230456407999981, 64.476918424000075 ], [ -150.229723570999965, 64.47677030400007 ], [ -150.228189949999972, 64.476460330000066 ], [ -150.226946443999964, 64.476208995000036 ], [ -150.225642405999963, 64.475945425000077 ], [ -150.221406813999977, 64.476043409000056 ], [ -150.220714405999956, 64.476059427000052 ], [ -150.219937970999979, 64.476077389000068 ], [ -150.215786407999957, 64.476173428000038 ], [ -150.213743293999983, 64.476223115000039 ], [ -150.213336536999975, 64.476233007000076 ], [ -150.210975567999981, 64.476290424000069 ], [ -150.210975406999978, 64.476290428000027 ], [ -150.208911409999956, 64.479843427000048 ], [ -150.212350413999957, 64.483051428000067 ], [ -150.213471335999969, 64.483397896000042 ], [ -150.213472225999965, 64.483398171000033 ], [ -150.216420414999959, 64.484309427000028 ], [ -150.218038277999966, 64.484841857000049 ], [ -150.218940033999957, 64.485138620000043 ], [ -150.219787177999962, 64.485417411000071 ], [ -150.220431415999968, 64.48562942600006 ], [ -150.225128417999969, 64.487001425000074 ], [ -150.229884418999973, 64.488379424000073 ], [ -150.230463943999979, 64.48854169100008 ], [ -150.231066127999981, 64.488710302000072 ], [ -150.234584418999958, 64.489695423000057 ], [ -150.23731615899996, 64.489188302000059 ], [ -150.239222417999969, 64.488834423000071 ], [ -150.242369220999961, 64.488252785000043 ], [ -150.243482515999972, 64.488047010000059 ], [ -150.243656863999973, 64.488014785000075 ], [ -150.24386441599998, 64.487976422000031 ], [ -150.245559123999982, 64.487662087000047 ], [ -150.248506415999969, 64.487115421000055 ], [ -150.250411790999976, 64.486740014000077 ], [ -150.253145416999956, 64.486201420000043 ], [ -150.255489680999972, 64.485800900000072 ], [ -150.257845414999963, 64.485398420000081 ], [ -150.261109415999982, 64.486945419000051 ], [ -150.264434416999961, 64.488490417000037 ], [ -150.265087475999962, 64.491708091000078 ], [ -150.265120416999963, 64.491870391000077 ], [ -150.265120421999967, 64.491870418000076 ], [ -150.264639285999976, 64.49328597300007 ], [ -150.263289421999957, 64.497257417000071 ], [ -150.261570430999967, 64.502701418000072 ], [ -150.261164323999964, 64.502928674000032 ], [ -150.258189432999984, 64.50459341800007 ], [ -150.25777661799998, 64.50482025000008 ], [ -150.256895306999979, 64.50530451000003 ], [ -150.254753434999969, 64.506481419000067 ], [ -150.25343134299996, 64.507244556000046 ], [ -150.251373435999966, 64.50843241900003 ], [ -150.250006411999976, 64.508466118000058 ], [ -150.248751995999982, 64.508497041000055 ], [ -150.246789433999965, 64.508545420000075 ], [ -150.245681125999965, 64.508572989000072 ], [ -150.242206435999975, 64.508659420000072 ], [ -150.239428871999962, 64.50772246300005 ], [ -150.237620434999968, 64.507112422000034 ], [ -150.234449963999964, 64.506003726000074 ], [ -150.233036432999967, 64.505509422000046 ], [ -150.232712875999965, 64.505394658000057 ], [ -150.231876338999967, 64.505097941000031 ], [ -150.230326214999963, 64.504548118000059 ], [ -150.228511432999966, 64.503904423000051 ], [ -150.225716123999973, 64.502962082000067 ], [ -150.22392843199998, 64.502359424000076 ], [ -150.223030568999974, 64.502045192000082 ], [ -150.221626763999978, 64.501553892000061 ], [ -150.221237113999962, 64.501417523000043 ], [ -150.219342428999965, 64.500754425000082 ], [ -150.218306284999983, 64.500664181000047 ], [ -150.216985727999969, 64.500549165000052 ], [ -150.21407242799998, 64.500295426000037 ], [ -150.209307282999958, 64.499937818000035 ], [ -150.208742427999965, 64.49989542700007 ], [ -150.206152723999963, 64.499695762000044 ], [ -150.204742287999977, 64.499587017000067 ], [ -150.203528428999959, 64.499493428000051 ], [ -150.20169543199998, 64.502704428000072 ], [ -150.199920434999967, 64.506026427000052 ], [ -150.202670438999974, 64.509751428000072 ], [ -150.206911438999981, 64.511870427000076 ], [ -150.207714424999978, 64.512272014000075 ], [ -150.208598562999981, 64.512714186000039 ], [ -150.209002995999981, 64.512916450000034 ], [ -150.211150441999962, 64.513990426000078 ], [ -150.212766725999984, 64.514787471000034 ], [ -150.21498869499996, 64.515883200000076 ], [ -150.215267879999971, 64.516020876000027 ], [ -150.215447443999977, 64.516109425000082 ], [ -150.216123863999968, 64.516443071000083 ], [ -150.216342252999965, 64.516550792000032 ], [ -150.21974463799998, 64.518229025000039 ], [ -150.219745017999969, 64.518229212000051 ], [ -150.21974544699998, 64.518229424000083 ], [ -150.21974463799998, 64.518229863000045 ], [ -150.21936039299996, 64.518438180000032 ], [ -150.217137498999961, 64.519643315000053 ], [ -150.216962729999977, 64.519738066000059 ], [ -150.216364446999961, 64.520062424000059 ], [ -150.212986768999968, 64.521840257000065 ], [ -150.21298644999996, 64.52184042500005 ], [ -150.209261449999957, 64.522068426000033 ], [ -150.206781779999972, 64.52222153200006 ], [ -150.205805068999979, 64.522281839000073 ], [ -150.205536449999983, 64.522298425000031 ], [ -150.201984447999962, 64.521323427000027 ], [ -150.198431446999962, 64.520348428000034 ], [ -150.194420445999981, 64.518345428000032 ], [ -150.192547562999977, 64.517436303000068 ], [ -150.190409443999982, 64.516398429000049 ], [ -150.186400441999979, 64.514448430000073 ], [ -150.18349759299997, 64.515261688000066 ], [ -150.182507768999983, 64.515538996000032 ], [ -150.182106442999981, 64.515651431000038 ], [ -150.180971437999972, 64.515999588000057 ], [ -150.177806444999959, 64.516970431000061 ], [ -150.17780636699996, 64.516970783000033 ], [ -150.177117447999962, 64.520065431000035 ], [ -150.177092543999976, 64.520585513000071 ], [ -150.177054271999964, 64.521384729000033 ], [ -150.176947451999979, 64.523615431000053 ], [ -150.17815045499998, 64.526882431000047 ], [ -150.179411444999971, 64.530204394000066 ], [ -150.179411457999976, 64.530204430000083 ], [ -150.178950671999957, 64.530501850000064 ], [ -150.174884459999959, 64.533126431000028 ], [ -150.174884082999966, 64.533126352000068 ], [ -150.17488381299998, 64.533126295000045 ], [ -150.17437922199997, 64.533020076000071 ], [ -150.172086330999974, 64.532537409000042 ], [ -150.169725459999967, 64.532040432000031 ], [ -150.164628457999981, 64.530951433000041 ], [ -150.162117781999967, 64.530386778000036 ], [ -150.159528456999965, 64.529804434000027 ], [ -150.156408698999968, 64.52890678600005 ], [ -150.155347454999969, 64.528601434000052 ], [ -150.154843386999971, 64.528463457000043 ], [ -150.154105253999973, 64.528261411000074 ], [ -150.151164454999957, 64.527456435000033 ], [ -150.150019456999956, 64.52765542700007 ], [ -150.148741480999973, 64.527877529000079 ], [ -150.147273045999981, 64.528132732000074 ], [ -150.147211993999974, 64.528143347000082 ], [ -150.147211453999972, 64.52814343600005 ], [ -150.147054517999976, 64.528173077000076 ], [ -150.143256457999968, 64.52889043600004 ], [ -150.142268511999958, 64.530491656000038 ], [ -150.141640333999959, 64.531509778000043 ], [ -150.141136458999966, 64.532326436000062 ], [ -150.142375967999982, 64.533020547000035 ], [ -150.144920461999959, 64.534445436000055 ], [ -150.148645464999959, 64.536509435000028 ], [ -150.152043315999975, 64.538385815000083 ], [ -150.152043735999968, 64.538386047000074 ], [ -150.152484465999976, 64.53862943300004 ], [ -150.154468600999962, 64.53894573000008 ], [ -150.156239767999978, 64.539228076000029 ], [ -150.156436467999981, 64.539259433000041 ], [ -150.157605076999971, 64.539428827000052 ], [ -150.16038946599997, 64.539832433000072 ], [ -150.162196613999981, 64.539811155000052 ], [ -150.165145466999974, 64.539776433000043 ], [ -150.169900466999962, 64.53971843100004 ], [ -150.17272421399997, 64.539683823000075 ], [ -150.174714466999973, 64.539659430000029 ], [ -150.177456179999979, 64.539727726000081 ], [ -150.17844042699997, 64.539752243000066 ], [ -150.178909622999981, 64.539763930000049 ], [ -150.179411466999966, 64.539776430000074 ], [ -150.180190107999977, 64.539804116000028 ], [ -150.18416446599997, 64.539945429000056 ], [ -150.186554556999965, 64.54003231300004 ], [ -150.188246092999975, 64.540093804000037 ], [ -150.188923044999967, 64.540118413000073 ], [ -150.188923465999977, 64.540118428000028 ], [ -150.188923514999971, 64.540118621000033 ], [ -150.189354578999968, 64.541811696000082 ], [ -150.189493780999982, 64.542358432000071 ], [ -150.189725469999956, 64.543268427000044 ], [ -150.19207547299996, 64.547279427000035 ], [ -150.192898128999957, 64.547459347000029 ], [ -150.193539064999982, 64.547599524000077 ], [ -150.194686779999984, 64.547850538000034 ], [ -150.195742474999975, 64.548081426000067 ], [ -150.199167803999984, 64.548859621000076 ], [ -150.199384961999982, 64.548908957000037 ], [ -150.199523363999958, 64.548940400000049 ], [ -150.199523474999978, 64.548940425000069 ], [ -150.201081774999977, 64.54949715500004 ], [ -150.203534476999977, 64.550373425000032 ], [ -150.206017686999957, 64.551308316000075 ], [ -150.207438942999971, 64.551843398000074 ], [ -150.207489475999978, 64.551862421000067 ], [ -150.206478210999961, 64.555046108000056 ], [ -150.206395928999967, 64.555305132000058 ], [ -150.206342468999964, 64.55547342300008 ], [ -150.206341841999972, 64.555473403000065 ], [ -150.202617481999965, 64.555356424000081 ], [ -150.202049211999963, 64.555348158000072 ], [ -150.199283101999981, 64.555307922000054 ], [ -150.198836480999972, 64.555301425000039 ], [ -150.197723146999977, 64.555273732000046 ], [ -150.196161383999964, 64.555234884000072 ], [ -150.194253480999976, 64.555187426000032 ], [ -150.194008572999962, 64.555184326000074 ], [ -150.193549068999971, 64.555178511000065 ], [ -150.19007644399997, 64.55513456500006 ], [ -150.189670480999979, 64.555129427000054 ], [ -150.186732818999957, 64.555093988000067 ], [ -150.18595548899998, 64.555084610000051 ], [ -150.185028479999971, 64.555073427000082 ], [ -150.183804443999975, 64.555527144000052 ], [ -150.182536923999976, 64.555996980000032 ], [ -150.18235943199997, 64.556062771000029 ], [ -150.181475480999978, 64.556390428000043 ], [ -150.177867612999961, 64.557707379000078 ], [ -150.177867481999982, 64.557707427000082 ], [ -150.178551963999979, 64.559235663000038 ], [ -150.179586485999977, 64.561545428000045 ], [ -150.180907485999967, 64.564402501000075 ], [ -150.181361455999962, 64.565384354000059 ], [ -150.181361489999972, 64.565384427000083 ], [ -150.181361747999972, 64.565384456000061 ], [ -150.182041947999977, 64.565461608000078 ], [ -150.184914489999983, 64.565787426000043 ], [ -150.188525489999961, 64.56624542600008 ], [ -150.191444650999983, 64.566383768000037 ], [ -150.193336490999968, 64.566473425000083 ], [ -150.194866671999961, 64.566563232000078 ], [ -150.198209490999972, 64.566759425000043 ], [ -150.203078490999957, 64.567045424000071 ], [ -150.206133851999965, 64.567904457000054 ], [ -150.206745491999982, 64.568076423000036 ], [ -150.207079653999983, 64.568175687000064 ], [ -150.208287487999968, 64.56853447900005 ], [ -150.210411491999963, 64.569165422000083 ], [ -150.210411514999976, 64.569165485000042 ], [ -150.211159604999978, 64.571196903000043 ], [ -150.211845496999956, 64.573059422000028 ], [ -150.211845418999957, 64.573059490000048 ], [ -150.211845195999956, 64.573059686000079 ], [ -150.21163690299997, 64.573233473000073 ], [ -150.208409499999959, 64.575926422000066 ], [ -150.207174289999983, 64.576437405000036 ], [ -150.204111499999982, 64.577704423000057 ], [ -150.203447026999982, 64.577977012000076 ], [ -150.203082900999959, 64.578126388000044 ], [ -150.201564656999977, 64.578749220000077 ], [ -150.199928501999977, 64.579420423000045 ], [ -150.197910642999972, 64.580294878000075 ], [ -150.196569048999976, 64.580876267000065 ], [ -150.195689504999962, 64.581257424000057 ], [ -150.193595974999965, 64.582105393000063 ], [ -150.191445506999969, 64.582976424000037 ], [ -150.187267507999962, 64.584807424000076 ], [ -150.182339509999963, 64.586354426000071 ], [ -150.177414660999972, 64.587901373000079 ], [ -150.17741450799997, 64.587901422000073 ], [ -150.172484512999972, 64.589507427000058 ], [ -150.171132682999968, 64.589952115000074 ], [ -150.169252119999982, 64.59057073200006 ], [ -150.168975414999977, 64.590661755000042 ], [ -150.167614514999968, 64.591109427000049 ], [ -150.165336490999977, 64.591323076000037 ], [ -150.163317513999971, 64.591512429000034 ], [ -150.162809575999972, 64.591574379000065 ], [ -150.162749155999961, 64.591581748000067 ], [ -150.162531616999956, 64.591608280000059 ], [ -150.159078514999976, 64.592029429000036 ], [ -150.155215959999964, 64.592441124000061 ], [ -150.155086074999957, 64.592454968000084 ], [ -150.154781514999968, 64.592487430000062 ], [ -150.154365586999972, 64.592538122000065 ], [ -150.150539896999959, 64.593004384000039 ], [ -150.15053951699997, 64.593004430000065 ], [ -150.14833679299997, 64.591811656000061 ], [ -150.147045513999984, 64.591112431000056 ], [ -150.145757737999958, 64.590415300000075 ], [ -150.14355051299998, 64.589220431000058 ], [ -150.140056510999983, 64.587387432000071 ], [ -150.136842507999972, 64.584006434000059 ], [ -150.134954738999966, 64.583063081000034 ], [ -150.133292506999965, 64.582232434000048 ], [ -150.130371471999979, 64.58081717400006 ], [ -150.130296981999976, 64.580781083000034 ], [ -150.129742568999973, 64.580512466000073 ], [ -150.129742504999967, 64.58051243500006 ], [ -150.129506236999958, 64.580505096000081 ], [ -150.126072503999978, 64.580398435000063 ], [ -150.123610237999969, 64.580284650000067 ], [ -150.122350505999975, 64.580226443000072 ], [ -150.121126946999965, 64.580568992000053 ], [ -150.118053505999967, 64.581429437000054 ], [ -150.113812265999968, 64.582632223000076 ], [ -150.11381150699998, 64.582632438000076 ], [ -150.113811574999971, 64.582632489000048 ], [ -150.118339510999959, 64.586012437000079 ], [ -150.122922160999963, 64.589393176000044 ], [ -150.122922512999963, 64.58939343600008 ], [ -150.125515590999981, 64.59062751600004 ], [ -150.126334075999978, 64.591017044000068 ], [ -150.126534513999957, 64.59111243500007 ], [ -150.130200516999963, 64.592773434000037 ], [ -150.134270518999983, 64.594837432000077 ], [ -150.135629449999982, 64.595555691000072 ], [ -150.138281521999971, 64.596957433000057 ], [ -150.142406340999969, 64.599018342000079 ], [ -150.142406521999959, 64.599018432000037 ], [ -150.142406522999977, 64.599018515000068 ], [ -150.142424544999983, 64.600032216000045 ], [ -150.14242811699998, 64.600233118000062 ], [ -150.142461525999977, 64.602112432000069 ], [ -150.142494181999979, 64.603855852000038 ], [ -150.142520527999977, 64.605262431000028 ], [ -150.142520230999963, 64.605262427000071 ], [ -150.142121204999967, 64.605256955000073 ], [ -150.140275839999958, 64.605231652000043 ], [ -150.138509527999958, 64.605207432000043 ], [ -150.135471649999971, 64.605162725000071 ], [ -150.134500527999961, 64.605148433000068 ], [ -150.129114526999956, 64.60434843400003 ], [ -150.127332378999967, 64.604102256000033 ], [ -150.123728526999969, 64.603604435000079 ], [ -150.120864712999975, 64.603234304000068 ], [ -150.118397525999967, 64.602915435000057 ], [ -150.117012057999972, 64.602741790000039 ], [ -150.115532986999966, 64.602556414000048 ], [ -150.114478520999967, 64.602424254000027 ], [ -150.114272525999979, 64.602398436000044 ], [ -150.113390454999973, 64.602302491000046 ], [ -150.110228771999971, 64.601958583000055 ], [ -150.110089525999967, 64.601943437000045 ], [ -150.110089496999962, 64.601943457000061 ], [ -150.105506854999959, 64.605207206000046 ], [ -150.105506528999967, 64.605207438000036 ], [ -150.107110242999966, 64.606057269000075 ], [ -150.108314528999983, 64.606695438000031 ], [ -150.11015447699998, 64.607769966000035 ], [ -150.111064530999982, 64.608301436000033 ], [ -150.106425534999971, 64.611337437000032 ], [ -150.104628450999968, 64.611423037000066 ], [ -150.102814535999983, 64.611509438000041 ], [ -150.099728103999979, 64.611656574000051 ], [ -150.099206534999979, 64.611681438000062 ], [ -150.099206361999961, 64.611681932000067 ], [ -150.099147317999979, 64.611856795000051 ], [ -150.099104737999966, 64.611982898000065 ], [ -150.098779909999962, 64.612944845000072 ], [ -150.097600538999984, 64.616437438000048 ], [ -150.095939541999968, 64.621251437000069 ], [ -150.09765197599998, 64.623429661000046 ], [ -150.098461546999971, 64.624459438000031 ], [ -150.097622413999972, 64.624897008000062 ], [ -150.096534610999981, 64.625464248000071 ], [ -150.095711546999979, 64.625893438000048 ], [ -150.09381001099996, 64.626903919000029 ], [ -150.093020550999967, 64.627323440000055 ], [ -150.092555786999981, 64.627262570000028 ], [ -150.090702295999961, 64.627019818000065 ], [ -150.089906239999976, 64.626915560000043 ], [ -150.089523548999978, 64.626865439000028 ], [ -150.089107856999959, 64.626823713000078 ], [ -150.08864678599997, 64.62677743100005 ], [ -150.086531599999972, 64.626565114000073 ], [ -150.086086832999968, 64.62652046900007 ], [ -150.086086546999979, 64.626520440000036 ], [ -150.085357838999983, 64.626336539000079 ], [ -150.08133154799998, 64.625320440000053 ], [ -150.076575546999976, 64.624173441000039 ], [ -150.074997783999976, 64.623769601000049 ], [ -150.071875546999962, 64.622970441000064 ], [ -150.067809545999978, 64.623198443000035 ], [ -150.066432317999983, 64.623276610000062 ], [ -150.06470652699997, 64.623374561000048 ], [ -150.063739545999965, 64.623429444000067 ], [ -150.063739195999972, 64.623429710000039 ], [ -150.062424810999971, 64.624428117000036 ], [ -150.059442867999962, 64.62669320200007 ], [ -150.059442781999962, 64.626693267000064 ], [ -150.059442548999982, 64.626693444000068 ], [ -150.061440726999962, 64.628102764000062 ], [ -150.062732800999981, 64.629014067000071 ], [ -150.063911551999979, 64.629845443000079 ], [ -150.06867025699998, 64.630876381000064 ], [ -150.068670550999968, 64.630876445000069 ], [ -150.073425552999964, 64.63190644000008 ], [ -150.078181554999958, 64.632995441000048 ], [ -150.078850847999973, 64.633767056000067 ], [ -150.080817558999968, 64.63603444000006 ], [ -150.080817400999962, 64.636034618000053 ], [ -150.078122561999976, 64.639073440000061 ], [ -150.078122531999981, 64.639073435000057 ], [ -150.077526584999958, 64.638973637000049 ], [ -150.07684541499998, 64.638859568000044 ], [ -150.075178008999984, 64.638580344000047 ], [ -150.074342558999973, 64.638440440000068 ], [ -150.072549590999984, 64.638191591000066 ], [ -150.07061755899997, 64.637923441000055 ], [ -150.066664558999975, 64.636606441000083 ], [ -150.062709558999984, 64.635287443000038 ], [ -150.060141293999976, 64.634780570000032 ], [ -150.059792160999962, 64.634711665000054 ], [ -150.057784555999973, 64.634315444000038 ], [ -150.056754160999958, 64.634121545000028 ], [ -150.055332122999971, 64.633853946000045 ], [ -150.05291155599997, 64.633398445000068 ], [ -150.047984553999981, 64.632426446000068 ], [ -150.047984516999975, 64.632426459000044 ], [ -150.047785020999981, 64.632495368000036 ], [ -150.046571684999975, 64.632914471000049 ], [ -150.044736607999965, 64.633548333000078 ], [ -150.04351455799997, 64.633970447000081 ], [ -150.040789088999958, 64.634939670000051 ], [ -150.03916232399996, 64.635518174000083 ], [ -150.039161557999961, 64.635518446000049 ], [ -150.039161758999967, 64.635518507000029 ], [ -150.042959164999957, 64.636668364000059 ], [ -150.043517557999962, 64.636837446000072 ], [ -150.044317019999966, 64.637082475000057 ], [ -150.047814560999967, 64.638154444000065 ], [ -150.050157897999981, 64.638872115000083 ], [ -150.052111562999983, 64.639470445000029 ], [ -150.054935579999977, 64.639792886000066 ], [ -150.056639561999958, 64.639987444000042 ], [ -150.058015156999971, 64.640159205000032 ], [ -150.06122056199996, 64.640559443000029 ], [ -150.062287905999966, 64.640678343000047 ], [ -150.064718261999957, 64.640949080000041 ], [ -150.065674043999962, 64.641055553000058 ], [ -150.065861561999981, 64.641076442000042 ], [ -150.066066956999975, 64.641102072000081 ], [ -150.067453459999967, 64.64127508200005 ], [ -150.068922331999971, 64.641458370000066 ], [ -150.070445563999982, 64.641648441000029 ], [ -150.072856100999957, 64.641920369000047 ], [ -150.075028563999979, 64.642165440000042 ], [ -150.076286926999984, 64.642591505000041 ], [ -150.078581563999961, 64.643368440000074 ], [ -150.080440000999971, 64.643998727000053 ], [ -150.082134565999979, 64.644573439000055 ], [ -150.082007127999958, 64.646976825000081 ], [ -150.081995181999957, 64.647202112000059 ], [ -150.081964569999968, 64.647779439000033 ], [ -150.081992441999972, 64.648490032000041 ], [ -150.082018040999969, 64.64914269500008 ], [ -150.082081572999982, 64.650762439000061 ], [ -150.086720573999969, 64.653851438000061 ], [ -150.091361131999975, 64.657059140000058 ], [ -150.091361568999957, 64.657059442000048 ], [ -150.088325577999967, 64.658720437000056 ], [ -150.085286894999967, 64.66044026000003 ], [ -150.085286580999963, 64.66044043800008 ], [ -150.085286230999969, 64.660440407000067 ], [ -150.083130253999968, 64.660247524000056 ], [ -150.083031452999961, 64.660238685000081 ], [ -150.080189580999956, 64.659984438000038 ], [ -150.079410647999964, 64.659921674000032 ], [ -150.078534968999975, 64.659851115000038 ], [ -150.075200578999983, 64.659582439000076 ], [ -150.073695030999971, 64.659462928000039 ], [ -150.070161578999972, 64.659182440000052 ], [ -150.065920581999961, 64.659754441000075 ], [ -150.065098610999968, 64.659876602000054 ], [ -150.063498697999961, 64.660114381000028 ], [ -150.061681580999959, 64.660384441000076 ], [ -150.061681439999973, 64.660384524000051 ], [ -150.061556632999981, 64.660457818000054 ], [ -150.061167299999966, 64.660686456000064 ], [ -150.059781391999962, 64.661500336000074 ], [ -150.059045582999971, 64.661932442000079 ], [ -150.057966034999964, 64.662627992000068 ], [ -150.056467582999971, 64.663593442000035 ], [ -150.05391364099998, 64.664845942000056 ], [ -150.053545585999984, 64.665026443000045 ], [ -150.050567585999971, 64.666515442000048 ], [ -150.050567312999959, 64.666515508000032 ], [ -150.048782306999982, 64.666950264000036 ], [ -150.048298217999957, 64.667068169000061 ], [ -150.045870587999957, 64.667659444000037 ], [ -150.044439341999976, 64.668004917000076 ], [ -150.041114589999978, 64.668807444000038 ], [ -150.038282543999969, 64.669532188000062 ], [ -150.038074567999956, 64.669585416000075 ], [ -150.038073637999958, 64.669585654000059 ], [ -150.036417589999957, 64.670009445000062 ], [ -150.033270840999961, 64.671403523000038 ], [ -150.032935178999963, 64.671552229000042 ], [ -150.03188959299996, 64.672015446000046 ], [ -150.031461103999959, 64.672210214000074 ], [ -150.030984673999967, 64.672426773000041 ], [ -150.027478593999973, 64.674020446000043 ], [ -150.023064596999973, 64.676084447000051 ], [ -150.018653594999961, 64.678148443000055 ], [ -150.018283603999976, 64.678375674000051 ], [ -150.016134600999976, 64.679695448000075 ], [ -150.013670600999973, 64.681295448000071 ], [ -150.00994560099997, 64.68158444900007 ], [ -150.008997309999984, 64.681673666000052 ], [ -150.008225071999959, 64.681746320000059 ], [ -150.006278601999981, 64.681929450000041 ], [ -150.003012680999973, 64.682247907000033 ], [ -150.002078680999972, 64.682338980000054 ], [ -150.001581602999977, 64.682387450000078 ], [ -149.998772335999973, 64.682698316000028 ], [ -149.996936927999968, 64.68290141600005 ], [ -149.996936602999966, 64.682901452000067 ], [ -149.994423249999983, 64.684276948000047 ], [ -149.992642605999976, 64.685251452000045 ], [ -149.990034182999977, 64.686677982000049 ], [ -149.988345606999957, 64.68760145300007 ], [ -149.989242518999959, 64.688149152000051 ], [ -149.991725608999957, 64.689665452000042 ], [ -149.993941722999978, 64.691030947000058 ], [ -149.995164512999963, 64.691784390000066 ], [ -149.995164611999968, 64.691784451000046 ], [ -149.995921579999958, 64.691861286000062 ], [ -149.996863480999963, 64.691956893000054 ], [ -149.997280592999971, 64.691999231000068 ], [ -149.999686612999966, 64.692243450000035 ], [ -150.002316920999959, 64.69250932500006 ], [ -150.00421761399997, 64.692701449000083 ], [ -150.008742613999971, 64.693215448000046 ], [ -150.013270613999964, 64.694532447000029 ], [ -150.014902293999967, 64.695021630000042 ], [ -150.015387728999968, 64.695167165000043 ], [ -150.017853614999979, 64.695906447000027 ], [ -150.019083927999958, 64.696275835000051 ], [ -150.019871587999972, 64.696512322000046 ], [ -150.020948025999957, 64.696835511000074 ], [ -150.022436617999972, 64.697282446000031 ], [ -150.02174588699998, 64.69898128300008 ], [ -150.021178646999971, 64.700376395000035 ], [ -150.021178618999983, 64.700376446000064 ], [ -150.020871846999967, 64.700602581000055 ], [ -150.016822622999968, 64.703587446000029 ], [ -150.013924378999974, 64.705762130000039 ], [ -150.012472625999976, 64.706851447000076 ], [ -150.010407154999967, 64.708879678000073 ], [ -150.009089628999959, 64.710173448000035 ], [ -150.007907524999979, 64.71131603300006 ], [ -150.00588871399998, 64.713267353000049 ], [ -150.005709631999963, 64.713440448000028 ], [ -150.00937563399998, 64.715559447000032 ], [ -150.010214177999984, 64.716036686000052 ], [ -150.013100633999983, 64.717679446000034 ], [ -150.016012647999958, 64.719383655000058 ], [ -150.016823254999963, 64.719858051000074 ], [ -150.016825637999972, 64.719859446000044 ], [ -150.018245903999969, 64.720231117000083 ], [ -150.021636637999961, 64.721118444000069 ], [ -150.023102315999978, 64.721502370000053 ], [ -150.026450639999979, 64.722379443000079 ], [ -150.028549784999967, 64.722946686000057 ], [ -150.031062963999972, 64.723625811000034 ], [ -150.031320639999961, 64.723695442000064 ], [ -150.030406643999981, 64.726959442000066 ], [ -150.030105176999967, 64.72805254900004 ], [ -150.029489646999963, 64.730284442000084 ], [ -150.027937719999983, 64.730491577000066 ], [ -150.026801584999959, 64.730643215000043 ], [ -150.026050647999966, 64.730743442000062 ], [ -150.02418278899998, 64.731023948000029 ], [ -150.022614647999973, 64.731259443000056 ], [ -150.02210752199997, 64.731112305000067 ], [ -150.021141360999962, 64.73083198300003 ], [ -150.019638188999977, 64.730395852000072 ], [ -150.019064646999965, 64.730229444000031 ], [ -150.017152077999981, 64.729674773000056 ], [ -150.015509646999959, 64.729198446000055 ], [ -150.011842643999984, 64.727134445000047 ], [ -150.00823164199997, 64.725070446000075 ], [ -150.004620640999974, 64.723009447000038 ], [ -150.003447283999975, 64.723275685000033 ], [ -150.000323641999984, 64.723984448000067 ], [ -150.000153686999965, 64.724066433000075 ], [ -149.997114643999964, 64.725532447000035 ], [ -149.996426943999978, 64.725869530000068 ], [ -149.994057159999983, 64.727031102000069 ], [ -149.994019643999962, 64.727049493000038 ], [ -149.993964789999978, 64.727076384000043 ], [ -149.993964643999959, 64.727076449000037 ], [ -149.992072647999976, 64.730229449000035 ], [ -149.993964649999981, 64.733265448000054 ], [ -149.99791096499996, 64.734986504000062 ], [ -149.997978906999975, 64.735016137000059 ], [ -149.998034245999975, 64.735040273000038 ], [ -149.998034652999962, 64.735040448000063 ], [ -150.002100653999975, 64.736759447000054 ], [ -150.002100697999964, 64.736759446000065 ], [ -150.003648402999971, 64.736709786000063 ], [ -150.005653653999957, 64.736645446000068 ], [ -150.006354368999979, 64.736623518000044 ], [ -150.007226564999968, 64.736596224000039 ], [ -150.009264653999963, 64.73653244500008 ], [ -150.009265072999966, 64.736532644000079 ], [ -150.009559060999976, 64.736672468000052 ], [ -150.012872654999967, 64.738248445000067 ], [ -150.016214425999976, 64.739764862000072 ], [ -150.016539655999964, 64.739912444000083 ], [ -150.020209191999982, 64.741629225000054 ], [ -150.020209300999966, 64.741629276000083 ], [ -150.02020965799997, 64.741629443000079 ], [ -150.019428860999966, 64.742494627000042 ], [ -150.018604498999963, 64.743408086000045 ], [ -150.01757283699996, 64.74455124900004 ], [ -150.017572660999974, 64.744551444000081 ], [ -150.016692742999965, 64.74469625100005 ], [ -150.014078661999974, 64.74512644400005 ], [ -150.013311300999959, 64.745254077000084 ], [ -150.011338477999971, 64.745582212000045 ], [ -150.01064012599997, 64.745698367000045 ], [ -150.010639662999978, 64.745698444000084 ], [ -150.009229845999982, 64.745411059000048 ], [ -150.007259660999978, 64.745009445000051 ], [ -150.005627849999968, 64.74467835300004 ], [ -150.003878660999959, 64.744323445000077 ], [ -150.003298675999957, 64.744157838000035 ], [ -150.003021641999965, 64.744078735000073 ], [ -150.000670659999969, 64.743407445000059 ], [ -149.999708965999957, 64.742514081000081 ], [ -149.997461656999974, 64.740426447000061 ], [ -149.996403068999967, 64.73946120800008 ], [ -149.995894680999982, 64.738997650000044 ], [ -149.99419565499997, 64.737448448000066 ], [ -149.994195386999962, 64.737448390000054 ], [ -149.992533652999981, 64.737088887000027 ], [ -149.990756652999977, 64.736704449000058 ], [ -149.989323609999957, 64.736393734000046 ], [ -149.987320921999981, 64.735959507000075 ], [ -149.987320652999983, 64.735959449000063 ], [ -149.986136469999963, 64.736113508000074 ], [ -149.982047653999956, 64.736645450000083 ], [ -149.978907885999973, 64.737089139000034 ], [ -149.977981014999983, 64.737220118000039 ], [ -149.97778384199998, 64.737247981000053 ], [ -149.976775653999965, 64.737390451000067 ], [ -149.972938994999964, 64.737897443000065 ], [ -149.971561655999977, 64.738079451000033 ], [ -149.971295994999963, 64.738236900000061 ], [ -149.970983484999977, 64.738422115000049 ], [ -149.968178657999971, 64.740084452000076 ], [ -149.964859659999973, 64.742145453000035 ], [ -149.962523790999967, 64.743557659000032 ], [ -149.962119720999965, 64.743801950000034 ], [ -149.961537033999974, 64.74415422800007 ], [ -149.961536660999968, 64.744154453000078 ], [ -149.961605080999959, 64.746148176000077 ], [ -149.961650663999961, 64.747476453000047 ], [ -149.961739863999981, 64.750009036000051 ], [ -149.961744968999966, 64.750153981000039 ], [ -149.961767668999983, 64.750798453000073 ], [ -149.962906641999979, 64.752839490000042 ], [ -149.96451767299996, 64.755726452000033 ], [ -149.966235367999957, 64.758905968000079 ], [ -149.967209655999966, 64.760709410000061 ], [ -149.967209677999961, 64.760709451000082 ], [ -149.967209233999967, 64.760709661000078 ], [ -149.966448936999967, 64.761069777000046 ], [ -149.964059680999981, 64.762201453000046 ], [ -149.964059064999958, 64.762201747000063 ], [ -149.960964950999966, 64.76369032100007 ], [ -149.960964678999972, 64.763690452000048 ], [ -149.959210418999959, 64.763195127000074 ], [ -149.956498677999974, 64.762429452000049 ], [ -149.953281801999964, 64.761541046000048 ], [ -149.952142677999973, 64.761226454000052 ], [ -149.94996512299997, 64.761003527000071 ], [ -149.946584676999976, 64.760657455000057 ], [ -149.942642972999977, 64.760212311000032 ], [ -149.940970676999967, 64.760023457000045 ], [ -149.94036619299996, 64.759966776000056 ], [ -149.939457866999959, 64.759881605000032 ], [ -149.937336420999969, 64.759682683000051 ], [ -149.935467677999981, 64.759507457000041 ], [ -149.933789304999976, 64.759508080000046 ], [ -149.931969665999958, 64.75950875500007 ], [ -149.930624113999983, 64.759509255000069 ], [ -149.930078677999973, 64.759509457000036 ], [ -149.924639676999959, 64.759509458000082 ], [ -149.919253675999983, 64.759509459000071 ], [ -149.918477823999979, 64.759620019000067 ], [ -149.914439677999979, 64.760195460000034 ], [ -149.913280900999979, 64.760375623000073 ], [ -149.911971945999966, 64.760579136000047 ], [ -149.909628678999979, 64.760943461000068 ], [ -149.90481467799998, 64.76162946200003 ], [ -149.902014508999969, 64.762028738000083 ], [ -149.90000367899998, 64.762315462000061 ], [ -149.899292163999974, 64.762425870000072 ], [ -149.896681353999981, 64.762830996000048 ], [ -149.895189679999959, 64.76306246300004 ], [ -149.894640212999974, 64.763148552000075 ], [ -149.890434681999977, 64.763807464000081 ], [ -149.888229747999958, 64.764896349000082 ], [ -149.886297249999984, 64.765850694000051 ], [ -149.885704340999979, 64.766143496000041 ], [ -149.885564682999984, 64.766212465000081 ], [ -149.884764037999958, 64.766622268000049 ], [ -149.880750685999971, 64.768676465000055 ], [ -149.880237730999966, 64.76894227400004 ], [ -149.879864392999963, 64.769135735000077 ], [ -149.877643315999961, 64.770286679000037 ], [ -149.875995687999961, 64.771140466000077 ], [ -149.872304123999982, 64.773159772000042 ], [ -149.871070690999971, 64.773834467000029 ], [ -149.866197693999965, 64.776526467000053 ], [ -149.861328696999976, 64.779220468000062 ], [ -149.861142489999963, 64.779325561000064 ], [ -149.859411733999963, 64.780302377000055 ], [ -149.856459697999981, 64.781968469000049 ], [ -149.852459630999959, 64.784181238000031 ], [ -149.851589700999966, 64.784662469000068 ], [ -149.850009154999981, 64.78634260900003 ], [ -149.847923704999971, 64.788559470000052 ], [ -149.847335911999977, 64.789202755000076 ], [ -149.846511727999967, 64.790104749000079 ], [ -149.844619888999972, 64.792175193000048 ], [ -149.844311707999964, 64.79251246900003 ], [ -149.843422922999963, 64.794089821000057 ], [ -149.843044218999978, 64.794761919000052 ], [ -149.842309710999956, 64.79606547000003 ], [ -149.840683870999982, 64.799027842000044 ], [ -149.840359715999966, 64.799618470000041 ], [ -149.839731720999964, 64.804315470000063 ], [ -149.839159723999984, 64.809015470000077 ], [ -149.838869374999973, 64.811424942000031 ], [ -149.83870144499997, 64.812818506000042 ], [ -149.838586729999975, 64.813770471000055 ], [ -149.838213989999957, 64.815615360000038 ], [ -149.837939007999978, 64.816976389000047 ], [ -149.837790091999977, 64.817713456000035 ], [ -149.837556733999975, 64.818868469000051 ], [ -149.836581738999968, 64.824082469000075 ], [ -149.83641498199998, 64.824976820000074 ], [ -149.835609744999971, 64.829295469000044 ], [ -149.835012577999976, 64.832419119000065 ], [ -149.834634747999957, 64.834395469000071 ], [ -149.833826326999969, 64.838483863000079 ], [ -149.833673084999958, 64.839258846000064 ], [ -149.833603753999967, 64.839609469000038 ], [ -149.833356098999957, 64.84092393800006 ], [ -149.833302205999956, 64.841209982000066 ], [ -149.83263175899998, 64.84476846900003 ], [ -149.831697143999975, 64.849765577000028 ], [ -149.831656764999963, 64.849981469000056 ], [ -149.831656640999967, 64.849981631000048 ], [ -149.82885076599996, 64.853648469000063 ], [ -149.826667663999984, 64.856559539000045 ], [ -149.826100768999964, 64.857315469000071 ], [ -149.82599052499998, 64.857459439000081 ], [ -149.825481967999963, 64.858123571000078 ], [ -149.823293002999975, 64.860982171000046 ], [ -149.82329277499997, 64.860982469000078 ], [ -149.825520308999984, 64.862498111000036 ], [ -149.825814775999959, 64.862698468000076 ], [ -149.82650720099997, 64.863187013000072 ], [ -149.828334776999981, 64.864476469000067 ], [ -149.826466632999967, 64.865636232000043 ], [ -149.825470778999971, 64.866254468000079 ], [ -149.822720780999958, 64.868143469000074 ], [ -149.821867520999973, 64.868218911000042 ], [ -149.817506781999981, 64.868604469000047 ], [ -149.812350782999971, 64.86917647000007 ], [ -149.811788344999968, 64.869226979000075 ], [ -149.807250783999962, 64.86963447100004 ], [ -149.80539811099996, 64.869840403000069 ], [ -149.80209578299997, 64.870207472000061 ], [ -149.796995784999979, 64.870665474000077 ], [ -149.793437009999963, 64.87106005000004 ], [ -149.791836783999969, 64.871237474000054 ], [ -149.789145785999978, 64.872784474000071 ], [ -149.787526294999964, 64.873716179000041 ], [ -149.786456786999963, 64.874331475000076 ], [ -149.786456679999958, 64.874331778000055 ], [ -149.786456612999984, 64.874331965000067 ], [ -149.786403304999965, 64.874489039000082 ], [ -149.785697707999958, 64.876567808000061 ], [ -149.785250791999971, 64.877884474000041 ], [ -149.78525111899998, 64.877884546000075 ], [ -149.787857172999963, 64.878460621000045 ], [ -149.789145790999982, 64.878745474000027 ], [ -149.790184831999966, 64.878974505000031 ], [ -149.791590540999977, 64.879284359000053 ], [ -149.791870014999972, 64.879345962000059 ], [ -149.793042791999966, 64.879604473000029 ], [ -149.797853790999966, 64.877826472000038 ], [ -149.802725789999982, 64.876165473000071 ], [ -149.803825777999975, 64.875776975000065 ], [ -149.805173480999969, 64.875300989000038 ], [ -149.807595786999968, 64.874445471000058 ], [ -149.808076219999975, 64.874462101000063 ], [ -149.810975787999979, 64.874562470000058 ], [ -149.812322588999962, 64.87460711600005 ], [ -149.813666366999968, 64.87465166100003 ], [ -149.814414786999976, 64.874676471000043 ], [ -149.815277820999967, 64.875075061000075 ], [ -149.815816755999975, 64.875323966000053 ], [ -149.816356814999978, 64.875573391000046 ], [ -149.818136789999983, 64.876395469000045 ], [ -149.821806790999972, 64.878056468000068 ], [ -149.824326385999967, 64.880305960000044 ], [ -149.825033083999983, 64.880936899000062 ], [ -149.825528793999979, 64.881379467000045 ], [ -149.827653817999959, 64.883307675000083 ], [ -149.829253796999978, 64.884759466000048 ], [ -149.829587419999967, 64.884860717000038 ], [ -149.83360979699998, 64.886081466000064 ], [ -149.836116673999982, 64.886914563000062 ], [ -149.837906798999967, 64.887509465000051 ], [ -149.83886968799996, 64.887830801000064 ], [ -149.839848170999971, 64.888157341000067 ], [ -149.842203800999982, 64.888943465000068 ], [ -149.844912267999973, 64.889835086000062 ], [ -149.846547000999976, 64.890373236000073 ], [ -149.846556617999966, 64.890376403000062 ], [ -149.84655680299997, 64.890376463000052 ], [ -149.847922072999978, 64.89063088100005 ], [ -149.849477175999965, 64.890920673000039 ], [ -149.85177280299996, 64.891348462000053 ], [ -149.856986803999973, 64.892320461000054 ], [ -149.859387488999971, 64.892774166000038 ], [ -149.862145803999965, 64.893295460000047 ], [ -149.864711693999965, 64.893821958000046 ], [ -149.866614804999983, 64.894212459000073 ], [ -149.868776125999972, 64.894622274000028 ], [ -149.871139807999981, 64.895070459000067 ], [ -149.873145809999983, 64.898395458000039 ], [ -149.874157786999973, 64.901239587000077 ], [ -149.874348811999965, 64.901776458000029 ], [ -149.874628536999978, 64.90252623300006 ], [ -149.875609815999979, 64.905156458000079 ], [ -149.875609709999964, 64.905156540000064 ], [ -149.875609355999984, 64.905156814000065 ], [ -149.875460732999983, 64.905271802000073 ], [ -149.873405360999982, 64.906862025000066 ], [ -149.87131482099997, 64.908479457000055 ], [ -149.869418499999966, 64.908853082000064 ], [ -149.867817819999971, 64.909168458000067 ], [ -149.866720373999982, 64.909369678000076 ], [ -149.865202968999967, 64.90964789800006 ], [ -149.864381819999977, 64.909798459000058 ], [ -149.860181351999984, 64.909888335000062 ], [ -149.859053819999957, 64.909912461000033 ], [ -149.856831331999956, 64.909959996000055 ], [ -149.855686191999979, 64.909984488000077 ], [ -149.853723818999981, 64.91002646000004 ], [ -149.852123253999963, 64.910078700000042 ], [ -149.852043033999962, 64.910081318000039 ], [ -149.848453821999982, 64.91019846100005 ], [ -149.845817820999969, 64.908595462000051 ], [ -149.845034950999974, 64.908153539000068 ], [ -149.844457029999973, 64.907827307000048 ], [ -149.844021917999981, 64.907581690000029 ], [ -149.843181817999977, 64.907107462000056 ], [ -149.839628817999966, 64.906590463000043 ], [ -149.838933137999959, 64.906487525000045 ], [ -149.838074460999962, 64.906360468000059 ], [ -149.836134816999959, 64.906073465000077 ], [ -149.833434241999981, 64.906128598000066 ], [ -149.830403818999969, 64.906190465000066 ], [ -149.824731816999957, 64.906301466000059 ], [ -149.819000818999967, 64.906418468000084 ], [ -149.818144884999981, 64.906435973000043 ], [ -149.815672859999978, 64.906486529000063 ], [ -149.813328818999963, 64.906534468000075 ], [ -149.812418323999964, 64.906678883000041 ], [ -149.811106300999967, 64.906886986000075 ], [ -149.80863181999996, 64.90727946800007 ], [ -149.807482242999981, 64.907477586000027 ], [ -149.803989826999981, 64.908079469000029 ], [ -149.802386834999965, 64.911345471000061 ], [ -149.802387352999972, 64.911345531000052 ], [ -149.805816909999976, 64.911747695000031 ], [ -149.807076763999959, 64.911895431000062 ], [ -149.807767822999978, 64.911976468000034 ], [ -149.808002784999957, 64.912001142000065 ], [ -149.809178603999982, 64.912124617000075 ], [ -149.813214825999978, 64.912548467000079 ], [ -149.815164392999975, 64.912775784000075 ], [ -149.816520212999961, 64.912933871000064 ], [ -149.818600824999976, 64.913176467000028 ], [ -149.819632026999983, 64.91497412800004 ], [ -149.820606826999978, 64.916673466000077 ], [ -149.822270830999969, 64.920112465000045 ], [ -149.822997353999966, 64.920504402000063 ], [ -149.825247832999963, 64.921718465000083 ], [ -149.827088894999974, 64.92276465100008 ], [ -149.828170710999984, 64.92337939500004 ], [ -149.828170833999962, 64.923379465000039 ], [ -149.83063483799998, 64.926415463000069 ], [ -149.830634345999982, 64.926415746000032 ], [ -149.827942839999963, 64.927962468000032 ], [ -149.827942762999982, 64.927962512000079 ], [ -149.825306840999957, 64.929509464000034 ], [ -149.822122092999962, 64.929821106000077 ], [ -149.821996389999981, 64.929833407000046 ], [ -149.82181184099997, 64.929851466000059 ], [ -149.818259840999957, 64.930254465000075 ], [ -149.818259644999983, 64.930254428000069 ], [ -149.818199896999971, 64.930243093000058 ], [ -149.816773201999979, 64.92997243700006 ], [ -149.813731840999964, 64.929395466000074 ], [ -149.809206838999984, 64.928534467000077 ], [ -149.806178867999961, 64.928366508000067 ], [ -149.804050838999984, 64.928248468000049 ], [ -149.80228196799996, 64.92813049800003 ], [ -149.798892837999972, 64.927904469000055 ], [ -149.794457135999977, 64.927613520000079 ], [ -149.794198462999958, 64.927596553000058 ], [ -149.793678838999966, 64.927562470000055 ], [ -149.791656019999976, 64.927449033000073 ], [ -149.791429524999984, 64.92743633200007 ], [ -149.791202574999971, 64.927423605000058 ], [ -149.788578838999968, 64.927276471000027 ], [ -149.783422837999979, 64.926990471000067 ], [ -149.782971456999974, 64.927068146000067 ], [ -149.782009481999978, 64.927233685000033 ], [ -149.779551165999976, 64.927656717000048 ], [ -149.778436837999976, 64.92784847300004 ], [ -149.777051175999958, 64.928090057000077 ], [ -149.773717871999963, 64.928671205000057 ], [ -149.773509840999964, 64.928707474000078 ], [ -149.772745137999976, 64.928860100000065 ], [ -149.768639902999979, 64.929679462000081 ], [ -149.768639840999981, 64.929679474000068 ], [ -149.768477784999959, 64.930253493000066 ], [ -149.767781892999977, 64.932718303000058 ], [ -149.767781843999984, 64.932718475000058 ], [ -149.768660555999958, 64.933557588000042 ], [ -149.768869102999957, 64.933756736000078 ], [ -149.77162084699998, 64.936384474000079 ], [ -149.77094848699997, 64.938146697000036 ], [ -149.770417848999983, 64.93953747300003 ], [ -149.770417794999958, 64.939537478000034 ], [ -149.770417575999971, 64.939537499000039 ], [ -149.766978850999976, 64.939823474000036 ], [ -149.766792367999983, 64.939842509000073 ], [ -149.766066989999956, 64.939916549000031 ], [ -149.764713202999957, 64.940054731000032 ], [ -149.763598851999973, 64.940168474000075 ], [ -149.76167132599997, 64.93992720500006 ], [ -149.760446161999965, 64.93977385200003 ], [ -149.759931849999958, 64.939709476000075 ], [ -149.758583509999966, 64.939541071000065 ], [ -149.757034466999983, 64.93934759900003 ], [ -149.756487677999957, 64.93927930600006 ], [ -149.75626484999998, 64.939251475000049 ], [ -149.755769811999983, 64.938791467000044 ], [ -149.755422074999984, 64.938468336000028 ], [ -149.754524886999974, 64.937634635000052 ], [ -149.753056846999982, 64.936270476000061 ], [ -149.751482968999966, 64.935806644000081 ], [ -149.75092602999996, 64.935642510000037 ], [ -149.750692295999983, 64.935573627000053 ], [ -149.749561845999978, 64.935240477000036 ], [ -149.747085863999956, 64.934538301000032 ], [ -149.746123844999971, 64.934265478000043 ], [ -149.742859, 64.934268108000083 ], [ -149.742398846999976, 64.934268479000082 ], [ -149.741951325999963, 64.93426811900008 ], [ -149.738673844999965, 64.934265479000032 ], [ -149.736360515999962, 64.934975912000027 ], [ -149.736359950999969, 64.934976085000073 ], [ -149.734378846999959, 64.935584480000045 ], [ -149.733796109999957, 64.93577631800008 ], [ -149.73199505599996, 64.936369227000057 ], [ -149.730022849999983, 64.937018480000063 ], [ -149.726565501999971, 64.939856065000072 ], [ -149.726184850999971, 64.940168480000068 ], [ -149.729220854999966, 64.943262481000033 ], [ -149.729783649999973, 64.943384330000072 ], [ -149.732359790999965, 64.943942080000056 ], [ -149.732661854999975, 64.944007479000049 ], [ -149.735070554999965, 64.944560680000052 ], [ -149.736153855999959, 64.944809478000082 ], [ -149.736563570999976, 64.945317269000043 ], [ -149.737422685999974, 64.946382036000045 ], [ -149.738789860999958, 64.948076479000065 ], [ -149.739626499999957, 64.949112437000053 ], [ -149.741425862999961, 64.951340478000077 ], [ -149.742645456999981, 64.952911630000074 ], [ -149.743703301999972, 64.95427440800006 ], [ -149.74400686499996, 64.954665476000059 ], [ -149.741370869999969, 64.958273478000081 ], [ -149.741370724999967, 64.958273432000055 ], [ -149.741370583999981, 64.958273390000045 ], [ -149.737589867999958, 64.957070477000059 ], [ -149.736541876999979, 64.956737492000059 ], [ -149.735688788999965, 64.956466434000049 ], [ -149.733978798999971, 64.955923107000046 ], [ -149.73380686699997, 64.95586847800007 ], [ -149.733806824999959, 64.955868483000074 ], [ -149.730907786999978, 64.956245854000031 ], [ -149.728536866999974, 64.956554479000033 ], [ -149.723907156999957, 64.957152955000083 ], [ -149.723206867999977, 64.957243480000045 ], [ -149.721397129999957, 64.957499119000033 ], [ -149.718711471999967, 64.957878488000063 ], [ -149.718324397999965, 64.957933165000043 ], [ -149.717939868999963, 64.957987482000078 ], [ -149.714696878999973, 64.958269338000036 ], [ -149.71398186899998, 64.958331481000073 ], [ -149.713981053999959, 64.958331571000031 ], [ -149.710086873999984, 64.95873148000004 ], [ -149.710087788999971, 64.958731921000037 ], [ -149.711840799999976, 64.95956822900007 ], [ -149.715014871999983, 64.961082481000062 ], [ -149.716892970999965, 64.961988928000039 ], [ -149.719997874999962, 64.963487480000083 ], [ -149.719998045999972, 64.963487382000039 ], [ -149.719998595999982, 64.963487066000027 ], [ -149.721627027999972, 64.962552303000052 ], [ -149.722692872999971, 64.961940480000067 ], [ -149.725498872999964, 64.960393478000071 ], [ -149.725499345999964, 64.960393521000071 ], [ -149.728668862999967, 64.960681737000073 ], [ -149.729055098999964, 64.960716859000058 ], [ -149.729281871999973, 64.960737480000034 ], [ -149.731113480999966, 64.96092832100004 ], [ -149.733120869999965, 64.961137478000069 ], [ -149.733807422999973, 64.962233039000068 ], [ -149.734920595999967, 64.964009374000057 ], [ -149.734941058999965, 64.964042025000083 ], [ -149.734953875999963, 64.964062476000038 ], [ -149.735276491999969, 64.964006082000083 ], [ -149.73689054099998, 64.963723941000069 ], [ -149.738906875999959, 64.963371478000056 ], [ -149.739959633999973, 64.963189407000073 ], [ -149.742266369999982, 64.962790466000058 ], [ -149.742861873999971, 64.962687476000042 ], [ -149.743405392999961, 64.962717946000055 ], [ -149.743464435999982, 64.962721256000066 ], [ -149.746928873999963, 64.962915475000045 ], [ -149.750997929999983, 64.963143423000076 ], [ -149.750998873999976, 64.963143476000027 ], [ -149.750998485999958, 64.963143788000082 ], [ -149.750091267999977, 64.963872152000079 ], [ -149.748846355999973, 64.964871635000065 ], [ -149.747214876999976, 64.966181475000042 ], [ -149.745613064999958, 64.966233702000068 ], [ -149.742496028999966, 64.966335332000028 ], [ -149.742265019999962, 64.966342864000069 ], [ -149.742000875999963, 64.966351476000057 ], [ -149.73937017199998, 64.966498959000035 ], [ -149.736845876999979, 64.966640477000055 ], [ -149.733987612999982, 64.966800765000073 ], [ -149.731746496999961, 64.96692644400008 ], [ -149.73174587699998, 64.966926479000051 ], [ -149.732510781999963, 64.967632345000084 ], [ -149.732982635999974, 64.968067780000069 ], [ -149.734725880999974, 64.969676477000064 ], [ -149.735862357999963, 64.97068418300006 ], [ -149.737761523999978, 64.97236816000003 ], [ -149.737761885999959, 64.972368477000032 ], [ -149.735898782999982, 64.972566617000041 ], [ -149.734812680999966, 64.972682123000084 ], [ -149.733981882999984, 64.97277047700004 ], [ -149.732683202999965, 64.972930502000054 ], [ -149.731958580999958, 64.97301979100007 ], [ -149.730256883999971, 64.973229478000064 ], [ -149.726245882999962, 64.972943478000047 ], [ -149.724562906999978, 64.97282129000007 ], [ -149.722292881999977, 64.972656479000079 ], [ -149.720304915999975, 64.972592994000081 ], [ -149.716906883999968, 64.972484480000048 ], [ -149.71268021299997, 64.97234418000005 ], [ -149.711634883999977, 64.972309481000082 ], [ -149.706306881999978, 64.972198482000067 ], [ -149.703384883999973, 64.973684482000067 ], [ -149.702452191999981, 64.97415176800007 ], [ -149.70108096499996, 64.974838765000072 ], [ -149.700406885999968, 64.975176484000031 ], [ -149.700692888999981, 64.978443482000046 ], [ -149.700692569999973, 64.978443544000072 ], [ -149.699541288999967, 64.978668675000051 ], [ -149.695706890999958, 64.979418483000075 ], [ -149.693332477999974, 64.979888259000063 ], [ -149.690778890999979, 64.980393484000047 ], [ -149.687354558999971, 64.981109640000057 ], [ -149.685853892999972, 64.98142348600004 ], [ -149.682242892999966, 64.98210948500008 ], [ -149.682009013999959, 64.982154148000063 ], [ -149.67863489399997, 64.982798486000036 ], [ -149.678634761999973, 64.982798596000066 ], [ -149.676886094999958, 64.984259303000044 ], [ -149.674450957999966, 64.98629343500005 ], [ -149.674450896999957, 64.986293486000079 ], [ -149.672617899999977, 64.989445486000079 ], [ -149.672166625999978, 64.990261340000075 ], [ -149.671947148999976, 64.990658131000032 ], [ -149.670842902999965, 64.992654487000038 ], [ -149.670556906999963, 64.995748486000082 ], [ -149.67055672799998, 64.995748569000057 ], [ -149.670556484999963, 64.995748682000055 ], [ -149.667231907999962, 64.997295488000077 ], [ -149.665625717999973, 64.998070540000072 ], [ -149.664270547999962, 64.998724465000066 ], [ -149.663909909999973, 64.998898488000066 ], [ -149.663909827999959, 64.99889849200008 ], [ -149.659950663999979, 64.99907950000005 ], [ -149.659525487999957, 64.999098939000078 ], [ -149.658922907999965, 64.999126488000059 ], [ -149.654589207999976, 64.999278687000071 ], [ -149.653939910999981, 64.99930149000005 ], [ -149.648956910999971, 64.999529491000033 ], [ -149.644886909999968, 64.999243491000072 ], [ -149.640761909999981, 64.99901549100008 ], [ -149.636636908999975, 64.99872649200006 ], [ -149.63663619899998, 64.998726373000068 ], [ -149.632453906999956, 64.998040494000065 ], [ -149.630779227999966, 64.997765851000054 ], [ -149.628270907999962, 64.997354494000035 ], [ -149.625379141999957, 64.996918379000078 ], [ -149.624321152999983, 64.996758821000071 ], [ -149.624086906999963, 64.996723494000037 ], [ -149.623128906999966, 64.996833403000039 ], [ -149.621554575999966, 64.997014023000077 ], [ -149.618586909999976, 64.997354495000081 ], [ -149.614015969999969, 64.997924617000081 ], [ -149.613086908999975, 64.998040497000034 ], [ -149.61137846799997, 64.998256839000078 ], [ -149.607646302999967, 64.998729447000073 ], [ -149.607645908999956, 64.998729497000056 ], [ -149.607124586999959, 64.999771041000031 ], [ -149.606294834999971, 65.001428795000038 ], [ -149.605991844999977, 65.002034136000077 ], [ -149.605753912999972, 65.002509498000052 ], [ -149.605139617999981, 65.003703385000051 ], [ -149.603806917999975, 65.006293497000058 ], [ -149.603806919999982, 65.006293780000078 ], [ -149.603806922999979, 65.01001549700004 ], [ -149.603806922999979, 65.01001597100003 ], [ -149.603806928999973, 65.013854501000083 ], [ -149.603617098999962, 65.013883271000054 ], [ -149.59887892499998, 65.014601497000058 ], [ -149.59844165399997, 65.014668273000041 ], [ -149.598226370999981, 65.014701149000075 ], [ -149.596927921999963, 65.014899434000029 ], [ -149.594006925999963, 65.015345498000045 ], [ -149.590849528999968, 65.015823116000035 ], [ -149.590506178999959, 65.015875054000048 ], [ -149.589081926999967, 65.016090500000075 ], [ -149.584153927999978, 65.016893501000084 ], [ -149.580086926999968, 65.015804501000048 ], [ -149.57851233599996, 65.015421747000062 ], [ -149.576075925999959, 65.014829501000065 ], [ -149.572064924999978, 65.013857503000054 ], [ -149.568312234999979, 65.012473619000048 ], [ -149.567709922999967, 65.012251503000073 ], [ -149.566630224999983, 65.011839517000055 ], [ -149.565596595999978, 65.011445109000078 ], [ -149.565006632999967, 65.011219994000044 ], [ -149.563356922999958, 65.010590505000039 ], [ -149.560776282999967, 65.010449032000054 ], [ -149.558139921999981, 65.010304505000079 ], [ -149.554701721999976, 65.010152180000034 ], [ -149.554144597999965, 65.010127498000031 ], [ -149.552925921999957, 65.010073507000072 ], [ -149.549066562999968, 65.00994473600008 ], [ -149.547913912999974, 65.009906278000074 ], [ -149.547770920999966, 65.009901507000052 ], [ -149.547610267999971, 65.010179942000036 ], [ -149.546050923999957, 65.012882507000029 ], [ -149.546050578999967, 65.012882599000079 ], [ -149.543697829999957, 65.013509817000056 ], [ -149.542796601999981, 65.013750075000075 ], [ -149.54261492599997, 65.013798508000036 ], [ -149.541975295999976, 65.013983017000044 ], [ -149.539234926999967, 65.014773508000076 ], [ -149.539234741999962, 65.014773606000063 ], [ -149.538987897999959, 65.01490424800005 ], [ -149.536311927999975, 65.016320508000035 ], [ -149.533389928999981, 65.01792351000006 ], [ -149.529436930999964, 65.020845510000072 ], [ -149.529150934999961, 65.02382650900006 ], [ -149.531755551999964, 65.025357629000041 ], [ -149.534022938999982, 65.026690508000058 ], [ -149.53447146299996, 65.027524321000044 ], [ -149.53562593999996, 65.029670508000038 ], [ -149.535626011999966, 65.029670542000076 ], [ -149.537026336999958, 65.030344163000052 ], [ -149.537332369999973, 65.030491379000068 ], [ -149.538606940999983, 65.031104507000066 ], [ -149.53922190199998, 65.031405463000056 ], [ -149.539864818999973, 65.031720101000076 ], [ -149.541528200999977, 65.032534140000053 ], [ -149.541528942999975, 65.032534506000047 ], [ -149.541528873999965, 65.032534726000051 ], [ -149.541011246999972, 65.03417786600005 ], [ -149.540841506999982, 65.034716684000045 ], [ -149.540735907999959, 65.035051893000059 ], [ -149.540553946999978, 65.035629506000078 ], [ -149.540553585999959, 65.035629650000033 ], [ -149.537117946999956, 65.037004507000063 ], [ -149.535035182999962, 65.037851535000073 ], [ -149.533736948999973, 65.038379507000059 ], [ -149.53144448499998, 65.038684814000078 ], [ -149.530808852999968, 65.038769466000076 ], [ -149.530297948999959, 65.038837508000029 ], [ -149.529360377999978, 65.038981045000071 ], [ -149.526920949999976, 65.039354508000031 ], [ -149.525926624999983, 65.039162528000077 ], [ -149.523367948999976, 65.038668509000047 ], [ -149.519814948999965, 65.038093510000067 ], [ -149.516548493999977, 65.036809159000029 ], [ -149.516317947999966, 65.036718510000071 ], [ -149.512822946999961, 65.035343512000054 ], [ -149.510856806999982, 65.034999938000055 ], [ -149.509212315999974, 65.034712571000057 ], [ -149.509211946999983, 65.034712511000066 ], [ -149.509177213999976, 65.034707483000034 ], [ -149.509129852999962, 65.034700626000074 ], [ -149.507490867999962, 65.034463320000043 ], [ -149.505662170999983, 65.034198546000027 ], [ -149.505661944999957, 65.034198513000035 ], [ -149.50386660999996, 65.035926436000068 ], [ -149.502625947999974, 65.037120514000037 ], [ -149.502010306999978, 65.037915870000063 ], [ -149.500275950999963, 65.040156513000056 ], [ -149.499549550999973, 65.041460186000052 ], [ -149.498614957999962, 65.043137505000061 ], [ -149.498447969999972, 65.043055451000043 ], [ -149.496485294999957, 65.042090923000046 ], [ -149.495578952999978, 65.041645515000027 ], [ -149.492597996999962, 65.04015653700003 ], [ -149.492597950999965, 65.040156514000046 ], [ -149.49234072699997, 65.039877520000061 ], [ -149.492320185999972, 65.039855241000055 ], [ -149.491759083999966, 65.039246653000077 ], [ -149.489903981999959, 65.03723455100004 ], [ -149.489903947999977, 65.03723451500008 ], [ -149.489900604999974, 65.037053564000075 ], [ -149.489848945999967, 65.034257516000082 ], [ -149.489848433999981, 65.034257327000034 ], [ -149.488799013999966, 65.033869958000082 ], [ -149.486123942999967, 65.032882516000029 ], [ -149.485303139999957, 65.032586812000034 ], [ -149.483867308999976, 65.032069537000041 ], [ -149.48245994499996, 65.03156251200005 ], [ -149.482117311999957, 65.031546459000083 ], [ -149.481412667999962, 65.031513435000079 ], [ -149.478789942999981, 65.031390517000034 ], [ -149.477199842999966, 65.031341112000064 ], [ -149.475120943999968, 65.031276519000073 ], [ -149.471684943999975, 65.032079518000046 ], [ -149.46936808199996, 65.032589352000059 ], [ -149.468303944999974, 65.032823519000033 ], [ -149.467839779999963, 65.032831483000052 ], [ -149.467457861999975, 65.032838035000054 ], [ -149.46604628999998, 65.032862252000029 ], [ -149.464864942999981, 65.032882519000054 ], [ -149.463357041999984, 65.032906657000069 ], [ -149.461743709999979, 65.032932482000035 ], [ -149.461428944999966, 65.032937520000075 ], [ -149.461232028999973, 65.03296023300004 ], [ -149.460733225999974, 65.033017765000068 ], [ -149.460056800999979, 65.033095785000057 ], [ -149.457934943999959, 65.03334052200006 ], [ -149.454440238999979, 65.033740487000046 ], [ -149.454439944999962, 65.033740521000084 ], [ -149.456207985999981, 65.035413142000039 ], [ -149.456851499999971, 65.036021925000057 ], [ -149.457589947999963, 65.036720520000074 ], [ -149.459870316999968, 65.037214522000056 ], [ -149.461028948999967, 65.037465520000069 ], [ -149.464522950999964, 65.038268519000042 ], [ -149.465460416999974, 65.038595023000028 ], [ -149.467675621999973, 65.039366542000039 ], [ -149.468134950999968, 65.039526518000059 ], [ -149.469433785999968, 65.039981543000067 ], [ -149.471742950999982, 65.040790519000041 ], [ -149.472674779999977, 65.041045440000062 ], [ -149.47364811099996, 65.041311716000052 ], [ -149.475295952999971, 65.041762518000041 ], [ -149.478847953999974, 65.042734516000053 ], [ -149.478848104999969, 65.042734649000067 ], [ -149.478848187999972, 65.042734722000034 ], [ -149.481046246999966, 65.044668192000074 ], [ -149.482170568999976, 65.045657179000045 ], [ -149.482170956999965, 65.045657516000063 ], [ -149.480509959999978, 65.048637516000042 ], [ -149.479427742999974, 65.049070466000046 ], [ -149.479149090999982, 65.049181943000065 ], [ -149.477072960999976, 65.050012517000027 ], [ -149.473692960999983, 65.051331517000051 ], [ -149.471864232999962, 65.051450817000045 ], [ -149.470197960999968, 65.051559518000033 ], [ -149.468389171999974, 65.051707576000069 ], [ -149.466703962999958, 65.05184551900004 ], [ -149.463397087999965, 65.051946723000071 ], [ -149.462978961999966, 65.051959519000036 ], [ -149.46262250099997, 65.051970715000039 ], [ -149.459900222999977, 65.052056220000054 ], [ -149.459563543999963, 65.05206679500003 ], [ -149.459253961999963, 65.052076519000082 ], [ -149.457538170999982, 65.051993459000073 ], [ -149.455700963999959, 65.05190452100004 ], [ -149.452634057999973, 65.051753546000043 ], [ -149.452207084999969, 65.05173252700007 ], [ -149.45220696399997, 65.051732521000076 ], [ -149.452207084999969, 65.051732443000049 ], [ -149.452207678999969, 65.051732059000074 ], [ -149.456077290999957, 65.049234077000051 ], [ -149.456734550999983, 65.048809790000064 ], [ -149.45673495799997, 65.048809518000041 ], [ -149.458752515999976, 65.047411777000036 ], [ -149.461200958999967, 65.045715523000069 ], [ -149.457706956999971, 65.045429520000027 ], [ -149.45663757899996, 65.045376893000082 ], [ -149.454211957999973, 65.045257521000053 ], [ -149.452961081999973, 65.044995162000077 ], [ -149.451330225999982, 65.044653105000066 ], [ -149.450912948999957, 65.044565585000043 ], [ -149.450659956999971, 65.044512522000048 ], [ -149.449528953999959, 65.044311829000037 ], [ -149.447103955999978, 65.043881522000049 ], [ -149.445188829999978, 65.043314992000035 ], [ -149.443611952999959, 65.042848522000043 ], [ -149.442610168999977, 65.042532171000062 ], [ -149.442558993999967, 65.042516010000043 ], [ -149.440172951999983, 65.041762523000045 ], [ -149.439617529999964, 65.041583148000029 ], [ -149.438420405999977, 65.041196533000061 ], [ -149.43644795299997, 65.040559525000049 ], [ -149.435694766999973, 65.040312572000062 ], [ -149.432781950999981, 65.039357525000071 ], [ -149.432050812999961, 65.038322101000063 ], [ -149.431974301999958, 65.038213747000043 ], [ -149.431889317999975, 65.038093395000033 ], [ -149.430717968999971, 65.036434553000049 ], [ -149.430717948999984, 65.036434525000061 ], [ -149.431864944999973, 65.033454526000071 ], [ -149.431516334999969, 65.033408769000062 ], [ -149.430342945999968, 65.03325475500003 ], [ -149.428367944999962, 65.032995526000036 ], [ -149.42751472599997, 65.032868139000072 ], [ -149.426812480999956, 65.032763293000073 ], [ -149.425527458999966, 65.032571438000048 ], [ -149.424931942999962, 65.03248252700007 ], [ -149.421526845999978, 65.034839435000038 ], [ -149.421375589999968, 65.034944130000042 ], [ -149.420461946999978, 65.035576527000046 ], [ -149.418303235999957, 65.037825283000075 ], [ -149.417882624999976, 65.038263439000048 ], [ -149.41765694999998, 65.038498527000058 ], [ -149.417656823999977, 65.038498630000049 ], [ -149.417656762999968, 65.038498686000082 ], [ -149.413931952999974, 65.041534529000046 ], [ -149.410206954999978, 65.044570528000065 ], [ -149.407745957999964, 65.046059528000058 ], [ -149.405222958999957, 65.047551529000032 ], [ -149.403172697999963, 65.04894401100006 ], [ -149.401138394999975, 65.050325654000062 ], [ -149.400584962999972, 65.050701530000083 ], [ -149.400524621999978, 65.050736499000038 ], [ -149.399248604999968, 65.051475976000063 ], [ -149.398006962999972, 65.052195531000052 ], [ -149.397327982999968, 65.052595866000047 ], [ -149.39548496599997, 65.053682534000075 ], [ -149.395484449999969, 65.05368284900004 ], [ -149.392848966999964, 65.055343531000062 ], [ -149.391272291999968, 65.05635938000006 ], [ -149.390270967999982, 65.057004532000065 ], [ -149.387636912999966, 65.058120948000067 ], [ -149.38688996999997, 65.058437531000038 ], [ -149.386221192999983, 65.058737294000082 ], [ -149.385029091999968, 65.059271623000029 ], [ -149.38356797299997, 65.059926532000077 ], [ -149.382747010999964, 65.060141932000079 ], [ -149.380072972999983, 65.060843533000082 ], [ -149.377222519999975, 65.061593267000035 ], [ -149.377066095999965, 65.061634410000067 ], [ -149.376578971999976, 65.061762534000081 ], [ -149.374935933999978, 65.06181699900003 ], [ -149.37410210699997, 65.061844640000061 ], [ -149.373139973999969, 65.061876534000078 ], [ -149.372571506999975, 65.061904967000032 ], [ -149.372330877999957, 65.06191700200003 ], [ -149.369700973999983, 65.062048535000031 ], [ -149.366150973999964, 65.061759536000068 ], [ -149.365908269999977, 65.061747817000082 ], [ -149.364110427999975, 65.061661007000055 ], [ -149.362650972999973, 65.06159053600004 ], [ -149.36193800199996, 65.061286436000046 ], [ -149.360158490999964, 65.060527429000047 ], [ -149.359159972999976, 65.060101536000047 ], [ -149.358512933999975, 65.059831921000068 ], [ -149.358169523999976, 65.05968882500008 ], [ -149.355720970999982, 65.058668537000074 ], [ -149.352337978999969, 65.057794677000061 ], [ -149.352230051999982, 65.057766798000046 ], [ -149.352170970999964, 65.057751537000058 ], [ -149.351000428999981, 65.05744468000006 ], [ -149.348672968999978, 65.056834538000032 ], [ -149.345064970999971, 65.057348539000031 ], [ -149.342832360999978, 65.05774315900004 ], [ -149.34151233999998, 65.057976477000068 ], [ -149.341511969999971, 65.057976540000084 ], [ -149.339473968999982, 65.059287312000038 ], [ -149.338042968999957, 65.060207682000055 ], [ -149.337889865999983, 65.060306152000067 ], [ -149.336873971999978, 65.060959541000045 ], [ -149.334981976999984, 65.06422654000005 ], [ -149.333721045999965, 65.067262378000066 ], [ -149.333720978999963, 65.067262540000058 ], [ -149.336931981999982, 65.068698539000081 ], [ -149.339038524999978, 65.069636240000079 ], [ -149.340139951999959, 65.070126531000028 ], [ -149.340139982999972, 65.070126545000051 ], [ -149.337045984999975, 65.071618540000031 ], [ -149.335609569999974, 65.072309132000044 ], [ -149.334129607999984, 65.073020662000033 ], [ -149.333950985999962, 65.073106539000037 ], [ -149.331200984999981, 65.074595540000075 ], [ -149.328509987999979, 65.076084541000057 ], [ -149.328509967999963, 65.076084593000076 ], [ -149.327592989999971, 65.079123540000069 ], [ -149.327134993999977, 65.082045540000081 ], [ -149.326332966999956, 65.08324899400003 ], [ -149.326009079999977, 65.083734991000028 ], [ -149.325264825999966, 65.084851756000035 ], [ -149.325187246999974, 65.084968145000062 ], [ -149.325186996999975, 65.084968540000034 ], [ -149.32737331499996, 65.086103137000066 ], [ -149.328167997999969, 65.08651554100004 ], [ -149.331142580999966, 65.088004331000036 ], [ -149.331142998999979, 65.088004540000043 ], [ -149.331142538999984, 65.088004638000029 ], [ -149.330252688999963, 65.088194228000077 ], [ -149.32912290799996, 65.088434938000034 ], [ -149.327907008999972, 65.088693996000075 ], [ -149.327651000999964, 65.088748541000029 ], [ -149.324157, 65.089437540000063 ], [ -149.324156821999964, 65.089437589000056 ], [ -149.320662001999978, 65.090409541000042 ], [ -149.317168002999978, 65.091384541000082 ], [ -149.314310483999975, 65.091814125000042 ], [ -149.313832648999977, 65.09188596000007 ], [ -149.313729003999981, 65.091901542000073 ], [ -149.310290003999967, 65.092415543000072 ], [ -149.309674593999972, 65.092163280000079 ], [ -149.309158267999976, 65.091951632000075 ], [ -149.306799001999963, 65.090984543000047 ], [ -149.304601183999978, 65.09006953200003 ], [ -149.303357, 65.089551544000074 ], [ -149.301661060999976, 65.088361306000081 ], [ -149.299118, 65.086576543000035 ], [ -149.299117920999976, 65.086576490000027 ], [ -149.299117597999981, 65.086576286000081 ], [ -149.297666645999982, 65.085659423000038 ], [ -149.294303994999979, 65.083534547000056 ], [ -149.290384488999962, 65.081905789000075 ], [ -149.289893652999979, 65.081701817000067 ], [ -149.289892992999967, 65.081701548000069 ], [ -149.285536991999976, 65.079812548000064 ], [ -149.285218421999957, 65.079682487000071 ], [ -149.284561881999963, 65.079414445000054 ], [ -149.281181989999965, 65.078034549000051 ], [ -149.280542747999959, 65.077807675000031 ], [ -149.277628989999982, 65.076773549000052 ], [ -149.274452639999964, 65.075698684000031 ], [ -149.274073987999969, 65.075570550000066 ], [ -149.273736440999983, 65.075633659000061 ], [ -149.271892939999958, 65.07597832600004 ], [ -149.271046550999984, 65.076136570000074 ], [ -149.270698988999982, 65.076201551000054 ], [ -149.269377299999974, 65.076497291000067 ], [ -149.267373988999964, 65.076945552000041 ], [ -149.266342199999968, 65.077320773000054 ], [ -149.263592991999957, 65.078320552000037 ], [ -149.260895079999983, 65.07934377600003 ], [ -149.26004776299996, 65.079665133000049 ], [ -149.25981228699996, 65.079754441000034 ], [ -149.259811991999982, 65.079754553000043 ], [ -149.256200990999957, 65.079926553000064 ], [ -149.25431689499996, 65.080047458000081 ], [ -149.252647992999982, 65.080154554000046 ], [ -149.252238741999975, 65.080332142000032 ], [ -149.250030717999977, 65.081290282000055 ], [ -149.24921199299996, 65.08164555500008 ], [ -149.248753685999958, 65.081847861000028 ], [ -149.246010879999972, 65.083058592000043 ], [ -149.245918762999963, 65.083099254000047 ], [ -149.245831995999964, 65.083137554000075 ], [ -149.245831812999967, 65.083137609000062 ], [ -149.24239599699996, 65.084223555000051 ], [ -149.242028643999959, 65.084333686000036 ], [ -149.241783353999978, 65.084407223000028 ], [ -149.238957719999974, 65.085254339000073 ], [ -149.238956996999974, 65.085254556000052 ], [ -149.238091089999983, 65.085621561000039 ], [ -149.236619834999971, 65.086245137000049 ], [ -149.236100223999983, 65.086465369000052 ], [ -149.235575998999963, 65.086687556000072 ], [ -149.232251, 65.088176557000054 ], [ -149.232913737999979, 65.089769955000065 ], [ -149.233515003999969, 65.091215556000066 ], [ -149.235915473999967, 65.092392861000064 ], [ -149.236551005999956, 65.092704556000058 ], [ -149.237331978999975, 65.093109844000082 ], [ -149.239298275999971, 65.094130259000053 ], [ -149.239402652999956, 65.094184426000083 ], [ -149.23953200699998, 65.094251554000039 ], [ -149.239542418999974, 65.094431816000053 ], [ -149.239664198999975, 65.096540291000053 ], [ -149.239703992999978, 65.097229299000048 ], [ -149.239704007999961, 65.097229555000069 ], [ -149.238315222999972, 65.097938206000038 ], [ -149.236782009999956, 65.098720555000057 ], [ -149.233973011999979, 65.100209555000049 ], [ -149.233972489999957, 65.100209580000069 ], [ -149.231949025999967, 65.100307564000047 ], [ -149.230421012999983, 65.100381556000059 ], [ -149.228179272999967, 65.100492520000046 ], [ -149.227572315999964, 65.100522564000073 ], [ -149.226926011999979, 65.100554556000077 ], [ -149.223087011999979, 65.099407557000063 ], [ -149.219307010999984, 65.098318559000063 ], [ -149.219306599999982, 65.098318669000037 ], [ -149.218869924999979, 65.098435361000043 ], [ -149.216088851999956, 65.09917854400004 ], [ -149.215868010999969, 65.099237559000073 ], [ -149.212432011999965, 65.100209559000064 ], [ -149.21141508499997, 65.100613401000032 ], [ -149.210194090999977, 65.101098282000066 ], [ -149.208821013999966, 65.101643559000081 ], [ -149.205999168999966, 65.102779287000033 ], [ -149.205567621999961, 65.102952975000051 ], [ -149.205268014999973, 65.103073560000041 ], [ -149.203634668999968, 65.104463999000075 ], [ -149.201832019999983, 65.105998562000082 ], [ -149.201831462999962, 65.105998527000054 ], [ -149.201655836999976, 65.10598734000007 ], [ -149.200684251999974, 65.105925454000044 ], [ -149.199125146999961, 65.105826149000052 ], [ -149.19822101699998, 65.105768561000048 ], [ -149.194612017999958, 65.105540562000044 ], [ -149.192533957999984, 65.104894108000053 ], [ -149.191121015999983, 65.104454563000047 ], [ -149.18994139299997, 65.104100196000047 ], [ -149.188891254999959, 65.103784728000051 ], [ -149.187679015999976, 65.103420564000032 ], [ -149.187151099999966, 65.103504404000034 ], [ -149.185987950999959, 65.103689128000042 ], [ -149.184751000999967, 65.103885573000071 ], [ -149.184071017999969, 65.103993564000064 ], [ -149.183194890999971, 65.104120064000028 ], [ -149.18238249999996, 65.104237362000049 ], [ -149.180518408999973, 65.104506508000043 ], [ -149.180518015999979, 65.104506565000065 ], [ -149.178887690999971, 65.107051282000043 ], [ -149.178571018999975, 65.107545564000077 ], [ -149.179257022999963, 65.110409564000065 ], [ -149.179066266999968, 65.110971286000051 ], [ -149.179061526999959, 65.110985245000052 ], [ -149.178937875999964, 65.111349363000045 ], [ -149.178226025999976, 65.113445564000074 ], [ -149.173415028999983, 65.116312564000054 ], [ -149.17293528899998, 65.117091980000055 ], [ -149.172714312999972, 65.117450991000055 ], [ -149.172423532999971, 65.11792341000006 ], [ -149.171582031999975, 65.119290566000075 ], [ -149.172245947999983, 65.120077887000036 ], [ -149.174046034999975, 65.122212564000051 ], [ -149.174045699999965, 65.122212570000045 ], [ -149.174044837999958, 65.122212585000057 ], [ -149.172366833999973, 65.122240886000043 ], [ -149.170607033999971, 65.122270566000054 ], [ -149.167677939999976, 65.122318304000032 ], [ -149.167171033999978, 65.122326565000037 ], [ -149.16717082599996, 65.122326503000068 ], [ -149.165859060999964, 65.121931992000043 ], [ -149.163560034999961, 65.12124056600004 ], [ -149.159951031999981, 65.12015156800004 ], [ -149.156512031999966, 65.120496567000032 ], [ -149.15314350099996, 65.120825606000039 ], [ -149.153080800999959, 65.120831731000067 ], [ -149.153021032999959, 65.120837569000059 ], [ -149.14952303299998, 65.12032356900005 ], [ -149.149274463999973, 65.120286262000036 ], [ -149.148947875999966, 65.120237245000055 ], [ -149.147071876999973, 65.119955683000057 ], [ -149.146085030999984, 65.119807570000035 ], [ -149.145998975999959, 65.119748273000027 ], [ -149.144332089999978, 65.118599686000039 ], [ -149.141843074999969, 65.116884602000027 ], [ -149.141843028999972, 65.116884570000082 ], [ -149.142080987999975, 65.116400357000032 ], [ -149.143044960999958, 65.114438813000049 ], [ -149.143335026999978, 65.113848570000073 ], [ -149.143334824999982, 65.113848494000081 ], [ -149.142186742999968, 65.113416569000037 ], [ -149.139837023999974, 65.112532571000031 ], [ -149.136343024999974, 65.111154571000043 ], [ -149.13293108299996, 65.113763654000081 ], [ -149.132446026999958, 65.114134572000069 ], [ -149.129010026999964, 65.113848572000052 ], [ -149.128182883999983, 65.113793975000078 ], [ -149.125571026999978, 65.113621574000035 ], [ -149.124064261999962, 65.113571957000033 ], [ -149.122018026999967, 65.113504575000036 ], [ -149.12050058899996, 65.113453762000063 ], [ -149.119191828999959, 65.113409937000029 ], [ -149.118666401999974, 65.113392343000044 ], [ -149.11852402599996, 65.113387575000047 ], [ -149.116148232999961, 65.111944421000032 ], [ -149.11594682599997, 65.111822078000046 ], [ -149.11589002499997, 65.111787575000051 ], [ -149.115582377999971, 65.111603107000064 ], [ -149.114993810999977, 65.111250195000082 ], [ -149.113310021999979, 65.110240576000081 ], [ -149.114168020999983, 65.107318576000068 ], [ -149.117321018999974, 65.10428257500007 ], [ -149.117320588999974, 65.104282386000079 ], [ -149.117320455999959, 65.104282328000068 ], [ -149.114966037999977, 65.103248894000046 ], [ -149.114730497999972, 65.103145507000079 ], [ -149.114054015999983, 65.102848577000032 ], [ -149.113228048999957, 65.10249260300003 ], [ -149.112606788999983, 65.102224854000042 ], [ -149.110729013999958, 65.101415576000079 ], [ -149.106319961999958, 65.098769603000051 ], [ -149.105860011999965, 65.098493577000056 ], [ -149.10585960399996, 65.098493184000063 ], [ -149.105220412999984, 65.097877379000067 ], [ -149.102826007999965, 65.095570579000082 ], [ -149.100073887999969, 65.094906355000035 ], [ -149.099271008999978, 65.094712580000078 ], [ -149.098561965999977, 65.094541955000068 ], [ -149.097100489999974, 65.094190262000041 ], [ -149.095718006999959, 65.09385757900003 ], [ -149.094157305999971, 65.092991489000042 ], [ -149.093024006999968, 65.092362580000042 ], [ -149.090449003999964, 65.090815582000062 ], [ -149.090448486999975, 65.090815414000076 ], [ -149.088417274999983, 65.090171524000027 ], [ -149.086837004999978, 65.089670581000064 ], [ -149.086242878999968, 65.08948186300006 ], [ -149.083226136999969, 65.08852362500005 ], [ -149.083226001999975, 65.08852358200005 ], [ -149.081310228999968, 65.086708642000076 ], [ -149.07990099899996, 65.085373584000081 ], [ -149.082006226999965, 65.083642234000081 ], [ -149.083207689999966, 65.082654145000049 ], [ -149.083327246999971, 65.082555821000028 ], [ -149.083453995999974, 65.082451582000033 ], [ -149.083454035999978, 65.082451523000032 ], [ -149.084500361999972, 65.080980251000028 ], [ -149.085573992999969, 65.079470583000045 ], [ -149.080645990999983, 65.076548584000079 ], [ -149.079670986999957, 65.073570585000027 ], [ -149.077207036999965, 65.070362653000075 ], [ -149.077206984999975, 65.070362585000055 ], [ -149.076480529999969, 65.070268941000052 ], [ -149.073653983999975, 65.069904585000074 ], [ -149.071120399999984, 65.069529697000064 ], [ -149.070159982999968, 65.069387586000062 ], [ -149.069091379999975, 65.069421342000055 ], [ -149.068692298999963, 65.069433948000039 ], [ -149.066550983999974, 65.069501587000047 ], [ -149.065733833999957, 65.069527806000053 ], [ -149.062997982999974, 65.069615587000044 ], [ -149.060753921999975, 65.069182190000049 ], [ -149.059445982999961, 65.068929587000071 ], [ -149.057903237999966, 65.06867709800008 ], [ -149.055950982999974, 65.068357588000083 ], [ -149.053243944999963, 65.068002276000072 ], [ -149.052862939999983, 65.067952267000067 ], [ -149.052453982999964, 65.067898589000038 ], [ -149.051198607999964, 65.067772905000083 ], [ -149.050123062999972, 65.067665226000031 ], [ -149.049017980999963, 65.067554589000054 ], [ -149.045178978999957, 65.064632590000031 ], [ -149.041053978999969, 65.065376591000074 ], [ -149.036984979999971, 65.066179591000036 ], [ -149.033685994999956, 65.066774609000049 ], [ -149.032859981999962, 65.066923598000074 ], [ -149.032859879999961, 65.066923699000029 ], [ -149.031947614999979, 65.067893023000067 ], [ -149.030109983999978, 65.069845592000036 ], [ -149.030109937999981, 65.069845594000071 ], [ -149.029034217999964, 65.069882224000082 ], [ -149.026673984999974, 65.069962593000071 ], [ -149.025885339999974, 65.069988736000028 ], [ -149.025599168999975, 65.069998223000027 ], [ -149.023588470999982, 65.07006487700005 ], [ -149.02323498399997, 65.070076595000046 ], [ -149.022031987999981, 65.072998594000069 ], [ -149.022031881999965, 65.07299856800006 ], [ -149.022031400999964, 65.072998452000036 ], [ -149.020749328999983, 65.072687766000058 ], [ -149.01847898799997, 65.072137594000083 ], [ -149.018235680999965, 65.07207784700006 ], [ -149.01782797499996, 65.071977729000082 ], [ -149.016423107999969, 65.071632746000034 ], [ -149.014984985999973, 65.071279596000068 ], [ -149.011489985999958, 65.071968596000033 ], [ -149.007936986999965, 65.072654596000064 ], [ -149.005141261999967, 65.071662085000071 ], [ -149.004384983999984, 65.071393598000043 ], [ -149.002811818999959, 65.070843948000061 ], [ -149.000895468999971, 65.070174392000069 ], [ -149.000773855999967, 65.070131901000082 ], [ -149.000772984999969, 65.070131597000056 ], [ -148.999066038999956, 65.070503516000031 ], [ -148.998345900999965, 65.070660424000039 ], [ -148.997717254999969, 65.070797396000046 ], [ -148.997339983999979, 65.070879598000033 ], [ -148.996461688999972, 65.071057698000061 ], [ -148.993956987999979, 65.071565599000053 ], [ -148.990938149999977, 65.072418844000083 ], [ -148.990824443999969, 65.072450982000078 ], [ -148.990517988999983, 65.072537599000043 ], [ -148.987357515999975, 65.073487766000028 ], [ -148.987081988999961, 65.073570601000029 ], [ -148.98708184299997, 65.073570606000033 ], [ -148.985996116999956, 65.073607544000083 ], [ -148.983642988999975, 65.073687601000074 ], [ -148.98221780199998, 65.073734886000068 ], [ -148.981116102999977, 65.073771439000041 ], [ -148.980206988999981, 65.07380160200006 ], [ -148.979805278999976, 65.073743149000052 ], [ -148.976653986999963, 65.073284601000069 ], [ -148.973156986999982, 65.072770603000038 ], [ -148.973157052999966, 65.07277102200004 ], [ -148.973301835999962, 65.073688080000068 ], [ -148.973617988999962, 65.075690603000055 ], [ -148.970007288999966, 65.078557368000077 ], [ -148.97000699299997, 65.078557603000036 ], [ -148.970412481999972, 65.078786498000056 ], [ -148.971291383999983, 65.079282631000069 ], [ -148.97256312899998, 65.080000520000056 ], [ -148.972642994999973, 65.08004560300003 ], [ -148.975392995999982, 65.081537601000036 ], [ -148.979520998999959, 65.084401600000035 ], [ -148.977945118999969, 65.085628993000057 ], [ -148.977181732999981, 65.086223565000068 ], [ -148.975623000999974, 65.08743760200008 ], [ -148.976190159999959, 65.088789255000052 ], [ -148.976825977999965, 65.090304536000076 ], [ -148.976826004999964, 65.090304600000081 ], [ -148.973259413999983, 65.093032211000036 ], [ -148.972932368999977, 65.093282333000047 ], [ -148.972932006999969, 65.093282601000055 ], [ -148.969493008999962, 65.093282601000055 ], [ -148.966057008999968, 65.093282603000034 ], [ -148.962560006999979, 65.092482603000065 ], [ -148.959222562999969, 65.091813561000038 ], [ -148.959123175999963, 65.091793641000038 ], [ -148.95912300599997, 65.091793603000042 ], [ -148.959226577999971, 65.090758953000034 ], [ -148.959272007999971, 65.090305116000081 ], [ -148.959410002999959, 65.088926603000061 ], [ -148.959409583999957, 65.088926686000036 ], [ -148.957583243999977, 65.089286729000037 ], [ -148.95591500499998, 65.089615604000073 ], [ -148.95495529699997, 65.08980788100007 ], [ -148.952476003999976, 65.090304605000028 ], [ -148.950981711999958, 65.090254567000045 ], [ -148.949562953999958, 65.090207059000079 ], [ -148.949076006999974, 65.090190753000059 ], [ -148.948982004999976, 65.09018760500004 ], [ -148.948457707999978, 65.090179525000053 ], [ -148.945543004999962, 65.090134607000039 ], [ -148.942399421999966, 65.089473684000041 ], [ -148.941990002999972, 65.089387606000059 ], [ -148.938496001999965, 65.088698607000083 ], [ -148.937201833999978, 65.088635957000065 ], [ -148.935794733999984, 65.088567840000053 ], [ -148.934943001999983, 65.088526608000052 ], [ -148.934106648999972, 65.088499328000069 ], [ -148.932788246999962, 65.088456325000038 ], [ -148.931448002999957, 65.088412608000056 ], [ -148.931311287999961, 65.088397213000064 ], [ -148.929500941999976, 65.088193345000036 ], [ -148.927896003999962, 65.088012609000032 ], [ -148.926647122999981, 65.087910412000042 ], [ -148.926237178999969, 65.087876866000045 ], [ -148.925923085999983, 65.087851164000028 ], [ -148.924401002999957, 65.087726611000051 ], [ -148.920962001999982, 65.087151610000035 ], [ -148.918796962999977, 65.086791192000078 ], [ -148.91752600099997, 65.086579612000037 ], [ -148.91585226899997, 65.086276102000056 ], [ -148.913743000999972, 65.085893612000064 ], [ -148.911113947999979, 65.085447902000055 ], [ -148.910803699999974, 65.085395305000077 ], [ -148.910021001999979, 65.085262612000065 ], [ -148.906523, 65.084345613000039 ], [ -148.906522308999968, 65.084345459000076 ], [ -148.906476649999973, 65.084334974000058 ], [ -148.905110814999972, 65.084021466000081 ], [ -148.903028997999968, 65.083543615000053 ], [ -148.901273692999979, 65.083313024000063 ], [ -148.901103571999982, 65.083290675000057 ], [ -148.899535688999975, 65.083084707000069 ], [ -148.899534996999961, 65.083084621000069 ], [ -148.89814372799998, 65.082921983000062 ], [ -148.896096171999972, 65.082682635000083 ], [ -148.896095998999982, 65.082682615000067 ], [ -148.893549608999962, 65.084380605000035 ], [ -148.891798, 65.08554861600004 ], [ -148.890218977999979, 65.08589098300007 ], [ -148.888362000999962, 65.086293616000034 ], [ -148.886034961999968, 65.086759836000056 ], [ -148.884923437999959, 65.086982529000068 ], [ -148.884923320999974, 65.086982552000052 ], [ -148.884923000999976, 65.086982616000057 ], [ -148.884524338999967, 65.088053294000076 ], [ -148.884216097999968, 65.088881125000057 ], [ -148.883835003999963, 65.089904616000069 ], [ -148.882391290999976, 65.090688411000031 ], [ -148.881201006999959, 65.091334618000076 ], [ -148.878565132999967, 65.092826547000072 ], [ -148.878565006999963, 65.092826618000061 ], [ -148.878564542999982, 65.092826412000079 ], [ -148.875071005999956, 65.091279619000034 ], [ -148.87418321399997, 65.090909426000053 ], [ -148.87163200599997, 65.089845619000073 ], [ -148.868056190999965, 65.08752052300008 ], [ -148.867049649999984, 65.086866041000064 ], [ -148.867049001999959, 65.086865620000083 ], [ -148.867048790999974, 65.086865647000081 ], [ -148.863496002999966, 65.087326620000056 ], [ -148.863309160999961, 65.087350944000036 ], [ -148.862946002999962, 65.087398222000047 ], [ -148.860001002999979, 65.08778162200008 ], [ -148.860000515999957, 65.087781515000074 ], [ -148.859326075999974, 65.087633657000083 ], [ -148.857287263999979, 65.087186687000042 ], [ -148.856736119999965, 65.087065859000063 ], [ -148.856621001999969, 65.087040622000075 ], [ -148.853240001999978, 65.086293622000028 ], [ -148.851372680999958, 65.086573802000032 ], [ -148.849801002999982, 65.086809624000068 ], [ -148.84636500199997, 65.087384623000048 ], [ -148.845557578999973, 65.087488250000035 ], [ -148.843872273999978, 65.087704546000055 ], [ -148.842812003999967, 65.08784062400008 ], [ -148.842054710999975, 65.087950636000073 ], [ -148.839260002999964, 65.088356625000074 ], [ -148.835824004999978, 65.089559626000039 ], [ -148.83452808499996, 65.090035942000043 ], [ -148.832385008999978, 65.090823631000035 ], [ -148.83190667599996, 65.090882216000068 ], [ -148.831190484999979, 65.090969934000043 ], [ -148.829086651999972, 65.091227616000083 ], [ -148.828662005999973, 65.091279627000063 ], [ -148.828029826999966, 65.091368535000072 ], [ -148.82726420299997, 65.091476211000042 ], [ -148.824993006999961, 65.091795627000067 ], [ -148.822705774999974, 65.093690836000064 ], [ -148.82132901099996, 65.094831628000065 ], [ -148.821329075999984, 65.094831756000076 ], [ -148.82132919999998, 65.094831998000075 ], [ -148.821689319999962, 65.095538936000082 ], [ -148.822449260999974, 65.09703074600003 ], [ -148.822817876999977, 65.097754362000046 ], [ -148.822818011999971, 65.097754627000029 ], [ -148.819945728999983, 65.098555909000083 ], [ -148.819323013999963, 65.098729628000058 ], [ -148.817966230999957, 65.099135321000063 ], [ -148.815885014999964, 65.099757628000077 ], [ -148.814971016999976, 65.102740628000049 ], [ -148.813695042999967, 65.10223046200008 ], [ -148.811532015999973, 65.101365629000043 ], [ -148.810855093999976, 65.101105804000042 ], [ -148.808093481999975, 65.10004581000004 ], [ -148.808093013999979, 65.100045630000068 ], [ -148.807708150999957, 65.10001440700006 ], [ -148.806536248999976, 65.099919334000049 ], [ -148.805280916999976, 65.099817493000046 ], [ -148.804543013999961, 65.099757630000056 ], [ -148.803019525999957, 65.099659171000042 ], [ -148.802819897999967, 65.099646270000051 ], [ -148.802536765999974, 65.099627972000064 ], [ -148.801046014999969, 65.099531630000058 ], [ -148.800172175999961, 65.099474125000029 ], [ -148.79801077099998, 65.099331888000052 ], [ -148.797738661999972, 65.09931398100008 ], [ -148.797551015999971, 65.099301632000049 ], [ -148.796385054999973, 65.099224263000053 ], [ -148.794115015999978, 65.099073631000067 ], [ -148.794114787999973, 65.099074038000083 ], [ -148.793955142999977, 65.09935891300006 ], [ -148.793494566999982, 65.100180776000059 ], [ -148.792510017999973, 65.101937633000034 ], [ -148.789833030999972, 65.103804699000079 ], [ -148.788690362999972, 65.104601653000032 ], [ -148.788157025999965, 65.104973646000076 ], [ -148.788764470999979, 65.106354724000028 ], [ -148.789417947999965, 65.10784046100008 ], [ -148.789418021999978, 65.10784063300008 ], [ -148.785579060999964, 65.11110760400004 ], [ -148.785579024999976, 65.11110762900006 ], [ -148.783745268999979, 65.112124806000054 ], [ -148.783221834999978, 65.11241515100005 ], [ -148.783001025999965, 65.112537632000056 ], [ -148.780421028999967, 65.113970634000054 ], [ -148.780420805999967, 65.113970918000064 ], [ -148.780420729999975, 65.113971014000072 ], [ -148.778015050999983, 65.116951610000058 ], [ -148.778015031999956, 65.116951634000031 ], [ -148.774465032999984, 65.117982634000043 ], [ -148.771978807999972, 65.118713416000048 ], [ -148.770971033999956, 65.119009634000065 ], [ -148.770970935999969, 65.119009624000057 ], [ -148.769548639999982, 65.118870973000071 ], [ -148.768441926999969, 65.118763086000058 ], [ -148.76747303199997, 65.118668635000063 ], [ -148.765743407999963, 65.118524667000031 ], [ -148.764037031999976, 65.118382635000046 ], [ -148.76059803299998, 65.117579636000073 ], [ -148.758185301999958, 65.117097934000071 ], [ -148.757162031999968, 65.116893638000079 ], [ -148.757162135999977, 65.116893528000048 ], [ -148.757162405999964, 65.116893245000028 ], [ -148.759509536999957, 65.114450228000067 ], [ -148.76002602899996, 65.113912637000055 ], [ -148.758317202999962, 65.113005577000081 ], [ -148.757332026999961, 65.112482637000028 ], [ -148.754701026999982, 65.110993637000036 ], [ -148.753736775999982, 65.11062352700003 ], [ -148.751391196999975, 65.109723219000045 ], [ -148.751262023999971, 65.109673638000061 ], [ -148.751096836999977, 65.109610463000081 ], [ -148.750750422999971, 65.109477978000029 ], [ -148.747821024999979, 65.108357639000076 ], [ -148.745555786999972, 65.108392705000028 ], [ -148.744579400999982, 65.108407820000082 ], [ -148.744268022999961, 65.10841264000004 ], [ -148.743943105999961, 65.108423518000052 ], [ -148.743737614999958, 65.108430397000063 ], [ -148.740773219999966, 65.108529633000046 ], [ -148.740773022999974, 65.108529640000029 ], [ -148.739989857999973, 65.108402790000071 ], [ -148.737223023999974, 65.107954641000049 ], [ -148.73659560599998, 65.107872289000056 ], [ -148.735481127999975, 65.107726008000043 ], [ -148.734759770999972, 65.107631326000046 ], [ -148.733726021999956, 65.10749564200006 ], [ -148.732492744999973, 65.106387883000082 ], [ -148.730346019999956, 65.104459642000052 ], [ -148.728475423999981, 65.10299867100008 ], [ -148.72667901799997, 65.101595644000042 ], [ -148.723699013999976, 65.098501645000056 ], [ -148.723698548999977, 65.098501637000084 ], [ -148.72014801399996, 65.098443645000032 ], [ -148.716651014999968, 65.098443645000032 ], [ -148.716261370999973, 65.098467723000056 ], [ -148.714052939999959, 65.098604193000028 ], [ -148.712929012999979, 65.098673647000055 ], [ -148.709204014999983, 65.098959646000083 ], [ -148.708349295999966, 65.099156080000057 ], [ -148.706164022999957, 65.099658306000038 ], [ -148.705710014999966, 65.099762647000034 ], [ -148.702215015999968, 65.100679647000049 ], [ -148.699237859999982, 65.100828633000049 ], [ -148.698718015999958, 65.100854648000052 ], [ -148.695285371999972, 65.101079624000079 ], [ -148.695285015999957, 65.101079649000042 ], [ -148.692015641999973, 65.10112829600007 ], [ -148.691912988999974, 65.101129823000065 ], [ -148.691387014999975, 65.101137650000055 ], [ -148.69113915799997, 65.101141459000075 ], [ -148.691065329999958, 65.101142594000066 ], [ -148.690567536999964, 65.101150244000053 ], [ -148.687548017999973, 65.101196651000066 ], [ -148.684134516999961, 65.100111439000045 ], [ -148.68393701499997, 65.100048650000076 ], [ -148.682547651999982, 65.099600002000045 ], [ -148.680385014999956, 65.098901651000062 ], [ -148.680384950999979, 65.098901701000045 ], [ -148.676546016999964, 65.101882652000029 ], [ -148.676013901999966, 65.102006853000034 ], [ -148.673924174999968, 65.102494619000083 ], [ -148.67311001799996, 65.10268465200005 ], [ -148.672218364999964, 65.102892852000082 ], [ -148.669988056999983, 65.103413626000076 ], [ -148.66976376599996, 65.103465998000047 ], [ -148.669671019999981, 65.103487654000048 ], [ -148.666118019999971, 65.104576653000038 ], [ -148.665648876999967, 65.104730215000075 ], [ -148.664334421999968, 65.105160470000044 ], [ -148.662623021999963, 65.105720655000027 ], [ -148.659129022999963, 65.106523654000057 ], [ -148.656755608999958, 65.107078326000078 ], [ -148.655693022999969, 65.107326655000065 ], [ -148.653229026999981, 65.110193655000046 ], [ -148.649562026999973, 65.111565657000028 ], [ -148.645899027999974, 65.112940657000081 ], [ -148.644354131999961, 65.113379620000046 ], [ -148.642457029999974, 65.113918657000056 ], [ -148.639024030999963, 65.114890658000036 ], [ -148.635468030999959, 65.115176658000053 ], [ -148.634003131999975, 65.115296532000059 ], [ -148.631973030999973, 65.115462659000059 ], [ -148.630852258999965, 65.115499227000043 ], [ -148.63011669399998, 65.11552322600005 ], [ -148.628479031999973, 65.115576659000055 ], [ -148.626712013999963, 65.115666578000059 ], [ -148.625040031999959, 65.115751660000058 ], [ -148.622302742999977, 65.116055129000074 ], [ -148.621432030999983, 65.116151660000071 ], [ -148.62060933799998, 65.11625771000007 ], [ -148.617879031999962, 65.11660966200003 ], [ -148.616380366999977, 65.115937022000082 ], [ -148.61568933199996, 65.115626868000049 ], [ -148.614557031999965, 65.115118662000043 ], [ -148.612207796999968, 65.11410760800004 ], [ -148.611751920999978, 65.113911411000061 ], [ -148.611232344999962, 65.113687798000058 ], [ -148.611232028999979, 65.113687662000075 ], [ -148.611231910999976, 65.113687742000081 ], [ -148.60835498299997, 65.115644082000074 ], [ -148.606935359999966, 65.116609440000047 ], [ -148.606935031999967, 65.116609663000077 ], [ -148.607994806999983, 65.117285136000078 ], [ -148.60980800599998, 65.118440822000082 ], [ -148.611520113999973, 65.119532076000041 ], [ -148.611521034999981, 65.11953266300003 ], [ -148.608634056999961, 65.119153839000035 ], [ -148.608023033999956, 65.119073662000062 ], [ -148.608022280999961, 65.119073569000079 ], [ -148.60458703499998, 65.118673664000028 ], [ -148.602070350999981, 65.11854977400003 ], [ -148.601606325999967, 65.118526932000066 ], [ -148.601093034999963, 65.118501664000064 ], [ -148.600500823999965, 65.118481516000031 ], [ -148.599432576999959, 65.118445173000055 ], [ -148.597654034999977, 65.118384665000065 ], [ -148.596145254999982, 65.118361666000055 ], [ -148.595866529999967, 65.118357417000084 ], [ -148.59480708199996, 65.118341267000062 ], [ -148.594046034999963, 65.118329665000033 ], [ -148.593466791999958, 65.118320046000065 ], [ -148.592559328999982, 65.118304977000037 ], [ -148.590493709999976, 65.118270677000055 ], [ -148.590493033999962, 65.118270666000058 ], [ -148.590265010999957, 65.118897482000079 ], [ -148.590236462999968, 65.118975957000032 ], [ -148.589346035999966, 65.121423667000045 ], [ -148.589107400999978, 65.121640960000036 ], [ -148.588937310999967, 65.121795838000082 ], [ -148.586137287999975, 65.12434544000007 ], [ -148.586137039999983, 65.124345666000067 ], [ -148.584880136999971, 65.123752405000062 ], [ -148.583877146999981, 65.123278991000063 ], [ -148.583101038999956, 65.122912667000037 ], [ -148.582393766999957, 65.122572290000051 ], [ -148.580839626999961, 65.121824355000058 ], [ -148.580007036999973, 65.121423668000034 ], [ -148.578872945999962, 65.121625078000079 ], [ -148.57660408199996, 65.122028020000073 ], [ -148.576454036999962, 65.122054668000033 ], [ -148.573714593999966, 65.122637995000048 ], [ -148.573158781999979, 65.122756348000053 ], [ -148.572960037999962, 65.12279866800003 ], [ -148.572960080999962, 65.12279873500006 ], [ -148.57407059099998, 65.124527712000031 ], [ -148.574910040999981, 65.125834669000028 ], [ -148.574909537999957, 65.125834791000045 ], [ -148.574385015999979, 65.125961603000064 ], [ -148.573902611999983, 65.126078233000044 ], [ -148.57135704199996, 65.12669366800003 ], [ -148.567804042999967, 65.127554670000052 ], [ -148.56643285499996, 65.127489980000064 ], [ -148.565552329999974, 65.127448439000034 ], [ -148.564137043999978, 65.127381670000034 ], [ -148.562092657999983, 65.127318655000067 ], [ -148.561064790999978, 65.127286972000036 ], [ -148.560471515999978, 65.127268685000047 ], [ -148.560471042999978, 65.127268670000035 ], [ -148.563162044999956, 65.128698671000052 ], [ -148.565856838999963, 65.130190556000059 ], [ -148.565857043999983, 65.130190669000058 ], [ -148.564768095999966, 65.13305454500005 ], [ -148.564768047999962, 65.133054670000035 ], [ -148.566065118999973, 65.134774474000039 ], [ -148.566659450999964, 65.135562507000031 ], [ -148.567059777999958, 65.136093306000078 ], [ -148.56706005199996, 65.136093669000047 ], [ -148.567060079999976, 65.13609367600003 ], [ -148.570612052999962, 65.136951668000052 ], [ -148.572114872999975, 65.137308749000056 ], [ -148.572368982999961, 65.137369127000056 ], [ -148.57422217499996, 65.13780945600007 ], [ -148.574223054999976, 65.137809668000045 ], [ -148.574222838999958, 65.137809774000061 ], [ -148.572452294999977, 65.138679310000043 ], [ -148.572208156999977, 65.138799209000069 ], [ -148.571185053999983, 65.13930166800003 ], [ -148.569336480999965, 65.140226553000048 ], [ -148.569093816999981, 65.140347964000057 ], [ -148.568968610999974, 65.140410608000082 ], [ -148.56809305699997, 65.140848668000046 ], [ -148.566853754999983, 65.141174109000076 ], [ -148.566080545999966, 65.141377154000054 ], [ -148.564601057999965, 65.141765669000051 ], [ -148.56429140299997, 65.141848100000061 ], [ -148.563873003999959, 65.141959479000036 ], [ -148.561160058999974, 65.142681669000069 ], [ -148.560371180999965, 65.143372019000083 ], [ -148.559794998999962, 65.143876237000029 ], [ -148.557584468999977, 65.145810678000032 ], [ -148.557493061999963, 65.145890669000039 ], [ -148.556136983999977, 65.146174634000033 ], [ -148.554157529999969, 65.146589133000077 ], [ -148.553940061999981, 65.146634671000072 ], [ -148.553227533999973, 65.146786598000062 ], [ -148.552303165999973, 65.146983694000028 ], [ -148.551978826999971, 65.147052851000069 ], [ -148.550446061999963, 65.147379671000067 ], [ -148.550560064999956, 65.150357671000052 ], [ -148.548212464999978, 65.15328217800004 ], [ -148.548212068999959, 65.153282672000046 ], [ -148.548829840999957, 65.153579681000053 ], [ -148.550043870999957, 65.154163357000073 ], [ -148.551307068999961, 65.154770671000051 ], [ -148.55209513799997, 65.155142901000033 ], [ -148.553293360999959, 65.155708859000072 ], [ -148.554047097999984, 65.156064872000059 ], [ -148.554343007999961, 65.156204639000066 ], [ -148.554343072999984, 65.156204670000079 ], [ -148.554399436999972, 65.157649358000072 ], [ -148.55445707399997, 65.159126669000045 ], [ -148.554456328999976, 65.159126571000058 ], [ -148.552897960999957, 65.158922357000051 ], [ -148.550962072999965, 65.158668671000044 ], [ -148.548348590999979, 65.158406257000081 ], [ -148.547820052999981, 65.158353188000035 ], [ -148.547526071999982, 65.158323670000073 ], [ -148.545074044999978, 65.158604143000048 ], [ -148.544029074999969, 65.158723671000075 ], [ -148.543055095999961, 65.158870221000029 ], [ -148.54238262399997, 65.158971405000045 ], [ -148.541593327999976, 65.159090168000034 ], [ -148.540593893999983, 65.15924054900006 ], [ -148.540593201999968, 65.15924065300004 ], [ -148.540593074999975, 65.159240672000067 ], [ -148.543401075999981, 65.161362672000052 ], [ -148.54536017099997, 65.162225460000059 ], [ -148.545954870999964, 65.16248736700004 ], [ -148.546782077999978, 65.162851670000066 ], [ -148.550218078999961, 65.164395671000079 ], [ -148.550217662999984, 65.164395738000053 ], [ -148.550217397999972, 65.164395781000053 ], [ -148.546668078999971, 65.164970671000049 ], [ -148.543994065999982, 65.165453171000081 ], [ -148.543486895999962, 65.165544685000043 ], [ -148.543171079999979, 65.165601671000047 ], [ -148.54218708199997, 65.16598867600004 ], [ -148.540009298999962, 65.166845561000059 ], [ -148.539676081999971, 65.166976671000043 ], [ -148.53941280899997, 65.167084497000076 ], [ -148.536182082999971, 65.168407673000047 ], [ -148.53523471799997, 65.166228019000073 ], [ -148.534862254999979, 65.165371073000074 ], [ -148.534862080999972, 65.165370672000051 ], [ -148.534555974999961, 65.165395405000083 ], [ -148.533316518999982, 65.165495553000028 ], [ -148.531310079999969, 65.165657674000045 ], [ -148.529015748999967, 65.165921571000069 ], [ -148.528548429999972, 65.165975323000055 ], [ -148.527815079999982, 65.166059674000053 ], [ -148.527758036999984, 65.167046314000061 ], [ -148.527693180999961, 65.168168090000052 ], [ -148.527646104999974, 65.168982335000067 ], [ -148.527646084999958, 65.168982674000063 ], [ -148.525979898999964, 65.16935273200005 ], [ -148.524908823999965, 65.16959061700004 ], [ -148.524687257999972, 65.169639827000083 ], [ -148.52403508499998, 65.169784674000027 ], [ -148.520426084999968, 65.170584674000054 ], [ -148.520426345999965, 65.170584948000055 ], [ -148.523521077999959, 65.173851674000048 ], [ -148.520029087999973, 65.174826675000077 ], [ -148.516590089999966, 65.175857675000032 ], [ -148.513035092999957, 65.177001676000032 ], [ -148.512153459999979, 65.177300930000058 ], [ -148.509482093999964, 65.178207676000056 ], [ -148.507150428999978, 65.180582275000063 ], [ -148.506332118999978, 65.181415653000045 ], [ -148.506332095999966, 65.181415676000029 ], [ -148.506416127999984, 65.18189970800006 ], [ -148.506849099999982, 65.18439367700006 ], [ -148.506425716999956, 65.185661228000072 ], [ -148.506259372999978, 65.186159238000073 ], [ -148.506224770999978, 65.186262831000079 ], [ -148.505873173999959, 65.187315464000051 ], [ -148.505873102999971, 65.187315676000082 ], [ -148.505872399999959, 65.187315607000073 ], [ -148.503844088999983, 65.187117072000035 ], [ -148.503524483999968, 65.187085788000047 ], [ -148.502379100999974, 65.186973676000036 ], [ -148.500646826999969, 65.186829489000047 ], [ -148.498943100999981, 65.186687678000055 ], [ -148.498943062999956, 65.186687731000063 ], [ -148.498681160999979, 65.187052808000033 ], [ -148.49781199399996, 65.188264376000063 ], [ -148.49676510499998, 65.189723678000064 ], [ -148.494015107999957, 65.192645678000076 ], [ -148.49401440799997, 65.192645733000063 ], [ -148.492381927999958, 65.19276958100005 ], [ -148.490232107999958, 65.19293267900008 ], [ -148.489377154999971, 65.193025938000062 ], [ -148.486565108999969, 65.193332679000036 ], [ -148.48307110899998, 65.193907680000052 ], [ -148.481094928999966, 65.194197746000043 ], [ -148.479576108999964, 65.194420680000064 ], [ -148.480041344999961, 65.195873822000067 ], [ -148.480548110999962, 65.197456680000073 ], [ -148.478599762999977, 65.197681597000042 ], [ -148.477057111999983, 65.197859681000068 ], [ -148.476319794999966, 65.197958090000043 ], [ -148.475744913999961, 65.198034818000053 ], [ -148.473618112999958, 65.198318681000046 ], [ -148.473618036999966, 65.198319040000058 ], [ -148.473288167999982, 65.199871984000083 ], [ -148.472985169999959, 65.20129842700004 ], [ -148.472985115999961, 65.201298682000072 ], [ -148.472984718999982, 65.201298804000032 ], [ -148.472744306999971, 65.201372862000028 ], [ -148.472677023999978, 65.20139358800003 ], [ -148.469268115999967, 65.20244368200008 ], [ -148.466089740999962, 65.203486695000038 ], [ -148.465857055999976, 65.20356305200005 ], [ -148.465596924999971, 65.203648417000068 ], [ -148.465596116999961, 65.20364868200005 ], [ -148.465596154999957, 65.203648734000069 ], [ -148.467339858999964, 65.206082475000073 ], [ -148.467892940999974, 65.206854430000078 ], [ -148.467893060999984, 65.206854597000074 ], [ -148.467893121999964, 65.206854682000028 ], [ -148.466891283999956, 65.207141375000049 ], [ -148.463476122999964, 65.208118683000066 ], [ -148.459465611999974, 65.20936884200006 ], [ -148.459066297999982, 65.209493316000078 ], [ -148.459066173999958, 65.209493355000063 ], [ -148.459065123999977, 65.209493682000073 ], [ -148.460063498999972, 65.209519937000039 ], [ -148.460999142999981, 65.20954454200006 ], [ -148.463362124999975, 65.209606683000061 ], [ -148.464813877999973, 65.209644676000039 ], [ -148.467718124999976, 65.209720682000068 ], [ -148.469782554999966, 65.210594705000062 ], [ -148.470356994999975, 65.210837907000041 ], [ -148.471098124999969, 65.211151681000047 ], [ -148.473465007999977, 65.212137939000058 ], [ -148.473771764999981, 65.212265762000072 ], [ -148.474536580999967, 65.212584452000044 ], [ -148.474537126999962, 65.212584680000077 ], [ -148.474537143999981, 65.212584805000063 ], [ -148.474937126999976, 65.215620681000075 ], [ -148.474658769999962, 65.215870710000047 ], [ -148.471557132999976, 65.218656680000038 ], [ -148.469143972999973, 65.21955140700004 ], [ -148.467699773999982, 65.220086872000081 ], [ -148.466918134999958, 65.220376680000072 ], [ -148.465247967999971, 65.221016396000039 ], [ -148.462276135999957, 65.222154682000053 ], [ -148.459617677999972, 65.223151822000034 ], [ -148.457693136999978, 65.223873681000043 ], [ -148.457692793999968, 65.223873802000071 ], [ -148.456409768999976, 65.224294128000054 ], [ -148.456141112999973, 65.224382143000071 ], [ -148.454198138999971, 65.22501868300003 ], [ -148.453261345999977, 65.225340497000047 ], [ -148.452358932999971, 65.225650500000029 ], [ -148.45104973399998, 65.226100245000055 ], [ -148.450699139999983, 65.226220683000065 ], [ -148.450698969999962, 65.226220948000048 ], [ -148.450250412999964, 65.226921806000064 ], [ -148.449614389999965, 65.227915574000065 ], [ -148.448754142999974, 65.229259684000056 ], [ -148.446748146999965, 65.232237683000051 ], [ -148.444057902999958, 65.234588666000036 ], [ -148.443421537999967, 65.235144781000031 ], [ -148.443140148999959, 65.235390684000038 ], [ -148.441172009999974, 65.237140628000077 ], [ -148.43953231499998, 65.238598540000055 ], [ -148.43953215199997, 65.238598685000056 ], [ -148.439531969999962, 65.238598846000059 ], [ -148.435921156999967, 65.241807684000037 ], [ -148.433493084999981, 65.242874566000069 ], [ -148.431298931999976, 65.243838664000066 ], [ -148.430839078999981, 65.244040721000033 ], [ -148.430707158999979, 65.244098686000029 ], [ -148.425437645999978, 65.246390470000051 ], [ -148.425437533999968, 65.246390519000045 ], [ -148.425437158999983, 65.246390683000072 ], [ -148.420918122999979, 65.248377193000067 ], [ -148.420223163999964, 65.248682688000031 ], [ -148.419854762999961, 65.248848691000035 ], [ -148.41771977999997, 65.249810724000042 ], [ -148.415413753999957, 65.25084982900006 ], [ -148.415010164999984, 65.251031688000069 ], [ -148.410540166999965, 65.254187688000059 ], [ -148.406126170999983, 65.257448690000047 ], [ -148.401718173999967, 65.260659690000068 ], [ -148.401718054999975, 65.260659760000067 ], [ -148.40157266099996, 65.260744978000048 ], [ -148.400741412999963, 65.26123218500004 ], [ -148.399082177999958, 65.262204692000068 ], [ -148.399081915999972, 65.262204844000053 ], [ -148.397819650999963, 65.262934879000056 ], [ -148.396877109999963, 65.263480003000041 ], [ -148.396504178999976, 65.263695690000077 ], [ -148.393237177999964, 65.265356690000033 ], [ -148.391568949999964, 65.266206399000055 ], [ -148.389974180999957, 65.267018691000033 ], [ -148.389974183999982, 65.269940691000045 ], [ -148.388145121999969, 65.271867223000072 ], [ -148.387739987999964, 65.272293946000048 ], [ -148.38676518799997, 65.273320692000027 ], [ -148.384588573999963, 65.275614687000029 ], [ -148.384070936999962, 65.276160240000081 ], [ -148.383557190999966, 65.276701692000074 ], [ -148.381021690999972, 65.279469816000073 ], [ -148.380407192999968, 65.280140693000078 ], [ -148.376854239999972, 65.284551635000071 ], [ -148.376854194999964, 65.284551691000047 ], [ -148.373360202999976, 65.288962692000041 ], [ -148.369865206999975, 65.29331869400005 ], [ -148.369000313999976, 65.294392447000064 ], [ -148.367951907999981, 65.29569403000005 ], [ -148.367567962999971, 65.296170693000079 ], [ -148.366312210999979, 65.297729694000054 ], [ -148.365693475999961, 65.298318992000077 ], [ -148.365003316999974, 65.298976315000061 ], [ -148.36276021599997, 65.301112694000039 ], [ -148.362363248999969, 65.301478093000071 ], [ -148.361357012999974, 65.302404310000043 ], [ -148.359621416999971, 65.304001888000073 ], [ -148.359151218999983, 65.304434695000054 ], [ -148.357450107999966, 65.306001435000042 ], [ -148.355543220999976, 65.307757695000078 ], [ -148.351932224999956, 65.311079696000036 ], [ -148.350216639999957, 65.312660716000039 ], [ -148.348324226999978, 65.314404695000064 ], [ -148.346502293999976, 65.316138894000062 ], [ -148.346304488999976, 65.316327174000037 ], [ -148.344773229999959, 65.317784695000057 ], [ -148.341586823999961, 65.319965796000076 ], [ -148.341308000999959, 65.320156650000058 ], [ -148.340418233999969, 65.32076569700007 ], [ -148.33663523499996, 65.322082697000042 ], [ -148.33500946999996, 65.322648555000058 ], [ -148.333662234999963, 65.323117469000067 ], [ -148.333049766999977, 65.32333064200003 ], [ -148.332854236999964, 65.323398697000073 ], [ -148.329073238999968, 65.32477669900004 ], [ -148.326397819999983, 65.325323598000068 ], [ -148.324318238999979, 65.325748698000041 ], [ -148.319562239999982, 65.32672369900007 ], [ -148.317089488999983, 65.327230730000053 ], [ -148.314807239999965, 65.327698700000042 ], [ -148.314309114999958, 65.327100869000049 ], [ -148.314279523999971, 65.327065356000048 ], [ -148.314225431999972, 65.327000437000038 ], [ -148.31354823999996, 65.326187700000048 ], [ -148.312649659999977, 65.325107879000029 ], [ -148.31225423799998, 65.324632701000041 ], [ -148.312012253999967, 65.324344739000082 ], [ -148.311654711999978, 65.323919261000071 ], [ -148.311654238999978, 65.323918698000057 ], [ -148.305637237999974, 65.323801698000068 ], [ -148.259229231999967, 65.318704705000073 ], [ -148.254375449999969, 65.315021571000045 ], [ -148.251376225999962, 65.31274570800008 ], [ -148.228401222999963, 65.310337712000035 ], [ -148.220782222999958, 65.309995713000035 ], [ -148.214362608999977, 65.306956898000067 ], [ -148.214362220999959, 65.30695671400008 ], [ -148.214446964999979, 65.305356818000064 ], [ -148.214535216999963, 65.303690715000073 ], [ -148.212713821999984, 65.302780495000036 ], [ -148.208804211999961, 65.300826715000028 ], [ -148.205071011999962, 65.300770013000033 ], [ -148.193793213999982, 65.30059871800006 ], [ -148.18571521299998, 65.299795719000031 ], [ -148.180385209999969, 65.296534721000057 ], [ -148.18068557999996, 65.29631325400004 ], [ -148.184740070999965, 65.293323820000069 ], [ -148.184740206999976, 65.293323720000046 ], [ -148.169633144999978, 65.289777825000044 ], [ -148.162279200999961, 65.28805172400007 ], [ -148.155232200999961, 65.287879725000039 ], [ -148.141021194999979, 65.283354728000063 ], [ -148.127678466999981, 65.277531045000046 ], [ -148.121196186999981, 65.27470173200004 ], [ -148.119016008999978, 65.270858287000067 ], [ -148.115637178999975, 65.264901734000034 ], [ -148.127268167999972, 65.255106733000048 ], [ -148.139412156999981, 65.24456273100003 ], [ -148.136216134999984, 65.238207876000047 ], [ -148.134254147999968, 65.23430673200005 ], [ -148.129785144999971, 65.230984733000071 ], [ -148.130081024999981, 65.225854900000058 ], [ -148.130129137999972, 65.225020735000044 ], [ -148.139468060999974, 65.215512794000063 ], [ -148.139468127999976, 65.215512733000082 ], [ -148.135112125999967, 65.21253473400003 ], [ -148.124852754999978, 65.211211435000052 ], [ -148.120901123999971, 65.210701736000033 ], [ -148.119702121999978, 65.210800659000029 ], [ -148.113968122999978, 65.211273738000045 ], [ -148.10680712499996, 65.211045739000042 ], [ -148.056501123999965, 65.210645747000058 ], [ -148.012452742999983, 65.210531993000075 ], [ -147.96860712299997, 65.210418763000064 ], [ -147.908996848999976, 65.21057958800003 ], [ -147.883351123999972, 65.210648778000063 ], [ -147.811732122999956, 65.210362790000033 ], [ -147.738679123999958, 65.210534804000076 ], [ -147.653479121999965, 65.210134819000075 ], [ -147.599390122999978, 65.20984882700003 ], [ -147.577452933999979, 65.209996710000041 ], [ -147.556073590999972, 65.210140832000036 ], [ -147.556073122999976, 65.210140835000061 ], [ -147.556040079999974, 65.210502405000057 ], [ -147.556021123999983, 65.210709835000046 ], [ -147.556020848999964, 65.210709910000048 ], [ -147.552007122999981, 65.211798836000071 ], [ -147.546507123999959, 65.214034836000053 ], [ -147.542323615999976, 65.216329564000034 ], [ -147.542323129999971, 65.216329836000057 ], [ -147.538257129999977, 65.217987838000056 ], [ -147.538256992999976, 65.217987874000073 ], [ -147.538256945999962, 65.217987890000074 ], [ -147.534132129999961, 65.219079838000027 ], [ -147.533116338999974, 65.219700378000027 ], [ -147.531323130999965, 65.220795838000072 ], [ -147.527254133999975, 65.22188483900004 ], [ -147.524507135999983, 65.223545840000043 ], [ -147.520382137999974, 65.225781840000082 ], [ -147.516599768999981, 65.227334394000081 ], [ -147.516199140999959, 65.227498840000067 ], [ -147.515059544999957, 65.228124917000059 ], [ -147.512129139999956, 65.229734841000038 ], [ -147.507949141999973, 65.23139584200004 ], [ -147.506346026999978, 65.231848023000055 ], [ -147.503879143999967, 65.232543842000041 ], [ -147.50110719099996, 65.233622386000036 ], [ -147.499754146999976, 65.234148843000071 ], [ -147.498434969999977, 65.234515014000067 ], [ -147.49562914599997, 65.235293843000079 ], [ -147.493042328999962, 65.23581082700008 ], [ -147.490185145999959, 65.23638184400005 ], [ -147.487886004999979, 65.237030828000059 ], [ -147.486118147999974, 65.23752984500004 ], [ -147.48193514899998, 65.238615846000073 ], [ -147.476551150999967, 65.239132846000075 ], [ -147.472423149999969, 65.23970784800008 ], [ -147.468359416999959, 65.239663308000047 ], [ -147.467040149999974, 65.239648848000058 ], [ -147.463676653999983, 65.239619995000055 ], [ -147.460279149999963, 65.239590849000081 ], [ -147.459207452999976, 65.23972675400006 ], [ -147.456210150999965, 65.240106850000075 ], [ -147.453739064999979, 65.240455001000043 ], [ -147.452143150999973, 65.240679851000039 ], [ -147.450311303999968, 65.241164347000051 ], [ -147.448018152999964, 65.241770851000069 ], [ -147.445276776999975, 65.242531792000079 ], [ -147.443893154999984, 65.242915852000067 ], [ -147.439765153999957, 65.244004853000035 ], [ -147.43569915599997, 65.245723853000072 ], [ -147.43569899299996, 65.245723871000052 ], [ -147.435018401999969, 65.245799602000034 ], [ -147.431574155999982, 65.24618285400004 ], [ -147.428288812999966, 65.246839320000049 ], [ -147.426129156999963, 65.247270856000057 ], [ -147.419312157999968, 65.247270857000046 ], [ -147.415243158999971, 65.247784857000056 ], [ -147.409743160999966, 65.249445857000069 ], [ -147.405676161999963, 65.250534858000037 ], [ -147.403811470999983, 65.251053807000062 ], [ -147.401551161999976, 65.251682859000027 ], [ -147.39742916299997, 65.25334385900004 ], [ -147.391923166999959, 65.255004861000032 ], [ -147.38927402799996, 65.255741482000076 ], [ -147.387798165999982, 65.256151861000035 ], [ -147.384993167999966, 65.257756861000075 ], [ -147.381250239999957, 65.258939418000068 ], [ -147.379549168999972, 65.259476862000042 ], [ -147.375482170999959, 65.260562866000043 ], [ -147.373843468999979, 65.260822434000033 ], [ -147.368607172999958, 65.261651864000044 ], [ -147.36453754599998, 65.262226811000062 ], [ -147.364537170999967, 65.262226861000045 ], [ -147.360412172999958, 65.262740865000069 ], [ -147.354971174999974, 65.263829867000084 ], [ -147.34947117599998, 65.266007867000042 ], [ -147.34640549599996, 65.268078414000058 ], [ -147.345232178999964, 65.268870867000032 ], [ -147.343359874999976, 65.269370916000071 ], [ -147.341162180999959, 65.269957868000063 ], [ -147.338767753999974, 65.270681856000067 ], [ -147.335662180999975, 65.27162086900006 ], [ -147.333152732999963, 65.272631949000072 ], [ -147.331537182999966, 65.27328287000006 ], [ -147.328904815999977, 65.273803601000054 ], [ -147.326037184999961, 65.274370871000031 ], [ -147.319221184999975, 65.275462877000052 ], [ -147.318297882999957, 65.27545303800008 ], [ -147.313776184999966, 65.27540487400006 ], [ -147.311514348999964, 65.275380348000056 ], [ -147.308335184999976, 65.275345875000028 ], [ -147.306406326999962, 65.275617432000047 ], [ -147.304265185999981, 65.275918875000059 ], [ -147.298823184999975, 65.277007875000038 ], [ -147.294088479999971, 65.277947241000049 ], [ -147.293324186999968, 65.278098876000058 ], [ -147.287879187999977, 65.279184877000034 ], [ -147.285884003999968, 65.279392739000059 ], [ -147.282379189999972, 65.279757878000055 ], [ -147.279363216999968, 65.279373183000075 ], [ -147.276993187999977, 65.279070880000063 ], [ -147.271665187999957, 65.278498880000029 ], [ -147.268941646999963, 65.278470159000051 ], [ -147.266165186999956, 65.278440881000051 ], [ -147.260779185999979, 65.278440882000041 ], [ -147.259571963999974, 65.278574043000049 ], [ -147.25665418899996, 65.278895883000075 ], [ -147.251268186999965, 65.278895884000065 ], [ -147.248445178999958, 65.279251755000075 ], [ -147.247143188999956, 65.279415884000059 ], [ -147.245464104999968, 65.279401232000055 ], [ -147.240382187999984, 65.279356886000073 ], [ -147.236017489999966, 65.279323317000035 ], [ -147.233621186999983, 65.27930488700008 ], [ -147.229551187999959, 65.278726887000062 ], [ -147.227590222999964, 65.278498241000079 ], [ -147.224165187999972, 65.278098888000045 ], [ -147.220801327999965, 65.278070032000073 ], [ -147.217404187999961, 65.278040889000067 ], [ -147.21058718599997, 65.278557891000048 ], [ -147.208721287999964, 65.279050037000047 ], [ -147.206462187999961, 65.279645892000076 ], [ -147.202337188999962, 65.280159893000075 ], [ -147.198265189999972, 65.281248893000054 ], [ -147.194140189999956, 65.28182389400007 ], [ -147.190076189999957, 65.282395894000047 ], [ -147.186091016999967, 65.28266414400008 ], [ -147.183257190999967, 65.282854895000071 ], [ -147.180389376999983, 65.283071969000048 ], [ -147.176440191999973, 65.283370896000065 ], [ -147.172371191999957, 65.283884897000064 ], [ -147.168246192999959, 65.284459897000033 ], [ -147.164121193999961, 65.285548899000048 ], [ -147.158827376999966, 65.286597076000078 ], [ -147.158621194999967, 65.286637898000038 ], [ -147.156839062999978, 65.286862965000068 ], [ -147.154551194999982, 65.287151900000083 ], [ -147.153854863999982, 65.287144733000048 ], [ -147.149110194999963, 65.287095901000043 ], [ -147.145098193999956, 65.286520902000063 ], [ -147.141299888999981, 65.286482529000068 ], [ -147.139654194999963, 65.286465902000032 ], [ -147.135643192999964, 65.285893904000034 ], [ -147.130201190999969, 65.284690905000048 ], [ -147.128287311999969, 65.282951566000065 ], [ -147.127679239999964, 65.282398950000072 ], [ -147.12767919099997, 65.282398905000036 ], [ -147.127725632999983, 65.281697370000074 ], [ -147.127793188999959, 65.280676905000064 ], [ -147.126535184999966, 65.277812905000076 ], [ -147.12658641799996, 65.277059823000059 ], [ -147.126648183999976, 65.276151905000063 ], [ -147.124012181999973, 65.274376906000043 ], [ -147.118568182999979, 65.274318907000065 ], [ -147.114443182999963, 65.275407907000044 ], [ -147.112036647999957, 65.276042651000068 ], [ -147.110318182999976, 65.276495909000062 ], [ -147.106193184999967, 65.277645910000047 ], [ -147.103109869999969, 65.278869354000051 ], [ -147.102012185999968, 65.279304910000064 ], [ -147.097943188999977, 65.280393910000043 ], [ -147.093760190999973, 65.282051911000053 ], [ -147.092861497999962, 65.282166596000081 ], [ -147.089693190999981, 65.28257091100005 ], [ -147.086992313999957, 65.282852294000065 ], [ -147.084193190999969, 65.283143912000071 ], [ -147.077432189999968, 65.283029914000053 ], [ -147.074638378999964, 65.28300553400004 ], [ -147.070671189999956, 65.282970914000032 ], [ -147.066601190999961, 65.282398915000044 ], [ -147.063944388999971, 65.282370306000075 ], [ -147.061215190999974, 65.282340916000066 ], [ -147.059150001999967, 65.282319653000059 ], [ -147.05577618999996, 65.282284918000073 ], [ -147.053429427999959, 65.282010570000068 ], [ -147.050387188999963, 65.281654918000072 ], [ -147.04637630299996, 65.280451955000046 ], [ -147.046376187999982, 65.280451920000075 ], [ -147.043568188999956, 65.282170920000056 ], [ -147.041916919999977, 65.283458956000061 ], [ -147.040704190999975, 65.284404920000043 ], [ -147.03795419399998, 65.286065920000055 ], [ -147.037642967999972, 65.286425220000069 ], [ -147.036465195999966, 65.287784920000036 ], [ -147.033657195999979, 65.289445921000038 ], [ -147.032792079999979, 65.289968767000062 ], [ -147.030907196999976, 65.291107922000037 ], [ -147.02678219699996, 65.291682922000064 ], [ -147.022768197999966, 65.291051923000055 ], [ -147.022014113999973, 65.290828704000035 ], [ -147.018704196999977, 65.289848923000079 ], [ -147.016068193999956, 65.288187924000056 ], [ -147.014807192999967, 65.286409924000054 ], [ -147.012226451999965, 65.284749092000084 ], [ -147.012226191999957, 65.284748925000031 ], [ -147.006840188999973, 65.283545926000045 ], [ -147.004809651999977, 65.282936968000058 ], [ -147.002832189999964, 65.282343927000056 ], [ -147.001338918999977, 65.28225892100005 ], [ -146.999793189999963, 65.282170928000028 ], [ -146.994985188999976, 65.282170929000074 ], [ -146.993237220999958, 65.282420452000054 ], [ -146.990971188999964, 65.282743928000059 ], [ -146.985526187999966, 65.282801929000073 ], [ -146.984641020999959, 65.282811365000043 ], [ -146.980085189999983, 65.282859930000029 ], [ -146.978055629999972, 65.282606052000062 ], [ -146.975960189999967, 65.28234393200006 ], [ -146.971835188999961, 65.281254933000071 ], [ -146.970453721999974, 65.280871750000074 ], [ -146.967707184999966, 65.280109933000062 ], [ -146.965688557999982, 65.279576036000037 ], [ -146.963582185999968, 65.279018933000032 ], [ -146.95939818399998, 65.277932935000081 ], [ -146.954608994999973, 65.276534239000057 ], [ -146.953899180999969, 65.276326936000032 ], [ -146.951427792999965, 65.274818940000046 ], [ -146.95109026199998, 65.274612985000033 ], [ -146.951090181999973, 65.27461293600004 ], [ -146.947024179999971, 65.274148937000064 ], [ -146.945036389999956, 65.273344824000048 ], [ -146.94278217699997, 65.272432937000076 ], [ -146.938715178999956, 65.271915938000063 ], [ -146.936417688999967, 65.271627987000045 ], [ -146.934590177999979, 65.27139894000004 ], [ -146.933076868999962, 65.271420068000054 ], [ -146.93057917699997, 65.271454941000059 ], [ -146.925135177999977, 65.272032940000031 ], [ -146.921182177999981, 65.273237942000037 ], [ -146.920514691999983, 65.273341010000081 ], [ -146.917115179999968, 65.273865942000043 ], [ -146.913267540999982, 65.274274566000031 ], [ -146.911729178999963, 65.274437943000066 ], [ -146.911234414999967, 65.274514669000041 ], [ -146.907660180999983, 65.275068944000054 ], [ -146.905710135999982, 65.276341583000033 ], [ -146.905026180999982, 65.276787945000081 ], [ -146.904542239999984, 65.277708439000037 ], [ -146.90382118399998, 65.279079944000046 ], [ -146.90256018599996, 65.280801945000064 ], [ -146.902627535999983, 65.281798823000031 ], [ -146.902676172999975, 65.282518717000073 ], [ -146.902676187999958, 65.28251894400006 ], [ -146.898724190999957, 65.284809944000074 ], [ -146.89872414499996, 65.284809951000057 ], [ -146.896120168999971, 65.285219501000029 ], [ -146.894712190999968, 65.285440945000062 ], [ -146.891476959999977, 65.285784531000047 ], [ -146.88932619199997, 65.286012946000028 ], [ -146.888608669999968, 65.286124298000061 ], [ -146.885260191999976, 65.286643947000073 ], [ -146.881483214999975, 65.287321245000044 ], [ -146.878557192999978, 65.28784594800004 ], [ -146.87317119399998, 65.289048948000072 ], [ -146.871607653999973, 65.289232126000059 ], [ -146.867785195999971, 65.28967994900006 ], [ -146.861021194999978, 65.289740952000045 ], [ -146.85956879799997, 65.290148724000062 ], [ -146.856957196999957, 65.290881951000074 ], [ -146.851892787999958, 65.290926127000034 ], [ -146.850193194999974, 65.290940952000028 ], [ -146.843435196999962, 65.29162995300004 ], [ -146.839307194999975, 65.29054095500004 ], [ -146.837246542999964, 65.290557719000049 ], [ -146.832546193999974, 65.290595955000072 ], [ -146.82991219699997, 65.292315956000039 ], [ -146.827276198999982, 65.294606956000052 ], [ -146.825653571999965, 65.295689967000044 ], [ -146.824699199999969, 65.29632695600003 ], [ -146.823695040999979, 65.29698154600004 ], [ -146.822062201999984, 65.298045957000056 ], [ -146.818877381999982, 65.298080492000054 ], [ -146.816621202999983, 65.298104958000067 ], [ -146.81390213399996, 65.298132423000084 ], [ -146.811176202999974, 65.298159959000031 ], [ -146.805735199999958, 65.297070960000042 ], [ -146.803815520999962, 65.29683256900006 ], [ -146.801604201999965, 65.296557961000076 ], [ -146.797540200999975, 65.297129961000053 ], [ -146.795647551999963, 65.297427236000033 ], [ -146.793529202999963, 65.297759963000033 ], [ -146.79157311299997, 65.298598775000073 ], [ -146.789518202999972, 65.299479963000067 ], [ -146.788419549999958, 65.300960686000053 ], [ -146.788201204999979, 65.301254964000066 ], [ -146.788373206999978, 65.303487963000066 ], [ -146.787054207999972, 65.305206962000057 ], [ -146.787054244999979, 65.305207463000045 ], [ -146.787171210999958, 65.30692696300008 ], [ -146.784245263999964, 65.307763678000072 ], [ -146.783160210999966, 65.308073963000083 ], [ -146.781665622999981, 65.308094543000038 ], [ -146.779093211999964, 65.308129964000045 ], [ -146.775023211999979, 65.307557964000068 ], [ -146.771603920999979, 65.307177491000061 ], [ -146.770898210999974, 65.30709896500008 ], [ -146.765398210999962, 65.30600996700008 ], [ -146.761273692999964, 65.305438028000083 ], [ -146.761273209999956, 65.305437967000046 ], [ -146.757262210999983, 65.306009969000058 ], [ -146.754626211999977, 65.307787968000071 ], [ -146.750615211999957, 65.309562969000069 ], [ -146.745229212999959, 65.310134969000046 ], [ -146.74294993999996, 65.310159681000073 ], [ -146.739787213999961, 65.310193970000057 ], [ -146.737503563999979, 65.308795156000031 ], [ -146.736979211999966, 65.308473971000069 ], [ -146.732854211999978, 65.307387972000072 ], [ -146.728729209999983, 65.306298974000072 ], [ -146.724601209999975, 65.30578197400007 ], [ -146.721881609999969, 65.306170489000067 ], [ -146.720590209999983, 65.306354974000044 ], [ -146.717957213999966, 65.308648978000065 ], [ -146.719573330999964, 65.309619548000057 ], [ -146.720821213999983, 65.310368974000028 ], [ -146.721591205999971, 65.310817530000065 ], [ -146.723571213999975, 65.31197097300003 ], [ -146.724678186999967, 65.313299648000054 ], [ -146.725004215999974, 65.313690973000064 ], [ -146.726498218999978, 65.315406972000062 ], [ -146.726852293999968, 65.31595272900006 ], [ -146.727985220999983, 65.317698973000063 ], [ -146.727984816999964, 65.317699142000038 ], [ -146.72391822199998, 65.31941897400003 ], [ -146.721383356999979, 65.31981134800003 ], [ -146.719848222999957, 65.320048973000041 ], [ -146.715837222999966, 65.320048974000031 ], [ -146.709021223999969, 65.320106975000044 ], [ -146.704951222999966, 65.320162976000063 ], [ -146.703582244999978, 65.320163730000047 ], [ -146.699507222999983, 65.320165977000045 ], [ -146.695440222999963, 65.320165978000034 ], [ -146.691432223999982, 65.321365979000063 ], [ -146.688793225999973, 65.323143979000065 ], [ -146.684785226999963, 65.324862980000034 ], [ -146.684216109999966, 65.325106826000081 ], [ -146.680773227999964, 65.326581980000071 ], [ -146.678742703999973, 65.327950044000033 ], [ -146.678137230999965, 65.328357980000078 ], [ -146.674714155999965, 65.329825013000061 ], [ -146.674126281999975, 65.330076960000042 ], [ -146.674126231999963, 65.330076981000047 ], [ -146.674033942999984, 65.330091466000056 ], [ -146.670112233999959, 65.330706981000048 ], [ -146.66762629599998, 65.331057571000031 ], [ -146.666049233999956, 65.331279983000059 ], [ -146.663785552999968, 65.331630380000036 ], [ -146.661979232999983, 65.33190998300006 ], [ -146.656537232999966, 65.331912984000041 ], [ -146.652471235999968, 65.332484985000065 ], [ -146.649156182999974, 65.332519454000078 ], [ -146.647085234999963, 65.332540986000083 ], [ -146.644366704999982, 65.332569928000055 ], [ -146.641637233999973, 65.33259898600005 ], [ -146.63757423499996, 65.333170987000074 ], [ -146.633618236999979, 65.334948987000075 ], [ -146.632281702999961, 65.335514230000058 ], [ -146.629551238999966, 65.336668988000042 ], [ -146.628012830999978, 65.337672222000037 ], [ -146.62691523999996, 65.338387988000079 ], [ -146.624547175999965, 65.340444328000046 ], [ -146.624279243999979, 65.340676990000077 ], [ -146.620326243999983, 65.342454989000032 ], [ -146.617108529999967, 65.343360318000066 ], [ -146.61626024399996, 65.343598990000032 ], [ -146.614414588999978, 65.343742796000072 ], [ -146.60812324699998, 65.344232992000059 ], [ -146.602081748999979, 65.344282139000029 ], [ -146.601362399999971, 65.344287991000044 ], [ -146.601362245999979, 65.344287992000034 ], [ -146.600482814999964, 65.344059043000073 ], [ -146.597179244999978, 65.343198994000034 ], [ -146.593110242999984, 65.342626995000046 ], [ -146.588929243999956, 65.341537995000067 ], [ -146.582168240999977, 65.341020997000044 ], [ -146.578096242999976, 65.341595998000059 ], [ -146.574832038999972, 65.342102816000079 ], [ -146.574032242999976, 65.342226997000068 ], [ -146.569904242999968, 65.342282999000076 ], [ -146.565896242999969, 65.342857999000046 ], [ -146.561939629999983, 65.34397012900007 ], [ -146.561826372999974, 65.344001964000029 ], [ -146.561826244999963, 65.344002 ], [ -146.561708474999961, 65.344020498000077 ], [ -146.557815245999961, 65.344632 ], [ -146.55456996999996, 65.346024686000078 ], [ -146.55380724699998, 65.34635200200006 ], [ -146.551553672999972, 65.346996442000034 ], [ -146.549796247999979, 65.347499001000074 ], [ -146.549796031999961, 65.347499146000075 ], [ -146.547160249999962, 65.349274003000062 ], [ -146.547159847999978, 65.349274172000037 ], [ -146.541773250999967, 65.351566003000073 ], [ -146.539137253999968, 65.353285004000043 ], [ -146.537358010999981, 65.354447290000053 ], [ -146.536504255999972, 65.355005004000077 ], [ -146.533488473999967, 65.356278121000059 ], [ -146.532432257999972, 65.356724004000057 ], [ -146.527162260999972, 65.359071006000079 ], [ -146.525442220999963, 65.360170400000072 ], [ -146.524471260999974, 65.360791006000056 ], [ -146.52452333399998, 65.362334286000078 ], [ -146.524529262999977, 65.362510006000036 ], [ -146.523268263999967, 65.36417100500006 ], [ -146.521951264999956, 65.365946006000058 ], [ -146.520632267999957, 65.367610006000064 ], [ -146.520632180999968, 65.367610164000041 ], [ -146.519374269999958, 65.369902005000029 ], [ -146.518284819999963, 65.371384249000073 ], [ -146.518112517999981, 65.371618673000057 ], [ -146.518112272999957, 65.37161900600006 ], [ -146.515809809999979, 65.372605777000047 ], [ -146.514101272999966, 65.373338007000029 ], [ -146.511565328999978, 65.374462144000063 ], [ -146.510090276999961, 65.375116008000077 ], [ -146.508667164999963, 65.375522206000028 ], [ -146.506082276999962, 65.376260008000031 ], [ -146.504322735999978, 65.377265460000046 ], [ -146.502071278999978, 65.378552009000032 ], [ -146.501265190999959, 65.378790666000043 ], [ -146.498001278999965, 65.379757009000059 ], [ -146.495426280999965, 65.38204900900007 ], [ -146.494686911999963, 65.38301148000005 ], [ -146.494107282999977, 65.383766009000055 ], [ -146.493224887999958, 65.384878362000052 ], [ -146.492787284999963, 65.385430009000061 ], [ -146.491529287999981, 65.387721010000064 ], [ -146.491529426999961, 65.387721219000071 ], [ -146.492499194999965, 65.389176196000051 ], [ -146.493018288999963, 65.389955010000051 ], [ -146.494465589999976, 65.390859703000046 ], [ -146.49576829199998, 65.391674009000042 ], [ -146.499893291999967, 65.392188008000062 ], [ -146.504021294999973, 65.393907007000053 ], [ -146.506856104999969, 65.39507468000005 ], [ -146.508204295999974, 65.395630006000033 ], [ -146.509270039999961, 65.396250849000069 ], [ -146.510954297999973, 65.397232005000035 ], [ -146.510954329999976, 65.397232501000076 ], [ -146.510974182999973, 65.397631817000047 ], [ -146.511068298999959, 65.399524006000036 ], [ -146.511076754999976, 65.399695931000053 ], [ -146.511098300999976, 65.400134005000041 ], [ -146.511144579999979, 65.401062320000051 ], [ -146.51118230199998, 65.401819006000039 ], [ -146.511199703999978, 65.402361929000051 ], [ -146.511237303999962, 65.403535005000037 ], [ -146.511354304999969, 65.405769005000082 ], [ -146.511412306999972, 65.407488005000062 ], [ -146.512846309999958, 65.40920800400005 ], [ -146.513025110999962, 65.409476146000031 ], [ -146.514335310999968, 65.411441005000029 ], [ -146.518460313999981, 65.413160004000076 ], [ -146.522643314999982, 65.414249002000076 ], [ -146.52676831499997, 65.415338001000066 ], [ -146.52698733699998, 65.415688773000056 ], [ -146.528201316999969, 65.417633002000059 ], [ -146.529690319999958, 65.419863 ], [ -146.529748321999961, 65.421582001000047 ], [ -146.527112323999972, 65.423302001000081 ], [ -146.524421325999981, 65.425021002000051 ], [ -146.524421041999972, 65.425021388000062 ], [ -146.52316032799996, 65.426741002000028 ], [ -146.521860211999979, 65.427297083000042 ], [ -146.519148327999972, 65.428457003000062 ], [ -146.517207826999964, 65.429698694000081 ], [ -146.516460330999962, 65.43017700300004 ], [ -146.503851333999961, 65.431955004000031 ], [ -146.49978533099997, 65.430866006000031 ], [ -146.495601329999971, 65.430294007000043 ], [ -146.494226327999968, 65.428630006000049 ], [ -146.491963457999958, 65.428010599000061 ], [ -146.490043325999977, 65.427485008000076 ], [ -146.484599327999973, 65.427485009000065 ], [ -146.48255149199997, 65.427802733000078 ], [ -146.480532327999981, 65.428116009000064 ], [ -146.477567196999956, 65.429062363000071 ], [ -146.475146328999983, 65.429835010000033 ], [ -146.473131197999976, 65.431120295000028 ], [ -146.472454332999973, 65.431552011000065 ], [ -146.471502205999968, 65.432118036000077 ], [ -146.46850133199996, 65.433902011000043 ], [ -146.46443233399998, 65.435049012000036 ], [ -146.463264101999982, 65.434902876000081 ], [ -146.460307333999964, 65.434533012000031 ], [ -146.456970755999976, 65.433606859000065 ], [ -146.456182332999958, 65.43338801200008 ], [ -146.455919524999956, 65.43342821400006 ], [ -146.452057331999981, 65.434019014000057 ], [ -146.448046333999969, 65.43459101500008 ], [ -146.445585789999967, 65.434359850000078 ], [ -146.442543332999975, 65.434074016000068 ], [ -146.439247206999966, 65.433616952000079 ], [ -146.438418332999959, 65.433502016000034 ], [ -146.434293330999964, 65.431269017000034 ], [ -146.43148532799998, 65.429605018000075 ], [ -146.431088174999957, 65.429366920000064 ], [ -146.428621325999956, 65.427888019000079 ], [ -146.427771069999977, 65.426901392000048 ], [ -146.427187324999977, 65.426224019000074 ], [ -146.425812321999956, 65.423935019000055 ], [ -146.424323319999957, 65.421641019000049 ], [ -146.42151531899998, 65.419980020000082 ], [ -146.417446317999975, 65.418891021000036 ], [ -146.41188731699998, 65.417802021000057 ], [ -146.406446315999972, 65.417230022000069 ], [ -146.404400230999983, 65.417546738000055 ], [ -146.402376315999959, 65.41786002300006 ], [ -146.396935316999958, 65.418432025000072 ], [ -146.393989703999978, 65.419274888000075 ], [ -146.392923428999978, 65.41957999300007 ], [ -146.392923317999958, 65.419580025000073 ], [ -146.39254406699996, 65.41982990300005 ], [ -146.390229318999957, 65.421355026000072 ], [ -146.387537321999957, 65.423019025000031 ], [ -146.384564898999969, 65.423479583000073 ], [ -146.383471320999973, 65.423649026000078 ], [ -146.381416124999959, 65.423669929000027 ], [ -146.377965320999976, 65.42370502700004 ], [ -146.376312663999983, 65.423917794000033 ], [ -146.373957322999956, 65.424221027000044 ], [ -146.37126532299996, 65.425996029000032 ], [ -146.370463674999968, 65.427009665000071 ], [ -146.369949325999983, 65.427660029000037 ], [ -146.369300996999982, 65.428837503000068 ], [ -146.368687327999965, 65.429952029000049 ], [ -146.368062081999966, 65.430765940000072 ], [ -146.367368328999959, 65.431669028000044 ], [ -146.361985331999961, 65.434019030000059 ], [ -146.357915332999966, 65.434591030000036 ], [ -146.353848332999974, 65.435166030000062 ], [ -146.349169944999971, 65.434239542000057 ], [ -146.34834933199997, 65.434077031000072 ], [ -146.348348816999959, 65.434076976000028 ], [ -146.342846332999983, 65.433505032000028 ], [ -146.338344095999958, 65.43307731200008 ], [ -146.33740432999997, 65.432988033000072 ], [ -146.333221328999969, 65.431899034000082 ], [ -146.330409002999971, 65.431503789000033 ], [ -146.329151327999966, 65.431327036000027 ], [ -146.324971326999957, 65.429666037000061 ], [ -146.320901325999984, 65.429094036000038 ], [ -146.318043998999968, 65.429132135000032 ], [ -146.316776325999967, 65.429149037000059 ], [ -146.311332325999956, 65.429149038000048 ], [ -146.307265476999959, 65.430926980000038 ], [ -146.307265327999971, 65.430927039000039 ], [ -146.30594832899996, 65.432588039000052 ], [ -146.304629331999962, 65.434363039000061 ], [ -146.303434705999962, 65.435117159000072 ], [ -146.301993331999967, 65.436027040000056 ], [ -146.30142337099997, 65.436187364000034 ], [ -146.297926334999971, 65.437171040000067 ], [ -146.292540335999973, 65.438949042000047 ], [ -146.290700757999957, 65.439466946000039 ], [ -146.28847333799996, 65.440094041000066 ], [ -146.286113258999961, 65.440792960000067 ], [ -146.28440433999998, 65.441299043000072 ], [ -146.280337338999971, 65.441813044000071 ], [ -146.279521357999982, 65.441937804000077 ], [ -146.27621033899996, 65.442444044000069 ], [ -146.272201339999981, 65.443019044000039 ], [ -146.26675733899998, 65.443019045000028 ], [ -146.262887302999957, 65.443057747000069 ], [ -146.261257338999968, 65.443074047000039 ], [ -146.259905906999961, 65.443088691000071 ], [ -146.255812338999959, 65.44313304800005 ], [ -146.251629338999976, 65.442616048000048 ], [ -146.247562339999973, 65.442616048000048 ], [ -146.242062337999982, 65.44204404900006 ], [ -146.239301473999973, 65.442471512000054 ], [ -146.237993337999967, 65.442674050000051 ], [ -146.233926338999964, 65.443821052000033 ], [ -146.23186603299996, 65.444111186000043 ], [ -146.229857339999967, 65.444394052000064 ], [ -146.227060192999971, 65.444827346000068 ], [ -146.225790339999975, 65.445024053000054 ], [ -146.223951144999972, 65.445541850000041 ], [ -146.221723341999962, 65.446169054000052 ], [ -146.220623141999965, 65.446618706000038 ], [ -146.217654342999964, 65.44783205400006 ], [ -146.217195626999967, 65.448449704000041 ], [ -146.216335343999958, 65.449608054000066 ], [ -146.212326345999969, 65.450755055000059 ], [ -146.208257348999979, 65.452413056000069 ], [ -146.208257284999974, 65.452413063000051 ], [ -146.202815346999984, 65.453046055000073 ], [ -146.200637515999972, 65.453348577000042 ], [ -146.198690348999975, 65.453619056000036 ], [ -146.193246348999963, 65.453105057000073 ], [ -146.189124345999971, 65.452016058000083 ], [ -146.183623345999962, 65.451441060000036 ], [ -146.179493344999969, 65.450927060000083 ], [ -146.175368343999963, 65.449208062000082 ], [ -146.171246343999968, 65.448119061000057 ], [ -146.170236481999979, 65.447487438000053 ], [ -146.168496342999958, 65.446399062000069 ], [ -146.168435337999966, 65.444107063000047 ], [ -146.167001598999974, 65.44244636500008 ], [ -146.167001337999977, 65.442446063000034 ], [ -146.16697540399997, 65.441365876000077 ], [ -146.16694633399996, 65.440155064000066 ], [ -146.166528451999966, 65.439653838000083 ], [ -146.165512332999981, 65.438435064000032 ], [ -146.165398330999977, 65.435627064000073 ], [ -146.165337327999964, 65.432763063000039 ], [ -146.166055196999963, 65.431548666000083 ], [ -146.16665732499996, 65.430530063000049 ], [ -146.166657130999965, 65.430529812000032 ], [ -146.166375474999967, 65.430165607000049 ], [ -146.165282322999957, 65.428752064000037 ], [ -146.16247432199998, 65.42709106500007 ], [ -146.161438091999969, 65.426477673000079 ], [ -146.15966831999998, 65.425430065000057 ], [ -146.155599319999965, 65.42485806500008 ], [ -146.151473318999962, 65.424283067000033 ], [ -146.147404317999957, 65.42376906700008 ], [ -146.145314286999962, 65.423478743000032 ], [ -146.143279317999969, 65.423196068000038 ], [ -146.140920070999982, 65.422729366000056 ], [ -146.137779315999978, 65.422108069000046 ], [ -146.135064677999964, 65.42135257800004 ], [ -146.133654313999983, 65.420960070000035 ], [ -146.131919589999967, 65.420740248000072 ], [ -146.129582314999965, 65.42044407000003 ], [ -146.126100591999972, 65.419719240000063 ], [ -146.124082313999963, 65.419299072000058 ], [ -146.122674331999974, 65.418354470000054 ], [ -146.11990130999996, 65.416494073000081 ], [ -146.118920517999982, 65.414571502000058 ], [ -146.118468364999956, 65.41368518400003 ], [ -146.118468307999962, 65.413685073000067 ], [ -146.119787305999978, 65.411966073000031 ], [ -146.121104303999971, 65.40967407200003 ], [ -146.12242329999998, 65.407955073000039 ], [ -146.122365309999964, 65.405721461000041 ], [ -146.122365299999956, 65.405721073000052 ], [ -146.119643047999972, 65.405720073000055 ], [ -146.116921299999973, 65.405719073000057 ], [ -146.115075837999967, 65.405462723000028 ], [ -146.11279629699996, 65.405146074000072 ], [ -146.107354298999979, 65.405146075000062 ], [ -146.102698628999974, 65.404838090000055 ], [ -146.100476296999972, 65.404691077000052 ], [ -146.096410298999956, 65.405205078000051 ], [ -146.091968288999965, 65.405252905000054 ], [ -146.091023296999964, 65.405263079000065 ], [ -146.086898298999984, 65.405835079000042 ], [ -146.08433525199996, 65.405869883000037 ], [ -146.082774296999958, 65.40589108000006 ], [ -146.077387297999962, 65.406466081000076 ], [ -146.073318297999975, 65.405894081000042 ], [ -146.066443298999957, 65.405952083000045 ], [ -146.065125567999957, 65.405764945000044 ], [ -146.062373297999983, 65.405374083000083 ], [ -146.056874296999979, 65.405374085000062 ], [ -146.050057296999967, 65.405435086000068 ], [ -146.048507323999956, 65.405877549000081 ], [ -146.046046297999965, 65.406580086000076 ], [ -146.043655763999965, 65.40694518600003 ], [ -146.041921299999956, 65.407210086000077 ], [ -146.03806945499997, 65.407575683000061 ], [ -146.036474297999973, 65.407727087000069 ], [ -146.031035299999957, 65.408358088000057 ], [ -146.024923899999976, 65.408407374000035 ], [ -146.02421530099997, 65.408413089000078 ], [ -146.022818524999963, 65.408413860000053 ], [ -146.018774300999979, 65.40841609000006 ], [ -146.014646299999981, 65.408416092000039 ], [ -146.010579298999971, 65.407841092000069 ], [ -146.005079299999977, 65.407841093000059 ], [ -146.001010298999972, 65.40732709100007 ], [ -146.001010264999962, 65.40732708400003 ], [ -145.995510297999971, 65.405663094000033 ], [ -145.993987290999968, 65.405449051000062 ], [ -145.991440295999979, 65.405091095000046 ], [ -145.986241769999964, 65.403664423000066 ], [ -145.982673292999976, 65.402685098000063 ], [ -145.981475702999973, 65.40218092200007 ], [ -145.97396528799996, 65.399019100000032 ], [ -145.971673286999959, 65.396441100000061 ], [ -145.971729282999974, 65.393116100000043 ], [ -145.971729323999966, 65.393116 ], [ -145.971865134999973, 65.392782989000068 ], [ -145.972990280999966, 65.390024100000062 ], [ -145.979115168999982, 65.387314214000071 ], [ -145.987887274999963, 65.383433097000079 ], [ -145.995000079999983, 65.380411821000052 ], [ -146.003126268999978, 65.376960095000072 ], [ -146.00603281399998, 65.375047216000041 ], [ -146.007654264999957, 65.373980095000036 ], [ -146.007654101999975, 65.373979951000081 ], [ -146.000376258999978, 65.367563097000073 ], [ -145.999587912999971, 65.366726181000047 ], [ -145.997568577999971, 65.364582440000049 ], [ -145.997568255999965, 65.364582098000028 ], [ -146.011090250999956, 65.359196095000073 ], [ -146.017460472999971, 65.35726470000003 ], [ -146.018079246999974, 65.357077094000033 ], [ -146.020042697999969, 65.357343547000028 ], [ -146.032404249999956, 65.359021092000035 ], [ -146.040482250999958, 65.359021090000056 ], [ -146.048046248999981, 65.35644608900003 ], [ -146.06170717599997, 65.350682580000068 ], [ -146.070049238999957, 65.34716308600008 ], [ -146.080948232999958, 65.341346084000065 ], [ -146.109235217999981, 65.326249079000036 ], [ -146.122240212999969, 65.320005078000065 ], [ -146.13043221199996, 65.317083077000063 ], [ -146.136393206999969, 65.314044075000083 ], [ -146.136733422999981, 65.311932583000043 ], [ -146.136965203999978, 65.310494076000055 ], [ -146.134101200999964, 65.30745207700005 ], [ -146.13240290799996, 65.306054920000065 ], [ -146.130204196999983, 65.304246077000073 ], [ -146.123709063999968, 65.303946168000039 ], [ -146.122754197999967, 65.303902078000078 ], [ -146.121859795999967, 65.303895030000035 ], [ -146.115648196999956, 65.303846080000028 ], [ -146.107974193999979, 65.30144107700005 ], [ -146.107171190999964, 65.298116081000046 ], [ -146.101268188999967, 65.289063094000028 ], [ -146.102369015999983, 65.288590855000052 ], [ -146.11902917599997, 65.281444081000075 ], [ -146.122912866999968, 65.280576680000081 ], [ -146.125959667999979, 65.279896192000081 ], [ -146.125960173999971, 65.279896079000082 ], [ -146.124871170999967, 65.276974080000059 ], [ -146.119284678999975, 65.275259356000049 ], [ -146.117596167999977, 65.274741082000048 ], [ -146.11553238099998, 65.274018209000076 ], [ -146.093874157999977, 65.266432086000066 ], [ -146.080121151999975, 65.259499088000041 ], [ -146.078199155999982, 65.255138704000046 ], [ -146.07565114199997, 65.249358091000033 ], [ -146.062557865999963, 65.243752208000046 ], [ -146.055310132999978, 65.240649094000048 ], [ -146.046378750999963, 65.238447278000081 ], [ -146.033937125999984, 65.235380099000054 ], [ -146.019499121999957, 65.229880102000038 ], [ -146.012107120999957, 65.228158102000066 ], [ -146.001289122999964, 65.229298104000065 ], [ -145.999903150999984, 65.229444105000027 ], [ -145.997957120999956, 65.229649104000032 ], [ -145.990221119999973, 65.228388106000068 ], [ -145.987605399999978, 65.227682732000062 ], [ -145.983001116999958, 65.226441107000028 ], [ -145.981707682999968, 65.224745392000045 ], [ -145.980596114999969, 65.223288108000077 ], [ -145.974364230999981, 65.218479351000042 ], [ -145.967529102999976, 65.213205111000036 ], [ -145.962104654999962, 65.210416303000045 ], [ -145.955382098999962, 65.206960114000083 ], [ -145.952028402999957, 65.20529777400003 ], [ -145.948793094999957, 65.203694114000029 ], [ -145.930057095999956, 65.205127119000053 ], [ -145.906796094999976, 65.205127123000068 ], [ -145.905716747999975, 65.205176570000049 ], [ -145.899287095999966, 65.205471123000052 ], [ -145.886057100999977, 65.210685126000044 ], [ -145.886056958999973, 65.210685388000059 ], [ -145.885964659999956, 65.21085621800006 ], [ -145.884448103999972, 65.213663125000039 ], [ -145.88258182499996, 65.213952014000029 ], [ -145.876657103999975, 65.214869126000053 ], [ -145.869723102999956, 65.213663128000064 ], [ -145.863239663999963, 65.211659284000064 ], [ -145.84451209499997, 65.205871133000073 ], [ -145.836941029999963, 65.202565612000058 ], [ -145.824173084999956, 65.196991137000055 ], [ -145.818212082999963, 65.193955138000035 ], [ -145.810546151999972, 65.194741778000036 ], [ -145.802571082999975, 65.195560140000055 ], [ -145.787101078999967, 65.191149143000075 ], [ -145.776035131999976, 65.190444962000072 ], [ -145.764582077999961, 65.18971614700007 ], [ -145.741146069999957, 65.18324115300004 ], [ -145.733815068999974, 65.181869153000036 ], [ -145.719981629999978, 65.182899593000059 ], [ -145.718457068999982, 65.183013157000062 ], [ -145.704018070999979, 65.186107159000073 ], [ -145.699968458999962, 65.186747062000052 ], [ -145.695310073999963, 65.187483159000067 ], [ -145.687632073999964, 65.187366162000046 ], [ -145.683916645999972, 65.185891819000062 ], [ -145.679840213999967, 65.184274221000067 ], [ -145.679840068999965, 65.184274163000055 ], [ -145.679619076999955, 65.181458958000064 ], [ -145.679035059999961, 65.174019163000082 ], [ -145.679034667999957, 65.174018915000033 ], [ -145.674510056999964, 65.171155165000073 ], [ -145.674509863999958, 65.171155020000072 ], [ -145.666660051999969, 65.165252167000062 ], [ -145.669078648999971, 65.163696239000046 ], [ -145.671470673999977, 65.162157406000063 ], [ -145.671471046999983, 65.162157166000043 ], [ -145.670763561999962, 65.159916 ], [ -145.670440044999964, 65.158891165000057 ], [ -145.65369571399998, 65.15499337600005 ], [ -145.647062037999973, 65.153449171000034 ], [ -145.639557036999975, 65.152074172000027 ], [ -145.629412029999969, 65.145485174000044 ], [ -145.621390029999958, 65.145085175000077 ], [ -145.614457155999958, 65.144685184000082 ], [ -145.614457027999975, 65.144685177000042 ], [ -145.616253507999971, 65.14310643500005 ], [ -145.61778199699998, 65.14176320200005 ], [ -145.617782026999976, 65.14176317600004 ], [ -145.630877616999982, 65.139167417000067 ], [ -145.661729018999978, 65.133052168000063 ], [ -145.668718017999964, 65.130530167000074 ], [ -145.672557010999981, 65.124516168000071 ], [ -145.675137356999983, 65.121127504000071 ], [ -145.680062, 65.114660166000078 ], [ -145.694728995999981, 65.109160165000048 ], [ -145.698772558999963, 65.107601574000057 ], [ -145.703209993999963, 65.105891163000081 ], [ -145.71031581799997, 65.104825554000058 ], [ -145.719253991999977, 65.103485160000048 ], [ -145.728602239999958, 65.10251852600004 ], [ -145.744175988999956, 65.10090815600006 ], [ -145.747530538999968, 65.100288576000082 ], [ -145.751625987999972, 65.099532155000077 ], [ -145.753742028999966, 65.095140808000053 ], [ -145.756209978999976, 65.090019156000039 ], [ -145.772088004999972, 65.082028057000059 ], [ -145.774197971999968, 65.08096615200003 ], [ -145.775286967999961, 65.07804615200007 ], [ -145.774744471999981, 65.07738955700006 ], [ -145.769842961999956, 65.07145715300004 ], [ -145.729145993999964, 65.076387494000073 ], [ -145.721595965999967, 65.07730216200008 ], [ -145.714163791999965, 65.077245281000046 ], [ -145.706700965999971, 65.077188164000063 ], [ -145.68320996099996, 65.073463168000046 ], [ -145.679646693999956, 65.072538885000029 ], [ -145.675703958999975, 65.071516170000052 ], [ -145.675704080999964, 65.071516024000061 ], [ -145.681145952999969, 65.064983170000062 ], [ -145.683953948999971, 65.061716169000078 ], [ -145.683953869999982, 65.061716145000048 ], [ -145.678803331999973, 65.060178633000078 ], [ -145.66859794399997, 65.057132172000081 ], [ -145.662123426999983, 65.053410453000083 ], [ -145.662122941999968, 65.053410174000078 ], [ -145.660823755999957, 65.050353413000039 ], [ -145.65937093499997, 65.046935174000055 ], [ -145.655645924999959, 65.037194174000035 ], [ -145.655645738999965, 65.037194060000047 ], [ -145.650947920999982, 65.034330177000072 ], [ -145.646949312999965, 65.035321783000029 ], [ -145.636164926999982, 65.037996178000071 ], [ -145.630707896999979, 65.039901047000058 ], [ -145.628770928999984, 65.040577180000071 ], [ -145.614506927999969, 65.03931618200005 ], [ -145.60855099699998, 65.040691167000034 ], [ -145.608550927999971, 65.040691183000035 ], [ -145.60207293199997, 65.045677184000056 ], [ -145.600458335999974, 65.046368349000034 ], [ -145.598061932999968, 65.047394184000041 ], [ -145.595373542999965, 65.047395183000049 ], [ -145.592675933999971, 65.047396185000082 ], [ -145.588606933999984, 65.04791018700007 ], [ -145.585339721999958, 65.04829712600008 ], [ -145.583278933999964, 65.048541187000069 ], [ -145.577892933999976, 65.048541188000058 ], [ -145.572506933999961, 65.047969189000071 ], [ -145.565803932999984, 65.04796919000006 ], [ -145.560359933999962, 65.04796919100005 ], [ -145.552336933999982, 65.047969192000039 ], [ -145.54695393199998, 65.047969193000029 ], [ -145.541567931999964, 65.048544195000034 ], [ -145.53755693399998, 65.049116195000067 ], [ -145.536068541999981, 65.049324277000039 ], [ -145.533486933999967, 65.049685196000041 ], [ -145.529472935999962, 65.050835196000037 ], [ -145.526900600999966, 65.051570058000038 ], [ -145.525464937999971, 65.051980196000045 ], [ -145.522715089999963, 65.053641106000043 ], [ -145.522714938999968, 65.053641197000047 ], [ -145.522714938999968, 65.055360197000027 ], [ -145.522728014999956, 65.055868106000048 ], [ -145.522773941999958, 65.057652198000028 ], [ -145.525467943999956, 65.059371196000029 ], [ -145.52684294599996, 65.061032196000042 ], [ -145.530853945999979, 65.062810194000065 ], [ -145.534920949999957, 65.063899194000044 ], [ -145.535711374999977, 65.064928124000062 ], [ -145.536239914999982, 65.065616148000061 ], [ -145.536239949999981, 65.065616194000029 ], [ -145.535093907999965, 65.066347466000082 ], [ -145.533545951999969, 65.067335195000055 ], [ -145.531476560999977, 65.067091669000035 ], [ -145.528217951999977, 65.066708196000036 ], [ -145.525811552999983, 65.067078912000056 ], [ -145.524147951999964, 65.067335196000045 ], [ -145.517926622999966, 65.067810930000064 ], [ -145.517386951999981, 65.067852198000082 ], [ -145.517100006999982, 65.067879171000072 ], [ -145.510684951999963, 65.068482198000083 ], [ -145.506617951999971, 65.068999199000075 ], [ -145.505262674999983, 65.069212408000055 ], [ -145.502606951999979, 65.069630201000052 ], [ -145.497220952999982, 65.069630201000052 ], [ -145.493723586999977, 65.069224905000056 ], [ -145.491775952999973, 65.068999203000033 ], [ -145.487764951999964, 65.06848220300003 ], [ -145.483753950999983, 65.067338203000077 ], [ -145.479742949999974, 65.066763205000029 ], [ -145.475675950999971, 65.066763206000076 ], [ -145.470289949999966, 65.066763206000076 ], [ -145.468905500999966, 65.066763977000051 ], [ -145.464903949999979, 65.066766206000068 ], [ -145.459517949999963, 65.066766207000057 ], [ -145.454131949999976, 65.066766208000047 ], [ -145.448745947999981, 65.066766209000036 ], [ -145.443359948999984, 65.066766210000083 ], [ -145.442579461999969, 65.06778262000006 ], [ -145.442039951999959, 65.068485210000063 ], [ -145.442042016999977, 65.070415469000068 ], [ -145.442042953999959, 65.071291134000035 ], [ -145.442042953999959, 65.071291210000084 ], [ -145.442156826999963, 65.071439842000075 ], [ -145.443359953999959, 65.073010210000064 ], [ -145.443359956999956, 65.075877211000034 ], [ -145.441547442999962, 65.076262193000048 ], [ -145.437973959999965, 65.077021211000044 ], [ -145.436115103999981, 65.077553107000028 ], [ -145.433961958999959, 65.078169211000045 ], [ -145.43155116799997, 65.078847840000037 ], [ -145.429897960999966, 65.079313211000056 ], [ -145.429092243999975, 65.080287228000032 ], [ -145.428523963999965, 65.080974212000058 ], [ -145.425825963999984, 65.082694212000035 ], [ -145.42450996599996, 65.084355212000048 ], [ -145.421501348999982, 65.085315267000055 ], [ -145.419122965999975, 65.086074213000074 ], [ -145.417234574999981, 65.08580491500004 ], [ -145.415111966999973, 65.08550221400003 ], [ -145.411042966999958, 65.084930216000032 ], [ -145.406975964999958, 65.084358216000055 ], [ -145.401589966999978, 65.084930217000078 ], [ -145.397520964999956, 65.085502217000055 ], [ -145.395623541999981, 65.085772805000033 ], [ -145.393509966999972, 65.086074219000068 ], [ -145.388123964999977, 65.085502219000034 ], [ -145.387597427999964, 65.085352080000064 ], [ -145.384111965999978, 65.08435822000007 ], [ -145.381563005999965, 65.083638544000053 ], [ -145.380045963999976, 65.083210220000069 ], [ -145.377351226999963, 65.081549387000052 ], [ -145.377350960999962, 65.081549221000046 ], [ -145.373339959999981, 65.07983222200005 ], [ -145.370832090999983, 65.078264577000027 ], [ -145.370589958999972, 65.07811322200007 ], [ -145.367953957999958, 65.076394223000079 ], [ -145.365259954999971, 65.074733223000067 ], [ -145.365259588999976, 65.074732745000063 ], [ -145.363942953999981, 65.073013224000078 ], [ -145.363325023999977, 65.072626961000083 ], [ -145.361192951999982, 65.071294224000042 ], [ -145.358497948999968, 65.069577223000067 ], [ -145.353170950999981, 65.070149226000069 ], [ -145.347784948999958, 65.070149227000059 ], [ -145.343717948999966, 65.069574227000032 ], [ -145.340284168999972, 65.069205794000084 ], [ -145.338386948999982, 65.069002228000045 ], [ -145.337662302999973, 65.068994774000032 ], [ -145.332942947999982, 65.068946230000051 ], [ -145.32761494899998, 65.068946231000041 ], [ -145.322173948999961, 65.06894623200003 ], [ -145.318162323999957, 65.069577175000063 ], [ -145.318161947999982, 65.069577232000029 ], [ -145.317597845999956, 65.069815683000058 ], [ -145.314092950999964, 65.071297232000063 ], [ -145.310081949999983, 65.072441234000053 ], [ -145.308046547999965, 65.072420289000036 ], [ -145.304639949999967, 65.07238523500007 ], [ -145.302942221999956, 65.072038681000038 ], [ -145.299309950999969, 65.071297235000031 ], [ -145.295242947999981, 65.070666237000069 ], [ -145.288536948999962, 65.069519237000065 ], [ -145.283095947999982, 65.069519238000055 ], [ -145.277764948999959, 65.070094239000071 ], [ -145.275005358999977, 65.069800655000051 ], [ -145.272378947999982, 65.069521240000029 ], [ -145.26699594699997, 65.069521241000075 ], [ -145.264553989999968, 65.069781034000073 ], [ -145.261609947999972, 65.070094243000028 ], [ -145.25484894799996, 65.070094243000028 ], [ -145.252170203999981, 65.070438596000031 ], [ -145.250834946999959, 65.070610244000079 ], [ -145.249379764999958, 65.071019929000045 ], [ -145.246767947999956, 65.07175524400003 ], [ -145.242756949999972, 65.072330245000046 ], [ -145.238689948999962, 65.071755245000077 ], [ -145.234678946999964, 65.071183246000032 ], [ -145.229292947999966, 65.07055224700008 ], [ -145.225222946999963, 65.070555248000062 ], [ -145.221211947999961, 65.071183249000057 ], [ -145.217086948999963, 65.073419250000029 ], [ -145.213075950999979, 65.075080250000042 ], [ -145.211274578999962, 65.07609523900004 ], [ -145.209009953999981, 65.077371250000056 ], [ -145.206813674999978, 65.078314469000077 ], [ -145.204997953999964, 65.079094251000072 ], [ -145.202248955999977, 65.080752251000035 ], [ -145.200684514999978, 65.081751238000038 ], [ -145.199556955999981, 65.082471252000062 ], [ -145.197340871999955, 65.083096331000036 ], [ -145.195486958999965, 65.083619253000052 ], [ -145.193575946999971, 65.084427579000078 ], [ -145.191422960999972, 65.085338254000078 ], [ -145.187409961999975, 65.086999254000034 ], [ -145.186850771999957, 65.087156568000069 ], [ -145.18333996399997, 65.088144254000042 ], [ -145.180320946999956, 65.089402363000033 ], [ -145.179214964999971, 65.089863256000058 ], [ -145.176575966999962, 65.091524256000071 ], [ -145.172453968999974, 65.093760256000053 ], [ -145.170468916999965, 65.094326919000082 ], [ -145.168442969999973, 65.094905256000061 ], [ -145.166312127999959, 65.095805901000062 ], [ -145.164375971999959, 65.09662425700003 ], [ -145.160364971999968, 65.09777125800008 ], [ -145.157004223999962, 65.099172589000034 ], [ -145.156239974999977, 65.099491258000057 ], [ -145.152170973999972, 65.100580259000083 ], [ -145.150491823999971, 65.100796384000034 ], [ -145.148161975999983, 65.101096261000066 ], [ -145.144092974999978, 65.101724260000083 ], [ -145.140081974999958, 65.101096261000066 ], [ -145.139569585999965, 65.100450730000034 ], [ -145.138761972999959, 65.099433261000058 ], [ -145.137386969999966, 65.097141263000083 ], [ -145.133375970999964, 65.09656926200006 ], [ -145.12799296999998, 65.096569264000038 ], [ -145.123922970999956, 65.097655264000082 ], [ -145.118534970999974, 65.098805265000067 ], [ -145.114470973999971, 65.099377265000044 ], [ -145.114470679999982, 65.099377214000071 ], [ -145.110459970999983, 65.098746266000035 ], [ -145.107233501999957, 65.098440509000056 ], [ -145.105014968999967, 65.098230268000066 ], [ -145.100795102999967, 65.098194998000054 ], [ -145.098314970999979, 65.098174269000083 ], [ -145.095882816999961, 65.097827685000027 ], [ -145.09430096899996, 65.097602270000039 ], [ -145.093825725999977, 65.097669077000035 ], [ -145.09023197099998, 65.098174270000072 ], [ -145.090092279999965, 65.098290697000039 ], [ -145.087481973999957, 65.100466270000084 ], [ -145.087484973999977, 65.10212727000004 ], [ -145.086636260999967, 65.10345065000007 ], [ -145.086050976999957, 65.104363270000079 ], [ -145.084812646999978, 65.105980817000045 ], [ -145.084734967999964, 65.106082272000037 ], [ -145.080664976999969, 65.106710271000054 ], [ -145.077767450999971, 65.107078697000077 ], [ -145.076598977999964, 65.107227272000046 ], [ -145.072587354999968, 65.107802218000074 ], [ -145.072586979999983, 65.107802272000072 ], [ -145.068461979999967, 65.108946274000061 ], [ -145.06612800299996, 65.109913382000059 ], [ -145.064450981999983, 65.110608274000072 ], [ -145.062379425999978, 65.111903186000063 ], [ -145.06170098299998, 65.112327274000052 ], [ -145.058950983999978, 65.113988275000054 ], [ -145.054939985999965, 65.115707275000034 ], [ -145.050814986999967, 65.116796276000059 ], [ -145.048739756999964, 65.117092738000053 ], [ -145.046803987999965, 65.11736927700008 ], [ -145.041359988999972, 65.117944277000049 ], [ -145.03603198899998, 65.117944278000039 ], [ -145.031906988999964, 65.118516279000062 ], [ -145.027898989999983, 65.119605279000041 ], [ -145.023767992999979, 65.121266280000043 ], [ -145.021134995999972, 65.122985286000073 ], [ -145.01838499599998, 65.124646281000082 ], [ -145.016741078999956, 65.12533174500004 ], [ -145.014259995999964, 65.12636628100006 ], [ -145.010192996999962, 65.128027283000051 ], [ -145.006125997999959, 65.12865828300005 ], [ -145.004128615999974, 65.129200081000079 ], [ -145.002114997999968, 65.129746283000031 ], [ -144.998752735999972, 65.131148247000056 ], [ -144.997990000999977, 65.131466284000055 ], [ -144.993979000999957, 65.133127284000068 ], [ -144.993807432999972, 65.133234530000038 ], [ -144.991229002999972, 65.134846285000037 ], [ -144.98824168699997, 65.135675491000029 ], [ -144.987104003999974, 65.135991285000046 ], [ -144.983093005999962, 65.13708028700006 ], [ -144.977648006999971, 65.137083287000053 ], [ -144.973640003999975, 65.136452288000044 ], [ -144.969574002999963, 65.135305290000076 ], [ -144.968565017999964, 65.135017475000041 ], [ -144.965560001999961, 65.134160289000079 ], [ -144.961549, 65.133013290000065 ], [ -144.960028771999959, 65.132585668000047 ], [ -144.957482, 65.131869292000033 ], [ -144.955813621999965, 65.131391780000058 ], [ -144.953471, 65.130721292000032 ], [ -144.949459996999963, 65.129577292000079 ], [ -144.949459593999961, 65.129577236000046 ], [ -144.949431338999972, 65.129573206000032 ], [ -144.945447996999974, 65.129005293000034 ], [ -144.943705287999961, 65.12851325400004 ], [ -144.941381995999961, 65.12785729400008 ], [ -144.937370993999963, 65.127285296000082 ], [ -144.931984992999958, 65.126710296000056 ], [ -144.926598992999971, 65.126713297000038 ], [ -144.925601079999979, 65.126702667000075 ], [ -144.921153992999962, 65.126655299000049 ], [ -144.919484444999966, 65.126870079000071 ], [ -144.91714299399996, 65.127171297000075 ], [ -144.913017995999979, 65.128888299000039 ], [ -144.913017923999973, 65.128888349000079 ], [ -144.910267996999977, 65.130552300000033 ], [ -144.90757599899996, 65.132269300000075 ], [ -144.90620100199996, 65.133933300000081 ], [ -144.904771001999961, 65.135708300000033 ], [ -144.902021003999977, 65.137369300000046 ], [ -144.898010005999964, 65.138516301000038 ], [ -144.895428048999975, 65.139232364000065 ], [ -144.893885005999977, 65.139660302000038 ], [ -144.891146148999979, 65.139632334000055 ], [ -144.888499004999971, 65.139605302000064 ], [ -144.884487004999983, 65.139030304000073 ], [ -144.881851001999962, 65.137313304000031 ], [ -144.879160000999974, 65.135594305000041 ], [ -144.876464998999978, 65.133819306000078 ], [ -144.872511997999965, 65.132672306000075 ], [ -144.869282667999983, 65.131761205000032 ], [ -144.86844299599997, 65.131524306000074 ], [ -144.864431982999974, 65.130377302000056 ], [ -144.864155735999958, 65.130263111000033 ], [ -144.860420992999963, 65.128719308000029 ], [ -144.857728990999959, 65.126944309000066 ], [ -144.856860537999978, 65.125848703000031 ], [ -144.856409989999975, 65.125280309000061 ], [ -144.855092988999957, 65.123563309000076 ], [ -144.85383198599996, 65.121846309000034 ], [ -144.851195983999958, 65.120124310000051 ], [ -144.848503981999983, 65.118463312000074 ], [ -144.845867981999959, 65.116685312000072 ], [ -144.841797981999974, 65.117260312000042 ], [ -144.840744031999975, 65.117897513000059 ], [ -144.839048982999969, 65.118922312000052 ], [ -144.834981982999977, 65.119494313000075 ], [ -144.82959598399998, 65.119494314000065 ], [ -144.824209982999974, 65.119494316000043 ], [ -144.820197981999968, 65.118863318000081 ], [ -144.814756981999977, 65.118291316000068 ], [ -144.813700909999966, 65.117985654000051 ], [ -144.810800980999971, 65.117146317000049 ], [ -144.807673998999974, 65.116661813000064 ], [ -144.80673497899997, 65.116516318000038 ], [ -144.80272297999997, 65.115941319000058 ], [ -144.800912618999973, 65.115431891000071 ], [ -144.798653976999958, 65.11479631900005 ], [ -144.794543422999965, 65.113913723000053 ], [ -144.793325977999956, 65.113652320000028 ], [ -144.789314974999968, 65.112505322000061 ], [ -144.786494833999967, 65.111711356000058 ], [ -144.785247973999958, 65.111360322000053 ], [ -144.784317490999968, 65.11105027800005 ], [ -144.779914971999972, 65.109583324000027 ], [ -144.776558976999979, 65.108624589000044 ], [ -144.775906969999966, 65.108438325000066 ], [ -144.774872940999956, 65.108142482000062 ], [ -144.771897971999977, 65.107291325000062 ], [ -144.767886967999971, 65.105516325000053 ], [ -144.762556966999966, 65.104944326000066 ], [ -144.758489966999974, 65.104369327000029 ], [ -144.75500556199998, 65.103360059000067 ], [ -144.754536963999982, 65.103224333000071 ], [ -144.750467963999967, 65.101505329000076 ], [ -144.74882544899998, 65.100800984000045 ], [ -144.746456962999957, 65.099785329000042 ], [ -144.74501250199998, 65.099346442000069 ], [ -144.742500960999962, 65.098583330000054 ], [ -144.739361172999963, 65.097699156000033 ], [ -144.738434959999978, 65.097438331000035 ], [ -144.733106957999979, 65.096863332000055 ], [ -144.731861582999983, 65.096688177000033 ], [ -144.729039958999977, 65.096291333000067 ], [ -144.725084956999979, 65.095719333000034 ], [ -144.721705946999975, 65.095195078000074 ], [ -144.721017954999979, 65.095088335000071 ], [ -144.719346113999961, 65.09485331500008 ], [ -144.716948954999964, 65.094516335000037 ], [ -144.712939966999983, 65.093941337000047 ], [ -144.711564955999961, 65.095660337000083 ], [ -144.71156511099997, 65.095660613000064 ], [ -144.712823958999962, 65.09789633500003 ], [ -144.714142959999975, 65.100188335000041 ], [ -144.714084963999966, 65.103052336000076 ], [ -144.712720657999967, 65.105232946000058 ], [ -144.712651201999961, 65.105343959000038 ], [ -144.712650966999973, 65.105344335000041 ], [ -144.708584969999976, 65.106949340000028 ], [ -144.707651962999961, 65.107145641000045 ], [ -144.70314296799998, 65.108094336000079 ], [ -144.700546263999968, 65.107818082000051 ], [ -144.697756967999965, 65.107521337000037 ], [ -144.690995966999964, 65.107463340000038 ], [ -144.689714949999967, 65.107188287000042 ], [ -144.685667964999965, 65.106319340000027 ], [ -144.684002827999961, 65.105849550000073 ], [ -144.681598965999967, 65.105171341000073 ], [ -144.679020961999981, 65.103396342000053 ], [ -144.677792835999981, 65.101850950000028 ], [ -144.677701175999971, 65.101735611000038 ], [ -144.677700960999971, 65.101735341000051 ], [ -144.67556449099996, 65.101404310000078 ], [ -144.673634960999976, 65.101105342000039 ], [ -144.669681960999981, 65.100527343000067 ], [ -144.669681778999973, 65.100527290000059 ], [ -144.665611958999961, 65.099385344000041 ], [ -144.663296780999957, 65.099114539000084 ], [ -144.660225957999955, 65.09875534400004 ], [ -144.658011811999955, 65.098440694000033 ], [ -144.656214956999975, 65.098185345000047 ], [ -144.652147955999965, 65.098185346000037 ], [ -144.64682095699996, 65.098124347000066 ], [ -144.643997743999961, 65.097727571000064 ], [ -144.642750954999968, 65.097552347000033 ], [ -144.638739955999966, 65.096980348000045 ], [ -144.633411955999975, 65.095205349000082 ], [ -144.630717952999959, 65.093541350000066 ], [ -144.626765105999965, 65.092338403000042 ], [ -144.626764947999959, 65.092338357000074 ], [ -144.622753948999957, 65.091191352000067 ], [ -144.621530394999979, 65.090842071000054 ], [ -144.618742948999966, 65.090046352000059 ], [ -144.61460076399996, 65.089561572000036 ], [ -144.613359946999964, 65.089416353000047 ], [ -144.612900157999974, 65.089283275000071 ], [ -144.609403945999958, 65.088271354000028 ], [ -144.605644111999965, 65.086659998000073 ], [ -144.605392943999959, 65.086552355000038 ], [ -144.601381943999968, 65.084833355000058 ], [ -144.600064940999971, 65.083113357000059 ], [ -144.599795609999973, 65.082588107000049 ], [ -144.598859938999965, 65.080763356000034 ], [ -144.595249300999967, 65.079730847000064 ], [ -144.594848936999966, 65.079616357000077 ], [ -144.589464936999974, 65.079616359000056 ], [ -144.587939550999977, 65.079595365000046 ], [ -144.585395936999959, 65.079560358000037 ], [ -144.581328937999956, 65.080135359000053 ], [ -144.577320936999968, 65.079563360000066 ], [ -144.573306935999966, 65.078988361000029 ], [ -144.567972934999972, 65.077785363000032 ], [ -144.563909931999973, 65.076638363000029 ], [ -144.560079950999977, 65.075349114000062 ], [ -144.558636930999967, 65.074863364000066 ], [ -144.554625928999968, 65.073716364000063 ], [ -144.552274102999974, 65.072708859000045 ], [ -144.550617926999962, 65.071999365000067 ], [ -144.549392942999958, 65.071467073000065 ], [ -144.546661926999974, 65.070280366000077 ], [ -144.544393791999966, 65.070255771000063 ], [ -144.541220926999983, 65.070221367000045 ], [ -144.537209926999964, 65.071310367000081 ], [ -144.533139926999979, 65.071885368000039 ], [ -144.53031389399996, 65.072680994000052 ], [ -144.529073003999969, 65.073030348000032 ], [ -144.529072928999966, 65.073030369000037 ], [ -144.526322930999982, 65.074749369000074 ], [ -144.522197932999973, 65.076352370000052 ], [ -144.518131933999967, 65.078071370000032 ], [ -144.514003933999959, 65.07858837200007 ], [ -144.50999593399996, 65.079160372000047 ], [ -144.505132606999979, 65.079622143000051 ], [ -144.504550934999969, 65.079677372000049 ], [ -144.504215708999965, 65.079725179000036 ], [ -144.50053993399996, 65.080249372000083 ], [ -144.498920975999965, 65.080233010000029 ], [ -144.495097933999972, 65.08019437400003 ], [ -144.491991510999981, 65.080159969000078 ], [ -144.489770933999978, 65.080135375000054 ], [ -144.48438193299998, 65.079563377000056 ], [ -144.483347272999964, 65.079267354000081 ], [ -144.480372932999956, 65.078416377000053 ], [ -144.477736930999981, 65.076641377000044 ], [ -144.476100951999967, 65.075929904000077 ], [ -144.473781927999966, 65.074921379000045 ], [ -144.472265492999981, 65.073931723000044 ], [ -144.471147927999965, 65.073202379000065 ], [ -144.469112458999973, 65.072022786000048 ], [ -144.467192924999978, 65.070910379000054 ], [ -144.464917749999984, 65.069426684000064 ], [ -144.464556922999975, 65.069191380000063 ], [ -144.464556844999976, 65.069191278000062 ], [ -144.463239920999968, 65.067471380000029 ], [ -144.460895134999959, 65.06645172900005 ], [ -144.459286918999965, 65.065752382000028 ], [ -144.45665091799998, 65.064033382000048 ], [ -144.454014915999977, 65.062316382000063 ], [ -144.452313092999958, 65.061180954000065 ], [ -144.45143691499996, 65.060596383000075 ], [ -144.44824883299998, 65.060095887000045 ], [ -144.447423913999955, 65.059966383000074 ], [ -144.443368721999974, 65.060397211000065 ], [ -144.442039914999981, 65.06053838400004 ], [ -144.441365535999978, 65.061321473000078 ], [ -144.440606915999979, 65.062202385000035 ], [ -144.440211906999963, 65.062676894000049 ], [ -144.439175916999972, 65.063921385000071 ], [ -144.437742918999959, 65.065585385000077 ], [ -144.434992919999956, 65.067299385000069 ], [ -144.430925920999982, 65.068388386000038 ], [ -144.429464604999964, 65.069301377000045 ], [ -144.428172921999959, 65.070108386000072 ], [ -144.424109922999975, 65.071769387000074 ], [ -144.419978923999963, 65.072858388000043 ], [ -144.415970925999972, 65.073433389000058 ], [ -144.412397460999983, 65.074378517000071 ], [ -144.411845924999966, 65.074524390000079 ], [ -144.407778925999963, 65.075035391000029 ], [ -144.403709928999973, 65.076124390000075 ], [ -144.399584928999957, 65.07727439100006 ], [ -144.398675044999976, 65.077529883000068 ], [ -144.395517928999965, 65.078416391000076 ], [ -144.391392928999977, 65.079505393000034 ], [ -144.387710005999963, 65.08100842500005 ], [ -144.387323342999963, 65.081166225000061 ], [ -144.387322930999972, 65.081166393000046 ], [ -144.385752949999983, 65.081144786000038 ], [ -144.383253932999963, 65.081110393000074 ], [ -144.377928929999968, 65.08053839400003 ], [ -144.377303569999981, 65.080439702000035 ], [ -144.373917928999958, 65.079905395000083 ], [ -144.370584040999972, 65.079870713000048 ], [ -144.368534929999981, 65.079849396000043 ], [ -144.36853465599998, 65.079849563000039 ], [ -144.365723268999972, 65.081569189000049 ], [ -144.365722930999965, 65.081569396000077 ], [ -144.365471238999959, 65.081873661000031 ], [ -144.364348932999974, 65.083230397000079 ], [ -144.365609933999963, 65.085005397000032 ], [ -144.364178936999963, 65.086666397000045 ], [ -144.360109937999965, 65.087813398000037 ], [ -144.360109836999982, 65.08781336900006 ], [ -144.358671123999983, 65.087402052000073 ], [ -144.356097935999969, 65.086666398000034 ], [ -144.354397825999968, 65.086394949000066 ], [ -144.352145933999964, 65.086035400000071 ], [ -144.347991438999969, 65.086425922000046 ], [ -144.346645935999959, 65.086552399000084 ], [ -144.341317935999967, 65.086552400000073 ], [ -144.338509937999959, 65.088158401000044 ], [ -144.338473381999961, 65.089256344000034 ], [ -144.338450938999983, 65.089930401000061 ], [ -144.338389909999961, 65.090001417000053 ], [ -144.337020939999974, 65.091594401000066 ], [ -144.335645942999975, 65.093313401000046 ], [ -144.332836942999961, 65.094919401000084 ], [ -144.330031946999981, 65.097269402000052 ], [ -144.329973946999957, 65.099502402000041 ], [ -144.331234948999963, 65.101221402000078 ], [ -144.332401712999967, 65.102816656000073 ], [ -144.332492950999978, 65.102941401000066 ], [ -144.33381195299998, 65.104602401000079 ], [ -144.333765329999977, 65.105548080000062 ], [ -144.333698953999971, 65.106894401000034 ], [ -144.33187619399996, 65.108033378000073 ], [ -144.33094795599996, 65.108613401000071 ], [ -144.327382798999963, 65.110049321000076 ], [ -144.326823957999977, 65.110274402000073 ], [ -144.326823828999977, 65.11027441400006 ], [ -144.321439957999957, 65.110788403000072 ], [ -144.320207326999963, 65.110658891000071 ], [ -144.315995957999974, 65.110216404000028 ], [ -144.314030107999969, 65.11019574200003 ], [ -144.310667956999964, 65.110160404000055 ], [ -144.305223957999971, 65.110674405000054 ], [ -144.299781957999983, 65.111249407000059 ], [ -144.298223890999964, 65.111673277000079 ], [ -144.29576795899996, 65.112341407000031 ], [ -144.293018480999962, 65.113063795000073 ], [ -144.291645958999965, 65.113424408000071 ], [ -144.288293705999962, 65.114309404000039 ], [ -144.287520961999974, 65.11451340800005 ], [ -144.287520884999964, 65.114513407000061 ], [ -144.282134961999958, 65.114457409000067 ], [ -144.279582988999977, 65.113726367000083 ], [ -144.278123959999959, 65.113308410000059 ], [ -144.274111957999963, 65.112680411000042 ], [ -144.270100956999983, 65.112108410000076 ], [ -144.266853763999961, 65.112520500000073 ], [ -144.26603495699996, 65.112624412000059 ], [ -144.266034554999976, 65.112624577000076 ], [ -144.261909958999979, 65.114285413000061 ], [ -144.257842960999966, 65.115432413000065 ], [ -144.25371795999996, 65.115946414000064 ], [ -144.249648961999981, 65.117607415000066 ], [ -144.245522961999967, 65.118182415000035 ], [ -144.242367921999971, 65.117686860000049 ], [ -144.241511961999976, 65.11755241600008 ], [ -144.240048027999961, 65.117106790000037 ], [ -144.237559961999978, 65.116349417000038 ], [ -144.235907687999969, 65.115308680000055 ], [ -144.23492295899996, 65.114688417000082 ], [ -144.229595956999958, 65.113483418000044 ], [ -144.227582412999965, 65.11217186600004 ], [ -144.226959955999973, 65.111766419000048 ], [ -144.226959766999983, 65.11176639200005 ], [ -144.222948954999964, 65.111191420000068 ], [ -144.220500887999975, 65.111467106000077 ], [ -144.218881954999972, 65.111649420000049 ], [ -144.214756955999974, 65.112796421000041 ], [ -144.210689958999978, 65.114457422000044 ], [ -144.208391297999981, 65.115370732000031 ], [ -144.206506958999967, 65.116119422000054 ], [ -144.202439961999971, 65.117266424000036 ], [ -144.19699596199996, 65.117780424000046 ], [ -144.19368070799996, 65.117745954000043 ], [ -144.191609960999983, 65.117724425000063 ], [ -144.188923845999966, 65.117695505000029 ], [ -144.186222959999981, 65.117666427000074 ], [ -144.182214958999964, 65.11709442700004 ], [ -144.178943276999973, 65.116587071000083 ], [ -144.178145957999959, 65.116463427000042 ], [ -144.176628729999976, 65.116243884000028 ], [ -144.174192956999974, 65.115891429000044 ], [ -144.172369746999976, 65.115344193000055 ], [ -144.170184955999957, 65.114688429000068 ], [ -144.167487326999975, 65.113917582000056 ], [ -144.166170954999956, 65.113541429000065 ], [ -144.16221795499996, 65.112341431000061 ], [ -144.160627670999958, 65.111656427000071 ], [ -144.156889951999972, 65.110046431000058 ], [ -144.152934950999963, 65.108899432000044 ], [ -144.148925950999967, 65.108271433000027 ], [ -144.14353995099998, 65.108785434000083 ], [ -144.139356950999968, 65.109874434000062 ], [ -144.139356817999982, 65.109874589000071 ], [ -144.139259522999964, 65.10998752200004 ], [ -144.137925952999979, 65.111535435000064 ], [ -144.136551100999981, 65.11325525400008 ], [ -144.136550954999962, 65.113255436000031 ], [ -144.133742956999981, 65.115488436000078 ], [ -144.132348001999958, 65.115856703000077 ], [ -144.129617956999965, 65.116577436000057 ], [ -144.128836108999963, 65.116903253000032 ], [ -144.125492958999956, 65.118296436000037 ], [ -144.121367959999958, 65.118813437000028 ], [ -144.120469016999976, 65.118803651000064 ], [ -144.116039958999977, 65.118755438000051 ], [ -144.112028957999968, 65.117552439000065 ], [ -144.108075955999965, 65.116408439000054 ], [ -144.105439953999962, 65.114688446000059 ], [ -144.101428953999971, 65.113541441000052 ], [ -144.099756566999957, 65.113274485000034 ], [ -144.097475952999957, 65.112910441000054 ], [ -144.094916500999972, 65.112552535000077 ], [ -144.093406950999963, 65.112341443000048 ], [ -144.092125265999982, 65.112484833000053 ], [ -144.089339950999971, 65.112796443000036 ], [ -144.083895951999978, 65.113371445000041 ], [ -144.079886952999971, 65.113885444000061 ], [ -144.075761953999972, 65.11439944600005 ], [ -144.071636954999974, 65.116121447000069 ], [ -144.070053725999969, 65.117058529000076 ], [ -144.068828955999976, 65.117783446000033 ], [ -144.066671269999972, 65.118055610000056 ], [ -144.064761955999955, 65.118296447000034 ], [ -144.061016706999965, 65.11825820200005 ], [ -144.059375957999976, 65.118241448000049 ], [ -144.05757183999998, 65.117957629000045 ], [ -144.055364954999959, 65.11761044800005 ], [ -144.052149159999971, 65.116677356000082 ], [ -144.051411953999974, 65.116463451000072 ], [ -144.047342952999969, 65.115891451000039 ], [ -144.045986311999968, 65.115678028000048 ], [ -144.04333195199996, 65.11526045200003 ], [ -144.041050566999957, 65.114902118000032 ], [ -144.039320952999958, 65.114630451000039 ], [ -144.035311951999972, 65.114002452000079 ], [ -144.031300950999963, 65.113427454000032 ], [ -144.029666559999981, 65.113171558000033 ], [ -144.027289948999965, 65.112799454000083 ], [ -144.023281947999976, 65.111649455000077 ], [ -144.021783911999961, 65.11143399000008 ], [ -144.01932594699997, 65.111080455000035 ], [ -144.015256947999973, 65.110391456000059 ], [ -144.011245948999971, 65.110966457000075 ], [ -144.00574594699998, 65.111480457000027 ], [ -144.003037508999967, 65.112242310000056 ], [ -144.001678947999977, 65.112624458000028 ], [ -144.000761951999976, 65.114399458000037 ], [ -143.996809951999978, 65.116121459000055 ], [ -143.994173952999972, 65.117896460000054 ], [ -143.992881121999972, 65.118788103000043 ], [ -143.991595955999969, 65.119674460000056 ], [ -143.991595892999953, 65.119674469000074 ], [ -143.990965264999943, 65.119764559000032 ], [ -143.987584955999978, 65.12024746000003 ], [ -143.980822956999987, 65.120305461000044 ], [ -143.977152435999983, 65.119320403000074 ], [ -143.976753953999946, 65.119213462000062 ], [ -143.976049624999973, 65.119001139000034 ], [ -143.971253952999973, 65.117555463000031 ], [ -143.967682854999964, 65.116610097000034 ], [ -143.967128952, 65.116463464000049 ], [ -143.963059948999955, 65.115377465000051 ], [ -143.96190286999996, 65.114918118000048 ], [ -143.958875948999946, 65.113716465000039 ], [ -143.955548334999946, 65.112825229000066 ], [ -143.954809946999944, 65.112627467000038 ], [ -143.954180532999942, 65.112242289000051 ], [ -143.952000944999952, 65.110908467000058 ], [ -143.946556942999962, 65.109877469000082 ], [ -143.946310497999946, 65.109842929000081 ], [ -143.942489944999977, 65.109307468000054 ], [ -143.939872224999988, 65.108615625000027 ], [ -143.938361940999982, 65.10821646900007 ], [ -143.934707281999977, 65.107137341000055 ], [ -143.932923268999957, 65.106610567000075 ], [ -143.932922939999969, 65.106610470000078 ], [ -143.931428938999943, 65.10489447100008 ], [ -143.929375510999989, 65.103610146000051 ], [ -143.928678936999972, 65.103174471000045 ], [ -143.92455393399996, 65.101513472000079 ], [ -143.920428932999982, 65.100424473000032 ], [ -143.914984932999971, 65.099335474000043 ], [ -143.910859930999948, 65.097674475000076 ], [ -143.906734929999971, 65.09658547500004 ], [ -143.902664928999968, 65.095496476000051 ], [ -143.898539928, 65.094407477000061 ], [ -143.896115517999988, 65.093759221000028 ], [ -143.894470924999951, 65.093319479000058 ], [ -143.892533550999985, 65.093046522000066 ], [ -143.890404100999945, 65.092746503000058 ], [ -143.890403925999976, 65.092746478000038 ], [ -143.89217892, 65.087877478000053 ], [ -143.892178963, 65.087877423000066 ], [ -143.895559914999978, 65.083349479000049 ], [ -143.902264909, 65.077619477000042 ], [ -143.908849267, 65.07416922200008 ], [ -143.911886907, 65.072577476000049 ], [ -143.91239434, 65.072412052000061 ], [ -143.917159903999959, 65.07085847500008 ], [ -143.919795901999976, 65.06908347500007 ], [ -143.923806902999956, 65.068508474000055 ], [ -143.926863734, 65.06762073200008 ], [ -143.927759493999986, 65.067360592000057 ], [ -143.927759902, 65.067360473000065 ], [ -143.927645899999959, 65.064496473000077 ], [ -143.925625155999967, 65.062890095000057 ], [ -143.924836896999977, 65.062263474000076 ], [ -143.924773437999988, 65.061009639000076 ], [ -143.924720904999958, 65.059971689000065 ], [ -143.924720893999961, 65.059971474000065 ], [ -143.927253262999955, 65.058504556000059 ], [ -143.928675891999944, 65.057680474000051 ], [ -143.932570891999944, 65.056533473000059 ], [ -143.939389891999951, 65.056419472000073 ], [ -143.94334289, 65.055844471000057 ], [ -143.947353890999977, 65.055216470000062 ], [ -143.951367890999961, 65.054641470000035 ], [ -143.952869243999942, 65.054206598000064 ], [ -143.95532088899995, 65.053496469000038 ], [ -143.956753986999956, 65.052861561000043 ], [ -143.959331887999952, 65.05171947000008 ], [ -143.963167885999951, 65.049427468000033 ], [ -143.967181882999967, 65.047708467000064 ], [ -143.972509882, 65.046505467000031 ], [ -143.973901082, 65.046684438000057 ], [ -143.976520883999967, 65.047021466000047 ], [ -143.981961883999986, 65.047535465000067 ], [ -143.985757429999978, 65.04789979800006 ], [ -143.987347885999952, 65.048052465000069 ], [ -143.991473884999948, 65.048566463000043 ], [ -143.995685924999975, 65.048070185000029 ], [ -143.996803885999952, 65.047938463000037 ], [ -143.998061883999981, 65.046274462000042 ], [ -143.998763743999973, 65.045287298000062 ], [ -143.999323877, 65.044499472000041 ], [ -143.999715786999957, 65.044384113000035 ], [ -144.003220881999965, 65.04335246200003 ], [ -144.005911880999975, 65.042780461000063 ], [ -144.00605914099998, 65.042699946000027 ], [ -144.006542880999973, 65.042435461000082 ], [ -144.010611879999971, 65.041346460000057 ], [ -144.014736879999958, 65.04077446000008 ], [ -144.016793879999966, 65.040539461000037 ], [ -144.018745878999965, 65.040316459000053 ], [ -144.02115610499996, 65.040660175000028 ], [ -144.022756879999974, 65.04088845800004 ], [ -144.023427459999965, 65.040992448000054 ], [ -144.026825880999979, 65.041519458000039 ], [ -144.030778879999957, 65.041577458000063 ], [ -144.032399135999981, 65.041149709000081 ], [ -144.034903878999955, 65.040488456000048 ], [ -144.036336875999979, 65.038769456000068 ], [ -144.036336956999975, 65.038769424000066 ], [ -144.039089322999956, 65.037661934000027 ], [ -144.040459876999961, 65.037110455000061 ], [ -144.04326787499997, 65.035446455000056 ], [ -144.047336874999957, 65.034360455000069 ], [ -144.050142801999982, 65.032638505000079 ], [ -144.05014283099996, 65.03263848000006 ], [ -144.05014287299997, 65.03263845400005 ], [ -144.050262252999971, 65.032500080000034 ], [ -144.051575871999972, 65.030977454000038 ], [ -144.051877504999965, 65.030615873000045 ], [ -144.053009870999972, 65.029258454000058 ], [ -144.052386526999982, 65.028073794000079 ], [ -144.051803865999972, 65.026966454000046 ], [ -144.051838017999955, 65.026296609000042 ], [ -144.051917865999968, 65.024730454000064 ], [ -144.051979899999964, 65.023903791000066 ], [ -144.052089860999956, 65.022438455000042 ], [ -144.052203859999963, 65.020205454000063 ], [ -144.052203889999959, 65.020205436000083 ], [ -144.053132138999956, 65.01963685000004 ], [ -144.055011858999961, 65.018485454000029 ], [ -144.059078856999975, 65.01739645300006 ], [ -144.061714348999971, 65.01706224000003 ], [ -144.063147857999979, 65.016880452000066 ], [ -144.067632437999976, 65.016929271000038 ], [ -144.068475857999971, 65.01693845300008 ], [ -144.072545858999973, 65.017510451000078 ], [ -144.076497858999971, 65.018199450000054 ], [ -144.076712580999981, 65.018261645000052 ], [ -144.080450859999956, 65.019344449000073 ], [ -144.085834860999967, 65.019402448000051 ], [ -144.092595860999978, 65.019402447000061 ], [ -144.09660686099997, 65.018944447000081 ], [ -144.100672861999982, 65.018369446000065 ], [ -144.104742860999977, 65.017858445000059 ], [ -144.108809462999972, 65.017338496000036 ], [ -144.10880985999998, 65.017338444000075 ], [ -144.111617858999978, 65.015677444000062 ], [ -144.114367856999962, 65.013958444000082 ], [ -144.114481853999962, 65.011724444000038 ], [ -144.113778070999956, 65.010382402000062 ], [ -144.113278852999969, 65.009430444000031 ], [ -144.109381848999959, 65.007083446000081 ], [ -144.10892644599997, 65.006462277000082 ], [ -144.10812084899996, 65.005363445000057 ], [ -144.107034304999956, 65.004638943000032 ], [ -144.105542845999963, 65.003644446000067 ], [ -144.101589844999978, 65.001927447000071 ], [ -144.100328842999971, 65.000208447000034 ], [ -144.09749466599996, 64.999385368000048 ], [ -144.096375840999968, 64.99906044800008 ], [ -144.090589839999978, 64.998371449000047 ], [ -144.089199735999983, 64.997425605000046 ], [ -144.088067837999972, 64.996655449000059 ], [ -144.087091232999967, 64.996018210000045 ], [ -144.085431837999977, 64.994935450000071 ], [ -144.083873279999978, 64.994461535000028 ], [ -144.081478836999963, 64.993733451000082 ], [ -144.079146046999966, 64.993395477000035 ], [ -144.077523834999965, 64.993160451000051 ], [ -144.075453641999957, 64.992835372000059 ], [ -144.073511834999977, 64.99253045200004 ], [ -144.06950383399996, 64.99195545300006 ], [ -144.065492832999979, 64.991327453000054 ], [ -144.065142493999957, 64.991220570000053 ], [ -144.061539831999966, 64.990121454000075 ], [ -144.060633576999976, 64.989518222000072 ], [ -144.058961829999959, 64.988405455000077 ], [ -144.056769183999961, 64.986974746000044 ], [ -144.056325829999963, 64.986685455000043 ], [ -144.055480159999973, 64.986109046000081 ], [ -144.053803825999978, 64.984966456000052 ], [ -144.05208117799998, 64.983804519000046 ], [ -144.051167823999975, 64.98318845600005 ], [ -144.050573737999969, 64.983016527000075 ], [ -144.04721482399998, 64.982044457000029 ], [ -144.045037923999956, 64.981728909000083 ], [ -144.043261822999966, 64.981471458000044 ], [ -144.037875822999979, 64.981410460000063 ], [ -144.032548822999956, 64.981357460000083 ], [ -144.029032723999961, 64.980804919000036 ], [ -144.028539820999981, 64.980727461000072 ], [ -144.027778165999962, 64.980607730000031 ], [ -144.024525820999969, 64.980096461000073 ], [ -144.020572818999966, 64.978949463000049 ], [ -144.018997836999972, 64.978933380000058 ], [ -144.015186819999968, 64.978894463000074 ], [ -144.012822841999963, 64.978859691000082 ], [ -144.011175818999959, 64.978835464000042 ], [ -144.007220817999979, 64.977688464000039 ], [ -144.003270816999958, 64.976485465000053 ], [ -144.002081455999956, 64.972922972000049 ], [ -144.001778812999959, 64.972016465000081 ], [ -144.001778808999973, 64.968180466000035 ], [ -144.001489806999956, 64.965141465000045 ], [ -144.001474525999981, 64.964983108000069 ], [ -144.001467805999965, 64.964913466000041 ], [ -144.001474590999976, 64.963729197000077 ], [ -144.00148980299997, 64.96107446700006 ], [ -144.001486797999974, 64.956433466000078 ], [ -144.001486790999962, 64.950474467000049 ], [ -144.002861788999979, 64.94778046700003 ], [ -144.003062420999981, 64.947596207000061 ], [ -144.004981786999963, 64.945833466000067 ], [ -144.006470785999966, 64.944113466000033 ], [ -144.006947220999962, 64.943349835000049 ], [ -144.007900782999968, 64.941821466000079 ], [ -144.00902942999997, 64.940514155000074 ], [ -144.009334720999959, 64.940160538000043 ], [ -144.009334781999968, 64.940160467000055 ], [ -144.012084666999982, 64.938496533000034 ], [ -144.012084778999963, 64.938496465000071 ], [ -144.013570777999973, 64.936838465000051 ], [ -144.017584777999957, 64.935691465000048 ], [ -144.019692618999983, 64.935423448000051 ], [ -144.02165077899997, 64.935174464000056 ], [ -144.025661775999964, 64.934602462000043 ], [ -144.031103775999981, 64.934144462000063 ], [ -144.033040367999973, 64.93386780700007 ], [ -144.035114776999961, 64.933571463000078 ], [ -144.039239776999977, 64.932482461000063 ], [ -144.041491921999977, 64.931879969000079 ], [ -144.043306774999962, 64.931394460000035 ], [ -144.047375774999978, 64.930305460000056 ], [ -144.050181771999974, 64.928069460000074 ], [ -144.054250769999982, 64.926408459000072 ], [ -144.054808789999981, 64.925786729000038 ], [ -144.055739768999956, 64.924749459000054 ], [ -144.059864767999983, 64.92302746200005 ], [ -144.059864921999974, 64.923027409000042 ], [ -144.063872764999957, 64.921938457000067 ], [ -144.06799876499997, 64.920849457000031 ], [ -144.072067764999957, 64.919760455000073 ], [ -144.074382188999977, 64.918795972000055 ], [ -144.076192763999956, 64.918041455000036 ], [ -144.077643404999975, 64.917876412000055 ], [ -144.080200761999976, 64.917585455000051 ], [ -144.085586760999973, 64.917010454000035 ], [ -144.08696175999998, 64.915349455000069 ], [ -144.087045364999966, 64.914270317000046 ], [ -144.087134759999969, 64.913116454000033 ], [ -144.086584208999966, 64.912865330000045 ], [ -144.08323675699998, 64.911338455000077 ], [ -144.082357407999979, 64.91107471600003 ], [ -144.079225754999982, 64.910135456000035 ], [ -144.076687247999956, 64.909014837000029 ], [ -144.075331753999961, 64.908416456000054 ], [ -144.074277864999971, 64.908111425000072 ], [ -144.071375751999966, 64.907271457000036 ], [ -144.068197436999981, 64.906764793000036 ], [ -144.067423750999978, 64.906641458000081 ], [ -144.067423236999957, 64.906641298000068 ], [ -144.063411750999961, 64.905438459000038 ], [ -144.059459749999974, 64.904866459000061 ], [ -144.055506749999978, 64.903719461000037 ], [ -144.052928745999964, 64.901941460000046 ], [ -144.05303974399996, 64.899649460000035 ], [ -144.054122913999976, 64.898352526000053 ], [ -144.054473743999978, 64.89793246000005 ], [ -144.054536172999974, 64.897016437000048 ], [ -144.054586739999962, 64.896274460000029 ], [ -144.055693931999969, 64.89494258600007 ], [ -144.05602073999998, 64.894549460000064 ], [ -144.056799719999958, 64.893646278000062 ], [ -144.057450736999982, 64.892891460000044 ], [ -144.057665301999975, 64.892633802000034 ], [ -144.058884737999961, 64.891169461000061 ], [ -144.059815003999972, 64.890090218000068 ], [ -144.060314733999974, 64.889510460000054 ], [ -144.061747732999976, 64.887788460000081 ], [ -144.062793137999961, 64.886577221000039 ], [ -144.063178732999972, 64.886130459000071 ], [ -144.065928731999975, 64.884466458000077 ], [ -144.066614474999966, 64.884037557000056 ], [ -144.068678727999981, 64.882746460000078 ], [ -144.071486727999968, 64.88108545800003 ], [ -144.074178726999975, 64.879424458000074 ], [ -144.076986725999973, 64.877763457000071 ], [ -144.077100722999973, 64.876044458000081 ], [ -144.077214719999972, 64.87375245800007 ], [ -144.075953718999983, 64.872033458000033 ], [ -144.074955909999971, 64.870672453000054 ], [ -144.074692715999959, 64.870313458000055 ], [ -144.074452892999972, 64.869970769000076 ], [ -144.073489714999965, 64.868594459000064 ], [ -144.070853712999963, 64.866877459000079 ], [ -144.068872230999972, 64.866201765000028 ], [ -144.065639760999971, 64.865099477000058 ], [ -144.06563971099996, 64.865099460000067 ], [ -144.06512075599997, 64.864360435000037 ], [ -144.064434708999983, 64.86338346000008 ], [ -144.064492706999971, 64.861663491000058 ], [ -144.06449270799996, 64.861663461000035 ], [ -144.064667308999958, 64.861594556000057 ], [ -144.068559706999963, 64.860058460000062 ], [ -144.071154481999969, 64.859692791000043 ], [ -144.072625705999968, 64.859485459000041 ], [ -144.076695703999974, 64.857824459000028 ], [ -144.077606655999972, 64.85770885200003 ], [ -144.080761704999958, 64.857308457000045 ], [ -144.083011970999962, 64.856986991000042 ], [ -144.084772704999978, 64.85673545700007 ], [ -144.08883970399998, 64.855646458000081 ], [ -144.091647700999971, 64.853985456000032 ], [ -144.095659600999966, 64.852896483000052 ], [ -144.09565969999997, 64.852896456000053 ], [ -144.096248779999968, 64.852188325000043 ], [ -144.09708969899998, 64.851177455000084 ], [ -144.099897697999978, 64.849571455000046 ], [ -144.09995368899996, 64.847796750000043 ], [ -144.099953697999979, 64.847796455000037 ], [ -144.099451933999973, 64.846865088000072 ], [ -144.098750693999961, 64.845563455000047 ], [ -144.098490201999965, 64.845483984000055 ], [ -144.094797691999958, 64.844357456000068 ], [ -144.090842691999967, 64.843213457000047 ], [ -144.086948688999968, 64.841435458000035 ], [ -144.085949470999964, 64.839537277000034 ], [ -144.085742687999982, 64.839144458000078 ], [ -144.084975277999973, 64.83809954000003 ], [ -144.084481685999975, 64.837427458000036 ], [ -144.084198703999959, 64.837238767000031 ], [ -144.081903684999958, 64.835708459000045 ], [ -144.081925825999974, 64.835263292000036 ], [ -144.082017680999968, 64.833416459000034 ], [ -144.082017611999959, 64.833416328000055 ], [ -144.080814679999975, 64.83112445900008 ], [ -144.082039302999959, 64.829700437000042 ], [ -144.082245677999964, 64.829460459000074 ], [ -144.082297597999968, 64.82740958800008 ], [ -144.082303675999981, 64.827169459000061 ], [ -144.082319367999958, 64.826940825000065 ], [ -144.082417675999977, 64.825508459000048 ], [ -144.082417577999962, 64.825508390000039 ], [ -144.081433362999974, 64.824815305000072 ], [ -144.079895671999964, 64.823732460000031 ], [ -144.077314901999983, 64.822010614000078 ], [ -144.077314670999982, 64.822010460000058 ], [ -144.078616187999955, 64.819899633000034 ], [ -144.078689668999971, 64.819780460000061 ], [ -144.081498257999982, 64.818060711000044 ], [ -144.081498668999956, 64.818060459000037 ], [ -144.085564665999982, 64.816971459000058 ], [ -144.088320379999971, 64.815310630000056 ], [ -144.08832066399998, 64.815310459000045 ], [ -144.088431662999966, 64.813016459000039 ], [ -144.089430335999964, 64.811856459000069 ], [ -144.089861660999958, 64.811355459000083 ], [ -144.089861818999964, 64.811355437000032 ], [ -144.093931659999981, 64.81078345800006 ], [ -144.097884659999977, 64.810269457000061 ], [ -144.101950660999961, 64.809752457000059 ], [ -144.101950681999966, 64.809752433000028 ], [ -144.102499440999964, 64.809115656000074 ], [ -144.103384657999982, 64.808088456000064 ], [ -144.10475965699996, 64.806371457000068 ], [ -144.106248653999955, 64.804080456000065 ], [ -144.107678652999965, 64.801844456000083 ], [ -144.111689650999978, 64.800755456000047 ], [ -144.115814651999983, 64.799666455000079 ], [ -144.119881650999957, 64.798577454000053 ], [ -144.120841426999959, 64.797966429000041 ], [ -144.122578539999978, 64.796860524000067 ], [ -144.12257864999998, 64.796860454000068 ], [ -144.121370646999964, 64.795199454000056 ], [ -144.120106646999972, 64.793421455000043 ], [ -144.117022176999967, 64.792059123000058 ], [ -144.116214642999978, 64.791702455000063 ], [ -144.112259643999977, 64.790558456000042 ], [ -144.108306641999974, 64.789352457000064 ], [ -144.108306460999955, 64.789352403000066 ], [ -144.104411638999977, 64.788208458000042 ], [ -144.09908163999998, 64.78815245800007 ], [ -144.09507063999996, 64.788666459000069 ], [ -144.091117639999965, 64.788094460000082 ], [ -144.087164636999972, 64.786891461000039 ], [ -144.084586634999965, 64.785113461000037 ], [ -144.083585285999959, 64.784672271000034 ], [ -144.08068963599996, 64.783396462000042 ], [ -144.076736633999957, 64.782249463000028 ], [ -144.072781631999959, 64.781046462000063 ], [ -144.06888662999998, 64.779899464000039 ], [ -144.064931629999961, 64.779271465000079 ], [ -144.059662004999979, 64.778638516000058 ], [ -144.059661628999976, 64.778638466000075 ], [ -144.054275627999971, 64.778582467000035 ], [ -144.050381626999979, 64.777438467000081 ], [ -144.049847494999966, 64.777353407000078 ], [ -144.046425624999983, 64.77680846800007 ], [ -144.042374227999971, 64.776764089000039 ], [ -144.041039625999957, 64.776749469000038 ], [ -144.038086704999984, 64.776316042000076 ], [ -144.037142624999973, 64.77617747000005 ], [ -144.036687659999956, 64.776038772000049 ], [ -144.033186623999967, 64.774971471000072 ], [ -144.032855670999965, 64.774743467000064 ], [ -144.03061162299997, 64.77319747100006 ], [ -144.029111449999959, 64.772229337000056 ], [ -144.028031620999968, 64.771532472000047 ], [ -144.027215859999956, 64.770384316000047 ], [ -144.026772620999964, 64.76976047200003 ], [ -144.026886618999981, 64.768099472000074 ], [ -144.02779208299998, 64.767011773000036 ], [ -144.028317615999981, 64.766380472000037 ], [ -144.031128614999972, 64.764716471000042 ], [ -144.035134613999958, 64.763055472000076 ], [ -144.039259612999956, 64.761969470000054 ], [ -144.043270609999979, 64.760305470000048 ], [ -144.047395610999956, 64.758644469000046 ], [ -144.051461608999972, 64.757555467000032 ], [ -144.053717460999962, 64.756911661000061 ], [ -144.055473607999971, 64.75641046800007 ], [ -144.059597606999972, 64.754746466000029 ], [ -144.062289603999972, 64.753085467000062 ], [ -144.064342886999981, 64.751871331000075 ], [ -144.065098603999957, 64.75142446600006 ], [ -144.067437029999979, 64.749962204000042 ], [ -144.067847601999972, 64.74970546600008 ], [ -144.067847644999972, 64.74970546600008 ], [ -144.07220522999998, 64.749753396000074 ], [ -144.073120602999978, 64.749763465000058 ], [ -144.07394405399998, 64.749893105000069 ], [ -144.077128603999967, 64.750394464000067 ], [ -144.081025602999972, 64.750966463000054 ], [ -144.082666561999957, 64.750983219000034 ], [ -144.086411602999959, 64.751021463000029 ], [ -144.090423603999966, 64.75050746200003 ], [ -144.091831972999984, 64.749932476000083 ], [ -144.094489601999982, 64.748847461000082 ], [ -144.096754507999975, 64.748240442000053 ], [ -144.098556600999956, 64.747757461000049 ], [ -144.099409664999968, 64.746690976000082 ], [ -144.09993160099998, 64.746038461000069 ], [ -144.100720241999966, 64.745124339000029 ], [ -144.101364596999957, 64.744377460000067 ], [ -144.100103595999968, 64.742658461000076 ], [ -144.098900594999975, 64.740366460000075 ], [ -144.10014092199998, 64.738503885000057 ], [ -144.100389591999971, 64.738130461000083 ], [ -144.101820416999971, 64.736410669000065 ], [ -144.101820590999978, 64.736410460000059 ], [ -144.104570299999978, 64.734749630000067 ], [ -144.104570587999973, 64.734749460000046 ], [ -144.105377497999967, 64.733741850000058 ], [ -144.10594530399996, 64.733032814000069 ], [ -144.105945587999969, 64.733032460000061 ], [ -144.106059585999958, 64.730741460000047 ], [ -144.10749258499996, 64.729080460000034 ], [ -144.110242581999955, 64.727416460000029 ], [ -144.112934579999973, 64.725699458000065 ], [ -144.113578331999975, 64.725317975000053 ], [ -144.115742577999981, 64.724035459000049 ], [ -144.115976788999973, 64.723754602000042 ], [ -144.117173577999978, 64.722319459000062 ], [ -144.118606577999969, 64.720655459000056 ], [ -144.118606390999958, 64.72065518900007 ], [ -144.118520851999961, 64.720538733000069 ], [ -144.117345574999973, 64.718938459000071 ], [ -144.116084573999956, 64.717219459000034 ], [ -144.116198570999956, 64.714982459000055 ], [ -144.115059862999971, 64.71330327000004 ], [ -144.114995567999983, 64.713208460000033 ], [ -144.113916856999964, 64.712513030000082 ], [ -144.112417566999966, 64.711546460000079 ], [ -144.110640079999968, 64.711006385000076 ], [ -144.108461566999978, 64.710344461000034 ], [ -144.105073448999974, 64.709795437000082 ], [ -144.104567565999957, 64.709713462000082 ], [ -144.100556564999977, 64.709138462000055 ], [ -144.095228565999975, 64.709082463000072 ], [ -144.090282253999959, 64.70849138400007 ], [ -144.089956563999976, 64.708452464000061 ], [ -144.084628562999967, 64.708969465000052 ], [ -144.081514018999968, 64.708934977000069 ], [ -144.079300563999965, 64.708910466000077 ], [ -144.077297730999959, 64.708591431000059 ], [ -144.075345562999956, 64.708280467000066 ], [ -144.071453561999959, 64.707708467000032 ], [ -144.069433014999959, 64.706788342000038 ], [ -144.067553559999965, 64.705932468000071 ], [ -144.063600559999969, 64.704785469000058 ], [ -144.061020557999967, 64.703066470000067 ], [ -144.059817554999967, 64.701349470000082 ], [ -144.059931553999974, 64.699052469000037 ], [ -144.059964151999964, 64.698120560000064 ], [ -144.059989551999962, 64.697394470000063 ], [ -144.059989701999967, 64.697394234000058 ], [ -144.060345769999969, 64.696832750000056 ], [ -144.061478549999975, 64.695046470000079 ], [ -144.063530420999967, 64.693848923000076 ], [ -144.064228548999978, 64.693441470000039 ], [ -144.066099819999977, 64.692247188000067 ], [ -144.066923546999959, 64.691721469000072 ], [ -144.071045457999958, 64.69006050400003 ], [ -144.071045545999965, 64.690060469000059 ], [ -144.072478543999978, 64.688341468000033 ], [ -144.072478549999971, 64.688341345000083 ], [ -144.072508739999961, 64.687749989000054 ], [ -144.072592540999977, 64.686108468000043 ], [ -144.07259245399996, 64.686108349000051 ], [ -144.071328582999968, 64.684388526000077 ], [ -144.071328540999957, 64.684388468000066 ], [ -144.070128537999977, 64.682669469000075 ], [ -144.067846942999978, 64.681102144000079 ], [ -144.067547937999962, 64.680896745000041 ], [ -144.067547536999967, 64.68089647000005 ], [ -144.066286535999978, 64.679233470000042 ], [ -144.065695863999963, 64.678360732000044 ], [ -144.065084533999965, 64.677457470000036 ], [ -144.06318827299998, 64.676234243000067 ], [ -144.062506532999976, 64.675794471000074 ], [ -144.062053712999983, 64.675156 ], [ -144.061245529999979, 64.674016470000083 ], [ -144.060806055999961, 64.673410778000061 ], [ -144.060042528999958, 64.672358470000063 ], [ -144.059603694999964, 64.671740416000034 ], [ -144.058781525999962, 64.670582472000035 ], [ -144.058895524999969, 64.668919472000027 ], [ -144.059009522999958, 64.666682482000056 ], [ -144.059118845999961, 64.666551559000084 ], [ -144.060442522999978, 64.66496647200006 ], [ -144.061475787999967, 64.664320211000074 ], [ -144.063192519999973, 64.663246471000036 ], [ -144.064817794999982, 64.662606271000072 ], [ -144.067259517999958, 64.661644470000056 ], [ -144.069527454999957, 64.660223504000044 ], [ -144.070009371999959, 64.659921562000079 ], [ -144.070009517999978, 64.659921470000029 ], [ -144.070413674999969, 64.659453008000071 ], [ -144.071442458999968, 64.658260537000046 ], [ -144.071442515999962, 64.658260470000073 ], [ -144.071556512999962, 64.65596946900007 ], [ -144.072931390999969, 64.654249621000076 ], [ -144.072931511999968, 64.654249470000082 ], [ -144.076997510999973, 64.653160469000056 ], [ -144.081009510999962, 64.652071468000031 ], [ -144.084161546999979, 64.652106392000064 ], [ -144.086334511999979, 64.652130468000053 ], [ -144.090348510999974, 64.65155846600004 ], [ -144.095617509999983, 64.651616465000075 ], [ -144.09957251199998, 64.652244465000081 ], [ -144.103411510999962, 64.653963465000061 ], [ -144.103411772999976, 64.653963468000029 ], [ -144.108739514999968, 64.654021463000049 ], [ -144.112082568999966, 64.65272070900005 ], [ -144.112864511999959, 64.652416462000076 ], [ -144.113525582999983, 64.652132981000079 ], [ -144.116875510999961, 64.650696464000077 ], [ -144.120942507999956, 64.649035462000029 ], [ -144.128364508999965, 64.648174461000053 ], [ -144.134234104999962, 64.647488512000052 ], [ -144.134234177999957, 64.64748849800003 ], [ -144.134234508999981, 64.647488459000044 ], [ -144.135122540999959, 64.647250792000079 ], [ -144.138303505999971, 64.646399459000065 ], [ -144.139499996999973, 64.645651544000032 ], [ -144.141053506999981, 64.644680459000028 ], [ -144.141053519999957, 64.644680199000049 ], [ -144.141083691999967, 64.644074357000079 ], [ -144.14116750499997, 64.642391459000066 ], [ -144.141167429999967, 64.642391391000046 ], [ -144.140829107999963, 64.642083522000064 ], [ -144.140827665999979, 64.642082210000069 ], [ -144.138645500999957, 64.640096460000052 ], [ -144.134748499999972, 64.638435460000039 ], [ -144.130850597999967, 64.636660506000055 ], [ -144.130850498999962, 64.636660461000076 ], [ -144.130678444999972, 64.636417288000075 ], [ -144.130677653999982, 64.636416170000075 ], [ -144.129592496999976, 64.634882460000028 ], [ -144.12833149399998, 64.633221461000062 ], [ -144.127125756999959, 64.631446851000078 ], [ -144.127125492999966, 64.631446462000042 ], [ -144.127239494999969, 64.629210461000071 ], [ -144.126036489999962, 64.626919462000046 ], [ -144.127467440999965, 64.625257513000065 ], [ -144.127467485999972, 64.625257461000047 ], [ -144.127584483999982, 64.622966462000079 ], [ -144.126381481999971, 64.620730463000029 ], [ -144.126495480999978, 64.618382462000056 ], [ -144.126609477999978, 64.616091462000043 ], [ -144.124467961999983, 64.614710083000034 ], [ -144.124034475999963, 64.614430463000076 ], [ -144.122695350999976, 64.614016365000055 ], [ -144.122694447999976, 64.614016086000049 ], [ -144.120134475999976, 64.613224463000051 ], [ -144.114920474999963, 64.611449465000078 ], [ -144.11122153599996, 64.611047987000063 ], [ -144.109650568999967, 64.610877476000041 ], [ -144.109650472999959, 64.610877466000034 ], [ -144.104378472999969, 64.610819467000056 ], [ -144.101401315999965, 64.611107796000056 ], [ -144.099050471999959, 64.61133546800005 ], [ -144.09509747499996, 64.611849469000049 ], [ -144.091086473999979, 64.612424468000029 ], [ -144.090270471999958, 64.612296300000082 ], [ -144.08707547299997, 64.611794470000063 ], [ -144.083236471999982, 64.610591470000031 ], [ -144.079284470999966, 64.609444471000074 ], [ -144.075331469999981, 64.608816472000058 ], [ -144.070059468999972, 64.60875847300008 ], [ -144.06722720999997, 64.609122743000057 ], [ -144.066047469999972, 64.609274474000074 ], [ -144.062385904999957, 64.610283443000071 ], [ -144.062095470999964, 64.610363474000053 ], [ -144.059289472999978, 64.612080475000027 ], [ -144.055278473999977, 64.613169474000074 ], [ -144.052767398999976, 64.612431683000068 ], [ -144.051381471999974, 64.612024476000045 ], [ -144.047486588999959, 64.610821513000076 ], [ -144.047486470999957, 64.610821477000059 ], [ -144.046225521999958, 64.609099549000064 ], [ -144.046225468999978, 64.609099477000029 ], [ -144.042331465999979, 64.607382478000034 ], [ -144.040391869999979, 64.606486891000031 ], [ -144.038489464999969, 64.605608479000068 ], [ -144.035723024999982, 64.605207475000043 ], [ -144.034536465999963, 64.605035479000037 ], [ -144.030584462999968, 64.604346480000061 ], [ -144.028061796999964, 64.602685700000052 ], [ -144.028061461999982, 64.602685480000048 ], [ -144.026800460999965, 64.600910480000039 ], [ -144.026897283999972, 64.599060032000068 ], [ -144.026917452999982, 64.598674577000054 ], [ -144.026917457999957, 64.598674480000057 ], [ -144.028347456999967, 64.597013481000033 ], [ -144.028460548999959, 64.595515155000044 ], [ -144.02852045399996, 64.594721481000079 ], [ -144.028634451999977, 64.592430481000065 ], [ -144.028686082999968, 64.591383214000075 ], [ -144.028747449999969, 64.590138481000054 ], [ -144.028864439999978, 64.58784664600006 ], [ -144.028864447999979, 64.587846481000042 ], [ -144.02835651999996, 64.587145178000071 ], [ -144.027661446999957, 64.586185482000076 ], [ -144.026400444999979, 64.584466481000049 ], [ -144.026500566999971, 64.582994606000057 ], [ -144.026517444999968, 64.582746482000061 ], [ -144.026574002999979, 64.581608662000065 ], [ -144.026628440999957, 64.580513482000072 ], [ -144.026684974999966, 64.579376828000079 ], [ -144.026742438999975, 64.578221481000071 ], [ -144.025661085999957, 64.576673614000072 ], [ -144.025539436999964, 64.576499482000031 ], [ -144.024336434999981, 64.574727482000071 ], [ -144.02344021899998, 64.573539889000074 ], [ -144.023078435999963, 64.573060483000063 ], [ -144.02055643099996, 64.571288484000036 ], [ -144.019947588999969, 64.570882982000057 ], [ -144.017975430999968, 64.569569484000056 ], [ -144.014081427999969, 64.567794485000036 ], [ -144.011620611999973, 64.567060534000063 ], [ -144.01024242699998, 64.566649485000028 ], [ -144.006289428999963, 64.566074486000048 ], [ -144.004135985999966, 64.566635033000068 ], [ -143.999009427999965, 64.567969487000028 ], [ -143.993739585999947, 64.569627436000076 ], [ -143.993739429999948, 64.569627488000037 ], [ -143.992938192999986, 64.569745184000055 ], [ -143.989845431, 64.570199489000061 ], [ -143.988366282999948, 64.570031697000047 ], [ -143.985834430999944, 64.569744490000062 ], [ -143.985160896999957, 64.569323225000062 ], [ -143.983084429999963, 64.568024490000028 ], [ -143.983049038, 64.566648486000076 ], [ -143.983025426999973, 64.565730490000078 ], [ -143.981595423999977, 64.564069491000055 ], [ -143.978472156999942, 64.563190832000032 ], [ -143.977525423999964, 64.562924490000057 ], [ -143.973573422999948, 64.561835491000068 ], [ -143.969503419999967, 64.560746493000067 ], [ -143.965492419999975, 64.560288494000076 ], [ -143.960164417999977, 64.558571495000081 ], [ -143.956095416999972, 64.558110495000051 ], [ -143.952142418, 64.556963496000037 ], [ -143.949452673, 64.556620825000039 ], [ -143.948131413999988, 64.556452497000066 ], [ -143.944178415999943, 64.555877498000029 ], [ -143.942226638999955, 64.555627382000068 ], [ -143.940167415999952, 64.555363498000077 ], [ -143.934784414999967, 64.554846498000074 ], [ -143.930943984999942, 64.554880872000069 ], [ -143.928192412999977, 64.554905499000029 ], [ -143.922920414999965, 64.554447501000084 ], [ -143.917650413999979, 64.554502501000059 ], [ -143.912320412999975, 64.554502503000037 ], [ -143.911475573999951, 64.554392650000068 ], [ -143.908367411999961, 64.553988503000028 ], [ -143.904359411999963, 64.553988504000074 ], [ -143.899142410999957, 64.554046504000041 ], [ -143.895189411999979, 64.555249506000052 ], [ -143.893986415999962, 64.556963505000056 ], [ -143.894100416999947, 64.559260506000044 ], [ -143.891522417999965, 64.560977505000039 ], [ -143.887628418999952, 64.562696507000055 ], [ -143.884406255999977, 64.563218237000058 ], [ -143.883731418999957, 64.563327507000054 ], [ -143.87977841999998, 64.563958507000052 ], [ -143.875825825, 64.565105392000078 ], [ -143.875825422, 64.565105509000034 ], [ -143.876582092999968, 64.565980375000038 ], [ -143.877259422999941, 64.566763508000065 ], [ -143.878478844999961, 64.567527033000033 ], [ -143.880006423999987, 64.568483507000053 ], [ -143.881439189, 64.570144234000054 ], [ -143.881439425999986, 64.570144508000055 ], [ -143.877486466, 64.571291497000061 ], [ -143.877486428, 64.571291511000084 ], [ -143.873589427999946, 64.57306950800006 ], [ -143.871639306999953, 64.574397975000068 ], [ -143.871070429999975, 64.574785508000048 ], [ -143.869695966, 64.575190302000067 ], [ -143.867172430999972, 64.575933510000027 ], [ -143.864595432999977, 64.577708510000036 ], [ -143.864709433999963, 64.579427510000073 ], [ -143.863506436999955, 64.582235510000032 ], [ -143.863506374, 64.582235513000057 ], [ -143.862962567999944, 64.582259875000034 ], [ -143.862189436999984, 64.582294510000054 ], [ -143.859364770999946, 64.581739631000062 ], [ -143.85634543599997, 64.581146510000053 ], [ -143.852456814999982, 64.579850305000036 ], [ -143.848956432999955, 64.578683513000044 ], [ -143.840128428999947, 64.57541651400004 ], [ -143.836070724999956, 64.574624012000072 ], [ -143.827809427999966, 64.573010516000068 ], [ -143.820173505999946, 64.570252266000068 ], [ -143.818928424999967, 64.569802518000074 ], [ -143.813408849999973, 64.568328240000028 ], [ -143.809703421999984, 64.567338520000078 ], [ -143.808900434999941, 64.567078069000047 ], [ -143.803170417999979, 64.565219521000074 ], [ -143.802378773999976, 64.564856228000053 ], [ -143.801795417999983, 64.564588522000065 ], [ -143.801681414999962, 64.562355522000075 ], [ -143.80168124, 64.562355242000081 ], [ -143.800306413999976, 64.560063522000064 ], [ -143.798873411999978, 64.558344521000038 ], [ -143.79858349899996, 64.557993931000055 ], [ -143.797497409999949, 64.556680522000079 ], [ -143.796064409, 64.554963523000083 ], [ -143.795420595999985, 64.554217276000031 ], [ -143.794631405999951, 64.55330252300007 ], [ -143.794114631999946, 64.552656463000062 ], [ -143.793256404999966, 64.551583523000033 ], [ -143.793256397999983, 64.551583238000035 ], [ -143.793234609999956, 64.550714056000061 ], [ -143.793200405, 64.549349524000036 ], [ -143.793153505999953, 64.548423297000056 ], [ -143.793084401999977, 64.547058524000079 ], [ -143.792970397999966, 64.544821524000042 ], [ -143.792856405999942, 64.54304666400003 ], [ -143.79285639699998, 64.543046524000033 ], [ -143.793285974999947, 64.542478648000042 ], [ -143.794114396, 64.541383524000082 ], [ -143.796959140999945, 64.540547693000065 ], [ -143.798011394999946, 64.540238524000074 ], [ -143.800589393999985, 64.538463522000029 ], [ -143.800236876999975, 64.538054179000028 ], [ -143.799156392999976, 64.53679952300007 ], [ -143.795145392, 64.535710523000034 ], [ -143.791136389999963, 64.534624525000083 ], [ -143.787968090999982, 64.534166303000063 ], [ -143.787181389999944, 64.53405252500005 ], [ -143.783170387999974, 64.53347752600007 ], [ -143.781562947, 64.533322455000075 ], [ -143.777842387999954, 64.532963527000049 ], [ -143.777187949, 64.532970478000038 ], [ -143.772570387999963, 64.533019527000079 ], [ -143.767297387999974, 64.533077528000035 ], [ -143.763345385999969, 64.532505530000037 ], [ -143.760586185999955, 64.532149881000066 ], [ -143.759334386999967, 64.531988530000035 ], [ -143.755323385999986, 64.530899531000045 ], [ -143.752143523999962, 64.529583044000049 ], [ -143.751311384999951, 64.529238532000079 ], [ -143.74724538199996, 64.528091532000076 ], [ -143.744638811999948, 64.528120511000054 ], [ -143.742028381999944, 64.528149533000033 ], [ -143.738075380999987, 64.528721534000056 ], [ -143.734812646999956, 64.529250242000046 ], [ -143.734181381999974, 64.529352535000044 ], [ -143.730225382999947, 64.530555536000065 ], [ -143.726272384999959, 64.531130536000035 ], [ -143.724900607999984, 64.531533234000051 ], [ -143.722375384999964, 64.532274536000045 ], [ -143.720263193, 64.532527487000038 ], [ -143.717106386999944, 64.53290553800008 ], [ -143.713150386999985, 64.533480538000049 ], [ -143.709197385999971, 64.533019538000076 ], [ -143.70688774499996, 64.532689591000064 ], [ -143.705186385, 64.53244654000008 ], [ -143.701175382999963, 64.530785541000057 ], [ -143.699511939, 64.530072637000046 ], [ -143.697164381, 64.529066541000077 ], [ -143.695731379999984, 64.527405541000064 ], [ -143.695604682999942, 64.527247055000032 ], [ -143.694356376999963, 64.52568554100003 ], [ -143.693243270999972, 64.524393529000065 ], [ -143.692925377, 64.524024541000074 ], [ -143.692922373999977, 64.522305542000083 ], [ -143.690172857999983, 64.520071934000043 ], [ -143.690172819999987, 64.520071907000045 ], [ -143.69017237199995, 64.520071543000029 ], [ -143.689652864999971, 64.519746804000079 ], [ -143.687422369999979, 64.518352544000038 ], [ -143.686345226999947, 64.518211632000032 ], [ -143.683470371999988, 64.517835543000047 ], [ -143.679459369999961, 64.517263545000048 ], [ -143.679459118999944, 64.51726362200003 ], [ -143.675561369999969, 64.51846654600007 ], [ -143.674191388, 64.518689075000054 ], [ -143.671664369999974, 64.519099545000074 ], [ -143.667714372999967, 64.519671546000041 ], [ -143.665530335999961, 64.519390789000056 ], [ -143.663700370999948, 64.519155548000072 ], [ -143.660452521999957, 64.519203923000077 ], [ -143.659806369999956, 64.519213547000049 ], [ -143.658656320999967, 64.518889444000081 ], [ -143.655736367999964, 64.518066549000082 ], [ -143.651725367999973, 64.517494550000038 ], [ -143.647770367999954, 64.516405550000059 ], [ -143.643761364999989, 64.515316551000069 ], [ -143.645022365999978, 64.513596551000035 ], [ -143.645864263999954, 64.512449052000079 ], [ -143.646281362999957, 64.511880551000047 ], [ -143.647484361999943, 64.51016055100007 ], [ -143.646109359999969, 64.507869551000056 ], [ -143.647282796999946, 64.506248016000029 ], [ -143.647311356999978, 64.506208550000053 ], [ -143.64731139099996, 64.50620852600008 ], [ -143.64988935599996, 64.504430551000041 ], [ -143.651150347999987, 64.502769540000031 ], [ -143.649717352999971, 64.500419550000061 ], [ -143.64834234999995, 64.498758550000048 ] ] ] } },
{ "type": "Feature", "properties": { "PSANAME": "Tanana Zone-South", "PSANationa": "AK03S" }, "geometry": { "type": "Polygon", "coordinates": [ [ [ -148.311654238999978, 65.323918698000057 ], [ -148.311654711999978, 65.323919261000071 ], [ -148.312012253999967, 65.324344739000082 ], [ -148.31225423799998, 65.324632701000041 ], [ -148.312649659999977, 65.325107879000029 ], [ -148.31354823999996, 65.326187700000048 ], [ -148.314225431999972, 65.327000437000038 ], [ -148.314279523999971, 65.327065356000048 ], [ -148.314309114999958, 65.327100869000049 ], [ -148.314807239999965, 65.327698700000042 ], [ -148.317089488999983, 65.327230730000053 ], [ -148.319562239999982, 65.32672369900007 ], [ -148.324318238999979, 65.325748698000041 ], [ -148.326397819999983, 65.325323598000068 ], [ -148.329073238999968, 65.32477669900004 ], [ -148.332854236999964, 65.323398697000073 ], [ -148.333049766999977, 65.32333064200003 ], [ -148.333662234999963, 65.323117469000067 ], [ -148.33500946999996, 65.322648555000058 ], [ -148.33663523499996, 65.322082697000042 ], [ -148.340418233999969, 65.32076569700007 ], [ -148.341308000999959, 65.320156650000058 ], [ -148.341586823999961, 65.319965796000076 ], [ -148.344773229999959, 65.317784695000057 ], [ -148.346304488999976, 65.316327174000037 ], [ -148.346502293999976, 65.316138894000062 ], [ -148.348324226999978, 65.314404695000064 ], [ -148.350216639999957, 65.312660716000039 ], [ -148.351932224999956, 65.311079696000036 ], [ -148.355543220999976, 65.307757695000078 ], [ -148.357450107999966, 65.306001435000042 ], [ -148.359151218999983, 65.304434695000054 ], [ -148.359621416999971, 65.304001888000073 ], [ -148.361357012999974, 65.302404310000043 ], [ -148.362363248999969, 65.301478093000071 ], [ -148.36276021599997, 65.301112694000039 ], [ -148.365003316999974, 65.298976315000061 ], [ -148.365693475999961, 65.298318992000077 ], [ -148.366312210999979, 65.297729694000054 ], [ -148.367567962999971, 65.296170693000079 ], [ -148.367951907999981, 65.29569403000005 ], [ -148.369000313999976, 65.294392447000064 ], [ -148.369865206999975, 65.29331869400005 ], [ -148.373360202999976, 65.288962692000041 ], [ -148.376854194999964, 65.284551691000047 ], [ -148.376854239999972, 65.284551635000071 ], [ -148.380407192999968, 65.280140693000078 ], [ -148.381021690999972, 65.279469816000073 ], [ -148.383557190999966, 65.276701692000074 ], [ -148.384070936999962, 65.276160240000081 ], [ -148.384588573999963, 65.275614687000029 ], [ -148.38676518799997, 65.273320692000027 ], [ -148.387739987999964, 65.272293946000048 ], [ -148.388145121999969, 65.271867223000072 ], [ -148.389974183999982, 65.269940691000045 ], [ -148.389974180999957, 65.267018691000033 ], [ -148.391568949999964, 65.266206399000055 ], [ -148.393237177999964, 65.265356690000033 ], [ -148.396504178999976, 65.263695690000077 ], [ -148.396877109999963, 65.263480003000041 ], [ -148.397819650999963, 65.262934879000056 ], [ -148.399081915999972, 65.262204844000053 ], [ -148.399082177999958, 65.262204692000068 ], [ -148.400741412999963, 65.26123218500004 ], [ -148.40157266099996, 65.260744978000048 ], [ -148.401718054999975, 65.260659760000067 ], [ -148.401718173999967, 65.260659690000068 ], [ -148.406126170999983, 65.257448690000047 ], [ -148.410540166999965, 65.254187688000059 ], [ -148.415010164999984, 65.251031688000069 ], [ -148.415413753999957, 65.25084982900006 ], [ -148.41771977999997, 65.249810724000042 ], [ -148.419854762999961, 65.248848691000035 ], [ -148.420223163999964, 65.248682688000031 ], [ -148.420918122999979, 65.248377193000067 ], [ -148.425437158999983, 65.246390683000072 ], [ -148.425437533999968, 65.246390519000045 ], [ -148.425437645999978, 65.246390470000051 ], [ -148.430707158999979, 65.244098686000029 ], [ -148.430839078999981, 65.244040721000033 ], [ -148.431298931999976, 65.243838664000066 ], [ -148.433493084999981, 65.242874566000069 ], [ -148.435921156999967, 65.241807684000037 ], [ -148.439531969999962, 65.238598846000059 ], [ -148.43953215199997, 65.238598685000056 ], [ -148.43953231499998, 65.238598540000055 ], [ -148.441172009999974, 65.237140628000077 ], [ -148.443140148999959, 65.235390684000038 ], [ -148.443421537999967, 65.235144781000031 ], [ -148.444057902999958, 65.234588666000036 ], [ -148.446748146999965, 65.232237683000051 ], [ -148.448754142999974, 65.229259684000056 ], [ -148.449614389999965, 65.227915574000065 ], [ -148.450250412999964, 65.226921806000064 ], [ -148.450698969999962, 65.226220948000048 ], [ -148.450699139999983, 65.226220683000065 ], [ -148.45104973399998, 65.226100245000055 ], [ -148.452358932999971, 65.225650500000029 ], [ -148.453261345999977, 65.225340497000047 ], [ -148.454198138999971, 65.22501868300003 ], [ -148.456141112999973, 65.224382143000071 ], [ -148.456409768999976, 65.224294128000054 ], [ -148.457692793999968, 65.223873802000071 ], [ -148.457693136999978, 65.223873681000043 ], [ -148.459617677999972, 65.223151822000034 ], [ -148.462276135999957, 65.222154682000053 ], [ -148.465247967999971, 65.221016396000039 ], [ -148.466918134999958, 65.220376680000072 ], [ -148.467699773999982, 65.220086872000081 ], [ -148.469143972999973, 65.21955140700004 ], [ -148.471557132999976, 65.218656680000038 ], [ -148.474658769999962, 65.215870710000047 ], [ -148.474937126999976, 65.215620681000075 ], [ -148.474537143999981, 65.212584805000063 ], [ -148.474537126999962, 65.212584680000077 ], [ -148.474536580999967, 65.212584452000044 ], [ -148.473771764999981, 65.212265762000072 ], [ -148.473465007999977, 65.212137939000058 ], [ -148.471098124999969, 65.211151681000047 ], [ -148.470356994999975, 65.210837907000041 ], [ -148.469782554999966, 65.210594705000062 ], [ -148.467718124999976, 65.209720682000068 ], [ -148.464813877999973, 65.209644676000039 ], [ -148.463362124999975, 65.209606683000061 ], [ -148.460999142999981, 65.20954454200006 ], [ -148.460063498999972, 65.209519937000039 ], [ -148.459065123999977, 65.209493682000073 ], [ -148.459066173999958, 65.209493355000063 ], [ -148.459066297999982, 65.209493316000078 ], [ -148.459465611999974, 65.20936884200006 ], [ -148.463476122999964, 65.208118683000066 ], [ -148.466891283999956, 65.207141375000049 ], [ -148.467893121999964, 65.206854682000028 ], [ -148.467893060999984, 65.206854597000074 ], [ -148.467892940999974, 65.206854430000078 ], [ -148.467339858999964, 65.206082475000073 ], [ -148.465596154999957, 65.203648734000069 ], [ -148.465596116999961, 65.20364868200005 ], [ -148.465596924999971, 65.203648417000068 ], [ -148.465857055999976, 65.20356305200005 ], [ -148.466089740999962, 65.203486695000038 ], [ -148.469268115999967, 65.20244368200008 ], [ -148.472677023999978, 65.20139358800003 ], [ -148.472744306999971, 65.201372862000028 ], [ -148.472984718999982, 65.201298804000032 ], [ -148.472985115999961, 65.201298682000072 ], [ -148.472985169999959, 65.20129842700004 ], [ -148.473288167999982, 65.199871984000083 ], [ -148.473618036999966, 65.198319040000058 ], [ -148.473618112999958, 65.198318681000046 ], [ -148.475744913999961, 65.198034818000053 ], [ -148.476319794999966, 65.197958090000043 ], [ -148.477057111999983, 65.197859681000068 ], [ -148.478599762999977, 65.197681597000042 ], [ -148.480548110999962, 65.197456680000073 ], [ -148.480041344999961, 65.195873822000067 ], [ -148.479576108999964, 65.194420680000064 ], [ -148.481094928999966, 65.194197746000043 ], [ -148.48307110899998, 65.193907680000052 ], [ -148.486565108999969, 65.193332679000036 ], [ -148.489377154999971, 65.193025938000062 ], [ -148.490232107999958, 65.19293267900008 ], [ -148.492381927999958, 65.19276958100005 ], [ -148.49401440799997, 65.192645733000063 ], [ -148.494015107999957, 65.192645678000076 ], [ -148.49676510499998, 65.189723678000064 ], [ -148.49781199399996, 65.188264376000063 ], [ -148.498681160999979, 65.187052808000033 ], [ -148.498943062999956, 65.186687731000063 ], [ -148.498943100999981, 65.186687678000055 ], [ -148.500646826999969, 65.186829489000047 ], [ -148.502379100999974, 65.186973676000036 ], [ -148.503524483999968, 65.187085788000047 ], [ -148.503844088999983, 65.187117072000035 ], [ -148.505872399999959, 65.187315607000073 ], [ -148.505873102999971, 65.187315676000082 ], [ -148.505873173999959, 65.187315464000051 ], [ -148.506224770999978, 65.186262831000079 ], [ -148.506259372999978, 65.186159238000073 ], [ -148.506425716999956, 65.185661228000072 ], [ -148.506849099999982, 65.18439367700006 ], [ -148.506416127999984, 65.18189970800006 ], [ -148.506332095999966, 65.181415676000029 ], [ -148.506332118999978, 65.181415653000045 ], [ -148.507150428999978, 65.180582275000063 ], [ -148.509482093999964, 65.178207676000056 ], [ -148.512153459999979, 65.177300930000058 ], [ -148.513035092999957, 65.177001676000032 ], [ -148.516590089999966, 65.175857675000032 ], [ -148.520029087999973, 65.174826675000077 ], [ -148.523521077999959, 65.173851674000048 ], [ -148.520426345999965, 65.170584948000055 ], [ -148.520426084999968, 65.170584674000054 ], [ -148.52403508499998, 65.169784674000027 ], [ -148.524687257999972, 65.169639827000083 ], [ -148.524908823999965, 65.16959061700004 ], [ -148.525979898999964, 65.16935273200005 ], [ -148.527646084999958, 65.168982674000063 ], [ -148.527646104999974, 65.168982335000067 ], [ -148.527693180999961, 65.168168090000052 ], [ -148.527758036999984, 65.167046314000061 ], [ -148.527815079999982, 65.166059674000053 ], [ -148.528548429999972, 65.165975323000055 ], [ -148.529015748999967, 65.165921571000069 ], [ -148.531310079999969, 65.165657674000045 ], [ -148.533316518999982, 65.165495553000028 ], [ -148.534555974999961, 65.165395405000083 ], [ -148.534862080999972, 65.165370672000051 ], [ -148.534862254999979, 65.165371073000074 ], [ -148.53523471799997, 65.166228019000073 ], [ -148.536182082999971, 65.168407673000047 ], [ -148.53941280899997, 65.167084497000076 ], [ -148.539676081999971, 65.166976671000043 ], [ -148.540009298999962, 65.166845561000059 ], [ -148.54218708199997, 65.16598867600004 ], [ -148.543171079999979, 65.165601671000047 ], [ -148.543486895999962, 65.165544685000043 ], [ -148.543994065999982, 65.165453171000081 ], [ -148.546668078999971, 65.164970671000049 ], [ -148.550217397999972, 65.164395781000053 ], [ -148.550217662999984, 65.164395738000053 ], [ -148.550218078999961, 65.164395671000079 ], [ -148.546782077999978, 65.162851670000066 ], [ -148.545954870999964, 65.16248736700004 ], [ -148.54536017099997, 65.162225460000059 ], [ -148.543401075999981, 65.161362672000052 ], [ -148.540593074999975, 65.159240672000067 ], [ -148.540593201999968, 65.15924065300004 ], [ -148.540593893999983, 65.15924054900006 ], [ -148.541593327999976, 65.159090168000034 ], [ -148.54238262399997, 65.158971405000045 ], [ -148.543055095999961, 65.158870221000029 ], [ -148.544029074999969, 65.158723671000075 ], [ -148.545074044999978, 65.158604143000048 ], [ -148.547526071999982, 65.158323670000073 ], [ -148.547820052999981, 65.158353188000035 ], [ -148.548348590999979, 65.158406257000081 ], [ -148.550962072999965, 65.158668671000044 ], [ -148.552897960999957, 65.158922357000051 ], [ -148.554456328999976, 65.159126571000058 ], [ -148.55445707399997, 65.159126669000045 ], [ -148.554399436999972, 65.157649358000072 ], [ -148.554343072999984, 65.156204670000079 ], [ -148.554343007999961, 65.156204639000066 ], [ -148.554047097999984, 65.156064872000059 ], [ -148.553293360999959, 65.155708859000072 ], [ -148.55209513799997, 65.155142901000033 ], [ -148.551307068999961, 65.154770671000051 ], [ -148.550043870999957, 65.154163357000073 ], [ -148.548829840999957, 65.153579681000053 ], [ -148.548212068999959, 65.153282672000046 ], [ -148.548212464999978, 65.15328217800004 ], [ -148.550560064999956, 65.150357671000052 ], [ -148.550446061999963, 65.147379671000067 ], [ -148.551978826999971, 65.147052851000069 ], [ -148.552303165999973, 65.146983694000028 ], [ -148.553227533999973, 65.146786598000062 ], [ -148.553940061999981, 65.146634671000072 ], [ -148.554157529999969, 65.146589133000077 ], [ -148.556136983999977, 65.146174634000033 ], [ -148.557493061999963, 65.145890669000039 ], [ -148.557584468999977, 65.145810678000032 ], [ -148.559794998999962, 65.143876237000029 ], [ -148.560371180999965, 65.143372019000083 ], [ -148.561160058999974, 65.142681669000069 ], [ -148.563873003999959, 65.141959479000036 ], [ -148.56429140299997, 65.141848100000061 ], [ -148.564601057999965, 65.141765669000051 ], [ -148.566080545999966, 65.141377154000054 ], [ -148.566853754999983, 65.141174109000076 ], [ -148.56809305699997, 65.140848668000046 ], [ -148.568968610999974, 65.140410608000082 ], [ -148.569093816999981, 65.140347964000057 ], [ -148.569336480999965, 65.140226553000048 ], [ -148.571185053999983, 65.13930166800003 ], [ -148.572208156999977, 65.138799209000069 ], [ -148.572452294999977, 65.138679310000043 ], [ -148.574222838999958, 65.137809774000061 ], [ -148.574223054999976, 65.137809668000045 ], [ -148.57422217499996, 65.13780945600007 ], [ -148.572368982999961, 65.137369127000056 ], [ -148.572114872999975, 65.137308749000056 ], [ -148.570612052999962, 65.136951668000052 ], [ -148.567060079999976, 65.13609367600003 ], [ -148.56706005199996, 65.136093669000047 ], [ -148.567059777999958, 65.136093306000078 ], [ -148.566659450999964, 65.135562507000031 ], [ -148.566065118999973, 65.134774474000039 ], [ -148.564768047999962, 65.133054670000035 ], [ -148.564768095999966, 65.13305454500005 ], [ -148.565857043999983, 65.130190669000058 ], [ -148.565856838999963, 65.130190556000059 ], [ -148.563162044999956, 65.128698671000052 ], [ -148.560471042999978, 65.127268670000035 ], [ -148.560471515999978, 65.127268685000047 ], [ -148.561064790999978, 65.127286972000036 ], [ -148.562092657999983, 65.127318655000067 ], [ -148.564137043999978, 65.127381670000034 ], [ -148.565552329999974, 65.127448439000034 ], [ -148.56643285499996, 65.127489980000064 ], [ -148.567804042999967, 65.127554670000052 ], [ -148.57135704199996, 65.12669366800003 ], [ -148.573902611999983, 65.126078233000044 ], [ -148.574385015999979, 65.125961603000064 ], [ -148.574909537999957, 65.125834791000045 ], [ -148.574910040999981, 65.125834669000028 ], [ -148.57407059099998, 65.124527712000031 ], [ -148.572960080999962, 65.12279873500006 ], [ -148.572960037999962, 65.12279866800003 ], [ -148.573158781999979, 65.122756348000053 ], [ -148.573714593999966, 65.122637995000048 ], [ -148.576454036999962, 65.122054668000033 ], [ -148.57660408199996, 65.122028020000073 ], [ -148.578872945999962, 65.121625078000079 ], [ -148.580007036999973, 65.121423668000034 ], [ -148.580839626999961, 65.121824355000058 ], [ -148.582393766999957, 65.122572290000051 ], [ -148.583101038999956, 65.122912667000037 ], [ -148.583877146999981, 65.123278991000063 ], [ -148.584880136999971, 65.123752405000062 ], [ -148.586137039999983, 65.124345666000067 ], [ -148.586137287999975, 65.12434544000007 ], [ -148.588937310999967, 65.121795838000082 ], [ -148.589107400999978, 65.121640960000036 ], [ -148.589346035999966, 65.121423667000045 ], [ -148.590236462999968, 65.118975957000032 ], [ -148.590265010999957, 65.118897482000079 ], [ -148.590493033999962, 65.118270666000058 ], [ -148.590493709999976, 65.118270677000055 ], [ -148.592559328999982, 65.118304977000037 ], [ -148.593466791999958, 65.118320046000065 ], [ -148.594046034999963, 65.118329665000033 ], [ -148.59480708199996, 65.118341267000062 ], [ -148.595866529999967, 65.118357417000084 ], [ -148.596145254999982, 65.118361666000055 ], [ -148.597654034999977, 65.118384665000065 ], [ -148.599432576999959, 65.118445173000055 ], [ -148.600500823999965, 65.118481516000031 ], [ -148.601093034999963, 65.118501664000064 ], [ -148.601606325999967, 65.118526932000066 ], [ -148.602070350999981, 65.11854977400003 ], [ -148.60458703499998, 65.118673664000028 ], [ -148.608022280999961, 65.119073569000079 ], [ -148.608023033999956, 65.119073662000062 ], [ -148.608634056999961, 65.119153839000035 ], [ -148.611521034999981, 65.11953266300003 ], [ -148.611520113999973, 65.119532076000041 ], [ -148.60980800599998, 65.118440822000082 ], [ -148.607994806999983, 65.117285136000078 ], [ -148.606935031999967, 65.116609663000077 ], [ -148.606935359999966, 65.116609440000047 ], [ -148.60835498299997, 65.115644082000074 ], [ -148.611231910999976, 65.113687742000081 ], [ -148.611232028999979, 65.113687662000075 ], [ -148.611232344999962, 65.113687798000058 ], [ -148.611751920999978, 65.113911411000061 ], [ -148.612207796999968, 65.11410760800004 ], [ -148.614557031999965, 65.115118662000043 ], [ -148.61568933199996, 65.115626868000049 ], [ -148.616380366999977, 65.115937022000082 ], [ -148.617879031999962, 65.11660966200003 ], [ -148.62060933799998, 65.11625771000007 ], [ -148.621432030999983, 65.116151660000071 ], [ -148.622302742999977, 65.116055129000074 ], [ -148.625040031999959, 65.115751660000058 ], [ -148.626712013999963, 65.115666578000059 ], [ -148.628479031999973, 65.115576659000055 ], [ -148.63011669399998, 65.11552322600005 ], [ -148.630852258999965, 65.115499227000043 ], [ -148.631973030999973, 65.115462659000059 ], [ -148.634003131999975, 65.115296532000059 ], [ -148.635468030999959, 65.115176658000053 ], [ -148.639024030999963, 65.114890658000036 ], [ -148.642457029999974, 65.113918657000056 ], [ -148.644354131999961, 65.113379620000046 ], [ -148.645899027999974, 65.112940657000081 ], [ -148.649562026999973, 65.111565657000028 ], [ -148.653229026999981, 65.110193655000046 ], [ -148.655693022999969, 65.107326655000065 ], [ -148.656755608999958, 65.107078326000078 ], [ -148.659129022999963, 65.106523654000057 ], [ -148.662623021999963, 65.105720655000027 ], [ -148.664334421999968, 65.105160470000044 ], [ -148.665648876999967, 65.104730215000075 ], [ -148.666118019999971, 65.104576653000038 ], [ -148.669671019999981, 65.103487654000048 ], [ -148.66976376599996, 65.103465998000047 ], [ -148.669988056999983, 65.103413626000076 ], [ -148.672218364999964, 65.102892852000082 ], [ -148.67311001799996, 65.10268465200005 ], [ -148.673924174999968, 65.102494619000083 ], [ -148.676013901999966, 65.102006853000034 ], [ -148.676546016999964, 65.101882652000029 ], [ -148.680384950999979, 65.098901701000045 ], [ -148.680385014999956, 65.098901651000062 ], [ -148.682547651999982, 65.099600002000045 ], [ -148.68393701499997, 65.100048650000076 ], [ -148.684134516999961, 65.100111439000045 ], [ -148.687548017999973, 65.101196651000066 ], [ -148.690567536999964, 65.101150244000053 ], [ -148.691065329999958, 65.101142594000066 ], [ -148.69113915799997, 65.101141459000075 ], [ -148.691387014999975, 65.101137650000055 ], [ -148.691912988999974, 65.101129823000065 ], [ -148.692015641999973, 65.10112829600007 ], [ -148.695285015999957, 65.101079649000042 ], [ -148.695285371999972, 65.101079624000079 ], [ -148.698718015999958, 65.100854648000052 ], [ -148.699237859999982, 65.100828633000049 ], [ -148.702215015999968, 65.100679647000049 ], [ -148.705710014999966, 65.099762647000034 ], [ -148.706164022999957, 65.099658306000038 ], [ -148.708349295999966, 65.099156080000057 ], [ -148.709204014999983, 65.098959646000083 ], [ -148.712929012999979, 65.098673647000055 ], [ -148.714052939999959, 65.098604193000028 ], [ -148.716261370999973, 65.098467723000056 ], [ -148.716651014999968, 65.098443645000032 ], [ -148.72014801399996, 65.098443645000032 ], [ -148.723698548999977, 65.098501637000084 ], [ -148.723699013999976, 65.098501645000056 ], [ -148.72667901799997, 65.101595644000042 ], [ -148.728475423999981, 65.10299867100008 ], [ -148.730346019999956, 65.104459642000052 ], [ -148.732492744999973, 65.106387883000082 ], [ -148.733726021999956, 65.10749564200006 ], [ -148.734759770999972, 65.107631326000046 ], [ -148.735481127999975, 65.107726008000043 ], [ -148.73659560599998, 65.107872289000056 ], [ -148.737223023999974, 65.107954641000049 ], [ -148.739989857999973, 65.108402790000071 ], [ -148.740773022999974, 65.108529640000029 ], [ -148.740773219999966, 65.108529633000046 ], [ -148.743737614999958, 65.108430397000063 ], [ -148.743943105999961, 65.108423518000052 ], [ -148.744268022999961, 65.10841264000004 ], [ -148.744579400999982, 65.108407820000082 ], [ -148.745555786999972, 65.108392705000028 ], [ -148.747821024999979, 65.108357639000076 ], [ -148.750750422999971, 65.109477978000029 ], [ -148.751096836999977, 65.109610463000081 ], [ -148.751262023999971, 65.109673638000061 ], [ -148.751391196999975, 65.109723219000045 ], [ -148.753736775999982, 65.11062352700003 ], [ -148.754701026999982, 65.110993637000036 ], [ -148.757332026999961, 65.112482637000028 ], [ -148.758317202999962, 65.113005577000081 ], [ -148.76002602899996, 65.113912637000055 ], [ -148.759509536999957, 65.114450228000067 ], [ -148.757162405999964, 65.116893245000028 ], [ -148.757162135999977, 65.116893528000048 ], [ -148.757162031999968, 65.116893638000079 ], [ -148.758185301999958, 65.117097934000071 ], [ -148.76059803299998, 65.117579636000073 ], [ -148.764037031999976, 65.118382635000046 ], [ -148.765743407999963, 65.118524667000031 ], [ -148.76747303199997, 65.118668635000063 ], [ -148.768441926999969, 65.118763086000058 ], [ -148.769548639999982, 65.118870973000071 ], [ -148.770970935999969, 65.119009624000057 ], [ -148.770971033999956, 65.119009634000065 ], [ -148.771978807999972, 65.118713416000048 ], [ -148.774465032999984, 65.117982634000043 ], [ -148.778015031999956, 65.116951634000031 ], [ -148.778015050999983, 65.116951610000058 ], [ -148.780420729999975, 65.113971014000072 ], [ -148.780420805999967, 65.113970918000064 ], [ -148.780421028999967, 65.113970634000054 ], [ -148.783001025999965, 65.112537632000056 ], [ -148.783221834999978, 65.11241515100005 ], [ -148.783745268999979, 65.112124806000054 ], [ -148.785579024999976, 65.11110762900006 ], [ -148.785579060999964, 65.11110760400004 ], [ -148.789418021999978, 65.10784063300008 ], [ -148.789417947999965, 65.10784046100008 ], [ -148.788764470999979, 65.106354724000028 ], [ -148.788157025999965, 65.104973646000076 ], [ -148.788690362999972, 65.104601653000032 ], [ -148.789833030999972, 65.103804699000079 ], [ -148.792510017999973, 65.101937633000034 ], [ -148.793494566999982, 65.100180776000059 ], [ -148.793955142999977, 65.09935891300006 ], [ -148.794114787999973, 65.099074038000083 ], [ -148.794115015999978, 65.099073631000067 ], [ -148.796385054999973, 65.099224263000053 ], [ -148.797551015999971, 65.099301632000049 ], [ -148.797738661999972, 65.09931398100008 ], [ -148.79801077099998, 65.099331888000052 ], [ -148.800172175999961, 65.099474125000029 ], [ -148.801046014999969, 65.099531630000058 ], [ -148.802536765999974, 65.099627972000064 ], [ -148.802819897999967, 65.099646270000051 ], [ -148.803019525999957, 65.099659171000042 ], [ -148.804543013999961, 65.099757630000056 ], [ -148.805280916999976, 65.099817493000046 ], [ -148.806536248999976, 65.099919334000049 ], [ -148.807708150999957, 65.10001440700006 ], [ -148.808093013999979, 65.100045630000068 ], [ -148.808093481999975, 65.10004581000004 ], [ -148.810855093999976, 65.101105804000042 ], [ -148.811532015999973, 65.101365629000043 ], [ -148.813695042999967, 65.10223046200008 ], [ -148.814971016999976, 65.102740628000049 ], [ -148.815885014999964, 65.099757628000077 ], [ -148.817966230999957, 65.099135321000063 ], [ -148.819323013999963, 65.098729628000058 ], [ -148.819945728999983, 65.098555909000083 ], [ -148.822818011999971, 65.097754627000029 ], [ -148.822817876999977, 65.097754362000046 ], [ -148.822449260999974, 65.09703074600003 ], [ -148.821689319999962, 65.095538936000082 ], [ -148.82132919999998, 65.094831998000075 ], [ -148.821329075999984, 65.094831756000076 ], [ -148.82132901099996, 65.094831628000065 ], [ -148.822705774999974, 65.093690836000064 ], [ -148.824993006999961, 65.091795627000067 ], [ -148.82726420299997, 65.091476211000042 ], [ -148.828029826999966, 65.091368535000072 ], [ -148.828662005999973, 65.091279627000063 ], [ -148.829086651999972, 65.091227616000083 ], [ -148.831190484999979, 65.090969934000043 ], [ -148.83190667599996, 65.090882216000068 ], [ -148.832385008999978, 65.090823631000035 ], [ -148.83452808499996, 65.090035942000043 ], [ -148.835824004999978, 65.089559626000039 ], [ -148.839260002999964, 65.088356625000074 ], [ -148.842054710999975, 65.087950636000073 ], [ -148.842812003999967, 65.08784062400008 ], [ -148.843872273999978, 65.087704546000055 ], [ -148.845557578999973, 65.087488250000035 ], [ -148.84636500199997, 65.087384623000048 ], [ -148.849801002999982, 65.086809624000068 ], [ -148.851372680999958, 65.086573802000032 ], [ -148.853240001999978, 65.086293622000028 ], [ -148.856621001999969, 65.087040622000075 ], [ -148.856736119999965, 65.087065859000063 ], [ -148.857287263999979, 65.087186687000042 ], [ -148.859326075999974, 65.087633657000083 ], [ -148.860000515999957, 65.087781515000074 ], [ -148.860001002999979, 65.08778162200008 ], [ -148.862946002999962, 65.087398222000047 ], [ -148.863309160999961, 65.087350944000036 ], [ -148.863496002999966, 65.087326620000056 ], [ -148.867048790999974, 65.086865647000081 ], [ -148.867049001999959, 65.086865620000083 ], [ -148.867049649999984, 65.086866041000064 ], [ -148.868056190999965, 65.08752052300008 ], [ -148.87163200599997, 65.089845619000073 ], [ -148.87418321399997, 65.090909426000053 ], [ -148.875071005999956, 65.091279619000034 ], [ -148.878564542999982, 65.092826412000079 ], [ -148.878565006999963, 65.092826618000061 ], [ -148.878565132999967, 65.092826547000072 ], [ -148.881201006999959, 65.091334618000076 ], [ -148.882391290999976, 65.090688411000031 ], [ -148.883835003999963, 65.089904616000069 ], [ -148.884216097999968, 65.088881125000057 ], [ -148.884524338999967, 65.088053294000076 ], [ -148.884923000999976, 65.086982616000057 ], [ -148.884923320999974, 65.086982552000052 ], [ -148.884923437999959, 65.086982529000068 ], [ -148.886034961999968, 65.086759836000056 ], [ -148.888362000999962, 65.086293616000034 ], [ -148.890218977999979, 65.08589098300007 ], [ -148.891798, 65.08554861600004 ], [ -148.893549608999962, 65.084380605000035 ], [ -148.896095998999982, 65.082682615000067 ], [ -148.896096171999972, 65.082682635000083 ], [ -148.89814372799998, 65.082921983000062 ], [ -148.899534996999961, 65.083084621000069 ], [ -148.899535688999975, 65.083084707000069 ], [ -148.901103571999982, 65.083290675000057 ], [ -148.901273692999979, 65.083313024000063 ], [ -148.903028997999968, 65.083543615000053 ], [ -148.905110814999972, 65.084021466000081 ], [ -148.906476649999973, 65.084334974000058 ], [ -148.906522308999968, 65.084345459000076 ], [ -148.906523, 65.084345613000039 ], [ -148.910021001999979, 65.085262612000065 ], [ -148.910803699999974, 65.085395305000077 ], [ -148.911113947999979, 65.085447902000055 ], [ -148.913743000999972, 65.085893612000064 ], [ -148.91585226899997, 65.086276102000056 ], [ -148.91752600099997, 65.086579612000037 ], [ -148.918796962999977, 65.086791192000078 ], [ -148.920962001999982, 65.087151610000035 ], [ -148.924401002999957, 65.087726611000051 ], [ -148.925923085999983, 65.087851164000028 ], [ -148.926237178999969, 65.087876866000045 ], [ -148.926647122999981, 65.087910412000042 ], [ -148.927896003999962, 65.088012609000032 ], [ -148.929500941999976, 65.088193345000036 ], [ -148.931311287999961, 65.088397213000064 ], [ -148.931448002999957, 65.088412608000056 ], [ -148.932788246999962, 65.088456325000038 ], [ -148.934106648999972, 65.088499328000069 ], [ -148.934943001999983, 65.088526608000052 ], [ -148.935794733999984, 65.088567840000053 ], [ -148.937201833999978, 65.088635957000065 ], [ -148.938496001999965, 65.088698607000083 ], [ -148.941990002999972, 65.089387606000059 ], [ -148.942399421999966, 65.089473684000041 ], [ -148.945543004999962, 65.090134607000039 ], [ -148.948457707999978, 65.090179525000053 ], [ -148.948982004999976, 65.09018760500004 ], [ -148.949076006999974, 65.090190753000059 ], [ -148.949562953999958, 65.090207059000079 ], [ -148.950981711999958, 65.090254567000045 ], [ -148.952476003999976, 65.090304605000028 ], [ -148.95495529699997, 65.08980788100007 ], [ -148.95591500499998, 65.089615604000073 ], [ -148.957583243999977, 65.089286729000037 ], [ -148.959409583999957, 65.088926686000036 ], [ -148.959410002999959, 65.088926603000061 ], [ -148.959272007999971, 65.090305116000081 ], [ -148.959226577999971, 65.090758953000034 ], [ -148.95912300599997, 65.091793603000042 ], [ -148.959123175999963, 65.091793641000038 ], [ -148.959222562999969, 65.091813561000038 ], [ -148.962560006999979, 65.092482603000065 ], [ -148.966057008999968, 65.093282603000034 ], [ -148.969493008999962, 65.093282601000055 ], [ -148.972932006999969, 65.093282601000055 ], [ -148.972932368999977, 65.093282333000047 ], [ -148.973259413999983, 65.093032211000036 ], [ -148.976826004999964, 65.090304600000081 ], [ -148.976825977999965, 65.090304536000076 ], [ -148.976190159999959, 65.088789255000052 ], [ -148.975623000999974, 65.08743760200008 ], [ -148.977181732999981, 65.086223565000068 ], [ -148.977945118999969, 65.085628993000057 ], [ -148.979520998999959, 65.084401600000035 ], [ -148.975392995999982, 65.081537601000036 ], [ -148.972642994999973, 65.08004560300003 ], [ -148.97256312899998, 65.080000520000056 ], [ -148.971291383999983, 65.079282631000069 ], [ -148.970412481999972, 65.078786498000056 ], [ -148.97000699299997, 65.078557603000036 ], [ -148.970007288999966, 65.078557368000077 ], [ -148.973617988999962, 65.075690603000055 ], [ -148.973301835999962, 65.073688080000068 ], [ -148.973157052999966, 65.07277102200004 ], [ -148.973156986999982, 65.072770603000038 ], [ -148.976653986999963, 65.073284601000069 ], [ -148.979805278999976, 65.073743149000052 ], [ -148.980206988999981, 65.07380160200006 ], [ -148.981116102999977, 65.073771439000041 ], [ -148.98221780199998, 65.073734886000068 ], [ -148.983642988999975, 65.073687601000074 ], [ -148.985996116999956, 65.073607544000083 ], [ -148.98708184299997, 65.073570606000033 ], [ -148.987081988999961, 65.073570601000029 ], [ -148.987357515999975, 65.073487766000028 ], [ -148.990517988999983, 65.072537599000043 ], [ -148.990824443999969, 65.072450982000078 ], [ -148.990938149999977, 65.072418844000083 ], [ -148.993956987999979, 65.071565599000053 ], [ -148.996461688999972, 65.071057698000061 ], [ -148.997339983999979, 65.070879598000033 ], [ -148.997717254999969, 65.070797396000046 ], [ -148.998345900999965, 65.070660424000039 ], [ -148.999066038999956, 65.070503516000031 ], [ -149.000772984999969, 65.070131597000056 ], [ -149.000773855999967, 65.070131901000082 ], [ -149.000895468999971, 65.070174392000069 ], [ -149.002811818999959, 65.070843948000061 ], [ -149.004384983999984, 65.071393598000043 ], [ -149.005141261999967, 65.071662085000071 ], [ -149.007936986999965, 65.072654596000064 ], [ -149.011489985999958, 65.071968596000033 ], [ -149.014984985999973, 65.071279596000068 ], [ -149.016423107999969, 65.071632746000034 ], [ -149.01782797499996, 65.071977729000082 ], [ -149.018235680999965, 65.07207784700006 ], [ -149.01847898799997, 65.072137594000083 ], [ -149.020749328999983, 65.072687766000058 ], [ -149.022031400999964, 65.072998452000036 ], [ -149.022031881999965, 65.07299856800006 ], [ -149.022031987999981, 65.072998594000069 ], [ -149.02323498399997, 65.070076595000046 ], [ -149.023588470999982, 65.07006487700005 ], [ -149.025599168999975, 65.069998223000027 ], [ -149.025885339999974, 65.069988736000028 ], [ -149.026673984999974, 65.069962593000071 ], [ -149.029034217999964, 65.069882224000082 ], [ -149.030109937999981, 65.069845594000071 ], [ -149.030109983999978, 65.069845592000036 ], [ -149.031947614999979, 65.067893023000067 ], [ -149.032859879999961, 65.066923699000029 ], [ -149.032859981999962, 65.066923598000074 ], [ -149.033685994999956, 65.066774609000049 ], [ -149.036984979999971, 65.066179591000036 ], [ -149.041053978999969, 65.065376591000074 ], [ -149.045178978999957, 65.064632590000031 ], [ -149.049017980999963, 65.067554589000054 ], [ -149.050123062999972, 65.067665226000031 ], [ -149.051198607999964, 65.067772905000083 ], [ -149.052453982999964, 65.067898589000038 ], [ -149.052862939999983, 65.067952267000067 ], [ -149.053243944999963, 65.068002276000072 ], [ -149.055950982999974, 65.068357588000083 ], [ -149.057903237999966, 65.06867709800008 ], [ -149.059445982999961, 65.068929587000071 ], [ -149.060753921999975, 65.069182190000049 ], [ -149.062997982999974, 65.069615587000044 ], [ -149.065733833999957, 65.069527806000053 ], [ -149.066550983999974, 65.069501587000047 ], [ -149.068692298999963, 65.069433948000039 ], [ -149.069091379999975, 65.069421342000055 ], [ -149.070159982999968, 65.069387586000062 ], [ -149.071120399999984, 65.069529697000064 ], [ -149.073653983999975, 65.069904585000074 ], [ -149.076480529999969, 65.070268941000052 ], [ -149.077206984999975, 65.070362585000055 ], [ -149.077207036999965, 65.070362653000075 ], [ -149.079670986999957, 65.073570585000027 ], [ -149.080645990999983, 65.076548584000079 ], [ -149.085573992999969, 65.079470583000045 ], [ -149.084500361999972, 65.080980251000028 ], [ -149.083454035999978, 65.082451523000032 ], [ -149.083453995999974, 65.082451582000033 ], [ -149.083327246999971, 65.082555821000028 ], [ -149.083207689999966, 65.082654145000049 ], [ -149.082006226999965, 65.083642234000081 ], [ -149.07990099899996, 65.085373584000081 ], [ -149.081310228999968, 65.086708642000076 ], [ -149.083226001999975, 65.08852358200005 ], [ -149.083226136999969, 65.08852362500005 ], [ -149.086242878999968, 65.08948186300006 ], [ -149.086837004999978, 65.089670581000064 ], [ -149.088417274999983, 65.090171524000027 ], [ -149.090448486999975, 65.090815414000076 ], [ -149.090449003999964, 65.090815582000062 ], [ -149.093024006999968, 65.092362580000042 ], [ -149.094157305999971, 65.092991489000042 ], [ -149.095718006999959, 65.09385757900003 ], [ -149.097100489999974, 65.094190262000041 ], [ -149.098561965999977, 65.094541955000068 ], [ -149.099271008999978, 65.094712580000078 ], [ -149.100073887999969, 65.094906355000035 ], [ -149.102826007999965, 65.095570579000082 ], [ -149.105220412999984, 65.097877379000067 ], [ -149.10585960399996, 65.098493184000063 ], [ -149.105860011999965, 65.098493577000056 ], [ -149.106319961999958, 65.098769603000051 ], [ -149.110729013999958, 65.101415576000079 ], [ -149.112606788999983, 65.102224854000042 ], [ -149.113228048999957, 65.10249260300003 ], [ -149.114054015999983, 65.102848577000032 ], [ -149.114730497999972, 65.103145507000079 ], [ -149.114966037999977, 65.103248894000046 ], [ -149.117320455999959, 65.104282328000068 ], [ -149.117320588999974, 65.104282386000079 ], [ -149.117321018999974, 65.10428257500007 ], [ -149.114168020999983, 65.107318576000068 ], [ -149.113310021999979, 65.110240576000081 ], [ -149.114993810999977, 65.111250195000082 ], [ -149.115582377999971, 65.111603107000064 ], [ -149.11589002499997, 65.111787575000051 ], [ -149.11594682599997, 65.111822078000046 ], [ -149.116148232999961, 65.111944421000032 ], [ -149.11852402599996, 65.113387575000047 ], [ -149.118666401999974, 65.113392343000044 ], [ -149.119191828999959, 65.113409937000029 ], [ -149.12050058899996, 65.113453762000063 ], [ -149.122018026999967, 65.113504575000036 ], [ -149.124064261999962, 65.113571957000033 ], [ -149.125571026999978, 65.113621574000035 ], [ -149.128182883999983, 65.113793975000078 ], [ -149.129010026999964, 65.113848572000052 ], [ -149.132446026999958, 65.114134572000069 ], [ -149.13293108299996, 65.113763654000081 ], [ -149.136343024999974, 65.111154571000043 ], [ -149.139837023999974, 65.112532571000031 ], [ -149.142186742999968, 65.113416569000037 ], [ -149.143334824999982, 65.113848494000081 ], [ -149.143335026999978, 65.113848570000073 ], [ -149.143044960999958, 65.114438813000049 ], [ -149.142080987999975, 65.116400357000032 ], [ -149.141843028999972, 65.116884570000082 ], [ -149.141843074999969, 65.116884602000027 ], [ -149.144332089999978, 65.118599686000039 ], [ -149.145998975999959, 65.119748273000027 ], [ -149.146085030999984, 65.119807570000035 ], [ -149.147071876999973, 65.119955683000057 ], [ -149.148947875999966, 65.120237245000055 ], [ -149.149274463999973, 65.120286262000036 ], [ -149.14952303299998, 65.12032356900005 ], [ -149.153021032999959, 65.120837569000059 ], [ -149.153080800999959, 65.120831731000067 ], [ -149.15314350099996, 65.120825606000039 ], [ -149.156512031999966, 65.120496567000032 ], [ -149.159951031999981, 65.12015156800004 ], [ -149.163560034999961, 65.12124056600004 ], [ -149.165859060999964, 65.121931992000043 ], [ -149.16717082599996, 65.122326503000068 ], [ -149.167171033999978, 65.122326565000037 ], [ -149.167677939999976, 65.122318304000032 ], [ -149.170607033999971, 65.122270566000054 ], [ -149.172366833999973, 65.122240886000043 ], [ -149.174044837999958, 65.122212585000057 ], [ -149.174045699999965, 65.122212570000045 ], [ -149.174046034999975, 65.122212564000051 ], [ -149.172245947999983, 65.120077887000036 ], [ -149.171582031999975, 65.119290566000075 ], [ -149.172423532999971, 65.11792341000006 ], [ -149.172714312999972, 65.117450991000055 ], [ -149.17293528899998, 65.117091980000055 ], [ -149.173415028999983, 65.116312564000054 ], [ -149.178226025999976, 65.113445564000074 ], [ -149.178937875999964, 65.111349363000045 ], [ -149.179061526999959, 65.110985245000052 ], [ -149.179066266999968, 65.110971286000051 ], [ -149.179257022999963, 65.110409564000065 ], [ -149.178571018999975, 65.107545564000077 ], [ -149.178887690999971, 65.107051282000043 ], [ -149.180518015999979, 65.104506565000065 ], [ -149.180518408999973, 65.104506508000043 ], [ -149.18238249999996, 65.104237362000049 ], [ -149.183194890999971, 65.104120064000028 ], [ -149.184071017999969, 65.103993564000064 ], [ -149.184751000999967, 65.103885573000071 ], [ -149.185987950999959, 65.103689128000042 ], [ -149.187151099999966, 65.103504404000034 ], [ -149.187679015999976, 65.103420564000032 ], [ -149.188891254999959, 65.103784728000051 ], [ -149.18994139299997, 65.104100196000047 ], [ -149.191121015999983, 65.104454563000047 ], [ -149.192533957999984, 65.104894108000053 ], [ -149.194612017999958, 65.105540562000044 ], [ -149.19822101699998, 65.105768561000048 ], [ -149.199125146999961, 65.105826149000052 ], [ -149.200684251999974, 65.105925454000044 ], [ -149.201655836999976, 65.10598734000007 ], [ -149.201831462999962, 65.105998527000054 ], [ -149.201832019999983, 65.105998562000082 ], [ -149.203634668999968, 65.104463999000075 ], [ -149.205268014999973, 65.103073560000041 ], [ -149.205567621999961, 65.102952975000051 ], [ -149.205999168999966, 65.102779287000033 ], [ -149.208821013999966, 65.101643559000081 ], [ -149.210194090999977, 65.101098282000066 ], [ -149.21141508499997, 65.100613401000032 ], [ -149.212432011999965, 65.100209559000064 ], [ -149.215868010999969, 65.099237559000073 ], [ -149.216088851999956, 65.09917854400004 ], [ -149.218869924999979, 65.098435361000043 ], [ -149.219306599999982, 65.098318669000037 ], [ -149.219307010999984, 65.098318559000063 ], [ -149.223087011999979, 65.099407557000063 ], [ -149.226926011999979, 65.100554556000077 ], [ -149.227572315999964, 65.100522564000073 ], [ -149.228179272999967, 65.100492520000046 ], [ -149.230421012999983, 65.100381556000059 ], [ -149.231949025999967, 65.100307564000047 ], [ -149.233972489999957, 65.100209580000069 ], [ -149.233973011999979, 65.100209555000049 ], [ -149.236782009999956, 65.098720555000057 ], [ -149.238315222999972, 65.097938206000038 ], [ -149.239704007999961, 65.097229555000069 ], [ -149.239703992999978, 65.097229299000048 ], [ -149.239664198999975, 65.096540291000053 ], [ -149.239542418999974, 65.094431816000053 ], [ -149.23953200699998, 65.094251554000039 ], [ -149.239402652999956, 65.094184426000083 ], [ -149.239298275999971, 65.094130259000053 ], [ -149.237331978999975, 65.093109844000082 ], [ -149.236551005999956, 65.092704556000058 ], [ -149.235915473999967, 65.092392861000064 ], [ -149.233515003999969, 65.091215556000066 ], [ -149.232913737999979, 65.089769955000065 ], [ -149.232251, 65.088176557000054 ], [ -149.235575998999963, 65.086687556000072 ], [ -149.236100223999983, 65.086465369000052 ], [ -149.236619834999971, 65.086245137000049 ], [ -149.238091089999983, 65.085621561000039 ], [ -149.238956996999974, 65.085254556000052 ], [ -149.238957719999974, 65.085254339000073 ], [ -149.241783353999978, 65.084407223000028 ], [ -149.242028643999959, 65.084333686000036 ], [ -149.24239599699996, 65.084223555000051 ], [ -149.245831812999967, 65.083137609000062 ], [ -149.245831995999964, 65.083137554000075 ], [ -149.245918762999963, 65.083099254000047 ], [ -149.246010879999972, 65.083058592000043 ], [ -149.248753685999958, 65.081847861000028 ], [ -149.24921199299996, 65.08164555500008 ], [ -149.250030717999977, 65.081290282000055 ], [ -149.252238741999975, 65.080332142000032 ], [ -149.252647992999982, 65.080154554000046 ], [ -149.25431689499996, 65.080047458000081 ], [ -149.256200990999957, 65.079926553000064 ], [ -149.259811991999982, 65.079754553000043 ], [ -149.25981228699996, 65.079754441000034 ], [ -149.26004776299996, 65.079665133000049 ], [ -149.260895079999983, 65.07934377600003 ], [ -149.263592991999957, 65.078320552000037 ], [ -149.266342199999968, 65.077320773000054 ], [ -149.267373988999964, 65.076945552000041 ], [ -149.269377299999974, 65.076497291000067 ], [ -149.270698988999982, 65.076201551000054 ], [ -149.271046550999984, 65.076136570000074 ], [ -149.271892939999958, 65.07597832600004 ], [ -149.273736440999983, 65.075633659000061 ], [ -149.274073987999969, 65.075570550000066 ], [ -149.274452639999964, 65.075698684000031 ], [ -149.277628989999982, 65.076773549000052 ], [ -149.280542747999959, 65.077807675000031 ], [ -149.281181989999965, 65.078034549000051 ], [ -149.284561881999963, 65.079414445000054 ], [ -149.285218421999957, 65.079682487000071 ], [ -149.285536991999976, 65.079812548000064 ], [ -149.289892992999967, 65.081701548000069 ], [ -149.289893652999979, 65.081701817000067 ], [ -149.290384488999962, 65.081905789000075 ], [ -149.294303994999979, 65.083534547000056 ], [ -149.297666645999982, 65.085659423000038 ], [ -149.299117597999981, 65.086576286000081 ], [ -149.299117920999976, 65.086576490000027 ], [ -149.299118, 65.086576543000035 ], [ -149.301661060999976, 65.088361306000081 ], [ -149.303357, 65.089551544000074 ], [ -149.304601183999978, 65.09006953200003 ], [ -149.306799001999963, 65.090984543000047 ], [ -149.309158267999976, 65.091951632000075 ], [ -149.309674593999972, 65.092163280000079 ], [ -149.310290003999967, 65.092415543000072 ], [ -149.313729003999981, 65.091901542000073 ], [ -149.313832648999977, 65.09188596000007 ], [ -149.314310483999975, 65.091814125000042 ], [ -149.317168002999978, 65.091384541000082 ], [ -149.320662001999978, 65.090409541000042 ], [ -149.324156821999964, 65.089437589000056 ], [ -149.324157, 65.089437540000063 ], [ -149.327651000999964, 65.088748541000029 ], [ -149.327907008999972, 65.088693996000075 ], [ -149.32912290799996, 65.088434938000034 ], [ -149.330252688999963, 65.088194228000077 ], [ -149.331142538999984, 65.088004638000029 ], [ -149.331142998999979, 65.088004540000043 ], [ -149.331142580999966, 65.088004331000036 ], [ -149.328167997999969, 65.08651554100004 ], [ -149.32737331499996, 65.086103137000066 ], [ -149.325186996999975, 65.084968540000034 ], [ -149.325187246999974, 65.084968145000062 ], [ -149.325264825999966, 65.084851756000035 ], [ -149.326009079999977, 65.083734991000028 ], [ -149.326332966999956, 65.08324899400003 ], [ -149.327134993999977, 65.082045540000081 ], [ -149.327592989999971, 65.079123540000069 ], [ -149.328509967999963, 65.076084593000076 ], [ -149.328509987999979, 65.076084541000057 ], [ -149.331200984999981, 65.074595540000075 ], [ -149.333950985999962, 65.073106539000037 ], [ -149.334129607999984, 65.073020662000033 ], [ -149.335609569999974, 65.072309132000044 ], [ -149.337045984999975, 65.071618540000031 ], [ -149.340139982999972, 65.070126545000051 ], [ -149.340139951999959, 65.070126531000028 ], [ -149.339038524999978, 65.069636240000079 ], [ -149.336931981999982, 65.068698539000081 ], [ -149.333720978999963, 65.067262540000058 ], [ -149.333721045999965, 65.067262378000066 ], [ -149.334981976999984, 65.06422654000005 ], [ -149.336873971999978, 65.060959541000045 ], [ -149.337889865999983, 65.060306152000067 ], [ -149.338042968999957, 65.060207682000055 ], [ -149.339473968999982, 65.059287312000038 ], [ -149.341511969999971, 65.057976540000084 ], [ -149.34151233999998, 65.057976477000068 ], [ -149.342832360999978, 65.05774315900004 ], [ -149.345064970999971, 65.057348539000031 ], [ -149.348672968999978, 65.056834538000032 ], [ -149.351000428999981, 65.05744468000006 ], [ -149.352170970999964, 65.057751537000058 ], [ -149.352230051999982, 65.057766798000046 ], [ -149.352337978999969, 65.057794677000061 ], [ -149.355720970999982, 65.058668537000074 ], [ -149.358169523999976, 65.05968882500008 ], [ -149.358512933999975, 65.059831921000068 ], [ -149.359159972999976, 65.060101536000047 ], [ -149.360158490999964, 65.060527429000047 ], [ -149.36193800199996, 65.061286436000046 ], [ -149.362650972999973, 65.06159053600004 ], [ -149.364110427999975, 65.061661007000055 ], [ -149.365908269999977, 65.061747817000082 ], [ -149.366150973999964, 65.061759536000068 ], [ -149.369700973999983, 65.062048535000031 ], [ -149.372330877999957, 65.06191700200003 ], [ -149.372571506999975, 65.061904967000032 ], [ -149.373139973999969, 65.061876534000078 ], [ -149.37410210699997, 65.061844640000061 ], [ -149.374935933999978, 65.06181699900003 ], [ -149.376578971999976, 65.061762534000081 ], [ -149.377066095999965, 65.061634410000067 ], [ -149.377222519999975, 65.061593267000035 ], [ -149.380072972999983, 65.060843533000082 ], [ -149.382747010999964, 65.060141932000079 ], [ -149.38356797299997, 65.059926532000077 ], [ -149.385029091999968, 65.059271623000029 ], [ -149.386221192999983, 65.058737294000082 ], [ -149.38688996999997, 65.058437531000038 ], [ -149.387636912999966, 65.058120948000067 ], [ -149.390270967999982, 65.057004532000065 ], [ -149.391272291999968, 65.05635938000006 ], [ -149.392848966999964, 65.055343531000062 ], [ -149.395484449999969, 65.05368284900004 ], [ -149.39548496599997, 65.053682534000075 ], [ -149.397327982999968, 65.052595866000047 ], [ -149.398006962999972, 65.052195531000052 ], [ -149.399248604999968, 65.051475976000063 ], [ -149.400524621999978, 65.050736499000038 ], [ -149.400584962999972, 65.050701530000083 ], [ -149.401138394999975, 65.050325654000062 ], [ -149.403172697999963, 65.04894401100006 ], [ -149.405222958999957, 65.047551529000032 ], [ -149.407745957999964, 65.046059528000058 ], [ -149.410206954999978, 65.044570528000065 ], [ -149.413931952999974, 65.041534529000046 ], [ -149.417656762999968, 65.038498686000082 ], [ -149.417656823999977, 65.038498630000049 ], [ -149.41765694999998, 65.038498527000058 ], [ -149.417882624999976, 65.038263439000048 ], [ -149.418303235999957, 65.037825283000075 ], [ -149.420461946999978, 65.035576527000046 ], [ -149.421375589999968, 65.034944130000042 ], [ -149.421526845999978, 65.034839435000038 ], [ -149.424931942999962, 65.03248252700007 ], [ -149.425527458999966, 65.032571438000048 ], [ -149.426812480999956, 65.032763293000073 ], [ -149.42751472599997, 65.032868139000072 ], [ -149.428367944999962, 65.032995526000036 ], [ -149.430342945999968, 65.03325475500003 ], [ -149.431516334999969, 65.033408769000062 ], [ -149.431864944999973, 65.033454526000071 ], [ -149.430717948999984, 65.036434525000061 ], [ -149.430717968999971, 65.036434553000049 ], [ -149.431889317999975, 65.038093395000033 ], [ -149.431974301999958, 65.038213747000043 ], [ -149.432050812999961, 65.038322101000063 ], [ -149.432781950999981, 65.039357525000071 ], [ -149.435694766999973, 65.040312572000062 ], [ -149.43644795299997, 65.040559525000049 ], [ -149.438420405999977, 65.041196533000061 ], [ -149.439617529999964, 65.041583148000029 ], [ -149.440172951999983, 65.041762523000045 ], [ -149.442558993999967, 65.042516010000043 ], [ -149.442610168999977, 65.042532171000062 ], [ -149.443611952999959, 65.042848522000043 ], [ -149.445188829999978, 65.043314992000035 ], [ -149.447103955999978, 65.043881522000049 ], [ -149.449528953999959, 65.044311829000037 ], [ -149.450659956999971, 65.044512522000048 ], [ -149.450912948999957, 65.044565585000043 ], [ -149.451330225999982, 65.044653105000066 ], [ -149.452961081999973, 65.044995162000077 ], [ -149.454211957999973, 65.045257521000053 ], [ -149.45663757899996, 65.045376893000082 ], [ -149.457706956999971, 65.045429520000027 ], [ -149.461200958999967, 65.045715523000069 ], [ -149.458752515999976, 65.047411777000036 ], [ -149.45673495799997, 65.048809518000041 ], [ -149.456734550999983, 65.048809790000064 ], [ -149.456077290999957, 65.049234077000051 ], [ -149.452207678999969, 65.051732059000074 ], [ -149.452207084999969, 65.051732443000049 ], [ -149.45220696399997, 65.051732521000076 ], [ -149.452207084999969, 65.05173252700007 ], [ -149.452634057999973, 65.051753546000043 ], [ -149.455700963999959, 65.05190452100004 ], [ -149.457538170999982, 65.051993459000073 ], [ -149.459253961999963, 65.052076519000082 ], [ -149.459563543999963, 65.05206679500003 ], [ -149.459900222999977, 65.052056220000054 ], [ -149.46262250099997, 65.051970715000039 ], [ -149.462978961999966, 65.051959519000036 ], [ -149.463397087999965, 65.051946723000071 ], [ -149.466703962999958, 65.05184551900004 ], [ -149.468389171999974, 65.051707576000069 ], [ -149.470197960999968, 65.051559518000033 ], [ -149.471864232999962, 65.051450817000045 ], [ -149.473692960999983, 65.051331517000051 ], [ -149.477072960999976, 65.050012517000027 ], [ -149.479149090999982, 65.049181943000065 ], [ -149.479427742999974, 65.049070466000046 ], [ -149.480509959999978, 65.048637516000042 ], [ -149.482170956999965, 65.045657516000063 ], [ -149.482170568999976, 65.045657179000045 ], [ -149.481046246999966, 65.044668192000074 ], [ -149.478848187999972, 65.042734722000034 ], [ -149.478848104999969, 65.042734649000067 ], [ -149.478847953999974, 65.042734516000053 ], [ -149.475295952999971, 65.041762518000041 ], [ -149.47364811099996, 65.041311716000052 ], [ -149.472674779999977, 65.041045440000062 ], [ -149.471742950999982, 65.040790519000041 ], [ -149.469433785999968, 65.039981543000067 ], [ -149.468134950999968, 65.039526518000059 ], [ -149.467675621999973, 65.039366542000039 ], [ -149.465460416999974, 65.038595023000028 ], [ -149.464522950999964, 65.038268519000042 ], [ -149.461028948999967, 65.037465520000069 ], [ -149.459870316999968, 65.037214522000056 ], [ -149.457589947999963, 65.036720520000074 ], [ -149.456851499999971, 65.036021925000057 ], [ -149.456207985999981, 65.035413142000039 ], [ -149.454439944999962, 65.033740521000084 ], [ -149.454440238999979, 65.033740487000046 ], [ -149.457934943999959, 65.03334052200006 ], [ -149.460056800999979, 65.033095785000057 ], [ -149.460733225999974, 65.033017765000068 ], [ -149.461232028999973, 65.03296023300004 ], [ -149.461428944999966, 65.032937520000075 ], [ -149.461743709999979, 65.032932482000035 ], [ -149.463357041999984, 65.032906657000069 ], [ -149.464864942999981, 65.032882519000054 ], [ -149.46604628999998, 65.032862252000029 ], [ -149.467457861999975, 65.032838035000054 ], [ -149.467839779999963, 65.032831483000052 ], [ -149.468303944999974, 65.032823519000033 ], [ -149.46936808199996, 65.032589352000059 ], [ -149.471684943999975, 65.032079518000046 ], [ -149.475120943999968, 65.031276519000073 ], [ -149.477199842999966, 65.031341112000064 ], [ -149.478789942999981, 65.031390517000034 ], [ -149.481412667999962, 65.031513435000079 ], [ -149.482117311999957, 65.031546459000083 ], [ -149.48245994499996, 65.03156251200005 ], [ -149.483867308999976, 65.032069537000041 ], [ -149.485303139999957, 65.032586812000034 ], [ -149.486123942999967, 65.032882516000029 ], [ -149.488799013999966, 65.033869958000082 ], [ -149.489848433999981, 65.034257327000034 ], [ -149.489848945999967, 65.034257516000082 ], [ -149.489900604999974, 65.037053564000075 ], [ -149.489903947999977, 65.03723451500008 ], [ -149.489903981999959, 65.03723455100004 ], [ -149.491759083999966, 65.039246653000077 ], [ -149.492320185999972, 65.039855241000055 ], [ -149.49234072699997, 65.039877520000061 ], [ -149.492597950999965, 65.040156514000046 ], [ -149.492597996999962, 65.04015653700003 ], [ -149.495578952999978, 65.041645515000027 ], [ -149.496485294999957, 65.042090923000046 ], [ -149.498447969999972, 65.043055451000043 ], [ -149.498614957999962, 65.043137505000061 ], [ -149.499549550999973, 65.041460186000052 ], [ -149.500275950999963, 65.040156513000056 ], [ -149.502010306999978, 65.037915870000063 ], [ -149.502625947999974, 65.037120514000037 ], [ -149.50386660999996, 65.035926436000068 ], [ -149.505661944999957, 65.034198513000035 ], [ -149.505662170999983, 65.034198546000027 ], [ -149.507490867999962, 65.034463320000043 ], [ -149.509129852999962, 65.034700626000074 ], [ -149.509177213999976, 65.034707483000034 ], [ -149.509211946999983, 65.034712511000066 ], [ -149.509212315999974, 65.034712571000057 ], [ -149.510856806999982, 65.034999938000055 ], [ -149.512822946999961, 65.035343512000054 ], [ -149.516317947999966, 65.036718510000071 ], [ -149.516548493999977, 65.036809159000029 ], [ -149.519814948999965, 65.038093510000067 ], [ -149.523367948999976, 65.038668509000047 ], [ -149.525926624999983, 65.039162528000077 ], [ -149.526920949999976, 65.039354508000031 ], [ -149.529360377999978, 65.038981045000071 ], [ -149.530297948999959, 65.038837508000029 ], [ -149.530808852999968, 65.038769466000076 ], [ -149.53144448499998, 65.038684814000078 ], [ -149.533736948999973, 65.038379507000059 ], [ -149.535035182999962, 65.037851535000073 ], [ -149.537117946999956, 65.037004507000063 ], [ -149.540553585999959, 65.035629650000033 ], [ -149.540553946999978, 65.035629506000078 ], [ -149.540735907999959, 65.035051893000059 ], [ -149.540841506999982, 65.034716684000045 ], [ -149.541011246999972, 65.03417786600005 ], [ -149.541528873999965, 65.032534726000051 ], [ -149.541528942999975, 65.032534506000047 ], [ -149.541528200999977, 65.032534140000053 ], [ -149.539864818999973, 65.031720101000076 ], [ -149.53922190199998, 65.031405463000056 ], [ -149.538606940999983, 65.031104507000066 ], [ -149.537332369999973, 65.030491379000068 ], [ -149.537026336999958, 65.030344163000052 ], [ -149.535626011999966, 65.029670542000076 ], [ -149.53562593999996, 65.029670508000038 ], [ -149.53447146299996, 65.027524321000044 ], [ -149.534022938999982, 65.026690508000058 ], [ -149.531755551999964, 65.025357629000041 ], [ -149.529150934999961, 65.02382650900006 ], [ -149.529436930999964, 65.020845510000072 ], [ -149.533389928999981, 65.01792351000006 ], [ -149.536311927999975, 65.016320508000035 ], [ -149.538987897999959, 65.01490424800005 ], [ -149.539234741999962, 65.014773606000063 ], [ -149.539234926999967, 65.014773508000076 ], [ -149.541975295999976, 65.013983017000044 ], [ -149.54261492599997, 65.013798508000036 ], [ -149.542796601999981, 65.013750075000075 ], [ -149.543697829999957, 65.013509817000056 ], [ -149.546050578999967, 65.012882599000079 ], [ -149.546050923999957, 65.012882507000029 ], [ -149.547610267999971, 65.010179942000036 ], [ -149.547770920999966, 65.009901507000052 ], [ -149.547913912999974, 65.009906278000074 ], [ -149.549066562999968, 65.00994473600008 ], [ -149.552925921999957, 65.010073507000072 ], [ -149.554144597999965, 65.010127498000031 ], [ -149.554701721999976, 65.010152180000034 ], [ -149.558139921999981, 65.010304505000079 ], [ -149.560776282999967, 65.010449032000054 ], [ -149.563356922999958, 65.010590505000039 ], [ -149.565006632999967, 65.011219994000044 ], [ -149.565596595999978, 65.011445109000078 ], [ -149.566630224999983, 65.011839517000055 ], [ -149.567709922999967, 65.012251503000073 ], [ -149.568312234999979, 65.012473619000048 ], [ -149.572064924999978, 65.013857503000054 ], [ -149.576075925999959, 65.014829501000065 ], [ -149.57851233599996, 65.015421747000062 ], [ -149.580086926999968, 65.015804501000048 ], [ -149.584153927999978, 65.016893501000084 ], [ -149.589081926999967, 65.016090500000075 ], [ -149.590506178999959, 65.015875054000048 ], [ -149.590849528999968, 65.015823116000035 ], [ -149.594006925999963, 65.015345498000045 ], [ -149.596927921999963, 65.014899434000029 ], [ -149.598226370999981, 65.014701149000075 ], [ -149.59844165399997, 65.014668273000041 ], [ -149.59887892499998, 65.014601497000058 ], [ -149.603617098999962, 65.013883271000054 ], [ -149.603806928999973, 65.013854501000083 ], [ -149.603806922999979, 65.01001597100003 ], [ -149.603806922999979, 65.01001549700004 ], [ -149.603806919999982, 65.006293780000078 ], [ -149.603806917999975, 65.006293497000058 ], [ -149.605139617999981, 65.003703385000051 ], [ -149.605753912999972, 65.002509498000052 ], [ -149.605991844999977, 65.002034136000077 ], [ -149.606294834999971, 65.001428795000038 ], [ -149.607124586999959, 64.999771041000031 ], [ -149.607645908999956, 64.998729497000056 ], [ -149.607646302999967, 64.998729447000073 ], [ -149.61137846799997, 64.998256839000078 ], [ -149.613086908999975, 64.998040497000034 ], [ -149.614015969999969, 64.997924617000081 ], [ -149.618586909999976, 64.997354495000081 ], [ -149.621554575999966, 64.997014023000077 ], [ -149.623128906999966, 64.996833403000039 ], [ -149.624086906999963, 64.996723494000037 ], [ -149.624321152999983, 64.996758821000071 ], [ -149.625379141999957, 64.996918379000078 ], [ -149.628270907999962, 64.997354494000035 ], [ -149.630779227999966, 64.997765851000054 ], [ -149.632453906999956, 64.998040494000065 ], [ -149.63663619899998, 64.998726373000068 ], [ -149.636636908999975, 64.99872649200006 ], [ -149.640761909999981, 64.99901549100008 ], [ -149.644886909999968, 64.999243491000072 ], [ -149.648956910999971, 64.999529491000033 ], [ -149.653939910999981, 64.99930149000005 ], [ -149.654589207999976, 64.999278687000071 ], [ -149.658922907999965, 64.999126488000059 ], [ -149.659525487999957, 64.999098939000078 ], [ -149.659950663999979, 64.99907950000005 ], [ -149.663909827999959, 64.99889849200008 ], [ -149.663909909999973, 64.998898488000066 ], [ -149.664270547999962, 64.998724465000066 ], [ -149.665625717999973, 64.998070540000072 ], [ -149.667231907999962, 64.997295488000077 ], [ -149.670556484999963, 64.995748682000055 ], [ -149.67055672799998, 64.995748569000057 ], [ -149.670556906999963, 64.995748486000082 ], [ -149.670842902999965, 64.992654487000038 ], [ -149.671947148999976, 64.990658131000032 ], [ -149.672166625999978, 64.990261340000075 ], [ -149.672617899999977, 64.989445486000079 ], [ -149.674450896999957, 64.986293486000079 ], [ -149.674450957999966, 64.98629343500005 ], [ -149.676886094999958, 64.984259303000044 ], [ -149.678634761999973, 64.982798596000066 ], [ -149.67863489399997, 64.982798486000036 ], [ -149.682009013999959, 64.982154148000063 ], [ -149.682242892999966, 64.98210948500008 ], [ -149.685853892999972, 64.98142348600004 ], [ -149.687354558999971, 64.981109640000057 ], [ -149.690778890999979, 64.980393484000047 ], [ -149.693332477999974, 64.979888259000063 ], [ -149.695706890999958, 64.979418483000075 ], [ -149.699541288999967, 64.978668675000051 ], [ -149.700692569999973, 64.978443544000072 ], [ -149.700692888999981, 64.978443482000046 ], [ -149.700406885999968, 64.975176484000031 ], [ -149.70108096499996, 64.974838765000072 ], [ -149.702452191999981, 64.97415176800007 ], [ -149.703384883999973, 64.973684482000067 ], [ -149.706306881999978, 64.972198482000067 ], [ -149.711634883999977, 64.972309481000082 ], [ -149.71268021299997, 64.97234418000005 ], [ -149.716906883999968, 64.972484480000048 ], [ -149.720304915999975, 64.972592994000081 ], [ -149.722292881999977, 64.972656479000079 ], [ -149.724562906999978, 64.97282129000007 ], [ -149.726245882999962, 64.972943478000047 ], [ -149.730256883999971, 64.973229478000064 ], [ -149.731958580999958, 64.97301979100007 ], [ -149.732683202999965, 64.972930502000054 ], [ -149.733981882999984, 64.97277047700004 ], [ -149.734812680999966, 64.972682123000084 ], [ -149.735898782999982, 64.972566617000041 ], [ -149.737761885999959, 64.972368477000032 ], [ -149.737761523999978, 64.97236816000003 ], [ -149.735862357999963, 64.97068418300006 ], [ -149.734725880999974, 64.969676477000064 ], [ -149.732982635999974, 64.968067780000069 ], [ -149.732510781999963, 64.967632345000084 ], [ -149.73174587699998, 64.966926479000051 ], [ -149.731746496999961, 64.96692644400008 ], [ -149.733987612999982, 64.966800765000073 ], [ -149.736845876999979, 64.966640477000055 ], [ -149.73937017199998, 64.966498959000035 ], [ -149.742000875999963, 64.966351476000057 ], [ -149.742265019999962, 64.966342864000069 ], [ -149.742496028999966, 64.966335332000028 ], [ -149.745613064999958, 64.966233702000068 ], [ -149.747214876999976, 64.966181475000042 ], [ -149.748846355999973, 64.964871635000065 ], [ -149.750091267999977, 64.963872152000079 ], [ -149.750998485999958, 64.963143788000082 ], [ -149.750998873999976, 64.963143476000027 ], [ -149.750997929999983, 64.963143423000076 ], [ -149.746928873999963, 64.962915475000045 ], [ -149.743464435999982, 64.962721256000066 ], [ -149.743405392999961, 64.962717946000055 ], [ -149.742861873999971, 64.962687476000042 ], [ -149.742266369999982, 64.962790466000058 ], [ -149.739959633999973, 64.963189407000073 ], [ -149.738906875999959, 64.963371478000056 ], [ -149.73689054099998, 64.963723941000069 ], [ -149.735276491999969, 64.964006082000083 ], [ -149.734953875999963, 64.964062476000038 ], [ -149.734941058999965, 64.964042025000083 ], [ -149.734920595999967, 64.964009374000057 ], [ -149.733807422999973, 64.962233039000068 ], [ -149.733120869999965, 64.961137478000069 ], [ -149.731113480999966, 64.96092832100004 ], [ -149.729281871999973, 64.960737480000034 ], [ -149.729055098999964, 64.960716859000058 ], [ -149.728668862999967, 64.960681737000073 ], [ -149.725499345999964, 64.960393521000071 ], [ -149.725498872999964, 64.960393478000071 ], [ -149.722692872999971, 64.961940480000067 ], [ -149.721627027999972, 64.962552303000052 ], [ -149.719998595999982, 64.963487066000027 ], [ -149.719998045999972, 64.963487382000039 ], [ -149.719997874999962, 64.963487480000083 ], [ -149.716892970999965, 64.961988928000039 ], [ -149.715014871999983, 64.961082481000062 ], [ -149.711840799999976, 64.95956822900007 ], [ -149.710087788999971, 64.958731921000037 ], [ -149.710086873999984, 64.95873148000004 ], [ -149.713981053999959, 64.958331571000031 ], [ -149.71398186899998, 64.958331481000073 ], [ -149.714696878999973, 64.958269338000036 ], [ -149.717939868999963, 64.957987482000078 ], [ -149.718324397999965, 64.957933165000043 ], [ -149.718711471999967, 64.957878488000063 ], [ -149.721397129999957, 64.957499119000033 ], [ -149.723206867999977, 64.957243480000045 ], [ -149.723907156999957, 64.957152955000083 ], [ -149.728536866999974, 64.956554479000033 ], [ -149.730907786999978, 64.956245854000031 ], [ -149.733806824999959, 64.955868483000074 ], [ -149.73380686699997, 64.95586847800007 ], [ -149.733978798999971, 64.955923107000046 ], [ -149.735688788999965, 64.956466434000049 ], [ -149.736541876999979, 64.956737492000059 ], [ -149.737589867999958, 64.957070477000059 ], [ -149.741370583999981, 64.958273390000045 ], [ -149.741370724999967, 64.958273432000055 ], [ -149.741370869999969, 64.958273478000081 ], [ -149.74400686499996, 64.954665476000059 ], [ -149.743703301999972, 64.95427440800006 ], [ -149.742645456999981, 64.952911630000074 ], [ -149.741425862999961, 64.951340478000077 ], [ -149.739626499999957, 64.949112437000053 ], [ -149.738789860999958, 64.948076479000065 ], [ -149.737422685999974, 64.946382036000045 ], [ -149.736563570999976, 64.945317269000043 ], [ -149.736153855999959, 64.944809478000082 ], [ -149.735070554999965, 64.944560680000052 ], [ -149.732661854999975, 64.944007479000049 ], [ -149.732359790999965, 64.943942080000056 ], [ -149.729783649999973, 64.943384330000072 ], [ -149.729220854999966, 64.943262481000033 ], [ -149.726184850999971, 64.940168480000068 ], [ -149.726565501999971, 64.939856065000072 ], [ -149.730022849999983, 64.937018480000063 ], [ -149.73199505599996, 64.936369227000057 ], [ -149.733796109999957, 64.93577631800008 ], [ -149.734378846999959, 64.935584480000045 ], [ -149.736359950999969, 64.934976085000073 ], [ -149.736360515999962, 64.934975912000027 ], [ -149.738673844999965, 64.934265479000032 ], [ -149.741951325999963, 64.93426811900008 ], [ -149.742398846999976, 64.934268479000082 ], [ -149.742859, 64.934268108000083 ], [ -149.746123844999971, 64.934265478000043 ], [ -149.747085863999956, 64.934538301000032 ], [ -149.749561845999978, 64.935240477000036 ], [ -149.750692295999983, 64.935573627000053 ], [ -149.75092602999996, 64.935642510000037 ], [ -149.751482968999966, 64.935806644000081 ], [ -149.753056846999982, 64.936270476000061 ], [ -149.754524886999974, 64.937634635000052 ], [ -149.755422074999984, 64.938468336000028 ], [ -149.755769811999983, 64.938791467000044 ], [ -149.75626484999998, 64.939251475000049 ], [ -149.756487677999957, 64.93927930600006 ], [ -149.757034466999983, 64.93934759900003 ], [ -149.758583509999966, 64.939541071000065 ], [ -149.759931849999958, 64.939709476000075 ], [ -149.760446161999965, 64.93977385200003 ], [ -149.76167132599997, 64.93992720500006 ], [ -149.763598851999973, 64.940168474000075 ], [ -149.764713202999957, 64.940054731000032 ], [ -149.766066989999956, 64.939916549000031 ], [ -149.766792367999983, 64.939842509000073 ], [ -149.766978850999976, 64.939823474000036 ], [ -149.770417575999971, 64.939537499000039 ], [ -149.770417794999958, 64.939537478000034 ], [ -149.770417848999983, 64.93953747300003 ], [ -149.77094848699997, 64.938146697000036 ], [ -149.77162084699998, 64.936384474000079 ], [ -149.768869102999957, 64.933756736000078 ], [ -149.768660555999958, 64.933557588000042 ], [ -149.767781843999984, 64.932718475000058 ], [ -149.767781892999977, 64.932718303000058 ], [ -149.768477784999959, 64.930253493000066 ], [ -149.768639840999981, 64.929679474000068 ], [ -149.768639902999979, 64.929679462000081 ], [ -149.772745137999976, 64.928860100000065 ], [ -149.773509840999964, 64.928707474000078 ], [ -149.773717871999963, 64.928671205000057 ], [ -149.777051175999958, 64.928090057000077 ], [ -149.778436837999976, 64.92784847300004 ], [ -149.779551165999976, 64.927656717000048 ], [ -149.782009481999978, 64.927233685000033 ], [ -149.782971456999974, 64.927068146000067 ], [ -149.783422837999979, 64.926990471000067 ], [ -149.788578838999968, 64.927276471000027 ], [ -149.791202574999971, 64.927423605000058 ], [ -149.791429524999984, 64.92743633200007 ], [ -149.791656019999976, 64.927449033000073 ], [ -149.793678838999966, 64.927562470000055 ], [ -149.794198462999958, 64.927596553000058 ], [ -149.794457135999977, 64.927613520000079 ], [ -149.798892837999972, 64.927904469000055 ], [ -149.80228196799996, 64.92813049800003 ], [ -149.804050838999984, 64.928248468000049 ], [ -149.806178867999961, 64.928366508000067 ], [ -149.809206838999984, 64.928534467000077 ], [ -149.813731840999964, 64.929395466000074 ], [ -149.816773201999979, 64.92997243700006 ], [ -149.818199896999971, 64.930243093000058 ], [ -149.818259644999983, 64.930254428000069 ], [ -149.818259840999957, 64.930254465000075 ], [ -149.82181184099997, 64.929851466000059 ], [ -149.821996389999981, 64.929833407000046 ], [ -149.822122092999962, 64.929821106000077 ], [ -149.825306840999957, 64.929509464000034 ], [ -149.827942762999982, 64.927962512000079 ], [ -149.827942839999963, 64.927962468000032 ], [ -149.830634345999982, 64.926415746000032 ], [ -149.83063483799998, 64.926415463000069 ], [ -149.828170833999962, 64.923379465000039 ], [ -149.828170710999984, 64.92337939500004 ], [ -149.827088894999974, 64.92276465100008 ], [ -149.825247832999963, 64.921718465000083 ], [ -149.822997353999966, 64.920504402000063 ], [ -149.822270830999969, 64.920112465000045 ], [ -149.820606826999978, 64.916673466000077 ], [ -149.819632026999983, 64.91497412800004 ], [ -149.818600824999976, 64.913176467000028 ], [ -149.816520212999961, 64.912933871000064 ], [ -149.815164392999975, 64.912775784000075 ], [ -149.813214825999978, 64.912548467000079 ], [ -149.809178603999982, 64.912124617000075 ], [ -149.808002784999957, 64.912001142000065 ], [ -149.807767822999978, 64.911976468000034 ], [ -149.807076763999959, 64.911895431000062 ], [ -149.805816909999976, 64.911747695000031 ], [ -149.802387352999972, 64.911345531000052 ], [ -149.802386834999965, 64.911345471000061 ], [ -149.803989826999981, 64.908079469000029 ], [ -149.807482242999981, 64.907477586000027 ], [ -149.80863181999996, 64.90727946800007 ], [ -149.811106300999967, 64.906886986000075 ], [ -149.812418323999964, 64.906678883000041 ], [ -149.813328818999963, 64.906534468000075 ], [ -149.815672859999978, 64.906486529000063 ], [ -149.818144884999981, 64.906435973000043 ], [ -149.819000818999967, 64.906418468000084 ], [ -149.824731816999957, 64.906301466000059 ], [ -149.830403818999969, 64.906190465000066 ], [ -149.833434241999981, 64.906128598000066 ], [ -149.836134816999959, 64.906073465000077 ], [ -149.838074460999962, 64.906360468000059 ], [ -149.838933137999959, 64.906487525000045 ], [ -149.839628817999966, 64.906590463000043 ], [ -149.843181817999977, 64.907107462000056 ], [ -149.844021917999981, 64.907581690000029 ], [ -149.844457029999973, 64.907827307000048 ], [ -149.845034950999974, 64.908153539000068 ], [ -149.845817820999969, 64.908595462000051 ], [ -149.848453821999982, 64.91019846100005 ], [ -149.852043033999962, 64.910081318000039 ], [ -149.852123253999963, 64.910078700000042 ], [ -149.853723818999981, 64.91002646000004 ], [ -149.855686191999979, 64.909984488000077 ], [ -149.856831331999956, 64.909959996000055 ], [ -149.859053819999957, 64.909912461000033 ], [ -149.860181351999984, 64.909888335000062 ], [ -149.864381819999977, 64.909798459000058 ], [ -149.865202968999967, 64.90964789800006 ], [ -149.866720373999982, 64.909369678000076 ], [ -149.867817819999971, 64.909168458000067 ], [ -149.869418499999966, 64.908853082000064 ], [ -149.87131482099997, 64.908479457000055 ], [ -149.873405360999982, 64.906862025000066 ], [ -149.875460732999983, 64.905271802000073 ], [ -149.875609355999984, 64.905156814000065 ], [ -149.875609709999964, 64.905156540000064 ], [ -149.875609815999979, 64.905156458000079 ], [ -149.874628536999978, 64.90252623300006 ], [ -149.874348811999965, 64.901776458000029 ], [ -149.874157786999973, 64.901239587000077 ], [ -149.873145809999983, 64.898395458000039 ], [ -149.871139807999981, 64.895070459000067 ], [ -149.868776125999972, 64.894622274000028 ], [ -149.866614804999983, 64.894212459000073 ], [ -149.864711693999965, 64.893821958000046 ], [ -149.862145803999965, 64.893295460000047 ], [ -149.859387488999971, 64.892774166000038 ], [ -149.856986803999973, 64.892320461000054 ], [ -149.85177280299996, 64.891348462000053 ], [ -149.849477175999965, 64.890920673000039 ], [ -149.847922072999978, 64.89063088100005 ], [ -149.84655680299997, 64.890376463000052 ], [ -149.846556617999966, 64.890376403000062 ], [ -149.846547000999976, 64.890373236000073 ], [ -149.844912267999973, 64.889835086000062 ], [ -149.842203800999982, 64.888943465000068 ], [ -149.839848170999971, 64.888157341000067 ], [ -149.83886968799996, 64.887830801000064 ], [ -149.837906798999967, 64.887509465000051 ], [ -149.836116673999982, 64.886914563000062 ], [ -149.83360979699998, 64.886081466000064 ], [ -149.829587419999967, 64.884860717000038 ], [ -149.829253796999978, 64.884759466000048 ], [ -149.827653817999959, 64.883307675000083 ], [ -149.825528793999979, 64.881379467000045 ], [ -149.825033083999983, 64.880936899000062 ], [ -149.824326385999967, 64.880305960000044 ], [ -149.821806790999972, 64.878056468000068 ], [ -149.818136789999983, 64.876395469000045 ], [ -149.816356814999978, 64.875573391000046 ], [ -149.815816755999975, 64.875323966000053 ], [ -149.815277820999967, 64.875075061000075 ], [ -149.814414786999976, 64.874676471000043 ], [ -149.813666366999968, 64.87465166100003 ], [ -149.812322588999962, 64.87460711600005 ], [ -149.810975787999979, 64.874562470000058 ], [ -149.808076219999975, 64.874462101000063 ], [ -149.807595786999968, 64.874445471000058 ], [ -149.805173480999969, 64.875300989000038 ], [ -149.803825777999975, 64.875776975000065 ], [ -149.802725789999982, 64.876165473000071 ], [ -149.797853790999966, 64.877826472000038 ], [ -149.793042791999966, 64.879604473000029 ], [ -149.791870014999972, 64.879345962000059 ], [ -149.791590540999977, 64.879284359000053 ], [ -149.790184831999966, 64.878974505000031 ], [ -149.789145790999982, 64.878745474000027 ], [ -149.787857172999963, 64.878460621000045 ], [ -149.78525111899998, 64.877884546000075 ], [ -149.785250791999971, 64.877884474000041 ], [ -149.785697707999958, 64.876567808000061 ], [ -149.786403304999965, 64.874489039000082 ], [ -149.786456612999984, 64.874331965000067 ], [ -149.786456679999958, 64.874331778000055 ], [ -149.786456786999963, 64.874331475000076 ], [ -149.787526294999964, 64.873716179000041 ], [ -149.789145785999978, 64.872784474000071 ], [ -149.791836783999969, 64.871237474000054 ], [ -149.793437009999963, 64.87106005000004 ], [ -149.796995784999979, 64.870665474000077 ], [ -149.80209578299997, 64.870207472000061 ], [ -149.80539811099996, 64.869840403000069 ], [ -149.807250783999962, 64.86963447100004 ], [ -149.811788344999968, 64.869226979000075 ], [ -149.812350782999971, 64.86917647000007 ], [ -149.817506781999981, 64.868604469000047 ], [ -149.821867520999973, 64.868218911000042 ], [ -149.822720780999958, 64.868143469000074 ], [ -149.825470778999971, 64.866254468000079 ], [ -149.826466632999967, 64.865636232000043 ], [ -149.828334776999981, 64.864476469000067 ], [ -149.82650720099997, 64.863187013000072 ], [ -149.825814775999959, 64.862698468000076 ], [ -149.825520308999984, 64.862498111000036 ], [ -149.82329277499997, 64.860982469000078 ], [ -149.823293002999975, 64.860982171000046 ], [ -149.825481967999963, 64.858123571000078 ], [ -149.82599052499998, 64.857459439000081 ], [ -149.826100768999964, 64.857315469000071 ], [ -149.826667663999984, 64.856559539000045 ], [ -149.82885076599996, 64.853648469000063 ], [ -149.831656640999967, 64.849981631000048 ], [ -149.831656764999963, 64.849981469000056 ], [ -149.831697143999975, 64.849765577000028 ], [ -149.83263175899998, 64.84476846900003 ], [ -149.833302205999956, 64.841209982000066 ], [ -149.833356098999957, 64.84092393800006 ], [ -149.833603753999967, 64.839609469000038 ], [ -149.833673084999958, 64.839258846000064 ], [ -149.833826326999969, 64.838483863000079 ], [ -149.834634747999957, 64.834395469000071 ], [ -149.835012577999976, 64.832419119000065 ], [ -149.835609744999971, 64.829295469000044 ], [ -149.83641498199998, 64.824976820000074 ], [ -149.836581738999968, 64.824082469000075 ], [ -149.837556733999975, 64.818868469000051 ], [ -149.837790091999977, 64.817713456000035 ], [ -149.837939007999978, 64.816976389000047 ], [ -149.838213989999957, 64.815615360000038 ], [ -149.838586729999975, 64.813770471000055 ], [ -149.83870144499997, 64.812818506000042 ], [ -149.838869374999973, 64.811424942000031 ], [ -149.839159723999984, 64.809015470000077 ], [ -149.839731720999964, 64.804315470000063 ], [ -149.840359715999966, 64.799618470000041 ], [ -149.840683870999982, 64.799027842000044 ], [ -149.842309710999956, 64.79606547000003 ], [ -149.843044218999978, 64.794761919000052 ], [ -149.843422922999963, 64.794089821000057 ], [ -149.844311707999964, 64.79251246900003 ], [ -149.844619888999972, 64.792175193000048 ], [ -149.846511727999967, 64.790104749000079 ], [ -149.847335911999977, 64.789202755000076 ], [ -149.847923704999971, 64.788559470000052 ], [ -149.850009154999981, 64.78634260900003 ], [ -149.851589700999966, 64.784662469000068 ], [ -149.852459630999959, 64.784181238000031 ], [ -149.856459697999981, 64.781968469000049 ], [ -149.859411733999963, 64.780302377000055 ], [ -149.861142489999963, 64.779325561000064 ], [ -149.861328696999976, 64.779220468000062 ], [ -149.866197693999965, 64.776526467000053 ], [ -149.871070690999971, 64.773834467000029 ], [ -149.872304123999982, 64.773159772000042 ], [ -149.875995687999961, 64.771140466000077 ], [ -149.877643315999961, 64.770286679000037 ], [ -149.879864392999963, 64.769135735000077 ], [ -149.880237730999966, 64.76894227400004 ], [ -149.880750685999971, 64.768676465000055 ], [ -149.884764037999958, 64.766622268000049 ], [ -149.885564682999984, 64.766212465000081 ], [ -149.885704340999979, 64.766143496000041 ], [ -149.886297249999984, 64.765850694000051 ], [ -149.888229747999958, 64.764896349000082 ], [ -149.890434681999977, 64.763807464000081 ], [ -149.894640212999974, 64.763148552000075 ], [ -149.895189679999959, 64.76306246300004 ], [ -149.896681353999981, 64.762830996000048 ], [ -149.899292163999974, 64.762425870000072 ], [ -149.90000367899998, 64.762315462000061 ], [ -149.902014508999969, 64.762028738000083 ], [ -149.90481467799998, 64.76162946200003 ], [ -149.909628678999979, 64.760943461000068 ], [ -149.911971945999966, 64.760579136000047 ], [ -149.913280900999979, 64.760375623000073 ], [ -149.914439677999979, 64.760195460000034 ], [ -149.918477823999979, 64.759620019000067 ], [ -149.919253675999983, 64.759509459000071 ], [ -149.924639676999959, 64.759509458000082 ], [ -149.930078677999973, 64.759509457000036 ], [ -149.930624113999983, 64.759509255000069 ], [ -149.931969665999958, 64.75950875500007 ], [ -149.933789304999976, 64.759508080000046 ], [ -149.935467677999981, 64.759507457000041 ], [ -149.937336420999969, 64.759682683000051 ], [ -149.939457866999959, 64.759881605000032 ], [ -149.94036619299996, 64.759966776000056 ], [ -149.940970676999967, 64.760023457000045 ], [ -149.942642972999977, 64.760212311000032 ], [ -149.946584676999976, 64.760657455000057 ], [ -149.94996512299997, 64.761003527000071 ], [ -149.952142677999973, 64.761226454000052 ], [ -149.953281801999964, 64.761541046000048 ], [ -149.956498677999974, 64.762429452000049 ], [ -149.959210418999959, 64.763195127000074 ], [ -149.960964678999972, 64.763690452000048 ], [ -149.960964950999966, 64.76369032100007 ], [ -149.964059064999958, 64.762201747000063 ], [ -149.964059680999981, 64.762201453000046 ], [ -149.966448936999967, 64.761069777000046 ], [ -149.967209233999967, 64.760709661000078 ], [ -149.967209677999961, 64.760709451000082 ], [ -149.967209655999966, 64.760709410000061 ], [ -149.966235367999957, 64.758905968000079 ], [ -149.96451767299996, 64.755726452000033 ], [ -149.962906641999979, 64.752839490000042 ], [ -149.961767668999983, 64.750798453000073 ], [ -149.961744968999966, 64.750153981000039 ], [ -149.961739863999981, 64.750009036000051 ], [ -149.961650663999961, 64.747476453000047 ], [ -149.961605080999959, 64.746148176000077 ], [ -149.961536660999968, 64.744154453000078 ], [ -149.961537033999974, 64.74415422800007 ], [ -149.962119720999965, 64.743801950000034 ], [ -149.962523790999967, 64.743557659000032 ], [ -149.964859659999973, 64.742145453000035 ], [ -149.968178657999971, 64.740084452000076 ], [ -149.970983484999977, 64.738422115000049 ], [ -149.971295994999963, 64.738236900000061 ], [ -149.971561655999977, 64.738079451000033 ], [ -149.972938994999964, 64.737897443000065 ], [ -149.976775653999965, 64.737390451000067 ], [ -149.97778384199998, 64.737247981000053 ], [ -149.977981014999983, 64.737220118000039 ], [ -149.978907885999973, 64.737089139000034 ], [ -149.982047653999956, 64.736645450000083 ], [ -149.986136469999963, 64.736113508000074 ], [ -149.987320652999983, 64.735959449000063 ], [ -149.987320921999981, 64.735959507000075 ], [ -149.989323609999957, 64.736393734000046 ], [ -149.990756652999977, 64.736704449000058 ], [ -149.992533652999981, 64.737088887000027 ], [ -149.994195386999962, 64.737448390000054 ], [ -149.99419565499997, 64.737448448000066 ], [ -149.995894680999982, 64.738997650000044 ], [ -149.996403068999967, 64.73946120800008 ], [ -149.997461656999974, 64.740426447000061 ], [ -149.999708965999957, 64.742514081000081 ], [ -150.000670659999969, 64.743407445000059 ], [ -150.003021641999965, 64.744078735000073 ], [ -150.003298675999957, 64.744157838000035 ], [ -150.003878660999959, 64.744323445000077 ], [ -150.005627849999968, 64.74467835300004 ], [ -150.007259660999978, 64.745009445000051 ], [ -150.009229845999982, 64.745411059000048 ], [ -150.010639662999978, 64.745698444000084 ], [ -150.01064012599997, 64.745698367000045 ], [ -150.011338477999971, 64.745582212000045 ], [ -150.013311300999959, 64.745254077000084 ], [ -150.014078661999974, 64.74512644400005 ], [ -150.016692742999965, 64.74469625100005 ], [ -150.017572660999974, 64.744551444000081 ], [ -150.01757283699996, 64.74455124900004 ], [ -150.018604498999963, 64.743408086000045 ], [ -150.019428860999966, 64.742494627000042 ], [ -150.02020965799997, 64.741629443000079 ], [ -150.020209300999966, 64.741629276000083 ], [ -150.020209191999982, 64.741629225000054 ], [ -150.016539655999964, 64.739912444000083 ], [ -150.016214425999976, 64.739764862000072 ], [ -150.012872654999967, 64.738248445000067 ], [ -150.009559060999976, 64.736672468000052 ], [ -150.009265072999966, 64.736532644000079 ], [ -150.009264653999963, 64.73653244500008 ], [ -150.007226564999968, 64.736596224000039 ], [ -150.006354368999979, 64.736623518000044 ], [ -150.005653653999957, 64.736645446000068 ], [ -150.003648402999971, 64.736709786000063 ], [ -150.002100697999964, 64.736759446000065 ], [ -150.002100653999975, 64.736759447000054 ], [ -149.998034652999962, 64.735040448000063 ], [ -149.998034245999975, 64.735040273000038 ], [ -149.997978906999975, 64.735016137000059 ], [ -149.99791096499996, 64.734986504000062 ], [ -149.993964649999981, 64.733265448000054 ], [ -149.992072647999976, 64.730229449000035 ], [ -149.993964643999959, 64.727076449000037 ], [ -149.993964789999978, 64.727076384000043 ], [ -149.994019643999962, 64.727049493000038 ], [ -149.994057159999983, 64.727031102000069 ], [ -149.996426943999978, 64.725869530000068 ], [ -149.997114643999964, 64.725532447000035 ], [ -150.000153686999965, 64.724066433000075 ], [ -150.000323641999984, 64.723984448000067 ], [ -150.003447283999975, 64.723275685000033 ], [ -150.004620640999974, 64.723009447000038 ], [ -150.00823164199997, 64.725070446000075 ], [ -150.011842643999984, 64.727134445000047 ], [ -150.015509646999959, 64.729198446000055 ], [ -150.017152077999981, 64.729674773000056 ], [ -150.019064646999965, 64.730229444000031 ], [ -150.019638188999977, 64.730395852000072 ], [ -150.021141360999962, 64.73083198300003 ], [ -150.02210752199997, 64.731112305000067 ], [ -150.022614647999973, 64.731259443000056 ], [ -150.02418278899998, 64.731023948000029 ], [ -150.026050647999966, 64.730743442000062 ], [ -150.026801584999959, 64.730643215000043 ], [ -150.027937719999983, 64.730491577000066 ], [ -150.029489646999963, 64.730284442000084 ], [ -150.030105176999967, 64.72805254900004 ], [ -150.030406643999981, 64.726959442000066 ], [ -150.031320639999961, 64.723695442000064 ], [ -150.031062963999972, 64.723625811000034 ], [ -150.028549784999967, 64.722946686000057 ], [ -150.026450639999979, 64.722379443000079 ], [ -150.023102315999978, 64.721502370000053 ], [ -150.021636637999961, 64.721118444000069 ], [ -150.018245903999969, 64.720231117000083 ], [ -150.016825637999972, 64.719859446000044 ], [ -150.016823254999963, 64.719858051000074 ], [ -150.016012647999958, 64.719383655000058 ], [ -150.013100633999983, 64.717679446000034 ], [ -150.010214177999984, 64.716036686000052 ], [ -150.00937563399998, 64.715559447000032 ], [ -150.005709631999963, 64.713440448000028 ], [ -150.00588871399998, 64.713267353000049 ], [ -150.007907524999979, 64.71131603300006 ], [ -150.009089628999959, 64.710173448000035 ], [ -150.010407154999967, 64.708879678000073 ], [ -150.012472625999976, 64.706851447000076 ], [ -150.013924378999974, 64.705762130000039 ], [ -150.016822622999968, 64.703587446000029 ], [ -150.020871846999967, 64.700602581000055 ], [ -150.021178618999983, 64.700376446000064 ], [ -150.021178646999971, 64.700376395000035 ], [ -150.02174588699998, 64.69898128300008 ], [ -150.022436617999972, 64.697282446000031 ], [ -150.020948025999957, 64.696835511000074 ], [ -150.019871587999972, 64.696512322000046 ], [ -150.019083927999958, 64.696275835000051 ], [ -150.017853614999979, 64.695906447000027 ], [ -150.015387728999968, 64.695167165000043 ], [ -150.014902293999967, 64.695021630000042 ], [ -150.013270613999964, 64.694532447000029 ], [ -150.008742613999971, 64.693215448000046 ], [ -150.00421761399997, 64.692701449000083 ], [ -150.002316920999959, 64.69250932500006 ], [ -149.999686612999966, 64.692243450000035 ], [ -149.997280592999971, 64.691999231000068 ], [ -149.996863480999963, 64.691956893000054 ], [ -149.995921579999958, 64.691861286000062 ], [ -149.995164611999968, 64.691784451000046 ], [ -149.995164512999963, 64.691784390000066 ], [ -149.993941722999978, 64.691030947000058 ], [ -149.991725608999957, 64.689665452000042 ], [ -149.989242518999959, 64.688149152000051 ], [ -149.988345606999957, 64.68760145300007 ], [ -149.990034182999977, 64.686677982000049 ], [ -149.992642605999976, 64.685251452000045 ], [ -149.994423249999983, 64.684276948000047 ], [ -149.996936602999966, 64.682901452000067 ], [ -149.996936927999968, 64.68290141600005 ], [ -149.998772335999973, 64.682698316000028 ], [ -150.001581602999977, 64.682387450000078 ], [ -150.002078680999972, 64.682338980000054 ], [ -150.003012680999973, 64.682247907000033 ], [ -150.006278601999981, 64.681929450000041 ], [ -150.008225071999959, 64.681746320000059 ], [ -150.008997309999984, 64.681673666000052 ], [ -150.00994560099997, 64.68158444900007 ], [ -150.013670600999973, 64.681295448000071 ], [ -150.016134600999976, 64.679695448000075 ], [ -150.018283603999976, 64.678375674000051 ], [ -150.018653594999961, 64.678148443000055 ], [ -150.023064596999973, 64.676084447000051 ], [ -150.027478593999973, 64.674020446000043 ], [ -150.030984673999967, 64.672426773000041 ], [ -150.031461103999959, 64.672210214000074 ], [ -150.03188959299996, 64.672015446000046 ], [ -150.032935178999963, 64.671552229000042 ], [ -150.033270840999961, 64.671403523000038 ], [ -150.036417589999957, 64.670009445000062 ], [ -150.038073637999958, 64.669585654000059 ], [ -150.038074567999956, 64.669585416000075 ], [ -150.038282543999969, 64.669532188000062 ], [ -150.041114589999978, 64.668807444000038 ], [ -150.044439341999976, 64.668004917000076 ], [ -150.045870587999957, 64.667659444000037 ], [ -150.048298217999957, 64.667068169000061 ], [ -150.048782306999982, 64.666950264000036 ], [ -150.050567312999959, 64.666515508000032 ], [ -150.050567585999971, 64.666515442000048 ], [ -150.053545585999984, 64.665026443000045 ], [ -150.05391364099998, 64.664845942000056 ], [ -150.056467582999971, 64.663593442000035 ], [ -150.057966034999964, 64.662627992000068 ], [ -150.059045582999971, 64.661932442000079 ], [ -150.059781391999962, 64.661500336000074 ], [ -150.061167299999966, 64.660686456000064 ], [ -150.061556632999981, 64.660457818000054 ], [ -150.061681439999973, 64.660384524000051 ], [ -150.061681580999959, 64.660384441000076 ], [ -150.063498697999961, 64.660114381000028 ], [ -150.065098610999968, 64.659876602000054 ], [ -150.065920581999961, 64.659754441000075 ], [ -150.070161578999972, 64.659182440000052 ], [ -150.073695030999971, 64.659462928000039 ], [ -150.075200578999983, 64.659582439000076 ], [ -150.078534968999975, 64.659851115000038 ], [ -150.079410647999964, 64.659921674000032 ], [ -150.080189580999956, 64.659984438000038 ], [ -150.083031452999961, 64.660238685000081 ], [ -150.083130253999968, 64.660247524000056 ], [ -150.085286230999969, 64.660440407000067 ], [ -150.085286580999963, 64.66044043800008 ], [ -150.085286894999967, 64.66044026000003 ], [ -150.088325577999967, 64.658720437000056 ], [ -150.091361568999957, 64.657059442000048 ], [ -150.091361131999975, 64.657059140000058 ], [ -150.086720573999969, 64.653851438000061 ], [ -150.082081572999982, 64.650762439000061 ], [ -150.082018040999969, 64.64914269500008 ], [ -150.081992441999972, 64.648490032000041 ], [ -150.081964569999968, 64.647779439000033 ], [ -150.081995181999957, 64.647202112000059 ], [ -150.082007127999958, 64.646976825000081 ], [ -150.082134565999979, 64.644573439000055 ], [ -150.080440000999971, 64.643998727000053 ], [ -150.078581563999961, 64.643368440000074 ], [ -150.076286926999984, 64.642591505000041 ], [ -150.075028563999979, 64.642165440000042 ], [ -150.072856100999957, 64.641920369000047 ], [ -150.070445563999982, 64.641648441000029 ], [ -150.068922331999971, 64.641458370000066 ], [ -150.067453459999967, 64.64127508200005 ], [ -150.066066956999975, 64.641102072000081 ], [ -150.065861561999981, 64.641076442000042 ], [ -150.065674043999962, 64.641055553000058 ], [ -150.064718261999957, 64.640949080000041 ], [ -150.062287905999966, 64.640678343000047 ], [ -150.06122056199996, 64.640559443000029 ], [ -150.058015156999971, 64.640159205000032 ], [ -150.056639561999958, 64.639987444000042 ], [ -150.054935579999977, 64.639792886000066 ], [ -150.052111562999983, 64.639470445000029 ], [ -150.050157897999981, 64.638872115000083 ], [ -150.047814560999967, 64.638154444000065 ], [ -150.044317019999966, 64.637082475000057 ], [ -150.043517557999962, 64.636837446000072 ], [ -150.042959164999957, 64.636668364000059 ], [ -150.039161758999967, 64.635518507000029 ], [ -150.039161557999961, 64.635518446000049 ], [ -150.03916232399996, 64.635518174000083 ], [ -150.040789088999958, 64.634939670000051 ], [ -150.04351455799997, 64.633970447000081 ], [ -150.044736607999965, 64.633548333000078 ], [ -150.046571684999975, 64.632914471000049 ], [ -150.047785020999981, 64.632495368000036 ], [ -150.047984516999975, 64.632426459000044 ], [ -150.047984553999981, 64.632426446000068 ], [ -150.05291155599997, 64.633398445000068 ], [ -150.055332122999971, 64.633853946000045 ], [ -150.056754160999958, 64.634121545000028 ], [ -150.057784555999973, 64.634315444000038 ], [ -150.059792160999962, 64.634711665000054 ], [ -150.060141293999976, 64.634780570000032 ], [ -150.062709558999984, 64.635287443000038 ], [ -150.066664558999975, 64.636606441000083 ], [ -150.07061755899997, 64.637923441000055 ], [ -150.072549590999984, 64.638191591000066 ], [ -150.074342558999973, 64.638440440000068 ], [ -150.075178008999984, 64.638580344000047 ], [ -150.07684541499998, 64.638859568000044 ], [ -150.077526584999958, 64.638973637000049 ], [ -150.078122531999981, 64.639073435000057 ], [ -150.078122561999976, 64.639073440000061 ], [ -150.080817400999962, 64.636034618000053 ], [ -150.080817558999968, 64.63603444000006 ], [ -150.078850847999973, 64.633767056000067 ], [ -150.078181554999958, 64.632995441000048 ], [ -150.073425552999964, 64.63190644000008 ], [ -150.068670550999968, 64.630876445000069 ], [ -150.06867025699998, 64.630876381000064 ], [ -150.063911551999979, 64.629845443000079 ], [ -150.062732800999981, 64.629014067000071 ], [ -150.061440726999962, 64.628102764000062 ], [ -150.059442548999982, 64.626693444000068 ], [ -150.059442781999962, 64.626693267000064 ], [ -150.059442867999962, 64.62669320200007 ], [ -150.062424810999971, 64.624428117000036 ], [ -150.063739195999972, 64.623429710000039 ], [ -150.063739545999965, 64.623429444000067 ], [ -150.06470652699997, 64.623374561000048 ], [ -150.066432317999983, 64.623276610000062 ], [ -150.067809545999978, 64.623198443000035 ], [ -150.071875546999962, 64.622970441000064 ], [ -150.074997783999976, 64.623769601000049 ], [ -150.076575546999976, 64.624173441000039 ], [ -150.08133154799998, 64.625320440000053 ], [ -150.085357838999983, 64.626336539000079 ], [ -150.086086546999979, 64.626520440000036 ], [ -150.086086832999968, 64.62652046900007 ], [ -150.086531599999972, 64.626565114000073 ], [ -150.08864678599997, 64.62677743100005 ], [ -150.089107856999959, 64.626823713000078 ], [ -150.089523548999978, 64.626865439000028 ], [ -150.089906239999976, 64.626915560000043 ], [ -150.090702295999961, 64.627019818000065 ], [ -150.092555786999981, 64.627262570000028 ], [ -150.093020550999967, 64.627323440000055 ], [ -150.09381001099996, 64.626903919000029 ], [ -150.095711546999979, 64.625893438000048 ], [ -150.096534610999981, 64.625464248000071 ], [ -150.097622413999972, 64.624897008000062 ], [ -150.098461546999971, 64.624459438000031 ], [ -150.09765197599998, 64.623429661000046 ], [ -150.095939541999968, 64.621251437000069 ], [ -150.097600538999984, 64.616437438000048 ], [ -150.098779909999962, 64.612944845000072 ], [ -150.099104737999966, 64.611982898000065 ], [ -150.099147317999979, 64.611856795000051 ], [ -150.099206361999961, 64.611681932000067 ], [ -150.099206534999979, 64.611681438000062 ], [ -150.099728103999979, 64.611656574000051 ], [ -150.102814535999983, 64.611509438000041 ], [ -150.104628450999968, 64.611423037000066 ], [ -150.106425534999971, 64.611337437000032 ], [ -150.111064530999982, 64.608301436000033 ], [ -150.11015447699998, 64.607769966000035 ], [ -150.108314528999983, 64.606695438000031 ], [ -150.107110242999966, 64.606057269000075 ], [ -150.105506528999967, 64.605207438000036 ], [ -150.105506854999959, 64.605207206000046 ], [ -150.110089496999962, 64.601943457000061 ], [ -150.110089525999967, 64.601943437000045 ], [ -150.110228771999971, 64.601958583000055 ], [ -150.113390454999973, 64.602302491000046 ], [ -150.114272525999979, 64.602398436000044 ], [ -150.114478520999967, 64.602424254000027 ], [ -150.115532986999966, 64.602556414000048 ], [ -150.117012057999972, 64.602741790000039 ], [ -150.118397525999967, 64.602915435000057 ], [ -150.120864712999975, 64.603234304000068 ], [ -150.123728526999969, 64.603604435000079 ], [ -150.127332378999967, 64.604102256000033 ], [ -150.129114526999956, 64.60434843400003 ], [ -150.134500527999961, 64.605148433000068 ], [ -150.135471649999971, 64.605162725000071 ], [ -150.138509527999958, 64.605207432000043 ], [ -150.140275839999958, 64.605231652000043 ], [ -150.142121204999967, 64.605256955000073 ], [ -150.142520230999963, 64.605262427000071 ], [ -150.142520527999977, 64.605262431000028 ], [ -150.142494181999979, 64.603855852000038 ], [ -150.142461525999977, 64.602112432000069 ], [ -150.14242811699998, 64.600233118000062 ], [ -150.142424544999983, 64.600032216000045 ], [ -150.142406522999977, 64.599018515000068 ], [ -150.142406521999959, 64.599018432000037 ], [ -150.142406340999969, 64.599018342000079 ], [ -150.138281521999971, 64.596957433000057 ], [ -150.135629449999982, 64.595555691000072 ], [ -150.134270518999983, 64.594837432000077 ], [ -150.130200516999963, 64.592773434000037 ], [ -150.126534513999957, 64.59111243500007 ], [ -150.126334075999978, 64.591017044000068 ], [ -150.125515590999981, 64.59062751600004 ], [ -150.122922512999963, 64.58939343600008 ], [ -150.122922160999963, 64.589393176000044 ], [ -150.118339510999959, 64.586012437000079 ], [ -150.113811574999971, 64.582632489000048 ], [ -150.11381150699998, 64.582632438000076 ], [ -150.113812265999968, 64.582632223000076 ], [ -150.118053505999967, 64.581429437000054 ], [ -150.121126946999965, 64.580568992000053 ], [ -150.122350505999975, 64.580226443000072 ], [ -150.123610237999969, 64.580284650000067 ], [ -150.126072503999978, 64.580398435000063 ], [ -150.129506236999958, 64.580505096000081 ], [ -150.129742504999967, 64.58051243500006 ], [ -150.129742568999973, 64.580512466000073 ], [ -150.130296981999976, 64.580781083000034 ], [ -150.130371471999979, 64.58081717400006 ], [ -150.133292506999965, 64.582232434000048 ], [ -150.134954738999966, 64.583063081000034 ], [ -150.136842507999972, 64.584006434000059 ], [ -150.140056510999983, 64.587387432000071 ], [ -150.14355051299998, 64.589220431000058 ], [ -150.145757737999958, 64.590415300000075 ], [ -150.147045513999984, 64.591112431000056 ], [ -150.14833679299997, 64.591811656000061 ], [ -150.15053951699997, 64.593004430000065 ], [ -150.150539896999959, 64.593004384000039 ], [ -150.154365586999972, 64.592538122000065 ], [ -150.154781514999968, 64.592487430000062 ], [ -150.155086074999957, 64.592454968000084 ], [ -150.155215959999964, 64.592441124000061 ], [ -150.159078514999976, 64.592029429000036 ], [ -150.162531616999956, 64.591608280000059 ], [ -150.162749155999961, 64.591581748000067 ], [ -150.162809575999972, 64.591574379000065 ], [ -150.163317513999971, 64.591512429000034 ], [ -150.165336490999977, 64.591323076000037 ], [ -150.167614514999968, 64.591109427000049 ], [ -150.168975414999977, 64.590661755000042 ], [ -150.169252119999982, 64.59057073200006 ], [ -150.171132682999968, 64.589952115000074 ], [ -150.172484512999972, 64.589507427000058 ], [ -150.17741450799997, 64.587901422000073 ], [ -150.177414660999972, 64.587901373000079 ], [ -150.182339509999963, 64.586354426000071 ], [ -150.187267507999962, 64.584807424000076 ], [ -150.191445506999969, 64.582976424000037 ], [ -150.193595974999965, 64.582105393000063 ], [ -150.195689504999962, 64.581257424000057 ], [ -150.196569048999976, 64.580876267000065 ], [ -150.197910642999972, 64.580294878000075 ], [ -150.199928501999977, 64.579420423000045 ], [ -150.201564656999977, 64.578749220000077 ], [ -150.203082900999959, 64.578126388000044 ], [ -150.203447026999982, 64.577977012000076 ], [ -150.204111499999982, 64.577704423000057 ], [ -150.207174289999983, 64.576437405000036 ], [ -150.208409499999959, 64.575926422000066 ], [ -150.21163690299997, 64.573233473000073 ], [ -150.211845195999956, 64.573059686000079 ], [ -150.211845418999957, 64.573059490000048 ], [ -150.211845496999956, 64.573059422000028 ], [ -150.211159604999978, 64.571196903000043 ], [ -150.210411514999976, 64.569165485000042 ], [ -150.210411491999963, 64.569165422000083 ], [ -150.208287487999968, 64.56853447900005 ], [ -150.207079653999983, 64.568175687000064 ], [ -150.206745491999982, 64.568076423000036 ], [ -150.206133851999965, 64.567904457000054 ], [ -150.203078490999957, 64.567045424000071 ], [ -150.198209490999972, 64.566759425000043 ], [ -150.194866671999961, 64.566563232000078 ], [ -150.193336490999968, 64.566473425000083 ], [ -150.191444650999983, 64.566383768000037 ], [ -150.188525489999961, 64.56624542600008 ], [ -150.184914489999983, 64.565787426000043 ], [ -150.182041947999977, 64.565461608000078 ], [ -150.181361747999972, 64.565384456000061 ], [ -150.181361489999972, 64.565384427000083 ], [ -150.181361455999962, 64.565384354000059 ], [ -150.180907485999967, 64.564402501000075 ], [ -150.179586485999977, 64.561545428000045 ], [ -150.178551963999979, 64.559235663000038 ], [ -150.177867481999982, 64.557707427000082 ], [ -150.177867612999961, 64.557707379000078 ], [ -150.181475480999978, 64.556390428000043 ], [ -150.18235943199997, 64.556062771000029 ], [ -150.182536923999976, 64.555996980000032 ], [ -150.183804443999975, 64.555527144000052 ], [ -150.185028479999971, 64.555073427000082 ], [ -150.18595548899998, 64.555084610000051 ], [ -150.186732818999957, 64.555093988000067 ], [ -150.189670480999979, 64.555129427000054 ], [ -150.19007644399997, 64.55513456500006 ], [ -150.193549068999971, 64.555178511000065 ], [ -150.194008572999962, 64.555184326000074 ], [ -150.194253480999976, 64.555187426000032 ], [ -150.196161383999964, 64.555234884000072 ], [ -150.197723146999977, 64.555273732000046 ], [ -150.198836480999972, 64.555301425000039 ], [ -150.199283101999981, 64.555307922000054 ], [ -150.202049211999963, 64.555348158000072 ], [ -150.202617481999965, 64.555356424000081 ], [ -150.206341841999972, 64.555473403000065 ], [ -150.206342468999964, 64.55547342300008 ], [ -150.206395928999967, 64.555305132000058 ], [ -150.206478210999961, 64.555046108000056 ], [ -150.207489475999978, 64.551862421000067 ], [ -150.207438942999971, 64.551843398000074 ], [ -150.206017686999957, 64.551308316000075 ], [ -150.203534476999977, 64.550373425000032 ], [ -150.201081774999977, 64.54949715500004 ], [ -150.199523474999978, 64.548940425000069 ], [ -150.199523363999958, 64.548940400000049 ], [ -150.199384961999982, 64.548908957000037 ], [ -150.199167803999984, 64.548859621000076 ], [ -150.195742474999975, 64.548081426000067 ], [ -150.194686779999984, 64.547850538000034 ], [ -150.193539064999982, 64.547599524000077 ], [ -150.192898128999957, 64.547459347000029 ], [ -150.19207547299996, 64.547279427000035 ], [ -150.189725469999956, 64.543268427000044 ], [ -150.189493780999982, 64.542358432000071 ], [ -150.189354578999968, 64.541811696000082 ], [ -150.188923514999971, 64.540118621000033 ], [ -150.188923465999977, 64.540118428000028 ], [ -150.188923044999967, 64.540118413000073 ], [ -150.188246092999975, 64.540093804000037 ], [ -150.186554556999965, 64.54003231300004 ], [ -150.18416446599997, 64.539945429000056 ], [ -150.180190107999977, 64.539804116000028 ], [ -150.179411466999966, 64.539776430000074 ], [ -150.178909622999981, 64.539763930000049 ], [ -150.17844042699997, 64.539752243000066 ], [ -150.177456179999979, 64.539727726000081 ], [ -150.174714466999973, 64.539659430000029 ], [ -150.17272421399997, 64.539683823000075 ], [ -150.169900466999962, 64.53971843100004 ], [ -150.165145466999974, 64.539776433000043 ], [ -150.162196613999981, 64.539811155000052 ], [ -150.16038946599997, 64.539832433000072 ], [ -150.157605076999971, 64.539428827000052 ], [ -150.156436467999981, 64.539259433000041 ], [ -150.156239767999978, 64.539228076000029 ], [ -150.154468600999962, 64.53894573000008 ], [ -150.152484465999976, 64.53862943300004 ], [ -150.152043735999968, 64.538386047000074 ], [ -150.152043315999975, 64.538385815000083 ], [ -150.148645464999959, 64.536509435000028 ], [ -150.144920461999959, 64.534445436000055 ], [ -150.142375967999982, 64.533020547000035 ], [ -150.141136458999966, 64.532326436000062 ], [ -150.141640333999959, 64.531509778000043 ], [ -150.142268511999958, 64.530491656000038 ], [ -150.143256457999968, 64.52889043600004 ], [ -150.147054517999976, 64.528173077000076 ], [ -150.147211453999972, 64.52814343600005 ], [ -150.147211993999974, 64.528143347000082 ], [ -150.147273045999981, 64.528132732000074 ], [ -150.148741480999973, 64.527877529000079 ], [ -150.150019456999956, 64.52765542700007 ], [ -150.151164454999957, 64.527456435000033 ], [ -150.154105253999973, 64.528261411000074 ], [ -150.154843386999971, 64.528463457000043 ], [ -150.155347454999969, 64.528601434000052 ], [ -150.156408698999968, 64.52890678600005 ], [ -150.159528456999965, 64.529804434000027 ], [ -150.162117781999967, 64.530386778000036 ], [ -150.164628457999981, 64.530951433000041 ], [ -150.169725459999967, 64.532040432000031 ], [ -150.172086330999974, 64.532537409000042 ], [ -150.17437922199997, 64.533020076000071 ], [ -150.17488381299998, 64.533126295000045 ], [ -150.174884082999966, 64.533126352000068 ], [ -150.174884459999959, 64.533126431000028 ], [ -150.178950671999957, 64.530501850000064 ], [ -150.179411457999976, 64.530204430000083 ], [ -150.179411444999971, 64.530204394000066 ], [ -150.17815045499998, 64.526882431000047 ], [ -150.176947451999979, 64.523615431000053 ], [ -150.177054271999964, 64.521384729000033 ], [ -150.177092543999976, 64.520585513000071 ], [ -150.177117447999962, 64.520065431000035 ], [ -150.17780636699996, 64.516970783000033 ], [ -150.177806444999959, 64.516970431000061 ], [ -150.180971437999972, 64.515999588000057 ], [ -150.182106442999981, 64.515651431000038 ], [ -150.182507768999983, 64.515538996000032 ], [ -150.18349759299997, 64.515261688000066 ], [ -150.186400441999979, 64.514448430000073 ], [ -150.190409443999982, 64.516398429000049 ], [ -150.192547562999977, 64.517436303000068 ], [ -150.194420445999981, 64.518345428000032 ], [ -150.198431446999962, 64.520348428000034 ], [ -150.201984447999962, 64.521323427000027 ], [ -150.205536449999983, 64.522298425000031 ], [ -150.205805068999979, 64.522281839000073 ], [ -150.206781779999972, 64.52222153200006 ], [ -150.209261449999957, 64.522068426000033 ], [ -150.21298644999996, 64.52184042500005 ], [ -150.212986768999968, 64.521840257000065 ], [ -150.216364446999961, 64.520062424000059 ], [ -150.216962729999977, 64.519738066000059 ], [ -150.217137498999961, 64.519643315000053 ], [ -150.21936039299996, 64.518438180000032 ], [ -150.21974463799998, 64.518229863000045 ], [ -150.21974544699998, 64.518229424000083 ], [ -150.219745017999969, 64.518229212000051 ], [ -150.21974463799998, 64.518229025000039 ], [ -150.216342252999965, 64.516550792000032 ], [ -150.216123863999968, 64.516443071000083 ], [ -150.215447443999977, 64.516109425000082 ], [ -150.215267879999971, 64.516020876000027 ], [ -150.21498869499996, 64.515883200000076 ], [ -150.212766725999984, 64.514787471000034 ], [ -150.211150441999962, 64.513990426000078 ], [ -150.209002995999981, 64.512916450000034 ], [ -150.208598562999981, 64.512714186000039 ], [ -150.207714424999978, 64.512272014000075 ], [ -150.206911438999981, 64.511870427000076 ], [ -150.202670438999974, 64.509751428000072 ], [ -150.199920434999967, 64.506026427000052 ], [ -150.20169543199998, 64.502704428000072 ], [ -150.203528428999959, 64.499493428000051 ], [ -150.204742287999977, 64.499587017000067 ], [ -150.206152723999963, 64.499695762000044 ], [ -150.208742427999965, 64.49989542700007 ], [ -150.209307282999958, 64.499937818000035 ], [ -150.21407242799998, 64.500295426000037 ], [ -150.216985727999969, 64.500549165000052 ], [ -150.218306284999983, 64.500664181000047 ], [ -150.219342428999965, 64.500754425000082 ], [ -150.221237113999962, 64.501417523000043 ], [ -150.221626763999978, 64.501553892000061 ], [ -150.223030568999974, 64.502045192000082 ], [ -150.22392843199998, 64.502359424000076 ], [ -150.225716123999973, 64.502962082000067 ], [ -150.228511432999966, 64.503904423000051 ], [ -150.230326214999963, 64.504548118000059 ], [ -150.231876338999967, 64.505097941000031 ], [ -150.232712875999965, 64.505394658000057 ], [ -150.233036432999967, 64.505509422000046 ], [ -150.234449963999964, 64.506003726000074 ], [ -150.237620434999968, 64.507112422000034 ], [ -150.239428871999962, 64.50772246300005 ], [ -150.242206435999975, 64.508659420000072 ], [ -150.245681125999965, 64.508572989000072 ], [ -150.246789433999965, 64.508545420000075 ], [ -150.248751995999982, 64.508497041000055 ], [ -150.250006411999976, 64.508466118000058 ], [ -150.251373435999966, 64.50843241900003 ], [ -150.25343134299996, 64.507244556000046 ], [ -150.254753434999969, 64.506481419000067 ], [ -150.256895306999979, 64.50530451000003 ], [ -150.25777661799998, 64.50482025000008 ], [ -150.258189432999984, 64.50459341800007 ], [ -150.261164323999964, 64.502928674000032 ], [ -150.261570430999967, 64.502701418000072 ], [ -150.263289421999957, 64.497257417000071 ], [ -150.264639285999976, 64.49328597300007 ], [ -150.265120421999967, 64.491870418000076 ], [ -150.265120416999963, 64.491870391000077 ], [ -150.265087475999962, 64.491708091000078 ], [ -150.264434416999961, 64.488490417000037 ], [ -150.261109415999982, 64.486945419000051 ], [ -150.257845414999963, 64.485398420000081 ], [ -150.255489680999972, 64.485800900000072 ], [ -150.253145416999956, 64.486201420000043 ], [ -150.250411790999976, 64.486740014000077 ], [ -150.248506415999969, 64.487115421000055 ], [ -150.245559123999982, 64.487662087000047 ], [ -150.24386441599998, 64.487976422000031 ], [ -150.243656863999973, 64.488014785000075 ], [ -150.243482515999972, 64.488047010000059 ], [ -150.242369220999961, 64.488252785000043 ], [ -150.239222417999969, 64.488834423000071 ], [ -150.23731615899996, 64.489188302000059 ], [ -150.234584418999958, 64.489695423000057 ], [ -150.231066127999981, 64.488710302000072 ], [ -150.230463943999979, 64.48854169100008 ], [ -150.229884418999973, 64.488379424000073 ], [ -150.225128417999969, 64.487001425000074 ], [ -150.220431415999968, 64.48562942600006 ], [ -150.219787177999962, 64.485417411000071 ], [ -150.218940033999957, 64.485138620000043 ], [ -150.218038277999966, 64.484841857000049 ], [ -150.216420414999959, 64.484309427000028 ], [ -150.213472225999965, 64.483398171000033 ], [ -150.213471335999969, 64.483397896000042 ], [ -150.212350413999957, 64.483051428000067 ], [ -150.208911409999956, 64.479843427000048 ], [ -150.210975406999978, 64.476290428000027 ], [ -150.210975567999981, 64.476290424000069 ], [ -150.213336536999975, 64.476233007000076 ], [ -150.213743293999983, 64.476223115000039 ], [ -150.215786407999957, 64.476173428000038 ], [ -150.219937970999979, 64.476077389000068 ], [ -150.220714405999956, 64.476059427000052 ], [ -150.221406813999977, 64.476043409000056 ], [ -150.225642405999963, 64.475945425000077 ], [ -150.226946443999964, 64.476208995000036 ], [ -150.228189949999972, 64.476460330000066 ], [ -150.229723570999965, 64.47677030400007 ], [ -150.230456407999981, 64.476918424000075 ], [ -150.235267406999981, 64.477893424000058 ], [ -150.238888100999958, 64.478658881000058 ], [ -150.23919384499996, 64.478723519000027 ], [ -150.240139407999976, 64.478923423000083 ], [ -150.241857074999984, 64.479271526000048 ], [ -150.244950408999983, 64.479898422000076 ], [ -150.249822029999962, 64.480870345000028 ], [ -150.249822411999958, 64.480870421000077 ], [ -150.253773407999972, 64.478120421000028 ], [ -150.25784240699997, 64.475484420000043 ], [ -150.260337427999957, 64.473773796000046 ], [ -150.261853402999975, 64.472734420000052 ], [ -150.262181548999962, 64.472517538000034 ], [ -150.262945014999957, 64.47201294100006 ], [ -150.26592040099996, 64.470046419000028 ], [ -150.268892148999981, 64.469731160000038 ], [ -150.269555896999975, 64.469660746000045 ], [ -150.270275399999974, 64.469584418000068 ], [ -150.272073649999982, 64.469373962000077 ], [ -150.272242766999966, 64.469354170000031 ], [ -150.274684212999972, 64.469068440000058 ], [ -150.274684298999972, 64.46906843000005 ], [ -150.274684397999977, 64.469068418000063 ], [ -150.277381401999975, 64.47262041700003 ], [ -150.278455286999957, 64.47400063200007 ], [ -150.278979258999982, 64.474674070000049 ], [ -150.279312303999973, 64.475102117000063 ], [ -150.280189405999977, 64.476229416000081 ], [ -150.280908260999979, 64.477720097000031 ], [ -150.281736407999972, 64.479437416000053 ], [ -150.282395869999959, 64.480757160000053 ], [ -150.28316673499998, 64.482299849000071 ], [ -150.283339415999961, 64.482645426000033 ], [ -150.283535366999956, 64.482668989000047 ], [ -150.286664411999965, 64.48304541400006 ], [ -150.287889455999959, 64.483211725000046 ], [ -150.288697088999982, 64.483321368000077 ], [ -150.290045411999984, 64.483504414000038 ], [ -150.293825412999979, 64.483276414000045 ], [ -150.294179926999959, 64.483255082000028 ], [ -150.294214255999975, 64.483253016000049 ], [ -150.297664410999971, 64.483045412000081 ], [ -150.300817281999969, 64.48012353200005 ], [ -150.300817343999967, 64.480123474000038 ], [ -150.300817409999979, 64.480123413000058 ], [ -150.299231502999959, 64.478848085000038 ], [ -150.296686405999964, 64.476801414000079 ], [ -150.294013245999963, 64.474714049000056 ], [ -150.29384313099996, 64.474581213000079 ], [ -150.292506402999976, 64.473537415000067 ], [ -150.290495494999959, 64.471944777000033 ], [ -150.288381633999961, 64.470270600000049 ], [ -150.288381581999971, 64.470270559000028 ], [ -150.288381398999974, 64.470270414000083 ], [ -150.288945439999964, 64.470003435000081 ], [ -150.289786014999976, 64.469605563000073 ], [ -150.290687240999972, 64.469178983000063 ], [ -150.291531397999961, 64.468779416000075 ], [ -150.293138126999963, 64.46806269800004 ], [ -150.293504243999962, 64.467899383000031 ], [ -150.29473939899998, 64.467348414000071 ], [ -150.295153613999958, 64.467353346000039 ], [ -150.296449953999968, 64.467368781000062 ], [ -150.297743008999959, 64.467384178000032 ], [ -150.299442396999979, 64.467404414000043 ], [ -150.301256755999958, 64.467426553000053 ], [ -150.303412555999984, 64.467452859000048 ], [ -150.304195395999983, 64.467462412000032 ], [ -150.304579702999973, 64.467466886000068 ], [ -150.304792702999976, 64.467469365000056 ], [ -150.307321053999971, 64.467498794000051 ], [ -150.309006396999962, 64.467518411000071 ], [ -150.311457250999979, 64.467716013000029 ], [ -150.312889345999963, 64.467831477000061 ], [ -150.313992397999982, 64.46792041100008 ], [ -150.317094612999966, 64.46820282200008 ], [ -150.319034396999967, 64.468379410000068 ], [ -150.319943020999972, 64.468451509000033 ], [ -150.324075396999973, 64.468779409000035 ], [ -150.324358559999979, 64.468581505000031 ], [ -150.324468545999963, 64.468504636000034 ], [ -150.326536397999973, 64.467059409000058 ], [ -150.327722624999979, 64.466185372000041 ], [ -150.328944941999964, 64.465284743000041 ], [ -150.328945059999967, 64.465284656000051 ], [ -150.328945394999977, 64.465284409000049 ], [ -150.326559438999965, 64.463669373000073 ], [ -150.325392627999975, 64.462879574000056 ], [ -150.325392387999983, 64.462879415000032 ], [ -150.321784391999984, 64.460529410000049 ], [ -150.318829351999966, 64.458606837000048 ], [ -150.318172387999965, 64.45817941100006 ], [ -150.313589386999979, 64.455487411000036 ], [ -150.311686177999974, 64.454392746000053 ], [ -150.311084672999982, 64.454046780000056 ], [ -150.309006382999968, 64.452851413000076 ], [ -150.305242067999984, 64.450613442000076 ], [ -150.304478543999977, 64.450159510000049 ], [ -150.304478380999967, 64.450159413000051 ], [ -150.305084978999957, 64.449309752000033 ], [ -150.306457100999978, 64.447387821000063 ], [ -150.306619156999972, 64.44716083000003 ], [ -150.30705637799997, 64.446548414000063 ], [ -150.309209888999959, 64.443580440000062 ], [ -150.309634373999984, 64.442995414000052 ], [ -150.31005834299998, 64.442411365000055 ], [ -150.312211363999978, 64.439445422000063 ], [ -150.309234369999984, 64.436523413000032 ], [ -150.309065146999984, 64.436563054000032 ], [ -150.308815342999964, 64.436621571000046 ], [ -150.305567369999977, 64.437382414000069 ], [ -150.301898369999975, 64.438240415000053 ], [ -150.300681103999977, 64.43861970100005 ], [ -150.298403370999978, 64.439329415000032 ], [ -150.294967373999981, 64.440476415000035 ], [ -150.294967301999975, 64.440476354000054 ], [ -150.294919564999958, 64.440433403000043 ], [ -150.29152836999998, 64.437382417000038 ], [ -150.291528746999973, 64.437382218000039 ], [ -150.291528878999969, 64.43738214800004 ], [ -150.294454610999964, 64.435834476000082 ], [ -150.294501089999983, 64.43580989000003 ], [ -150.294564368999971, 64.435776416000067 ], [ -150.294684171999961, 64.435715489000074 ], [ -150.297600366999973, 64.434232416000043 ], [ -150.297600379999977, 64.434232285000064 ], [ -150.297600404999969, 64.434232025000028 ], [ -150.297886363999964, 64.431251420000081 ], [ -150.295696223999983, 64.431646440000065 ], [ -150.293761365999984, 64.431995416000063 ], [ -150.289750365999964, 64.432798418000061 ], [ -150.288377855999983, 64.43339968600003 ], [ -150.286084365999983, 64.434404417000053 ], [ -150.284576553999983, 64.435098371000038 ], [ -150.282475368999968, 64.436065418000055 ], [ -150.281951245999977, 64.436118793000048 ], [ -150.281441175999959, 64.436170736000065 ], [ -150.279097435999972, 64.436409407000042 ], [ -150.279097367999981, 64.436409414000082 ], [ -150.275714370999964, 64.436695420000035 ], [ -150.272275368999971, 64.435720421000042 ], [ -150.270278306999984, 64.43515547800007 ], [ -150.268839634999978, 64.434748497000044 ], [ -150.26883936699997, 64.434748421000052 ], [ -150.268839774999975, 64.434748121000041 ], [ -150.269825509999976, 64.434022802000072 ], [ -150.272734367999959, 64.431882421000068 ], [ -150.276631364999957, 64.43136841900008 ], [ -150.280584363999964, 64.430793421000033 ], [ -150.281345517999966, 64.430631125000048 ], [ -150.283162343999976, 64.430243735000033 ], [ -150.283435545999964, 64.43018548200007 ], [ -150.284078362999963, 64.430048419000059 ], [ -150.28476244999996, 64.42990517100003 ], [ -150.285313198999972, 64.429789844000084 ], [ -150.287630929999978, 64.42930450800003 ], [ -150.287631361999956, 64.429304418000072 ], [ -150.291070360999981, 64.42638241800006 ], [ -150.291069824999965, 64.42638211700006 ], [ -150.290576969999961, 64.426105289000077 ], [ -150.289310538999956, 64.42539395600005 ], [ -150.288718022999973, 64.425061151000079 ], [ -150.28831435799998, 64.424834419000035 ], [ -150.287318534999969, 64.424262627000076 ], [ -150.286965365999976, 64.42405984100003 ], [ -150.285625355999969, 64.423290419000068 ], [ -150.285821888999976, 64.423146407000047 ], [ -150.287975354999958, 64.421568418000049 ], [ -150.288800255999973, 64.421018141000047 ], [ -150.290378352999966, 64.41996541900005 ], [ -150.293761352999979, 64.419907418000037 ], [ -150.295697075999982, 64.419875355000045 ], [ -150.297141855999968, 64.419851424000058 ], [ -150.297142353999959, 64.419851416000029 ], [ -150.297142157999957, 64.419851360000052 ], [ -150.293128351999968, 64.418704418000061 ], [ -150.290619740999972, 64.418032700000083 ], [ -150.289061351999976, 64.417615418000082 ], [ -150.287504663999982, 64.417140583000048 ], [ -150.285681350999965, 64.416584420000049 ], [ -150.282300937999963, 64.415495609000061 ], [ -150.282300349999957, 64.41549542000007 ], [ -150.28230050999997, 64.415495325000052 ], [ -150.283938450999983, 64.414519853000058 ], [ -150.284995347999967, 64.41389042000003 ], [ -150.287686347999966, 64.412229420000074 ], [ -150.287686279999974, 64.412229407000041 ], [ -150.28768570699998, 64.412229297000067 ], [ -150.286624174999957, 64.412026205000075 ], [ -150.285538229999958, 64.411818442000083 ], [ -150.284037351999984, 64.411531294000042 ], [ -150.283792346999974, 64.411484420000079 ], [ -150.283575321999962, 64.411440423000045 ], [ -150.28247770699997, 64.411217904000068 ], [ -150.280649475999979, 64.410847266000076 ], [ -150.279836345999968, 64.410682420000057 ], [ -150.279836271999983, 64.410682277000035 ], [ -150.278886626999963, 64.408847605000062 ], [ -150.278593550999972, 64.408281396000064 ], [ -150.27823434299998, 64.407587422000063 ], [ -150.278840982999981, 64.40740992800005 ], [ -150.279674176999976, 64.407166147000055 ], [ -150.281956340999983, 64.406498419000059 ], [ -150.28195652499997, 64.406498366000051 ], [ -150.285736339999971, 64.405412419000072 ], [ -150.287289974999965, 64.404777252000031 ], [ -150.289004546999962, 64.404076289000045 ], [ -150.289520338999978, 64.403865420000045 ], [ -150.29329961199997, 64.402432693000037 ], [ -150.293300337999966, 64.402432418000046 ], [ -150.294755223999971, 64.399924175000081 ], [ -150.29519533399997, 64.399165419000042 ], [ -150.297081331999976, 64.39595741800008 ], [ -150.29708102799998, 64.395957114000055 ], [ -150.295333702999983, 64.394209791000037 ], [ -150.293586327999975, 64.392462419000083 ], [ -150.292767879999957, 64.39164373400007 ], [ -150.292494135999959, 64.391369910000037 ], [ -150.290148325999979, 64.389023420000058 ], [ -150.286709322999968, 64.385587422000071 ], [ -150.285993831999974, 64.384484825000072 ], [ -150.284589319999981, 64.382320422000078 ], [ -150.281858218999957, 64.382351681000046 ], [ -150.281636345999971, 64.382354220000082 ], [ -150.279434319999979, 64.382379423000032 ], [ -150.274334320999969, 64.382379423000032 ], [ -150.269463811999969, 64.382487112000035 ], [ -150.26917831999998, 64.382493427000043 ], [ -150.264134318999965, 64.382493429000078 ], [ -150.264134236999979, 64.382493429000078 ], [ -150.259150320999964, 64.382551427000067 ], [ -150.258888134999978, 64.38255444400005 ], [ -150.258269483999982, 64.382561562000035 ], [ -150.256000977999975, 64.382587662000049 ], [ -150.254109319999969, 64.382609427000034 ], [ -150.251747033999976, 64.381073736000076 ], [ -150.251608001999983, 64.380983353000033 ], [ -150.249525318999957, 64.379629427000054 ], [ -150.249525844999965, 64.379629320000049 ], [ -150.251649397999984, 64.379198978000034 ], [ -150.252635392999963, 64.378999164000049 ], [ -150.254050317999969, 64.378712427000039 ], [ -150.258262238999976, 64.377869858000054 ], [ -150.258634314999966, 64.377795426000034 ], [ -150.259453186999963, 64.377642122000054 ], [ -150.263217279999964, 64.376937432000034 ], [ -150.263217314999963, 64.376937425000051 ], [ -150.263344062999977, 64.376790424000035 ], [ -150.26354988099996, 64.37655171800003 ], [ -150.265739311999965, 64.374012426000036 ], [ -150.265678410999982, 64.373985593000043 ], [ -150.265611358999962, 64.373956050000061 ], [ -150.26184231199997, 64.37229542700004 ], [ -150.258944775999964, 64.37097704100006 ], [ -150.258900077999982, 64.370956703000047 ], [ -150.258064308999963, 64.370576428000049 ], [ -150.254222307999981, 64.368915427000047 ], [ -150.249894434999959, 64.368825805000029 ], [ -150.248717307999982, 64.36880142900003 ], [ -150.245530288999959, 64.368767090000063 ], [ -150.243334308999977, 64.368743429000062 ], [ -150.242517257999964, 64.368726314000071 ], [ -150.237892306999981, 64.368629431000045 ], [ -150.234410498999978, 64.368593622000049 ], [ -150.232447994999973, 64.368573438000055 ], [ -150.232447666999974, 64.36857343500003 ], [ -150.232447306999973, 64.368573431000073 ], [ -150.23336185499997, 64.367874264000079 ], [ -150.234252497999961, 64.367193372000031 ], [ -150.234970396999984, 64.366644542000074 ], [ -150.236345304999958, 64.365593431000036 ], [ -150.240238954999967, 64.362557701000071 ], [ -150.240239301999964, 64.362557430000038 ], [ -150.240238959999971, 64.362557299000059 ], [ -150.237465749999984, 64.361488847000032 ], [ -150.236517300999964, 64.361123432000056 ], [ -150.236144836999983, 64.360983885000053 ], [ -150.23316159899997, 64.359866188000069 ], [ -150.232960313999968, 64.359790775000079 ], [ -150.232847753999977, 64.359748603000071 ], [ -150.232847410999966, 64.359748474000071 ], [ -150.232847300999964, 64.35974843300005 ], [ -150.231723864999964, 64.360082706000071 ], [ -150.22860929999996, 64.36100943200006 ], [ -150.226188635999961, 64.361719638000068 ], [ -150.224311302999979, 64.362270434000038 ], [ -150.222673243999964, 64.361902092000037 ], [ -150.220989302999982, 64.361523433000059 ], [ -150.218907822999967, 64.36113030100006 ], [ -150.217664299999967, 64.360895435000032 ], [ -150.217574188999976, 64.360690885000054 ], [ -150.217281993999961, 64.360027610000031 ], [ -150.216175296999978, 64.357515435000039 ], [ -150.216175581999977, 64.35751532200004 ], [ -150.220073295999981, 64.355968435000079 ], [ -150.220916778999964, 64.355632863000039 ], [ -150.222308049999981, 64.355079358000069 ], [ -150.223964293999984, 64.354420434000076 ], [ -150.224937687999983, 64.353924938000034 ], [ -150.226136986999961, 64.353314447000059 ], [ -150.226641640999958, 64.353057559000035 ], [ -150.227117292999964, 64.352815433000046 ], [ -150.228789331999963, 64.351917806000074 ], [ -150.230211290999961, 64.35115443400008 ], [ -150.230211220999962, 64.351154388000054 ], [ -150.226486289999968, 64.348690434000048 ], [ -150.225705113999965, 64.348177748000069 ], [ -150.224766811999984, 64.347561939000059 ], [ -150.223869730999979, 64.346973184000035 ], [ -150.222820288999969, 64.34628443400004 ], [ -150.220951622999962, 64.345059874000071 ], [ -150.220278995999962, 64.344619093000063 ], [ -150.219150285999973, 64.343879435000076 ], [ -150.21635574299998, 64.342042087000038 ], [ -150.215486633999973, 64.341470667000067 ], [ -150.215486283999979, 64.341470437000055 ], [ -150.215156927999971, 64.338974208000081 ], [ -150.215025279999963, 64.337976437000066 ], [ -150.214781487999971, 64.336104337000052 ], [ -150.214737323999969, 64.335765197000057 ], [ -150.214570276999979, 64.33448243600003 ], [ -150.21502209099998, 64.333312395000064 ], [ -150.215942274999975, 64.330929436000076 ], [ -150.215942159999969, 64.330929258000083 ], [ -150.215942138999964, 64.33092922600008 ], [ -150.214659016999974, 64.328937387000053 ], [ -150.213764269999956, 64.327548437000075 ], [ -150.21329198799998, 64.326795105000031 ], [ -150.212770052999957, 64.325962572000037 ], [ -150.212091878999956, 64.324880824000047 ], [ -150.211645267999984, 64.324168439000061 ], [ -150.211645172999965, 64.324168369000063 ], [ -150.210679475999967, 64.323456105000048 ], [ -150.207061264999965, 64.320787440000061 ], [ -150.207732882999977, 64.319181061000052 ], [ -150.208378261999968, 64.317637439000066 ], [ -150.209753262999982, 64.314601442000082 ], [ -150.208862788999966, 64.314371617000063 ], [ -150.208187150999976, 64.314197241000045 ], [ -150.206200257999967, 64.313684440000031 ], [ -150.204891857999968, 64.313341426000079 ], [ -150.202706255999971, 64.312768445000074 ], [ -150.199688707999968, 64.31352133300004 ], [ -150.197664257999975, 64.314026442000056 ], [ -150.197193065999983, 64.314144286000044 ], [ -150.197055525999957, 64.314178685000059 ], [ -150.192622258999961, 64.315287442000056 ], [ -150.188975824999972, 64.316211849000069 ], [ -150.187636549999979, 64.316551369000081 ], [ -150.187636259999977, 64.316551443000037 ], [ -150.183970260999956, 64.315976444000057 ], [ -150.18030325899997, 64.31540444500007 ], [ -150.180303304999967, 64.315404369000078 ], [ -150.180303416999976, 64.315404182000066 ], [ -150.181492357999957, 64.313420305000079 ], [ -150.181830702999974, 64.312855739000042 ], [ -150.182364257999978, 64.311965443000076 ], [ -150.182364318999959, 64.311965417000067 ], [ -150.185975256999967, 64.31041844300006 ], [ -150.187025922999965, 64.309984959000076 ], [ -150.189583512999974, 64.308929749000072 ], [ -150.189584254999971, 64.308929443000068 ], [ -150.188781250999966, 64.305662443000074 ], [ -150.185000250999963, 64.304631444000051 ], [ -150.183507479999975, 64.304240719000063 ], [ -150.18127524999997, 64.303656445000058 ], [ -150.179173110999983, 64.304183816000034 ], [ -150.177839249999977, 64.304518446000031 ], [ -150.175592894999966, 64.305041005000078 ], [ -150.17440025099998, 64.305318445000069 ], [ -150.173689593999967, 64.30557073600005 ], [ -150.170848252999974, 64.306579446000057 ], [ -150.168419434999976, 64.307442191000064 ], [ -150.167298253999974, 64.307840447000046 ], [ -150.167298294999966, 64.307840078000083 ], [ -150.167438376999968, 64.30656864000008 ], [ -150.167549665999957, 64.30555854000005 ], [ -150.167639249999979, 64.304745447000073 ], [ -150.167639480999981, 64.304745261000051 ], [ -150.170193998999963, 64.302688470000078 ], [ -150.171040408999971, 64.30200697600003 ], [ -150.171478247999971, 64.301654447000033 ], [ -150.171478105999967, 64.301654307000035 ], [ -150.170302247999956, 64.300499353000077 ], [ -150.16967668199996, 64.299884908000081 ], [ -150.168384243999981, 64.298615447000032 ], [ -150.16838398699997, 64.298615423000058 ], [ -150.164703899999978, 64.298272932000032 ], [ -150.164086243999975, 64.298215449000054 ], [ -150.16377334699996, 64.29818997700005 ], [ -150.162722397999971, 64.298104423000041 ], [ -150.161298823999971, 64.297988535000059 ], [ -150.159848245999967, 64.297870449000072 ], [ -150.158430623999976, 64.296970320000071 ], [ -150.157992648999965, 64.296692224000083 ], [ -150.157325242999974, 64.296268449000081 ], [ -150.155606831999961, 64.295109360000083 ], [ -150.155234912999958, 64.294858495000028 ], [ -150.154861873999977, 64.294606876000046 ], [ -150.154861241999981, 64.29460645000006 ], [ -150.155854086999966, 64.294346236000081 ], [ -150.157413184999967, 64.293937613000082 ], [ -150.158356240999979, 64.293690449000053 ], [ -150.160654248999975, 64.293097351000029 ], [ -150.16116268899998, 64.292966127000057 ], [ -150.161909239999972, 64.292773448000048 ], [ -150.165575237999974, 64.291970448000029 ], [ -150.169238958999983, 64.291223504000072 ], [ -150.169239238999978, 64.29122344700005 ], [ -150.163914235999982, 64.289906449000057 ], [ -150.161603295999981, 64.289329591000069 ], [ -150.159949998999963, 64.288916894000067 ], [ -150.158642236999981, 64.288590449000083 ], [ -150.157816213999979, 64.288384101000076 ], [ -150.156591246999966, 64.288078092000035 ], [ -150.154556609999958, 64.287569819000055 ], [ -150.153370748999976, 64.287273579000043 ], [ -150.153370235999972, 64.287273451000033 ], [ -150.154557892999975, 64.285135796000077 ], [ -150.15508922799998, 64.284179449000078 ], [ -150.156715596999959, 64.284116506000032 ], [ -150.158591928999982, 64.284043886000063 ], [ -150.159559231999964, 64.28400644900006 ], [ -150.160987715999966, 64.283969829000057 ], [ -150.162859696999959, 64.283921840000062 ], [ -150.164084231999965, 64.283890449000069 ], [ -150.16633595899998, 64.283833745000038 ], [ -150.168610120999972, 64.283776476000071 ], [ -150.168611232999979, 64.283776448000083 ], [ -150.168611193999965, 64.283776399000033 ], [ -150.166680475999982, 64.281351052000048 ], [ -150.166159842999974, 64.280697039000074 ], [ -150.166148227999969, 64.280682449000039 ], [ -150.166148055999969, 64.280682377000062 ], [ -150.164103052999963, 64.279825352000046 ], [ -150.162595228999976, 64.279193449000047 ], [ -150.158986226999957, 64.277762450000068 ], [ -150.155375223999982, 64.276329452000027 ], [ -150.155107407999964, 64.276341105000029 ], [ -150.151422225999966, 64.276501452000048 ], [ -150.15092901899996, 64.276523220000058 ], [ -150.150699264999957, 64.276533361000077 ], [ -150.147525435999967, 64.27667344300005 ], [ -150.147525223999963, 64.276673452000068 ], [ -150.147169595999969, 64.275391035000041 ], [ -150.146667224999959, 64.273579452000035 ], [ -150.147844576999972, 64.273079948000031 ], [ -150.150047221999984, 64.272145452000075 ], [ -150.152105101999979, 64.271322178000048 ], [ -150.153483832999967, 64.270770605000052 ], [ -150.153484065999976, 64.27077051200007 ], [ -150.153484218999978, 64.270770451000033 ], [ -150.153770216999959, 64.267734451000081 ], [ -150.149073215999977, 64.266187453000043 ], [ -150.145769719999976, 64.265127802000052 ], [ -150.144431214999969, 64.26469845400004 ], [ -150.144430838999966, 64.264698471000031 ], [ -150.140603170999981, 64.264877673000058 ], [ -150.139986586999981, 64.264906539000037 ], [ -150.139561215999976, 64.264926454000033 ], [ -150.13468921599997, 64.265157455000065 ], [ -150.132219938999981, 64.265271055000028 ], [ -150.129820216999974, 64.265381456000057 ], [ -150.125389035999973, 64.264662546000068 ], [ -150.12489359099996, 64.264582166000082 ], [ -150.124550214999971, 64.264526458000034 ], [ -150.122125197999964, 64.264187957000047 ], [ -150.119220213999967, 64.263782459000083 ], [ -150.113948213999976, 64.26304046000007 ], [ -150.112605867999974, 64.262835160000066 ], [ -150.108678210999983, 64.262234460000059 ], [ -150.108677660999973, 64.262234192000051 ], [ -150.104470799999973, 64.26018580200008 ], [ -150.104092211999983, 64.260001461000058 ], [ -150.102490923999966, 64.259220209000034 ], [ -150.102031468999968, 64.25899604600005 ], [ -150.099509208999962, 64.257765462000066 ], [ -150.097634659999983, 64.256851906000065 ], [ -150.094925207999978, 64.255531463000068 ], [ -150.093435179999972, 64.254805469000075 ], [ -150.090342203999967, 64.253298464000068 ], [ -150.088822640999979, 64.252556761000051 ], [ -150.087571352999959, 64.251946004000047 ], [ -150.085761202999976, 64.251062464000029 ], [ -150.082804220999975, 64.249623289000056 ], [ -150.081173201999974, 64.248829465000028 ], [ -150.081026728999973, 64.248758082000052 ], [ -150.080788793999972, 64.24864212500006 ], [ -150.076589199999972, 64.246595467000077 ], [ -150.075869815999965, 64.24581082900005 ], [ -150.075464386999982, 64.245368623000047 ], [ -150.073381196999975, 64.243096468000033 ], [ -150.070225191999981, 64.239604469000028 ], [ -150.067985245999978, 64.237116829000058 ], [ -150.067078273999982, 64.23610956300007 ], [ -150.067078189999961, 64.236109469000041 ], [ -150.068050187999972, 64.232329468000046 ], [ -150.067374377999982, 64.229998625000064 ], [ -150.066903223999958, 64.228373631000068 ], [ -150.066903178999979, 64.228373471000054 ], [ -150.065814179999961, 64.224479469000073 ], [ -150.063350175999972, 64.220240471000068 ], [ -150.060945168999979, 64.216057472000045 ], [ -150.060944876999969, 64.216056968000032 ], [ -150.060805902999959, 64.215817878000053 ], [ -150.05959089199996, 64.213727608000056 ], [ -150.058481167999958, 64.211818472000061 ], [ -150.058277918999977, 64.211465760000067 ], [ -150.056070164999966, 64.207634472000052 ], [ -150.052233083999965, 64.205184571000075 ], [ -150.052120837999979, 64.20511291300005 ], [ -150.052120159999959, 64.205112477000057 ], [ -150.051868323999969, 64.204949728000031 ], [ -150.051122540999984, 64.204467781000062 ], [ -150.048222159999966, 64.202593474000082 ], [ -150.047488502999983, 64.202118489000043 ], [ -150.04524153899996, 64.200663759000065 ], [ -150.044325156999975, 64.200070475000075 ], [ -150.04317728999996, 64.199344995000047 ], [ -150.042531293999957, 64.198936710000055 ], [ -150.040428155999962, 64.197607477000076 ], [ -150.035331154999966, 64.196176474000083 ], [ -150.035330967999982, 64.196176422000065 ], [ -150.033833796999971, 64.195763548000059 ], [ -150.032529753999967, 64.195403929000065 ], [ -150.030345154999964, 64.194801477000055 ], [ -150.030178915999983, 64.194754230000058 ], [ -150.030035344999959, 64.194713426000078 ], [ -150.025303151999964, 64.193368479000071 ], [ -150.021178150999958, 64.191765479000082 ], [ -150.020970112999976, 64.191682181000033 ], [ -150.019661728999978, 64.191158306000034 ], [ -150.017167150999967, 64.190159476000076 ], [ -150.017166747999966, 64.190159318000042 ], [ -150.017041365999972, 64.190111670000078 ], [ -150.014330285999961, 64.189081195000028 ], [ -150.013097148999975, 64.188612482000053 ], [ -150.013122497999973, 64.18713486200005 ], [ -150.013139867999968, 64.186122352000041 ], [ -150.013147314999969, 64.185688235000043 ], [ -150.013156145999972, 64.185173481000049 ], [ -150.013167619999962, 64.184456589000035 ], [ -150.013174341999957, 64.184036645000049 ], [ -150.013195449999984, 64.182717882000077 ], [ -150.01321114199996, 64.181737481000027 ], [ -150.01211220999997, 64.17985258300007 ], [ -150.01164217799996, 64.179046381000035 ], [ -150.011206137999977, 64.178298482000059 ], [ -150.010101632999977, 64.176406621000069 ], [ -150.009594170999975, 64.175537408000082 ], [ -150.009200135999976, 64.174862482000037 ], [ -150.007195132999982, 64.171482483000034 ], [ -150.006864991999976, 64.171042735000071 ], [ -150.004442129999973, 64.167815485000062 ], [ -150.001692125999966, 64.164204485000027 ], [ -149.998299741999972, 64.162970809000058 ], [ -149.997911125999963, 64.162829485000032 ], [ -149.994359355999961, 64.161465035000049 ], [ -149.994274057999974, 64.161432267000066 ], [ -149.994186479999968, 64.161398623000082 ], [ -149.99418612499997, 64.161398487000042 ], [ -149.992353119999962, 64.158132486000056 ], [ -149.992353295999976, 64.158132230000035 ], [ -149.994528116999959, 64.154979487000048 ], [ -149.996705926999965, 64.151884759000041 ], [ -149.996705945999963, 64.151884726000048 ], [ -149.996706114999967, 64.151884486000029 ], [ -149.996865528999962, 64.15153741000006 ], [ -149.99712682599997, 64.150968514000056 ], [ -149.997871707999963, 64.149346759000082 ], [ -149.998653112999961, 64.147645487000034 ], [ -149.999064928999957, 64.146723033000058 ], [ -149.999191913999965, 64.146438592000038 ], [ -150.000545107999983, 64.143407487000047 ], [ -150.002492028999967, 64.13922364900003 ], [ -150.00249210399997, 64.139223486000049 ], [ -150.000483411999966, 64.136787441000081 ], [ -150.00026786899997, 64.136526041000081 ], [ -149.998995098999984, 64.134982487000059 ], [ -149.998468463999984, 64.134361224000031 ], [ -149.99550009799998, 64.130859488000056 ], [ -149.992061091999972, 64.126676489000033 ], [ -149.99176463699996, 64.123811918000058 ], [ -149.991727278999974, 64.12345093700003 ], [ -149.99154508899997, 64.121690490000049 ], [ -149.991402170999976, 64.119929756000033 ], [ -149.991145083999982, 64.116762489000052 ], [ -149.993720080999964, 64.113095489000045 ], [ -149.996242078999984, 64.10948748900006 ], [ -149.998820072999962, 64.105876489000082 ], [ -149.99779206599996, 64.103918321000037 ], [ -149.997384644999983, 64.103142259000037 ], [ -149.996414068999968, 64.101293490000046 ], [ -149.994061065999972, 64.096765490000053 ], [ -149.992071631999977, 64.092934781000054 ], [ -149.99171117299997, 64.09224070700003 ], [ -149.991711060999961, 64.092240491000041 ], [ -149.991625926999973, 64.091678562000084 ], [ -149.991025056999973, 64.087712491000048 ], [ -149.990761757999962, 64.085845580000068 ], [ -149.990410663999967, 64.083356173000027 ], [ -149.990395053999976, 64.08324549200006 ], [ -149.990204051999967, 64.082007492000059 ], [ -149.989706048999977, 64.078776492000031 ], [ -149.989446631999982, 64.076961815000061 ], [ -149.989075044999964, 64.07436249400007 ], [ -149.989030728999978, 64.070204584000066 ], [ -149.989017042999961, 64.068920493000064 ], [ -149.989017036999968, 64.063534493000077 ], [ -149.989016023999966, 64.061701352000057 ], [ -149.989014031999972, 64.058095494000042 ], [ -149.989290213999965, 64.057007472000066 ], [ -149.989989027999968, 64.05425449300003 ], [ -149.990360132999967, 64.052766251000037 ], [ -149.990961023999972, 64.050356494000027 ], [ -149.994686021999968, 64.046862494000038 ], [ -149.995686501999984, 64.045922746000031 ], [ -149.996247282999974, 64.045396005000043 ], [ -149.996428599999973, 64.045225695000056 ], [ -149.998409018999979, 64.043365493000067 ], [ -150.002134016999975, 64.039929494000035 ], [ -150.005173481999975, 64.036782975000051 ], [ -150.005456012999957, 64.036490492000041 ], [ -150.008778008999968, 64.033051492000084 ], [ -150.00910216799997, 64.032716208000068 ], [ -150.009353633999979, 64.03245611300008 ], [ -150.012100005999969, 64.029615492000062 ], [ -150.015425002999962, 64.026176490000068 ], [ -150.018747, 64.022681492000061 ], [ -150.020546908999961, 64.019766172000061 ], [ -150.021152995999984, 64.018784491000076 ], [ -150.022749973999964, 64.01616068900006 ], [ -150.023558991999977, 64.014831491000052 ], [ -150.024720636999973, 64.012921174000041 ], [ -150.025963987999972, 64.010876491000033 ], [ -150.026338, 64.010271170000067 ], [ -150.027774076999975, 64.007946943000036 ], [ -150.028369985999973, 64.006982490000041 ], [ -150.030486811999964, 64.003629621000073 ], [ -150.030830806999973, 64.003084763000061 ], [ -150.030830884999972, 64.003084641000044 ], [ -150.030830982999959, 64.003084490000049 ], [ -150.033118401999957, 64.002330639000036 ], [ -150.036046978999963, 64.001365485000065 ], [ -150.036047464999967, 64.001365325000052 ], [ -150.03760970899998, 64.000862052000059 ], [ -150.041202978999962, 63.999704489000067 ], [ -150.046474978999981, 63.998043491000033 ], [ -150.049224976999966, 63.996668491000037 ], [ -150.049225290999971, 63.996668334000049 ], [ -150.051974974999979, 63.995293491000041 ], [ -150.052205082999961, 63.995169624000027 ], [ -150.054952972999956, 63.993690487000038 ], [ -150.056335899999965, 63.992946833000076 ], [ -150.057933971999972, 63.992087487000049 ], [ -150.061483969999983, 63.990423486000054 ], [ -150.062028775999977, 63.990172432000065 ], [ -150.064342082999957, 63.989106425000045 ], [ -150.065094967999983, 63.98875948500006 ], [ -150.068588966999982, 63.987098485000047 ], [ -150.070367127999958, 63.986253413000043 ], [ -150.070764839999981, 63.986064401000078 ], [ -150.072083964999962, 63.98543748600008 ], [ -150.073998376999981, 63.98395778500003 ], [ -150.074602962999961, 63.983490484000072 ], [ -150.077180961999971, 63.98154048400005 ], [ -150.077329263999957, 63.981421827000077 ], [ -150.080141005999963, 63.979172130000052 ], [ -150.080902524999971, 63.978562829000055 ], [ -150.080902960999964, 63.978562483000076 ], [ -150.081814442999956, 63.97767981700008 ], [ -150.084571955999962, 63.975009483000065 ], [ -150.086749950999973, 63.973062481000056 ], [ -150.087655160999958, 63.972318542000039 ], [ -150.088983951999978, 63.971226483000066 ], [ -150.091806497999983, 63.968687525000064 ], [ -150.092994947999983, 63.967618482000034 ], [ -150.096005926999965, 63.965926651000075 ], [ -150.096199053999982, 63.965818135000063 ], [ -150.096258946999967, 63.965784482000061 ], [ -150.09724141099997, 63.965216241000064 ], [ -150.099524947999981, 63.963895481000066 ], [ -150.103246943999977, 63.962345481000057 ], [ -150.107030943999973, 63.960798479000061 ], [ -150.110810940999983, 63.957820480000066 ], [ -150.112714484999969, 63.956268193000028 ], [ -150.114243583999979, 63.955021256000066 ], [ -150.114322290999979, 63.954957074000049 ], [ -150.114533937999965, 63.954784483000083 ], [ -150.117858936999966, 63.952606479000053 ], [ -150.120375392999961, 63.951025216000062 ], [ -150.121235933999969, 63.950484478000078 ], [ -150.121597581999964, 63.950245878000032 ], [ -150.123742504999967, 63.94883075100006 ], [ -150.124274932999981, 63.948479478000081 ], [ -150.125278480999981, 63.947835898000051 ], [ -150.127310930999982, 63.946532478000051 ], [ -150.127311053999961, 63.946532133000062 ], [ -150.127720210999968, 63.945385416000079 ], [ -150.127996188999958, 63.944611953000049 ], [ -150.128455927999966, 63.943323478000082 ], [ -150.129838450999983, 63.941425699000035 ], [ -150.131377922999974, 63.939312478000033 ], [ -150.134031143999977, 63.936869571000045 ], [ -150.134985920999981, 63.935990477000075 ], [ -150.138710917999958, 63.933009477000041 ], [ -150.142891915999968, 63.929859476000047 ], [ -150.145296980999973, 63.927984386000048 ], [ -150.147302911999958, 63.926420477000079 ], [ -150.14950187599996, 63.924258610000038 ], [ -150.15004738899998, 63.923722300000065 ], [ -150.150799909999961, 63.922982475000083 ], [ -150.15177858499996, 63.921476785000038 ], [ -150.15303390699998, 63.919545475000064 ], [ -150.154081495999975, 63.916808683000056 ], [ -150.154349904999975, 63.916107475000047 ], [ -150.154609513999958, 63.915444731000036 ], [ -150.154633105999977, 63.915384505000077 ], [ -150.154853496999976, 63.91482188100008 ], [ -150.155494900999969, 63.913184476000083 ], [ -150.155455465999978, 63.911876942000049 ], [ -150.155380896999958, 63.909404475000031 ], [ -150.155380711999982, 63.909404195000036 ], [ -150.154176305999982, 63.907584720000045 ], [ -150.152572894999963, 63.905162476000044 ], [ -150.15151441499998, 63.904003512000031 ], [ -150.149591889999982, 63.901898477000032 ], [ -150.146152887999961, 63.899720478000063 ], [ -150.144611941999983, 63.898711564000052 ], [ -150.143861946999976, 63.898220515000048 ], [ -150.14282788899996, 63.897543479000035 ], [ -150.140422365999967, 63.895595866000065 ], [ -150.140421885999984, 63.895595479000065 ], [ -150.140421541999984, 63.895595203000028 ], [ -150.139237935999972, 63.89464388500005 ], [ -150.138073102999982, 63.893707655000071 ], [ -150.138072884999957, 63.893707479000057 ], [ -150.137400011999972, 63.893429520000041 ], [ -150.13549092599996, 63.892640890000052 ], [ -150.134691559999965, 63.892310677000069 ], [ -150.13417788199996, 63.892098480000072 ], [ -150.13356068799996, 63.891853947000072 ], [ -150.132556726999979, 63.891456176000077 ], [ -150.130661888999981, 63.890705437000065 ], [ -150.130280881999965, 63.890554481000038 ], [ -150.126516570999968, 63.88946945400005 ], [ -150.126191053999975, 63.88937562600006 ], [ -150.126096881999956, 63.889348482000059 ], [ -150.125879427999962, 63.889287505000027 ], [ -150.124587457999979, 63.888925221000079 ], [ -150.122027878999972, 63.888207483000031 ], [ -150.119476068999973, 63.887838696000074 ], [ -150.117901091999983, 63.887611080000056 ], [ -150.11687287899997, 63.887462484000082 ], [ -150.113623240999971, 63.887023550000038 ], [ -150.111771877999956, 63.886773484000059 ], [ -150.11085763899996, 63.886681955000029 ], [ -150.109927641999974, 63.886588847000041 ], [ -150.108335877999963, 63.886429485000065 ], [ -150.107481778999983, 63.886341556000048 ], [ -150.105347043999984, 63.886121786000047 ], [ -150.105013876999976, 63.886087486000065 ], [ -150.104264946999962, 63.885931164000056 ], [ -150.100888877999978, 63.885226486000079 ], [ -150.096758876999957, 63.884368487000074 ], [ -150.096219144999964, 63.884163052000076 ], [ -150.095275556999979, 63.883803899000043 ], [ -150.093579910999978, 63.883158495000032 ], [ -150.092691874999957, 63.88282048700006 ], [ -150.091853638999964, 63.88251811300006 ], [ -150.090779033999979, 63.882130474000064 ], [ -150.090243294999965, 63.881937219000065 ], [ -150.088566872999962, 63.881332489000044 ], [ -150.086623456999973, 63.881210065000062 ], [ -150.084899872999983, 63.881101489000059 ], [ -150.081288872999977, 63.880932490000077 ], [ -150.079909158999982, 63.880780861000062 ], [ -150.077621873999959, 63.880529491000061 ], [ -150.074563058999956, 63.880198297000049 ], [ -150.07389987199997, 63.880126490000066 ], [ -150.073430850999983, 63.879927919000068 ], [ -150.073060991999967, 63.879771331000029 ], [ -150.070519871999977, 63.878695493000066 ], [ -150.068635723999961, 63.877880252000068 ], [ -150.068444875999973, 63.877797675000068 ], [ -150.067080871999963, 63.877207493000071 ], [ -150.066126212999961, 63.876630799000054 ], [ -150.065457277999968, 63.876226706000068 ], [ -150.064629228999962, 63.875726495000038 ], [ -150.064044868999957, 63.875373493000041 ], [ -150.061627722999958, 63.873931802000072 ], [ -150.061063866999973, 63.873595494000028 ], [ -150.059671056999974, 63.872524630000044 ], [ -150.056594863999976, 63.870159495000053 ], [ -150.055393651999964, 63.869342493000033 ], [ -150.054794984999972, 63.86893531100003 ], [ -150.05389986199998, 63.868326496000066 ], [ -150.053531943999957, 63.868096514000058 ], [ -150.051149860999971, 63.866607496000029 ], [ -150.050750911999984, 63.866158498000061 ], [ -150.048399857999982, 63.863512497000045 ], [ -150.047985446999974, 63.862367182000071 ], [ -150.047197854999979, 63.860190497000076 ], [ -150.046902246999963, 63.857686837000074 ], [ -150.04685285399998, 63.857268497000064 ], [ -150.04446126199997, 63.853941503000044 ], [ -150.044216850999959, 63.853601498000046 ], [ -150.044216778999981, 63.853601436000076 ], [ -150.044216469999981, 63.853601135000076 ], [ -150.042096848999961, 63.851537499000074 ], [ -150.039974847999957, 63.84941849900008 ], [ -150.035736077999957, 63.845637710000062 ], [ -150.035735842999969, 63.845637500000066 ], [ -150.03566732799996, 63.845615871000064 ], [ -150.035411398999969, 63.845535080000047 ], [ -150.034096031999979, 63.84511985000006 ], [ -150.032469843999962, 63.844606501000044 ], [ -150.03108789099997, 63.844194496000057 ], [ -150.030731845999981, 63.844088347000081 ], [ -150.029202840999972, 63.843632501000059 ], [ -150.025422839999976, 63.842429502000073 ], [ -150.023516728999965, 63.841813918000071 ], [ -150.021697839999973, 63.84122650300003 ], [ -150.018730431999984, 63.837666182000078 ], [ -150.018544836999979, 63.837443504000078 ], [ -150.01854482799996, 63.837443458000052 ], [ -150.017972834999966, 63.834407505000058 ], [ -150.016194830999979, 63.830454504000045 ], [ -150.013616828999972, 63.826898505000031 ], [ -150.012052810999961, 63.82582308800005 ], [ -150.009926453999981, 63.824361009000029 ], [ -150.009205824999981, 63.823865506000061 ], [ -150.008599457999964, 63.823451586000033 ], [ -150.007394804999961, 63.822629264000057 ], [ -150.005591821999957, 63.821398508000073 ], [ -150.003771770999975, 63.820136777000073 ], [ -150.00204181999996, 63.818937508000033 ], [ -149.998430817999974, 63.815673509000078 ], [ -149.996659459999961, 63.814043861000073 ], [ -149.995883729999974, 63.813330191000034 ], [ -149.99488081299998, 63.812407509000082 ], [ -149.991324812999977, 63.809140510000077 ], [ -149.988632760999963, 63.806621360000065 ], [ -149.987774808999973, 63.805818511000041 ], [ -149.987774444999957, 63.805818360000046 ], [ -149.986970086999975, 63.805485267000051 ], [ -149.983763807999964, 63.804157511000028 ], [ -149.980944310999973, 63.80293133400005 ], [ -149.980560002999965, 63.802764202000048 ], [ -149.979808805999966, 63.802437513000029 ], [ -149.977669200999969, 63.80152509100003 ], [ -149.977286568999972, 63.801361920000033 ], [ -149.97591388799998, 63.800776548000044 ], [ -149.975913804999976, 63.800776513000073 ], [ -149.975611136999959, 63.800434007000035 ], [ -149.972874802999968, 63.797337514000048 ], [ -149.969952798999969, 63.793957515000045 ], [ -149.968472499999962, 63.792307387000051 ], [ -149.966971797999975, 63.790634515000079 ], [ -149.966337677999974, 63.79023526900005 ], [ -149.965881018999966, 63.789947755000071 ], [ -149.962330794999957, 63.787712517000045 ], [ -149.960081956999971, 63.786278719000052 ], [ -149.957747792999982, 63.784790518000079 ], [ -149.956012082999962, 63.783167657000035 ], [ -149.955141310999977, 63.782353500000056 ], [ -149.954344384999956, 63.781608387000063 ], [ -149.954194788999956, 63.781468517000064 ], [ -149.953710276999971, 63.781007850000037 ], [ -149.95265094399997, 63.78000065100008 ], [ -149.950699785999973, 63.778145518000031 ], [ -149.94628615299996, 63.774934796000082 ], [ -149.946285779999982, 63.774934525000049 ], [ -149.946285496999963, 63.774934320000057 ], [ -149.941933779999971, 63.771784521000029 ], [ -149.941046229999984, 63.771421686000053 ], [ -149.940172969999963, 63.771064694000074 ], [ -149.939818055999979, 63.770919603000038 ], [ -149.938435777999956, 63.770354522000048 ], [ -149.935878815999956, 63.76940376400006 ], [ -149.935751864999958, 63.769356560000062 ], [ -149.935707063999956, 63.76933990200007 ], [ -149.934885776999977, 63.769034522000084 ], [ -149.931102777999968, 63.768748523000056 ], [ -149.927263776999979, 63.768462524000029 ], [ -149.927263755999974, 63.768462711000041 ], [ -149.927084827999977, 63.770052770000063 ], [ -149.926805790999964, 63.772532444000035 ], [ -149.926805781999974, 63.772532524000042 ], [ -149.927108592999957, 63.773193540000079 ], [ -149.927332139999976, 63.773681527000065 ], [ -149.927669315999964, 63.774417560000074 ], [ -149.928352783999969, 63.775909523000053 ], [ -149.928673664999963, 63.776610814000037 ], [ -149.929899716999984, 63.77929036900008 ], [ -149.929899787999972, 63.779290523000043 ], [ -149.929899389999974, 63.779290542000069 ], [ -149.927145024999959, 63.779419770000061 ], [ -149.926866784999959, 63.779432816000053 ], [ -149.926233787999962, 63.779462523000063 ], [ -149.925332966999974, 63.779504776000067 ], [ -149.922566786999965, 63.779634524000073 ], [ -149.919758787999967, 63.778201524000053 ], [ -149.91721310899996, 63.776823156000034 ], [ -149.917009535999966, 63.776712931000077 ], [ -149.917008785999968, 63.77671252500005 ], [ -149.916778231999956, 63.776716548000081 ], [ -149.915737134999972, 63.776734716000078 ], [ -149.913627785999978, 63.776771526000061 ], [ -149.910246850999982, 63.776829525000039 ], [ -149.91024678499997, 63.776829526000029 ], [ -149.909735736999977, 63.77717404200007 ], [ -149.907613785999956, 63.778604526000038 ], [ -149.904919787999972, 63.780437527000061 ], [ -149.90399624899996, 63.782284149000077 ], [ -149.903837473999971, 63.782601620000037 ], [ -149.902913792999982, 63.784448526000062 ], [ -149.902610872999958, 63.785965168000075 ], [ -149.902169830999981, 63.788173354000037 ], [ -149.902169795999981, 63.788173527000083 ], [ -149.90216952199998, 63.788173580000034 ], [ -149.901347204999979, 63.788332551000053 ], [ -149.89890579599998, 63.788804526000035 ], [ -149.897280990999974, 63.789094237000029 ], [ -149.895697796999968, 63.789376528000048 ], [ -149.895697775999963, 63.789376618000063 ], [ -149.894983749999966, 63.792395666000061 ], [ -149.89497632399997, 63.792427063000048 ], [ -149.89495279999997, 63.792526527000064 ], [ -149.894263801999983, 63.795620529000075 ], [ -149.890138803999974, 63.798601528000063 ], [ -149.88960966099998, 63.798888035000061 ], [ -149.888743762999979, 63.799356880000062 ], [ -149.887388806999979, 63.800090528000055 ], [ -149.885170922999976, 63.801291412000069 ], [ -149.884638806999959, 63.801579529000037 ], [ -149.880166807999984, 63.801293530000066 ], [ -149.875699806999961, 63.801065530000074 ], [ -149.870085806999981, 63.801065532000052 ], [ -149.867623069999979, 63.801091503000066 ], [ -149.867326529999957, 63.80109463000008 ], [ -149.864585806999969, 63.801123532000076 ], [ -149.862520209999957, 63.801144565000072 ], [ -149.859085806999957, 63.801179533000038 ], [ -149.853527807999967, 63.801179535000074 ], [ -149.848890528999959, 63.801228437000077 ], [ -149.848223639999958, 63.801235470000051 ], [ -149.848027806999966, 63.801237535000041 ], [ -149.847379032999982, 63.801244141000041 ], [ -149.842527806999982, 63.80129353600006 ], [ -149.839970514999976, 63.801320223000062 ], [ -149.836969807999964, 63.801351537000073 ], [ -149.834257444999963, 63.801353081000059 ], [ -149.831696807999975, 63.801354538000055 ], [ -149.829013567999965, 63.801382242000045 ], [ -149.827433570999972, 63.801398556000038 ], [ -149.826369806999963, 63.801409539000076 ], [ -149.821158807999979, 63.801409540000066 ], [ -149.820414047999975, 63.801417783000034 ], [ -149.818980704999973, 63.801433646000078 ], [ -149.816441266999959, 63.801461751000033 ], [ -149.815827808999984, 63.801468541000077 ], [ -149.810560807999963, 63.80146854000003 ], [ -149.806881544999982, 63.801506903000075 ], [ -149.805894714999965, 63.801517192000063 ], [ -149.805285808999969, 63.801523541000051 ], [ -149.803311525999959, 63.801544514000057 ], [ -149.80001380799996, 63.801579543000059 ], [ -149.794685807999969, 63.801579544000049 ], [ -149.792092691999983, 63.801609882000037 ], [ -149.789471808999963, 63.801640545000055 ], [ -149.784144808999969, 63.801640546000044 ], [ -149.781470079999963, 63.801669966000077 ], [ -149.77887180899998, 63.801698547000058 ], [ -149.776893641999976, 63.801719571000035 ], [ -149.773603711999982, 63.801754535000043 ], [ -149.773602807999964, 63.80175454700003 ], [ -149.773371219999973, 63.801752190000059 ], [ -149.77010213799997, 63.801718924000056 ], [ -149.769014813999974, 63.801707860000079 ], [ -149.768099808999978, 63.801698549000037 ], [ -149.762658809999976, 63.801698549000037 ], [ -149.761367214999979, 63.801684929000032 ], [ -149.759887129999981, 63.801669321000077 ], [ -149.758741777999973, 63.801657243000079 ], [ -149.757158808999975, 63.801640551000048 ], [ -149.751713808999966, 63.801640551000048 ], [ -149.750118688999976, 63.801624310000079 ], [ -149.74959413199997, 63.80161896900006 ], [ -149.746213809999972, 63.801584551000076 ], [ -149.744617626999968, 63.801583101000062 ], [ -149.743499850999967, 63.801582085000064 ], [ -149.742777635999971, 63.801581429000066 ], [ -149.740713808999971, 63.801579553000067 ], [ -149.735272809999969, 63.801526554000077 ], [ -149.729769810999983, 63.801526555000066 ], [ -149.729680405999972, 63.801525636000065 ], [ -149.729076237999976, 63.801519422000069 ], [ -149.724324809999956, 63.801470556000083 ], [ -149.718883808999976, 63.801470557000073 ], [ -149.713327809999981, 63.801412558000038 ], [ -149.70788380999997, 63.801412559000028 ], [ -149.706972447999959, 63.80140284600003 ], [ -149.70539488999998, 63.801386033000028 ], [ -149.702441809999982, 63.80135456000005 ], [ -149.696941807999963, 63.801354561000039 ], [ -149.691496808999972, 63.801354562000029 ], [ -149.685938808999964, 63.801354563000075 ], [ -149.680324807999966, 63.801357564000057 ], [ -149.674766808999976, 63.801354565000054 ], [ -149.669208808999969, 63.801357566000036 ], [ -149.663594810999967, 63.801357566000036 ], [ -149.661576031999971, 63.80137753300005 ], [ -149.658514962999959, 63.801407808000079 ], [ -149.658033810999967, 63.801412567000057 ], [ -149.652477809999965, 63.801412568000046 ], [ -149.646921809999981, 63.801412569000036 ], [ -149.641305809999977, 63.801412570000082 ], [ -149.635805809999965, 63.801470571000038 ], [ -149.630191809999957, 63.801412572000061 ], [ -149.629708714999964, 63.80140784200006 ], [ -149.629661272999982, 63.801407377000032 ], [ -149.624574810999974, 63.801357573000075 ], [ -149.621356384999984, 63.801322394000067 ], [ -149.61890280999998, 63.801295574000051 ], [ -149.616127292999977, 63.80126986700003 ], [ -149.614574767999983, 63.801255486000059 ], [ -149.613288810999961, 63.801243575000058 ], [ -149.607674810999981, 63.801243576000047 ], [ -149.605705680999961, 63.801222890000076 ], [ -149.604377430999961, 63.80120893600008 ], [ -149.603740364999965, 63.801202243000034 ], [ -149.602058810999978, 63.801184577000072 ], [ -149.600011112999965, 63.801164724000046 ], [ -149.599260698999984, 63.801157449000073 ], [ -149.596385810999976, 63.80112957800003 ], [ -149.595373788999979, 63.801118946000031 ], [ -149.594007232999957, 63.801104589000033 ], [ -149.591816048999959, 63.801081570000065 ], [ -149.590769808999966, 63.801070579000054 ], [ -149.585158809999967, 63.801012580000076 ], [ -149.57959981099998, 63.801012581000066 ], [ -149.574327809999971, 63.801012582000055 ], [ -149.569113810999966, 63.801012582000055 ], [ -149.563844810999967, 63.801012583000045 ], [ -149.558630811999961, 63.801012583000045 ], [ -149.553416810999977, 63.801012584000034 ], [ -149.548144809999968, 63.80101258500008 ], [ -149.542930810999962, 63.80101258600007 ], [ -149.537716811999957, 63.801012587000059 ], [ -149.532502810999972, 63.801012588000049 ], [ -149.52722781099996, 63.801012590000028 ], [ -149.522074811999971, 63.801012591000074 ], [ -149.516460810999973, 63.801012592000063 ], [ -149.510902810999966, 63.801012592000063 ], [ -149.505344809999968, 63.801012592000063 ], [ -149.499788811999963, 63.801012593000053 ], [ -149.494230810999966, 63.801073595000048 ], [ -149.488672811999976, 63.801073596000037 ], [ -149.483113810999981, 63.801073597000027 ], [ -149.477555810999974, 63.801073597000027 ], [ -149.475510695999958, 63.801094210000031 ], [ -149.471999812999968, 63.801129598000045 ], [ -149.471092278999976, 63.80112992800008 ], [ -149.470014237999976, 63.801130320000027 ], [ -149.467824313999984, 63.801131117000068 ], [ -149.466499811999967, 63.80113159900003 ], [ -149.460883811999963, 63.801131601000066 ], [ -149.455324812999976, 63.801131602000055 ], [ -149.453433880999967, 63.80115085500006 ], [ -149.449824811999974, 63.801187603000074 ], [ -149.448549046999972, 63.801188306000029 ], [ -149.447071182999963, 63.80118912100005 ], [ -149.444383812999973, 63.801190604000055 ], [ -149.441743978999966, 63.801189134000083 ], [ -149.440265552999961, 63.801188310000043 ], [ -149.438997811999968, 63.801187605000052 ], [ -149.437734172999967, 63.801188308000064 ], [ -149.436270271999973, 63.801189123000029 ], [ -149.433610812999973, 63.801190605000045 ], [ -149.432001638999964, 63.80120703800003 ], [ -149.430723905999969, 63.801220086000058 ], [ -149.428224812999957, 63.801245607000055 ], [ -149.422838811999981, 63.801245606000066 ], [ -149.417396811999964, 63.801245608000045 ], [ -149.41424671599998, 63.801280116000044 ], [ -149.412010811999977, 63.801304609000056 ], [ -149.406624812999979, 63.801304609000056 ], [ -149.401235812999971, 63.801304610000045 ], [ -149.396725828999962, 63.801353205000055 ], [ -149.396036962999972, 63.801360628000054 ], [ -149.395852811999958, 63.801362612000048 ], [ -149.39041081299996, 63.801362612000048 ], [ -149.385080812999973, 63.80142061500004 ], [ -149.379408812999969, 63.801362615000073 ], [ -149.373794813999979, 63.801362616000063 ], [ -149.372855514999969, 63.801352912000027 ], [ -149.370335926999957, 63.801326882000069 ], [ -149.36818081399997, 63.801304617000028 ], [ -149.36256381299998, 63.801307618000067 ], [ -149.356946811999961, 63.801304619000064 ], [ -149.35582454599998, 63.801293533000035 ], [ -149.353326053999979, 63.801268852000078 ], [ -149.352412785999974, 63.801259831000039 ], [ -149.351277813999957, 63.801248620000081 ], [ -149.345666811999962, 63.80124862100007 ], [ -149.342950736999967, 63.801220590000071 ], [ -149.342638022999978, 63.801217363000035 ], [ -149.340046812999958, 63.801190621000046 ], [ -149.334433813999965, 63.801190622000036 ], [ -149.328819812999967, 63.801190622000036 ], [ -149.327891944999976, 63.801180876000046 ], [ -149.326806634999969, 63.801169476000041 ], [ -149.324115484999965, 63.801141207000057 ], [ -149.323488812999983, 63.801134624000042 ], [ -149.31810581199997, 63.801134625000032 ], [ -149.312833812999969, 63.801134626000078 ], [ -149.307447813999971, 63.801134627000067 ], [ -149.302119811999972, 63.801134627000067 ], [ -149.29679181399996, 63.801134629000046 ], [ -149.291460812999958, 63.801134630000035 ], [ -149.290180862999961, 63.801120694000076 ], [ -149.287026503999982, 63.801086351000038 ], [ -149.286133812999964, 63.801076631000058 ], [ -149.280805813999962, 63.801076632000047 ], [ -149.27547781399997, 63.801076633000037 ], [ -149.270091813999983, 63.801076633000037 ], [ -149.264819813999964, 63.801079634000075 ], [ -149.259435814999961, 63.801079635000065 ], [ -149.25416381399998, 63.801079636000054 ], [ -149.248433813999981, 63.801079637000043 ], [ -149.242819813999972, 63.801079638000033 ], [ -149.237205813999964, 63.801079639000079 ], [ -149.231588813999963, 63.801079640000069 ], [ -149.225974812999965, 63.801079641000058 ], [ -149.220244813999983, 63.801079642000047 ], [ -149.214630814999964, 63.801079643000037 ], [ -149.209016814999984, 63.801079644000083 ], [ -149.203399813999965, 63.801079645000073 ], [ -149.197727813999961, 63.801079646000062 ], [ -149.192113813999981, 63.801079647000051 ], [ -149.188673197999975, 63.801044274000049 ], [ -149.188238825999974, 63.801039809000031 ], [ -149.186666813999977, 63.801023648000069 ], [ -149.181169813999958, 63.801023649000058 ], [ -149.179660117999958, 63.801007559000027 ], [ -149.178475055999968, 63.800994929000069 ], [ -149.176942575999959, 63.80097859600005 ], [ -149.17572781299998, 63.80096565000008 ], [ -149.170283812999969, 63.80096565000008 ], [ -149.164783814999964, 63.80096565100007 ], [ -149.159341814999976, 63.800907653000081 ], [ -149.153897813999976, 63.800907653000081 ], [ -149.148396813999966, 63.800907654000071 ], [ -149.14712321899998, 63.800908123000056 ], [ -149.144879230999976, 63.800908948000028 ], [ -149.143189990999957, 63.800909569000055 ], [ -149.142955814999965, 63.800909655000055 ], [ -149.137510815999974, 63.800909656000044 ], [ -149.132010814999973, 63.800909657000034 ], [ -149.131808301999968, 63.800907476000077 ], [ -149.127625385999977, 63.800862433000077 ], [ -149.126624813999968, 63.800851658000056 ], [ -149.121183814999966, 63.800851659000045 ], [ -149.115797815999969, 63.800851660000035 ], [ -149.110410813999977, 63.800851661000081 ], [ -149.10496381599998, 63.800851662000071 ], [ -149.099580813999978, 63.80085166300006 ], [ -149.094196815999965, 63.80085166300006 ], [ -149.09393646999996, 63.800848956000038 ], [ -149.093422812999961, 63.800843616000066 ], [ -149.091536366999975, 63.80082400200007 ], [ -149.088810815999977, 63.800795664000077 ], [ -149.083369815999959, 63.800795666000056 ], [ -149.077980813999972, 63.800795666000056 ], [ -149.072594814999974, 63.800795668000035 ], [ -149.067152815999975, 63.800795669000081 ], [ -149.061766813999981, 63.800795669000081 ], [ -149.056380814999983, 63.80079567100006 ], [ -149.053499102999979, 63.800764639000079 ], [ -149.050994814999967, 63.800737671000036 ], [ -149.050458676999966, 63.800732252000046 ], [ -149.045552814999979, 63.80068267200005 ], [ -149.044901852999971, 63.800675541000032 ], [ -149.041488971999968, 63.800638155000058 ], [ -149.040166813999974, 63.800623673000075 ], [ -149.034838813999983, 63.800623674000065 ], [ -149.033241792999974, 63.800607540000044 ], [ -149.029394814999961, 63.800568674000033 ], [ -149.026256267999969, 63.800534294000045 ], [ -149.025282602999965, 63.800523628000064 ], [ -149.024008814999974, 63.800509675000058 ], [ -149.021571096999963, 63.800483695000082 ], [ -149.019521577999967, 63.800461852000069 ], [ -149.018965178999963, 63.800455922000083 ], [ -149.018566813999968, 63.80045167600008 ], [ -149.013238814999966, 63.800451677000069 ], [ -149.012493794999983, 63.80044401300006 ], [ -149.007933471999962, 63.800397104000069 ], [ -149.007795613999974, 63.800395682000044 ], [ -149.007794814999983, 63.800395673000082 ], [ -149.00240881299996, 63.800337679000052 ], [ -148.997080814999975, 63.800337680000041 ], [ -148.996900680999971, 63.800335780000069 ], [ -148.99658344599996, 63.800332433000051 ], [ -148.991866813999962, 63.800282681000056 ], [ -148.986652815999975, 63.800282682000045 ], [ -148.981496813999968, 63.800282683000034 ], [ -148.97628381399997, 63.800282684000081 ], [ -148.971124814999968, 63.800282684000081 ], [ -148.965908814999977, 63.80028268500007 ], [ -148.962448400999961, 63.800240737000081 ], [ -148.962252124999964, 63.800238358000058 ], [ -148.962160479999966, 63.800237247000041 ], [ -148.961041813999969, 63.800223686000038 ], [ -148.956227813999959, 63.800223687000027 ], [ -148.954782402999967, 63.800207360000059 ], [ -148.951358814999963, 63.800168688000042 ], [ -148.946546814999977, 63.800168689000031 ], [ -148.942535813999967, 63.799768689000075 ], [ -148.940943245999961, 63.79963170700006 ], [ -148.939530380999969, 63.799510182000063 ], [ -148.938893216999958, 63.799455377000072 ], [ -148.938524909999984, 63.799423698000055 ], [ -148.938524814999965, 63.799423690000083 ], [ -148.93723934099998, 63.798209678000035 ], [ -148.935430811999964, 63.79650169100006 ], [ -148.934774812999962, 63.795978967000053 ], [ -148.931763807999971, 63.793579691000048 ], [ -148.93161222699996, 63.793086393000067 ], [ -148.93149349799998, 63.792700006000075 ], [ -148.931062097999984, 63.791296075000048 ], [ -148.930847806999964, 63.79059869200006 ], [ -148.926435804999983, 63.787734693000061 ], [ -148.923169803999969, 63.786245693000069 ], [ -148.921166134999964, 63.78531718000005 ], [ -148.920567132999963, 63.785039598000083 ], [ -148.919958801999968, 63.784757694000064 ], [ -148.918335433999971, 63.78368895300008 ], [ -148.916386087999967, 63.782405606000054 ], [ -148.915430799999967, 63.78177669400003 ], [ -148.915149483999983, 63.78094830200007 ], [ -148.91507909699996, 63.780741034000073 ], [ -148.914399795999969, 63.778740694000078 ], [ -148.914113793999974, 63.775873696000076 ], [ -148.914213458999967, 63.775029577000055 ], [ -148.914458791999976, 63.772951697000053 ], [ -148.914503076999978, 63.77176187200007 ], [ -148.914511112999975, 63.771545970000034 ], [ -148.91453380699997, 63.770936232000054 ], [ -148.914571789999968, 63.769915696000055 ], [ -148.913138785999962, 63.766993696000043 ], [ -148.912420438999959, 63.765678191000063 ], [ -148.912302727999958, 63.76546262800008 ], [ -148.911419782999957, 63.763845697000079 ], [ -148.908783780999983, 63.760862698000039 ], [ -148.908190262999966, 63.760598214000083 ], [ -148.907907076999976, 63.760472020000066 ], [ -148.905574779999966, 63.759432698000069 ], [ -148.90422488699997, 63.758829286000037 ], [ -148.903137676999961, 63.758343296000078 ], [ -148.902366777999958, 63.757998699000041 ], [ -148.902343550999973, 63.75793030300008 ], [ -148.90209370599996, 63.757194583000057 ], [ -148.901779233999974, 63.756268555000077 ], [ -148.901335774999978, 63.754962699000032 ], [ -148.901920745999973, 63.753525126000056 ], [ -148.902594718999978, 63.751868828000056 ], [ -148.902594771999958, 63.751868698000067 ], [ -148.90422511899996, 63.751667526000062 ], [ -148.905860771999983, 63.75146569900005 ], [ -148.909127771999977, 63.751179698000044 ], [ -148.909128049999964, 63.75117946000006 ], [ -148.910567619999966, 63.749945770000068 ], [ -148.91138292499997, 63.749247065000077 ], [ -148.912735769999983, 63.748087697000074 ], [ -148.908955766999981, 63.74516569900004 ], [ -148.905460767999983, 63.744476699000074 ], [ -148.904739660999979, 63.744344349000073 ], [ -148.903708204999958, 63.744155039000077 ], [ -148.902022766999977, 63.743845700000065 ], [ -148.89880645599996, 63.742590949000032 ], [ -148.898680130999963, 63.742541667000069 ], [ -148.898641765999969, 63.742526700000042 ], [ -148.898407620999961, 63.742433875000074 ], [ -148.895319763999964, 63.741209701000059 ], [ -148.892422322999977, 63.739815748000069 ], [ -148.892224761999984, 63.739720703000046 ], [ -148.889185761999983, 63.738345702000061 ], [ -148.888616152999958, 63.738185849000047 ], [ -148.887868842999978, 63.737976127000081 ], [ -148.885921759999974, 63.737429703000032 ], [ -148.882655760999967, 63.736626698000066 ], [ -148.882655706999969, 63.73662667800005 ], [ -148.879619757999961, 63.735137704000067 ], [ -148.876697700999983, 63.733707166000045 ], [ -148.876697136999979, 63.733706890000065 ], [ -148.87669675799998, 63.733706705000031 ], [ -148.875721755999962, 63.730782705000081 ], [ -148.875722309999958, 63.730782418000047 ], [ -148.875722637999957, 63.730782248000082 ], [ -148.876994196999959, 63.730123221000042 ], [ -148.878047065999965, 63.729577537000068 ], [ -148.87870275399996, 63.72923770500006 ], [ -148.880317187999964, 63.728428858000029 ], [ -148.881680745999972, 63.72774570200005 ], [ -148.882457449999976, 63.725999677000061 ], [ -148.883055749999983, 63.724654704000045 ], [ -148.884155403999983, 63.724133497000082 ], [ -148.884752227999968, 63.723850618000029 ], [ -148.886321748999961, 63.723106705000077 ], [ -148.888847693999963, 63.721978725000042 ], [ -148.889530614999984, 63.72167376200008 ], [ -148.88953074799997, 63.721673703000079 ], [ -148.890211965999981, 63.720258195000042 ], [ -148.891019744999966, 63.718579704000035 ], [ -148.891019444999984, 63.718579430000034 ], [ -148.88955088199998, 63.717268756000067 ], [ -148.887810741999971, 63.715715703000058 ], [ -148.886703435999976, 63.715554533000045 ], [ -148.886039670999963, 63.715457921000052 ], [ -148.884258741999957, 63.715198705000034 ], [ -148.88224214799996, 63.714938755000048 ], [ -148.882132393999967, 63.714924607000057 ], [ -148.881915767999971, 63.714896683000063 ], [ -148.880705740999957, 63.714740704000064 ], [ -148.879018298999966, 63.714541067000027 ], [ -148.877324739999978, 63.71434070600003 ], [ -148.874644393999972, 63.714015547000031 ], [ -148.874280144999972, 63.713971359000027 ], [ -148.87400273999998, 63.713937707000071 ], [ -148.872898824999965, 63.713162730000079 ], [ -148.869761115999978, 63.710959977000073 ], [ -148.869761049999966, 63.710959930000058 ], [ -148.869760736999979, 63.710959707000029 ], [ -148.871167651999968, 63.710121822000076 ], [ -148.871272763999968, 63.71005922300003 ], [ -148.871352826999981, 63.710011541000029 ], [ -148.872455735999978, 63.709354706000056 ], [ -148.875260735999973, 63.707807707000029 ], [ -148.875260675999982, 63.707807442000046 ], [ -148.874574816999967, 63.704771078000078 ], [ -148.874574747999958, 63.704770774000053 ], [ -148.874574732999974, 63.70477070700008 ], [ -148.872794467999967, 63.704629706000048 ], [ -148.870963731999979, 63.704484708000052 ], [ -148.867410731999968, 63.704198708000035 ], [ -148.865842722999957, 63.704503235000061 ], [ -148.863574731999961, 63.704943709000077 ], [ -148.862897536999981, 63.705066868000074 ], [ -148.861999324999971, 63.705230223000058 ], [ -148.85979173299998, 63.705631709000045 ], [ -148.858089056999972, 63.705683046000047 ], [ -148.856010733999966, 63.705745709000041 ], [ -148.854080240999963, 63.705835367000077 ], [ -148.853212206999956, 63.705875682000055 ], [ -148.852285732999974, 63.705918711000038 ], [ -148.848847733999975, 63.705976711000062 ], [ -148.845470626999969, 63.706090678000066 ], [ -148.845469732999959, 63.706090713000037 ], [ -148.844539591999961, 63.706075760000033 ], [ -148.841799733999977, 63.706031712000083 ], [ -148.838494766999958, 63.705982129000063 ], [ -148.838395537999958, 63.705980640000064 ], [ -148.838133732999978, 63.705976713000041 ], [ -148.837260203999961, 63.705975910000063 ], [ -148.836095479999983, 63.705974840000067 ], [ -148.834869733999966, 63.705973714000038 ], [ -148.831602732999983, 63.705973714000038 ], [ -148.829080733999973, 63.704426715000068 ], [ -148.826943137999962, 63.703212866000058 ], [ -148.826561154999979, 63.702995954000073 ], [ -148.826561037999966, 63.702995888000032 ], [ -148.826560731999962, 63.702995714000053 ], [ -148.826214917999977, 63.701870687000053 ], [ -148.826096039999982, 63.701483944000074 ], [ -148.826042384999965, 63.701309391000052 ], [ -148.825644746999984, 63.700015771000039 ], [ -148.825644729999965, 63.700015715000063 ], [ -148.825644460999968, 63.700015638000082 ], [ -148.822263726999978, 63.699043716000062 ], [ -148.82134622099997, 63.698774673000059 ], [ -148.81893872699996, 63.698068717000069 ], [ -148.817254685999984, 63.697981017000075 ], [ -148.81574243999998, 63.697902264000049 ], [ -148.815616727999981, 63.697895717000051 ], [ -148.812349725999979, 63.697723718000077 ], [ -148.808911098999971, 63.696348877000048 ], [ -148.808910722999968, 63.696348724000075 ], [ -148.805866531999982, 63.695110328000055 ], [ -148.805530730999976, 63.694973710000056 ], [ -148.801977723999983, 63.693598720000068 ], [ -148.798427723999964, 63.692281722000075 ], [ -148.796008508999961, 63.69057962100004 ], [ -148.794704756999977, 63.689662333000058 ], [ -148.79378571999996, 63.689015722000079 ], [ -148.792524718999971, 63.686151721000044 ], [ -148.791694865999972, 63.685918723000043 ], [ -148.789258716999967, 63.685234723000065 ], [ -148.787589937999968, 63.684766832000037 ], [ -148.785991714999966, 63.684318723000047 ], [ -148.78486688199996, 63.68336183100007 ], [ -148.784692983999975, 63.683213896000041 ], [ -148.782555712999965, 63.681395723000037 ], [ -148.781934326999959, 63.679997494000077 ], [ -148.78118071199998, 63.67830172500004 ], [ -148.784616709999966, 63.67686872400003 ], [ -148.787252264999978, 63.675745557000027 ], [ -148.788110707999977, 63.675379724000038 ], [ -148.788110995999972, 63.675379478000082 ], [ -148.789254605999957, 63.674404056000071 ], [ -148.791605165999982, 63.672399186000064 ], [ -148.791605519999962, 63.672398884000074 ], [ -148.791605704999967, 63.672398723000072 ], [ -148.793521380999977, 63.67121415400004 ], [ -148.79401370399998, 63.670909723000079 ], [ -148.794650305999966, 63.670510524000065 ], [ -148.796117932999977, 63.669590207000056 ], [ -148.796480701999968, 63.669362723000063 ], [ -148.796730242999956, 63.66925701200006 ], [ -148.799858699999959, 63.667931722000048 ], [ -148.800990506999966, 63.667479130000061 ], [ -148.801061085999976, 63.667450907000045 ], [ -148.803294699999981, 63.66655772200005 ], [ -148.80453385399997, 63.66623618300008 ], [ -148.805328189999983, 63.666030066000076 ], [ -148.806615993999969, 63.665695902000039 ], [ -148.806616697999971, 63.665695719000041 ], [ -148.809941698999978, 63.664837720000037 ], [ -148.81326669699996, 63.663862719000065 ], [ -148.813918039999976, 63.663674720000074 ], [ -148.814976391999977, 63.663369246000059 ], [ -148.816644451999963, 63.662887789000081 ], [ -148.816644695999969, 63.662887719000082 ], [ -148.819584968999976, 63.66392032400006 ], [ -148.819910697999973, 63.664034718000039 ], [ -148.820112952999978, 63.664104409000061 ], [ -148.821612721999969, 63.664621182000076 ], [ -148.822231628999958, 63.664834437000081 ], [ -148.823233597999973, 63.665179683000076 ], [ -148.823233698999957, 63.665179718000047 ], [ -148.824982716999983, 63.664566544000081 ], [ -148.826254818999956, 63.664120567000055 ], [ -148.826499697999964, 63.66403471700005 ], [ -148.826643160999964, 63.663984303000063 ], [ -148.829763697999965, 63.662887716000057 ], [ -148.829816990999973, 63.661400925000066 ], [ -148.829880693999968, 63.659623717000045 ], [ -148.829104667999957, 63.659426785000051 ], [ -148.828288907999962, 63.65921976900006 ], [ -148.826499693999978, 63.658765718000041 ], [ -148.823172691999957, 63.657904719000044 ], [ -148.820995474999961, 63.657829958000036 ], [ -148.819852693999962, 63.657790718000058 ], [ -148.818197169999962, 63.65773241200003 ], [ -148.817008168999962, 63.657690536000075 ], [ -148.816530691999958, 63.657673719000059 ], [ -148.816530609999973, 63.657673597000041 ], [ -148.816068480999974, 63.656987547000028 ], [ -148.814524949999964, 63.654696106000074 ], [ -148.814524688999967, 63.654695719000074 ], [ -148.814524842999958, 63.654695761000028 ], [ -148.817786515999984, 63.655580398000041 ], [ -148.81790558199998, 63.655612695000059 ], [ -148.817905687999968, 63.655612723000047 ], [ -148.821399691999972, 63.656470718000037 ], [ -148.823071365999965, 63.656524055000034 ], [ -148.825066689999971, 63.656587719000072 ], [ -148.82672782299997, 63.656661986000074 ], [ -148.828846692999974, 63.656756717000064 ], [ -148.830262750999964, 63.656586790000063 ], [ -148.830693938999957, 63.65653504800008 ], [ -148.832171690999957, 63.656357717000049 ], [ -148.832988732999979, 63.656260329000077 ], [ -148.835552691999965, 63.655954717000043 ], [ -148.836473785999971, 63.655116313000065 ], [ -148.838760588999975, 63.653034806000051 ], [ -148.838760687999979, 63.653034716000036 ], [ -148.840477685999957, 63.649937716000068 ], [ -148.840435960999969, 63.649777267000047 ], [ -148.839733682999963, 63.647076717000061 ], [ -148.839733347999982, 63.647076651000077 ], [ -148.838115010999957, 63.646756499000048 ], [ -148.836235682999984, 63.646384717000046 ], [ -148.835454710999983, 63.646242081000082 ], [ -148.835245318999966, 63.646203838000076 ], [ -148.832802680999976, 63.645757718000027 ], [ -148.829477680999958, 63.645815718000051 ], [ -148.828574013999969, 63.645846701000039 ], [ -148.826152682999975, 63.645929718000048 ], [ -148.825210607999963, 63.645732015000078 ], [ -148.824310719999971, 63.645543165000049 ], [ -148.822602681999967, 63.645184719000042 ], [ -148.819163677999967, 63.644437725000046 ], [ -148.817303902999981, 63.643924353000045 ], [ -148.815841680999966, 63.643520721000073 ], [ -148.815229195999962, 63.643348993000075 ], [ -148.814095994999974, 63.643031267000083 ], [ -148.812574679999983, 63.642604722000044 ], [ -148.812574675999969, 63.642604624000057 ], [ -148.81252754099998, 63.641324668000038 ], [ -148.812458676999967, 63.63945472100005 ], [ -148.812458274999983, 63.639454572000034 ], [ -148.811077263999977, 63.638942237000037 ], [ -148.809642943999961, 63.638410125000064 ], [ -148.808908674999969, 63.638137722000067 ], [ -148.807840704999961, 63.637775521000037 ], [ -148.806988111999971, 63.63748636400004 ], [ -148.805355674999959, 63.636932723000029 ], [ -148.802088673999975, 63.636018722000074 ], [ -148.798822672999961, 63.635215723000044 ], [ -148.798822634999965, 63.635215671000083 ], [ -148.798770028999968, 63.635144635000074 ], [ -148.796530708999967, 63.632120776000079 ], [ -148.796530670999971, 63.63212072500005 ], [ -148.796894574999982, 63.631575219000069 ], [ -148.797229124999973, 63.631073717000049 ], [ -148.798594667999964, 63.629026725000074 ], [ -148.798974850999969, 63.626409415000069 ], [ -148.799052659999973, 63.625873756000033 ], [ -148.799052664999977, 63.62587372400003 ], [ -148.798237409999956, 63.623344307000082 ], [ -148.79801966399998, 63.62266872500004 ], [ -148.799280658999976, 63.619573724000077 ], [ -148.801410031999978, 63.616947437000078 ], [ -148.801744596999981, 63.616534798000032 ], [ -148.801744656999972, 63.616534724000076 ], [ -148.801835187999984, 63.616457301000082 ], [ -148.802458821999977, 63.615923962000068 ], [ -148.805294655999973, 63.613498725000056 ], [ -148.805002934999976, 63.612354560000028 ], [ -148.804883978999982, 63.611888 ], [ -148.804549650999974, 63.610576724000055 ], [ -148.805362626999965, 63.609807577000083 ], [ -148.807320132999962, 63.607955600000082 ], [ -148.807758648999965, 63.607540725000035 ], [ -148.812227534999977, 63.604101810000031 ], [ -148.812227646999958, 63.604101723000042 ], [ -148.812375689999982, 63.604031810000038 ], [ -148.815380643999958, 63.602612724000039 ], [ -148.816388046999975, 63.602136525000049 ], [ -148.818239219999981, 63.601261478000083 ], [ -148.818530642999974, 63.601123723000057 ], [ -148.818728422999982, 63.601031338000041 ], [ -148.819060339999965, 63.600876295000035 ], [ -148.821966641999978, 63.599518723000074 ], [ -148.825405641999964, 63.598029721000046 ], [ -148.827252051999977, 63.596783635000065 ], [ -148.830160638999956, 63.594820721000076 ], [ -148.835030634999981, 63.591898721000064 ], [ -148.835380678999968, 63.591665306000039 ], [ -148.835752152999959, 63.591417601000046 ], [ -148.839499632999974, 63.588918719000048 ], [ -148.841922708999959, 63.58675749400004 ], [ -148.842084617999973, 63.586613082000042 ], [ -148.842710629999971, 63.58605471900006 ], [ -148.842710553999979, 63.586054589000071 ], [ -148.84158087199998, 63.584122625000077 ], [ -148.84130670899998, 63.583653756000047 ], [ -148.840933628999977, 63.583015721000038 ], [ -148.84089412199998, 63.582283601000029 ], [ -148.840842356999957, 63.58132431100006 ], [ -148.84076062699998, 63.579809721000061 ], [ -148.840013622999976, 63.57677072000007 ], [ -148.840004886999964, 63.576740407000045 ], [ -148.839720650999965, 63.575754199000073 ], [ -148.839155619999957, 63.573793720000083 ], [ -148.839102742999984, 63.573561844000039 ], [ -148.839009616999959, 63.573153466000065 ], [ -148.838410616999965, 63.570526721000078 ], [ -148.837843973999981, 63.569433644000071 ], [ -148.837477078999967, 63.568725889000063 ], [ -148.837157679999962, 63.568109754000034 ], [ -148.836747614999979, 63.567318722000039 ], [ -148.835684923999963, 63.566120235000028 ], [ -148.834782881999956, 63.565102925000076 ], [ -148.834055613999965, 63.56428272200003 ], [ -148.834055623999973, 63.564282440000056 ], [ -148.834169610999965, 63.561070722000068 ], [ -148.833456134999977, 63.55828234300003 ], [ -148.833447050999979, 63.558246839000049 ], [ -148.833363684999966, 63.557921031000035 ], [ -148.833363605999978, 63.557920722000063 ], [ -148.832225309999984, 63.556683794000037 ], [ -148.831604586999958, 63.556009286000062 ], [ -148.831084260999972, 63.555443875000037 ], [ -148.830674801999976, 63.554998936000061 ], [ -148.830674681999966, 63.554998806000071 ], [ -148.830674604999956, 63.55499872300004 ], [ -148.830079842999965, 63.554736711000032 ], [ -148.827294601999967, 63.553509724000037 ], [ -148.825199508999958, 63.552571501000045 ], [ -148.823969600999959, 63.552020725000034 ], [ -148.822848389999962, 63.550805741000033 ], [ -148.82121959899996, 63.549040726000044 ], [ -148.821219359999958, 63.54904061700006 ], [ -148.821219221999968, 63.549040554000044 ], [ -148.818626885999976, 63.547854413000039 ], [ -148.81783859899997, 63.547493727000074 ], [ -148.816134870999974, 63.546770902000048 ], [ -148.814458597999959, 63.546059726000067 ], [ -148.812978787999981, 63.543582008000044 ], [ -148.812680594999961, 63.543082728000059 ], [ -148.812475099999972, 63.542663902000072 ], [ -148.812389735999972, 63.542489919000047 ], [ -148.812050074999974, 63.541797646000077 ], [ -148.811133589999969, 63.539929727000072 ], [ -148.810221547999959, 63.538608840000052 ], [ -148.808958588999957, 63.536779729000045 ], [ -148.809072584999967, 63.533226728000045 ], [ -148.809185640999971, 63.53306660700008 ], [ -148.811133582999958, 63.530307729000072 ], [ -148.811047966999979, 63.528747360000068 ], [ -148.810960580999961, 63.527154728000028 ], [ -148.810743611999982, 63.526759519000052 ], [ -148.809916489999978, 63.525252915000067 ], [ -148.809072577999956, 63.52371572900006 ], [ -148.80895642699997, 63.523449995000078 ], [ -148.807519574999958, 63.520162730000038 ], [ -148.807520043999972, 63.520162556000059 ], [ -148.810902573999982, 63.518904730000031 ], [ -148.812298800999969, 63.518368812000062 ], [ -148.812692924999965, 63.51821753400003 ], [ -148.813104985999956, 63.518059371000049 ], [ -148.814341572999979, 63.517584729000077 ], [ -148.815423623999976, 63.517087394000043 ], [ -148.815528218999958, 63.517039320000038 ], [ -148.815782996999957, 63.516922218000047 ], [ -148.817833571999984, 63.515979728000048 ], [ -148.821330568999969, 63.514376728000059 ], [ -148.821330673999967, 63.514376579000043 ], [ -148.821901568999976, 63.513562473000036 ], [ -148.823621566999975, 63.511109728000065 ], [ -148.824252563999977, 63.507901728000036 ], [ -148.82425256199997, 63.505037728000048 ], [ -148.825627558999969, 63.501884727000061 ], [ -148.825627555999972, 63.498734868000042 ], [ -148.825627555999972, 63.498734728000045 ], [ -148.824708553999983, 63.495526728000073 ], [ -148.82478083899997, 63.494499948000055 ], [ -148.82487159599998, 63.493210791000081 ], [ -148.824938549999956, 63.492259729000068 ], [ -148.825193562999971, 63.490120907000062 ], [ -148.825224317999982, 63.489862961000028 ], [ -148.825341547999983, 63.488879729000075 ], [ -148.825969491999956, 63.485956980000083 ], [ -148.825969545999982, 63.485956729000065 ], [ -148.82738228599996, 63.484508221000056 ], [ -148.82826054399996, 63.483607728000038 ], [ -148.83227254099998, 63.480343729000083 ], [ -148.83240139199998, 63.479999841000051 ], [ -148.832426405999968, 63.47993308000008 ], [ -148.832571541999982, 63.479545725000037 ], [ -148.832572167999956, 63.479545725000037 ], [ -149.182315828999975, 63.479537665000066 ], [ -149.182316464999957, 63.479537664000077 ], [ -149.182316536999963, 63.479537664000077 ], [ -149.182315812999974, 63.460657661000027 ], [ -149.182315541999969, 63.453590994000081 ], [ -149.182313469999968, 63.39953766900004 ], [ -149.261553978999956, 63.381661229000031 ], [ -149.269053822999979, 63.379969285000072 ], [ -149.296459447999979, 63.373786652000035 ], [ -150.519046431999982, 63.097973214000035 ], [ -151.059484728999962, 62.976051300000051 ], [ -151.842265930999957, 62.799457261000043 ], [ -151.886926928999969, 62.799455254000065 ], [ -151.945483180999958, 62.799453150000033 ], [ -152.081285919999971, 62.799448269000038 ], [ -152.08128591199997, 62.799448393000034 ], [ -152.081166932999963, 62.801217734000033 ], [ -152.081107925999959, 62.80209523700006 ], [ -152.080807810999971, 62.805850048000082 ], [ -152.080704928999978, 62.807137238000053 ], [ -152.08036093399997, 62.812179236000077 ], [ -152.080305935999974, 62.817220236000082 ], [ -152.080305940999978, 62.822320236000053 ], [ -152.080284553999974, 62.824289516000078 ], [ -152.080249945999981, 62.827476235000063 ], [ -152.080249949999967, 62.832515236000063 ], [ -152.080249952999964, 62.837676234000071 ], [ -152.080193573999964, 62.842409523000072 ], [ -152.080191957999972, 62.842545234000056 ], [ -152.080135959999978, 62.847473233000073 ], [ -152.080099315999973, 62.850550328000054 ], [ -152.080077964999958, 62.852343234000045 ], [ -152.08001896899998, 62.857212233000041 ], [ -152.079963972999963, 62.862140233000048 ], [ -152.079905975999964, 62.867068232000065 ], [ -152.079791981999961, 62.872395232000031 ], [ -152.079749619999973, 62.876428151000027 ], [ -152.079735984999957, 62.877726233000033 ], [ -152.079693688999981, 62.879703135000057 ], [ -152.079621990999982, 62.883054231000074 ], [ -152.079601671999967, 62.884921606000034 ], [ -152.079563994999972, 62.888384231000032 ], [ -152.079449997999973, 62.893715231000044 ], [ -152.079392001999963, 62.899040230000082 ], [ -152.079392852999973, 62.899040230000082 ], [ -152.079458002999957, 62.899040226000068 ], [ -152.085008001999967, 62.899040224000032 ], [ -152.085074001999971, 62.899040224000032 ], [ -152.090567002999961, 62.899040223000043 ], [ -152.090633001999976, 62.899040224000032 ], [ -152.096122001999959, 62.899040224000032 ], [ -152.096188000999973, 62.899040223000043 ], [ -152.101678001999971, 62.899040222000053 ], [ -152.101744001999975, 62.899040222000053 ], [ -152.107294000999957, 62.899040221000064 ], [ -152.107360001999979, 62.899040222000053 ], [ -152.112911001999976, 62.899040221000064 ], [ -152.112841198999973, 62.900759002000029 ], [ -152.112683005999969, 62.904654224000069 ], [ -152.112606271999965, 62.907159738000075 ], [ -152.112511010999981, 62.910270224000044 ], [ -152.112339015999964, 62.91600122400007 ], [ -152.112167018999969, 62.92161522300006 ], [ -152.112053023999977, 62.927287223000064 ], [ -152.112002622999967, 62.931825478000064 ], [ -152.111997027999962, 62.932329222000078 ], [ -152.111997031999977, 62.937370221000037 ], [ -152.111997036999981, 62.942354222000063 ], [ -152.111939040999971, 62.947398221000071 ], [ -152.111941366999957, 62.951302956000063 ], [ -152.11194204399996, 62.952440222000064 ], [ -152.111942048999964, 62.957482221000078 ], [ -152.112008047999979, 62.957482217000063 ], [ -152.117500048999972, 62.957482216000074 ], [ -152.117566047999958, 62.957482216000074 ], [ -152.123056048999985, 62.957482215000027 ], [ -152.123122046999981, 62.957482215000027 ], [ -152.128672046999981, 62.957482214000038 ], [ -152.128738047999974, 62.957482214000038 ], [ -152.134286048999968, 62.957482213000048 ], [ -152.134352046999965, 62.957482213000048 ], [ -152.139900046999969, 62.957482212000059 ], [ -152.139966046999973, 62.957482212000059 ], [ -152.145458047999966, 62.95748221100007 ], [ -152.14552404799997, 62.95748221100007 ], [ -152.151075047999967, 62.95748221000008 ], [ -152.151141046999982, 62.95748221000008 ], [ -152.156689046999958, 62.957482209000034 ], [ -152.15670796699996, 62.95748220300004 ], [ -152.156755046999962, 62.957482202000051 ], [ -152.162313046999969, 62.957479202000059 ], [ -152.165439225999961, 62.957448021000062 ], [ -152.165892199999973, 62.957443503000036 ], [ -152.166434828999968, 62.957438091000029 ], [ -152.16792704599996, 62.957423207000033 ], [ -152.173478046999975, 62.957423206000044 ], [ -152.173544046999979, 62.957423206000044 ], [ -152.179033046999962, 62.957423205000055 ], [ -152.179099045999976, 62.957423205000055 ], [ -152.184650045999973, 62.957423204000065 ], [ -152.184716046999966, 62.957423204000065 ], [ -152.190208045999981, 62.957423203000076 ], [ -152.190228982999969, 62.957423197000082 ], [ -152.190274044999967, 62.957423196000036 ], [ -152.195944045999966, 62.957420202000037 ], [ -152.20143904699998, 62.957420202000037 ], [ -152.207053044999981, 62.957423205000055 ], [ -152.207096745999962, 62.95742318300006 ], [ -152.207119045999974, 62.957423194000057 ], [ -152.212690327999979, 62.957420217000049 ], [ -152.218339044999965, 62.957423203000076 ], [ -152.218382577999961, 62.957423181000081 ], [ -152.218405044999969, 62.957423193000068 ], [ -152.224077043999984, 62.957420198000079 ], [ -152.229683044999973, 62.957420197000033 ], [ -152.229749043999959, 62.957420197000033 ], [ -152.235300043999985, 62.957420196000044 ], [ -152.23536604399996, 62.957420196000044 ], [ -152.24097204399996, 62.957420195000054 ], [ -152.241038043999964, 62.957420195000054 ], [ -152.246644045999972, 62.957420194000065 ], [ -152.246710044999958, 62.957420194000065 ], [ -152.252317042999977, 62.957420193000075 ], [ -152.25238304399997, 62.957420193000075 ], [ -152.25798904399997, 62.957420192000029 ], [ -152.258020632999973, 62.957420524000042 ], [ -152.258025199999963, 62.957420572000046 ], [ -152.258598762999981, 62.957426600000076 ], [ -152.263603043999979, 62.957479195000076 ], [ -152.263669041999975, 62.957479191000061 ], [ -152.269278042999957, 62.957479190000072 ], [ -152.269344043999979, 62.957479190000072 ], [ -152.274950043999979, 62.957479189000082 ], [ -152.27497019499998, 62.957479184000078 ], [ -152.275016043999983, 62.957479182000043 ], [ -152.278241749999978, 62.957477479000033 ], [ -152.28068804199998, 62.957476187000054 ], [ -152.286294043999959, 62.957476187000054 ], [ -152.286360041999984, 62.957476186000065 ], [ -152.291908042999978, 62.957476185000075 ], [ -152.291974042999982, 62.957476185000075 ], [ -152.297581041999962, 62.957476184000029 ], [ -152.297647041999966, 62.957476185000075 ], [ -152.303253042999984, 62.957476185000075 ], [ -152.30331904199997, 62.957476184000029 ], [ -152.30892504199997, 62.957476184000029 ], [ -152.308991040999985, 62.957476184000029 ], [ -152.314597040999956, 62.95747618300004 ], [ -152.31466304099996, 62.95747618300004 ], [ -152.320211041999983, 62.95747618200005 ], [ -152.320277040999969, 62.95747618200005 ], [ -152.325886041999979, 62.957476181000061 ], [ -152.325952042999972, 62.957476181000061 ], [ -152.331558041999983, 62.957476180000072 ], [ -152.331624040999969, 62.957476180000072 ], [ -152.33723004099997, 62.957476178000036 ], [ -152.337296039999984, 62.957476179000082 ], [ -152.342905040999966, 62.957476178000036 ], [ -152.342971039999981, 62.957476177000046 ], [ -152.34851704099998, 62.957476177000046 ], [ -152.348583039999966, 62.957476177000046 ], [ -152.354186040999963, 62.957476176000057 ], [ -152.35986404099998, 62.957531179000057 ], [ -152.359868770999981, 62.957531133000032 ], [ -152.359872061999965, 62.957531101000029 ], [ -152.359897366999974, 62.957530853000037 ], [ -152.359926318999982, 62.957531133000032 ], [ -152.359930040999984, 62.957531169000049 ], [ -152.364875283999964, 62.957482725000034 ], [ -152.365544039999975, 62.957476174000078 ], [ -152.371092039999979, 62.957476172000042 ], [ -152.371158039999983, 62.957476173000032 ], [ -152.376650040999976, 62.957476172000042 ], [ -152.376668477999971, 62.957476167000038 ], [ -152.37671604099998, 62.957476166000049 ], [ -152.377369487999971, 62.957475817000045 ], [ -152.378195190999975, 62.957475376000048 ], [ -152.380871111999966, 62.95747394700004 ], [ -152.38229077799997, 62.957473189000041 ], [ -152.384759911999964, 62.957474508000075 ], [ -152.385322726999959, 62.957474809000075 ], [ -152.385652799999974, 62.957474985000033 ], [ -152.387878040999965, 62.957476174000078 ], [ -152.387944037999972, 62.957476170000064 ], [ -152.393494040999968, 62.957476169000074 ], [ -152.393513080999981, 62.95747616400007 ], [ -152.393560039999983, 62.957476163000081 ], [ -152.394207123999962, 62.957475814000077 ], [ -152.395017368999959, 62.957475377000037 ], [ -152.397658802999985, 62.957473951000054 ], [ -152.399076635999961, 62.957473186000072 ], [ -152.401532306999968, 62.957474498000067 ], [ -152.402106061999973, 62.957474804000071 ], [ -152.402444604999971, 62.957474985000033 ], [ -152.40466903799998, 62.957476172000042 ], [ -152.404712168999964, 62.957476150000048 ], [ -152.404735039999963, 62.957476162000034 ], [ -152.405390202999968, 62.957475812000041 ], [ -152.406238170999984, 62.957475359000057 ], [ -152.409015584999963, 62.95747387800003 ], [ -152.410349038999982, 62.957473167000046 ], [ -152.415900039999968, 62.957473166000057 ], [ -152.415966037999965, 62.957473166000057 ], [ -152.421455038999966, 62.957473165000067 ], [ -152.42152103799998, 62.957473166000057 ], [ -152.427075038999959, 62.957473164000078 ], [ -152.42707502899998, 62.957473322000055 ], [ -152.426826252999973, 62.961371146000033 ], [ -152.426786041999975, 62.962001168000029 ], [ -152.426721594999975, 62.962848919000066 ], [ -152.426442046999966, 62.96652616700004 ], [ -152.426296494999974, 62.968453259000057 ], [ -152.426100048999984, 62.971054167000034 ], [ -152.425869052999957, 62.975637167000059 ], [ -152.425871079999979, 62.979271930000039 ], [ -152.425872056999964, 62.981023166000057 ], [ -152.425872060999978, 62.98652316600004 ], [ -152.425872064999965, 62.991968166000049 ], [ -152.425891710999963, 62.993830973000058 ], [ -152.425930069999964, 62.997468165000043 ], [ -152.427372468999977, 62.99908541700006 ], [ -152.428281072999965, 63.000104165000039 ], [ -152.428281075999962, 63.005604164000033 ], [ -152.42829963899996, 63.007364302000042 ], [ -152.428339081999979, 63.011104164000074 ], [ -152.428366522999966, 63.013678206000066 ], [ -152.428397086999979, 63.016545163000046 ], [ -152.428456091999976, 63.022104163000051 ], [ -152.428456095999962, 63.027607162000038 ], [ -152.428510104999958, 63.032673516000045 ], [ -152.428514098999983, 63.033048162000057 ], [ -152.428572104999972, 63.038606163000054 ], [ -152.428610627999973, 63.042390130000058 ], [ -152.42862810799997, 63.044107162000046 ], [ -152.428610418999966, 63.045808558000033 ], [ -152.428572111999983, 63.049493162000033 ], [ -152.428543126999983, 63.052359281000065 ], [ -152.428517117999974, 63.054931160000081 ], [ -152.428458121999967, 63.060379161000071 ], [ -152.428459849999967, 63.063509632000034 ], [ -152.428461126999963, 63.065823161000083 ], [ -152.428426511999959, 63.069071240000028 ], [ -152.428403130999982, 63.071265160000053 ], [ -152.42838863999998, 63.072658942000032 ], [ -152.428347133999978, 63.07665116000004 ], [ -152.428347138999982, 63.082151158000045 ], [ -152.428315946999959, 63.085205944000052 ], [ -152.428292143999982, 63.087537159000078 ], [ -152.428233146999958, 63.092982158000041 ], [ -152.428233152999979, 63.09842315700007 ], [ -152.428234697999983, 63.101194787000054 ], [ -152.428236155999969, 63.103809158000047 ], [ -152.428196822999979, 63.107539411000062 ], [ -152.428178161999966, 63.10930915800003 ], [ -152.428180165999976, 63.114695157000028 ], [ -152.428122169999966, 63.120198156000072 ], [ -152.428067175999956, 63.12558415500007 ], [ -152.428067177999964, 63.131026155000029 ], [ -152.428067181999978, 63.135609156000044 ], [ -152.428122185999968, 63.140251155000044 ], [ -152.428152744999977, 63.142576455000039 ], [ -152.42818318999997, 63.144893155000034 ], [ -152.430475192999978, 63.146154153000055 ], [ -152.434372190999966, 63.146898153000052 ], [ -152.438611192999957, 63.147698152000032 ], [ -152.440926950999966, 63.148181514000044 ], [ -152.442736193999963, 63.148559152000075 ], [ -152.44589818999998, 63.149180517000048 ], [ -152.447092194999982, 63.149415151000028 ], [ -152.448371583999972, 63.149791494000056 ], [ -152.451389193999972, 63.15067915000003 ], [ -152.456314194999976, 63.152054150000083 ], [ -152.460614196999984, 63.153084149000051 ], [ -152.464299241999981, 63.15356201000003 ], [ -152.465025195999971, 63.153656148000039 ], [ -152.465747562999979, 63.153734310000061 ], [ -152.469267196999965, 63.154115146000038 ], [ -152.473964195999969, 63.154859146000035 ], [ -152.478089197999964, 63.156065145000071 ], [ -152.482100198999973, 63.157782144000066 ], [ -152.484162595999976, 63.158164698000064 ], [ -152.486111199999982, 63.158526144000064 ], [ -152.488978836999962, 63.159092955000062 ], [ -152.490467199999983, 63.159387142000071 ], [ -152.494136201999964, 63.161279142000069 ], [ -152.49734220199997, 63.163570144000062 ], [ -152.498310035999964, 63.164569501000074 ], [ -152.499061205999965, 63.165345141000046 ], [ -152.499102425999979, 63.165427660000034 ], [ -152.500092206999966, 63.167409141000064 ], [ -152.500722207999956, 63.169529140000066 ], [ -152.50244220899998, 63.171304140000075 ], [ -152.506339210999982, 63.173195140000075 ], [ -152.51046421099997, 63.174456138000039 ], [ -152.511887514999984, 63.175029115000029 ], [ -152.515447212999959, 63.176462138000034 ], [ -152.519461214999978, 63.17789013600003 ], [ -152.519941166999956, 63.178025221000041 ], [ -152.524158215999961, 63.179212136000046 ], [ -152.526859369999983, 63.180755050000073 ], [ -152.527367217999966, 63.18104513600008 ], [ -152.527462675999971, 63.182093518000045 ], [ -152.527539216999969, 63.18293413400005 ], [ -152.527253219999977, 63.184770135000065 ], [ -152.527860897999972, 63.185916071000065 ], [ -152.528286222999981, 63.186718134000046 ], [ -152.530249286999975, 63.188516421000031 ], [ -152.530347221999961, 63.188606135000043 ], [ -152.530347322999972, 63.188606203000063 ], [ -152.533386225999976, 63.190670133000083 ], [ -152.534152621999965, 63.191094719000034 ], [ -152.537108224999969, 63.19273213300005 ], [ -152.540200226999957, 63.195084131000044 ], [ -152.541683316999979, 63.195933184000069 ], [ -152.543297228999961, 63.196857132000048 ], [ -152.546450231999984, 63.198693130000038 ], [ -152.549269535999969, 63.200214522000067 ], [ -152.550058231999969, 63.200640129000078 ], [ -152.552522232999962, 63.202529130000073 ], [ -152.554361234999959, 63.204534128000034 ], [ -152.555503236999982, 63.206426129000079 ], [ -152.557164237999984, 63.208487129000048 ], [ -152.560357683999968, 63.210057824000046 ], [ -152.560661239999973, 63.210207128000036 ], [ -152.560784676999958, 63.210237573000029 ], [ -152.56461423899998, 63.211182127000029 ], [ -152.568683241999963, 63.21312912500008 ], [ -152.568994060999984, 63.213714784000047 ], [ -152.568994241999974, 63.213715125000078 ], [ -152.566885585999984, 63.214747765000027 ], [ -152.565494243999979, 63.21542912600006 ], [ -152.561942246999962, 63.217643127000031 ], [ -152.563058248999965, 63.220468127000061 ], [ -152.564083068999963, 63.220710431000043 ], [ -152.565325247999965, 63.221004126000082 ], [ -152.565227340999968, 63.221109953000052 ], [ -152.565189248999957, 63.221151126000052 ], [ -152.565189299999957, 63.221151208000038 ], [ -152.566202711999978, 63.222774967000078 ], [ -152.566333250999975, 63.222984126000028 ], [ -152.566333329999964, 63.222984173000043 ], [ -152.566915358999978, 63.223331573000053 ], [ -152.569600251999958, 63.224934124000072 ], [ -152.573039251999973, 63.226881124000045 ], [ -152.57475825399996, 63.229173124000056 ], [ -152.574989132999974, 63.229565315000059 ], [ -152.575903255999975, 63.231118124000034 ], [ -152.577581251999959, 63.232187099000043 ], [ -152.579055258999972, 63.233126122000044 ], [ -152.583639259999984, 63.23421512200008 ], [ -152.588680258999972, 63.234729121000044 ], [ -152.593264259999984, 63.235990121000043 ], [ -152.597333261999978, 63.237940120000076 ], [ -152.599797262999971, 63.240001118000066 ], [ -152.600427191999984, 63.241020628000058 ], [ -152.601000263999964, 63.241948119000028 ], [ -152.60145826599998, 63.243840118000037 ], [ -152.602833266999966, 63.245787118000067 ], [ -152.603718653999977, 63.246246861000031 ], [ -152.60724726899997, 63.248079117000032 ], [ -152.60724773299998, 63.24807923700007 ], [ -152.612119270999983, 63.249340116000042 ], [ -152.612440794999969, 63.249389266000037 ], [ -152.616986271999963, 63.25008411400006 ], [ -152.619491404999962, 63.250456755000073 ], [ -152.621228271999968, 63.250715115000048 ], [ -152.625811270999975, 63.252090113000065 ], [ -152.628249899999958, 63.253404987000067 ], [ -152.629422271999971, 63.254037113000038 ], [ -152.630851844999967, 63.255671800000073 ], [ -152.631025274999956, 63.255870113000071 ], [ -152.632517277999966, 63.25804811200004 ], [ -152.633606277999974, 63.259826112000042 ], [ -152.635553280999972, 63.261829110000065 ], [ -152.637372848999973, 63.262753350000082 ], [ -152.639392280999971, 63.263779111000076 ], [ -152.643631280999983, 63.264351110000064 ], [ -152.645650179999961, 63.264690826000049 ], [ -152.648730281999974, 63.265209109000068 ], [ -152.648730645999962, 63.26520922900005 ], [ -152.649108544999962, 63.265333419000058 ], [ -152.652914282999973, 63.266584108000075 ], [ -152.656924943999968, 63.268530936000047 ], [ -152.656925283999982, 63.268531107000058 ], [ -152.659103285999976, 63.270598107000069 ], [ -152.659447288999957, 63.272601106000081 ], [ -152.659480699999961, 63.272858922000069 ], [ -152.659514287999968, 63.273118107000073 ], [ -152.65947811099997, 63.273133611000048 ], [ -152.659444461999982, 63.273148032000051 ], [ -152.659444286999957, 63.273148107000054 ], [ -152.658847289999983, 63.275401106000061 ], [ -152.658158290999978, 63.276762107000081 ], [ -152.657950292999971, 63.27778410600007 ], [ -152.657884475999964, 63.27894199800005 ], [ -152.657869292999976, 63.279209105000064 ], [ -152.658947294999962, 63.28094010600006 ], [ -152.660697291999981, 63.282190111000034 ], [ -152.662339294999981, 63.282640104000052 ], [ -152.662339820999961, 63.282640513000047 ], [ -152.662461697999959, 63.28273512700008 ], [ -152.66294729699996, 63.283112104000054 ], [ -152.663387066999974, 63.283838124000056 ], [ -152.663497297999982, 63.284020105000081 ], [ -152.66386929799998, 63.284482105000052 ], [ -152.664817297999974, 63.284982104000051 ], [ -152.665889297999968, 63.28518110400006 ], [ -152.665997590999979, 63.285215175000076 ], [ -152.667189297999983, 63.285590103000061 ], [ -152.667593782999973, 63.285858340000061 ], [ -152.668139299999979, 63.286220103000062 ], [ -152.668397299999981, 63.286701104000031 ], [ -152.668397649999974, 63.286701258000051 ], [ -152.668427852999969, 63.286714522000068 ], [ -152.669219298999963, 63.287062104000029 ], [ -152.669589299999984, 63.287512104000029 ], [ -152.669408299999958, 63.288340103000053 ], [ -152.669543290999968, 63.288641376000044 ], [ -152.66962830099996, 63.288831105000042 ], [ -152.672089302999979, 63.290501103000054 ], [ -152.672897597999963, 63.290975926000044 ], [ -152.674525302999967, 63.291932103000079 ], [ -152.675778303999977, 63.292162102000077 ], [ -152.67724730599997, 63.293101099000069 ], [ -152.678008304999963, 63.293390102000046 ], [ -152.67828453499996, 63.293491386000028 ], [ -152.679508304999985, 63.293940101000032 ], [ -152.680836767999978, 63.294281537000074 ], [ -152.681539305999962, 63.294462101000079 ], [ -152.68220907099996, 63.294557356000041 ], [ -152.682439304999974, 63.29459010000005 ], [ -152.683018661999967, 63.294673012000032 ], [ -152.684689305999967, 63.294912100000033 ], [ -152.685858303999964, 63.295020101000034 ], [ -152.686819305999961, 63.295451100000037 ], [ -152.687239304999963, 63.295871099000067 ], [ -152.688219305999979, 63.296832099000028 ], [ -152.688930878999969, 63.297252913000079 ], [ -152.689078307999978, 63.297340100000042 ], [ -152.689515573999984, 63.297654366000074 ], [ -152.689789306999984, 63.297851100000059 ], [ -152.690197307999966, 63.298470100000031 ], [ -152.690708308999973, 63.299090098000079 ], [ -152.691019993999959, 63.299376278000068 ], [ -152.691319308999965, 63.299651099000073 ], [ -152.691447308999983, 63.299773099000049 ], [ -152.691928307999973, 63.300232099000027 ], [ -152.692397309999961, 63.300601099000062 ], [ -152.692858692999977, 63.300775612000052 ], [ -152.693169308999984, 63.300893099000064 ], [ -152.693381510999984, 63.301019393000047 ], [ -152.693789309999971, 63.301262099000041 ], [ -152.693938664999962, 63.301703978000035 ], [ -152.693958309999971, 63.30176209800004 ], [ -152.693986576999976, 63.302007615000036 ], [ -152.694028310999983, 63.30237009800004 ], [ -152.694297310999957, 63.30282009900003 ], [ -152.694719092999975, 63.30326186800005 ], [ -152.694719311999961, 63.303262097000072 ], [ -152.694797310999974, 63.30377009800003 ], [ -152.694897312999984, 63.304609097000082 ], [ -152.69501931299996, 63.306412097000077 ], [ -152.695272027999977, 63.306944670000064 ], [ -152.695289313999979, 63.306981098000051 ], [ -152.69584731499998, 63.30761209800005 ], [ -152.696397506999972, 63.307926984000062 ], [ -152.696808315999959, 63.308162098000082 ], [ -152.696957068999978, 63.30826232000004 ], [ -152.697608315999958, 63.308701098000029 ], [ -152.697858784999966, 63.30896677800007 ], [ -152.698069317999966, 63.309190097000055 ], [ -152.699528317999977, 63.310612097000046 ], [ -152.699803041999957, 63.310749348000058 ], [ -152.700769317999971, 63.311232097000072 ], [ -152.702297318999968, 63.311951097000076 ], [ -152.702678330999959, 63.312137792000044 ], [ -152.703397318999976, 63.312490095000044 ], [ -152.704089164999971, 63.312761439000042 ], [ -152.704269318999962, 63.312832096000079 ], [ -152.705269319999957, 63.31329009500007 ], [ -152.706478319999974, 63.313662095000041 ], [ -152.708078320999959, 63.314012094000077 ], [ -152.708737517999964, 63.314134841000055 ], [ -152.709528320999965, 63.314282095000067 ], [ -152.710886320999975, 63.314470095000047 ], [ -152.712460901999975, 63.314756918000057 ], [ -152.712489321999982, 63.31476209200008 ], [ -152.71311400099998, 63.314939260000074 ], [ -152.713508320999978, 63.315051093000079 ], [ -152.713508388999969, 63.315051150000045 ], [ -152.715797321999958, 63.31687009400008 ], [ -152.716359222999984, 63.317019934000029 ], [ -152.717747322999969, 63.317390094000075 ], [ -152.718657422999968, 63.317685814000072 ], [ -152.718858323999967, 63.317751093000084 ], [ -152.719705465999965, 63.318146833000071 ], [ -152.719968766999983, 63.318269833000045 ], [ -152.719969323999976, 63.318270093000081 ], [ -152.720889322999966, 63.31843209200008 ], [ -152.722289324999963, 63.318990093000082 ], [ -152.723138682999974, 63.319193939000058 ], [ -152.723539322999983, 63.319290092000074 ], [ -152.724147323999972, 63.319818091000059 ], [ -152.726275118999979, 63.320226241000057 ], [ -152.727447324999957, 63.320451092000042 ], [ -152.728347325999977, 63.320981092000068 ], [ -152.729719323999973, 63.321190091000062 ], [ -152.730878475999958, 63.321285967000051 ], [ -152.730928207999966, 63.321290083000065 ], [ -152.730928325999969, 63.321290090000048 ], [ -152.731897326999984, 63.321590091000076 ], [ -152.731948689999967, 63.321585550000066 ], [ -152.73196332599997, 63.321590081000068 ], [ -152.733052225999984, 63.321493803000067 ], [ -152.734528326999964, 63.321723089000045 ], [ -152.735258324999961, 63.32190109000004 ], [ -152.735969743999959, 63.322168334000082 ], [ -152.736219326999958, 63.322262090000038 ], [ -152.738547326999964, 63.322790090000069 ], [ -152.738547962999974, 63.322790189000045 ], [ -152.738548066999982, 63.322790210000051 ], [ -152.74014732699996, 63.323040089000074 ], [ -152.741897326999975, 63.323320089000049 ], [ -152.742335595999975, 63.323513423000065 ], [ -152.743239327999959, 63.323912088000043 ], [ -152.743305032999984, 63.323912084000028 ], [ -152.743305326999973, 63.323912084000028 ], [ -152.743422326999962, 63.323912084000028 ], [ -152.743422353999961, 63.323912131000043 ], [ -152.74348060899996, 63.324013273000048 ], [ -152.743494130999977, 63.324036751000051 ], [ -152.743494325999961, 63.324037089000058 ], [ -152.746467326999976, 63.324873088000061 ], [ -152.746519250999967, 63.324869396000054 ], [ -152.746520039999979, 63.324869340000078 ], [ -152.746533328999959, 63.324873077000063 ], [ -152.746534090999972, 63.324873023000066 ], [ -152.748994327999981, 63.32469807700005 ], [ -152.750231954999975, 63.324636196000029 ], [ -152.750233994999974, 63.324636378000037 ], [ -152.750728175999967, 63.32468048100003 ], [ -152.751519327999972, 63.324751087000038 ], [ -152.752639328999976, 63.32498208700008 ], [ -152.753581814999961, 63.32522309400008 ], [ -152.754039328999966, 63.325340087000029 ], [ -152.754039272999961, 63.325340263000044 ], [ -152.754033327999963, 63.325359087000038 ], [ -152.754033881999959, 63.325359242000047 ], [ -152.754086754999975, 63.32537400800004 ], [ -152.754144327999967, 63.325390087000073 ], [ -152.75576732899998, 63.325987087000044 ], [ -152.755968973999984, 63.32626274100005 ], [ -152.756222329999957, 63.326609086000076 ], [ -152.75630032799998, 63.326729086000057 ], [ -152.756359385999957, 63.326813058000027 ], [ -152.756364328999979, 63.326820086000055 ], [ -152.756505328999964, 63.327037086000075 ], [ -152.757444327999963, 63.327309086000071 ], [ -152.757463103999982, 63.32731239900005 ], [ -152.757478329999969, 63.327315086000056 ], [ -152.758010654999964, 63.327469890000032 ], [ -152.75801132899997, 63.327470086000062 ], [ -152.758244328999979, 63.327473086000055 ], [ -152.75870532999997, 63.327490086000068 ], [ -152.760572328999984, 63.327762086000064 ], [ -152.761145014999983, 63.328119241000081 ], [ -152.762331329999967, 63.328859084000044 ], [ -152.763238111999982, 63.329533536000042 ], [ -152.763900331999963, 63.330026085000043 ], [ -152.766808331999982, 63.33045108400006 ], [ -152.775189332999958, 63.333051083000043 ], [ -152.776545555999974, 63.333077409000055 ], [ -152.776889332999957, 63.333084082000028 ], [ -152.776889424999979, 63.33308416300008 ], [ -152.777242333999965, 63.333393082000043 ], [ -152.777242383999976, 63.33339309400003 ], [ -152.77839081999997, 63.333661693000067 ], [ -152.779367334999961, 63.333890082000039 ], [ -152.781892334999981, 63.334965081000064 ], [ -152.781925100999985, 63.334950925000044 ], [ -152.781949203999972, 63.334961185000054 ], [ -152.781957571999982, 63.334964747000072 ], [ -152.781957928999958, 63.334964899000056 ], [ -152.781958334999985, 63.334965071000056 ], [ -152.78274951399996, 63.334623177000083 ], [ -152.783483333999982, 63.334306070000082 ], [ -152.784873198999975, 63.334280897000042 ], [ -152.786195134999957, 63.334256955000058 ], [ -152.787082459999965, 63.334240884000053 ], [ -152.790271855999976, 63.334362062000082 ], [ -152.790272334999969, 63.334362080000062 ], [ -152.790294201999984, 63.334360438000033 ], [ -152.790294596999956, 63.334360408000066 ], [ -152.790335044999978, 63.334361945000069 ], [ -152.790338334999973, 63.334362070000054 ], [ -152.791011923999974, 63.33431149200004 ], [ -152.791154865999971, 63.33430075900003 ], [ -152.793774334999966, 63.33410407000008 ], [ -152.795877838999957, 63.333485735000068 ], [ -152.796286558999981, 63.333365590000028 ], [ -152.796287001999957, 63.333365594000043 ], [ -152.803156332999976, 63.333420078000074 ], [ -152.808658190999978, 63.333618312000056 ], [ -152.813203332999962, 63.333782075000045 ], [ -152.813216325999974, 63.333780158000081 ], [ -152.813269333999983, 63.333782066000083 ], [ -152.817694824999961, 63.333128768000051 ], [ -152.818628043999979, 63.332991005000054 ], [ -152.819596333999982, 63.332848064000075 ], [ -152.82207118599996, 63.332494197000074 ], [ -152.828527329999957, 63.331571063000069 ], [ -152.829632140999962, 63.331557776000068 ], [ -152.832448514999982, 63.33184828800006 ], [ -152.834036328999957, 63.332012073000044 ], [ -152.838291121999958, 63.332714 ], [ -152.838563998999973, 63.332759017000058 ], [ -152.838564329999969, 63.332759072000044 ], [ -152.843511330999974, 63.333865071000048 ], [ -152.843511364999983, 63.333865213000081 ], [ -152.843669331999962, 63.334584071000052 ], [ -152.843669669999969, 63.334584217000042 ], [ -152.844687584999974, 63.335024384000064 ], [ -152.848308332999977, 63.336590069000067 ], [ -152.851435427999974, 63.337524280000082 ], [ -152.857011334999982, 63.33919006800005 ], [ -152.85707138799998, 63.339188282000066 ], [ -152.857077334999957, 63.339190058000042 ], [ -152.861003244999978, 63.339073154000062 ], [ -152.86457477099998, 63.338966802000073 ], [ -152.867844575999982, 63.339730306000035 ], [ -152.868931336999964, 63.339984066000056 ], [ -152.881133334999959, 63.341623063000043 ], [ -152.881183683999978, 63.341621080000039 ], [ -152.881184423999969, 63.341621051000061 ], [ -152.88119933599998, 63.341623053000035 ], [ -152.88433514099998, 63.341499402000068 ], [ -152.889742201999979, 63.341286190000062 ], [ -152.892064876999967, 63.34119460200003 ], [ -152.893169337999979, 63.341151051000054 ], [ -152.898030162999959, 63.340447132000065 ], [ -152.900527193999977, 63.340715770000031 ], [ -152.901393838999979, 63.340809007000075 ], [ -152.901394335999981, 63.340809060000083 ], [ -152.902024069999982, 63.341222022000068 ], [ -152.903750336999963, 63.342354060000048 ], [ -152.907414337999967, 63.345334059000038 ], [ -152.916497339999978, 63.34638405700008 ], [ -152.91649750199997, 63.346384028000045 ], [ -152.916508361999973, 63.346382088000041 ], [ -152.916522424999982, 63.346379576000061 ], [ -152.91652329599998, 63.346379420000062 ], [ -152.916535694999965, 63.346380853000028 ], [ -152.916563157999974, 63.346384026000067 ], [ -152.916563338999964, 63.346384047000072 ], [ -152.917501242999975, 63.346216438000056 ], [ -152.920063995999982, 63.345758458000034 ], [ -152.922090194999981, 63.345396364000067 ], [ -152.922374185999956, 63.345345613000063 ], [ -152.924622337999978, 63.345704056000045 ], [ -152.929608338999969, 63.346507056000064 ], [ -152.933847338999982, 63.347254055000064 ], [ -152.937858340999981, 63.348340055000051 ], [ -152.937858382999963, 63.348340065000059 ], [ -152.941928339999976, 63.349315053000055 ], [ -152.946511340999962, 63.350404052000044 ], [ -152.950808341999959, 63.351548053000045 ], [ -152.951392303999967, 63.351694043000066 ], [ -152.955164343999968, 63.352637051000045 ], [ -152.959347342999962, 63.353612050000038 ], [ -152.963586343999964, 63.354184048000036 ], [ -152.967539344999977, 63.354756049000059 ], [ -152.970729426999981, 63.35517419200005 ], [ -152.97235334399997, 63.355387048000068 ], [ -152.97393019499998, 63.355550774000051 ], [ -152.976764343999974, 63.35584504600007 ], [ -152.981061344999972, 63.356362046000072 ], [ -152.984552301999969, 63.356996953000078 ], [ -152.986103345999965, 63.357279045000041 ], [ -152.98732747699998, 63.357539300000042 ], [ -152.990689346999972, 63.358254045000081 ], [ -152.993044803999965, 63.358765297000048 ], [ -152.994642345999978, 63.359112044000028 ], [ -152.998185650999972, 63.359878547000051 ], [ -152.99888134699998, 63.360029043000054 ], [ -152.998911435999958, 63.360025051000036 ], [ -152.998922284999963, 63.360023611000031 ], [ -152.998926601999983, 63.360024545000044 ], [ -152.998947346999984, 63.360029032000057 ], [ -153.002160105999963, 63.359602692000067 ], [ -153.003192956999982, 63.359465630000045 ], [ -153.003702346999972, 63.359398032000058 ], [ -153.005530374999978, 63.359136397000043 ], [ -153.008516346999983, 63.358709031000046 ], [ -153.009159820999969, 63.358568823000041 ], [ -153.010307853999961, 63.358318675000078 ], [ -153.010308069999979, 63.358318715000053 ], [ -153.011233525999984, 63.358491602000072 ], [ -153.013275344999983, 63.358873041000038 ], [ -153.017050344999973, 63.358898040000042 ], [ -153.01705339999998, 63.358897777000038 ], [ -153.017054387999963, 63.358897692000028 ], [ -153.017055169999963, 63.358897624000065 ], [ -153.017099568999981, 63.358897918000082 ], [ -153.017116345999966, 63.358898029000045 ], [ -153.021656975999974, 63.35850645000005 ], [ -153.024688343999969, 63.358245029000045 ], [ -153.026210566999964, 63.357965180000065 ], [ -153.031335342999967, 63.357023027000082 ], [ -153.037852115999982, 63.35579032000004 ], [ -153.039249341999977, 63.355526022000049 ], [ -153.039249449999971, 63.35552599600004 ], [ -153.039393614999966, 63.355484452000042 ], [ -153.042313803999974, 63.354642933000036 ], [ -153.042962426999964, 63.354456018000064 ], [ -153.042962610999979, 63.354456024000058 ], [ -153.046780343999984, 63.35458402900008 ], [ -153.051422341999967, 63.355959035000069 ], [ -153.053064076999959, 63.356802558000084 ], [ -153.055661343999958, 63.358137034000038 ], [ -153.057056031999963, 63.359454983000035 ], [ -153.057842345999973, 63.360198033000074 ], [ -153.058359804999981, 63.360695991000057 ], [ -153.060761346999982, 63.363007031000052 ], [ -153.061042172999976, 63.363182456000061 ], [ -153.061142347999976, 63.363245032000066 ], [ -153.06158947299997, 63.363302561000069 ], [ -153.064725346999978, 63.363706032000039 ], [ -153.066903349999961, 63.364565031000041 ], [ -153.069723781999983, 63.365343612000061 ], [ -153.07002234899997, 63.365426031000084 ], [ -153.070022353999974, 63.365426061000051 ], [ -153.070283348999965, 63.367115031000083 ], [ -153.07005301999996, 63.367288040000062 ], [ -153.069403350999977, 63.367776031000062 ], [ -153.072508352999961, 63.369309030000068 ], [ -153.07651935399997, 63.371370029000047 ], [ -153.080045367999958, 63.373046301000045 ], [ -153.080564354999979, 63.373293028000035 ], [ -153.080622911999967, 63.37328947900005 ], [ -153.080630354999983, 63.373293017000037 ], [ -153.083699354999965, 63.373107017000052 ], [ -153.083699490999976, 63.373106993000079 ], [ -153.087461441999977, 63.372432457000059 ], [ -153.090015199999982, 63.372978255000078 ], [ -153.091497124999961, 63.373294978000047 ], [ -153.091497354999973, 63.37329502700004 ], [ -153.091151267999976, 63.373737998000081 ], [ -153.090186355999975, 63.374973027000067 ], [ -153.08835335699996, 63.376298027000075 ], [ -153.088944740999978, 63.376732879000031 ], [ -153.089800357999962, 63.377362026000071 ], [ -153.09408952299998, 63.37824652200004 ], [ -153.095430358999977, 63.37852302400006 ], [ -153.09548713999996, 63.378521178000028 ], [ -153.095487411999983, 63.378521169000066 ], [ -153.09549635999997, 63.378523014000052 ], [ -153.096523691999977, 63.378489597000055 ], [ -153.098666322999975, 63.378419901000029 ], [ -153.09968381799996, 63.378659715000083 ], [ -153.101331359999961, 63.379048023000053 ], [ -153.103219802999973, 63.37950249000005 ], [ -153.104194357999972, 63.379737024000065 ], [ -153.105403359999968, 63.380251024000074 ], [ -153.103858359999975, 63.380965024000034 ], [ -153.103833360999971, 63.381807024000068 ], [ -153.10489653099998, 63.384625782000057 ], [ -153.105003249999982, 63.38490872400007 ], [ -153.10500336299998, 63.384909024000081 ], [ -153.106974836999967, 63.386271131000058 ], [ -153.10808336499997, 63.387037023000062 ], [ -153.109809658999978, 63.387305523000066 ], [ -153.113728366999965, 63.387915022000072 ], [ -153.119045053999969, 63.388422855000044 ], [ -153.121580366999979, 63.388665020000076 ], [ -153.122358910999964, 63.388668859000063 ], [ -153.123811365999984, 63.388676020000048 ], [ -153.123799834999971, 63.388700042000039 ], [ -153.123619365999957, 63.389076019000072 ], [ -153.123010053999963, 63.38940986800003 ], [ -153.118808368999964, 63.391712021000046 ], [ -153.116536194999981, 63.393671598000083 ], [ -153.115886499999959, 63.39423191000003 ], [ -153.115886370999959, 63.39423202100005 ], [ -153.115542371999965, 63.39617902100008 ], [ -153.115974191999982, 63.397217801000068 ], [ -153.116400374999984, 63.398243020000052 ], [ -153.11717837599997, 63.398998019000032 ], [ -153.117177741999967, 63.39899820200003 ], [ -153.116681837999977, 63.399141450000059 ], [ -153.115589374999956, 63.399457021000046 ], [ -153.115160949999961, 63.400063488000058 ], [ -153.11460037599997, 63.400857021000036 ], [ -153.116778377999964, 63.401854019000041 ], [ -153.118625191999968, 63.403272875000027 ], [ -153.118625379999969, 63.403273020000029 ], [ -153.117008378999969, 63.404668020000031 ], [ -153.117212743999971, 63.405600887000048 ], [ -153.117286380999957, 63.405937020000067 ], [ -153.117286495999963, 63.405937065000046 ], [ -153.118545412999964, 63.406431165000072 ], [ -153.119467380999964, 63.406793019000077 ], [ -153.121578897999967, 63.407254358000046 ], [ -153.125417381999966, 63.408093017000056 ], [ -153.12544424799998, 63.408090779000077 ], [ -153.125465189999971, 63.408089034000056 ], [ -153.125476781999964, 63.408091566000053 ], [ -153.12548338299996, 63.408093008000037 ], [ -153.129185620999976, 63.407784423000066 ], [ -153.129423851999974, 63.407764566000083 ], [ -153.130222380999982, 63.407698007000079 ], [ -153.130777927999958, 63.407567135000079 ], [ -153.131542525999976, 63.40738701600003 ], [ -153.132516276999979, 63.407157627000061 ], [ -153.13422616699998, 63.407455857000059 ], [ -153.135597263999983, 63.407694996000032 ], [ -153.135597381999958, 63.407695017000037 ], [ -153.13743038399997, 63.409473016000049 ], [ -153.137869692999971, 63.409866828000077 ], [ -153.138019233999984, 63.410000882000077 ], [ -153.138019383999961, 63.410001016000081 ], [ -153.13476741599996, 63.411665 ], [ -153.134767385999965, 63.411665016000029 ], [ -153.134882984999962, 63.411799107000036 ], [ -153.135986386999974, 63.41307901600004 ], [ -153.136048991999957, 63.413075069000058 ], [ -153.136050522999966, 63.413076845000035 ], [ -153.13605238599996, 63.413079006000032 ], [ -153.136052665999983, 63.413078988000052 ], [ -153.137041995999965, 63.413016583000058 ], [ -153.137844025999982, 63.412965992000068 ], [ -153.140158385999968, 63.412820004000082 ], [ -153.141551973999981, 63.41232115400004 ], [ -153.144844825999968, 63.411142441000038 ], [ -153.145572383999962, 63.41088200400003 ], [ -153.14558514999996, 63.410447418000047 ], [ -153.145596383999958, 63.410065004000046 ], [ -153.145607307999967, 63.410060805000057 ], [ -153.145742787999978, 63.410008730000072 ], [ -153.148024657999969, 63.409131638000076 ], [ -153.14873792399996, 63.408857477000083 ], [ -153.14873805299996, 63.408857587000057 ], [ -153.151011382999968, 63.410790014000042 ], [ -153.151011724999961, 63.410789975000057 ], [ -153.15106961799998, 63.410783403000039 ], [ -153.151077383999962, 63.410790004000035 ], [ -153.151303802999962, 63.410764302000075 ], [ -153.151355330999962, 63.410758453000028 ], [ -153.151374535999963, 63.410756273000061 ], [ -153.15137539899996, 63.410756175000074 ], [ -153.151375356999978, 63.41075623200004 ], [ -153.151132812999975, 63.411086891000082 ], [ -153.150847384999963, 63.411476014000073 ], [ -153.151458383999966, 63.412182014000052 ], [ -153.152944411999982, 63.41241318200008 ], [ -153.155225385999984, 63.412768013000061 ], [ -153.155234202999964, 63.412759751000067 ], [ -153.15523479099997, 63.412759200000039 ], [ -153.15526102299998, 63.412763280000036 ], [ -153.155290904999958, 63.412767928000051 ], [ -153.155291385999959, 63.412768003000053 ], [ -153.156394680999966, 63.411734017000072 ], [ -153.157233382999976, 63.410948002000055 ], [ -153.156608382999963, 63.409998002000066 ], [ -153.156608449999965, 63.409997968000027 ], [ -153.160416380999976, 63.408040001000074 ], [ -153.162239910999972, 63.407595626000045 ], [ -153.164655378999981, 63.407007001000068 ], [ -153.16513314599996, 63.406972602000053 ], [ -153.165722190999958, 63.406930192000061 ], [ -153.165722534999958, 63.406930167000041 ], [ -153.166960380999967, 63.407560887000045 ], [ -153.167655380999975, 63.407915010000067 ], [ -153.169194381999972, 63.409187010000039 ], [ -153.169194782999966, 63.409187110000062 ], [ -153.172639381999971, 63.410051010000075 ], [ -153.172668102999978, 63.410041645000035 ], [ -153.172705192999985, 63.410050946000069 ], [ -153.172705381999975, 63.410050999000077 ], [ -153.176522380999984, 63.408807003000049 ], [ -153.176561473999982, 63.408636234000028 ], [ -153.176617437999965, 63.408391780000045 ], [ -153.176685320999979, 63.408095263000064 ], [ -153.17668538099997, 63.408095 ], [ -153.177635233999979, 63.407545207000055 ], [ -153.178952825999971, 63.406782560000067 ], [ -153.179936424999966, 63.406213238000078 ], [ -153.182958751999962, 63.406770380000069 ], [ -153.184242379999972, 63.407007008000051 ], [ -153.184095993999961, 63.407355585000062 ], [ -153.183497380999967, 63.408781007000073 ], [ -153.180175382999977, 63.411018009000031 ], [ -153.180175771999984, 63.411018259000059 ], [ -153.182308383999981, 63.412387008000053 ], [ -153.181120736999958, 63.412997950000033 ], [ -153.180747382999982, 63.413190009000061 ], [ -153.182181910999958, 63.413773839000044 ], [ -153.183553385999971, 63.414332008000031 ], [ -153.187650385999973, 63.414354007000043 ], [ -153.187653397999981, 63.414353830000039 ], [ -153.187656062999963, 63.41435367400004 ], [ -153.187687389999979, 63.414353842000082 ], [ -153.187716384999959, 63.414353997000035 ], [ -153.189541340999966, 63.414247035000074 ], [ -153.190778398999981, 63.414174531000072 ], [ -153.192129743999971, 63.41409532800003 ], [ -153.196797383999979, 63.414120006000076 ], [ -153.196797849999967, 63.41411970200005 ], [ -153.196797928999985, 63.414119651000078 ], [ -153.196807984999964, 63.414119704000029 ], [ -153.196863384999972, 63.414119996000068 ], [ -153.197882906999979, 63.413455320000082 ], [ -153.198531173999982, 63.41303268300004 ], [ -153.198602695999966, 63.412986055000033 ], [ -153.198788383999982, 63.412864995000064 ], [ -153.198788311999976, 63.412864968000065 ], [ -153.198787532999972, 63.412864671000079 ], [ -153.19754151799998, 63.41239597200007 ], [ -153.196910607999968, 63.412158649000048 ], [ -153.196313858999957, 63.411934175000056 ], [ -153.196313382999961, 63.411933996000073 ], [ -153.196313733999972, 63.411933894000072 ], [ -153.196572850999956, 63.41185854400004 ], [ -153.197812389999967, 63.411498093000034 ], [ -153.197888380999984, 63.411475989000053 ], [ -153.197888528999982, 63.411475943000028 ], [ -153.201037575999976, 63.410504242000059 ], [ -153.201038380999961, 63.410503994000067 ], [ -153.201037845999963, 63.410503924000068 ], [ -153.196627381999974, 63.409928996000076 ], [ -153.196627709999973, 63.409928753000031 ], [ -153.196628113999964, 63.409928454000067 ], [ -153.196837919999979, 63.409773488000042 ], [ -153.199263378999973, 63.40798200100005 ], [ -153.204811378999977, 63.407982 ], [ -153.208880379999982, 63.408668004000049 ], [ -153.208880759999971, 63.408667469000079 ], [ -153.208884035999972, 63.408662851000031 ], [ -153.208887416999971, 63.408658086000059 ], [ -153.208887436999959, 63.408658057000082 ], [ -153.208891824999967, 63.408658797000044 ], [ -153.208946378999968, 63.408667994000041 ], [ -153.208946677999961, 63.40866757200007 ], [ -153.209324650999974, 63.408134687000029 ], [ -153.210205377999984, 63.406892994000032 ], [ -153.210662434999961, 63.406279337000058 ], [ -153.21106109599998, 63.405744084000048 ], [ -153.213719376999961, 63.406054004000055 ], [ -153.218360331999975, 63.406860160000065 ], [ -153.218739376999963, 63.406926002000034 ], [ -153.218739393999982, 63.406925977000071 ], [ -153.21874439299998, 63.406918634000078 ], [ -153.218746361999962, 63.40691574300007 ], [ -153.218756558999956, 63.406917514000043 ], [ -153.218805261999961, 63.406925973000057 ], [ -153.218805377999985, 63.406925993000073 ], [ -153.219206599999978, 63.406336689000057 ], [ -153.219720072999962, 63.405582511000034 ], [ -153.219970329999967, 63.405214940000064 ], [ -153.219970740999969, 63.40521497900005 ], [ -153.222517366999966, 63.405459 ], [ -153.222524709999959, 63.405453683000076 ], [ -153.222525088999959, 63.405453407000039 ], [ -153.222583361999966, 63.405458991000046 ], [ -153.222947399999981, 63.405194938000079 ], [ -153.22330683499996, 63.404934224000044 ], [ -153.223307445999978, 63.404933781000068 ], [ -153.224128374999964, 63.405690002000028 ], [ -153.226636375999959, 63.406262001000073 ], [ -153.226695373999974, 63.406260438000061 ], [ -153.226695545999974, 63.406260433000057 ], [ -153.22669572199996, 63.406260473000032 ], [ -153.226696172999965, 63.406260576000079 ], [ -153.22670237799997, 63.406261991000065 ], [ -153.231116376999978, 63.406144991000076 ], [ -153.234605128999959, 63.405320048000078 ], [ -153.234605375999962, 63.405319990000066 ], [ -153.234330419999964, 63.403770249000047 ], [ -153.234330373999967, 63.403769989000068 ], [ -153.233590993999968, 63.403532818000031 ], [ -153.233083772999976, 63.403370117000065 ], [ -153.23308337399996, 63.403369989000055 ], [ -153.233083635999975, 63.403369905000034 ], [ -153.23346099799997, 63.403249204000076 ], [ -153.233924372999979, 63.403100990000041 ], [ -153.232163372999963, 63.402211990000069 ], [ -153.231991662999974, 63.401833230000079 ], [ -153.23184838399996, 63.401517184000056 ], [ -153.231462246999968, 63.400665438000033 ], [ -153.231269371999957, 63.400239990000046 ], [ -153.231363768999984, 63.40021063100005 ], [ -153.233028239999982, 63.399692963000064 ], [ -153.233252797999967, 63.399623123000083 ], [ -153.233472358999961, 63.399554837000039 ], [ -153.233472500999966, 63.399554859000034 ], [ -153.236253370999975, 63.399987 ], [ -153.238439359999973, 63.40041799800008 ], [ -153.238439315999983, 63.400417724000079 ], [ -153.238436648999965, 63.400404440000045 ], [ -153.238505370999974, 63.400417989000061 ], [ -153.238463087999975, 63.40020742300004 ], [ -153.238406043999959, 63.399923345000047 ], [ -153.238405951999965, 63.39992288500008 ], [ -153.24034720399996, 63.400006993000034 ], [ -153.240347369999967, 63.400007 ], [ -153.240353294999977, 63.400004403000082 ], [ -153.24035332699998, 63.40000438900006 ], [ -153.24041337099996, 63.40000698800003 ], [ -153.241254108999982, 63.39963838400007 ], [ -153.241254636999969, 63.39963815200008 ], [ -153.241688369999963, 63.399447989000066 ], [ -153.242583756999977, 63.399029580000047 ], [ -153.246152367999969, 63.397361989000046 ], [ -153.246152413999965, 63.397361868000075 ], [ -153.247163251999979, 63.394695292000051 ], [ -153.247163299999983, 63.394695164000041 ], [ -153.247163366999985, 63.394694988000083 ], [ -153.245735801999984, 63.394248125000047 ], [ -153.245735365999963, 63.394247988000075 ], [ -153.245769801999984, 63.394234902000051 ], [ -153.245785364999961, 63.394228988000066 ], [ -153.245785368999975, 63.394228848000068 ], [ -153.245817648999974, 63.393193671000063 ], [ -153.245844363999964, 63.392336988000068 ], [ -153.243168370999967, 63.390978613000073 ], [ -153.242233361999979, 63.39050399100006 ], [ -153.242233480999971, 63.390503977000037 ], [ -153.246933661999975, 63.390016613000057 ], [ -153.247170487999966, 63.389992057000029 ], [ -153.247170528999959, 63.389992069000073 ], [ -153.251622363999957, 63.391306998000061 ], [ -153.253060463999958, 63.392149858000039 ], [ -153.254944362999964, 63.393253998000034 ], [ -153.254953979999982, 63.393252075000078 ], [ -153.254993586999973, 63.393244154000058 ], [ -153.25500124399997, 63.393248641000071 ], [ -153.255010364999976, 63.393253987000037 ], [ -153.260455363999966, 63.392164986000068 ], [ -153.26057339099998, 63.39214258800007 ], [ -153.260843926999968, 63.392091247000053 ], [ -153.26145522799996, 63.391975237000054 ], [ -153.261707617999974, 63.391927340000052 ], [ -153.261708609999971, 63.391927607000071 ], [ -153.26170892899998, 63.391927693000071 ], [ -153.261827216999961, 63.391959561000078 ], [ -153.264475362999974, 63.392672996000044 ], [ -153.267297364999962, 63.393250994000027 ], [ -153.267336192999977, 63.393245419000039 ], [ -153.267363364999966, 63.393250984000076 ], [ -153.267604177999971, 63.393216400000028 ], [ -153.267797583999965, 63.39318862500005 ], [ -153.27210536299998, 63.392569984000033 ], [ -153.275896362999958, 63.392025988000057 ], [ -153.275026817999958, 63.391496346000054 ], [ -153.273488130999965, 63.390559129000053 ], [ -153.273105361999967, 63.390325984000071 ], [ -153.273044360999961, 63.389353984000081 ], [ -153.273044422999959, 63.38935396100004 ], [ -153.274078547999977, 63.388968575000035 ], [ -153.274985117999961, 63.388630725000041 ], [ -153.275349359999979, 63.388494983000044 ], [ -153.278373253999973, 63.387319404000039 ], [ -153.279763358999958, 63.386778983000056 ], [ -153.280176608999966, 63.386601080000048 ], [ -153.281030433999973, 63.386233511000057 ], [ -153.28217084299996, 63.385742568000069 ], [ -153.28428835699998, 63.384830983000029 ], [ -153.286641734999961, 63.383915449000028 ], [ -153.286641959999969, 63.383915478000063 ], [ -153.288933355999973, 63.384214992000068 ], [ -153.288987171999963, 63.38421339000007 ], [ -153.288987493999969, 63.384213432000081 ], [ -153.288989934999961, 63.384213751000061 ], [ -153.288999354999959, 63.384214983000049 ], [ -153.290683022999957, 63.384164847000079 ], [ -153.293039318999973, 63.384094681000079 ], [ -153.295357531999969, 63.384531710000033 ], [ -153.298361355999958, 63.385097991000066 ], [ -153.301475355999969, 63.38652299000006 ], [ -153.30303891799997, 63.386983028000031 ], [ -153.305856358999961, 63.387811989000056 ], [ -153.309012047999971, 63.388178813000081 ], [ -153.310880356999974, 63.38839598900006 ], [ -153.313953122999976, 63.38870389200008 ], [ -153.315280892999965, 63.388836940000033 ], [ -153.315281358999982, 63.388836987000047 ], [ -153.317447358999971, 63.390394987000036 ], [ -153.317447390999973, 63.390395063000028 ], [ -153.318644360999969, 63.393211987000029 ], [ -153.318645243999981, 63.393212150000068 ], [ -153.322690088999963, 63.393959920000043 ], [ -153.323350361999957, 63.394081985000071 ], [ -153.323350539999979, 63.394081998000047 ], [ -153.331525362999969, 63.394675985000049 ], [ -153.331691531999979, 63.394769316000065 ], [ -153.333325363999961, 63.395686983000076 ], [ -153.332181363999979, 63.396172983000042 ], [ -153.330623465999963, 63.396850614000073 ], [ -153.329544365999965, 63.397319984000035 ], [ -153.327122991999971, 63.398156096000037 ], [ -153.325063373999967, 63.398867292000034 ], [ -153.325062567999964, 63.39886757000005 ], [ -153.325062240999983, 63.398867683000049 ], [ -153.323838654999975, 63.398862189000056 ], [ -153.322677365999965, 63.398856975000058 ], [ -153.322676980999972, 63.398857080000028 ], [ -153.322676253999958, 63.398857278000037 ], [ -153.32267447199996, 63.398857270000065 ], [ -153.322632252999966, 63.398857080000028 ], [ -153.322611365999961, 63.398856986000055 ], [ -153.322611020999972, 63.398857080000028 ], [ -153.320072528999958, 63.399547941000037 ], [ -153.320072366999966, 63.399547985000083 ], [ -153.320714776999978, 63.400036880000073 ], [ -153.321930368999972, 63.400961988000063 ], [ -153.325378367999974, 63.401819985000031 ], [ -153.325393028999969, 63.40181966800003 ], [ -153.32543743399998, 63.401818709000054 ], [ -153.325439132999975, 63.401818672000047 ], [ -153.325444367999978, 63.401819974000034 ], [ -153.325444483999973, 63.401819971000066 ], [ -153.326908429999975, 63.401788335000049 ], [ -153.326908593999974, 63.401788407000083 ], [ -153.328044365999972, 63.40228912300006 ], [ -153.328858369999978, 63.402647984000055 ], [ -153.32911366999997, 63.403645969000081 ], [ -153.32943037299998, 63.404883984000037 ], [ -153.328490967999983, 63.405603810000059 ], [ -153.326739371999963, 63.40694598400006 ], [ -153.32204237299996, 63.407689985000047 ], [ -153.322042336999971, 63.407690005000063 ], [ -153.322042302999961, 63.40769001700005 ], [ -153.318833375999958, 63.409467986000038 ], [ -153.321334279999974, 63.411001934000069 ], [ -153.322097375999959, 63.411469985000053 ], [ -153.322158650999967, 63.411467512000058 ], [ -153.322158860999963, 63.411467501000061 ], [ -153.322159315999983, 63.411467483000081 ], [ -153.322163377999971, 63.411469975000045 ], [ -153.325961085999978, 63.411316541000076 ], [ -153.326219201999976, 63.411306112000034 ], [ -153.326305416999958, 63.411302629000033 ], [ -153.330636375999973, 63.411586983000063 ], [ -153.330922378999958, 63.413536982000039 ], [ -153.329833379999968, 63.415311982000048 ], [ -153.329718044999964, 63.416022772000076 ], [ -153.329489380999973, 63.417431983000029 ], [ -153.33016209699997, 63.418239320000055 ], [ -153.331208383999979, 63.41949498300005 ], [ -153.333903384999957, 63.421842982000044 ], [ -153.333558386999982, 63.423906982000062 ], [ -153.332183387999976, 63.425575982000055 ], [ -153.333331389999984, 63.42646798100003 ], [ -153.333211262999981, 63.426910905000057 ], [ -153.332989389999966, 63.427728982000076 ], [ -153.332271441999978, 63.42885885700008 ], [ -153.332009991999968, 63.429270315000053 ], [ -153.32918839499996, 63.42901497500003 ], [ -153.32918552199996, 63.429018750000068 ], [ -153.32918413699997, 63.429020570000034 ], [ -153.329184055999974, 63.429020563000051 ], [ -153.329183737999983, 63.429020534000074 ], [ -153.32912239099997, 63.429014982000069 ], [ -153.32911337799996, 63.429026842000042 ], [ -153.329103391999979, 63.429039983000052 ], [ -153.326017391999983, 63.429108982000059 ], [ -153.325856791999968, 63.429987592000032 ], [ -153.325658393999959, 63.431072983000035 ], [ -153.324486700999984, 63.431512631000032 ], [ -153.32343101799998, 63.431908749000058 ], [ -153.323430394999974, 63.431908983000028 ], [ -153.324347528999965, 63.433033471000044 ], [ -153.324350212999974, 63.433036764000065 ], [ -153.324350393999964, 63.433036983000079 ], [ -153.326341484999972, 63.433156928000074 ], [ -153.326342393999965, 63.43315698300006 ], [ -153.326403396999979, 63.433392983000033 ], [ -153.329383896999957, 63.434105744000078 ], [ -153.33031739499998, 63.434328982000068 ], [ -153.330736966999979, 63.434714497000073 ], [ -153.33093308399998, 63.434894695000082 ], [ -153.330933396999967, 63.43489498200006 ], [ -153.33485651099997, 63.436011625000049 ], [ -153.335950397999966, 63.436322980000057 ], [ -153.335950369999978, 63.436323027000071 ], [ -153.334964397999983, 63.43800598100006 ], [ -153.334964732999964, 63.438006152000071 ], [ -153.337461400999985, 63.439283980000027 ], [ -153.337461248999972, 63.439284240000063 ], [ -153.337267259999976, 63.439615556000035 ], [ -153.336475401999962, 63.440967980000039 ], [ -153.336397913999974, 63.441659083000047 ], [ -153.336081405999977, 63.444481980000035 ], [ -153.33454900199996, 63.445814380000058 ], [ -153.334472405999975, 63.445880979000037 ], [ -153.332309147999979, 63.44623027800003 ], [ -153.331939406999965, 63.446289980000074 ], [ -153.331578405999977, 63.448258982000027 ], [ -153.328892958999973, 63.448522236000031 ], [ -153.327525398999967, 63.44865629700007 ], [ -153.326522296999968, 63.447945692000076 ], [ -153.324738406999984, 63.446681972000079 ], [ -153.321301966999982, 63.44666383200007 ], [ -153.320949405999983, 63.446661971000083 ], [ -153.320948593999958, 63.44666232600008 ], [ -153.320883405999979, 63.446661981000034 ], [ -153.318333407999972, 63.447775982000053 ], [ -153.318134592999968, 63.448998215000074 ], [ -153.317967409999966, 63.450025983000046 ], [ -153.31687269699998, 63.451441532000047 ], [ -153.316667410999969, 63.451706983000065 ], [ -153.315039598999959, 63.453032624000059 ], [ -153.314092413999958, 63.453803983000057 ], [ -153.313397415999958, 63.456472984000072 ], [ -153.312849599999964, 63.457633649000059 ], [ -153.312403416999985, 63.458578983000052 ], [ -153.308244584999983, 63.461226786000054 ], [ -153.308244440999971, 63.461226878000048 ], [ -153.30824374499997, 63.461227316000077 ], [ -153.304539712999969, 63.460933612000076 ], [ -153.304062321999965, 63.460895758000049 ], [ -153.303144419999967, 63.460822973000063 ], [ -153.303133540999966, 63.460827356000038 ], [ -153.303078419999963, 63.46082298400006 ], [ -153.303078195999973, 63.460823074000075 ], [ -153.301840117999973, 63.461321847000079 ], [ -153.301050419999967, 63.461639985000033 ], [ -153.299381420999964, 63.461892985000077 ], [ -153.299381379999971, 63.461893007000072 ], [ -153.296822421999963, 63.463286985000082 ], [ -153.297042333999968, 63.46427153500008 ], [ -153.297105422999977, 63.464553984000077 ], [ -153.298339423999977, 63.465967985000077 ], [ -153.297355425999967, 63.467367985000067 ], [ -153.297378984999966, 63.467459857000051 ], [ -153.297644424999959, 63.468494985000063 ], [ -153.298834287999966, 63.469170750000046 ], [ -153.300139425999959, 63.469911984000078 ], [ -153.300874218999979, 63.471285757000032 ], [ -153.301044429999962, 63.47160398300008 ], [ -153.301044226999977, 63.471604072000048 ], [ -153.299892433999958, 63.472106982000071 ], [ -153.298811428999983, 63.472578984000052 ], [ -153.297514430999968, 63.473978983000052 ], [ -153.298789780999982, 63.475744576000068 ], [ -153.29965543299997, 63.476942984000061 ], [ -153.300872433999984, 63.478917983000031 ], [ -153.301678357999975, 63.479366325000058 ], [ -153.303678435999984, 63.480478983000069 ], [ -153.305787677999973, 63.48058663900008 ], [ -153.306224758999974, 63.480608947000064 ], [ -153.306225435999977, 63.480608982000035 ], [ -153.307296166999976, 63.481927910000081 ], [ -153.308011437999966, 63.482808982000051 ], [ -153.31081943999996, 63.485386981000033 ], [ -153.312367440999964, 63.487620981000077 ], [ -153.313428441999974, 63.488150981000047 ], [ -153.31330004299997, 63.488652386000069 ], [ -153.312933458999964, 63.490083918000039 ], [ -153.312933442999963, 63.490083980000065 ], [ -153.313959154999964, 63.490549505000047 ], [ -153.315436445999978, 63.491219980000039 ], [ -153.317639445999959, 63.491653980000081 ], [ -153.317639356999962, 63.491654185000073 ], [ -153.317191528999984, 63.492686194000044 ], [ -153.316969445999973, 63.493197980000048 ], [ -153.316305446999962, 63.49460098000003 ], [ -153.316139386999964, 63.494952387000069 ], [ -153.315642447999977, 63.496003980000069 ], [ -153.315613775999964, 63.497243536000042 ], [ -153.315603449999969, 63.497689979000029 ], [ -153.316503452999967, 63.499803979000035 ], [ -153.316503396999963, 63.499804358000063 ], [ -153.316480151999968, 63.499961183000039 ], [ -153.316128453999966, 63.50233397900007 ], [ -153.316323566999984, 63.50388240500007 ], [ -153.316394455999983, 63.504444979000027 ], [ -153.319819457999984, 63.506711978000055 ], [ -153.321086456999979, 63.507042979000062 ], [ -153.321019457999967, 63.507100979000029 ], [ -153.318269459999982, 63.509278978000054 ], [ -153.31820663299996, 63.510210010000037 ], [ -153.318153459999962, 63.510997978000034 ], [ -153.318844462999976, 63.513231977000032 ], [ -153.319817463999982, 63.515294977000053 ], [ -153.320786006999981, 63.517568131000075 ], [ -153.320964467999971, 63.517986977000078 ], [ -153.321767467999962, 63.520050977000039 ], [ -153.322677641999974, 63.52204421600004 ], [ -153.322683264999966, 63.522056533000068 ], [ -153.322683468999969, 63.522056976000044 ], [ -153.323046115999972, 63.522705342000052 ], [ -153.323772472999963, 63.524003976000074 ], [ -153.325717474999976, 63.526236976000064 ], [ -153.325717577999967, 63.526237117000051 ], [ -153.327556475999984, 63.528758975000073 ], [ -153.330531476999965, 63.530878974000075 ], [ -153.332114305999966, 63.532373122000081 ], [ -153.332655083999981, 63.532883602000084 ], [ -153.332655477999964, 63.532883974000072 ], [ -153.335771085999966, 63.532992119000028 ], [ -153.337639479999979, 63.533056972000054 ], [ -153.338193955999969, 63.533813168000052 ], [ -153.338197479999963, 63.533817971000076 ], [ -153.340048283999977, 63.533927339000059 ], [ -153.340396847999983, 63.53394793700005 ], [ -153.340397478999961, 63.533947974000057 ], [ -153.340926746999969, 63.534761434000075 ], [ -153.341317479999958, 63.535361972000032 ], [ -153.339904679999961, 63.536584824000045 ], [ -153.338089481999958, 63.538155973000073 ], [ -153.33543402799998, 63.538687835000076 ], [ -153.333955483999972, 63.538983973000029 ], [ -153.331405980999961, 63.53916040200005 ], [ -153.328255243999962, 63.539378437000039 ], [ -153.328252649999968, 63.539378616000079 ], [ -153.328251467999962, 63.539378698000064 ], [ -153.324991151999967, 63.53936466600004 ], [ -153.324594510999958, 63.539362959000073 ], [ -153.324363483999974, 63.539361964000079 ], [ -153.324363657999982, 63.539362261000065 ], [ -153.32429748399997, 63.539361975000077 ], [ -153.324669484999959, 63.539992976000065 ], [ -153.324500757999971, 63.540087118000031 ], [ -153.323789485999981, 63.540483975000029 ], [ -153.322503486999977, 63.541464974000064 ], [ -153.324372488999984, 63.542736975000082 ], [ -153.325016544999983, 63.542787929000042 ], [ -153.32816448799997, 63.543036974000074 ], [ -153.328204182999968, 63.543035798000062 ], [ -153.328211989999971, 63.543035567000061 ], [ -153.328212610999969, 63.543035549000081 ], [ -153.32821571599996, 63.543035795000037 ], [ -153.328230487999974, 63.543036964000066 ], [ -153.328879252999968, 63.543017748000068 ], [ -153.329145684999958, 63.543009857000072 ], [ -153.330157726999971, 63.542979881000065 ], [ -153.332349487999977, 63.542914962000054 ], [ -153.33320901999997, 63.542701623000028 ], [ -153.333772892999974, 63.54256166700003 ], [ -153.334220378999959, 63.542450599000063 ], [ -153.334577487999979, 63.542361963000076 ], [ -153.335403514999967, 63.542146511000055 ], [ -153.337763484999982, 63.541530961000035 ], [ -153.339603594999971, 63.54144896400004 ], [ -153.340516750999967, 63.541408273000059 ], [ -153.340555314999961, 63.541406555000037 ], [ -153.343939486999972, 63.542522971000039 ], [ -153.344005485999958, 63.542542971000046 ], [ -153.345270900999964, 63.542926553000029 ], [ -153.345892486999958, 63.543114972000069 ], [ -153.348425486999957, 63.543128970000055 ], [ -153.348427869999966, 63.543128915000068 ], [ -153.348438612999985, 63.543128667000076 ], [ -153.348483365999982, 63.543128915000068 ], [ -153.348491486999961, 63.543128960000047 ], [ -153.349906387999965, 63.543096363000075 ], [ -153.351268738999977, 63.543064977000029 ], [ -153.351269486999968, 63.543064960000038 ], [ -153.351492647999976, 63.542669645000046 ], [ -153.35168558099997, 63.542327877000048 ], [ -153.351724484999977, 63.542258960000083 ], [ -153.352303183999965, 63.542146055000046 ], [ -153.352949485999972, 63.542019960000061 ], [ -153.354402895999982, 63.541955194000082 ], [ -153.354985720999963, 63.541929222000078 ], [ -153.355744267999967, 63.54189542000006 ], [ -153.358883485999968, 63.54260897000006 ], [ -153.362339486999957, 63.54388996800003 ], [ -153.363321703999958, 63.544614224000043 ], [ -153.364833489999967, 63.545728968000049 ], [ -153.367925129999975, 63.547128804000067 ], [ -153.367925489999976, 63.547128967000049 ], [ -153.364514490999966, 63.548467966000032 ], [ -153.361361491999958, 63.549558968000042 ], [ -153.358267490999964, 63.55070396800005 ], [ -153.359505641999959, 63.551474891000055 ], [ -153.360917493999978, 63.552353968000034 ], [ -153.359928493999973, 63.552880968000068 ], [ -153.360861496999973, 63.55372896800003 ], [ -153.364658494999958, 63.553886968000029 ], [ -153.368447495999959, 63.554322966000029 ], [ -153.368447899999978, 63.554323104000048 ], [ -153.368714470999976, 63.554414079000082 ], [ -153.37096449699996, 63.555181966000077 ], [ -153.373442165999961, 63.55629932800008 ], [ -153.373789496999962, 63.556455965000055 ], [ -153.373968168999966, 63.556530018000046 ], [ -153.374508496999965, 63.556753965000041 ], [ -153.374197497999972, 63.557347965000076 ], [ -153.374043304999958, 63.557421587000078 ], [ -153.370358498999963, 63.559180966000042 ], [ -153.368869500999978, 63.560958966000044 ], [ -153.369617500999965, 63.561706965000042 ], [ -153.370644503999983, 63.562733965000064 ], [ -153.372194503999964, 63.564739965000058 ], [ -153.372252179999975, 63.564729183000054 ], [ -153.372258484999975, 63.564737343000047 ], [ -153.372260502999978, 63.56473995500005 ], [ -153.372260807999965, 63.564739898000028 ], [ -153.373709337999969, 63.564469078000059 ], [ -153.375939951999982, 63.564052038000057 ], [ -153.376253631999958, 63.563993392000043 ], [ -153.376526360999975, 63.563942402000066 ], [ -153.376526409999968, 63.563942409000049 ], [ -153.380386504999962, 63.564511963000029 ], [ -153.379297506999961, 63.566400964000081 ], [ -153.379246066999968, 63.566663592000054 ], [ -153.379136550999959, 63.56722273400004 ], [ -153.37913650599998, 63.567222963000063 ], [ -153.378833302999965, 63.567354839000075 ], [ -153.378306506999962, 63.56758396500004 ], [ -153.378599649999984, 63.567832597000063 ], [ -153.378958505999975, 63.568136963000029 ], [ -153.37953050699997, 63.568619962000071 ], [ -153.37968156499997, 63.568746844000032 ], [ -153.380486508999979, 63.569422963000079 ], [ -153.380514438999967, 63.56942181800008 ], [ -153.38054929499998, 63.569420388000083 ], [ -153.380549447999982, 63.569420382000033 ], [ -153.380549891999976, 63.569420755000067 ], [ -153.380552507999965, 63.569422953000071 ], [ -153.380955185999966, 63.56940643400003 ], [ -153.381523356999963, 63.569383126000048 ], [ -153.383721506999962, 63.569292952000069 ], [ -153.385963505999968, 63.568178952000039 ], [ -153.386070974999967, 63.568098277000047 ], [ -153.388159626999965, 63.566530367000041 ], [ -153.391961503999966, 63.567031961000055 ], [ -153.389955506999968, 63.569208962000062 ], [ -153.389955519999972, 63.569209004000072 ], [ -153.38996467299998, 63.569239177000043 ], [ -153.39016450799997, 63.569897963000074 ], [ -153.389019508999979, 63.570442962000072 ], [ -153.389942509999969, 63.571711961000062 ], [ -153.393419509999973, 63.572147962000031 ], [ -153.393423315999968, 63.572146674000066 ], [ -153.39343712799996, 63.572142001000032 ], [ -153.393437379999966, 63.572141916000078 ], [ -153.393468925999969, 63.572145872000078 ], [ -153.393485509999977, 63.572147951000034 ], [ -153.395187296999978, 63.57157219700008 ], [ -153.395328685999971, 63.571524362000048 ], [ -153.396358507999963, 63.571175950000054 ], [ -153.396749940999968, 63.570883765000076 ], [ -153.397158769999976, 63.570578596000075 ], [ -153.398610506999972, 63.569494950000035 ], [ -153.398556816999957, 63.56901055600008 ], [ -153.398474505999957, 63.568267950000063 ], [ -153.398474790999984, 63.568267816000059 ], [ -153.398474909999976, 63.568267760000083 ], [ -153.398557296999968, 63.568228927000064 ], [ -153.398592472999979, 63.568212347000042 ], [ -153.39878850599996, 63.568119949000049 ], [ -153.40199549999997, 63.566590235000035 ], [ -153.403070459999981, 63.56607748600004 ], [ -153.403830504999974, 63.565714949000039 ], [ -153.403831213999979, 63.565714883000055 ], [ -153.404088189999982, 63.565691136000055 ], [ -153.407797502999983, 63.566439959000036 ], [ -153.410349064999963, 63.566449807000083 ], [ -153.410647504999957, 63.566450959000065 ], [ -153.41539750299998, 63.566608956000039 ], [ -153.41539875899997, 63.566608167000084 ], [ -153.415400434999981, 63.566607114000078 ], [ -153.415400833999968, 63.566606863000061 ], [ -153.415436387999961, 63.566608045000066 ], [ -153.415463503999973, 63.566608947000077 ], [ -153.41690018099996, 63.565705863000062 ], [ -153.417596573999958, 63.565268116000027 ], [ -153.418352500999958, 63.564792946000068 ], [ -153.418352364999976, 63.564792663000048 ], [ -153.418236203999982, 63.564550432000033 ], [ -153.418117378999966, 63.564302645000055 ], [ -153.417994139999962, 63.564045655000029 ], [ -153.417719524999967, 63.563473 ], [ -153.417719499999976, 63.563472947000037 ], [ -153.417811708999977, 63.563441729000033 ], [ -153.417827012999965, 63.563436548000027 ], [ -153.418038500999984, 63.563364947000082 ], [ -153.41803847099996, 63.563364836000062 ], [ -153.417852132999968, 63.562686923000058 ], [ -153.41772643799996, 63.562229635000051 ], [ -153.417408497999958, 63.56107294800006 ], [ -153.421965011999959, 63.55868184600007 ], [ -153.425994497999966, 63.56009795600005 ], [ -153.426858410999984, 63.561301004000029 ], [ -153.427311222999975, 63.561931572000049 ], [ -153.427311498999984, 63.56193195600008 ], [ -153.430822019999965, 63.562247738000053 ], [ -153.431780499999974, 63.562333956000032 ], [ -153.432497025999965, 63.56243402900003 ], [ -153.434644499999962, 63.562733954000066 ], [ -153.437625420999979, 63.563247941000043 ], [ -153.437625498999978, 63.563247954000076 ], [ -153.437299611999975, 63.563500129000033 ], [ -153.435105500999981, 63.565197954000041 ], [ -153.433974051999968, 63.56551403800006 ], [ -153.429775503999963, 63.56668695500008 ], [ -153.425822660999984, 63.567031942000028 ], [ -153.425822504999957, 63.567031956000051 ], [ -153.421889504999967, 63.568172956000069 ], [ -153.421672504999975, 63.569728957000052 ], [ -153.424497506999984, 63.571144957000058 ], [ -153.424506380999958, 63.57114499100004 ], [ -153.424563423999984, 63.571145216000048 ], [ -153.430836505999963, 63.571169954000084 ], [ -153.430840989999979, 63.571169785000052 ], [ -153.430842979999966, 63.571169710000049 ], [ -153.430862058999963, 63.571169785000052 ], [ -153.430902507999974, 63.571169944000076 ], [ -153.43528253499997, 63.571004822000077 ], [ -153.436498800999971, 63.570958970000049 ], [ -153.436499505999961, 63.570958943000051 ], [ -153.436590404999976, 63.570933927000056 ], [ -153.43676349499998, 63.570886291000079 ], [ -153.437023475999979, 63.570814743000028 ], [ -153.437233506999974, 63.57075694200006 ], [ -153.439383779999957, 63.570188772000051 ], [ -153.440272504999967, 63.56995394300003 ], [ -153.441277767999964, 63.569699902000082 ], [ -153.445713503999968, 63.568578942000045 ], [ -153.447430229999981, 63.568185178000078 ], [ -153.448995811999964, 63.567826082000067 ], [ -153.449702643999984, 63.567663956000047 ], [ -153.449703604999968, 63.567664065000031 ], [ -153.451843285999985, 63.567906600000072 ], [ -153.453725503999976, 63.568119951000028 ], [ -153.458253505999977, 63.569608950000031 ], [ -153.459312973999971, 63.571579806000045 ], [ -153.459455506999973, 63.57184495000007 ], [ -153.459455455999972, 63.571844980000037 ], [ -153.456967507999963, 63.573269950000054 ], [ -153.456664508999978, 63.574575950000053 ], [ -153.455473176999959, 63.576120463000052 ], [ -153.455055510999983, 63.576661950000073 ], [ -153.455055208999966, 63.576661988000069 ], [ -153.448472272999965, 63.577472283000077 ], [ -153.448388719999969, 63.577463868000052 ], [ -153.446355511999968, 63.577258941000082 ], [ -153.446351419999957, 63.577260207000052 ], [ -153.446339264999978, 63.577263966000032 ], [ -153.446308202999973, 63.57726083600005 ], [ -153.446289511999964, 63.577258952000079 ], [ -153.446289299999961, 63.577259018000063 ], [ -153.441753511999963, 63.578661953000051 ], [ -153.440550677999966, 63.580953642000054 ], [ -153.440550514999984, 63.580953952000073 ], [ -153.444789515999958, 63.58152595200005 ], [ -153.444814725999976, 63.581520437000052 ], [ -153.444855513999983, 63.581525940000063 ], [ -153.44526877399997, 63.58143553900004 ], [ -153.44562480099998, 63.581357658000059 ], [ -153.446525390999966, 63.581528837000064 ], [ -153.448672515999959, 63.581936951000046 ], [ -153.448702303999966, 63.581930174000036 ], [ -153.448702525999977, 63.581930124000053 ], [ -153.44870258399996, 63.581930111000077 ], [ -153.448722205999957, 63.58193384100008 ], [ -153.448738515999963, 63.581936941000038 ], [ -153.449496710999966, 63.581764436000071 ], [ -153.450199713999979, 63.581604489000028 ], [ -153.454856069999977, 63.580545076000078 ], [ -153.455366513999962, 63.580428940000047 ], [ -153.456158979999969, 63.580001560000028 ], [ -153.457292713999976, 63.579390133000061 ], [ -153.460760105999981, 63.577520157000038 ], [ -153.460760509999972, 63.577519939000069 ], [ -153.460896377999973, 63.576451803000054 ], [ -153.460955509999962, 63.575986939000074 ], [ -153.462687344999978, 63.575297224000053 ], [ -153.463019508999963, 63.575164938000057 ], [ -153.466094742999957, 63.574187036000069 ], [ -153.467679127999958, 63.573683214000027 ], [ -153.468060507999979, 63.573561938000068 ], [ -153.469449173999976, 63.573234248000063 ], [ -153.473127579999982, 63.57236623600005 ], [ -153.473127975999972, 63.572366318000036 ], [ -153.475805068999961, 63.572922604000041 ], [ -153.477505507999979, 63.57327594700007 ], [ -153.477546708999967, 63.573270783000055 ], [ -153.477571506999965, 63.573275935000083 ], [ -153.477571983999979, 63.573275875000036 ], [ -153.481696504999974, 63.572758936000071 ], [ -153.482160862999962, 63.572598453000069 ], [ -153.483373809999961, 63.572179255000037 ], [ -153.484551101999983, 63.571772380000027 ], [ -153.485391503999978, 63.571481934000076 ], [ -153.485391457999981, 63.571481670000082 ], [ -153.48539141699996, 63.571481435000067 ], [ -153.485085503999983, 63.569936934000054 ], [ -153.48731369799998, 63.567725655000061 ], [ -153.487313771999965, 63.567725669000083 ], [ -153.49163950099998, 63.568564944000059 ], [ -153.491639523999964, 63.568565187000047 ], [ -153.491804687999974, 63.570296889000076 ], [ -153.491905505999966, 63.571353944000066 ], [ -153.491533506999957, 63.573575944000083 ], [ -153.493606507999971, 63.574994945000071 ], [ -153.493653342999977, 63.574982549000083 ], [ -153.49365411499997, 63.57498234500008 ], [ -153.493658516999972, 63.57498535700006 ], [ -153.493672507999975, 63.574994933000028 ], [ -153.493673033999983, 63.574994794000077 ], [ -153.49415215999997, 63.574867981000068 ], [ -153.494613863999973, 63.574745778000079 ], [ -153.49466744999998, 63.575128536000079 ], [ -153.494667506999974, 63.575128943000038 ], [ -153.498742506999974, 63.575700943000072 ], [ -153.500031783999958, 63.575762572000031 ], [ -153.501880506999981, 63.575850942000045 ], [ -153.501880562999958, 63.575847780000061 ], [ -153.501880613999958, 63.575847782000039 ], [ -153.501905935999957, 63.575848992000033 ], [ -153.501946508999964, 63.575850931000048 ], [ -153.501946509999982, 63.575850850000052 ], [ -153.501988505999975, 63.573478932000057 ], [ -153.501012238999976, 63.57246871600006 ], [ -153.500694503999966, 63.572139932000027 ], [ -153.50098077499996, 63.571860541000035 ], [ -153.501105877999976, 63.571738445000051 ], [ -153.501235504999983, 63.571611933000042 ], [ -153.501214166999972, 63.570726801000035 ], [ -153.501177501999962, 63.569205933000035 ], [ -153.502561006999969, 63.568048180000062 ], [ -153.504327500999977, 63.56656993200005 ], [ -153.506662383999981, 63.565637283000058 ], [ -153.506820657999981, 63.565574062000053 ], [ -153.507191498999958, 63.565425932000039 ], [ -153.508317525999985, 63.564976620000039 ], [ -153.51005849699996, 63.564281931000039 ], [ -153.51247889299998, 63.563775985000063 ], [ -153.513091496999976, 63.563647930000059 ], [ -153.516130306999969, 63.562961979000079 ], [ -153.516130403999966, 63.562961956000038 ], [ -153.516130496999978, 63.562961934000043 ], [ -153.518256477999984, 63.562449487000038 ], [ -153.519975259999967, 63.562035192000053 ], [ -153.519976133999961, 63.562035210000033 ], [ -153.524094493999968, 63.562119940000059 ], [ -153.524097924999978, 63.562119019000079 ], [ -153.524098437999982, 63.56211888100006 ], [ -153.524099226999965, 63.562118669000029 ], [ -153.524120214999982, 63.562119100000075 ], [ -153.524160494999961, 63.562119928000072 ], [ -153.525550925999966, 63.561746481000057 ], [ -153.526537446999981, 63.561481517000061 ], [ -153.528263492999969, 63.561017929000059 ], [ -153.528263497999973, 63.561017575000051 ], [ -153.528273350999967, 63.560352708000039 ], [ -153.528294491999958, 63.558925929000054 ], [ -153.527111257999962, 63.558349344000078 ], [ -153.524555489999983, 63.55710392900005 ], [ -153.522968918999965, 63.556972945000041 ], [ -153.522857809999977, 63.556963772000074 ], [ -153.522835835999985, 63.556961958000045 ], [ -153.522835501999964, 63.556961931000046 ], [ -153.522745471999968, 63.556862326000044 ], [ -153.522626029999969, 63.556730166000079 ], [ -153.522619490999972, 63.556722930000035 ], [ -153.520759819999967, 63.556344258000081 ], [ -153.51892176299998, 63.555969987000083 ], [ -153.518921488999979, 63.55596993100005 ], [ -153.518222547999983, 63.554851738000082 ], [ -153.517699489999984, 63.554014930000051 ], [ -153.51769976099996, 63.554014788000075 ], [ -153.519982852999959, 63.552815210000063 ], [ -153.520862782999984, 63.552352878000079 ], [ -153.521420941999963, 63.55237022600005 ], [ -153.525819486999978, 63.552506940000058 ], [ -153.526581166999961, 63.552633514000036 ], [ -153.52752248699997, 63.552789940000082 ], [ -153.527553255999976, 63.552784075000034 ], [ -153.527588485999956, 63.552789929000028 ], [ -153.527930467999965, 63.552724745000035 ], [ -153.528052095999982, 63.552701562000038 ], [ -153.528131580999968, 63.552686412000071 ], [ -153.528333487999959, 63.552647928000056 ], [ -153.530322049999967, 63.552535269000032 ], [ -153.531369487999967, 63.552475928000035 ], [ -153.531824961999973, 63.552450607000083 ], [ -153.534463485999964, 63.552303928000072 ], [ -153.539391486999961, 63.552017928000055 ], [ -153.542258484999962, 63.551728927000056 ], [ -153.545177484999982, 63.55144292600005 ], [ -153.545805445999974, 63.551338409000039 ], [ -153.548097485999961, 63.550956925000037 ], [ -153.548097526999982, 63.550956645000042 ], [ -153.548107382999973, 63.550890051000067 ], [ -153.548208484999975, 63.550206926000044 ], [ -153.548208180999978, 63.550206651000053 ], [ -153.548208055999964, 63.550206538000054 ], [ -153.546660535999962, 63.548806975000048 ], [ -153.546660481999965, 63.548806926000054 ], [ -153.542589130999971, 63.548375997000051 ], [ -153.542588483999964, 63.548375920000069 ], [ -153.538202481999974, 63.547803928000064 ], [ -153.535705508999968, 63.54710093500006 ], [ -153.535705478999972, 63.547100919000059 ], [ -153.535044123999967, 63.546541134000051 ], [ -153.533224478999983, 63.545000928000036 ], [ -153.532615514999975, 63.544357111000068 ], [ -153.531974436999974, 63.543679342000075 ], [ -153.531705656999975, 63.543395177000036 ], [ -153.53137247899997, 63.54304293000007 ], [ -153.532663373999981, 63.540818109000043 ], [ -153.532663477999961, 63.54081792900007 ], [ -153.537702475999964, 63.539578928000083 ], [ -153.539741004999968, 63.539237181000033 ], [ -153.541794475999978, 63.538892928000053 ], [ -153.542133471999961, 63.537222927000073 ], [ -153.542133254999982, 63.537222829000029 ], [ -153.540591287999973, 63.536527782000064 ], [ -153.53901665799998, 63.535818014000029 ], [ -153.539016471999958, 63.535817928000029 ], [ -153.533380471999976, 63.535242930000038 ], [ -153.530603086999974, 63.53461606500008 ], [ -153.530252506999972, 63.534536939000077 ], [ -153.530252471999972, 63.534536931000048 ], [ -153.530256759999958, 63.534280894000062 ], [ -153.530269070999964, 63.533545718000028 ], [ -153.530280470999969, 63.532864930000073 ], [ -153.530280990999984, 63.53286487400004 ], [ -153.53283885999997, 63.532587980000073 ], [ -153.534047719999961, 63.532457119000071 ], [ -153.537735727999973, 63.532467305000068 ], [ -153.538333564999959, 63.532468956000059 ], [ -153.538689468999962, 63.532469939000066 ], [ -153.538690883999976, 63.532470124000042 ], [ -153.543071675999983, 63.533042829000067 ], [ -153.543072468999981, 63.533042938000051 ], [ -153.543095197999975, 63.533037271000069 ], [ -153.543138470999963, 63.533042928000043 ], [ -153.545344468999957, 63.532492928000067 ], [ -153.545344438999962, 63.532492752000053 ], [ -153.545098488999969, 63.531067268000072 ], [ -153.545055467999958, 63.530817927000044 ], [ -153.545055339999976, 63.530817885000033 ], [ -153.544920268999959, 63.53077363500006 ], [ -153.54162146699997, 63.529692929000078 ], [ -153.539896995999982, 63.52919713700004 ], [ -153.53977533799997, 63.529162160000055 ], [ -153.53966920199997, 63.529131645000064 ], [ -153.538188464999962, 63.528705929000068 ], [ -153.537583468999969, 63.527308939000079 ], [ -153.539792222999978, 63.525927458000069 ], [ -153.539792682999973, 63.52592749300004 ], [ -153.539792864999981, 63.525927507000063 ], [ -153.543492463999968, 63.526211939000063 ], [ -153.545981464999983, 63.527475938000066 ], [ -153.547965120999976, 63.529153246000078 ], [ -153.548461466999981, 63.529572938000058 ], [ -153.548461552999981, 63.529573113000083 ], [ -153.548858018999965, 63.530374919000053 ], [ -153.549980467999973, 63.532644937000043 ], [ -153.550760991999965, 63.533893602000035 ], [ -153.551814471999961, 63.535578937000082 ], [ -153.552637674999971, 63.536321190000081 ], [ -153.553675473999959, 63.537256936000063 ], [ -153.553686766999959, 63.537255970000047 ], [ -153.55373576599996, 63.537251780000076 ], [ -153.553738756999962, 63.537254476000044 ], [ -153.553741472999974, 63.537256925000065 ], [ -153.555854381999978, 63.537076177000074 ], [ -153.558452470999981, 63.536853925000059 ], [ -153.561927471999979, 63.535328925000044 ], [ -153.561927537999964, 63.53532886000005 ], [ -153.563199470999962, 63.534078925000074 ], [ -153.56319956599998, 63.534078801000078 ], [ -153.563225462999981, 63.53404504000008 ], [ -153.563397072999976, 63.533821322000051 ], [ -153.565119402999983, 63.531576010000038 ], [ -153.565119467999978, 63.531575925000027 ], [ -153.566041394999957, 63.531496165000078 ], [ -153.566627451999977, 63.531445465000047 ], [ -153.567228467999968, 63.533114934000082 ], [ -153.567175305999967, 63.533221806000029 ], [ -153.566258470999969, 63.535064934000047 ], [ -153.565426228999968, 63.535510726000041 ], [ -153.563411528999978, 63.536589905000028 ], [ -153.563411471999984, 63.536589935000052 ], [ -153.562753473999976, 63.538678935000064 ], [ -153.562753614999963, 63.538679023000043 ], [ -153.562956697999965, 63.538785666000081 ], [ -153.564618783999975, 63.539658571000075 ], [ -153.564619473999983, 63.539658934000045 ], [ -153.563448100999977, 63.540275018000045 ], [ -153.563039474999982, 63.540489935000039 ], [ -153.563039787999969, 63.540490023000075 ], [ -153.563427150999956, 63.540599259000032 ], [ -153.565539476999959, 63.541194934000032 ], [ -153.564924406999978, 63.541463390000047 ], [ -153.564272475999957, 63.541747935000046 ], [ -153.563963597999958, 63.542674571000077 ], [ -153.563947574999958, 63.542722640000079 ], [ -153.563947476999971, 63.542722934000039 ], [ -153.563587705999964, 63.542959753000048 ], [ -153.562680477999976, 63.543556934000037 ], [ -153.561414478999978, 63.544250934000047 ], [ -153.560136480999972, 63.545781935000036 ], [ -153.560130196999978, 63.546219846000042 ], [ -153.560114486999964, 63.547314483000036 ], [ -153.560114480999971, 63.547314934000042 ], [ -153.56015653999998, 63.547309677000044 ], [ -153.560180408999969, 63.547306693000053 ], [ -153.560180599999967, 63.547306669000079 ], [ -153.560180600999985, 63.547306926000033 ], [ -153.560180483999972, 63.547314731000029 ], [ -153.560180480999975, 63.547314924000034 ], [ -153.561236967999974, 63.547182863000046 ], [ -153.562321836999985, 63.547047255000052 ], [ -153.562322159999979, 63.547047577000058 ], [ -153.563861482999982, 63.548578934000034 ], [ -153.563904444999963, 63.54861115600005 ], [ -153.564953483999972, 63.549397935000059 ], [ -153.564965815999983, 63.549394426000049 ], [ -153.565000989999959, 63.549384419000035 ], [ -153.56500134199996, 63.549384319000069 ], [ -153.565019481999968, 63.549397923000072 ], [ -153.56511791899996, 63.549369916000046 ], [ -153.56519135299996, 63.549349022000058 ], [ -153.565711569999962, 63.549201013000072 ], [ -153.566091480999972, 63.549092923000046 ], [ -153.566886937999982, 63.547221668000077 ], [ -153.571927967999983, 63.54875078200007 ], [ -153.571928481999976, 63.548750932000075 ], [ -153.575881482999961, 63.550183932000039 ], [ -153.576527502999966, 63.550377329000071 ], [ -153.580464484999965, 63.551555931000053 ], [ -153.583355646999962, 63.552296321000028 ], [ -153.585392485999961, 63.55281793000006 ], [ -153.589461483999969, 63.553103930000077 ], [ -153.589476537999957, 63.553100338000036 ], [ -153.58952748599998, 63.553103918000033 ], [ -153.594569486999973, 63.551900916000079 ], [ -153.59867190099996, 63.550249010000073 ], [ -153.598672489999984, 63.550249133000079 ], [ -153.60246748199998, 63.551042927000083 ], [ -153.605288177999967, 63.552822917000071 ], [ -153.605733483999984, 63.553103926000063 ], [ -153.605733588999982, 63.553104160000032 ], [ -153.605926636999982, 63.553536730000076 ], [ -153.606705485999981, 63.555281926000077 ], [ -153.608942488999958, 63.557572926000034 ], [ -153.612513548999971, 63.558261603000062 ], [ -153.613697486999968, 63.55848992500006 ], [ -153.619025487999977, 63.558947924000051 ], [ -153.623149842999965, 63.559578824000027 ], [ -153.623150487999965, 63.559578923000061 ], [ -153.62374961499998, 63.560345286000029 ], [ -153.624583488999974, 63.561411923000037 ], [ -153.62492849299997, 63.563531922000038 ], [ -153.62449923799997, 63.564905091000071 ], [ -153.624355493999957, 63.565364922000072 ], [ -153.621719494999979, 63.567197923000037 ], [ -153.621135664999969, 63.567685157000028 ], [ -153.619658497999978, 63.568917923000072 ], [ -153.618842291999982, 63.570551013000056 ], [ -153.618456497999972, 63.571322923000082 ], [ -153.621550500999973, 63.573100923000084 ], [ -153.626247501999984, 63.574761921000061 ], [ -153.627348587999961, 63.57572777300004 ], [ -153.629056501999969, 63.577225921000036 ], [ -153.630717505999968, 63.579003920000048 ], [ -153.633067505999975, 63.580947921000075 ], [ -153.636067044999976, 63.583059705000039 ], [ -153.636733506999974, 63.58352891800007 ], [ -153.638031149999961, 63.584315672000059 ], [ -153.640228509999957, 63.585647919000053 ], [ -153.642420992999973, 63.58589117300005 ], [ -153.644356509999966, 63.586105917000054 ], [ -153.648825510999984, 63.587595917000044 ], [ -153.652833510999983, 63.587994915000081 ], [ -153.652833860999976, 63.587994464000076 ], [ -153.652834232999965, 63.587993985000082 ], [ -153.652838001999982, 63.587989128000061 ], [ -153.652838260999971, 63.587988796000047 ], [ -153.652899511999976, 63.587994906000063 ], [ -153.654230292999983, 63.586280158000079 ], [ -153.654422927999974, 63.586031942000034 ], [ -153.654677509999971, 63.585703906000049 ], [ -153.654894987999967, 63.585216595000077 ], [ -153.654959106999968, 63.585072921000062 ], [ -153.655649508999971, 63.583525905000045 ], [ -153.655938908999957, 63.583435138000027 ], [ -153.659660505999966, 63.582267911000031 ], [ -153.66423650699997, 63.582267909000052 ], [ -153.664236653999978, 63.582267904000048 ], [ -153.664302504999966, 63.582267903000059 ], [ -153.66569752999996, 63.582169730000032 ], [ -153.668323501999964, 63.581984931000079 ], [ -153.671342505999974, 63.582380913000065 ], [ -153.67253123499998, 63.582540635000043 ], [ -153.674319505999961, 63.582780914000068 ], [ -153.675525507999964, 63.584614912000063 ], [ -153.677186509999984, 63.586678912000082 ], [ -153.677186646999957, 63.586678988000074 ], [ -153.680567510999964, 63.588567911000041 ], [ -153.68177123199996, 63.589377651000063 ], [ -153.683717511999959, 63.590686910000045 ], [ -153.685327384999965, 63.591596996000078 ], [ -153.687269512999961, 63.592694910000034 ], [ -153.689864605999958, 63.593811350000067 ], [ -153.691797513999973, 63.594642910000061 ], [ -153.69183042399996, 63.59464252500004 ], [ -153.691861795999984, 63.594642158000056 ], [ -153.691862647999983, 63.59464252500004 ], [ -153.691863515999984, 63.594642899000064 ], [ -153.694470577999965, 63.594612390000066 ], [ -153.694834385999968, 63.594608133000065 ], [ -153.696905514999969, 63.594583897000064 ], [ -153.697806353999965, 63.593881242000066 ], [ -153.698564001999983, 63.593290276000062 ], [ -153.699255513999958, 63.59275089700003 ], [ -153.702000389999967, 63.592163736000032 ], [ -153.703208831999973, 63.591905236000059 ], [ -153.704630513999973, 63.594011907000038 ], [ -153.704344515999964, 63.596017906000043 ], [ -153.703186637999977, 63.597443865000059 ], [ -153.702111517999981, 63.598767907000081 ], [ -153.702112176999975, 63.598768118000066 ], [ -153.706408517999961, 63.600142906000031 ], [ -153.711739519999981, 63.601575905000061 ], [ -153.713114521999984, 63.603522903000055 ], [ -153.714203436999981, 63.605528745000072 ], [ -153.71420352399997, 63.605528904000039 ], [ -153.718328522999968, 63.605756903000042 ], [ -153.718352530999965, 63.605756640000038 ], [ -153.718383750999976, 63.605756298000074 ], [ -153.718389942999977, 63.605756640000038 ], [ -153.718394522999972, 63.605756893000034 ], [ -153.720206993999966, 63.605736991000072 ], [ -153.723494521999982, 63.605700891000083 ], [ -153.728649522999973, 63.605356892000032 ], [ -153.732487406999979, 63.605190497000081 ], [ -153.733946360999965, 63.60512723800008 ], [ -153.736950522999962, 63.605242900000064 ], [ -153.738894063999965, 63.605315879000045 ], [ -153.73998652299997, 63.605356900000061 ], [ -153.743367521999971, 63.605642899000031 ], [ -153.744571034999979, 63.605766550000055 ], [ -153.746686521999976, 63.60598389900008 ], [ -153.748676246999963, 63.60628181900006 ], [ -153.75167552299996, 63.60673089800008 ], [ -153.756889523999973, 63.608047898000052 ], [ -153.759455187999976, 63.608831197000029 ], [ -153.761586525999974, 63.609481896000034 ], [ -153.765883526999971, 63.611311895000028 ], [ -153.768233526999978, 63.613258894000069 ], [ -153.768233942999984, 63.613258940000037 ], [ -153.771873402999972, 63.613659942000083 ], [ -153.772417528999966, 63.613719895000031 ], [ -153.772455290999972, 63.613717202000032 ], [ -153.772457657999979, 63.613717033000057 ], [ -153.77248352899997, 63.613719884000034 ], [ -153.776494527999972, 63.613433883000027 ], [ -153.778122934999971, 63.613248190000036 ], [ -153.781019527999973, 63.612917881000044 ], [ -153.78331474099997, 63.612419375000059 ], [ -153.784974524999967, 63.612058881000053 ], [ -153.787418785999961, 63.61114228200006 ], [ -153.789299182999969, 63.610437134000051 ], [ -153.789558523999972, 63.610339881000073 ], [ -153.791634526999957, 63.610143939000068 ], [ -153.793770407999972, 63.609942343000057 ], [ -153.798428522999984, 63.61022889000003 ], [ -153.80030007199997, 63.610555010000041 ], [ -153.802669523999981, 63.610967889000051 ], [ -153.805419524999962, 63.612114888000065 ], [ -153.807563017999968, 63.613052568000057 ], [ -153.808169525999972, 63.613317887000051 ], [ -153.808169724999971, 63.613318054000047 ], [ -153.808673091999964, 63.613741417000028 ], [ -153.810692526999958, 63.615439888000083 ], [ -153.81167703899996, 63.616588196000066 ], [ -153.812411529999963, 63.617444887000033 ], [ -153.812860459999968, 63.618757642000048 ], [ -153.813097531999972, 63.619450886000038 ], [ -153.814358532999961, 63.621225886000047 ], [ -153.819172422999969, 63.622714851000069 ], [ -153.819172531999982, 63.62271488500005 ], [ -153.819235846999959, 63.622714044000077 ], [ -153.819238533999965, 63.622714874000053 ], [ -153.821653409999982, 63.622682755000028 ], [ -153.821653666999964, 63.62268275200006 ], [ -153.821687279999963, 63.622898903000078 ], [ -153.821725532999977, 63.623144886000034 ], [ -153.821719534999971, 63.624297886000079 ], [ -153.823014533999981, 63.625453884000081 ], [ -153.825275537999971, 63.627475884000035 ], [ -153.826900533999975, 63.628628881000054 ], [ -153.827214537999964, 63.630358883000042 ], [ -153.825900541999971, 63.632228883000039 ], [ -153.825895100999958, 63.633183096000039 ], [ -153.825886545999964, 63.634683598000038 ], [ -153.825886543999957, 63.634683883000037 ], [ -153.826831982999977, 63.634841517000041 ], [ -153.828489541999971, 63.635117883000078 ], [ -153.829458542999959, 63.635983882000062 ], [ -153.829452043999964, 63.637271155000064 ], [ -153.829450545999975, 63.637567882000042 ], [ -153.828771690999957, 63.638104824000038 ], [ -153.827814544999967, 63.638861882000072 ], [ -153.828535542999958, 63.639643625000076 ], [ -153.830081547999981, 63.641319882000062 ], [ -153.830169501999961, 63.641721240000038 ], [ -153.830397549999958, 63.642761882000059 ], [ -153.83121570199998, 63.644718994000073 ], [ -153.831361551999976, 63.645067882000035 ], [ -153.830375553999971, 63.646797881000055 ], [ -153.829383555999982, 63.649244881000072 ], [ -153.829456482999973, 63.649714030000041 ], [ -153.829697555999957, 63.651264881000031 ], [ -153.830994556999968, 63.651986881000028 ], [ -153.832289558999975, 63.653431880000028 ], [ -153.831625560999981, 63.655014880000067 ], [ -153.832262961999959, 63.655639312000062 ], [ -153.833247561999968, 63.656603880000034 ], [ -153.835092944999957, 63.657658385000047 ], [ -153.835522560999976, 63.657903880000049 ], [ -153.838119562999964, 63.659203879000074 ], [ -153.839086564999974, 63.661222879000036 ], [ -153.839725567999977, 63.663383878000047 ], [ -153.83992312899997, 63.663870418000045 ], [ -153.840369568999961, 63.664969878000079 ], [ -153.840370116999964, 63.664970033000031 ], [ -153.842713, 63.665634003000037 ], [ -153.843947567999976, 63.665983878000077 ], [ -153.843948272999967, 63.665983975000074 ], [ -153.844514204999967, 63.666061652000053 ], [ -153.848180568999965, 63.666564877000042 ], [ -153.851433570999973, 63.667433876000075 ], [ -153.852781518999961, 63.667719398000031 ], [ -153.858269570999965, 63.668881875000068 ], [ -153.863155571999982, 63.669175874000075 ], [ -153.86467410299997, 63.669482039000059 ], [ -153.866736570999961, 63.669897873000082 ], [ -153.866737345999979, 63.669897874000071 ], [ -153.86673739699998, 63.669897879000075 ], [ -153.866802117999981, 63.669897928000069 ], [ -153.868372542999964, 63.669899242000042 ], [ -153.870322571999964, 63.669900873000074 ], [ -153.874881571999964, 63.670769872000051 ], [ -153.877493413999957, 63.671133755000028 ], [ -153.880092571999967, 63.671495871000047 ], [ -153.88141028299998, 63.671496680000075 ], [ -153.882948663999969, 63.67149762400004 ], [ -153.883193161999969, 63.671497774000045 ], [ -153.883350572999973, 63.671497870000053 ], [ -153.88335208899997, 63.67149796700005 ], [ -153.887911572999968, 63.671789870000055 ], [ -153.892390339999963, 63.672000354000033 ], [ -153.894103571999977, 63.672080869000069 ], [ -153.897686572999959, 63.672517868000057 ], [ -153.901594571999965, 63.672953868000036 ], [ -153.904048168999964, 63.673099999000044 ], [ -153.906480570999975, 63.673244867000051 ], [ -153.912022571999984, 63.673536866000063 ], [ -153.91625357199996, 63.675122867000027 ], [ -153.921794572999971, 63.675269865000075 ], [ -153.921811340999966, 63.675268921000054 ], [ -153.921815842999962, 63.675268668000058 ], [ -153.921860572999975, 63.675269853000032 ], [ -153.93084118699997, 63.674764065000033 ], [ -153.931491111999975, 63.674727461000032 ], [ -153.931963571999972, 63.674700852000058 ], [ -153.93225955799997, 63.674638999000081 ], [ -153.938160571999958, 63.673405851000041 ], [ -153.944683568999977, 63.671244850000051 ], [ -153.949730502999984, 63.671033854000029 ], [ -153.95147210899998, 63.670961043000034 ], [ -153.951473180999983, 63.67096121600008 ], [ -153.951473509999971, 63.670961269000031 ], [ -153.951685037999965, 63.670995373000039 ], [ -153.958628568999984, 63.672114859000033 ], [ -153.958676075999961, 63.67211186600008 ], [ -153.958694566999981, 63.672114847000046 ], [ -153.967819568999971, 63.67153984600003 ], [ -153.970099565999959, 63.669953846000055 ], [ -153.970643408999962, 63.669521471000053 ], [ -153.973363564999971, 63.66735884600007 ], [ -153.978252562999984, 63.665486845000032 ], [ -153.979074887999957, 63.665291164000053 ], [ -153.982488560999968, 63.66447884400003 ], [ -153.987374559999978, 63.663614844000051 ], [ -153.994869267999974, 63.662461888000053 ], [ -153.994869558999966, 63.662461842000027 ], [ -153.995165341999979, 63.662330585000063 ], [ -153.995942756999966, 63.661985598000058 ], [ -153.996283015999978, 63.661834604000035 ], [ -153.996496557999961, 63.661739842000031 ], [ -153.998315132999977, 63.660846050000032 ], [ -153.999430045999958, 63.660298093000051 ], [ -153.999430555999965, 63.660297842000034 ], [ -154.003338556999978, 63.659286841000039 ], [ -154.005233963999984, 63.658973668000044 ], [ -154.007605463999965, 63.658581831000049 ], [ -154.008298736999961, 63.658467276000067 ], [ -154.008549552999966, 63.658425832000034 ], [ -154.008549810999966, 63.658425785000077 ], [ -154.011483554999984, 63.657847844000059 ], [ -154.015716500999957, 63.65626185800005 ], [ -154.015716551999958, 63.656261839000081 ], [ -154.017016551999973, 63.654675839000049 ], [ -154.017341547999962, 63.65193683800004 ], [ -154.017338045999963, 63.651909143000069 ], [ -154.017242831999965, 63.651156141000058 ], [ -154.017047237999975, 63.649609294000072 ], [ -154.017013545999959, 63.649342839000042 ], [ -154.015843405999959, 63.648019344000033 ], [ -154.014816493999973, 63.646857848000082 ], [ -154.014083865999964, 63.646029204000058 ], [ -154.014083543999959, 63.646028840000042 ], [ -154.014083282999962, 63.646028730000069 ], [ -154.012902940999965, 63.645530982000082 ], [ -154.007244540999977, 63.643144842000083 ], [ -154.006664722999972, 63.64280933100008 ], [ -154.003010728999982, 63.640694953000036 ], [ -154.003010539999963, 63.640694843000063 ], [ -154.000080537999963, 63.636081844000046 ], [ -153.999674529999965, 63.635422468000058 ], [ -153.999194820999975, 63.634643398000037 ], [ -153.998891533999966, 63.634150844000033 ], [ -153.999485000999982, 63.633978356000057 ], [ -154.001788533999957, 63.633308843000066 ], [ -154.004710532999979, 63.632222843000079 ], [ -154.005893068999967, 63.631789617000038 ], [ -154.007688531999975, 63.631131843000048 ], [ -154.010123245999978, 63.629702433000034 ], [ -154.011046232999973, 63.629160551000041 ], [ -154.011299530999963, 63.629011841000079 ], [ -154.01473552799996, 63.627005841000027 ], [ -154.015020532999984, 63.626844009000081 ], [ -154.017375444999971, 63.625506843000039 ], [ -154.018060525999971, 63.62511784000003 ], [ -154.020931617999963, 63.62385114600005 ], [ -154.022872522999961, 63.622994841000036 ], [ -154.023462760999962, 63.622764209000081 ], [ -154.023805338999978, 63.622630349000076 ], [ -154.024421085999961, 63.622389750000082 ], [ -154.025508522999957, 63.621964840000032 ], [ -154.027846465999971, 63.621138483000038 ], [ -154.02825852099997, 63.620992840000042 ], [ -154.030678317999957, 63.620139424000058 ], [ -154.032255830999958, 63.619583064000039 ], [ -154.032324246999963, 63.619558935000043 ], [ -154.032324519999975, 63.619558839000035 ], [ -154.037252516999985, 63.617494839000074 ], [ -154.040018688999965, 63.616469185000028 ], [ -154.040296735999959, 63.616366089000053 ], [ -154.042352516999983, 63.615603838000084 ], [ -154.046763514999981, 63.61400083400008 ], [ -154.046763662999979, 63.614000786000076 ], [ -154.052035514999972, 63.612453837000032 ], [ -154.054880381999965, 63.611619123000082 ], [ -154.05535851199997, 63.611478835000071 ], [ -154.055941570999977, 63.611320650000039 ], [ -154.058091768999958, 63.61073729800006 ], [ -154.058738509999984, 63.610561836000045 ], [ -154.063380510999963, 63.609244835000084 ], [ -154.065224508999961, 63.608799628000043 ], [ -154.06647450899996, 63.608497834000048 ], [ -154.067660093999962, 63.608191085000044 ], [ -154.069566508999969, 63.607697834000078 ], [ -154.071222865999971, 63.607510086000048 ], [ -154.07512450599998, 63.607067833000031 ], [ -154.077538643999958, 63.606808289000071 ], [ -154.077955600999957, 63.60676346200006 ], [ -154.078333506999968, 63.606722833000049 ], [ -154.078669133999966, 63.606686843000034 ], [ -154.079272591999967, 63.606622132000041 ], [ -154.081519576999966, 63.606381184000043 ], [ -154.081938545999975, 63.606403431000047 ], [ -154.08686150799997, 63.606664838000029 ], [ -154.091388905999963, 63.608497596000063 ], [ -154.091389508999981, 63.608497840000041 ], [ -154.092217327999975, 63.609054975000049 ], [ -154.094539509999976, 63.610617840000032 ], [ -154.098839156999958, 63.61273966400006 ], [ -154.098839511999984, 63.612739839000028 ], [ -154.099437696999985, 63.613188377000029 ], [ -154.101817512999958, 63.614972838000028 ], [ -154.10385077799998, 63.615881797000043 ], [ -154.106689512999964, 63.617150837000054 ], [ -154.110837600999957, 63.619026140000074 ], [ -154.111500516999968, 63.61932583600003 ], [ -154.113649997999971, 63.620301128000051 ], [ -154.116428516999974, 63.62156183500008 ], [ -154.118492518999972, 63.623853835000034 ], [ -154.12044752099996, 63.625956834000078 ], [ -154.120496963999983, 63.625939014000039 ], [ -154.120502253999973, 63.625944704000062 ], [ -154.120513520999964, 63.625956823000081 ], [ -154.120849521999958, 63.626317823000079 ], [ -154.121116508999961, 63.626622602000054 ], [ -154.123012942999964, 63.628787480000028 ], [ -154.12314841099996, 63.628942123000058 ], [ -154.12325833899996, 63.629067612000028 ], [ -154.123258523999965, 63.629067823000071 ], [ -154.123258574999966, 63.629067864000035 ], [ -154.125549526999976, 63.630900823000047 ], [ -154.127050774999958, 63.631641400000035 ], [ -154.129100473999983, 63.632652532000066 ], [ -154.129733314999982, 63.632964718000039 ], [ -154.129733525999967, 63.632964822000076 ], [ -154.130810743999973, 63.633319613000083 ], [ -154.133177074999963, 63.634098985000037 ], [ -154.134430526999978, 63.634511820000057 ], [ -154.135457294999981, 63.634810516000073 ], [ -154.138555527999983, 63.63571182000004 ], [ -154.139314293999973, 63.635908991000065 ], [ -154.141384856999963, 63.636447042000043 ], [ -154.143196529999983, 63.636917819000075 ], [ -154.147266529999968, 63.638289819000079 ], [ -154.149621916999962, 63.640092228000071 ], [ -154.150188493999963, 63.640525788000048 ], [ -154.150188531999959, 63.640525817000082 ], [ -154.150223263999976, 63.640628156000048 ], [ -154.151160534999974, 63.64338981800006 ], [ -154.151677530999962, 63.645222819000082 ], [ -154.153455537999974, 63.647458817000029 ], [ -154.15597453899997, 63.649808815000029 ], [ -154.15597458199997, 63.649808891000077 ], [ -154.156402353999965, 63.650571740000032 ], [ -154.157580541999977, 63.652672816000063 ], [ -154.158887774999982, 63.65459572900005 ], [ -154.159527543999957, 63.655536816000051 ], [ -154.159673885999979, 63.655661211000051 ], [ -154.16182154699996, 63.657486814000038 ], [ -154.161987606999958, 63.657615644000032 ], [ -154.164599991999978, 63.659642345000066 ], [ -154.165051251999984, 63.65999243400006 ], [ -154.165144547999972, 63.660064814000066 ], [ -154.168294549999985, 63.662069813000073 ], [ -154.173052551999973, 63.664361812000038 ], [ -154.175090133999959, 63.665680954000038 ], [ -154.177119553999972, 63.666994811000052 ], [ -154.179124554999959, 63.669344810000041 ], [ -154.179124631999969, 63.669344987000045 ], [ -154.179731149999981, 63.670739394000066 ], [ -154.180271556999969, 63.671981810000034 ], [ -154.180902560999982, 63.675303810000059 ], [ -154.181216386999978, 63.677191694000044 ], [ -154.181474562999966, 63.678744810000069 ], [ -154.181474707999968, 63.678745068000069 ], [ -154.182621564999977, 63.680803809000054 ], [ -154.186744226999963, 63.683145720000027 ], [ -154.186860565999979, 63.683211808000067 ], [ -154.186860598999971, 63.683211811000035 ], [ -154.186860902999967, 63.683211841000059 ], [ -154.19150207499996, 63.683669759000054 ], [ -154.191502566999958, 63.683669808000047 ], [ -154.192582862999984, 63.683470019000083 ], [ -154.196774565999959, 63.682694807000075 ], [ -154.198146692999984, 63.681428179000079 ], [ -154.198946564999972, 63.680689807000078 ], [ -154.199732470999976, 63.679655055000069 ], [ -154.200167636999964, 63.679082101000063 ], [ -154.200383562999974, 63.678797806000034 ], [ -154.200965639999964, 63.677854955000043 ], [ -154.201585558999966, 63.676850806000061 ], [ -154.202502557999964, 63.674444806000054 ], [ -154.202891913999963, 63.673716648000038 ], [ -154.203257182999977, 63.673033535000059 ], [ -154.203819555999956, 63.671981806000076 ], [ -154.204674929999982, 63.670065568000041 ], [ -154.205022554999971, 63.669286806000059 ], [ -154.205956992999972, 63.666977455000051 ], [ -154.206227549999966, 63.666308806000075 ], [ -154.20644662899997, 63.665772900000036 ], [ -154.206509017999963, 63.665620287000081 ], [ -154.207258549999978, 63.663786806000076 ], [ -154.208136493999973, 63.662436633000027 ], [ -154.208780279999957, 63.661446567000041 ], [ -154.208974547999958, 63.661147806000031 ], [ -154.211955543999977, 63.658858806000069 ], [ -154.214074541999963, 63.65679480600005 ], [ -154.215291817999969, 63.65439587000003 ], [ -154.215838298999984, 63.65331889600003 ], [ -154.216022539999983, 63.652955805000033 ], [ -154.216338357999973, 63.652104104000045 ], [ -154.217338537999979, 63.649406806000059 ], [ -154.217338537999979, 63.649406689000045 ], [ -154.217338534999982, 63.647573185000056 ], [ -154.217338534999982, 63.647572806000028 ], [ -154.217290843999962, 63.647402457000055 ], [ -154.216824531999976, 63.645736806000059 ], [ -154.215986971999968, 63.643734837000068 ], [ -154.215963530999971, 63.643678807000072 ], [ -154.215963403999979, 63.64367857600007 ], [ -154.215948012999974, 63.64365056500003 ], [ -154.215061848999966, 63.64203776100004 ], [ -154.214702593999959, 63.641383920000067 ], [ -154.214702529999983, 63.641383806000078 ], [ -154.214640686999957, 63.641231073000029 ], [ -154.213844527999981, 63.639264807000075 ], [ -154.214144206999975, 63.637667966000038 ], [ -154.214188510999975, 63.637431893000041 ], [ -154.214188526999976, 63.637431807000041 ], [ -154.21418859299996, 63.637431717000084 ], [ -154.215791523999968, 63.635253806000037 ], [ -154.21588853999998, 63.635154940000064 ], [ -154.217438536999964, 63.633575386000075 ], [ -154.218885521999965, 63.632100807000029 ], [ -154.220087622999984, 63.630859182000052 ], [ -154.221457407999964, 63.629444359000047 ], [ -154.222322516999981, 63.628550806000078 ], [ -154.224299284999972, 63.626607929000045 ], [ -154.225530514999974, 63.62539780700007 ], [ -154.226724841999982, 63.624373991000027 ], [ -154.228738514999975, 63.622647806000032 ], [ -154.230774167999982, 63.621060705000048 ], [ -154.23118492499998, 63.620740457000068 ], [ -154.232119510999979, 63.620011806000036 ], [ -154.236130507999974, 63.617089804000045 ], [ -154.239910504999983, 63.614567805000036 ], [ -154.242488504999983, 63.61319280400005 ], [ -154.24347089799997, 63.612691583000071 ], [ -154.245183503999982, 63.611817804000054 ], [ -154.248314137999984, 63.610895781000067 ], [ -154.250052500999971, 63.610383803000047 ], [ -154.253209405999968, 63.609798770000054 ], [ -154.255610500999978, 63.609353803000033 ], [ -154.260594497999961, 63.607461801000056 ], [ -154.262597592999981, 63.606499534000079 ], [ -154.265005496999976, 63.605342801000063 ], [ -154.267081561999959, 63.604291964000083 ], [ -154.269302493999959, 63.603167800000051 ], [ -154.273255492999965, 63.600817800000073 ], [ -154.273915121999977, 63.600341817000071 ], [ -154.275719489999972, 63.599039800000071 ], [ -154.27730053099998, 63.598126268000044 ], [ -154.277658382999959, 63.597919500000046 ], [ -154.278296489999974, 63.597550800000079 ], [ -154.279950519999971, 63.596595464000075 ], [ -154.280874487999967, 63.596061798000051 ], [ -154.286033486999969, 63.594972799000061 ], [ -154.287971762999973, 63.59471041200004 ], [ -154.289010485999967, 63.594569798000066 ], [ -154.289782324999976, 63.594482429000038 ], [ -154.291861399999959, 63.594247087000042 ], [ -154.292049485999968, 63.594225797000036 ], [ -154.296174483999977, 63.593653797000059 ], [ -154.300298634999962, 63.593253876000063 ], [ -154.300299484999982, 63.59325380000007 ], [ -154.30231630199998, 63.59308965300005 ], [ -154.303662526999972, 63.592980088000047 ], [ -154.304538482999959, 63.592908796000074 ], [ -154.305820495999967, 63.592753892000076 ], [ -154.307216554999968, 63.59258520700007 ], [ -154.309752483999972, 63.592278795000027 ], [ -154.314908482999982, 63.591417793000062 ], [ -154.31914920799997, 63.590617845000054 ], [ -154.319149481999972, 63.590617793000035 ], [ -154.319571643999979, 63.590500235000036 ], [ -154.322170400999966, 63.589776565000079 ], [ -154.32470847999997, 63.589069793000078 ], [ -154.326503193999969, 63.588705858000083 ], [ -154.328663478999971, 63.588267792000067 ], [ -154.330765993999961, 63.587846220000074 ], [ -154.33099827099997, 63.587799646000065 ], [ -154.331810478999984, 63.587636790000033 ], [ -154.334963476999974, 63.587119791000077 ], [ -154.336866733999983, 63.586838795000062 ], [ -154.337930514999982, 63.586681738000038 ], [ -154.338458476999961, 63.586603789000037 ], [ -154.339177556999971, 63.586511423000047 ], [ -154.341111942999959, 63.586262949000059 ], [ -154.341684181999966, 63.586189445000059 ], [ -154.342008476999979, 63.586147789000051 ], [ -154.342652484999974, 63.586074021000059 ], [ -154.343169486999983, 63.586014801000033 ], [ -154.347508474999984, 63.58551778900005 ], [ -154.348104448999976, 63.58546731000007 ], [ -154.352266474999965, 63.585114787000066 ], [ -154.353653880999957, 63.585019565000039 ], [ -154.354715383999974, 63.584946711000043 ], [ -154.356645112999985, 63.58481426700007 ], [ -154.357249474999975, 63.584772787000077 ], [ -154.358338850999957, 63.584636750000072 ], [ -154.358821561999974, 63.584576471000048 ], [ -154.362294472999963, 63.584142787000076 ], [ -154.364407848999974, 63.583725031000029 ], [ -154.36693347299996, 63.583225785000081 ], [ -154.368596061999966, 63.582862358000057 ], [ -154.369326045999969, 63.582702789000052 ], [ -154.370085470999982, 63.582536785000059 ], [ -154.371652895999972, 63.582262102000072 ], [ -154.372324315999975, 63.582144439000047 ], [ -154.373349470999983, 63.581964785000082 ], [ -154.373776677999984, 63.581872530000055 ], [ -154.374034924999961, 63.581816762000074 ], [ -154.375336207999965, 63.581535752000036 ], [ -154.376271471999985, 63.581333783000048 ], [ -154.377913973999966, 63.580954151000071 ], [ -154.379252470999973, 63.580644783000082 ], [ -154.382504588999979, 63.579866640000034 ], [ -154.384752468999977, 63.579328783000051 ], [ -154.387810473999963, 63.578629658000068 ], [ -154.388735723999957, 63.578418126000031 ], [ -154.388763467999979, 63.578411783000035 ], [ -154.393746466999971, 63.577608782000027 ], [ -154.398330465999976, 63.576633780000066 ], [ -154.399473687999972, 63.576863426000045 ], [ -154.399699465999959, 63.576908780000053 ], [ -154.399699609999971, 63.576908737000053 ], [ -154.400927672999984, 63.576540805000036 ], [ -154.401468078999983, 63.57637889800003 ], [ -154.402219463999984, 63.576153780000027 ], [ -154.408691463999958, 63.574550780000038 ], [ -154.410794829999958, 63.574055653000073 ], [ -154.416138459999985, 63.572797778000051 ], [ -154.41762272699998, 63.572477884000079 ], [ -154.418991050999978, 63.572182979000047 ], [ -154.42204281399998, 63.571525253000061 ], [ -154.42358545899998, 63.571192777000078 ], [ -154.430705457999977, 63.569442776000074 ], [ -154.43463649399996, 63.56943117600008 ], [ -154.438499457999967, 63.569419775000028 ], [ -154.439759786999957, 63.569548361000045 ], [ -154.444027456999976, 63.569983774000036 ], [ -154.446273191999978, 63.570183720000045 ], [ -154.448139419999961, 63.570349877000069 ], [ -154.451833456999964, 63.570678772000065 ], [ -154.459002458999976, 63.572242770000059 ], [ -154.463074043999967, 63.573666993000074 ], [ -154.463902459999957, 63.573956770000052 ], [ -154.470110462999969, 63.576242768000043 ], [ -154.471573657999983, 63.577361158000031 ], [ -154.472741462999977, 63.578253767000035 ], [ -154.475688463999973, 63.579828764000069 ], [ -154.475688857999984, 63.579828970000051 ], [ -154.477655465999959, 63.580831767000063 ], [ -154.478291252999981, 63.581712912000057 ], [ -154.478838114999974, 63.582470814000033 ], [ -154.479316465999972, 63.58313376600006 ], [ -154.479417051999974, 63.583450332000041 ], [ -154.479666265999981, 63.584234663000075 ], [ -154.479812042999981, 63.584693455000036 ], [ -154.480002467999981, 63.585292766000066 ], [ -154.480778260999983, 63.585758833000057 ], [ -154.481392334999981, 63.586127745000056 ], [ -154.482591076999967, 63.586847903000034 ], [ -154.482627468999965, 63.586869766000063 ], [ -154.482627716999957, 63.586869899000078 ], [ -154.482627798999971, 63.586869945000046 ], [ -154.485577470999971, 63.588444766000066 ], [ -154.486411966999981, 63.589082201000053 ], [ -154.486894470999971, 63.589450764000048 ], [ -154.487094646999964, 63.59050632900005 ], [ -154.48717793199998, 63.59094551000004 ], [ -154.487249472999963, 63.59132276400004 ], [ -154.48751816799998, 63.591761963000067 ], [ -154.488921475999973, 63.594055763000028 ], [ -154.48904222699997, 63.594461081000077 ], [ -154.489220434999964, 63.595059257000059 ], [ -154.489532567999959, 63.596106968000072 ], [ -154.489608476999962, 63.596361764000051 ], [ -154.489691331999978, 63.596460479000029 ], [ -154.490131992999977, 63.596985485000062 ], [ -154.49061569899996, 63.597561777000067 ], [ -154.490935477999983, 63.597942764000038 ], [ -154.492255346999968, 63.599092647000077 ], [ -154.492255480999972, 63.599092764000034 ], [ -154.49260848199998, 63.600819762000071 ], [ -154.493501015999982, 63.601723072000027 ], [ -154.493602481999972, 63.601825763000079 ], [ -154.493756059999981, 63.602340517000073 ], [ -154.493946481999984, 63.602978763000067 ], [ -154.493963755999971, 63.604098920000069 ], [ -154.493965180999965, 63.604191337000032 ], [ -154.49396648299998, 63.604275763000032 ], [ -154.493726535999969, 63.604658693000033 ], [ -154.493661900999967, 63.604761844000052 ], [ -154.492699485999964, 63.606297763000043 ], [ -154.493232780999961, 63.607541332000039 ], [ -154.493377485999957, 63.607878763000031 ], [ -154.494374486999959, 63.609172761000082 ], [ -154.494374669999985, 63.60917283100008 ], [ -154.496009678999968, 63.609798753000064 ], [ -154.496994487999984, 63.61017576200004 ], [ -154.497195879999964, 63.610329713000056 ], [ -154.497230413999972, 63.610356112000034 ], [ -154.49737005199998, 63.610462857000073 ], [ -154.498310487999959, 63.611181761000068 ], [ -154.498135411999982, 63.61158541900005 ], [ -154.49768549099997, 63.612622761000068 ], [ -154.496730491999983, 63.613780762000033 ], [ -154.496730495999969, 63.613781022000069 ], [ -154.496747492999958, 63.614789761000054 ], [ -154.497206317999968, 63.615706499000055 ], [ -154.497755493999961, 63.616803761000028 ], [ -154.497839468999985, 63.616947094000068 ], [ -154.497929695999971, 63.617101096000056 ], [ -154.49842749299998, 63.617950760000042 ], [ -154.498781117999982, 63.618373084000041 ], [ -154.499755496999967, 63.619536761000063 ], [ -154.49975554599996, 63.619536779000043 ], [ -154.500639039999982, 63.619866739000031 ], [ -154.502046930999967, 63.620392547000051 ], [ -154.502046976999964, 63.620392564000042 ], [ -154.502047497999968, 63.620392759000083 ], [ -154.502055498999965, 63.620970760000034 ], [ -154.501329164999959, 63.62299684900006 ], [ -154.501124498999957, 63.623567759000082 ], [ -154.501754106999982, 63.624023571000066 ], [ -154.50188689099997, 63.62411970200003 ], [ -154.502052622999969, 63.624239686000067 ], [ -154.502113339999966, 63.624283643000069 ], [ -154.502113501999958, 63.624283760000083 ], [ -154.502113586999968, 63.624283993000063 ], [ -154.502172189999982, 63.624445174000073 ], [ -154.502295983999971, 63.62478565300006 ], [ -154.502574255999974, 63.625551003000055 ], [ -154.502794501999972, 63.626156760000072 ], [ -154.502442934999976, 63.626676360000033 ], [ -154.50204219799997, 63.627268631000049 ], [ -154.501853582999985, 63.627547395000079 ], [ -154.501524503999974, 63.628033760000051 ], [ -154.500511408999984, 63.628415296000071 ], [ -154.500122503999961, 63.628561759000036 ], [ -154.500365637999977, 63.629341645000068 ], [ -154.500476668999966, 63.629697791000069 ], [ -154.500724505999983, 63.630492759000049 ], [ -154.500724506999973, 63.632842756000059 ], [ -154.49929150899996, 63.635017760000039 ], [ -154.498891383999961, 63.636193267000067 ], [ -154.49837451199997, 63.63771175800008 ], [ -154.498517269999979, 63.63888101100008 ], [ -154.498605512999973, 63.639603759000067 ], [ -154.499025708999966, 63.641070478000074 ], [ -154.499294514999974, 63.642008758000031 ], [ -154.500555516999981, 63.644644759000073 ], [ -154.501175093999962, 63.645785991000082 ], [ -154.501671515999959, 63.646700377000059 ], [ -154.501985519999977, 63.647278758000027 ], [ -154.50336052199998, 63.649628758000063 ], [ -154.50367424199996, 63.650042456000051 ], [ -154.504069087999966, 63.650563134000038 ], [ -154.504405591999983, 63.651006878000032 ], [ -154.504794523999976, 63.651519757000074 ], [ -154.506858331999979, 63.653867538000043 ], [ -154.506858524999984, 63.653867757000057 ], [ -154.507235728999973, 63.65416803200003 ], [ -154.509792085999976, 63.656203035000033 ], [ -154.509952527999957, 63.656330756000045 ], [ -154.510772160999977, 63.656717911000044 ], [ -154.51363501199998, 63.658070186000032 ], [ -154.515052528999973, 63.658739755000056 ], [ -154.515675606999963, 63.658980360000044 ], [ -154.517677842999973, 63.65975353500005 ], [ -154.520094530999984, 63.660686754000039 ], [ -154.521476212999971, 63.661066456000071 ], [ -154.523016529999978, 63.661489753000069 ], [ -154.523810484999984, 63.661695788000031 ], [ -154.523830310999983, 63.661700933000077 ], [ -154.523887082999977, 63.661715666000077 ], [ -154.525883531999966, 63.662233753000066 ], [ -154.529879502999961, 63.662521491000064 ], [ -154.531438530999964, 63.662633752000033 ], [ -154.531438820999966, 63.66263364100007 ], [ -154.535563529999962, 63.661144750000062 ], [ -154.536658548999981, 63.661043695000046 ], [ -154.537686961999981, 63.660948786000063 ], [ -154.539919528999974, 63.660742751000043 ], [ -154.541607450999976, 63.660806868000066 ], [ -154.544447527999978, 63.660914750000074 ], [ -154.545304131999984, 63.661051407000059 ], [ -154.546576504999962, 63.661254394000082 ], [ -154.548396529999962, 63.661544749000029 ], [ -154.549969157999982, 63.661773685000071 ], [ -154.550495147999982, 63.661850256000037 ], [ -154.55154952999996, 63.662003749000064 ], [ -154.553277272999964, 63.662319130000071 ], [ -154.554699529999965, 63.662578748000044 ], [ -154.555590204999959, 63.662710397000069 ], [ -154.556333735999971, 63.662820296000064 ], [ -154.55894152999997, 63.663205747000063 ], [ -154.561864497999977, 63.66293586200004 ], [ -154.563819373999962, 63.662755362000041 ], [ -154.56449711099998, 63.662692785000047 ], [ -154.564497529999983, 63.662692746000062 ], [ -154.565282692999972, 63.662863123000079 ], [ -154.568190807999969, 63.663494170000035 ], [ -154.568920401999975, 63.663652488000082 ], [ -154.569769531999981, 63.663836744000037 ], [ -154.569883531999977, 63.665900745000044 ], [ -154.569931867999969, 63.666107797000052 ], [ -154.570103696999979, 63.666843836000055 ], [ -154.570285532999975, 63.667622745000074 ], [ -154.572207263999957, 63.66878752000008 ], [ -154.57349453599997, 63.669567744000062 ], [ -154.576509635999969, 63.669606846000079 ], [ -154.57773553399997, 63.669622744000037 ], [ -154.582030534999973, 63.669911743000057 ], [ -154.58266052999997, 63.670175354000037 ], [ -154.586272535999967, 63.671686742000077 ], [ -154.590108537999981, 63.67346174100004 ], [ -154.591083849999961, 63.67383230300004 ], [ -154.591215662999957, 63.67388238500007 ], [ -154.594635537999977, 63.675181740000028 ], [ -154.598618541999969, 63.675557317000028 ], [ -154.598877538999972, 63.675581739000052 ], [ -154.600792847999969, 63.675670091000029 ], [ -154.603444058999969, 63.675792389000037 ], [ -154.603551953999983, 63.67579736600004 ], [ -154.603863538999974, 63.675811739000039 ], [ -154.604184923999981, 63.675884203000066 ], [ -154.607294140999983, 63.676585247000048 ], [ -154.607930538999966, 63.676728738000065 ], [ -154.607930708999959, 63.676728832000038 ], [ -154.611366139999973, 63.67862051600008 ], [ -154.61136627199997, 63.678620589000047 ], [ -154.611366540999967, 63.678620737000074 ], [ -154.611342387999969, 63.678650252000068 ], [ -154.610667344999968, 63.679475159000049 ], [ -154.610097860999957, 63.680171072000064 ], [ -154.609821541999963, 63.680508736000036 ], [ -154.609821543999971, 63.682400488000042 ], [ -154.609821543999971, 63.68240073700008 ], [ -154.612975947999985, 63.683254264000027 ], [ -154.614060544999973, 63.683547736000037 ], [ -154.614060765999966, 63.683547861000079 ], [ -154.615131018999961, 63.68415036500005 ], [ -154.617213546999977, 63.685322735000057 ], [ -154.618746053999985, 63.686902295000039 ], [ -154.619102547999972, 63.687269735000029 ], [ -154.619610435999959, 63.688048988000048 ], [ -154.620822549999957, 63.689908735000074 ], [ -154.620695707999971, 63.690189498000052 ], [ -154.620331771999957, 63.690995065000038 ], [ -154.620075477999961, 63.691562368000064 ], [ -154.620021582999982, 63.691681664000043 ], [ -154.620021550999979, 63.691681735000031 ], [ -154.619291541999985, 63.692389150000054 ], [ -154.618244552999982, 63.693403735000061 ], [ -154.616983559999966, 63.695464725000079 ], [ -154.618386740999966, 63.695985630000052 ], [ -154.620994555999971, 63.696953734000033 ], [ -154.625349557999982, 63.699303733000079 ], [ -154.628581678999979, 63.700530768000078 ], [ -154.629096634999968, 63.700726265000071 ], [ -154.629877557999976, 63.701022732000069 ], [ -154.631869792999964, 63.702907667000034 ], [ -154.63193856099997, 63.702972731000045 ], [ -154.631938571999967, 63.702972769000041 ], [ -154.63206399699996, 63.703402660000052 ], [ -154.632455560999972, 63.704744732000051 ], [ -154.632481831999968, 63.704864350000037 ], [ -154.632507630999982, 63.704981817000032 ], [ -154.632549456999982, 63.705172258000061 ], [ -154.632549560999962, 63.705172732000051 ], [ -154.632549780999966, 63.705172732000051 ], [ -154.635435125999976, 63.705169731000069 ], [ -154.635435561999969, 63.705169731000069 ], [ -154.635435630999979, 63.705170116000033 ], [ -154.635946565999973, 63.708042731000035 ], [ -154.636838939999961, 63.709435828000039 ], [ -154.636985566999982, 63.709664729000053 ], [ -154.636985616999965, 63.709664725000039 ], [ -154.640663565999972, 63.709353729000043 ], [ -154.640991484999972, 63.710427411000069 ], [ -154.641385566999958, 63.711717729000043 ], [ -154.644141570999977, 63.715256729000032 ], [ -154.645755641999983, 63.715721844000029 ], [ -154.646381767999969, 63.715902271000061 ], [ -154.647174569999976, 63.716130728000053 ], [ -154.648962668999957, 63.716905834000045 ], [ -154.649728539999984, 63.717237825000041 ], [ -154.649880572999962, 63.717303728000047 ], [ -154.649880786999972, 63.717303683000068 ], [ -154.652467471999984, 63.716756150000037 ], [ -154.654288305999984, 63.716370728000072 ], [ -154.654883569999981, 63.71624472700006 ], [ -154.656394919999968, 63.717468991000032 ], [ -154.65654620899997, 63.717591542000036 ], [ -154.657610571999982, 63.718453726000064 ], [ -154.659295049999969, 63.718489154000054 ], [ -154.660130382999967, 63.718506722000029 ], [ -154.660130571999957, 63.718506726000044 ], [ -154.660141856999957, 63.790149963000033 ], [ -154.66014936299996, 63.837803751000081 ], [ -154.660160478999984, 63.90837606100007 ], [ -154.660174814999976, 63.999386704000074 ], [ -154.660175070999969, 63.999386704000074 ], [ -154.94412489399997, 63.999433501000055 ], [ -155.890652741999958, 63.999589496000056 ], [ -155.897155258999959, 63.998829671000067 ], [ -155.898260524999984, 63.998700520000057 ], [ -155.898260739999984, 63.998700495000037 ], [ -155.898260852999982, 63.998700464000081 ], [ -155.899155739999969, 63.998458494000033 ], [ -155.899432143999974, 63.998378747000061 ], [ -155.899861586999975, 63.998254845000076 ], [ -155.900174740999972, 63.998164494000036 ], [ -155.900374953999972, 63.998098542000037 ], [ -155.900862341999982, 63.997937991000072 ], [ -155.901449738999958, 63.997744495000063 ], [ -155.904285739999978, 63.99743049500006 ], [ -155.905827739999978, 63.997186493000072 ], [ -155.90582840099998, 63.997186184000043 ], [ -155.907230666999965, 63.996530527000061 ], [ -155.907230737999981, 63.996530494000069 ], [ -155.907229250999961, 63.996536259000038 ], [ -155.907202989999973, 63.996638071000064 ], [ -155.907035763999971, 63.997286398000028 ], [ -155.907035739999969, 63.997286493000047 ], [ -155.906319619999977, 63.997619815000064 ], [ -155.902852740999975, 63.999233494000066 ], [ -155.900960844999958, 64.001639364000027 ], [ -155.900960742999985, 64.001639494000074 ], [ -155.900355049999973, 64.001732 ], [ -155.900108954999979, 64.00176958600008 ], [ -155.896835744999976, 64.002269495000064 ], [ -155.894833358999961, 64.002785693000078 ], [ -155.894076804999969, 64.002980726000033 ], [ -155.893859919999983, 64.003036637000037 ], [ -155.892824897999958, 64.003303457000072 ], [ -155.892824744999984, 64.003303496000058 ], [ -155.892021746999973, 64.005250495000041 ], [ -155.889040377999976, 64.005974990000027 ], [ -155.887552747999962, 64.006336496000074 ], [ -155.88755246499997, 64.006336644000044 ], [ -155.885029474999982, 64.007599051000057 ], [ -155.884894737999957, 64.007666468000082 ], [ -155.883427749999981, 64.008400497000082 ], [ -155.88301137199997, 64.008453390000057 ], [ -155.882484285999965, 64.008520347000058 ], [ -155.878444750999961, 64.009033497000075 ], [ -155.878262426999981, 64.009157507000054 ], [ -155.87758721299997, 64.009616763000054 ], [ -155.876627586999973, 64.010269466000068 ], [ -155.875752752999972, 64.010864497000057 ], [ -155.874158767999972, 64.011140295000075 ], [ -155.871452754999979, 64.011608498000044 ], [ -155.871452681999983, 64.011608539000065 ], [ -155.870585526999974, 64.012098 ], [ -155.868302754999974, 64.013386498000045 ], [ -155.868056778999971, 64.013519708000047 ], [ -155.867142361999981, 64.014014916000065 ], [ -155.864922229999962, 64.015217243000052 ], [ -155.86492176699997, 64.015217494000069 ], [ -155.864863759999963, 64.016994499000077 ], [ -155.86225826499998, 64.017265622000082 ], [ -155.860452759999959, 64.017453500000045 ], [ -155.858744940999969, 64.01860543600003 ], [ -155.85781676199997, 64.019231500000046 ], [ -155.854681797999973, 64.018787971000052 ], [ -155.852946761999959, 64.01854250100007 ], [ -155.850509044999967, 64.018732490000048 ], [ -155.849936945999957, 64.018777078000028 ], [ -155.847788761999965, 64.018944501000078 ], [ -155.845802757999962, 64.019589748000044 ], [ -155.843205762999958, 64.020433503000049 ], [ -155.840111043999968, 64.022439321000036 ], [ -155.840110874999965, 64.022439430000077 ], [ -155.840110764999963, 64.022439502000054 ], [ -155.839866533999981, 64.022409344000039 ], [ -155.838832288999981, 64.022281632000045 ], [ -155.83743820899997, 64.022109486000033 ], [ -155.835988764999968, 64.021930503000078 ], [ -155.833926518999959, 64.021955981000076 ], [ -155.833568044999964, 64.021960410000077 ], [ -155.831860764999959, 64.021981504000053 ], [ -155.831651539999967, 64.022016237000059 ], [ -155.82935974199998, 64.022396696000044 ], [ -155.828379016999975, 64.02255950600005 ], [ -155.827047766999982, 64.022780506000061 ], [ -155.823652933999966, 64.022395498000037 ], [ -155.823035814999969, 64.022325511000076 ], [ -155.823035764999958, 64.022325505000083 ], [ -155.817994895999959, 64.023355480000077 ], [ -155.817994767999977, 64.02335550600003 ], [ -155.816789674999967, 64.02199986800008 ], [ -155.816700665999974, 64.021899740000038 ], [ -155.816313765999979, 64.021464506000029 ], [ -155.813817711999974, 64.021494326000038 ], [ -155.811458766999976, 64.021522507000043 ], [ -155.810384614999975, 64.021433603000048 ], [ -155.810311615999979, 64.021427561000053 ], [ -155.808913002999958, 64.021311802000071 ], [ -155.807338765999958, 64.021181507000051 ], [ -155.806906182999967, 64.021145354000055 ], [ -155.803383633999971, 64.02085095700005 ], [ -155.803210765999978, 64.020836509000048 ], [ -155.80275818299998, 64.020794666000029 ], [ -155.800416741999982, 64.020578189000048 ], [ -155.79891676699998, 64.020439509000028 ], [ -155.798042313999957, 64.020391923000034 ], [ -155.797849112999984, 64.020381410000027 ], [ -155.79765413399997, 64.020370799000034 ], [ -155.794616765999962, 64.020205510000039 ], [ -155.794616795999957, 64.020206013000063 ], [ -155.79463375399996, 64.020486295000069 ], [ -155.794633766999965, 64.020486510000069 ], [ -155.794633346999973, 64.020486467000069 ], [ -155.792760958999963, 64.020296146000078 ], [ -155.792144765999979, 64.020233512000061 ], [ -155.790146765999964, 64.020030511000073 ], [ -155.790146700999969, 64.020030535000046 ], [ -155.789725920999985, 64.020188079000036 ], [ -155.789660949999984, 64.020212404000063 ], [ -155.78951376699996, 64.020267511000043 ], [ -155.78607780699997, 64.021525498000074 ], [ -155.786077767999984, 64.021525512000039 ], [ -155.786077820999964, 64.021525801000053 ], [ -155.786421702999974, 64.023414148000029 ], [ -155.786421768999958, 64.023414511000055 ], [ -155.785093777999975, 64.022939227000052 ], [ -155.781780767999976, 64.021753512000032 ], [ -155.78025352399996, 64.022008609000068 ], [ -155.777655768999978, 64.022442513000044 ], [ -155.776188264999973, 64.02347112700005 ], [ -155.774960769999979, 64.02433151300005 ], [ -155.772890353999969, 64.02640457900003 ], [ -155.772613772999961, 64.026681514000074 ], [ -155.769634478999961, 64.027064784000061 ], [ -155.769634338999964, 64.027064802000041 ], [ -155.768602773999959, 64.027197514000079 ], [ -155.768168808999974, 64.027202504000059 ], [ -155.767721886999965, 64.027207642000064 ], [ -155.764427773999984, 64.027245515000061 ], [ -155.760629592999976, 64.02720770600007 ], [ -155.760207104999978, 64.027203501000031 ], [ -155.759605774999983, 64.027197516000058 ], [ -155.75519477399996, 64.027769516000035 ], [ -155.755194327999959, 64.027769496000076 ], [ -155.75257935999997, 64.02765310500007 ], [ -155.750094775999969, 64.027542517000029 ], [ -155.745396775999978, 64.028114518000052 ], [ -155.745395988999974, 64.028114767000034 ], [ -155.745172842999978, 64.028185221000058 ], [ -155.741041777999982, 64.029489518000048 ], [ -155.73906196599998, 64.03025843000006 ], [ -155.738815253999974, 64.030354247000048 ], [ -155.736172780999965, 64.031380519000038 ], [ -155.734946448999978, 64.032172220000064 ], [ -155.734291800999983, 64.032594850000066 ], [ -155.733421782999983, 64.033156520000034 ], [ -155.733030015999958, 64.033512403000032 ], [ -155.730899783999973, 64.035447520000048 ], [ -155.729049934999978, 64.037014560000046 ], [ -155.728263786999975, 64.037680520000038 ], [ -155.727127162999977, 64.038560851000057 ], [ -155.725744786999968, 64.039631520000057 ], [ -155.723235304999974, 64.040691460000062 ], [ -155.723234421999962, 64.040691833000039 ], [ -155.721274789999967, 64.041519521000055 ], [ -155.719847029999983, 64.042656950000037 ], [ -155.718888024999984, 64.043420944000047 ], [ -155.718466791999958, 64.043756521000034 ], [ -155.718466794999983, 64.045989521000081 ], [ -155.718246864999969, 64.047156255000061 ], [ -155.718066796999977, 64.048111521000067 ], [ -155.715775047999983, 64.050803236000036 ], [ -155.715774798999973, 64.050803521000034 ], [ -155.715180950999979, 64.051202623000052 ], [ -155.712621800999983, 64.052922522000074 ], [ -155.710590361999976, 64.053462954000054 ], [ -155.708100055999978, 64.05412546000008 ], [ -155.708099802999982, 64.054125523000039 ], [ -155.707871437999984, 64.054212367000048 ], [ -155.707664710999978, 64.054290982000055 ], [ -155.703449875999979, 64.055893818000072 ], [ -155.702824804999977, 64.056131523000033 ], [ -155.701780745999969, 64.05780070600008 ], [ -155.701391804999957, 64.058422524000036 ], [ -155.701391800999971, 64.058422567000036 ], [ -155.701381291999979, 64.058537978000061 ], [ -155.701352478999979, 64.058854411000027 ], [ -155.70122480699996, 64.060256524000067 ], [ -155.701733981999979, 64.061892298000032 ], [ -155.702015622999966, 64.062797098000033 ], [ -155.702080810999973, 64.06300652300007 ], [ -155.700946372999965, 64.063704786000073 ], [ -155.699102812999968, 64.064839524000035 ], [ -155.696186530999967, 64.065256914000031 ], [ -155.694288811999968, 64.065528523000069 ], [ -155.689360812999979, 64.06701752400005 ], [ -155.686989530999966, 64.068033788000037 ], [ -155.68629745299998, 64.068330394000043 ], [ -155.685349815999984, 64.068736525000077 ], [ -155.684533874999971, 64.06928577900004 ], [ -155.683681873999973, 64.069859307000058 ], [ -155.682369816999966, 64.070742525000071 ], [ -155.67956381999997, 64.072917526000083 ], [ -155.677158820999978, 64.074808526000083 ], [ -155.677158718999976, 64.07480855600005 ], [ -155.677158641999966, 64.07480858100007 ], [ -155.67291682299998, 64.076069526000083 ], [ -155.671388888999985, 64.07614284400006 ], [ -155.668733455999984, 64.076270266000051 ], [ -155.668452775999981, 64.076283734000071 ], [ -155.668102823999959, 64.076300527000058 ], [ -155.66317482499997, 64.077789529000029 ], [ -155.663174791999978, 64.077789523000035 ], [ -155.660348157999977, 64.077281285000083 ], [ -155.658708824999962, 64.076986528000077 ], [ -155.653721823999973, 64.076183529000048 ], [ -155.653719584999976, 64.076182241000083 ], [ -155.653149261999971, 64.07585505600008 ], [ -155.650627821999961, 64.074408530000028 ], [ -155.64610282199996, 64.074408531000074 ], [ -155.64429721099998, 64.074469780000072 ], [ -155.641002824999958, 64.074581532000082 ], [ -155.638010888999958, 64.074945473000071 ], [ -155.636760823999964, 64.075097532000029 ], [ -155.632525190999985, 64.076460111000074 ], [ -155.632093655999967, 64.076598933000071 ], [ -155.631777824999972, 64.076700534000054 ], [ -155.631398307999973, 64.076975756000081 ], [ -155.628855828999974, 64.078819534000047 ], [ -155.625305830999963, 64.081169535000072 ], [ -155.623813832999957, 64.083175535000066 ], [ -155.623768914999971, 64.083302465000031 ], [ -155.623124833999981, 64.08512253400005 ], [ -155.623013640999972, 64.085739485000033 ], [ -155.622991913999982, 64.085860034000063 ], [ -155.622903703999981, 64.08634945600005 ], [ -155.622783835999968, 64.087014534000048 ], [ -155.622546928999981, 64.087408398000036 ], [ -155.621985450999972, 64.088341868000043 ], [ -155.621791942999977, 64.08866357900007 ], [ -155.621577837999979, 64.089019534000045 ], [ -155.620783861999968, 64.08941679600008 ], [ -155.61722483899996, 64.091197535000049 ], [ -155.613181870999966, 64.093096158000037 ], [ -155.612469840999978, 64.093430535000039 ], [ -155.611903078999973, 64.093689190000077 ], [ -155.609833843999979, 64.09463353600006 ], [ -155.608890902999974, 64.09506477900004 ], [ -155.607196884999979, 64.095839518000048 ], [ -155.607196843999958, 64.095839534000049 ], [ -155.603815345999976, 64.097013476000029 ], [ -155.603244844999978, 64.097211535000042 ], [ -155.602970878999969, 64.097299630000066 ], [ -155.602103720999963, 64.097578469000041 ], [ -155.598699110999974, 64.098673240000039 ], [ -155.598433848999974, 64.098758537000037 ], [ -155.597226289999981, 64.099039843000071 ], [ -155.593505848999968, 64.099906538000027 ], [ -155.591157729999964, 64.100396654000065 ], [ -155.58938084899998, 64.100767538000071 ], [ -155.589380571999982, 64.100767614000063 ], [ -155.586591862999967, 64.101511873000049 ], [ -155.585248129999968, 64.101870493000035 ], [ -155.584449851999977, 64.102083540000081 ], [ -155.581802207999971, 64.102193641000042 ], [ -155.581074786999977, 64.102223890000062 ], [ -155.578894851999962, 64.102314540000066 ], [ -155.578894546999976, 64.10231445200003 ], [ -155.578582288999968, 64.102224535000062 ], [ -155.577843108999957, 64.102011682000068 ], [ -155.575049494999973, 64.101207240000065 ], [ -155.574310851999968, 64.10099454200008 ], [ -155.571962293999974, 64.100652079000042 ], [ -155.570591113999967, 64.100452136000058 ], [ -155.568810851999984, 64.100192542000059 ], [ -155.564399850999962, 64.099906543000031 ], [ -155.563714983999972, 64.099924791000035 ], [ -155.561978585999981, 64.099971057000062 ], [ -155.560158851999972, 64.100019544000077 ], [ -155.557212518999961, 64.100256212000033 ], [ -155.556510304999961, 64.100312618000032 ], [ -155.555863852999977, 64.100364545000048 ], [ -155.552644150999981, 64.100634080000077 ], [ -155.551049852999967, 64.100767545000053 ], [ -155.550556336999961, 64.100790816000028 ], [ -155.548714562999976, 64.100877664000052 ], [ -155.546627976999957, 64.100976056000036 ], [ -155.546235851999967, 64.100994546000038 ], [ -155.543537418999961, 64.101415657000075 ], [ -155.543325363999969, 64.101448750000031 ], [ -155.543313853999962, 64.101450546000081 ], [ -155.542895175999973, 64.101509066000062 ], [ -155.54039485399997, 64.101858546000074 ], [ -155.538164312999982, 64.102154361000032 ], [ -155.537818664999975, 64.102200201000073 ], [ -155.536096854999982, 64.102428547000045 ], [ -155.530710854999967, 64.102200549000031 ], [ -155.529572433999959, 64.102120586000069 ], [ -155.525841854999982, 64.101858549000042 ], [ -155.521561299999973, 64.101585708000073 ], [ -155.52039785599996, 64.101511550000055 ], [ -155.519825604999966, 64.101499930000045 ], [ -155.51478385599998, 64.101397552000037 ], [ -155.511589013999981, 64.101431244000082 ], [ -155.509283855999968, 64.101455553000051 ], [ -155.50648624699997, 64.101601537000079 ], [ -155.506348156999962, 64.101608743000043 ], [ -155.506172778999968, 64.101617895000061 ], [ -155.503783857999963, 64.101742553000065 ], [ -155.498969856999963, 64.102714553000055 ], [ -155.494558858999966, 64.103575554000031 ], [ -155.489227859999971, 64.10408955500003 ], [ -155.487478599999974, 64.104515086000049 ], [ -155.485219859999972, 64.105064556000059 ], [ -155.480577861999961, 64.106325556000058 ], [ -155.476466324999961, 64.107340626000052 ], [ -155.476166862999975, 64.107414556000037 ], [ -155.473197882999983, 64.107805183000039 ], [ -155.470952863999969, 64.108100558000046 ], [ -155.470674395999964, 64.108109844000069 ], [ -155.46951121799998, 64.108148632000052 ], [ -155.467744645999971, 64.10820754100007 ], [ -155.465794864999964, 64.108272560000046 ], [ -155.461081786999983, 64.109465013000033 ], [ -155.460810864999985, 64.109533559000056 ], [ -155.460810717999976, 64.109533636000037 ], [ -155.458936988999966, 64.110519286000056 ], [ -155.457745407999965, 64.111146101000031 ], [ -155.457678502999983, 64.111181295000051 ], [ -155.45743086799996, 64.111311560000047 ], [ -155.454165721999971, 64.113280281000073 ], [ -155.454109518999957, 64.113314173000049 ], [ -155.45410886999997, 64.113314560000049 ], [ -155.453426884999971, 64.113671573000033 ], [ -155.450383871999975, 64.11526456100006 ], [ -155.448627896999966, 64.116434210000079 ], [ -155.447460873999972, 64.117211561000033 ], [ -155.447460792999976, 64.117211654000073 ], [ -155.446488469999963, 64.118323159000056 ], [ -155.445455875999983, 64.119503562000034 ], [ -155.444229193999973, 64.120627427000045 ], [ -155.443888698999984, 64.120939383000064 ], [ -155.443391877999971, 64.121394562000035 ], [ -155.442774347999972, 64.122122270000034 ], [ -155.441788880999979, 64.123283561000051 ], [ -155.440813881999958, 64.125461562000055 ], [ -155.440735998999969, 64.125906932000078 ], [ -155.440472881999966, 64.127411561000031 ], [ -155.441044883999979, 64.129300561000036 ], [ -155.441250586999985, 64.130443484000068 ], [ -155.441430224999976, 64.131441581000047 ], [ -155.44156088699998, 64.132167562000063 ], [ -155.439899888999975, 64.134400561000064 ], [ -155.438232461999974, 64.135734649000028 ], [ -155.437608890999968, 64.13623356100004 ], [ -155.435199892999975, 64.138067561000071 ], [ -155.433469722999973, 64.139326554000036 ], [ -155.432680893999958, 64.139900562000037 ], [ -155.431019895999981, 64.141847563000056 ], [ -155.429612601999963, 64.143529977000071 ], [ -155.42943634599996, 64.143740690000072 ], [ -155.429244899999958, 64.143969562000052 ], [ -155.42752489999998, 64.146033562000071 ], [ -155.424830902999958, 64.148494562000053 ], [ -155.424017186999976, 64.149109345000056 ], [ -155.422024905999962, 64.150614562000044 ], [ -155.421943895999959, 64.150676698000041 ], [ -155.42192092099998, 64.150694320000071 ], [ -155.419333905999963, 64.152678563000052 ], [ -155.415894908999974, 64.154625564000071 ], [ -155.415448743999974, 64.155203447000076 ], [ -155.414346910999967, 64.156630564000068 ], [ -155.414369481999984, 64.156795292000083 ], [ -155.414574911999978, 64.158294564000073 ], [ -155.414649986999962, 64.158436258000052 ], [ -155.414720445999961, 64.15856923900003 ], [ -155.415666913999985, 64.160355564000042 ], [ -155.416060899999962, 64.160822643000074 ], [ -155.416647555999958, 64.161518134000062 ], [ -155.417213914999962, 64.162189562000037 ], [ -155.419632027999967, 64.163731999000049 ], [ -155.420075392999962, 64.164014808000047 ], [ -155.420535917999985, 64.164308562000031 ], [ -155.422758931999965, 64.165492893000078 ], [ -155.424946918999979, 64.166658562000066 ], [ -155.427656127999967, 64.16723175900006 ], [ -155.427958968999974, 64.167295832000036 ], [ -155.428208979999965, 64.167348728000036 ], [ -155.429819918999982, 64.167689560000042 ], [ -155.433103668999962, 64.168476980000037 ], [ -155.433885920999984, 64.168664559000035 ], [ -155.43527466599997, 64.169219023000039 ], [ -155.438183921999979, 64.170380558000033 ], [ -155.440723710999976, 64.17120899400004 ], [ -155.441274231999984, 64.17138856400004 ], [ -155.442938922999957, 64.17193155800004 ], [ -155.445837667999967, 64.172746339000071 ], [ -155.446620431999975, 64.172966359000043 ], [ -155.447008924999977, 64.173075556000072 ], [ -155.447981132999985, 64.173495568000078 ], [ -155.45164992499997, 64.175080555000079 ], [ -155.453014415999974, 64.175874992000047 ], [ -155.45329502499996, 64.176038368000036 ], [ -155.454227480999975, 64.176581265000038 ], [ -155.454799925999964, 64.176914555000053 ], [ -155.459220693999981, 64.178830282000035 ], [ -155.459555810999973, 64.17897550400005 ], [ -155.459555927999958, 64.178975555000079 ], [ -155.461108191999983, 64.179192581000052 ], [ -155.464483927999964, 64.179664553000066 ], [ -155.465085675999973, 64.179816875000029 ], [ -155.468552190999958, 64.180694365000079 ], [ -155.468552928999969, 64.180694552000034 ], [ -155.469070090999963, 64.181449044000033 ], [ -155.469598315999974, 64.182219677000035 ], [ -155.469745130999968, 64.182433864000075 ], [ -155.469927934999959, 64.182700555000054 ], [ -155.469124931999971, 64.18499255200004 ], [ -155.470142936999963, 64.186517022000032 ], [ -155.47073093399996, 64.187397551000061 ], [ -155.470730722999974, 64.187397683000029 ], [ -155.470627131999976, 64.187462702000062 ], [ -155.47057116299996, 64.18749783100003 ], [ -155.469741286999977, 64.188018706000037 ], [ -155.467808937999962, 64.18923155300007 ], [ -155.465744945999973, 64.191064546000064 ], [ -155.466430886999973, 64.191402645000039 ], [ -155.468306207999973, 64.192326964000074 ], [ -155.469469340999979, 64.19290025500004 ], [ -155.469469940999971, 64.192900551000037 ], [ -155.46766868399996, 64.193735791000051 ], [ -155.465516941999965, 64.194733552000059 ], [ -155.461405811999981, 64.195221489000062 ], [ -155.461161168999979, 64.195250525000063 ], [ -155.461161060999984, 64.195250538000039 ], [ -155.461160942999982, 64.195250552000061 ], [ -155.460916465999958, 64.195307528000058 ], [ -155.460707293999974, 64.19535627700003 ], [ -155.456750248999981, 64.196278483000071 ], [ -155.456749942999977, 64.19627855400006 ], [ -155.457180800999964, 64.198046982000051 ], [ -155.457266945999976, 64.198400553000056 ], [ -155.458641945999972, 64.200633553000046 ], [ -155.45961694899998, 64.202580553000075 ], [ -155.460436054999974, 64.203959587000043 ], [ -155.460436207999976, 64.203959844000053 ], [ -155.460436275999967, 64.203959958000041 ], [ -155.460877942999957, 64.204703540000082 ], [ -155.460631864999982, 64.206014808000077 ], [ -155.460533951999963, 64.206536552000046 ], [ -155.460480695999962, 64.20844431900008 ], [ -155.460478887999983, 64.208509098000036 ], [ -155.46047795399997, 64.20854255100005 ], [ -155.461368077999964, 64.209653425000056 ], [ -155.461852955999973, 64.210258551000038 ], [ -155.463227956999958, 64.212030551000055 ], [ -155.46332947999997, 64.212463458000059 ], [ -155.463685959999964, 64.21398355000008 ], [ -155.46330624899997, 64.214987278000081 ], [ -155.463114152999964, 64.215495063000049 ], [ -155.46288396099996, 64.21610355100006 ], [ -155.46283915799998, 64.216914725000038 ], [ -155.462769979999962, 64.218167231000052 ], [ -155.462769961999982, 64.218167550000032 ], [ -155.462770882999962, 64.218167761000075 ], [ -155.467008589999978, 64.219139464000079 ], [ -155.467008962999984, 64.219139550000079 ], [ -155.467008976999978, 64.219139581000036 ], [ -155.467035340999985, 64.219197129000065 ], [ -155.467482727999965, 64.220173685000077 ], [ -155.467701425999962, 64.22065106000008 ], [ -155.467927963999983, 64.221145549000028 ], [ -155.470963965999971, 64.222978549000061 ], [ -155.475144931999978, 64.224639533000072 ], [ -155.475144965999959, 64.224639550000063 ], [ -155.478183968999957, 64.226417548000029 ], [ -155.48124175199996, 64.227118860000076 ], [ -155.482421968999972, 64.22738954600004 ], [ -155.486605969999971, 64.229167545000053 ], [ -155.487772020999984, 64.230642912000064 ], [ -155.488324972999976, 64.231342546000064 ], [ -155.489985973999978, 64.233347545000072 ], [ -155.491056746999959, 64.234557669000083 ], [ -155.491760974999977, 64.235353545000066 ], [ -155.493779985999964, 64.23651621700003 ], [ -155.495141894999961, 64.237300489000063 ], [ -155.495141978999982, 64.237300539000046 ], [ -155.498521979999964, 64.239364542000033 ], [ -155.498904829999958, 64.239771834000067 ], [ -155.499526109999977, 64.24043277800007 ], [ -155.500244579999958, 64.241197115000034 ], [ -155.50024498099998, 64.241197542000066 ], [ -155.500340867999967, 64.241332051000029 ], [ -155.50093032999996, 64.242158946000075 ], [ -155.501674983999976, 64.24320354200006 ], [ -155.501775921999979, 64.243513533000055 ], [ -155.502363985999978, 64.245319542000061 ], [ -155.502580532999957, 64.246117904000073 ], [ -155.502877984999969, 64.247214541000062 ], [ -155.50418485199998, 64.248047916000075 ], [ -155.504497972999957, 64.248247590000062 ], [ -155.506374986999958, 64.249444541000059 ], [ -155.507851081999974, 64.250061101000028 ], [ -155.510499988999982, 64.251167539000051 ], [ -155.510500005999972, 64.251167613000064 ], [ -155.510635269999966, 64.251758472000063 ], [ -155.510698844999979, 64.252036179000072 ], [ -155.510958989999978, 64.253172539000047 ], [ -155.511703968999967, 64.254735236000045 ], [ -155.512105992999977, 64.255578539000055 ], [ -155.512485279999964, 64.256338439000046 ], [ -155.512963993999961, 64.257297538000046 ], [ -155.51339654399996, 64.258065491000082 ], [ -155.513996994999957, 64.259131538000076 ], [ -155.515999996999966, 64.26107853700006 ], [ -155.515089287999984, 64.262083554000071 ], [ -155.514339, 64.262911538000083 ], [ -155.511791187999961, 64.263603278000062 ], [ -155.51032800599998, 64.264000539000051 ], [ -155.509470000999983, 64.266006539000045 ], [ -155.509538563999968, 64.266638199000056 ], [ -155.509581324999971, 64.267032153000059 ], [ -155.509700004999985, 64.268125538000049 ], [ -155.509414096999961, 64.269414002000076 ], [ -155.509392283999972, 64.269512302000066 ], [ -155.509377001999979, 64.269581172000073 ], [ -155.509242005999965, 64.270189538000068 ], [ -155.506034008999961, 64.27230854000004 ], [ -155.506033739999964, 64.272308612000074 ], [ -155.50480214199996, 64.272637573000054 ], [ -155.504526507999969, 64.272711195000056 ], [ -155.501736009999973, 64.273456540000041 ], [ -155.499845010999962, 64.275289540000074 ], [ -155.500134013999968, 64.277522540000064 ], [ -155.500911100999957, 64.27887594300006 ], [ -155.50133281899997, 64.279610423000065 ], [ -155.501450016999968, 64.279814539000029 ], [ -155.502365216999976, 64.281499549000046 ], [ -155.502539010999982, 64.281819541000061 ], [ -155.502968616999965, 64.282464107000067 ], [ -155.503800018999982, 64.283711538000034 ], [ -155.50383026999998, 64.284319740000058 ], [ -155.503914017999961, 64.286003508000078 ], [ -155.503914019999968, 64.286003539000035 ], [ -155.502253059999958, 64.288867475000075 ], [ -155.502253019999984, 64.288867537000044 ], [ -155.501713517999974, 64.289587403000041 ], [ -155.501137870999969, 64.29035549300005 ], [ -155.500536024999974, 64.291158539000037 ], [ -155.50045996999998, 64.291224508000028 ], [ -155.497497028999959, 64.293794538000043 ], [ -155.494243454999975, 64.29540352500004 ], [ -155.49274503099997, 64.296144539000068 ], [ -155.49171115599998, 64.296730172000082 ], [ -155.490176652999963, 64.297599382000044 ], [ -155.489306032999963, 64.298092540000027 ], [ -155.489175125999964, 64.29830615000003 ], [ -155.488506140999959, 64.299397784000064 ], [ -155.488321247999977, 64.299699487000055 ], [ -155.488217034999963, 64.299869539000042 ], [ -155.488103334999977, 64.300127686000053 ], [ -155.487359036999976, 64.301817540000059 ], [ -155.48363403899998, 64.303650540000035 ], [ -155.483113474999982, 64.304381809000063 ], [ -155.482206040999984, 64.30565654000003 ], [ -155.48047251899996, 64.307247102000076 ], [ -155.480084042999977, 64.307603541000049 ], [ -155.478784047999966, 64.307823776000077 ], [ -155.476017041999967, 64.308292541000071 ], [ -155.471317042999971, 64.309092541000041 ], [ -155.470087622999984, 64.309953607000068 ], [ -155.469048981999975, 64.310681055000032 ], [ -155.468450045999958, 64.311100542000077 ], [ -155.471716503999971, 64.313103209000076 ], [ -155.47171704699997, 64.313103542000079 ], [ -155.473401569999965, 64.313225408000051 ], [ -155.474965220999962, 64.313338530000067 ], [ -155.476378292999982, 64.31344075800007 ], [ -155.476471457999963, 64.313447490000044 ], [ -155.476472047999977, 64.313447541000073 ], [ -155.476472118999965, 64.313447675000077 ], [ -155.476984320999975, 64.31441213800008 ], [ -155.47750604899997, 64.315394540000057 ], [ -155.478595050999985, 64.317172539000069 ], [ -155.479031224999972, 64.317944368000042 ], [ -155.479309032999964, 64.318435962000081 ], [ -155.479487077999977, 64.318751021000082 ], [ -155.479567051999965, 64.318892539000046 ], [ -155.479662240999971, 64.319027730000073 ], [ -155.480022150999957, 64.319538887000078 ], [ -155.480972732999959, 64.320888942000067 ], [ -155.481059053999985, 64.32101153900004 ], [ -155.48243405499997, 64.322844539000073 ], [ -155.483581055999963, 64.324564538000061 ], [ -155.484262843999971, 64.326614155000073 ], [ -155.484381058999958, 64.326969539000061 ], [ -155.484401281999965, 64.32715661800006 ], [ -155.484477224999978, 64.327859141000033 ], [ -155.484672062999977, 64.32966153700005 ], [ -155.484153063999969, 64.332697538000048 ], [ -155.483480106999963, 64.334044575000064 ], [ -155.48295006799998, 64.33510553800005 ], [ -155.482950440999957, 64.335105795000061 ], [ -155.483928828999979, 64.335779813000045 ], [ -155.485528066999962, 64.336881537000068 ], [ -155.489689672999958, 64.337082791000057 ], [ -155.489986283999968, 64.337097135000079 ], [ -155.490284068999983, 64.337111536000066 ], [ -155.492461354999961, 64.337390213000049 ], [ -155.494753066999976, 64.337683535000053 ], [ -155.497652969999962, 64.338966837000044 ], [ -155.498764067999957, 64.339458534000073 ], [ -155.499367008999968, 64.339844635000077 ], [ -155.499641599999961, 64.340020473000038 ], [ -155.499751433999961, 64.340090806000035 ], [ -155.501628070999971, 64.341292534000047 ], [ -155.50362562899997, 64.342532521000066 ], [ -155.504953003999958, 64.343356491000065 ], [ -155.504953073999957, 64.343356534000065 ], [ -155.504553107999982, 64.345189364000078 ], [ -155.504553073999972, 64.345189534000042 ], [ -155.505411075999973, 64.34696153200008 ], [ -155.507189076999964, 64.34931453300004 ], [ -155.50753617999996, 64.350142920000053 ], [ -155.507623112999966, 64.350350393000042 ], [ -155.507934077999977, 64.351092533000042 ], [ -155.508506079999961, 64.353208531000064 ], [ -155.509253577999971, 64.354704175000052 ], [ -155.509462044999964, 64.355121291000046 ], [ -155.509653081999971, 64.355503532000057 ], [ -155.511600084999969, 64.357736531000057 ], [ -155.515267085999966, 64.359625531000063 ], [ -155.516365082999982, 64.360026731000062 ], [ -155.51950908699996, 64.361175530000082 ], [ -155.520085618999957, 64.361327907000032 ], [ -155.52449208799996, 64.362492528000075 ], [ -155.528625526999974, 64.363389465000068 ], [ -155.529500470999977, 64.363579324000057 ], [ -155.529609861999973, 64.363603061000049 ], [ -155.529764088999968, 64.363636528000029 ], [ -155.529764225999969, 64.363636578000069 ], [ -155.534750091999967, 64.365469527000073 ], [ -155.535227450999969, 64.365750518000027 ], [ -155.535754121999958, 64.366060537000067 ], [ -155.53767209199998, 64.367189526000061 ], [ -155.537672175999973, 64.367189629000052 ], [ -155.537886534999984, 64.367451484000071 ], [ -155.538392296999973, 64.368069310000067 ], [ -155.539220093999973, 64.369080526000062 ], [ -155.538817093999967, 64.370914526000035 ], [ -155.537062823999975, 64.37189207800003 ], [ -155.535323096999974, 64.372861526000065 ], [ -155.530681097999974, 64.373950527000034 ], [ -155.530909543999968, 64.37449646400006 ], [ -155.531090167999963, 64.374928115000046 ], [ -155.531425099999979, 64.375728527000035 ], [ -155.529936309999982, 64.377847230000043 ], [ -155.529936101999965, 64.377847526000039 ], [ -155.528922455999975, 64.378374651000058 ], [ -155.525642104999974, 64.380080526000029 ], [ -155.523594885999984, 64.380836672000044 ], [ -155.522765403999983, 64.381143044000055 ], [ -155.521459104999963, 64.381625528000029 ], [ -155.51996386899998, 64.382659666000052 ], [ -155.519634844999985, 64.382887226000037 ], [ -155.519413804999971, 64.383040102000052 ], [ -155.51888110699997, 64.383408528000075 ], [ -155.51647510899997, 64.385697527000048 ], [ -155.515974116999985, 64.386132733000068 ], [ -155.514297110999962, 64.387589528000035 ], [ -155.51375472999996, 64.388005508000049 ], [ -155.513690331999982, 64.388054898000064 ], [ -155.511834113999981, 64.38947852900003 ], [ -155.510291094999957, 64.390442969000048 ], [ -155.508167115999981, 64.391770529000041 ], [ -155.506334116999966, 64.394005527000047 ], [ -155.505907630999957, 64.39566999200008 ], [ -155.505820118999964, 64.396011528000031 ], [ -155.504559143999984, 64.398244488000046 ], [ -155.504559120999971, 64.398244529000067 ], [ -155.504558730999975, 64.398244873000067 ], [ -155.504340281999959, 64.398437966000074 ], [ -155.504145698999963, 64.398609964000059 ], [ -155.502095122999975, 64.400422529000082 ], [ -155.501659303999958, 64.400858348000042 ], [ -155.500320124999973, 64.402197529000034 ], [ -155.499941170999961, 64.402493114000038 ], [ -155.499821671999968, 64.402586323000037 ], [ -155.497970126999974, 64.404030530000057 ], [ -155.497970100999964, 64.404030811000041 ], [ -155.497798129999978, 64.405864529000041 ], [ -155.501064130999964, 64.407697528000028 ], [ -155.502378773999965, 64.407898629000044 ], [ -155.504498525999963, 64.408222886000033 ], [ -155.50518913099998, 64.408328527000037 ], [ -155.509372131999982, 64.408900528000061 ], [ -155.512525132999968, 64.410678527000073 ], [ -155.514586133999984, 64.412625526000056 ], [ -155.514859564999966, 64.413445382000077 ], [ -155.515217136999979, 64.414517526000054 ], [ -155.515429664999971, 64.414998122000043 ], [ -155.516078136999965, 64.416464526000027 ], [ -155.51663535299997, 64.417300128000079 ], [ -155.517339138999972, 64.418355526000028 ], [ -155.517460466999978, 64.41859183400004 ], [ -155.517562750999957, 64.418791051000028 ], [ -155.518486141999972, 64.420589526000072 ], [ -155.518150273999964, 64.421627519000083 ], [ -155.518082526999962, 64.421836890000066 ], [ -155.51785614299996, 64.422536525000055 ], [ -155.516595144999968, 64.424372525000081 ], [ -155.51680762899997, 64.42478635100008 ], [ -155.517101179999969, 64.425358063000033 ], [ -155.517335917999958, 64.425815231000058 ], [ -155.517625146999961, 64.426378524000029 ], [ -155.520206029999969, 64.428153444000031 ], [ -155.520206114999979, 64.428153502000043 ], [ -155.520206146999982, 64.428153524000038 ], [ -155.520417862999977, 64.428737653000042 ], [ -155.520570067999984, 64.429157589000056 ], [ -155.520953149999968, 64.430214523000075 ], [ -155.52152215199996, 64.432164524000029 ], [ -155.52125360399998, 64.433548223000059 ], [ -155.521122153999983, 64.434225524000055 ], [ -155.520750293999981, 64.434874903000036 ], [ -155.519975155999958, 64.436228524000057 ], [ -155.519465422999957, 64.437864660000059 ], [ -155.519448976999968, 64.437917448000064 ], [ -155.519403155999981, 64.438064524000083 ], [ -155.519383973999965, 64.438123713000039 ], [ -155.519375807999978, 64.438148911000042 ], [ -155.519155764999965, 64.438827874000083 ], [ -155.51877215899998, 64.440011523000067 ], [ -155.518709722999972, 64.441279044000055 ], [ -155.518705855999968, 64.441357543000038 ], [ -155.51865916099996, 64.442305523000073 ], [ -155.519215624999958, 64.44386051400005 ], [ -155.519520163999971, 64.444711522000034 ], [ -155.519723715999959, 64.445209928000054 ], [ -155.520236588999978, 64.446465717000081 ], [ -155.520503934999965, 64.447120322000046 ], [ -155.520550166999982, 64.447233522000033 ], [ -155.520660463999974, 64.448020305000057 ], [ -155.520680194999983, 64.448161050000067 ], [ -155.520694759999969, 64.448264949000077 ], [ -155.520895167999981, 64.449694522000073 ], [ -155.520838966999975, 64.449919081000075 ], [ -155.520707582999961, 64.45044404600003 ], [ -155.520436167999975, 64.451528522000046 ], [ -155.520612254999975, 64.452523785000039 ], [ -155.52069344399996, 64.452982674000054 ], [ -155.520781171999971, 64.453478522000069 ], [ -155.520795805999967, 64.453649929000051 ], [ -155.52085570899996, 64.454351562000056 ], [ -155.520880646999984, 64.454643660000045 ], [ -155.521011174999984, 64.456172522000031 ], [ -155.520630116999968, 64.457885618000034 ], [ -155.520609750999967, 64.457977176000043 ], [ -155.52055323999997, 64.458231236000074 ], [ -155.520553175999964, 64.458231521000073 ], [ -155.520581031999967, 64.458416742000054 ], [ -155.520612426999975, 64.458625495000035 ], [ -155.520777297999985, 64.459721755000032 ], [ -155.520898178999971, 64.460525521000079 ], [ -155.521642178999969, 64.462586521000048 ], [ -155.521740721999976, 64.462759315000028 ], [ -155.521818273999969, 64.462895302000049 ], [ -155.522504675999983, 64.464098903000036 ], [ -155.522786180999958, 64.464592520000053 ], [ -155.525081182999969, 64.466653519000033 ], [ -155.525870677999961, 64.467578862000039 ], [ -155.527086184999973, 64.469003520000058 ], [ -155.527235007999963, 64.469388465000065 ], [ -155.527360500999976, 64.469713066000054 ], [ -155.527668801999965, 64.470510519000072 ], [ -155.527773185999962, 64.470780518000083 ], [ -155.528326789999966, 64.47188624100005 ], [ -155.529250296999976, 64.473730775000035 ], [ -155.529253558999983, 64.473737289000042 ], [ -155.529264190999982, 64.473758518000068 ], [ -155.529007130999958, 64.475075670000081 ], [ -155.528917190999977, 64.475536519000059 ], [ -155.529364931999964, 64.476963837000028 ], [ -155.529492191999964, 64.477369519000035 ], [ -155.529507359999968, 64.477894105000075 ], [ -155.529550194999985, 64.479375517000051 ], [ -155.52926620599996, 64.480635721000056 ], [ -155.529150194999971, 64.481150518000049 ], [ -155.529048439999968, 64.481511986000044 ], [ -155.528935636999961, 64.481912703000035 ], [ -155.528634197999963, 64.482983517000036 ], [ -155.528501704999968, 64.483837443000027 ], [ -155.528234200999975, 64.485561518000054 ], [ -155.527603200999977, 64.487453518000052 ], [ -155.527265857999964, 64.48835594500008 ], [ -155.526575204999972, 64.490203517000054 ], [ -155.525412694999972, 64.491942687000062 ], [ -155.525311206999959, 64.492094517000055 ], [ -155.52285054799998, 64.494100241000069 ], [ -155.522850207999966, 64.494100518000039 ], [ -155.522581830999968, 64.494386132000045 ], [ -155.521075208999974, 64.495989519000034 ], [ -155.521029639999966, 64.497789642000043 ], [ -155.521024032999975, 64.498011133000034 ], [ -155.521017212999965, 64.498280517000069 ], [ -155.521423081999984, 64.499623006000036 ], [ -155.52158921299997, 64.500172517000067 ], [ -155.521692832999975, 64.500483235000047 ], [ -155.521789019999972, 64.500771666000048 ], [ -155.522334215999962, 64.502406518000043 ], [ -155.520616169999983, 64.503856788000064 ], [ -155.520159218999964, 64.504242518000069 ], [ -155.519785071999962, 64.504853546000049 ], [ -155.519295686999982, 64.50565277100003 ], [ -155.518897219999957, 64.506303518000038 ], [ -155.519081438999962, 64.506625258000042 ], [ -155.519565522999983, 64.507470718000036 ], [ -155.519883204999957, 64.508025554000028 ], [ -155.520045220999975, 64.508308517000046 ], [ -155.519937003999985, 64.510163943000066 ], [ -155.519931517999964, 64.510258012000065 ], [ -155.519928228999959, 64.510314398000048 ], [ -155.519928221999976, 64.51031451800003 ], [ -155.51878422599998, 64.51254751700003 ], [ -155.518149105999981, 64.513226967000037 ], [ -155.518148739999958, 64.513227358000051 ], [ -155.517122225999969, 64.514325518000078 ], [ -155.515286227999979, 64.516275518000043 ], [ -155.514954484999976, 64.516809995000074 ], [ -155.513972231999958, 64.518392518000041 ], [ -155.512311232999963, 64.520972517000075 ], [ -155.512009215999967, 64.522205275000033 ], [ -155.511736234999972, 64.523319518000051 ], [ -155.51173663199998, 64.523319772000036 ], [ -155.511832853999977, 64.523381325000059 ], [ -155.51268892799996, 64.523928949000037 ], [ -155.514603235999971, 64.525153517000035 ], [ -155.515192609999957, 64.525304343000073 ], [ -155.516496616999973, 64.525638048000076 ], [ -155.519300236999982, 64.526355516000081 ], [ -155.520879707999967, 64.527620072000047 ], [ -155.521878239999978, 64.528419516000042 ], [ -155.522656198999982, 64.529384771000082 ], [ -155.52331123999997, 64.530197514000065 ], [ -155.526120241999962, 64.532031514000039 ], [ -155.528003264999967, 64.533072351000044 ], [ -155.529958852999982, 64.534153298000035 ], [ -155.529959243999969, 64.534153514000081 ], [ -155.530411094999977, 64.53562955600006 ], [ -155.530493460999963, 64.535898618000033 ], [ -155.530589245999977, 64.536211513000069 ], [ -155.526350441999966, 64.537244466000061 ], [ -155.526350246999982, 64.537244513000076 ], [ -155.52314224899996, 64.539133514000071 ], [ -155.519242178999974, 64.539578818000052 ], [ -155.518940289999961, 64.539613287000066 ], [ -155.518614378999985, 64.53965050000005 ], [ -155.518614296999971, 64.539650509000069 ], [ -155.518614249999985, 64.539650514000073 ], [ -155.515120249999967, 64.541597513000056 ], [ -155.515119947999978, 64.541597675000048 ], [ -155.511339253999978, 64.543544515000065 ], [ -155.509145603999968, 64.544424121000077 ], [ -155.507042255999977, 64.54526751700007 ], [ -155.50263125799998, 64.546642518000056 ], [ -155.498448257999968, 64.547386517000064 ], [ -155.498447996999971, 64.547386522000068 ], [ -155.496806776999961, 64.547420535000072 ], [ -155.495954578999971, 64.54743819600003 ], [ -155.492947369999968, 64.54750051700006 ], [ -155.492947258999976, 64.547500519000039 ], [ -155.492742318999973, 64.547532943000078 ], [ -155.492607179999965, 64.547554323000043 ], [ -155.488592259999962, 64.548189520000051 ], [ -155.484295260999971, 64.54996452000006 ], [ -155.483963145999979, 64.550104370000042 ], [ -155.481267284999973, 64.551239569000074 ], [ -155.48042032799998, 64.551596213000039 ], [ -155.479942264999977, 64.551797520000036 ], [ -155.479013350999963, 64.552103221000039 ], [ -155.47621760499996, 64.553023289000066 ], [ -155.475931266999964, 64.553117522000036 ], [ -155.475582867999975, 64.55320557400006 ], [ -155.47357176099996, 64.553713848000029 ], [ -155.471175266999978, 64.554319522000071 ], [ -155.469085609999979, 64.554904549000071 ], [ -155.466878267999959, 64.555522523000036 ], [ -155.46631087999998, 64.555952355000045 ], [ -155.465751897999979, 64.556375819000039 ], [ -155.464795579999958, 64.55710029200003 ], [ -155.464531269999981, 64.557300523000038 ], [ -155.464308518999957, 64.557495881000079 ], [ -155.462181269999974, 64.559361523000064 ], [ -155.46063445599998, 64.560805139000081 ], [ -155.45960327399996, 64.561767524000061 ], [ -155.458643432999963, 64.562619941000037 ], [ -155.457863086999964, 64.563312952000047 ], [ -155.457688441999977, 64.563468051000029 ], [ -155.457539274999959, 64.563600523000048 ], [ -155.456036755999975, 64.565017385000033 ], [ -155.455592278999973, 64.565436523000074 ], [ -155.455592204999959, 64.565436573000056 ], [ -155.453638043999973, 64.566652679000072 ], [ -155.452097279999975, 64.567611524000029 ], [ -155.448985040999958, 64.569450009000036 ], [ -155.44886606999998, 64.569520289000081 ], [ -155.448603282999983, 64.569675525000036 ], [ -155.447414986999974, 64.570146090000037 ], [ -155.44585328399998, 64.570764525000072 ], [ -155.443217284999974, 64.571853525000051 ], [ -155.439723285999975, 64.573686525000028 ], [ -155.438554467999978, 64.574885624000046 ], [ -155.437934943999977, 64.575521199000036 ], [ -155.437784855999979, 64.575675176000061 ], [ -155.437600286999981, 64.575864526000032 ], [ -155.437048902999976, 64.576767872000062 ], [ -155.436890529999971, 64.577027337000061 ], [ -155.436342291999978, 64.577925526000058 ], [ -155.435659570999974, 64.578835655000034 ], [ -155.434967291999982, 64.579758526000035 ], [ -155.434501462999975, 64.580154848000063 ], [ -155.432675295999957, 64.581708527000046 ], [ -155.431809403999978, 64.582798868000054 ], [ -155.431328435999973, 64.583404509000047 ], [ -155.431128296999958, 64.583656527000073 ], [ -155.430544670999979, 64.584210141000028 ], [ -155.429951996999961, 64.58477233800005 ], [ -155.428950297999961, 64.58572252600004 ], [ -155.428823173999973, 64.585868222000045 ], [ -155.428268301999964, 64.586504154000068 ], [ -155.42754651499996, 64.587331388000052 ], [ -155.427403298999963, 64.587495527000044 ], [ -155.426545301999965, 64.589614527000037 ], [ -155.424998303999985, 64.591906527000049 ], [ -155.424864376999977, 64.592575 ], [ -155.424639018999983, 64.593699833000073 ], [ -155.424601275999976, 64.593888221000043 ], [ -155.424539307999964, 64.594197527000063 ], [ -155.42453945699998, 64.594197647000044 ], [ -155.424539572999976, 64.594197740000084 ], [ -155.425615520999969, 64.595063886000048 ], [ -155.427175308999978, 64.596319526000059 ], [ -155.427377477999983, 64.596521467000059 ], [ -155.427473178999975, 64.596617061000075 ], [ -155.428953308999979, 64.598095525000076 ], [ -155.430492855999972, 64.599464756000032 ], [ -155.431014310999984, 64.599928524000063 ], [ -155.431237097999968, 64.60020475500005 ], [ -155.43210203199996, 64.601277176000053 ], [ -155.432351239999974, 64.601586166000061 ], [ -155.432448312999981, 64.601706525000054 ], [ -155.433579466999959, 64.603577250000058 ], [ -155.434109314999972, 64.604453524000064 ], [ -155.434236166999966, 64.604622291000055 ], [ -155.434695468999962, 64.605233362000035 ], [ -155.435489316999963, 64.606289523000044 ], [ -155.437661317999982, 64.608467524000048 ], [ -155.439197002999975, 64.609924154000055 ], [ -155.439895320999966, 64.610586523000052 ], [ -155.441153300999957, 64.612166707000029 ], [ -155.441445321999964, 64.612533522000035 ], [ -155.441930922999973, 64.613260959000058 ], [ -155.442706322999982, 64.614422521000051 ], [ -155.443917834999979, 64.61518533900005 ], [ -155.445803324999957, 64.616372522000063 ], [ -155.446777871999984, 64.61708625600005 ], [ -155.44900932699997, 64.618720521000057 ], [ -155.449154558999965, 64.618908219000048 ], [ -155.449154688999982, 64.618908387000033 ], [ -155.450384328999974, 64.620497520000072 ], [ -155.451500941999967, 64.621218243000044 ], [ -155.453134329999983, 64.622272520000081 ], [ -155.452311763999973, 64.623691069000074 ], [ -155.452103364999971, 64.624050461000081 ], [ -155.452103333999958, 64.624050521000072 ], [ -155.451441511999974, 64.625507607000031 ], [ -155.451245332999974, 64.625939520000031 ], [ -155.451245264999983, 64.625939570000071 ], [ -155.450559679999969, 64.626439424000068 ], [ -155.449307794999982, 64.627352163000069 ], [ -155.448495335999979, 64.627944520000028 ], [ -155.445762787999968, 64.629423771000063 ], [ -155.445000336999982, 64.629836520000083 ], [ -155.445000498999974, 64.629836539000053 ], [ -155.445000634999957, 64.629836553000075 ], [ -155.449181338999978, 64.630236520000039 ], [ -155.451884897999975, 64.630540628000062 ], [ -155.453306337999976, 64.630700519000072 ], [ -155.453412362999984, 64.630718072000036 ], [ -155.453875800999981, 64.630794799000057 ], [ -155.458120337999958, 64.63149751800006 ], [ -155.458120731999969, 64.631497773000035 ], [ -155.458990067999963, 64.632059838000032 ], [ -155.460870340999975, 64.633275518000062 ], [ -155.461599602999968, 64.633720961000051 ], [ -155.461743011999971, 64.633808557000066 ], [ -155.463681341999973, 64.634992517000057 ], [ -155.465944266999969, 64.636175300000048 ], [ -155.466260123999973, 64.636340392000079 ], [ -155.467517342999969, 64.636997515000076 ], [ -155.468141656999961, 64.637523223000073 ], [ -155.468554318999963, 64.637870708000037 ], [ -155.469139276999982, 64.638363276000064 ], [ -155.469695005999966, 64.63883123100004 ], [ -155.469695343999973, 64.638831516000039 ], [ -155.469295345999967, 64.641180516000077 ], [ -155.472141531999966, 64.641575876000047 ], [ -155.473420347999962, 64.641753515000062 ], [ -155.478234347999972, 64.641981514000065 ], [ -155.478670956999963, 64.642096673000083 ], [ -155.480072254999982, 64.64246627600005 ], [ -155.481871945999984, 64.642940958000054 ], [ -155.482359346999971, 64.643069513000057 ], [ -155.482969598999972, 64.643193637000081 ], [ -155.48421455899998, 64.643446859000051 ], [ -155.485495069999985, 64.643707311000071 ], [ -155.486597348999965, 64.643931512000051 ], [ -155.490895350999978, 64.645478512000068 ], [ -155.491868067999974, 64.646120315000076 ], [ -155.491954085999964, 64.646177070000078 ], [ -155.493761350999961, 64.647369511000079 ], [ -155.494557952999969, 64.64800187700007 ], [ -155.495997351999961, 64.649144513000067 ], [ -155.496052636999963, 64.649421073000042 ], [ -155.496172590999976, 64.650021129000038 ], [ -155.496238051999967, 64.650348597000061 ], [ -155.496398355999958, 64.651150510000036 ], [ -155.497113011999971, 64.652792307000027 ], [ -155.497370356999966, 64.653383510000083 ], [ -155.497398935999968, 64.65350991300005 ], [ -155.497546891999974, 64.654164301000037 ], [ -155.49767510999996, 64.654731395000056 ], [ -155.497772356999974, 64.655161509000038 ], [ -155.49769769599996, 64.656130819000055 ], [ -155.497600360999968, 64.657394509000028 ], [ -155.497736864999979, 64.657762063000064 ], [ -155.497814538999961, 64.657971210000028 ], [ -155.498273224999963, 64.659206274000042 ], [ -155.498345343999972, 64.659400463000054 ], [ -155.498345360999963, 64.659400509000079 ], [ -155.502928362999967, 64.660661507000043 ], [ -155.504613936999959, 64.66105439200004 ], [ -155.505328278999968, 64.661220895000042 ], [ -155.507111363999968, 64.661636507000082 ], [ -155.509349673999964, 64.662753887000065 ], [ -155.509647552999979, 64.662902590000044 ], [ -155.510895363999964, 64.663525507000031 ], [ -155.51292554699998, 64.665111073000048 ], [ -155.513242365999957, 64.665358507000064 ], [ -155.514231709999962, 64.66684291200005 ], [ -155.514262253999959, 64.666888740000047 ], [ -155.514503369999971, 64.667250507000062 ], [ -155.516050371999967, 64.671319505000042 ], [ -155.517025373999985, 64.673380505000068 ], [ -155.517025445999963, 64.673380617000078 ], [ -155.518173375999964, 64.675156504000029 ], [ -155.519606376999974, 64.676989505000051 ], [ -155.519588762999973, 64.677520346000051 ], [ -155.519549497999975, 64.67870367200004 ], [ -155.519547379999977, 64.678767504000064 ], [ -155.519547349999982, 64.678767536000066 ], [ -155.518150630999969, 64.680256881000048 ], [ -155.517828412999961, 64.680600456000036 ], [ -155.517828380999958, 64.680600503000051 ], [ -155.517840272999962, 64.680689002000065 ], [ -155.517846266999982, 64.680733605000057 ], [ -155.51793762799997, 64.681413474000067 ], [ -155.518059380999972, 64.682319504000077 ], [ -155.519320186999977, 64.684153216000027 ], [ -155.519320384999958, 64.684153503000061 ], [ -155.518479332999959, 64.68490042600007 ], [ -155.517256385999957, 64.685986504000027 ], [ -155.51726409799997, 64.686222505000046 ], [ -155.517289795999972, 64.687008936000041 ], [ -155.517314386999971, 64.687761504000036 ], [ -155.520064244999958, 64.689539404000072 ], [ -155.52006438799998, 64.689539503000049 ], [ -155.520039462999961, 64.69032724200008 ], [ -155.520038781999972, 64.690348780000079 ], [ -155.520006389999963, 64.691372503000082 ], [ -155.519667118999962, 64.692089217000046 ], [ -155.519169079999983, 64.693141335000064 ], [ -155.518975391999959, 64.69355050300004 ], [ -155.517595669999963, 64.694932294000068 ], [ -155.517223910999974, 64.695304610000051 ], [ -155.517190522999982, 64.695338048000053 ], [ -155.516972834999962, 64.695556062000037 ], [ -155.516972394999982, 64.695556503000034 ], [ -155.516811892999982, 64.695844904000069 ], [ -155.515825396999958, 64.69761750300006 ], [ -155.515313344999981, 64.698640035000039 ], [ -155.514850399999972, 64.699564502000044 ], [ -155.512961400999984, 64.701569504000076 ], [ -155.510044415999971, 64.70236950900005 ], [ -155.509583616999976, 64.702495886000065 ], [ -155.508148401999961, 64.702889504000041 ], [ -155.504566388999962, 64.704054638000059 ], [ -155.503704372999977, 64.704335029000049 ], [ -155.50355350199996, 64.704384104000042 ], [ -155.503392403999982, 64.704436505000047 ], [ -155.503392369999972, 64.704436540000074 ], [ -155.503392187999964, 64.704436728000076 ], [ -155.503313085999963, 64.704518094000036 ], [ -155.501331405999963, 64.706556505000037 ], [ -155.500080632999982, 64.708087966000051 ], [ -155.499885709999973, 64.708326631000034 ], [ -155.499553408999958, 64.708733505000055 ], [ -155.498250859999985, 64.709866574000046 ], [ -155.497589069999975, 64.710442255000032 ], [ -155.497476291999959, 64.71054035800006 ], [ -155.497378409999982, 64.710625505000053 ], [ -155.495558127999971, 64.711723697000082 ], [ -155.494053491999978, 64.712631457000043 ], [ -155.494053411999971, 64.712631505000047 ], [ -155.494089112999973, 64.712967493000065 ], [ -155.494284413999964, 64.714805505000072 ], [ -155.494283981999985, 64.714805822000073 ], [ -155.491936783999961, 64.716528228000072 ], [ -155.49193650899997, 64.716528435000043 ], [ -155.491936414999969, 64.716528505000042 ], [ -155.491795411999959, 64.716603492000047 ], [ -155.488385008999984, 64.718417191000071 ], [ -155.488384417999981, 64.718417506000037 ], [ -155.488385208999972, 64.718417568000064 ], [ -155.492475030999969, 64.718740844000081 ], [ -155.492736417999964, 64.718761505000032 ], [ -155.496092105999963, 64.718442706000076 ], [ -155.496977921999985, 64.718358551000051 ], [ -155.49697841699998, 64.718358504000037 ], [ -155.499306227999966, 64.71916513900004 ], [ -155.501274880999972, 64.719847318000063 ], [ -155.501275418999967, 64.719847504000029 ], [ -155.501275376999985, 64.719847564000077 ], [ -155.499900418999971, 64.721797504000051 ], [ -155.499183542999958, 64.722256565000066 ], [ -155.498336871999982, 64.722798743000055 ], [ -155.497036421999979, 64.723631504000082 ], [ -155.496725316999971, 64.724030102000029 ], [ -155.495603423999967, 64.725467504000051 ], [ -155.49448573899997, 64.726553194000076 ], [ -155.493970239999982, 64.727053937000051 ], [ -155.493542425999976, 64.727469504000055 ], [ -155.491650426999968, 64.729361504000053 ], [ -155.490837959999965, 64.730727433000084 ], [ -155.490389581999978, 64.731481252000037 ], [ -155.490389430999983, 64.73148150600008 ], [ -155.490414625999961, 64.732301620000044 ], [ -155.490447431999968, 64.733369504000052 ], [ -155.490766623999974, 64.733670508000046 ], [ -155.492395433999974, 64.735206504000075 ], [ -155.494340837999971, 64.736488053000073 ], [ -155.495195078999984, 64.737050790000069 ], [ -155.495261357999965, 64.737094452000065 ], [ -155.495261434999975, 64.737094503000037 ], [ -155.49827111999997, 64.738204898000049 ], [ -155.499284123999985, 64.738578636000057 ], [ -155.499614066999982, 64.738700365000057 ], [ -155.499614435999973, 64.738700501000039 ], [ -155.500828737999967, 64.738733135000075 ], [ -155.50385632299998, 64.738814500000046 ], [ -155.503856435999978, 64.738814503000071 ], [ -155.504105720999974, 64.739363338000032 ], [ -155.504714439999958, 64.740703503000077 ], [ -155.504222976999984, 64.741718788000071 ], [ -155.503742440999957, 64.742711501000031 ], [ -155.503742360999979, 64.742711555000028 ], [ -155.501278563999961, 64.74448641400005 ], [ -155.501278440999982, 64.744486502000029 ], [ -155.501001369999983, 64.744610590000036 ], [ -155.496292442999959, 64.74671950100003 ], [ -155.49516810999998, 64.746928420000074 ], [ -155.494313105999964, 64.747087294000039 ], [ -155.493396864999966, 64.747257546000071 ], [ -155.491653443999979, 64.74758150200006 ], [ -155.487070444999972, 64.748325504000036 ], [ -155.486232060999981, 64.748404301000051 ], [ -155.48600156599997, 64.748425965000081 ], [ -155.483905259999972, 64.748622992000037 ], [ -155.482197445999958, 64.748783505000063 ], [ -155.481830185999968, 64.748818544000073 ], [ -155.479933382999974, 64.748999511000079 ], [ -155.477386783999975, 64.749242473000038 ], [ -155.477386446999958, 64.749242505000041 ], [ -155.476800157999975, 64.74943793500006 ], [ -155.472745448999973, 64.750789506000046 ], [ -155.468172710999966, 64.752065383000058 ], [ -155.467817449999984, 64.752164507000032 ], [ -155.464455154999968, 64.753383624000037 ], [ -155.463236452999979, 64.753825507000045 ], [ -155.463081508999977, 64.753874841000084 ], [ -155.46275294299997, 64.753979455000035 ], [ -155.458192452999981, 64.755431508000072 ], [ -155.457527451999965, 64.756057573000078 ], [ -155.456245455999976, 64.757264508000048 ], [ -155.456298793999963, 64.758950108000079 ], [ -155.456303457999979, 64.759097508000082 ], [ -155.456303485999968, 64.75909757900007 ], [ -155.457048459999982, 64.76098950800008 ], [ -155.458309462999978, 64.76299450700003 ], [ -155.46056582099996, 64.765149646000054 ], [ -155.460719292999983, 64.765296233000072 ], [ -155.460828464999963, 64.765400507000038 ], [ -155.461183282999968, 64.765613249000069 ], [ -155.463695464999972, 64.767119506000029 ], [ -155.466357922999975, 64.767517566000038 ], [ -155.467233525999973, 64.767648476000033 ], [ -155.467931012999969, 64.76775275600005 ], [ -155.468678463999964, 64.767864505000034 ], [ -155.470395029999963, 64.76782128800005 ], [ -155.473206464999976, 64.767750506000027 ], [ -155.47586044199997, 64.766731566000033 ], [ -155.477351633999973, 64.76615905400007 ], [ -155.47813397699997, 64.765858690000073 ], [ -155.478134120999982, 64.765858635000029 ], [ -155.478134461999957, 64.76585850400005 ], [ -155.478134499999982, 64.765858429000048 ], [ -155.478609885999958, 64.764906187000065 ], [ -155.479106460999958, 64.763911504000077 ], [ -155.479191028999963, 64.763460881000071 ], [ -155.479269494999983, 64.763042773000052 ], [ -155.479450457999974, 64.762078504000044 ], [ -155.479450661999977, 64.762078490000079 ], [ -155.483575459999969, 64.761789503000045 ], [ -155.488159459999963, 64.762306503000048 ], [ -155.48816009799998, 64.762306651000074 ], [ -155.490904497999963, 64.762922323000055 ], [ -155.49175239799996, 64.763112540000066 ], [ -155.492514459999967, 64.763283501000046 ], [ -155.493016091999976, 64.763799185000039 ], [ -155.493640635999981, 64.764441223000063 ], [ -155.494406245999983, 64.765228282000066 ], [ -155.494406459999965, 64.76522850200007 ], [ -155.493717462999967, 64.767061501000057 ], [ -155.491770465999963, 64.769181501000048 ], [ -155.489967521999972, 64.770624277000081 ], [ -155.489425997999973, 64.771057622000058 ], [ -155.489192466999981, 64.771244501000069 ], [ -155.488275583999979, 64.773019278000049 ], [ -155.488275467999983, 64.773019502000068 ], [ -155.488275846999983, 64.773019650000037 ], [ -155.490378087999972, 64.773839384000041 ], [ -155.490713825999961, 64.77397030000003 ], [ -155.492686470999985, 64.774739501000056 ], [ -155.495056275999957, 64.774962962000075 ], [ -155.496928469999972, 64.77513950000008 ], [ -155.50122546999998, 64.775139499000034 ], [ -155.502127630999979, 64.775189128000079 ], [ -155.502555257999973, 64.77521265200005 ], [ -155.503153982999976, 64.775245588000075 ], [ -155.505406470999958, 64.775369498000032 ], [ -155.509538086999981, 64.77567956200005 ], [ -155.510736468999966, 64.775769497000056 ], [ -155.51073725599997, 64.775769661000083 ], [ -155.514564280999963, 64.776565257000073 ], [ -155.515147413999983, 64.776686484000038 ], [ -155.515147471999967, 64.776686496000082 ], [ -155.515645265999979, 64.777409521000038 ], [ -155.516009452999981, 64.777938487000029 ], [ -155.516409470999974, 64.778519496000058 ], [ -155.516408933999969, 64.778519698000082 ], [ -155.515460337999968, 64.778876370000035 ], [ -155.512284473999983, 64.780070497000054 ], [ -155.510244343999972, 64.780592682000076 ], [ -155.509601477999979, 64.780757228000027 ], [ -155.50804547499996, 64.781155497000043 ], [ -155.503410482999982, 64.782017976000077 ], [ -155.503117476999961, 64.782072498000048 ], [ -155.503014916999973, 64.782092034000073 ], [ -155.500857641999971, 64.782502966000038 ], [ -155.499602789999983, 64.782741998000063 ], [ -155.498303478999958, 64.782989499000053 ], [ -155.496630159999967, 64.783433161000062 ], [ -155.494909104999977, 64.783889479000038 ], [ -155.494231972999984, 64.784069014000067 ], [ -155.493547479999961, 64.784250500000041 ], [ -155.492599507999984, 64.784662624000077 ], [ -155.489195481999957, 64.786142500000039 ], [ -155.489187959999981, 64.786376204000078 ], [ -155.489168097999965, 64.786993283000072 ], [ -155.489142477999962, 64.787789243000077 ], [ -155.489136482999982, 64.787975500000073 ], [ -155.489136689999981, 64.787975558000028 ], [ -155.493433938999971, 64.789178340000035 ], [ -155.493434483999977, 64.789178499000059 ], [ -155.498133646999975, 64.789464441000064 ], [ -155.498134483999962, 64.789464499000076 ], [ -155.499724804999971, 64.789586995000036 ], [ -155.502600484999959, 64.78980849800007 ], [ -155.504157952999975, 64.789868775000059 ], [ -155.504956404999973, 64.789899677000051 ], [ -155.507070484999957, 64.789981497000042 ], [ -155.511195481999977, 64.789692496000043 ], [ -155.512464190999964, 64.789602363000029 ], [ -155.516009319999966, 64.789350506000062 ], [ -155.516009481999959, 64.789350494000075 ], [ -155.516776654999973, 64.789571128000034 ], [ -155.520192483999978, 64.79055349500004 ], [ -155.522588059999975, 64.791294491000031 ], [ -155.524259454999964, 64.791811485000039 ], [ -155.52425948299998, 64.791811491000033 ], [ -155.528959482999966, 64.792155494000042 ], [ -155.53138655799998, 64.792188817000067 ], [ -155.532174734999984, 64.792199639000046 ], [ -155.532341038999959, 64.792201922000061 ], [ -155.533256482999974, 64.792214492000028 ], [ -155.537609483999972, 64.792442492000077 ], [ -155.541556860999975, 64.793407904000048 ], [ -155.541783588999976, 64.793463355000029 ], [ -155.54253648599996, 64.793647491000058 ], [ -155.543593236999982, 64.793999374000066 ], [ -155.54735048699996, 64.795250490000058 ], [ -155.551761485999975, 64.795192490000034 ], [ -155.552917474999958, 64.794735772000081 ], [ -155.553930491999978, 64.794335540000077 ], [ -155.555445978999984, 64.793736788000047 ], [ -155.556403484999976, 64.793358488000081 ], [ -155.56092848199998, 64.791983488000028 ], [ -155.562091222999982, 64.79209435100006 ], [ -155.562911516999975, 64.792172563000065 ], [ -155.565742481999962, 64.792442487000073 ], [ -155.570611483999983, 64.79330348600007 ], [ -155.575253484999962, 64.794792485000073 ], [ -155.576400485999983, 64.79662548500005 ], [ -155.577661486999972, 64.798514485000055 ], [ -155.578482759999957, 64.799428069000044 ], [ -155.579063782999981, 64.800074400000028 ], [ -155.579209450999969, 64.800236441000038 ], [ -155.579209488999965, 64.800236483000049 ], [ -155.580123488999959, 64.802125483000054 ], [ -155.580870488999977, 64.804358484000034 ], [ -155.580870628999975, 64.804358904000082 ], [ -155.581421715999966, 64.806015994000063 ], [ -155.581421847999962, 64.80601639200006 ], [ -155.581442460999966, 64.806078383000056 ], [ -155.581442489999972, 64.806078484000068 ], [ -155.581903504999957, 64.807911481000076 ], [ -155.581903522999966, 64.807911536000063 ], [ -155.582647497999972, 64.809861482000031 ], [ -155.583450497999962, 64.811978482000029 ], [ -155.583876449999963, 64.813093386000048 ], [ -155.583937823999975, 64.813254028000074 ], [ -155.584195499999964, 64.813928483000041 ], [ -155.584664543999963, 64.815248052000072 ], [ -155.585111502999979, 64.816505482000082 ], [ -155.585906156999982, 64.817661227000031 ], [ -155.586372503999968, 64.818339482000056 ], [ -155.586942086999983, 64.819022265000058 ], [ -155.587231578999962, 64.819369292000033 ], [ -155.587806505999964, 64.820058481000046 ], [ -155.588516673999976, 64.820788978000053 ], [ -155.589245103999957, 64.821538259000079 ], [ -155.589867508999959, 64.822178480000048 ], [ -155.593075509999977, 64.824300479000044 ], [ -155.595982704999983, 64.826151464000077 ], [ -155.596400511999974, 64.826417478000053 ], [ -155.59875051399996, 64.828597478000063 ], [ -155.598750706999965, 64.828597585000068 ], [ -155.598924266999973, 64.828693429000054 ], [ -155.602416278999982, 64.830621811000071 ], [ -155.602589516999984, 64.830717477000064 ], [ -155.603769899999975, 64.831553188000044 ], [ -155.605339516999976, 64.832664477000037 ], [ -155.605889660999964, 64.833051130000058 ], [ -155.608031517999962, 64.834556475000056 ], [ -155.609351548999967, 64.835665572000039 ], [ -155.610553519999968, 64.83667547500005 ], [ -155.610859096999974, 64.837119663000067 ], [ -155.611337915999968, 64.837815676000048 ], [ -155.611583147999966, 64.83817214700008 ], [ -155.611814522999964, 64.838508476000072 ], [ -155.611814494999976, 64.838508500000046 ], [ -155.610115582999981, 64.839984322000078 ], [ -155.609636910999967, 64.840400138000064 ], [ -155.609636608999978, 64.840400401000068 ], [ -155.609636522999978, 64.84040047600007 ], [ -155.609254471999975, 64.840381452000031 ], [ -155.608798715999967, 64.840358757000047 ], [ -155.605519581999971, 64.840195473000051 ], [ -155.60499752399997, 64.840169477000074 ], [ -155.604997339999983, 64.840169400000036 ], [ -155.60416087599998, 64.83982039600005 ], [ -155.604059444999962, 64.839778075000083 ], [ -155.600472521999961, 64.838281477000066 ], [ -155.59602109399998, 64.837608805000059 ], [ -155.596020726999967, 64.837608750000072 ], [ -155.595978341999967, 64.837602338000067 ], [ -155.595542522999978, 64.83753647900005 ], [ -155.595152701999979, 64.837555167000062 ], [ -155.594442037999983, 64.837589235000053 ], [ -155.592164108999981, 64.837698438000075 ], [ -155.590786523999981, 64.837764479000043 ], [ -155.589949307999973, 64.837905692000049 ], [ -155.589651336999964, 64.837955950000037 ], [ -155.589206222999962, 64.838031027000056 ], [ -155.586375524999966, 64.838508479000041 ], [ -155.585022037999977, 64.839532259000066 ], [ -155.583797526999973, 64.840458480000052 ], [ -155.581555599999973, 64.842182809000064 ], [ -155.581297438999968, 64.842381368000076 ], [ -155.580817529999962, 64.842750480000063 ], [ -155.57983439399996, 64.843820467000057 ], [ -155.579414880999963, 64.844277040000065 ], [ -155.579293905999975, 64.844408702000067 ], [ -155.578870529999961, 64.844869480000057 ], [ -155.578870540999958, 64.844869525000036 ], [ -155.579025061999971, 64.845488279000051 ], [ -155.579233403999979, 64.846322554000039 ], [ -155.579280414999971, 64.846510806000083 ], [ -155.579328519999962, 64.846703435000052 ], [ -155.579328531999977, 64.846703481000077 ], [ -155.578984532999982, 64.848536481000053 ], [ -155.578984356999968, 64.848536602000081 ], [ -155.576080637999979, 64.850535557000057 ], [ -155.575489535999964, 64.850942479000082 ], [ -155.572167539999981, 64.852889481000034 ], [ -155.572167439999959, 64.852889484000059 ], [ -155.56747053999996, 64.853064481000047 ], [ -155.566811373999968, 64.852970187000039 ], [ -155.566245016999972, 64.852889169000036 ], [ -155.563059539999983, 64.852433479000069 ], [ -155.560858038999982, 64.851349923000043 ], [ -155.559217537999984, 64.850542483000083 ], [ -155.557900534999959, 64.848822483000049 ], [ -155.557493883999967, 64.848368286000039 ], [ -155.556832749999984, 64.847629851000079 ], [ -155.556291708999964, 64.847025551000058 ], [ -155.555950772999978, 64.846644751000042 ], [ -155.555950533999976, 64.84664448400008 ], [ -155.551484531999961, 64.845786485000076 ], [ -155.547070533999971, 64.845844487000079 ], [ -155.542889534999972, 64.846361486000035 ], [ -155.542668831999976, 64.846401732000061 ], [ -155.542135265999974, 64.846499030000075 ], [ -155.54015087199997, 64.846860894000031 ], [ -155.538820533999967, 64.847103487000084 ], [ -155.537195257999969, 64.847624521000057 ], [ -155.535502574999981, 64.848167165000064 ], [ -155.535004427999979, 64.848326862000079 ], [ -155.534350535999977, 64.848536488000036 ], [ -155.533968021999982, 64.848698539000054 ], [ -155.53320489799998, 64.849021834000041 ], [ -155.529884538999966, 64.850428488000034 ], [ -155.528821272999977, 64.85083505800003 ], [ -155.525242539999965, 64.852203489000033 ], [ -155.522378542999974, 64.852550490000056 ], [ -155.520394313999958, 64.852787185000068 ], [ -155.519511541999975, 64.852892490000045 ], [ -155.517598344999982, 64.852913607000062 ], [ -155.515992357999977, 64.852931333000072 ], [ -155.514528541999965, 64.852947490000076 ], [ -155.512082657999969, 64.852811768000038 ], [ -155.509841335999965, 64.852687397000068 ], [ -155.509428541999966, 64.852664491000041 ], [ -155.505908928999958, 64.851608267000074 ], [ -155.504273540999975, 64.851117492000071 ], [ -155.499917540999974, 64.850314494000031 ], [ -155.499400394999981, 64.850355054000033 ], [ -155.494817542999982, 64.850714494000044 ], [ -155.490175542999964, 64.85180349500007 ], [ -155.488719871999962, 64.851936069000033 ], [ -155.486669907999982, 64.852122767000083 ], [ -155.485761544999974, 64.852205495000078 ], [ -155.480609543999975, 64.851058496000064 ], [ -155.476884540999976, 64.849108498000078 ], [ -155.474017540999967, 64.847044498000059 ], [ -155.470831808999975, 64.846251542000061 ], [ -155.469713742999971, 64.845973246000028 ], [ -155.468975537999967, 64.84578950000008 ], [ -155.46456453899998, 64.84567050000004 ], [ -155.460787311999979, 64.845763785000031 ], [ -155.460216091999968, 64.845777892000058 ], [ -155.459867538999958, 64.845786500000031 ], [ -155.459157193999971, 64.84585493700007 ], [ -155.455684538999975, 64.846189501000083 ], [ -155.452638120999978, 64.847761155000057 ], [ -155.452131540999972, 64.848022502000049 ], [ -155.452131505999972, 64.848022584000034 ], [ -155.451976629999962, 64.84838426400006 ], [ -155.451913422999979, 64.848531869000055 ], [ -155.451272543999977, 64.850028502000043 ], [ -155.451139737999966, 64.850599238000029 ], [ -155.450872545999971, 64.851747501000034 ], [ -155.451343121999969, 64.853086587000064 ], [ -155.451617547999973, 64.853867502000071 ], [ -155.455808229999974, 64.855284166000047 ], [ -155.455856216999962, 64.855300390000082 ], [ -155.455856358999966, 64.855300438000029 ], [ -155.455856548999975, 64.855300500000055 ], [ -155.456787817999981, 64.856328204000079 ], [ -155.457517548999959, 64.857133500000032 ], [ -155.458078677999964, 64.857897542000046 ], [ -155.458510088999958, 64.858484958000076 ], [ -155.458778551999984, 64.858850500000074 ], [ -155.459255880999962, 64.860280406000072 ], [ -155.459467553999957, 64.860914499000046 ], [ -155.459316376999965, 64.861166558000036 ], [ -155.459202972999975, 64.861355638000077 ], [ -155.458436554999963, 64.862633499000083 ], [ -155.456603557999983, 64.864811499000041 ], [ -155.453622558999967, 64.86675850000006 ], [ -155.453622227999972, 64.866758591000064 ], [ -155.451677262999965, 64.867292375000034 ], [ -155.451006847999963, 64.867476367000052 ], [ -155.449439559999973, 64.867906500000061 ], [ -155.445820595999976, 64.867732577000083 ], [ -155.444570560999978, 64.867672501000072 ], [ -155.444570282999962, 64.867672438000056 ], [ -155.443175581999981, 64.867357609000067 ], [ -155.43975955999997, 64.866586502000075 ], [ -155.434886558999978, 64.865555503000053 ], [ -155.433728318999982, 64.86526981600008 ], [ -155.43281258899998, 64.865043946000071 ], [ -155.432469677999961, 64.864959365000061 ], [ -155.430475558999973, 64.864467504000061 ], [ -155.426905689999984, 64.863404109000044 ], [ -155.425875720999983, 64.863097301000039 ], [ -155.425661557999973, 64.863033506000079 ], [ -155.422719331999957, 64.862458811000067 ], [ -155.421253555999982, 64.86217251100004 ], [ -155.417882366999976, 64.861887748000072 ], [ -155.41733177499998, 64.861841241000036 ], [ -155.416553555999968, 64.861775507000061 ], [ -155.411853558999979, 64.861717507000037 ], [ -155.411853067999971, 64.861717673000044 ], [ -155.407614703999968, 64.863150454000049 ], [ -155.407614557999977, 64.863150509000036 ], [ -155.404978560999979, 64.86526950800004 ], [ -155.404956231999961, 64.865297045000034 ], [ -155.404316508999983, 64.866086001000042 ], [ -155.40325956199996, 64.867389508000031 ], [ -155.402913119999965, 64.868517092000047 ], [ -155.402866351999961, 64.86866931000003 ], [ -155.402572566999964, 64.86962550800007 ], [ -155.40253009099996, 64.87130753100007 ], [ -155.402525886999967, 64.871474008000064 ], [ -155.402517566999961, 64.871803508000028 ], [ -155.402477075999968, 64.873081125000056 ], [ -155.402459568999973, 64.873633508000069 ], [ -155.402232344999959, 64.87386791800003 ], [ -155.401679399999978, 64.874438351000038 ], [ -155.40062556999996, 64.875525508000067 ], [ -155.39993057999996, 64.875820119000082 ], [ -155.399835471999978, 64.875860436000039 ], [ -155.398724217999984, 64.876331505000053 ], [ -155.395756574999979, 64.877589510000064 ], [ -155.391246310999975, 64.878936438000039 ], [ -155.390770572999969, 64.879078504000063 ], [ -155.386017576999961, 64.880625510000073 ], [ -155.381203578999958, 64.882231512000033 ], [ -155.37983970999997, 64.882266451000078 ], [ -155.378694586999984, 64.882295786000043 ], [ -155.376792578999982, 64.882344512000032 ], [ -155.373493058999969, 64.882025264000049 ], [ -155.371459577999957, 64.881828513000073 ], [ -155.369151057999971, 64.881945905000066 ], [ -155.366936577999979, 64.88205851400005 ], [ -155.366573709999983, 64.882098400000075 ], [ -155.365075193999985, 64.882263113000079 ], [ -155.363066641999978, 64.882483888000081 ], [ -155.361723578999971, 64.882631514000082 ], [ -155.358217884999959, 64.883349908000071 ], [ -155.358096742999976, 64.883374733000039 ], [ -155.357253582999959, 64.883547515000032 ], [ -155.355424144999972, 64.88424062100006 ], [ -155.353014805999976, 64.885153430000059 ], [ -155.353014582999975, 64.88515351500007 ], [ -155.351658768999982, 64.886096311000074 ], [ -155.351140673999964, 64.886456581000061 ], [ -155.350915261999972, 64.886613326000031 ], [ -155.350378583999969, 64.886986516000036 ], [ -155.34987467199997, 64.887403454000037 ], [ -155.347400586999981, 64.889450516000068 ], [ -155.346406594999962, 64.890444509000076 ], [ -155.344936588999957, 64.891914516000043 ], [ -155.344288871999964, 64.89313889400006 ], [ -155.343906590999978, 64.893861517000062 ], [ -155.344047929999959, 64.89468448100007 ], [ -155.344250593999959, 64.895864517000064 ], [ -155.34425071299998, 64.895864564000078 ], [ -155.348889595999964, 64.897700515000054 ], [ -155.351166377999959, 64.898166058000072 ], [ -155.353359594999972, 64.89861451400003 ], [ -155.358231594999978, 64.89890351300005 ], [ -155.360581800999967, 64.899677197000074 ], [ -155.361571306999963, 64.900002941000082 ], [ -155.362584596999966, 64.90033651400006 ], [ -155.363818610999971, 64.901936660000047 ], [ -155.364131413999985, 64.902342273000045 ], [ -155.364131598999961, 64.902342513000065 ], [ -155.364161411999959, 64.903312975000063 ], [ -155.364165336999974, 64.903440726000042 ], [ -155.364189599999975, 64.904230512000083 ], [ -155.363863291999962, 64.90498679500007 ], [ -155.363582796999964, 64.905636896000033 ], [ -155.363273602999982, 64.906353512000067 ], [ -155.362270286999973, 64.907412785000076 ], [ -155.361211604999966, 64.908530512000027 ], [ -155.360384213999964, 64.908867380000061 ], [ -155.357035305999972, 64.910230870000078 ], [ -155.356656175999973, 64.910385231000078 ], [ -155.356284605999974, 64.910536513000068 ], [ -155.354138644999978, 64.911267299000031 ], [ -155.351242608999968, 64.912253515000032 ], [ -155.348711701999974, 64.913012842000057 ], [ -155.346659609999961, 64.913628514000038 ], [ -155.343938878999978, 64.915260955000065 ], [ -155.342020967999957, 64.916411702000062 ], [ -155.341789612999975, 64.91655051500004 ], [ -155.341741187999958, 64.916695942000047 ], [ -155.341672724999967, 64.916901549000045 ], [ -155.34115961599997, 64.918442515000038 ], [ -155.341108023999965, 64.920450992000042 ], [ -155.341104016999964, 64.920606976000045 ], [ -155.341103622999981, 64.920622517000083 ], [ -155.341028627999975, 64.920922311000083 ], [ -155.340645618999957, 64.922453515000029 ], [ -155.339384621999983, 64.924400515000059 ], [ -155.337664626999981, 64.926178519000075 ], [ -155.335542622999981, 64.928067515000066 ], [ -155.334538716999958, 64.928952256000059 ], [ -155.333200624999961, 64.930131515000028 ], [ -155.332999422999961, 64.930487504000041 ], [ -155.332797977999974, 64.930843923000054 ], [ -155.332164628999976, 64.931964515000061 ], [ -155.332886106999979, 64.934011113000054 ], [ -155.332911630999973, 64.934083515000054 ], [ -155.333883631999981, 64.935803515000032 ], [ -155.336006634999961, 64.937578514000052 ], [ -155.336666294999958, 64.937908518000029 ], [ -155.337831237999978, 64.938491298000031 ], [ -155.339786634999967, 64.939469513000063 ], [ -155.342553712999973, 64.940392730000042 ], [ -155.34325094099998, 64.940625355000066 ], [ -155.344084635999963, 64.940903512000034 ], [ -155.349184636999979, 64.94227851100004 ], [ -155.354111639999957, 64.94405351100005 ], [ -155.354458727999969, 64.944815814000037 ], [ -155.354972640999961, 64.945944510000061 ], [ -155.354712287999973, 64.946495689000074 ], [ -155.354521227999982, 64.946900171000038 ], [ -155.353998659999974, 64.948006472000031 ], [ -155.353998641999965, 64.948006510000027 ], [ -155.350675643999978, 64.949842511000043 ], [ -155.350675316999968, 64.949842607000051 ], [ -155.349804249999977, 64.950097766000056 ], [ -155.345981646999974, 64.951217512000028 ], [ -155.343423606999977, 64.95244062300003 ], [ -155.341909648999973, 64.953164512000058 ], [ -155.337098650999963, 64.954539513000043 ], [ -155.332398650999977, 64.954539513000043 ], [ -155.329968789999981, 64.954593239000076 ], [ -155.32724264999996, 64.954653515000075 ], [ -155.325953339999984, 64.954723849000061 ], [ -155.324089651999969, 64.954825516000028 ], [ -155.323664671999978, 64.954848301000084 ], [ -155.323259348999983, 64.954870033000077 ], [ -155.321020622999981, 64.954990064000071 ], [ -155.32088183999997, 64.954997505000051 ], [ -155.320881650999979, 64.954997515000059 ], [ -155.320539423999975, 64.954969406000032 ], [ -155.316011651999958, 64.954597517000082 ], [ -155.313881677999973, 64.954698418000078 ], [ -155.312756181999958, 64.954751735000059 ], [ -155.312098367999965, 64.95478289700003 ], [ -155.311198651999973, 64.954825518000064 ], [ -155.305928651999977, 64.955281518000049 ], [ -155.30534657299998, 64.955331981000029 ], [ -155.304008110999973, 64.955448019000073 ], [ -155.302952860999966, 64.955539504000058 ], [ -155.302606653999959, 64.955569519000051 ], [ -155.300321826999976, 64.955810800000052 ], [ -155.299339653999965, 64.955914519000032 ], [ -155.294353654999981, 64.956717520000041 ], [ -155.292225422999962, 64.957271848000062 ], [ -155.290172655999982, 64.957806520000076 ], [ -155.287334458999965, 64.958477367000057 ], [ -155.286047655999965, 64.958781521000049 ], [ -155.284686569999963, 64.959263178000072 ], [ -155.283025016999972, 64.959851163000053 ], [ -155.281902872999979, 64.960248265000075 ], [ -155.281520658999966, 64.960383522000029 ], [ -155.280697186999959, 64.960687853000081 ], [ -155.278576839999971, 64.961471470000049 ], [ -155.276840713999974, 64.962113090000059 ], [ -155.276709661999973, 64.962161523000077 ], [ -155.274638342999964, 64.962860570000032 ], [ -155.274638081999967, 64.962860658000068 ], [ -155.272297661999971, 64.963650523000069 ], [ -155.27026079999996, 64.964439282000058 ], [ -155.267953245999962, 64.96533286500005 ], [ -155.266967664999981, 64.965714524000077 ], [ -155.265831718999976, 64.966213939000056 ], [ -155.265231793999959, 64.966477694000048 ], [ -155.261756665999968, 64.968005524000034 ], [ -155.261320109999957, 64.968262939000056 ], [ -155.260443318999961, 64.968779939000058 ], [ -155.258259669999973, 64.970067526000037 ], [ -155.257804237999977, 64.970523621000041 ], [ -155.256198670999964, 64.972131526000055 ], [ -155.256039471999969, 64.973136099000044 ], [ -155.255892375999963, 64.974064301000055 ], [ -155.255876417999957, 64.974164999000038 ], [ -155.255853673999979, 64.974308525000083 ], [ -155.255853730999974, 64.974308647000043 ], [ -155.255944100999983, 64.974501814000064 ], [ -155.25598014199997, 64.974578854000072 ], [ -155.256287677999978, 64.975236219000067 ], [ -155.256711675999981, 64.976142525000057 ], [ -155.258147677999972, 64.977975524000044 ], [ -155.258376249999969, 64.97816595900008 ], [ -155.260658585999977, 64.980067489000078 ], [ -155.260818076999982, 64.980200369000045 ], [ -155.260898281999971, 64.980267192000042 ], [ -155.260898679999968, 64.980267524000055 ], [ -155.264056641999957, 64.981802856000058 ], [ -155.265022681999966, 64.982272523000063 ], [ -155.269550682999977, 64.984278522000068 ], [ -155.271850726999958, 64.985311301000081 ], [ -155.27350368499998, 64.986053521000031 ], [ -155.277661267999974, 64.987750531000074 ], [ -155.277859684999981, 64.987831520000043 ], [ -155.277859876999969, 64.987831580000034 ], [ -155.282097686999975, 64.989261519000081 ], [ -155.284504349999963, 64.990122671000051 ], [ -155.286739688999972, 64.990922519000037 ], [ -155.289858405999979, 64.992734235000057 ], [ -155.290292688999983, 64.992986517000077 ], [ -155.290292603999973, 64.992986565000081 ], [ -155.290223725999965, 64.993021574000068 ], [ -155.290188364999977, 64.99303954800007 ], [ -155.287945907999983, 64.99417945600004 ], [ -155.28657069099998, 64.994878519000054 ], [ -155.285270544999975, 64.995317105000083 ], [ -155.282156734999973, 64.99636750600007 ], [ -155.28215669399998, 64.996367520000035 ], [ -155.282291378999957, 64.996589569000037 ], [ -155.282466130999978, 64.996877672000039 ], [ -155.283240794999983, 64.998154818000046 ], [ -155.283303460999974, 64.998258132000046 ], [ -155.283303695999962, 64.998258519000046 ], [ -155.283303731999979, 64.998258790000079 ], [ -155.283589696999968, 65.000147518000063 ], [ -155.283532560999959, 65.000319328000046 ], [ -155.283314158999957, 65.000976063000053 ], [ -155.283093972999978, 65.001638165000031 ], [ -155.283017699999959, 65.00186751800004 ], [ -155.282444951999963, 65.002689892000035 ], [ -155.28243390199998, 65.002705761000072 ], [ -155.282433713999978, 65.002706031000059 ], [ -155.281700700999977, 65.00375851900003 ], [ -155.278667229999968, 65.004238441000041 ], [ -155.277345700999973, 65.004447519000053 ], [ -155.277345148999984, 65.004447404000075 ], [ -155.276827021999964, 65.004339529000049 ], [ -155.275225076999959, 65.00400600200004 ], [ -155.272931701999966, 65.003528520000032 ], [ -155.270662250999976, 65.003983797000046 ], [ -155.270177065999974, 65.004081131000078 ], [ -155.269624481999983, 65.00419198600008 ], [ -155.268350701999964, 65.004447520000042 ], [ -155.267089703999972, 65.006280520000075 ], [ -155.266582375999974, 65.007406791000051 ], [ -155.266438616999977, 65.007725936000043 ], [ -155.266289798999964, 65.008056311000075 ], [ -155.266289704999963, 65.008056520000082 ], [ -155.266156231999958, 65.008234720000075 ], [ -155.264692647999965, 65.010188750000054 ], [ -155.26440080499998, 65.010578391000081 ], [ -155.264400707999982, 65.010578520000081 ], [ -155.262220710999969, 65.012697521000064 ], [ -155.261100825999961, 65.013818874000037 ], [ -155.259931712999958, 65.014989521000075 ], [ -155.257833786999981, 65.015137650000042 ], [ -155.255592534999977, 65.015295900000069 ], [ -155.25505971299998, 65.015333522000049 ], [ -155.249559711999979, 65.015161523000074 ], [ -155.249258799999978, 65.01517982300004 ], [ -155.246582959999984, 65.015342554000028 ], [ -155.243886713999984, 65.015506525000035 ], [ -155.242257820999981, 65.015569518000063 ], [ -155.241436372999971, 65.015601285000059 ], [ -155.240964714999961, 65.015619525000034 ], [ -155.23929771799996, 65.015653866000036 ], [ -155.238100714999973, 65.015678526000045 ], [ -155.235383911999975, 65.015579441000057 ], [ -155.234892713999983, 65.015561526000056 ], [ -155.234517947999962, 65.01554143900006 ], [ -155.231739713999957, 65.015392526000028 ], [ -155.22618471499996, 65.015389528000071 ], [ -155.221714714999962, 65.015392527000074 ], [ -155.220654425999982, 65.015745370000047 ], [ -155.21967221899996, 65.016072229000031 ], [ -155.218521524999971, 65.016455156000063 ], [ -155.216900717999977, 65.016994528000055 ], [ -155.214999231999968, 65.017756716000065 ], [ -155.214652659999985, 65.017895635000059 ], [ -155.21403671799996, 65.018142528000055 ], [ -155.212589684999983, 65.018720534000067 ], [ -155.212281345999969, 65.018843697000079 ], [ -155.211172718999961, 65.019286529000055 ], [ -155.20971545499998, 65.019954021000046 ], [ -155.208484641999974, 65.020517788000063 ], [ -155.207743463999975, 65.020857281000076 ], [ -155.206417721999969, 65.02146453000006 ], [ -155.205449418999962, 65.02231461000008 ], [ -155.205292836999973, 65.022452075000047 ], [ -155.204683387999978, 65.022987116000081 ], [ -155.204526104999957, 65.02312519700007 ], [ -155.204525724999968, 65.023125530000073 ], [ -155.200345726999984, 65.024958530000049 ], [ -155.199568122999978, 65.024987153000041 ], [ -155.198761238999964, 65.025016854000057 ], [ -155.195645725999981, 65.025131531000056 ], [ -155.192047308999975, 65.025219298000081 ], [ -155.191798360999968, 65.025225370000044 ], [ -155.190889727999974, 65.025247532000037 ], [ -155.187290674999957, 65.025779749000037 ], [ -155.186250727999976, 65.025933533000057 ], [ -155.186250356999977, 65.025933680000037 ], [ -155.18277381599998, 65.027311737000048 ], [ -155.181803611999982, 65.027696314000082 ], [ -155.181323729999974, 65.027886533000071 ], [ -155.181323677999984, 65.027886709000029 ], [ -155.180692730999965, 65.030003534000059 ], [ -155.180454269999984, 65.030868570000052 ], [ -155.180293568999957, 65.031451529000037 ], [ -155.180061734999981, 65.032292533000032 ], [ -155.179209801999974, 65.033858551000037 ], [ -155.178689736999985, 65.034814533000031 ], [ -155.177755968999975, 65.03608130300006 ], [ -155.176914738999983, 65.03722253400008 ], [ -155.176435958999974, 65.037820934000081 ], [ -155.175321502999964, 65.039213835000055 ], [ -155.175309738999971, 65.039228532000038 ], [ -155.174372303999974, 65.040138544000058 ], [ -155.173540108999958, 65.040946389000055 ], [ -155.173361743999976, 65.041119535000064 ], [ -155.172168189999979, 65.04248115200005 ], [ -155.171756743999964, 65.042950534000056 ], [ -155.171402003999958, 65.043548436000037 ], [ -155.170497746999985, 65.045072535000031 ], [ -155.170604868999959, 65.046244051000031 ], [ -155.170667226999967, 65.046926017000033 ], [ -155.170670748999981, 65.04696453400004 ], [ -155.17172562899998, 65.048021141000049 ], [ -155.171973632999965, 65.048269552000079 ], [ -155.172500746999958, 65.048797538000031 ], [ -155.172500953999958, 65.048797646000082 ], [ -155.173461062999962, 65.049317135000081 ], [ -155.175884752999963, 65.050628532000076 ], [ -155.178868904999973, 65.051113343000054 ], [ -155.18012575299997, 65.051317533000031 ], [ -155.183524344999967, 65.052166149000072 ], [ -155.184250751999969, 65.052347531000066 ], [ -155.184250781999964, 65.052347577000035 ], [ -155.184250827999961, 65.05234764800008 ], [ -155.185625739999978, 65.054467506000037 ], [ -155.185625755999979, 65.054467531000057 ], [ -155.185534006999973, 65.05459260300006 ], [ -155.185425062999968, 65.054741116000059 ], [ -155.184800388999975, 65.055592675000071 ], [ -155.184364756999969, 65.056186531000037 ], [ -155.184029541999962, 65.056542509000053 ], [ -155.183183819999982, 65.05744061300004 ], [ -155.182475976999967, 65.058192299000041 ], [ -155.182475757999981, 65.058192531000032 ], [ -155.182075758999957, 65.059969532000082 ], [ -155.180070762999975, 65.062030531000062 ], [ -155.178438808999971, 65.063162290000037 ], [ -155.176517765999961, 65.064494532000083 ], [ -155.175428767999961, 65.066444532000048 ], [ -155.175428961999984, 65.066444625000031 ], [ -155.176135875999961, 65.06678361400003 ], [ -155.177210026999973, 65.067298707000077 ], [ -155.179728769999969, 65.068506531000082 ], [ -155.183108764999957, 65.068853079000064 ], [ -155.184195768999984, 65.068964529000027 ], [ -155.18475203899996, 65.068978357000049 ], [ -155.188781770999981, 65.06907852900008 ], [ -155.193134768999982, 65.068792528000074 ], [ -155.195269956999965, 65.068964060000042 ], [ -155.195997768999973, 65.069022528000062 ], [ -155.198978766999971, 65.069308527000032 ], [ -155.198978762999957, 65.069308663000072 ], [ -155.198978758999971, 65.06930879600003 ], [ -155.19893770699997, 65.070693669000036 ], [ -155.198922770999957, 65.071197527000038 ], [ -155.198745729999985, 65.07163385900003 ], [ -155.19806177199996, 65.073319527000081 ], [ -155.196038555999962, 65.074656567000034 ], [ -155.195478312999967, 65.075026803000071 ], [ -155.195326686999977, 65.07512700500007 ], [ -155.194853774999984, 65.075439528000061 ], [ -155.193596388999964, 65.07603485900006 ], [ -155.191705782999975, 65.076929999000072 ], [ -155.191030154999964, 65.077249886000061 ], [ -155.190500776999983, 65.077500529000076 ], [ -155.190035188999957, 65.077651881000065 ], [ -155.189991687999964, 65.077666022000074 ], [ -155.189375650999978, 65.07786628100007 ], [ -155.18626177799996, 65.078878528000075 ], [ -155.183165456999973, 65.079809721000061 ], [ -155.182078778999966, 65.080136530000061 ], [ -155.181763680999978, 65.080245938000076 ], [ -155.181432799999982, 65.08036082600006 ], [ -155.177781782999972, 65.081628530000046 ], [ -155.176219346999972, 65.08212121300005 ], [ -155.174689782999963, 65.082603530000029 ], [ -155.171890195999964, 65.083498957000074 ], [ -155.17165098199996, 65.083575468000049 ], [ -155.171650784999969, 65.083575531000065 ], [ -155.171033135999977, 65.083552759000042 ], [ -155.16946872799997, 65.083495080000034 ], [ -155.16855878399997, 65.083461531000069 ], [ -155.168392456999982, 65.083458470000039 ], [ -155.168163107999959, 65.083454250000045 ], [ -155.166890777999981, 65.083430838000083 ], [ -155.16540678399997, 65.083403532000034 ], [ -155.160422783999962, 65.082889533000071 ], [ -155.157500782999961, 65.08288953400006 ], [ -155.154578784999984, 65.08288953400006 ], [ -155.153382033999975, 65.082793110000068 ], [ -155.151711783999957, 65.082658535000064 ], [ -155.150243994999983, 65.082573642000057 ], [ -155.150008670999966, 65.082560031000071 ], [ -155.149410487999972, 65.082525434000047 ], [ -155.148789784999963, 65.082489534000047 ], [ -155.148665419999958, 65.082468947000052 ], [ -155.146949706999976, 65.082184934000054 ], [ -155.143920784999978, 65.081683536000071 ], [ -155.142240816999958, 65.081601384000066 ], [ -155.13927878399997, 65.081456536000076 ], [ -155.137415737999959, 65.081663468000045 ], [ -155.133916302999978, 65.082052158000067 ], [ -155.133606785999973, 65.082086537000066 ], [ -155.129108133999978, 65.082884032000038 ], [ -155.128106787999968, 65.083061545000078 ], [ -155.128106595999981, 65.083061583000074 ], [ -155.123064787999965, 65.084092539000039 ], [ -155.121721787999974, 65.084678034000035 ], [ -155.118598790999982, 65.086039539000069 ], [ -155.117795790999963, 65.08781754000006 ], [ -155.117967792999963, 65.089994540000077 ], [ -155.117967691999979, 65.08999463300006 ], [ -155.11720483299996, 65.090697248000083 ], [ -155.11578984999997, 65.092000488000053 ], [ -155.115789794999984, 65.092000539000082 ], [ -155.115463447999957, 65.092033468000068 ], [ -155.11434206499996, 65.092146616000036 ], [ -155.111839835999973, 65.092399090000072 ], [ -155.110120796999979, 65.092572540000049 ], [ -155.108818665999962, 65.092428168000083 ], [ -155.106720116999981, 65.092195494000066 ], [ -155.104962141999977, 65.092000584000061 ], [ -155.104961795999969, 65.092000546000065 ], [ -155.10037879799998, 65.092858543000034 ], [ -155.10005862899996, 65.094419372000061 ], [ -155.099978798999985, 65.094808542000067 ], [ -155.099978873999959, 65.094808613000055 ], [ -155.100901542999964, 65.095677465000051 ], [ -155.101984801999976, 65.096697541000083 ], [ -155.103732328999968, 65.097584570000038 ], [ -155.105597664999976, 65.098531397000045 ], [ -155.105936777999972, 65.098703528000044 ], [ -155.105936803999981, 65.098703541000077 ], [ -155.105936748999966, 65.098703579000073 ], [ -155.105576869999965, 65.09895077200008 ], [ -155.105284771999976, 65.099151408000068 ], [ -155.103017804999979, 65.100708541000074 ], [ -155.09872080599996, 65.101683543000036 ], [ -155.096879026999972, 65.102582756000061 ], [ -155.093792807999961, 65.104089542000054 ], [ -155.091176048999984, 65.10510279600004 ], [ -155.090215303999969, 65.105474813000058 ], [ -155.089867975999965, 65.105609304000041 ], [ -155.089209172999972, 65.105864404000044 ], [ -155.089209020999959, 65.105864463000046 ], [ -155.089208810999963, 65.105864544000042 ], [ -155.088532500999975, 65.106024964000028 ], [ -155.084853811999977, 65.106897543000059 ], [ -155.081989132999979, 65.106656460000067 ], [ -155.080100811999984, 65.106497544000035 ], [ -155.074942811999961, 65.105180545000053 ], [ -155.074878437999985, 65.104841587000067 ], [ -155.074680146999981, 65.103797499000052 ], [ -155.074624621999959, 65.103505134000045 ], [ -155.074539827999985, 65.103058650000037 ], [ -155.074539807999969, 65.103058546000057 ], [ -155.073223814999977, 65.101283555000066 ], [ -155.068350807999963, 65.101283547000037 ], [ -155.06687211199997, 65.101776977000043 ], [ -155.066110257999981, 65.102031203000081 ], [ -155.064604384999967, 65.102533702000073 ], [ -155.063711810999962, 65.10283154800004 ], [ -155.062677865999973, 65.104262685000037 ], [ -155.062222890999976, 65.104892440000071 ], [ -155.062222811999959, 65.104892549000056 ], [ -155.063139813999982, 65.106611548000046 ], [ -155.063807214999969, 65.107345688000066 ], [ -155.064859815999966, 65.108503548000044 ], [ -155.065487787999984, 65.109196547000067 ], [ -155.066520816999969, 65.110336547000031 ], [ -155.067283384999968, 65.110712489000036 ], [ -155.067740550999957, 65.110937870000043 ], [ -155.070589698999981, 65.112342486000045 ], [ -155.070589818999963, 65.112342545000047 ], [ -155.069431708999957, 65.113819991000071 ], [ -155.068928866999983, 65.114461488000074 ], [ -155.068928819999968, 65.114461547000076 ], [ -155.066103505999962, 65.115361594000035 ], [ -155.06371482199998, 65.116122546000042 ], [ -155.061928871999982, 65.116514345000041 ], [ -155.060384023999973, 65.116853251000066 ], [ -155.059534821999961, 65.117039547000047 ], [ -155.058654966999967, 65.117447045000063 ], [ -155.055695823999969, 65.118817548000038 ], [ -155.055695955999965, 65.118817775000082 ], [ -155.055928954999985, 65.119216950000066 ], [ -155.056898824999962, 65.120878539000046 ], [ -155.058115178999969, 65.121516110000073 ], [ -155.060395828999958, 65.122711547000051 ], [ -155.061855987999962, 65.123676329000034 ], [ -155.06200802799998, 65.123776787000054 ], [ -155.063431830999974, 65.124717546000056 ], [ -155.065394362999967, 65.126494025000056 ], [ -155.065836830999984, 65.126894546000074 ], [ -155.06583691199998, 65.12689466900008 ], [ -155.066930850999967, 65.128558250000083 ], [ -155.067042734999973, 65.128728394000063 ], [ -155.067042833999977, 65.128728545000058 ], [ -155.066756836999957, 65.130617545000064 ], [ -155.066629909999961, 65.131972413000028 ], [ -155.066584836999965, 65.132453545000033 ], [ -155.066723442999972, 65.132859301000053 ], [ -155.067035436999959, 65.133772632000046 ], [ -155.067328840999977, 65.134631544000058 ], [ -155.069212015999966, 65.136567833000072 ], [ -155.069278833999959, 65.13663654700008 ], [ -155.067681171999965, 65.137296508000077 ], [ -155.066269617999978, 65.137879592000047 ], [ -155.064981843999959, 65.138411545000054 ], [ -155.064981711999962, 65.138411571000063 ], [ -155.064981653999979, 65.138411589000043 ], [ -155.060111844999966, 65.139386545000036 ], [ -155.060111838999973, 65.139386573000081 ], [ -155.059979065999983, 65.14005243400004 ], [ -155.059711845999971, 65.141392546000077 ], [ -155.064009405999968, 65.142653415000041 ], [ -155.064009848999973, 65.14265354500003 ], [ -155.063606850999975, 65.144714545000056 ], [ -155.060863689999962, 65.146691459000067 ], [ -155.060742850999958, 65.146778544000028 ], [ -155.060742743999981, 65.146778583000071 ], [ -155.057992852999973, 65.147750545000065 ], [ -155.056032994999981, 65.14846037500007 ], [ -155.055783684999966, 65.148550671000066 ], [ -155.055300857999981, 65.148725543000069 ], [ -155.052320853999959, 65.149411546000067 ], [ -155.052191379999982, 65.149445316000083 ], [ -155.052019189999982, 65.149490227000058 ], [ -155.049456856999967, 65.150158546000057 ], [ -155.048429585999969, 65.15035197800006 ], [ -155.044587222999979, 65.151075483000056 ], [ -155.044586858999963, 65.151075549000041 ], [ -155.041664857999962, 65.151592548000053 ], [ -155.040217418999958, 65.151915749000068 ], [ -155.039609558999985, 65.152051478000033 ], [ -155.038856859999981, 65.152219549000051 ], [ -155.036033740999983, 65.153151378000075 ], [ -155.033645861999958, 65.153939548000039 ], [ -155.03331096399998, 65.154035284000031 ], [ -155.030836860999983, 65.154742550000037 ], [ -155.029822114999973, 65.15503848700007 ], [ -155.02808686299997, 65.155544549000069 ], [ -155.026557010999966, 65.155971218000047 ], [ -155.025613752999959, 65.156234288000064 ], [ -155.024668333999983, 65.156497961000071 ], [ -155.023561863999959, 65.156806550000056 ], [ -155.022198398999961, 65.157519434000051 ], [ -155.020209114999972, 65.158559525000044 ], [ -155.019950865999959, 65.158694550000064 ], [ -155.019950528999971, 65.15869463000007 ], [ -155.019343197999973, 65.158839552000074 ], [ -155.01729471699997, 65.159328362000053 ], [ -155.016555357999977, 65.159504788000049 ], [ -155.015139867999977, 65.159842552000043 ], [ -155.011334031999979, 65.159938371000067 ], [ -155.010611867999984, 65.159956553000029 ], [ -155.006314866999958, 65.159614554000029 ], [ -155.00155986599998, 65.158581554000079 ], [ -154.998690826999962, 65.158199061000062 ], [ -154.997261865999974, 65.158008555000038 ], [ -154.995836717999964, 65.158102873000075 ], [ -154.994737637999975, 65.158175611000047 ], [ -154.992959833999976, 65.158293267000033 ], [ -154.992048943999976, 65.158353550000072 ], [ -154.992048866999966, 65.158353555000076 ], [ -154.987940738999981, 65.159643706000054 ], [ -154.987759017999963, 65.159700775000033 ], [ -154.987122868999961, 65.159900557000071 ], [ -154.982539872999979, 65.162019558000054 ], [ -154.980335117999971, 65.16330199500004 ], [ -154.979802373999973, 65.163611875000072 ], [ -154.979720900999979, 65.163659265000035 ], [ -154.97938687499996, 65.163853558000028 ], [ -154.97849408999997, 65.164236466000034 ], [ -154.977712228999962, 65.164571800000033 ], [ -154.975378917999961, 65.165572540000028 ], [ -154.975378874999961, 65.165572558000065 ], [ -154.975057017999973, 65.165484268000057 ], [ -154.973056294999964, 65.164935444000037 ], [ -154.970792875999962, 65.164314558000058 ], [ -154.969715348999983, 65.163345606000064 ], [ -154.968559871999958, 65.162306559000058 ], [ -154.968559718999984, 65.162306285000057 ], [ -154.967470870999961, 65.160358559000031 ], [ -154.965870314999961, 65.15880949600006 ], [ -154.965732547999977, 65.158676161000074 ], [ -154.965637165999965, 65.158583848000035 ], [ -154.965636868999979, 65.158583560000068 ], [ -154.96563662799997, 65.158583610000051 ], [ -154.962659624999958, 65.159202217000029 ], [ -154.961223869999969, 65.159500560000083 ], [ -154.960368753999973, 65.160751364000078 ], [ -154.959734873999963, 65.161678561000031 ], [ -154.959444942999966, 65.162546837000036 ], [ -154.959347638999958, 65.162838239000052 ], [ -154.95916187399996, 65.163394561000075 ], [ -154.95967887599997, 65.165286560000084 ], [ -154.959678904999976, 65.165286613000035 ], [ -154.960595877999964, 65.16711956100005 ], [ -154.960998880999966, 65.169353560000047 ], [ -154.959792946999983, 65.170710731000042 ], [ -154.959164882999971, 65.171417561000055 ], [ -154.955349936999966, 65.172124159000077 ], [ -154.953603883999961, 65.17244756100007 ], [ -154.952084136999957, 65.172591511000064 ], [ -154.94873688399997, 65.172908563000078 ], [ -154.944095885999957, 65.173708563000048 ], [ -154.940108209999977, 65.175051807000045 ], [ -154.939164886999976, 65.17536956400005 ], [ -154.93504288799997, 65.177261564000048 ], [ -154.931554852999966, 65.178638991000071 ], [ -154.930689989999962, 65.178980526000032 ], [ -154.930689890999957, 65.178980565000074 ], [ -154.928053893999959, 65.18075856400003 ], [ -154.923184894999963, 65.182247565000068 ], [ -154.922635053999983, 65.18228651700008 ], [ -154.921929870999975, 65.182336473000078 ], [ -154.921021512999971, 65.18240082300008 ], [ -154.91831489599997, 65.182592566000039 ], [ -154.914435795999964, 65.182381182000029 ], [ -154.914432136999977, 65.182380980000062 ], [ -154.914075895999957, 65.182361567000044 ], [ -154.911797938999968, 65.182225139000082 ], [ -154.911153895999973, 65.182186567000031 ], [ -154.910821585999969, 65.182167347000075 ], [ -154.908231895999961, 65.182017568000049 ], [ -154.906185944999976, 65.181896252000058 ], [ -154.905766211999975, 65.181871364000074 ], [ -154.905364897999959, 65.18184756800008 ], [ -154.903602674999973, 65.181741737000038 ], [ -154.903451774999979, 65.181732675000035 ], [ -154.903259975999958, 65.181721157000084 ], [ -154.902500896999982, 65.181675570000039 ], [ -154.896829051999958, 65.18093159600005 ], [ -154.896828893999981, 65.180931574000056 ], [ -154.892245894999974, 65.180242571000065 ], [ -154.890714263999968, 65.180183294000074 ], [ -154.889986409999977, 65.180155124000066 ], [ -154.888571141999961, 65.180100350000032 ], [ -154.887775893999958, 65.180069572000036 ], [ -154.882734893999981, 65.179497573000049 ], [ -154.879687617999963, 65.178645045000053 ], [ -154.87843489399998, 65.178294574000063 ], [ -154.875014787999959, 65.177299910000045 ], [ -154.874341520999963, 65.17710410400008 ], [ -154.873909892999961, 65.176978574000032 ], [ -154.873909663999967, 65.176978345000066 ], [ -154.873131394999973, 65.176200077000033 ], [ -154.87207589199997, 65.175144575000047 ], [ -154.870848925999979, 65.174126204000061 ], [ -154.869381888999982, 65.172908576000054 ], [ -154.864453888999975, 65.172622576000037 ], [ -154.861213992999978, 65.172492891000047 ], [ -154.860227217999977, 65.172453392000079 ], [ -154.860156888999967, 65.172450577000063 ], [ -154.860120341999959, 65.172447849000037 ], [ -154.859803867999972, 65.172424229000057 ], [ -154.857936472999967, 65.172284853000065 ], [ -154.857061887999976, 65.172219577000078 ], [ -154.856552188999984, 65.172182847000045 ], [ -154.855612582999981, 65.172115136000059 ], [ -154.854701984999963, 65.172049515000083 ], [ -154.85391188899996, 65.171992578000072 ], [ -154.850740118999965, 65.172114652000062 ], [ -154.849442889999978, 65.172164579000082 ], [ -154.847167970999976, 65.172389032000069 ], [ -154.844800890999977, 65.172622579000063 ], [ -154.84182300599997, 65.174514508000073 ], [ -154.841822891999982, 65.17451458000005 ], [ -154.841650894999958, 65.176347581000073 ], [ -154.841904656999958, 65.176601582000046 ], [ -154.842351320999967, 65.177048666000076 ], [ -154.84377067899996, 65.178469361000055 ], [ -154.843770897999974, 65.178469580000069 ], [ -154.845877180999963, 65.179632595000044 ], [ -154.846981898999957, 65.180242579000037 ], [ -154.849163645999965, 65.181067992000067 ], [ -154.850237519999979, 65.181474267000056 ], [ -154.851678898999978, 65.182019579000041 ], [ -154.853177103999968, 65.182334628000035 ], [ -154.856348473999958, 65.183001518000083 ], [ -154.857123898999959, 65.18316457700007 ], [ -154.859801018999974, 65.183643 ], [ -154.860768257999979, 65.183815853000056 ], [ -154.861303900999957, 65.18391157700006 ], [ -154.86218446899997, 65.184116439000036 ], [ -154.864174457999979, 65.184579405000079 ], [ -154.866461901999969, 65.185111575000064 ], [ -154.86617590299997, 65.187000576000059 ], [ -154.864781620999963, 65.187745600000028 ], [ -154.862739904999984, 65.188836575000039 ], [ -154.859968966999958, 65.190020528000048 ], [ -154.858442906999983, 65.190672576000054 ], [ -154.857480346999978, 65.190882231000046 ], [ -154.853456908999959, 65.19175857700003 ], [ -154.853456016999985, 65.191758659000072 ], [ -154.853455956999966, 65.19175866900008 ], [ -154.849040613999961, 65.19216528000004 ], [ -154.847842908999979, 65.192275578000078 ], [ -154.847842771999979, 65.192275552000069 ], [ -154.847295766999963, 65.192172532000029 ], [ -154.84595201999997, 65.191919458000029 ], [ -154.842973907999976, 65.191358578000063 ], [ -154.842973527999959, 65.191358199000035 ], [ -154.842423885999978, 65.190808848000074 ], [ -154.84146937899996, 65.189854847000049 ], [ -154.841354833999958, 65.189740363000055 ], [ -154.84108190699996, 65.189467580000041 ], [ -154.84108198399997, 65.189467452000031 ], [ -154.842038833999965, 65.187887477000061 ], [ -154.842225904999964, 65.187578580000036 ], [ -154.83804290499998, 65.187000580000074 ], [ -154.837715422999963, 65.187114094000037 ], [ -154.836957841999975, 65.187376692000043 ], [ -154.834529011999962, 65.18821858900003 ], [ -154.833403906999962, 65.18860858000005 ], [ -154.833403998999984, 65.18860869100007 ], [ -154.833404090999977, 65.188608801000044 ], [ -154.834834907999976, 65.190328580000028 ], [ -154.834744515999972, 65.190923533000046 ], [ -154.834685452999963, 65.191312282000069 ], [ -154.834547965999974, 65.192217209000034 ], [ -154.834547934999961, 65.192217418000041 ], [ -154.834547909999969, 65.192217580000033 ], [ -154.831717721999979, 65.192363434000072 ], [ -154.831312831999981, 65.192384300000072 ], [ -154.831235061999962, 65.192388308000034 ], [ -154.830084910999972, 65.192447581000067 ], [ -154.826207975999978, 65.191095011000073 ], [ -154.825323907999973, 65.190786581000054 ], [ -154.82532352299998, 65.190786680000031 ], [ -154.821084911999975, 65.191875583000069 ], [ -154.82108507099997, 65.191875818000028 ], [ -154.821860778999962, 65.193020855000043 ], [ -154.822403910999981, 65.193822583000042 ], [ -154.823214912999958, 65.194030368000028 ], [ -154.823427269999968, 65.194084776000068 ], [ -154.826872913999978, 65.194967581000071 ], [ -154.826872940999976, 65.19496771300004 ], [ -154.82727291499998, 65.196917581000037 ], [ -154.82688385299997, 65.198339179000072 ], [ -154.826645916999979, 65.19920858100005 ], [ -154.826123834999976, 65.200506245000042 ], [ -154.825953918999971, 65.200928581000028 ], [ -154.82143192199996, 65.202989582000043 ], [ -154.818568448999969, 65.202620482000043 ], [ -154.816560217999978, 65.202361625000037 ], [ -154.816560150999976, 65.202361613000051 ], [ -154.816559920999964, 65.202361583000084 ], [ -154.815445902999983, 65.202090181000074 ], [ -154.812089918999959, 65.201272583000048 ], [ -154.809111918999974, 65.200583583000082 ], [ -154.806821717999981, 65.20003540600004 ], [ -154.806245918999963, 65.199897584000041 ], [ -154.80624566399996, 65.199897429000032 ], [ -154.805441664999961, 65.199409279000065 ], [ -154.80408556499998, 65.198585918000049 ], [ -154.802750917999958, 65.197775585000045 ], [ -154.800229406999961, 65.195601011000065 ], [ -154.800228913999973, 65.195600586000069 ], [ -154.799438031999983, 65.195381472000065 ], [ -154.795875914999982, 65.194394587000033 ], [ -154.795875404999975, 65.194394746000057 ], [ -154.793308483999965, 65.195193694000068 ], [ -154.791634958999964, 65.195714575000068 ], [ -154.791634915999964, 65.195714588000044 ], [ -154.791121670999985, 65.196892468000044 ], [ -154.790661916999966, 65.197947587000044 ], [ -154.789972918999979, 65.199953588000028 ], [ -154.789560869999974, 65.201837065000063 ], [ -154.789345922999985, 65.202819588000068 ], [ -154.790122800999967, 65.203817459000049 ], [ -154.79094892599997, 65.204878586000063 ], [ -154.79057914599997, 65.205688313000053 ], [ -154.790031926999973, 65.206886586000053 ], [ -154.78795987999996, 65.208057440000061 ], [ -154.786481928999962, 65.208892587000037 ], [ -154.783145953999963, 65.210669126000028 ], [ -154.783057476999971, 65.210716244000082 ], [ -154.783039929999973, 65.210725588000059 ], [ -154.782593959999957, 65.211012315000062 ], [ -154.780006932999981, 65.212675588000081 ], [ -154.779021165999978, 65.21339430300003 ], [ -154.777257405999961, 65.214680246000057 ], [ -154.777256934999969, 65.214680589000068 ], [ -154.776862449999982, 65.214839420000033 ], [ -154.77548695699997, 65.215393235000079 ], [ -154.772845936999971, 65.216456588000028 ], [ -154.770784938999981, 65.218233589000079 ], [ -154.772141354999974, 65.219736481000041 ], [ -154.772229038999967, 65.219833634000054 ], [ -154.772386793999971, 65.22000842500006 ], [ -154.772386941999969, 65.220008589000031 ], [ -154.772387232999961, 65.220008779000068 ], [ -154.773994288999972, 65.221058405000065 ], [ -154.775367942999964, 65.221955588000071 ], [ -154.776646889999967, 65.222557484000049 ], [ -154.778052224999982, 65.223218860000031 ], [ -154.779264942999959, 65.223789588000045 ], [ -154.780210335999982, 65.224247981000076 ], [ -154.780681872999963, 65.224476615000071 ], [ -154.783164944999982, 65.225680586000067 ], [ -154.783164789999972, 65.225680935000071 ], [ -154.782301065999974, 65.227628319000075 ], [ -154.782300947999971, 65.227628586000037 ], [ -154.78048446699998, 65.227819751000084 ], [ -154.77794894699997, 65.228086586000074 ], [ -154.776089263999978, 65.227989248000029 ], [ -154.773592949999966, 65.227858587000071 ], [ -154.769122947999961, 65.227458589000037 ], [ -154.769122848999984, 65.22745855200003 ], [ -154.767327927999958, 65.226790226000048 ], [ -154.76465394799996, 65.225794589000031 ], [ -154.762259418999975, 65.226016173000062 ], [ -154.760298947999985, 65.226197590000083 ], [ -154.760298794999983, 65.226197719000083 ], [ -154.758122949999972, 65.228031591000047 ], [ -154.756430212999959, 65.228998795000052 ], [ -154.754915178999966, 65.22986446200008 ], [ -154.754914952999968, 65.22986459100008 ], [ -154.758522951999964, 65.231753591000029 ], [ -154.759549193999959, 65.232186139000078 ], [ -154.762878953999973, 65.233589590000065 ], [ -154.763100801999968, 65.234019012000033 ], [ -154.763213913999977, 65.234237959000041 ], [ -154.763795954999978, 65.235364589000028 ], [ -154.762138210999979, 65.236240809000037 ], [ -154.759786958999968, 65.237483589000078 ], [ -154.759786196999983, 65.23748351100005 ], [ -154.758949963999981, 65.237397811000051 ], [ -154.756112136999974, 65.237106980000078 ], [ -154.755810554999982, 65.237076073000082 ], [ -154.755317957999978, 65.23702559000003 ], [ -154.750962277999975, 65.236739611000075 ], [ -154.750961959999984, 65.23673959000007 ], [ -154.749558536999984, 65.236492883000039 ], [ -154.747827721999982, 65.236188623000032 ], [ -154.746723957999961, 65.235994592000054 ], [ -154.744539916999969, 65.236442989000068 ], [ -154.743779254999964, 65.236599157000057 ], [ -154.74253995899997, 65.236853592000045 ], [ -154.739267204999976, 65.238693434000083 ], [ -154.738759959999982, 65.23897859200008 ], [ -154.738759959999982, 65.238978664000058 ], [ -154.738759962999978, 65.24092259300005 ], [ -154.740719701999978, 65.241991117000055 ], [ -154.742539963999974, 65.24298359200003 ], [ -154.745453766999958, 65.244015201000082 ], [ -154.747239966999985, 65.244647591000046 ], [ -154.747239963999959, 65.244647701000076 ], [ -154.74721524399996, 65.245551246000048 ], [ -154.747197736999965, 65.246191177000071 ], [ -154.747181967999978, 65.246767590000047 ], [ -154.746666436999959, 65.247312138000041 ], [ -154.745327371999963, 65.248726574000045 ], [ -154.745120971999967, 65.248944592000043 ], [ -154.741798006999971, 65.250950571000033 ], [ -154.741797971999972, 65.250950592000038 ], [ -154.742828973999963, 65.253242592000049 ], [ -154.742829687999972, 65.253242766000028 ], [ -154.744552789999972, 65.253662555000062 ], [ -154.747298571999977, 65.254331493000052 ], [ -154.74729883599997, 65.254331557000057 ], [ -154.747298974999978, 65.254331591000039 ], [ -154.747589467999973, 65.255330859000082 ], [ -154.747697345999967, 65.25570194800008 ], [ -154.747814864999981, 65.256106202000069 ], [ -154.74781497799998, 65.256106589000069 ], [ -154.745808944999965, 65.257020558000079 ], [ -154.743286978999976, 65.25816959000008 ], [ -154.743287555999984, 65.258169878000047 ], [ -154.745302862999978, 65.259177014000045 ], [ -154.74611369699997, 65.259582222000063 ], [ -154.747184980999975, 65.26011758900006 ], [ -154.751423629999977, 65.259086675000049 ], [ -154.751423980999959, 65.259086590000038 ], [ -154.751424321999963, 65.259086660000037 ], [ -154.753077891999965, 65.259425957000076 ], [ -154.755892909999972, 65.260003575000042 ], [ -154.75589297999997, 65.260003589000064 ], [ -154.755896089999965, 65.260123303000057 ], [ -154.755905473999974, 65.260484543000075 ], [ -154.755950983999981, 65.262236589000054 ], [ -154.754159275999967, 65.26349153600006 ], [ -154.75385241799998, 65.263706465000041 ], [ -154.753086985999971, 65.264242588000059 ], [ -154.74878998799997, 65.266017589000057 ], [ -154.748484666999957, 65.266195547000052 ], [ -154.745639988999983, 65.267853589000083 ], [ -154.742031991999966, 65.269914590000042 ], [ -154.740825743999977, 65.270376949000081 ], [ -154.740195263999965, 65.270618613000067 ], [ -154.739336993999984, 65.270947590000048 ], [ -154.73840795199996, 65.271310960000051 ], [ -154.737691878999982, 65.27159103300005 ], [ -154.737233145999966, 65.271770454000034 ], [ -154.73670099399996, 65.27197859100005 ], [ -154.734330679999971, 65.27289253500004 ], [ -154.734330261999958, 65.272892696000042 ], [ -154.732400996999985, 65.27363659100007 ], [ -154.727361997999964, 65.275186591000079 ], [ -154.726661157999985, 65.275953579000031 ], [ -154.726340634999957, 65.276304354000047 ], [ -154.725529265999967, 65.27719230200006 ], [ -154.725529, 65.277192593000052 ], [ -154.725529122999973, 65.277192647000049 ], [ -154.727217326999977, 65.277935582000055 ], [ -154.728619549999962, 65.278552664000074 ], [ -154.729149051999968, 65.27878568400007 ], [ -154.729826, 65.279083592000063 ], [ -154.730486691999971, 65.279206885000065 ], [ -154.731372857999958, 65.279372254000066 ], [ -154.735040002999966, 65.280056591000061 ], [ -154.735835754999982, 65.280215637000083 ], [ -154.739122621999968, 65.280872579000061 ], [ -154.739623002999963, 65.280972590000033 ], [ -154.743409816999957, 65.281520838000063 ], [ -154.744382001999981, 65.281661589000066 ], [ -154.749423003999965, 65.283208588000036 ], [ -154.749422906999968, 65.283208685000034 ], [ -154.747656541999959, 65.284973124000032 ], [ -154.747590005999967, 65.285039587000028 ], [ -154.743062590999983, 65.286417412000048 ], [ -154.743062007999981, 65.286417589000052 ], [ -154.74423911599996, 65.287592209000081 ], [ -154.744239368999985, 65.287592461000031 ], [ -154.744954009999958, 65.288305588000071 ], [ -154.74495453199998, 65.288305717000071 ], [ -154.745367916999982, 65.288407902000074 ], [ -154.747676075999976, 65.288978458000031 ], [ -154.749137010999959, 65.289339587000029 ], [ -154.751127829999973, 65.291002090000063 ], [ -154.752273877999983, 65.291959138000038 ], [ -154.753321014999983, 65.292833587000075 ], [ -154.753320704999965, 65.292833853000047 ], [ -154.752084254999971, 65.293842727000083 ], [ -154.750512016999977, 65.29512558600004 ], [ -154.749586454999957, 65.296684623000033 ], [ -154.749254017999959, 65.29724458700008 ], [ -154.749254083999972, 65.297244916000068 ], [ -154.749310238999982, 65.297526530000027 ], [ -154.74944961099996, 65.298225481000031 ], [ -154.74965401999998, 65.299250586000028 ], [ -154.749652404999978, 65.29931117700005 ], [ -154.749650838999969, 65.299369950000028 ], [ -154.749601748999964, 65.301212255000053 ], [ -154.749599021999984, 65.301314586000046 ], [ -154.745611233999966, 65.30292890100003 ], [ -154.745494850999961, 65.302976011000055 ], [ -154.745494419999972, 65.302976185000034 ], [ -154.74507102299998, 65.303147587000069 ], [ -154.74411768799996, 65.302457022000056 ], [ -154.742379021999966, 65.301197588000036 ], [ -154.74100402199997, 65.299480587000062 ], [ -154.739793008999982, 65.298456427000076 ], [ -154.739175155999959, 65.297933906000083 ], [ -154.738768019999981, 65.297589588000051 ], [ -154.735956002999984, 65.296997619000081 ], [ -154.735828843999968, 65.296970850000037 ], [ -154.734412016999983, 65.296672589000082 ], [ -154.729601019999961, 65.296958590000031 ], [ -154.728626019999979, 65.298908590000053 ], [ -154.728626313999968, 65.298908788000062 ], [ -154.73143502299996, 65.300797590000059 ], [ -154.731434948999976, 65.300797721000038 ], [ -154.730460022999978, 65.302519589000042 ], [ -154.73045975399998, 65.302519723000046 ], [ -154.729336137999979, 65.303081086000077 ], [ -154.726679025999971, 65.304408590000037 ], [ -154.726679064999985, 65.30440886000008 ], [ -154.726965027999967, 65.306242590000068 ], [ -154.727646942999968, 65.306991506000031 ], [ -154.728684586999975, 65.308131103000051 ], [ -154.728684960999971, 65.308131514000081 ], [ -154.72868502999998, 65.308131590000073 ], [ -154.728684960999971, 65.308131629000059 ], [ -154.72547603199996, 65.30996458900006 ], [ -154.724549460999981, 65.310113192000074 ], [ -154.72416653999997, 65.310174605000043 ], [ -154.720837032999981, 65.310708591000036 ], [ -154.720167070999963, 65.310725906000073 ], [ -154.717228076999959, 65.310801864000041 ], [ -154.716310032999985, 65.310825592000072 ], [ -154.710982073999958, 65.312314580000077 ], [ -154.710982034999972, 65.312314591000074 ], [ -154.713501036999958, 65.314092591000076 ], [ -154.717915036999983, 65.314892591000046 ], [ -154.72209876499997, 65.315639541000053 ], [ -154.72209889399997, 65.315639564000037 ], [ -154.722099037999982, 65.315639590000046 ], [ -154.723398762999977, 65.316279914000063 ], [ -154.724196254999981, 65.316672808000078 ], [ -154.726050962999977, 65.317586551000034 ], [ -154.726051038999969, 65.31758658800004 ], [ -154.726471481999965, 65.318380577000028 ], [ -154.726865549999957, 65.319124757000054 ], [ -154.727082039999971, 65.31953358800007 ], [ -154.727081848999973, 65.319533860000035 ], [ -154.725823041999973, 65.321311588000071 ], [ -154.724940807999957, 65.322580457000072 ], [ -154.724390045999968, 65.32337258900003 ], [ -154.724113100999972, 65.324205362000043 ], [ -154.72381804699998, 65.325092588000075 ], [ -154.722271047999982, 65.327039589000037 ], [ -154.721310892999981, 65.326802756000063 ], [ -154.719854381999966, 65.326443492000067 ], [ -154.717629948999985, 65.325894811000069 ], [ -154.717629048999981, 65.325894589000029 ], [ -154.717396482999959, 65.325442316000078 ], [ -154.716598045999973, 65.323889590000078 ], [ -154.716602655999964, 65.323857366000084 ], [ -154.716755298999971, 65.322790455000074 ], [ -154.71688504399998, 65.321883591000073 ], [ -154.714535041999966, 65.319878591000077 ], [ -154.714534937999957, 65.319878570000071 ], [ -154.714534808999957, 65.319878544000062 ], [ -154.709779042999969, 65.318903592000083 ], [ -154.708552527999984, 65.319023189000063 ], [ -154.705556672999961, 65.319315312000072 ], [ -154.705417863999969, 65.319328847000065 ], [ -154.705082042999976, 65.319361593000053 ], [ -154.705081851999978, 65.319361639000078 ], [ -154.702640031999977, 65.319893539000077 ], [ -154.700326042999961, 65.320397593000052 ], [ -154.697631297999976, 65.321938770000031 ], [ -154.696829044999959, 65.322397594000051 ], [ -154.695291180999959, 65.323762687000055 ], [ -154.695126784999957, 65.323908614000061 ], [ -154.694310400999967, 65.324633280000057 ], [ -154.694310046999959, 65.324633594000034 ], [ -154.694309890999961, 65.324633640000059 ], [ -154.693849237999984, 65.324770860000058 ], [ -154.693165876999984, 65.324974421000036 ], [ -154.689496048999985, 65.32606759500004 ], [ -154.688512102999965, 65.326775110000028 ], [ -154.687757584999957, 65.32731765300008 ], [ -154.687339841999972, 65.327618035000057 ], [ -154.686862051999981, 65.327961594000044 ], [ -154.686122033999965, 65.328990243000078 ], [ -154.685732803999969, 65.329531286000076 ], [ -154.685257060999959, 65.330192584000031 ], [ -154.685681934999963, 65.330965544000037 ], [ -154.686579055999971, 65.332597595000038 ], [ -154.687191270999961, 65.333033423000074 ], [ -154.687619961999957, 65.333338602000083 ], [ -154.689557058999981, 65.33471759300005 ], [ -154.689824096999985, 65.334968798000034 ], [ -154.690016040999978, 65.335149362000038 ], [ -154.691446059999976, 65.336494594000044 ], [ -154.693396060999959, 65.338844593000033 ], [ -154.693796064999958, 65.340847593000035 ], [ -154.692806372999968, 65.342724926000074 ], [ -154.692768067999964, 65.342797594000047 ], [ -154.690735322999984, 65.344734200000062 ], [ -154.690468977999984, 65.344987944000081 ], [ -154.690421065999971, 65.345033589000082 ], [ -154.688182069999982, 65.346808593000048 ], [ -154.68818213199998, 65.34680866900004 ], [ -154.688689237999967, 65.347432432000062 ], [ -154.689673071999977, 65.348642592000033 ], [ -154.688284648999968, 65.350114720000079 ], [ -154.687946137999973, 65.350473639000029 ], [ -154.687782074999973, 65.350647593000076 ], [ -154.687782024999962, 65.350647605000063 ], [ -154.686761815999972, 65.350899089000052 ], [ -154.686509848999975, 65.350961199000039 ], [ -154.683137074999962, 65.351792594000074 ], [ -154.67781207699997, 65.35185059500003 ], [ -154.672771075999975, 65.350992595000037 ], [ -154.670519988999985, 65.350906589000033 ], [ -154.669575143999964, 65.350870490000034 ], [ -154.668243075999982, 65.350819597000054 ], [ -154.666469008999968, 65.350788101000035 ], [ -154.664976075999959, 65.35076159700003 ], [ -154.661826074999965, 65.350761598000076 ], [ -154.659459273999971, 65.351195453000059 ], [ -154.657129075999961, 65.351622598000063 ], [ -154.656908852999976, 65.351913362000062 ], [ -154.656750986999981, 65.352121795000073 ], [ -154.655696078999966, 65.35351459900005 ], [ -154.656088766999972, 65.354074636000064 ], [ -154.656150713999978, 65.354162982000048 ], [ -154.657301079999968, 65.355803597000033 ], [ -154.661654080999966, 65.356778596000083 ], [ -154.665895819999974, 65.357350562000079 ], [ -154.665896080999971, 65.35735059700005 ], [ -154.665896516999965, 65.357350885000074 ], [ -154.666061672999973, 65.357460006000053 ], [ -154.66645472899998, 65.357719705000079 ], [ -154.668587083999967, 65.359128595000072 ], [ -154.667190355999963, 65.360336809000046 ], [ -154.666468081999966, 65.360961591000034 ], [ -154.66646800999996, 65.360961650000036 ], [ -154.664127242999967, 65.362789790000079 ], [ -154.664121266999985, 65.362794458000053 ], [ -154.664121088999963, 65.362794596000072 ], [ -154.664121113999983, 65.362794723000036 ], [ -154.664521088999976, 65.364800596000066 ], [ -154.66263509099997, 65.366806595000071 ], [ -154.662105448999966, 65.367205910000052 ], [ -154.660991759999973, 65.368045556000084 ], [ -154.660282094999957, 65.368580597000062 ], [ -154.660282059999957, 65.368580975000043 ], [ -154.660110120999974, 65.370414316000051 ], [ -154.660110094999965, 65.370414593000078 ], [ -154.662309893999975, 65.371318600000052 ], [ -154.664293096999984, 65.372133596000083 ], [ -154.666700016999982, 65.373603393000053 ], [ -154.667673098999984, 65.374197595000055 ], [ -154.666804775999964, 65.375806728000043 ], [ -154.666529099999963, 65.376317595000046 ], [ -154.663842692999964, 65.376282591000063 ], [ -154.662001099999969, 65.376258596000071 ], [ -154.66200053999998, 65.376258434000079 ], [ -154.660420252999984, 65.375801464000062 ], [ -154.657246098999963, 65.374883596000075 ], [ -154.654492479999959, 65.37453135700008 ], [ -154.653959393999969, 65.374463166000055 ], [ -154.652321100999984, 65.374253598000053 ], [ -154.650653446999968, 65.373992534000081 ], [ -154.649824801999983, 65.373862814000063 ], [ -154.649265480999958, 65.373775255000055 ], [ -154.647562099999959, 65.373508598000058 ], [ -154.645571140999976, 65.373666322000076 ], [ -154.645377637999957, 65.373681651000084 ], [ -154.643207099999984, 65.373853599000029 ], [ -154.642937576999969, 65.374140198000077 ], [ -154.641928818999958, 65.375212866000084 ], [ -154.64137610299997, 65.375800598000069 ], [ -154.641376156999968, 65.375800664000053 ], [ -154.643496103999979, 65.377806599000053 ], [ -154.645098106999967, 65.379697598000064 ], [ -154.643723106999971, 65.381761598000082 ], [ -154.641987308999973, 65.382758378000062 ], [ -154.641108302999982, 65.383263146000047 ], [ -154.640632109999984, 65.383536599000081 ], [ -154.637755625999972, 65.384879449000039 ], [ -154.636335111999983, 65.385542598000029 ], [ -154.632779905999968, 65.386768066000059 ], [ -154.631671790999974, 65.387150029000054 ], [ -154.63134811499998, 65.387261599000055 ], [ -154.630358339999958, 65.387528607000036 ], [ -154.626251115999963, 65.388636600000041 ], [ -154.624930550999977, 65.388900656000033 ], [ -154.62274733199996, 65.38933720600005 ], [ -154.621665117999981, 65.389553602000035 ], [ -154.619610578999982, 65.389973312000052 ], [ -154.618418136999964, 65.39021690900006 ], [ -154.616623118999968, 65.390583602000049 ], [ -154.617278650999964, 65.391281364000065 ], [ -154.618346120999973, 65.39241760200008 ], [ -154.623443118999973, 65.392589601000054 ], [ -154.626282019999962, 65.392619846000059 ], [ -154.628887119999973, 65.392647600000032 ], [ -154.629659265999976, 65.392833493000069 ], [ -154.633643119999959, 65.393792599000051 ], [ -154.634387122999982, 65.395797598000058 ], [ -154.630376236999979, 65.397975537000036 ], [ -154.630376193999979, 65.397975561000067 ], [ -154.63037612399998, 65.397975599000063 ], [ -154.629919419999965, 65.398031650000064 ], [ -154.624762243999982, 65.398664584000073 ], [ -154.624762124999961, 65.398664599000028 ], [ -154.624761469999982, 65.398665014000073 ], [ -154.624370702999983, 65.398912444000075 ], [ -154.621954126999981, 65.400442601000066 ], [ -154.620693129999978, 65.402217600000029 ], [ -154.620508647999969, 65.40255901200004 ], [ -154.620274737999978, 65.402991899000028 ], [ -154.619548131999977, 65.404336601000068 ], [ -154.617150262999957, 65.406353125000066 ], [ -154.616687134999978, 65.40674260000003 ], [ -154.612215132999978, 65.406514601000083 ], [ -154.611493600999978, 65.406247194000059 ], [ -154.610913955999962, 65.406032372000084 ], [ -154.607574132999957, 65.404794603000028 ], [ -154.60689436399997, 65.404357594000032 ], [ -154.605820137999984, 65.403666997000073 ], [ -154.605181060999968, 65.403256148000082 ], [ -154.60436513099998, 65.402731604000053 ], [ -154.601926730999963, 65.401879318000056 ], [ -154.599610129999974, 65.401069604000043 ], [ -154.59485412899997, 65.400783605000072 ], [ -154.591733502999972, 65.401997496000035 ], [ -154.590440276999971, 65.402500547000045 ], [ -154.59044013099998, 65.402500606000046 ], [ -154.58981213499996, 65.404392605000055 ], [ -154.59225379999998, 65.405714823000039 ], [ -154.592693860999958, 65.405953127000032 ], [ -154.593304134999983, 65.406283605000056 ], [ -154.593304109999963, 65.406283845000075 ], [ -154.593079135999972, 65.408405604000052 ], [ -154.591587139999973, 65.410467606000054 ], [ -154.593164153999965, 65.411487836000049 ], [ -154.594051607999972, 65.412061962000053 ], [ -154.594510141999962, 65.412358604000076 ], [ -154.59451063299997, 65.412358768000047 ], [ -154.594950682999979, 65.412505385000031 ], [ -154.598979141999962, 65.413847604000068 ], [ -154.598979057999969, 65.413847727000075 ], [ -154.598750536999972, 65.414180882000039 ], [ -154.598213554999973, 65.414963733000036 ], [ -154.59772114499998, 65.415681603000053 ], [ -154.594524235999984, 65.41662279600007 ], [ -154.59382323899996, 65.416829175000032 ], [ -154.593251565999964, 65.416997480000077 ], [ -154.593251144999982, 65.416997604000073 ], [ -154.592725421999972, 65.416965546000029 ], [ -154.590942859999984, 65.416856849000055 ], [ -154.589474357999961, 65.416767302000039 ], [ -154.588610145999979, 65.416714604000049 ], [ -154.586583339999976, 65.416784111000084 ], [ -154.585602051999984, 65.416817764000029 ], [ -154.583682146999962, 65.416883606000056 ], [ -154.58136015599996, 65.418246616000033 ], [ -154.580360192999962, 65.418833595000081 ], [ -154.580360152999958, 65.418833619000054 ], [ -154.580386517999983, 65.418922340000051 ], [ -154.580790090999983, 65.420280391000063 ], [ -154.58099015099998, 65.420953606000069 ], [ -154.580968496999958, 65.421617056000059 ], [ -154.580964639999962, 65.421735219000084 ], [ -154.580932151999974, 65.422730606000073 ], [ -154.580931976999977, 65.422730672000057 ], [ -154.576407443999983, 65.424447497000074 ], [ -154.57640715399998, 65.424447607000047 ], [ -154.574811549999964, 65.424182253000083 ], [ -154.57228239799997, 65.423761647000049 ], [ -154.572282152999975, 65.423761606000028 ], [ -154.572236646999983, 65.42363763600008 ], [ -154.572065923999958, 65.423172546000046 ], [ -154.571683108999963, 65.422129664000067 ], [ -154.571651151999959, 65.422042607000037 ], [ -154.571651177999968, 65.422042481000062 ], [ -154.571665178999979, 65.421974293000062 ], [ -154.572051149999965, 65.420094607000067 ], [ -154.57218153499997, 65.418979463000028 ], [ -154.572279130999959, 65.41814475700005 ], [ -154.572279147999978, 65.418144608000034 ], [ -154.572243053999983, 65.417974245000039 ], [ -154.572174810999968, 65.417652138000051 ], [ -154.571879146999976, 65.416256608000083 ], [ -154.56786864999998, 65.414250862000074 ], [ -154.567868143999959, 65.414250609000078 ], [ -154.565980002999964, 65.41376600500007 ], [ -154.563399143999959, 65.413103610000064 ], [ -154.562832364999963, 65.413010316000054 ], [ -154.561115290999965, 65.412727678000067 ], [ -154.558873142999971, 65.412358611000059 ], [ -154.554579374999975, 65.412762078000071 ], [ -154.553371142999964, 65.41287561200005 ], [ -154.55122559199998, 65.414337484000043 ], [ -154.550851522999977, 65.414592345000074 ], [ -154.550851143999978, 65.414592608000078 ], [ -154.548615898999969, 65.416146941000079 ], [ -154.54835634799997, 65.416327425000077 ], [ -154.548215232999979, 65.416425552000078 ], [ -154.548215146999979, 65.416425612000069 ], [ -154.543115315999984, 65.416542607000054 ], [ -154.54311514799997, 65.416542607000054 ], [ -154.538360148999971, 65.41642861400004 ], [ -154.534295437999958, 65.41734785500006 ], [ -154.534212609999969, 65.41736658700006 ], [ -154.534062150999972, 65.417400613000041 ], [ -154.533742356999966, 65.417934314000036 ], [ -154.533683913999965, 65.418031848000055 ], [ -154.532860152999973, 65.419406614000081 ], [ -154.533041571999973, 65.419920810000065 ], [ -154.533548153999959, 65.421356613000057 ], [ -154.533636230999974, 65.421620844000074 ], [ -154.533947971999964, 65.422556066000084 ], [ -154.534015647999979, 65.422759094000071 ], [ -154.534121153999962, 65.423075614000084 ], [ -154.530971156999982, 65.424964614000032 ], [ -154.526215157999957, 65.426453615000071 ], [ -154.525808984999969, 65.426825745000031 ], [ -154.524151161999981, 65.428344615000071 ], [ -154.524430892999959, 65.42923683600003 ], [ -154.524726161999979, 65.430178615000045 ], [ -154.526472834999964, 65.430675133000079 ], [ -154.527293558999958, 65.430908436000038 ], [ -154.528965162999981, 65.431383614000083 ], [ -154.533493164999982, 65.431669613000054 ], [ -154.538418165999957, 65.433044611000071 ], [ -154.541353147999985, 65.433997648000059 ], [ -154.543176165999967, 65.434589612000082 ], [ -154.544312136999963, 65.43508845000008 ], [ -154.547032314999967, 65.436282958000049 ], [ -154.547308337999965, 65.436404167000035 ], [ -154.547357167999962, 65.436425610000072 ], [ -154.547483294999978, 65.436493741000049 ], [ -154.548009309999969, 65.436777883000047 ], [ -154.548939501999968, 65.437280351000084 ], [ -154.55085416999998, 65.438314610000077 ], [ -154.551577535999968, 65.438957018000053 ], [ -154.551812052999963, 65.439165288000083 ], [ -154.552918170999959, 65.440147609000064 ], [ -154.553086248999961, 65.440600784000083 ], [ -154.553662171999974, 65.442153609000059 ], [ -154.554165696999974, 65.442797236000047 ], [ -154.554571819999978, 65.44331635900005 ], [ -154.555096173999971, 65.443986609000035 ], [ -154.55534198899997, 65.444601681000051 ], [ -154.555463125999978, 65.444904786000052 ], [ -154.556012176999957, 65.446278607000067 ], [ -154.555886443999981, 65.447312361000058 ], [ -154.555850903999982, 65.447604566000052 ], [ -154.555782177999959, 65.448169608000057 ], [ -154.555796505999979, 65.448305289000075 ], [ -154.555873060999971, 65.449030220000054 ], [ -154.556012179999982, 65.450347607000083 ], [ -154.556943111999971, 65.451497410000059 ], [ -154.557111947999971, 65.451705942000046 ], [ -154.557709376999981, 65.452443834000064 ], [ -154.557960183999967, 65.45275360800008 ], [ -154.558078756999976, 65.452944063000075 ], [ -154.558504110999962, 65.453627277000066 ], [ -154.559565185999958, 65.455331606000072 ], [ -154.561053973999975, 65.457164353000053 ], [ -154.561054187999957, 65.457164607000038 ], [ -154.56347552699998, 65.45868355600004 ], [ -149.762033840999976, 65.905286186000069 ], [ -149.762032925999961, 65.90528627100008 ], [ -149.762073815999969, 65.900862405000055 ], [ -149.760696811999964, 65.896337405000054 ], [ -149.75445180899996, 65.893184407000035 ], [ -149.747173805999978, 65.890779408000071 ], [ -149.73691880299998, 65.889231410000036 ], [ -149.734886703999962, 65.888833896000051 ], [ -149.729296801999965, 65.887740412000028 ], [ -149.720818800999979, 65.885909413000036 ], [ -149.717825547999979, 65.883854777000067 ], [ -149.716060797999972, 65.882643414000029 ], [ -149.715537849999976, 65.881630311000038 ], [ -149.714226794999973, 65.879090415000064 ], [ -149.717207789999975, 65.875768414000049 ], [ -149.719803958999961, 65.874361290000081 ], [ -149.722707786999962, 65.872787414000072 ], [ -149.729926784999975, 65.870268413000076 ], [ -149.737887780999984, 65.867287415000078 ], [ -149.741326777999973, 65.864251412000044 ], [ -149.741574616999969, 65.862404371000082 ], [ -149.741726773999972, 65.861270411000078 ], [ -149.738957553999967, 65.858162038000046 ], [ -149.738460769999961, 65.857604412000057 ], [ -149.731757766999976, 65.854048413000044 ], [ -149.727815842999973, 65.85232553600008 ], [ -149.724424764999981, 65.850843415000043 ], [ -149.715998762999959, 65.848837418000073 ], [ -149.715998329999962, 65.848837381000067 ], [ -149.707350095999971, 65.848093444000028 ], [ -149.707349760999961, 65.848093418000076 ], [ -149.698810760999976, 65.848379420000072 ], [ -149.696991681999975, 65.848729412000068 ], [ -149.691362762999972, 65.849812421000081 ], [ -149.683798764999977, 65.851015422000046 ], [ -149.683798632999981, 65.851015428000039 ], [ -149.680519498999956, 65.851155617000074 ], [ -149.673085765999957, 65.851473424000062 ], [ -149.667311456999983, 65.851183189000039 ], [ -149.66397376599997, 65.85101542600006 ], [ -149.654407761999977, 65.848668427000064 ], [ -149.648790759999969, 65.845229429000028 ], [ -149.64725014299998, 65.843375612000045 ], [ -149.645696755999978, 65.841506429000049 ], [ -149.644621455999982, 65.840492405000077 ], [ -149.642660751999983, 65.838643430000047 ], [ -149.638818749999956, 65.835032431000059 ], [ -149.632860744999959, 65.831995432000042 ], [ -149.624493743999977, 65.829762433000042 ], [ -149.616071742999964, 65.827584435000063 ], [ -149.612468738999979, 65.826880440000082 ], [ -149.60873774099997, 65.826151437000078 ], [ -149.604625107999965, 65.82549726600007 ], [ -149.601174738999958, 65.824948437000046 ], [ -149.593554736999977, 65.823287440000058 ], [ -149.584501735999964, 65.822084441000072 ], [ -149.574990734999972, 65.821857443000056 ], [ -149.567140737999978, 65.822540444000083 ], [ -149.558260738999962, 65.823859446000029 ], [ -149.550523738999971, 65.824893447000079 ], [ -149.542046740999979, 65.825751449000052 ], [ -149.537882300999968, 65.825956241000029 ], [ -149.533851740999978, 65.826154450000047 ], [ -149.529855272999981, 65.827008768000042 ], [ -149.524743743999977, 65.828101451000066 ], [ -149.52016936299998, 65.830160106000051 ], [ -149.51723774499996, 65.831479452000053 ], [ -149.510074747999965, 65.832457454000064 ], [ -149.504975954999964, 65.830238874000031 ], [ -149.50348574399996, 65.829590455000073 ], [ -149.500078783999982, 65.828030862000048 ], [ -149.495979740999957, 65.82615445700003 ], [ -149.488473738999971, 65.823001458000078 ], [ -149.48385554799998, 65.820284990000061 ], [ -149.483604728999978, 65.820137466000062 ], [ -149.476612731999978, 65.816298462000077 ], [ -149.46985172899997, 65.813262461000079 ], [ -149.462060725999976, 65.810226464000039 ], [ -149.458323773999979, 65.809034303000033 ], [ -149.453979722999975, 65.807648465000057 ], [ -149.448651933999969, 65.805950850000045 ], [ -149.446247238999973, 65.805184632000078 ], [ -149.446246720999966, 65.805184467000061 ], [ -149.443782715999959, 65.801862467000035 ], [ -149.443783126999961, 65.801862283000048 ], [ -149.450712712999973, 65.79876846600007 ], [ -149.451303390999982, 65.798405882000054 ], [ -149.455754710999969, 65.795673467000029 ], [ -149.456729706999965, 65.792579466000063 ], [ -149.455925563999983, 65.791507397000032 ], [ -149.454493702999969, 65.789598466000029 ], [ -149.450426700999969, 65.785990467000033 ], [ -149.450426481999983, 65.785990327000036 ], [ -149.450119008999962, 65.785794010000075 ], [ -149.445671697999984, 65.782954468000071 ], [ -149.442329863999959, 65.783688506000033 ], [ -149.43759069799998, 65.784729470000059 ], [ -149.430601700999972, 65.786276470000075 ], [ -149.424786385999965, 65.788017470000057 ], [ -149.423326703999976, 65.788454472000069 ], [ -149.42211208599997, 65.788571746000059 ], [ -149.41622170399998, 65.789140474000078 ], [ -149.406823699999961, 65.786104475000059 ], [ -149.400004696999957, 65.782437476000041 ], [ -149.398768519999976, 65.781701578000082 ], [ -149.395193693999971, 65.779573477000042 ], [ -149.38762969299998, 65.778257479000047 ], [ -149.379665690999957, 65.777454480000074 ], [ -149.375254687999984, 65.774245481000037 ], [ -149.378349685999979, 65.771209482000074 ], [ -149.384076681999971, 65.768001480000066 ], [ -149.391982678999966, 65.764790479000055 ], [ -149.39198260699996, 65.764790320000031 ], [ -149.390607675999973, 65.761754479000047 ], [ -149.382415671999979, 65.758487481000031 ], [ -149.37564980199997, 65.75684233000004 ], [ -149.372043669999982, 65.755965483000068 ], [ -149.363163211999961, 65.752815678000047 ], [ -149.363162665999965, 65.752815484000052 ], [ -149.362866400999962, 65.751006895000046 ], [ -149.362646663999982, 65.749665485000037 ], [ -149.36556865999998, 65.746570485000063 ], [ -149.365568337999974, 65.74657015300005 ], [ -149.362071656999973, 65.742962486000067 ], [ -149.360185709999968, 65.743051145000038 ], [ -149.35479665699998, 65.743304487000046 ], [ -149.347633311999971, 65.744051420000062 ], [ -149.347632656999963, 65.744051488000082 ], [ -149.344080168999966, 65.743539030000079 ], [ -149.340471656999966, 65.743018490000054 ], [ -149.331932653999957, 65.74112948800007 ], [ -149.331932618999957, 65.741129478000062 ], [ -149.323221651999972, 65.738093493000065 ], [ -149.314512648999965, 65.735343495000052 ], [ -149.314512564999973, 65.735343497000031 ], [ -149.305115649999976, 65.735570496000037 ], [ -149.297782650999977, 65.735859498000082 ], [ -149.296386792999982, 65.734382993000054 ], [ -149.294857646999958, 65.732765498000049 ], [ -149.297207642999979, 65.729154498000071 ], [ -149.300701638999982, 65.726004498000066 ], [ -149.301558812999957, 65.724477137000065 ], [ -149.302310635999959, 65.723137497000039 ], [ -149.300929633999971, 65.719987497000034 ], [ -149.29906104799997, 65.718282547000058 ], [ -149.297035629999982, 65.716434499000059 ], [ -149.288840627999974, 65.715287500000045 ], [ -149.279385628999961, 65.715290502000073 ], [ -149.270390626999983, 65.714487504000033 ], [ -149.268428466999978, 65.71441503300008 ], [ -149.259560626999956, 65.714087505000066 ], [ -149.252454626999963, 65.714201507000041 ], [ -149.244551625999975, 65.713056508000079 ], [ -149.23618262399998, 65.711795510000059 ], [ -149.235366359999972, 65.711920601000031 ], [ -149.228332626999958, 65.712998510000034 ], [ -149.224151628999977, 65.716093512000043 ], [ -149.215096628999959, 65.715634513000055 ], [ -149.207993627999969, 65.71448751500003 ], [ -149.204925168999978, 65.713678852000044 ], [ -149.199740625999965, 65.712312515000065 ], [ -149.192348624999966, 65.711051518000033 ], [ -149.191475834999977, 65.710742038000035 ], [ -149.184271622999972, 65.708187519000035 ], [ -149.178312619999957, 65.705093519000059 ], [ -149.174544861999976, 65.704152244000056 ], [ -149.171207617999983, 65.703318522000075 ], [ -149.167478262999964, 65.702404235000074 ], [ -149.162323613999973, 65.701140523000049 ], [ -149.154828103999961, 65.699431254000046 ], [ -149.153785613999958, 65.699193525000055 ], [ -149.146682612999967, 65.697532526000032 ], [ -149.143345547999957, 65.696859103000065 ], [ -149.139576609999978, 65.696098527000061 ], [ -149.135302225999965, 65.694810505000078 ], [ -149.130065607999967, 65.693232529000056 ], [ -149.125301174999976, 65.692199195000057 ], [ -149.122674605999975, 65.691629531000046 ], [ -149.113621604999963, 65.690482533000079 ], [ -149.110445819999967, 65.689860562000035 ], [ -149.104854602999978, 65.688765534000083 ], [ -149.097004598999973, 65.686129535000077 ], [ -149.092768192999984, 65.68407364400008 ], [ -149.09098825099997, 65.68320985400004 ], [ -149.09098759699998, 65.683209537000039 ], [ -149.089428759999976, 65.680952556000079 ], [ -149.088810593999966, 65.680057538000028 ], [ -149.092762589999978, 65.676904537000041 ], [ -149.095888776999971, 65.674444232000042 ], [ -149.096546586999978, 65.673926536000067 ], [ -149.097175887999981, 65.673317587000042 ], [ -149.10004058399997, 65.670545535000031 ], [ -149.102446579999963, 65.667451536000044 ], [ -149.09881561399996, 65.664826035000033 ], [ -149.09769057799997, 65.664012537000076 ], [ -149.096473381999971, 65.663415445000055 ], [ -149.091501574999967, 65.660976539000046 ], [ -149.088324416999967, 65.659570579000047 ], [ -149.085029572999957, 65.658112541000037 ], [ -149.079996505999958, 65.655667680000079 ], [ -149.078779568999977, 65.655076541000028 ], [ -149.077891111999975, 65.654462507000062 ], [ -149.073968565999962, 65.651751542000056 ], [ -149.069967297999966, 65.649628246000077 ], [ -149.067493560999964, 65.64831554400007 ], [ -149.065199558999979, 65.645334544000036 ], [ -149.062598210999965, 65.641581030000054 ], [ -149.062221552999972, 65.641037545000074 ], [ -149.062276549999979, 65.637829545000045 ], [ -149.062276947999976, 65.637829439000029 ], [ -149.069382549999972, 65.635937544000058 ], [ -149.076543548999979, 65.635709543000075 ], [ -149.084851548999978, 65.635879541000065 ], [ -149.093218547999982, 65.634448540000051 ], [ -149.097594843999957, 65.633297440000035 ], [ -149.101065541999958, 65.632384536000075 ], [ -149.108057541999983, 65.629634538000062 ], [ -149.10267153999996, 65.626656538000077 ], [ -149.095048535999979, 65.623790540000073 ], [ -149.090997884999979, 65.622860222000043 ], [ -149.08782953399998, 65.622132542000031 ], [ -149.084242599999982, 65.619868169000029 ], [ -149.08301553299998, 65.61909354200003 ], [ -149.082886082999977, 65.618918740000083 ], [ -149.080723527999965, 65.615998543000046 ], [ -149.078881093999968, 65.612929448000045 ], [ -149.078832525999957, 65.61284854400003 ], [ -149.078714532999982, 65.612632852000047 ], [ -149.076826521999976, 65.609181545000069 ], [ -149.076169039999968, 65.607468002000076 ], [ -149.07522151699996, 65.604998545000058 ], [ -149.074232829999971, 65.602904950000038 ], [ -149.073273511999957, 65.60087354500007 ], [ -149.072071509999972, 65.597837546000051 ], [ -149.074190505999979, 65.59479854600005 ], [ -149.074812588999976, 65.594448775000046 ], [ -149.080607502999982, 65.591190545000075 ], [ -149.08266021999998, 65.58909665200008 ], [ -149.083698498999979, 65.588037545000077 ], [ -149.084048906999982, 65.587074684000072 ], [ -149.085074495999976, 65.584256545000073 ], [ -149.080318490999957, 65.580473546000064 ], [ -149.076453376999979, 65.57888583700003 ], [ -149.073212488999957, 65.577554547000034 ], [ -149.065421486999981, 65.574001549000059 ], [ -149.05814365699996, 65.572051593000083 ], [ -149.05814348399997, 65.572051550000083 ], [ -149.056006664999984, 65.572052385000063 ], [ -149.050465483999972, 65.572054552000054 ], [ -149.048089031999979, 65.572082699000077 ], [ -149.040840483999972, 65.57216855300004 ], [ -149.032418484999965, 65.57297055500004 ], [ -149.026506331999968, 65.574069122000083 ], [ -149.023479485999957, 65.574631555000053 ], [ -149.015801485999958, 65.575087557000074 ], [ -149.008205555999979, 65.575820112000031 ], [ -149.005660487999961, 65.576065559000028 ], [ -148.996204489999968, 65.576637561000041 ], [ -148.992439451999957, 65.577039300000081 ], [ -148.98761048999998, 65.577554562000046 ], [ -148.978212489999976, 65.57652356300008 ], [ -148.975750691999963, 65.576311685000064 ], [ -148.968243487999956, 65.575665566000055 ], [ -148.963874429999976, 65.576369345000046 ], [ -148.959707489999971, 65.57704056700004 ], [ -148.954423624999976, 65.576734292000083 ], [ -148.948821487999965, 65.576409568000031 ], [ -148.940510485999965, 65.573145571000055 ], [ -148.938348131999959, 65.572093291000044 ], [ -148.934037482999969, 65.569995572000039 ], [ -148.929092131999965, 65.567945800000075 ], [ -148.926015478999972, 65.566670574000057 ], [ -148.921179937999966, 65.564673499000037 ], [ -148.91810747599996, 65.56340457500005 ], [ -148.916904473999978, 65.560365576000038 ], [ -148.91690454899998, 65.56036546100006 ], [ -148.918126548999965, 65.558507424000084 ], [ -148.919540322999978, 65.556357796000043 ], [ -148.91954046799998, 65.556357576000039 ], [ -148.918226721999957, 65.554499884000052 ], [ -148.917190465999965, 65.553034576000073 ], [ -148.909110462999962, 65.550459577000083 ], [ -148.903265459999972, 65.547190579000073 ], [ -148.897821456999964, 65.544040580000058 ], [ -148.895301512999964, 65.540715661000036 ], [ -148.895301451999984, 65.540715581000029 ], [ -148.893208280999971, 65.539871346000041 ], [ -148.887910447999957, 65.537734582000041 ], [ -148.880346447999983, 65.535615582000048 ], [ -148.880346302999982, 65.535615546000031 ], [ -148.87192144499997, 65.533726584000078 ], [ -148.864701441999983, 65.530632587000071 ], [ -148.860529678999967, 65.528463679000083 ], [ -148.858973439999971, 65.527654587000029 ], [ -148.855362437999958, 65.524326589000054 ], [ -148.850135547999969, 65.521612805000075 ], [ -148.849632432999982, 65.521351589000062 ], [ -148.844361239999984, 65.519515191000039 ], [ -148.840751429999983, 65.518257592000055 ], [ -148.839232547999984, 65.517545043000041 ], [ -148.833301426999981, 65.514762592000068 ], [ -148.831707926999968, 65.51451991600004 ], [ -148.823504424999982, 65.513270595000051 ], [ -148.816512424999956, 65.513557596000055 ], [ -148.808951426999982, 65.515562597000041 ], [ -148.80178813699996, 65.516137542000081 ], [ -148.801787428999972, 65.516137599000047 ], [ -148.798751814999974, 65.513270968000029 ], [ -148.79875142399996, 65.513270599000066 ], [ -148.79865317499997, 65.512371230000042 ], [ -148.798407421999968, 65.510121600000048 ], [ -148.795218209999973, 65.507096556000079 ], [ -148.795085418999975, 65.506970601000035 ], [ -148.791585459999965, 65.503473645000042 ], [ -148.791585415999975, 65.503473601000053 ], [ -148.790587740999968, 65.502951056000029 ], [ -148.784368410999974, 65.499693602000036 ], [ -148.776518411999973, 65.499407603000066 ], [ -148.773263348999961, 65.49994541600006 ], [ -148.76924341299997, 65.500609604000033 ], [ -148.76507520499996, 65.501144823000061 ], [ -148.760762414999959, 65.501698607000037 ], [ -148.755848224999966, 65.502528540000071 ], [ -148.751596415999984, 65.503246607000051 ], [ -148.744930618999973, 65.503568874000052 ], [ -148.743343416999977, 65.503645610000035 ], [ -148.734121415999965, 65.502845611000055 ], [ -148.728337479999965, 65.502475840000045 ], [ -148.726957414999958, 65.502387612000064 ], [ -148.726173787999983, 65.502346774000046 ], [ -148.719224413999967, 65.501984614000037 ], [ -148.714670594999973, 65.501952713000037 ], [ -148.711373414999969, 65.501929615000051 ], [ -148.703810411999967, 65.501184617000035 ], [ -148.696648410999984, 65.498490618000062 ], [ -148.689198408999971, 65.49574061900006 ], [ -148.686183837999977, 65.495065804000035 ], [ -148.68203740499996, 65.49413762000006 ], [ -148.676776277999977, 65.493247114000042 ], [ -148.674587404999983, 65.49287662200004 ], [ -148.670038063999982, 65.491064577000031 ], [ -148.667251400999959, 65.489954624000063 ], [ -148.664942402999969, 65.489590624000073 ], [ -148.659976400999966, 65.488809624000055 ], [ -148.657753971999966, 65.48890377500004 ], [ -148.657285400999967, 65.488923625000041 ], [ -148.655681286999965, 65.489368411000044 ], [ -148.655287401999971, 65.489477626000053 ], [ -148.654210228999972, 65.489776554000059 ], [ -148.649435401999966, 65.491101626000045 ], [ -148.642446404999959, 65.492132628000036 ], [ -148.64006454799997, 65.49261315800004 ], [ -148.635343405999976, 65.493565629000045 ], [ -148.628407407999958, 65.496659630000067 ], [ -148.621074412999974, 65.500154631000044 ], [ -148.615175223999984, 65.503076226000076 ], [ -148.615174415999974, 65.503076631000056 ], [ -148.608757419999961, 65.505998633000047 ], [ -148.601593421999979, 65.508404634000044 ], [ -148.594204423999969, 65.510012635000066 ], [ -148.585837424999966, 65.511615636000045 ], [ -148.578446425999971, 65.512645638000038 ], [ -148.576090684999969, 65.51278046200008 ], [ -148.570426424999965, 65.513104639000062 ], [ -148.564296428999967, 65.51596863900005 ], [ -148.561048915999976, 65.517763220000063 ], [ -148.558279431999978, 65.519293641000047 ], [ -148.55019843499997, 65.522043642000028 ], [ -148.550198414999983, 65.522043582000038 ], [ -148.549168431999959, 65.51889364200008 ], [ -148.554096428999969, 65.51579864200005 ], [ -148.556043424999956, 65.512876642000037 ], [ -148.556043323999972, 65.512876618000064 ], [ -148.549200097999972, 65.511279657000046 ], [ -148.548424423999961, 65.511098643000082 ], [ -148.54607642199997, 65.50812064400003 ], [ -148.550781690999969, 65.505338004000066 ], [ -148.55111494999997, 65.505140919000041 ], [ -148.551115418999956, 65.505140642000072 ], [ -148.544367728999958, 65.50312533500005 ], [ -148.542865416999973, 65.502676645000065 ], [ -148.540523846999974, 65.501328201000035 ], [ -148.537593411999978, 65.499640646000046 ], [ -148.532090356999959, 65.498122472000034 ], [ -148.529285408999982, 65.49734864800007 ], [ -148.526968691999969, 65.497611452000058 ], [ -148.520690410999975, 65.498323649000042 ], [ -148.513701412999978, 65.499870650000048 ], [ -148.505565412999971, 65.499870652000084 ], [ -148.501557304999977, 65.497184369000081 ], [ -148.500865809999965, 65.49672092000003 ], [ -148.500865410999978, 65.496720653000068 ], [ -148.499330781999959, 65.496129195000037 ], [ -148.493587407999968, 65.493915654000034 ], [ -148.485052072999963, 65.491906813000071 ], [ -148.485051404999979, 65.491906662000076 ], [ -148.47605740299997, 65.489959657000043 ], [ -148.468665401999971, 65.488068658000032 ], [ -148.464170566999968, 65.487535278000053 ], [ -148.461443399999979, 65.487211659000081 ], [ -148.460669106999973, 65.487119617000076 ], [ -148.459954399999958, 65.487034659000074 ], [ -148.451418400999984, 65.486520662000032 ], [ -148.449913992999967, 65.486149089000037 ], [ -148.442365397999964, 65.484284664000029 ], [ -148.433826395999972, 65.482909665000079 ], [ -148.425576396999958, 65.482740666000041 ], [ -148.420591265999974, 65.483246823000059 ], [ -148.417096395999977, 65.483601668000063 ], [ -148.406575328999963, 65.484563512000079 ], [ -148.40145439799997, 65.485031676000062 ], [ -148.393204395999959, 65.483198672000071 ], [ -148.385757395999974, 65.482226673000071 ], [ -148.378193393999965, 65.481365675000063 ], [ -148.370687395999965, 65.482454675000042 ], [ -148.363065395999968, 65.481881677000047 ], [ -148.362462067999957, 65.481715399000052 ], [ -148.355790393999968, 65.479876678000039 ], [ -148.350511195999957, 65.478363133000073 ], [ -148.348399821999976, 65.477757803000031 ], [ -148.348399390999958, 65.477757680000082 ], [ -148.346048386999968, 65.474662680000051 ], [ -148.346048408999962, 65.47466263900003 ], [ -148.348060370999974, 65.47087227600008 ], [ -148.349485219999963, 65.468187983000064 ], [ -148.349485380999965, 65.468187680000028 ], [ -148.340376379999981, 65.466643683000029 ], [ -148.335617015999958, 65.467813911000064 ], [ -148.333157380999978, 65.468418683000039 ], [ -148.325708332999966, 65.469907488000047 ], [ -148.325707381999962, 65.469907684000077 ], [ -148.32393803399998, 65.470153552000056 ], [ -148.317057382999963, 65.471109686000034 ], [ -148.311954355999973, 65.471853531000079 ], [ -148.308804385999963, 65.472312688000045 ], [ -148.305704870999961, 65.472678648000056 ], [ -148.301012387999975, 65.473232689000042 ], [ -148.296695068999981, 65.473605703000032 ], [ -148.293049385999979, 65.473920689000067 ], [ -148.28520138899998, 65.474662691000049 ], [ -148.282610339999962, 65.474553021000077 ], [ -148.277121386999966, 65.474320693000038 ], [ -148.269846385999983, 65.472143694000067 ], [ -148.267265381999977, 65.468418694000036 ], [ -148.263140377999974, 65.465268696000066 ], [ -148.255690375999961, 65.463893696000071 ], [ -148.248701376999975, 65.462287699000058 ], [ -148.242512371999965, 65.458737700000029 ], [ -148.242168370999963, 65.455126696000036 ], [ -148.242607831999976, 65.454137824000043 ], [ -148.243543364999965, 65.452032699000029 ], [ -148.244346362999977, 65.448940700000037 ], [ -148.244653910999972, 65.448128782000083 ], [ -148.245432359999967, 65.446073699000067 ], [ -148.24652135599996, 65.443093700000077 ], [ -148.246235352999975, 65.440229700000032 ], [ -148.246004349999964, 65.437306700000079 ], [ -148.244860345999967, 65.434098701000039 ], [ -148.24298700099996, 65.432121855000048 ], [ -148.241765343999958, 65.430832702000032 ], [ -148.239587339999957, 65.427682702000084 ], [ -148.244685335999975, 65.424473702000057 ], [ -148.248582333999963, 65.421151700000053 ], [ -148.248545265999979, 65.419862616000046 ], [ -148.248465329999959, 65.417082702000073 ], [ -148.246576322999971, 65.414159705000031 ], [ -148.245201322999975, 65.411065703000077 ], [ -148.241368448999964, 65.410889508000082 ], [ -148.237696323999984, 65.410720703000038 ], [ -148.23590430699997, 65.410765043000083 ], [ -148.230704734999961, 65.410893695000084 ], [ -148.230704323999959, 65.410893705000035 ], [ -148.229578370999974, 65.409678211000028 ], [ -148.227837320999981, 65.407798706000051 ], [ -148.224115554999969, 65.404820895000057 ], [ -148.224115317999974, 65.404820706000066 ], [ -148.225205963999969, 65.403951069000072 ], [ -148.228354312999983, 65.401440705000027 ], [ -148.231907309999968, 65.397659705000081 ], [ -148.23245469799997, 65.397164588000066 ], [ -148.235457306999962, 65.394448704000069 ], [ -148.238579380999965, 65.392688842000041 ], [ -148.24084330499997, 65.391412704000061 ], [ -148.243665682999961, 65.389808655000081 ], [ -148.246287300999967, 65.388318704000028 ], [ -148.249735329999965, 65.386610683000072 ], [ -148.252646296999984, 65.385168703000033 ], [ -148.255528564999963, 65.382996287000083 ], [ -148.25728729399998, 65.381670702000065 ], [ -148.257328909999984, 65.380395185000054 ], [ -148.257401290999979, 65.378176703000065 ], [ -148.258292081999969, 65.375726049000036 ], [ -148.258546287999962, 65.375026702000071 ], [ -148.260005037999974, 65.373135605000073 ], [ -148.261640282999963, 65.371015702000079 ], [ -148.261640331999956, 65.371015366000051 ], [ -148.261821811999965, 65.369760517000032 ], [ -148.26209628099997, 65.367862703000071 ], [ -148.262096219999961, 65.367862611000078 ], [ -148.259921275999972, 65.364540702000056 ], [ -148.259264588999969, 65.361720558000059 ], [ -148.259174273999975, 65.361332702000084 ], [ -148.262096270999962, 65.358293703000072 ], [ -148.266851266999964, 65.354915702000028 ], [ -148.268473903999961, 65.353698723000036 ], [ -148.27120726299998, 65.351648702000034 ], [ -148.275714579999971, 65.348760961000039 ], [ -148.277107260999969, 65.347868700000049 ], [ -148.280117636999961, 65.347239022000053 ], [ -148.284785257999971, 65.346262700000068 ], [ -148.288841557999973, 65.345628390000059 ], [ -148.293207257999967, 65.34494569800006 ], [ -148.298590206999961, 65.343106313000078 ], [ -148.30025425599996, 65.342537698000058 ], [ -148.304610251999975, 65.339443696000046 ], [ -148.305812248999956, 65.335948696000059 ], [ -148.30659014699998, 65.334722341000031 ], [ -148.307701244999976, 65.332970696000075 ], [ -148.309076241999975, 65.329818697000064 ], [ -148.30957294199996, 65.328204011000082 ], [ -148.309993239999983, 65.326837696000041 ], [ -148.310089496999979, 65.326669723000066 ], [ -148.311354236999961, 65.324462696000069 ], [ -148.311505362999981, 65.324188658000082 ], [ -148.311654238999978, 65.323918698000057 ] ] ] } }
]
}
