lat,lon,date,n_grouped,pf_observed,pf_depth,obs_depth,obs_limit,source,transect_point,org_thick,rock,Soil Type,rocky/silty,Wildfire,Widlfire date/name,Burn Year,Canopy and Surface
63.130467485,-117.2549095,2019-08-15,2,1,,,,Bonaventure_Whati,,,,,,,,,
63.131034335555555,-117.2392658888889,2019-08-15,9,1,,,,Bonaventure_Whati,,,,,,,,,
63.14340002,-117.276065,2019-08-15,3,0,,,,Bonaventure_Whati,,,,,,,,,
63.14133082666667,-117.26131541666666,2019-08-15,12,1,,,,Bonaventure_Whati,,,,,,,,,
63.13832999545454,-117.24096918181819,2019-08-15,11,1,,,,Bonaventure_Whati,,,,,,,,,
63.149284673333334,-117.27180733333334,2019-08-15,3,0,,,,Bonaventure_Whati,,,,,,,,,
63.14925300032256,-117.25954158064515,2019-08-15,31,1,,,,Bonaventure_Whati,,,,,,,,,
63.15910228571429,-117.27418271428571,2019-08-15,7,1,,,,Bonaventure_Whati,,,,,,,,,
63.16834076444444,-117.27811233333334,2019-08-15,9,0,,,,Bonaventure_Whati,,,,,,,,,
63.17806083833333,-117.30134766666664,2019-08-15,6,1,,,,Bonaventure_Whati,,,,,,,,,
63.171764995000004,-117.2853185,2019-08-15,2,0,,,,Bonaventure_Whati,,,,,,,,,
63.164642459999996,-117.14236964999998,2019-08-15,20,1,,,,Bonaventure_Whati,,,,,,,,,
63.17174951,-117.14411899999999,2019-08-15,4,1,,,,Bonaventure_Whati,,,,,,,,,
63.16342127272728,-117.17080063636364,2019-08-15,11,1,,,,Bonaventure_Whati,,,,,,,,,
63.152005612,-117.2238184,2019-08-15,5,0,,,,Bonaventure_Whati,,,,,,,,,
63.16505254111112,-117.21556355555555,2019-08-15,9,1,,,,Bonaventure_Whati,,,,,,,,,
66.26713080131599,-150.3496964771416,2016-09-02,25,0,108.7,147.1818181818182,137.96,Minsley_2017,,6.636363636363637,,,,,,,
65.80080577538364,-149.4370551929524,2016-09-03,33,1,55.515151515151516,55.65625,129.54545454545453,Minsley_2017,,7.625,,,,,,,
65.57196660283158,-148.92666039391017,2016-09-04,28,1,85.67857142857143,80.1923076923077,133.78571428571428,Minsley_2017,,6.85,,,,,,,
65.57219405034483,-148.92655817241382,2017-08-11,29,1,59.10344827586207,59.10344827586207,132.0,Minsley_2017,,,,,,,,,
65.5680814166667,-148.92455425,2013-08-11,186,1,45.84767025089605,45.84767025089605,,Schaefer_2020,,,,,,,,,
65.3433017377397,-146.91333393830544,2016-08-31,40,1,82.85185185185185,88.7741935483871,130.525,Minsley_2017,,13.555555555555555,,,,,,,
65.34019441666663,-146.91509074999996,2013-08-11,186,1,28.240143369175623,28.240143369175623,,Schaefer_2020,,,,,,,,,
65.23103932273526,-148.12458444766418,2016-08-30,32,1,61.36842105263158,74.69565217391305,129.84375,Minsley_2017,,17.53846153846154,,,,,,,
65.22938107107143,-148.1266300714286,2015-08-29,28,1,50.2962962962963,50.2962962962963,132.0,Minsley_2015,,12.962962962962964,,,,,,,
60.711796666666665,-115.8959,1962-08-15,3,0,84.0,84.0,,Holloway_2019,,,,Sand and gravel,,,,,"Poplar, jack pine, spruce"
60.711796666666665,-115.8959,2018-08-15,3,0,146.0,146.0,,Holloway_2019,,30.333333333333332,,Sand and gravel,,,,,"Poplar, spruce, tamarack; Moss, willow, lab tea"
60.492785,-116.298835,1962-08-15,2,1,60.0,60.0,,Holloway_2019,,56.0,,"Organic, sand, silt, clay",,,,,"Spruce and tamarack; Peat plateau with hummocky moss, lichen, and labrador tea"
60.492785,-116.298835,2018-08-15,2,1,143.0,143.0,,Holloway_2019,,44.5,,"Organic, sand, silt, clay",,,,,"Spruce and tamarack; moss, horsetails, willow"
60.27525,-116.56372666666668,1962-08-15,3,1,90.33333333333333,90.33333333333333,,Holloway_2019,,40.333333333333336,,"Silt, sand, clay",,,,,"Spruce; hummocky sphagnum, lichen, lab tea"
60.27525,-116.56372666666668,2018-08-15,3,0,129.0,129.0,,Holloway_2019,,47.333333333333336,,"Silt, sand, clay",,,,,"Spruce, willow, birch, tamarack; moss, lab tea, sedge, wet"
59.9419,-117.02624,1962-08-15,4,1,60.0,60.0,,Holloway_2019,,71.0,,"Clay, silt",,,,,Spruce; sphagnum
59.94237333333333,-117.02564000000001,2018-08-15,3,1,55.0,55.0,,Holloway_2019,,51.0,,,,,,,"Spruce, tamarack; sphagnum, moss, lichen, lab tea"
59.95094,-117.022435,1962-08-15,2,1,68.0,68.0,,Holloway_2019,,61.0,,,,,,,Spruce; hummocky sphagnum
59.924445000000006,-117.035515,1962-08-15,2,1,66.0,66.0,,Holloway_2019,,91.0,,"Clay, silt",,,,,Spruce; Peat plateau with hummocky sphagnum and labrador tea
59.924445000000006,-117.035515,2018-08-15,2,1,59.0,59.0,,Holloway_2019,,60.0,,"Clay, silt",,,,,"Spruce; hummocky sphagnum, lichen, lab tea"
59.89882333333333,-117.04227333333334,1962-08-15,3,0,61.0,61.0,,Holloway_2019,,65.66666666666667,,"Silt, clay",,,,,"Spruce, tamarack; moss, lichen"
59.89882333333333,-117.04227333333334,2018-08-15,3,0,95.0,95.0,,Holloway_2019,,27.0,,"Silt, clay",,,,,"Spruce, tamarack, poplar; moss, licen, grass, rose "
59.618599999999994,-117.17266333333333,1962-08-15,3,1,71.0,71.0,,Holloway_2019,,84.66666666666667,,Sand,,,,,Spruce; sphagnum
59.618599999999994,-117.17266333333333,2018-08-15,3,1,67.0,67.0,,Holloway_2019,,45.0,,Sand,,,,,"Spruce, hummocky sphagnum, moss, lab tea, lichen"
64.6960571820277,-148.32236046543775,2018-08-10,434,1,91.28341013824885,,157.0,James_2019,,,,,,,,,
64.69611100000002,-148.32233612499994,2019-08-07,144,1,59.9375,,157.0,James_2019,,,,,,,,,
64.69587933333334,-148.3255368333333,2013-08-11,93,1,43.35842293906811,43.3584229390681,,Schaefer_2020,,,,,,,,,
64.91988813559321,-147.82074024576266,2019-09-04,118,1,91.75531914893617,73.47966101694915,0.3864406779661017,James_2020,,,,,,,,,
64.71215133333334,-148.2956414666667,2016-09-12,15,1,105.92857142857143,105.53333333333333,127.86666666666666,Minsley_2017,,,,,,,,,
64.71230309090907,-148.29659390909094,2019-09-02,22,0,70.81818181818181,36.40909090909091,1.0,James_2020,,,,,,,,,
64.71230427954545,-148.29658303636367,2021-09-12,22,1,73.0,99.81818181818181,132.0,Minsley_2021,,11.0,,,,,,,
64.71354482470589,-148.29257355294118,2015-08-29,34,1,89.0,121.11764705882354,132.0,Minsley_2015,,10.3,,,,,,,
65.75738312666668,-156.51455460000003,2018-07-08,12,1,,,,Koyukuk_2018,,,,,,,,,
65.76402605625,-156.506850125,2018-07-08,8,0,,,,Koyukuk_2018,,,,,,,,,
65.76522533599999,-156.49020320000002,2018-07-08,5,0,,,,Koyukuk_2018,,,,,,,,,
65.65770380333333,-156.4713112,2018-07-08,6,1,,,,Koyukuk_2018,,,,,,,,,
65.66108284,-156.448984775,2018-07-08,4,0,,,,Koyukuk_2018,,,,,,,,,
65.66135486444443,-156.4326240777778,2018-07-08,9,0,,,,Koyukuk_2018,,,,,,,,,
65.6567124675,-156.4085756125,2018-07-08,8,0,,,,Koyukuk_2018,,,,,,,,,
65.67041158666666,-156.45276084999998,2018-07-08,6,0,,,,Koyukuk_2018,,,,,,,,,
65.6668566225,-156.375603425,2018-07-08,4,1,,,,Koyukuk_2018,,,,,,,,,
65.66912057444445,-156.36019192222224,2018-07-08,9,1,,,,Koyukuk_2018,,,,,,,,,
65.674001745,-156.44598904999998,2018-07-08,2,0,,,,Koyukuk_2018,,,,,,,,,
65.68555062,-156.38086095,2018-07-08,2,0,,,,Koyukuk_2018,,,,,,,,,
65.69997304500001,-156.395464,2018-07-08,2,0,,,,Koyukuk_2018,,,,,,,,,
65.69446961999999,-156.38460294285713,2018-07-08,7,0,,,,Koyukuk_2018,,,,,,,,,
65.69663537,-156.35649023749997,2018-07-08,8,0,,,,Koyukuk_2018,,,,,,,,,
65.70206763384616,-156.40166413076923,2018-07-08,13,1,,,,Koyukuk_2018,,,,,,,,,
65.70229949857142,-156.38228527142857,2018-07-08,7,0,,,,Koyukuk_2018,,,,,,,,,
65.61654351099999,-156.53334484,2018-07-08,10,1,,,,Koyukuk_2018,,,,,,,,,
65.614815854,-156.51486221,2018-07-08,10,1,,,,Koyukuk_2018,,,,,,,,,
65.61751096111112,-156.4904637888889,2018-07-08,9,1,,,,Koyukuk_2018,,,,,,,,,
65.62515502833334,-156.54314223333333,2018-07-08,6,0,,,,Koyukuk_2018,,,,,,,,,
65.87514909222222,-156.2629077,2018-07-08,9,0,,,,Koyukuk_2018,,,,,,,,,
65.77777226666667,-156.4323898,2018-07-08,6,0,,,,Koyukuk_2018,,,,,,,,,
65.71548044666667,-156.36308076666668,2018-07-08,3,1,,,,Koyukuk_2018,,,,,,,,,
65.73542215714286,-156.38864478571426,2018-07-08,14,1,67.57142857142857,67.57142857142857,100.0,Koyukuk_2018,,,,,,,,,
65.671627235,-156.58801060000002,2018-07-08,2,1,,,,Koyukuk_2018,,,,,,,,,
65.72610464600001,-156.21006695600002,2018-07-08,25,1,58.80555555555556,58.80555555555556,100.0,Koyukuk_2018,,,,,,,,,
65.71104269,-156.27449205,2018-07-08,2,1,,,,Koyukuk_2018,,,,,,,,,
65.7229230611111,-156.52252826666665,2018-07-08,9,0,,,,Koyukuk_2018,,,,,,,,,
65.72060247833333,-156.51531121666667,2018-07-08,6,0,,,,Koyukuk_2018,,,,,,,,,
65.7312783557143,-156.5315924714286,2018-07-08,7,0,,,,Koyukuk_2018,,,,,,,,,
65.69711951333333,-156.49881086666667,2018-07-08,3,0,,,,Koyukuk_2018,,,,,,,,,
65.68642790111112,-156.48582445555556,2018-07-08,9,0,,,,Koyukuk_2018,,,,,,,,,
65.68874034,-156.45807996666667,2018-07-08,3,1,,,,Koyukuk_2018,,,,,,,,,
65.690995055,-156.4461224,2018-07-08,2,0,,,,Koyukuk_2018,,,,,,,,,
65.80079033799998,-156.36529804,2018-07-08,5,0,,,,Koyukuk_2018,,,,,,,,,
65.81012528000001,-156.36711213333334,2018-07-08,3,0,,,,Koyukuk_2018,,,,,,,,,
65.82313756599999,-156.36892174000002,2018-07-08,5,0,,,,Koyukuk_2018,,,,,,,,,
65.81820893666666,-156.34420303333334,2018-07-08,3,0,,,,Koyukuk_2018,,,,,,,,,
65.8158592,-156.327597725,2018-07-08,4,0,,,,Koyukuk_2018,,,,,,,,,
65.82820410555557,-156.3723143944445,2018-07-08,18,0,,,,Koyukuk_2018,,,,,,,,,
65.82866410666666,-156.33949783333335,2018-07-08,3,0,,,,Koyukuk_2018,,,,,,,,,
65.83474269999999,-156.3421542,2018-07-08,3,0,,,,Koyukuk_2018,,,,,,,,,
65.851522455,-156.3364805125,2018-07-08,8,0,,,,Koyukuk_2018,,,,,,,,,
65.86001188,-156.30826704999998,2018-07-08,2,0,,,,Koyukuk_2018,,,,,,,,,
65.47033407,-150.68581564285714,2018-09-03,7,0,,,,Koyukuk_2018,,,,,,,,,
65.85830001333333,-156.23809310000001,2018-07-08,3,0,,,,Koyukuk_2018,,,,,,,,,
65.860635276,-156.26392598,2018-07-08,5,0,,,,Koyukuk_2018,,,,,,,,,
65.86016258500001,-156.2380461,2018-07-08,2,0,,,,Koyukuk_2018,,,,,,,,,
65.86051291333332,-156.2313589,2018-07-08,3,0,,,,Koyukuk_2018,,,,,,,,,
65.74865420727274,-156.55011134545452,2018-07-08,11,1,,,,Koyukuk_2018,,,,,,,,,
65.75377155666668,-156.551557775,2018-07-08,12,1,,,,Koyukuk_2018,,,,,,,,,
65.72609454428571,-156.47653092857144,2018-07-08,7,0,,,,Koyukuk_2018,,,,,,,,,
65.772712776,-156.46544774,2018-07-08,5,1,,,,Koyukuk_2018,,,,,,,,,
65.648941181,-156.37281689000002,2018-07-08,10,1,,,,Koyukuk_2018,,,,,,,,,
64.75201704500004,-148.10730575306124,2015-08-29,98,1,98.83908045977012,115.91836734693878,132.0,Minsley_2015,,11.95,,,,,,,
65.76064802330188,-149.38449712830186,2015-08-29,106,0,146.126213592233,146.126213592233,132.0,Minsley_2015,,8.454545454545455,,,,,,,
65.81396477,-149.58143818529413,2015-08-29,34,1,97.84375,98.41176470588235,132.0,Minsley_2015,,6.235294117647059,,,,,,,
65.78270621130434,-149.44090846956524,2015-08-29,23,1,90.55,92.47619047619048,132.0,Minsley_2015,,10.823529411764707,,,,,,,
65.84443028470588,-149.6539844882353,2015-08-29,17,0,88.54545454545455,143.76470588235293,132.0,Minsley_2015,,14.235294117647058,,,,,,,
66.17172612285714,-150.2073255761905,2015-08-29,21,0,129.2,162.28571428571428,132.0,Minsley_2015,,8.904761904761905,,,,,,,
66.42004176716667,-150.55411097166672,2015-08-29,60,1,40.766666666666666,40.766666666666666,132.0,Minsley_2015,,44.583333333333336,,,,,,,
67.1229750097059,-150.33991637058827,2015-08-29,34,1,47.88235294117647,47.88235294117647,132.0,Minsley_2015,,40.0,,,,,,,
68.64221211612497,-149.57140308875003,2015-08-29,80,1,60.985074626865675,60.985074626865675,132.0,Minsley_2015,,15.15,,,,,,,
64.39709086050001,-149.01062483,2015-08-29,20,1,107.0,147.44444444444446,132.0,Minsley_2015,,11.882352941176471,,,,,,,
66.45471589285715,-150.5770707857143,2016-09-05,28,1,56.642857142857146,56.642857142857146,132.0,Minsley_2017,,25.384615384615383,,,,,,,
65.65491055882353,-149.09064967647063,2016-09-06,34,1,113.81481481481481,121.11764705882354,132.0,Minsley_2017,,8.516129032258064,,,,,,,
65.6536387303252,-149.08903821219513,2017-08-12,123,1,74.60396039603961,83.26016260162602,132.0,Minsley_2017,,,,,,,,,
66.89780788,-150.51982676,2016-09-07,25,1,73.3125,136.92,132.0,Minsley_2017,,30.0,,,,,,,
65.28544399999998,-148.13753588235292,2016-09-08,17,1,57.6,79.4,132.0,Minsley_2017,,11.333333333333334,,,,,,,
65.02957686333332,-147.69929554761907,2021-09-14,21,1,63.5625,79.85714285714286,132.0,Minsley_2021,,,,,,,,,
64.91490585805555,-147.84742026388892,2021-09-16,36,1,58.24242424242424,64.38888888888889,132.0,Minsley_2021,,,,,,,,,
65.49760136363635,-150.1831311818182,2008-06-21,11,0,32.81818181818182,118.18181818181819,,Pastick,,10.0,N,,,,,,
65.49986150000001,-150.150417,2008-06-23,2,0,25.0,66.0,,Pastick,,22.0,N,,,,,,
65.4989444,-150.1445,2008-06-23,5,0,23.0,123.8,,Pastick,,9.4,N,,,,,,
65.50458325,-150.174583,2008-06-20,4,0,35.0,157.5,,Pastick,,4.5,N,,,,,,
65.50833337499999,-150.16031237500002,2008-06-20,8,0,39.75,122.875,,Pastick,,10.625,N,,,,,,
65.50833349999999,-150.1405555,2008-06-22,2,1,73.5,80.0,,Pastick,,14.0,N,,,,,,
65.4942222,-150.25677760000002,2008-06-24,5,0,18.4,115.0,,Pastick,,8.8,N,,,,,,
65.6620835,-149.75861099999997,2008-07-03,2,1,61.0,68.5,,Pastick,,14.5,N,,,,,,
65.6606945,-149.739722,2008-07-03,2,1,44.5,53.0,,Pastick,,17.0,N,,,,,,
65.66930562499999,-149.7858335,2008-07-05,8,0,34.0,98.75,,Pastick,,7.625,N,,,,,,
65.6802775,-149.74472200000002,2008-07-05,2,1,45.0,50.0,,Pastick,,29.0,N,,,,,,
65.671840625,-149.8365625,2008-07-07,8,0,16.5,110.0,,Pastick,,11.75,N,,,,,,
66.00648990909089,-149.08345954545456,2008-07-17,11,1,49.81818181818182,111.27272727272727,,Pastick,,16.09090909090909,N,,,,,,
66.0037778,-149.066111,2008-07-22,5,1,59.0,104.6,,Pastick,,8.2,N,,,,,,
66.016389,-149.10453700000002,2008-07-19,3,1,55.333333333333336,65.66666666666667,,Pastick,,17.333333333333332,N,,,,,,
66.02194466666667,-149.11240766666666,2008-07-19,3,1,66.66666666666667,140.0,,Pastick,,8.333333333333334,N,,,,,,
65.99995366666667,-149.03157416666667,2008-07-20,6,1,49.833333333333336,122.0,,Pastick,,7.5,N,,,,,,
66.01976866666666,-149.0468983333333,2008-07-21,6,1,57.5,98.66666666666667,,Pastick,,19.0,N,,,,,,
65.95875000000001,-148.9970835,2008-07-31,2,1,75.0,87.5,,Pastick,,20.0,N,,,,,,
65.96944466666666,-149.00120366666667,2008-07-31,3,1,45.333333333333336,123.33333333333333,,Pastick,,13.0,N,,,,,,
65.99768533333332,-148.93731466666665,2008-08-01,3,1,76.33333333333333,86.66666666666667,,Pastick,,11.333333333333334,N,,,,,,
66.005185,-149.17175899999998,2008-08-02,3,1,46.666666666666664,65.0,,Pastick,,8.0,N,,,,,,
65.98537033333334,-149.04731466666667,2008-08-03,3,1,93.33333333333333,146.66666666666666,,Pastick,,0.0,N,,,,,,
65.94,-149.33034725,2008-08-04,4,0,25.0,165.0,,Pastick,,5.75,N,,,,,,
65.97740733333335,-149.31824066666667,2008-08-05,3,1,45.666666666666664,86.33333333333333,,Pastick,,21.0,N,,,,,,
66.03367499999999,-149.2674985,2008-09-14,2,1,38.5,65.0,,Pastick,,30.0,N,,,,,,
65.82055575000001,-149.9575,2008-08-15,4,0,0.0,86.25,,Pastick,,9.0,N,,,,,,
65.84326425,-149.92527775000002,2008-08-16,4,0,0.0,118.75,,Pastick,,3.75,Y,,,,,,
65.88520825,-149.67937475,2008-08-17,4,1,55.0,100.0,,Pastick,,14.0,N,,,,,,
65.825557,-149.541667,2008-08-18,2,1,43.5,65.0,,Pastick,,13.0,N,,,,,,
65.962361,-149.9218055,2008-08-19,2,0,0.0,85.0,,Pastick,,7.5,Y,,,,,,
65.93875,-149.86291699999998,2008-08-19,2,0,27.5,80.0,,Pastick,,11.0,Y,,,,,,
66.53375,-145.17791649999998,2010-06-23,2,0,0.0,141.0,,Pastick,,2.5,N,,,,,,
66.552743125,-145.465034625,2010-06-24,8,1,47.375,70.375,,Pastick,,12.875,N,,,,,,
66.62761900000001,-145.78428585714286,2010-06-25,7,0,25.571428571428573,105.28571428571429,,Pastick,,8.428571428571429,N,,,,,,
64.682838,-135.81071866666665,2013-03-12,3,1,50.333333333333336,117.0,,Pastick,,34.0,N,,,,,,
66.55041650000001,-145.875972,2010-08-11,2,0,0.0,83.5,,Pastick,,4.0,N,,,,,,
66.5569445,-145.72875000000002,2010-06-27,4,0,0.0,139.75,,Pastick,,3.25,N,,,,,,
66.564167,-145.739167,2010-06-27,2,1,27.0,53.5,,Pastick,,9.5,N,,,,,,
65.2355472,-139.2798282,2012-02-26,5,0,12.0,99.8,,Pastick,,19.4,N,,,,,,
65.164671,-140.543281,2012-02-28,5,0,12.5,146.75,,Pastick,,5.5,N,,,,,,
64.881118,-138.95929775000002,2012-07-25,4,0,0.0,129.33333333333334,,Pastick,,10.5,N,,,,,,
65.1587256,-140.3896062,2012-02-21,5,0,25.0,90.25,,Pastick,,20.2,N,,,,,,
65.40168833333333,-141.58441466666667,2011-11-29,6,0,11.0,113.4,,Pastick,,7.833333333333333,N,,,,,,
65.2299136,-140.4182224,2012-03-09,5,0,13.0,94.75,,Pastick,,17.6,N,,,,,,
65.1763948,-140.7320964,2012-02-24,5,0,16.75,94.0,,Pastick,,14.8,N,,,,,,
65.3896696,-140.52810540000002,2012-02-24,5,0,0.0,102.0,,Pastick,,12.6,N,,,,,,
66.6535556,-146.56433320000002,2010-07-15,5,0,8.0,97.2,,Pastick,,9.6,N,,,,,,
66.4685,-145.2702778,2010-07-27,5,1,39.6,71.0,,Pastick,,15.2,N,,,,,,
65.1505922,-139.50893360000003,2012-03-07,5,0,7.0,99.75,,Pastick,,25.2,N,,,,,,
65.34780733333334,-140.61043766666666,2011-12-01,6,1,66.0,140.83333333333334,,Pastick,,34.5,N,,,,,,
65.24760140000001,-140.28079559999998,2012-04-01,5,0,23.0,187.25,,Pastick,,11.0,N,,,,,,
64.49993166666667,-135.587244,2013-04-05,3,1,44.666666666666664,112.66666666666667,,Pastick,,28.666666666666668,N,,,,,,
64.48246133333333,-135.62240033333333,2013-04-06,3,0,81.0,160.0,,Pastick,,30.0,N,,,,,,
66.57490733333334,-145.27018533333333,2010-08-29,3,1,111.33333333333333,111.33333333333333,,Pastick,,7.333333333333333,N,,,,,,
66.6602224,-144.73883299999997,2010-08-10,5,0,0.0,94.6,,Pastick,,3.2,N,,,,,,
66.53034699999999,-146.1213195,2010-08-11,4,0,44.25,100.25,,Pastick,,9.0,N,,,,,,
65.01150125,-138.08805775000002,2012-08-12,4,0,58.0,124.66666666666667,,Pastick,,14.25,N,,,,,,
65.7871115,-142.373898875,2011-08-13,8,0,18.571428571428573,170.28571428571428,,Pastick,,4.0,N,,,,,,
64.429819,-136.29025333333334,2013-04-13,3,1,101.5,101.5,,Pastick,,13.666666666666666,N,,,,,,
65.97242019999999,-143.12365530000002,2011-06-02,10,1,60.2,136.4,,Pastick,,18.4,N,,,,,,
65.51626500000002,-140.8984055,2011-12-15,6,1,87.16666666666667,108.83333333333333,,Pastick,,18.333333333333332,N,,,,,,
66.61465275,-145.64118075000002,2010-09-14,4,1,57.75,107.75,,Pastick,,6.5,N,,,,,,
64.955269,-138.3432195,2012-08-16,4,0,18.333333333333332,87.66666666666667,,Pastick,,12.0,N,,,,,,
66.64909725,-144.886389,2010-08-18,4,1,36.5,136.5,,Pastick,,20.5,N,,,,,,
66.663611,-144.81435166666665,2010-08-19,3,0,27.333333333333332,151.66666666666666,,Pastick,,20.333333333333332,N,,,,,,
66.64694433333332,-145.10925899999998,2010-08-20,3,1,108.0,158.0,,Pastick,,6.666666666666667,N,,,,,,
66.65263900000001,-145.179074,2010-08-21,6,1,115.16666666666667,147.66666666666666,,Pastick,,7.833333333333333,N,,,,,,
66.6323575,-145.29752775,2010-10-02,8,1,115.25,139.125,,Pastick,,5.375,N,,,,,,
66.31907433333333,-144.77666666666667,2010-09-08,3,1,78.33333333333333,78.33333333333333,,Pastick,,24.333333333333332,N,,,,,,
66.24305575,-144.7754865,2010-09-09,4,1,43.25,93.25,,Pastick,,29.25,N,,,,,,
65.10474219999999,-139.3142818,2012-04-11,5,1,74.4,106.2,,Pastick,,15.4,N,,,,,,
64.132659,-135.55256766666665,2013-05-09,3,0,28.0,128.0,,Pastick,,14.333333333333334,N,,,,,,
64.694997,-137.93723525000001,2012-08-31,4,1,72.25,72.25,,Pastick,,43.0,N,,,,,,
64.93149975,-137.96600375,2012-07-05,4,0,13.25,148.75,,Pastick,,19.25,N,,,,,,
64.369717,-135.74731533333332,2013-03-10,3,0,18.333333333333332,130.0,,Pastick,,20.0,N,,,,,,
64.78788225,-138.1146575,2012-07-05,4,0,0.0,112.66666666666667,,Pastick,,5.25,N,,,,,,
65.186814,-139.7647352,2012-02-08,5,0,28.8,126.6,,Pastick,,12.6,N,,,,,,
65.572238,-141.79814257142857,2011-08-24,7,0,22.5,110.5,,Pastick,,9.571428571428571,N,,,,,,
64.63574725,-139.514947,2012-07-17,4,1,53.25,126.25,,Pastick,,35.25,N,,,,,,
66.2633335,-146.829097,2010-07-09,4,1,40.0,129.0,,Pastick,,20.0,N,,,,,,
66.2465554,-146.51988899999998,2010-07-10,5,0,23.6,119.2,,Pastick,,22.0,N,,,,,,
66.335417,-146.5533335,2010-07-11,4,0,0.0,164.5,,Pastick,,9.75,N,,,,,,
64.9703284,-140.5872546,2012-02-23,5,0,51.8,145.0,,Pastick,,11.2,N,,,,,,
64.680331,-139.4604865,2012-07-20,4,0,35.0,129.66666666666666,,Pastick,,9.25,N,,,,,,
65.68281028571428,-142.34832171428573,2011-09-09,7,0,0.0,116.83333333333333,,Pastick,,14.285714285714286,N,,,,,,
65.59301571428571,-142.29000914285714,2011-09-09,7,0,15.714285714285714,128.0,,Pastick,,14.714285714285714,N,,,,,,
65.0286078,-139.6707504,2012-03-06,5,1,49.8,126.4,,Pastick,,41.8,N,,,,,,
64.08869033333333,-135.955926,2013-04-02,3,0,0.0,150.0,,Pastick,,9.0,N,,,,,,
64.6714485,-138.89255375,2012-08-01,4,0,52.0,105.66666666666667,,Pastick,,14.25,N,,,,,,
64.67840849999999,-138.60899675,2012-08-01,4,1,47.5,120.75,,Pastick,,32.0,N,,,,,,
65.42884337500001,-141.6219905,2011-07-31,8,1,91.0,91.25,,Pastick,,30.375,N,,,,,,
65.0280948,-140.1941438,2012-03-08,5,0,28.0,129.5,,Pastick,,13.6,N,,,,,,
64.11743066666666,-135.994401,2013-04-05,3,1,65.0,133.33333333333334,,Pastick,,25.333333333333332,N,,,,,,
64.095258,-136.00841566666668,2013-04-05,3,1,94.0,94.0,,Pastick,,30.333333333333332,N,,,,,,
65.40189516666665,-140.26573416666668,2011-12-10,6,1,86.66666666666667,121.33333333333333,,Pastick,,17.5,N,,,,,,
65.28590466666667,-141.32243000000003,2011-12-11,6,0,68.6,124.6,,Pastick,,12.5,N,,,,,,
65.1045492,-139.70720179999998,2012-03-19,5,1,90.0,140.0,,Pastick,,3.5,N,,,,,,
65.3381625,-141.11850900000002,2011-12-15,6,1,113.6,113.6,,Pastick,,19.0,N,,,,,,
65.32292216666666,-140.987694,2011-12-15,6,1,100.5,132.16666666666666,,Pastick,,17.666666666666668,N,,,,,,
65.1706855,-140.72541916666668,2011-12-16,6,1,114.6,114.6,,Pastick,,22.0,N,,,,,,
63.68247266666666,-135.76854033333333,2013-04-17,3,0,87.5,157.5,,Pastick,,3.5,N,,,,,,
63.68448033333333,-135.767464,2013-04-17,3,1,158.5,158.5,,Pastick,,1.3333333333333333,N,,,,,,
64.70108466666666,-135.12234133333334,1994-08-17,3,1,151.0,151.0,,Pastick,,0.0,N,,,,,,
64.74018166666666,-135.07098466666665,1994-08-17,3,1,135.5,135.5,,Pastick,,0.0,N,,,,,,
65.46270319999999,-139.1498756,2001-01-11,5,0,56.8,131.4,,Pastick,,18.2,N,,,,,,
66.630417,-144.9983335,2010-08-20,2,0,0.0,152.0,,Pastick,,0.0,N,,,,,,
66.494074,-145.2326853333333,2010-06-23,3,0,30.0,136.66666666666666,,Pastick,,5.666666666666667,N,,,,,,
66.564722,-145.79805566666667,2010-06-27,3,0,38.333333333333336,145.0,,Pastick,,3.0,N,,,,,,
64.4772694,-139.054606,2001-10-10,5,0,14.5,94.25,,Pastick,,18.5,N,,,,,,
64.23903324999999,-137.59076775,1999-04-06,4,1,36.0,46.0,,Pastick,,31.5,N,,,,,,
64.6312545,-139.94689300000002,2003-05-25,6,0,24.2,51.2,,Pastick,,28.333333333333332,N,,,,,,
64.38717,-139.50149499999998,2001-09-22,5,0,10.5,83.0,,Pastick,,10.5,N,,,,,,
64.4582148,-138.95011759999997,2001-09-23,5,1,52.4,60.8,,Pastick,,48.8,N,,,,,,
63.80837399999999,-135.13648166666667,1995-03-18,3,0,0.0,60.0,,Pastick,,22.666666666666668,Y,,,,,,
64.50644033333334,-141.22350616666668,2003-05-12,6,0,17.6,50.0,,Pastick,,13.0,N,,,,,,
64.3370586,-139.3881608,2001-09-24,5,0,20.0,48.75,,Pastick,,17.25,N,,,,,,
65.18268499999999,-145.42037033333335,2011-07-21,3,1,28.666666666666668,50.333333333333336,,Pastick,,22.666666666666668,N,,,,,,
65.36444449999999,-144.92791649999998,2011-07-09,2,1,60.0,60.0,,Pastick,,16.5,N,,,,,,
63.76459766666667,-135.62442566666667,1995-03-22,3,1,65.0,65.0,,Pastick,,31.0,N,,,,,,
63.657096333333335,-135.559394,1995-03-22,3,1,52.333333333333336,52.333333333333336,,Pastick,,50.0,N,,,,,,
64.1359485,-137.33092525,1999-04-19,4,0,15.0,52.333333333333336,,Pastick,,27.0,Y,,,,,,
64.65397857142857,-140.5620727142857,2004-08-01,7,1,31.428571428571427,63.285714285714285,,Pastick,,31.142857142857142,N,,,,,,
64.1864295,-137.96707800000001,1999-04-21,4,1,29.75,64.5,,Pastick,,80.75,Y,,,,,,
65.24000000000001,-145.79342599999998,2011-08-26,3,0,18.333333333333332,50.0,,Pastick,,15.666666666666666,Y,,,,,,
65.23652799999999,-145.7690275,2011-07-23,2,1,20.0,60.0,,Pastick,,24.0,N,,,,,,
65.17847225,-144.3710415,2011-07-24,4,1,32.5,93.5,,Pastick,,33.0,N,,,,,,
64.4318674,-139.888224,2001-10-09,5,0,0.0,63.0,,Pastick,,17.25,Y,,,,,,
64.41596333333332,-140.49830033333333,2003-05-30,6,0,9.6,130.6,,Pastick,,17.0,N,,,,,,
63.543337333333334,-135.750531,1995-05-05,3,0,52.0,127.5,,Pastick,,7.0,N,,,,,,
64.31872919999999,-138.7809214,2001-10-10,5,0,23.0,113.6,,Pastick,,34.4,N,,,,,,
63.57910366666666,-135.17792233333333,1995-04-02,3,1,39.666666666666664,90.33333333333333,,Pastick,,44.0,N,,,,,,
65.3719445,-145.3518055,2011-07-28,2,0,0.0,37.5,,Pastick,,6.5,Y,,,,,,
65.379861,-145.3643055,2011-07-28,2,0,0.0,151.0,,Pastick,,15.5,N,,,,,,
65.21013875,-145.33819425000002,2011-07-29,4,0,0.0,121.75,,Pastick,,9.0,N,,,,,,
65.53993833333334,-145.4472531111111,2011-07-31,9,1,19.11111111111111,42.888888888888886,,Pastick,,13.11111111111111,N,,,,,,
65.30388880000001,-145.6227776,2011-08-01,5,0,12.0,69.6,,Pastick,,10.8,Y,,,,,,
65.30472200000001,-145.661759,2011-08-01,3,1,56.0,56.0,,Pastick,,25.666666666666668,N,,,,,,
66.774444,-145.80805550000002,2011-08-12,2,1,48.0,139.5,,Pastick,,3.0,N,,,,,,
66.7119445,-145.716111,2011-08-12,2,0,37.0,115.5,,Pastick,,33.0,N,,,,,,
66.8247915,-144.5311805,2011-08-13,4,0,40.0,118.5,,Pastick,,22.25,N,,,,,,
66.733889,-145.7912222,2011-08-14,5,1,94.0,124.4,,Pastick,,15.8,N,,,,,,
67.19138866666667,-145.23925933333337,2011-08-15,3,1,103.66666666666667,103.66666666666667,,Pastick,,20.666666666666668,N,,,,,,
64.75438466666667,-135.81602533333333,1995-05-11,3,1,40.333333333333336,91.66666666666667,,Pastick,,40.666666666666664,N,,,,,,
65.3001512,-138.5580962,2001-10-27,5,1,84.2,143.2,,Pastick,,10.75,N,,,,,,
65.25763575,-137.90549925,1999-05-17,4,1,52.25,147.25,,Pastick,,53.25,N,,,,,,
64.819486,-138.1530175,1999-05-18,4,0,15.25,143.25,,Pastick,,16.25,N,,,,,,
65.11583066666667,-139.79759283333337,2003-06-18,6,1,82.0,110.33333333333333,,Pastick,,31.0,N,,,,,,
64.28050966666666,-135.496673,1995-04-18,3,1,139.5,139.5,,Pastick,,7.5,N,,,,,,
64.82435050000001,-137.7874465,1999-05-19,4,1,96.33333333333333,96.33333333333333,,Pastick,,26.5,N,,,,,,
64.47016675,-137.432444,1999-05-20,4,1,72.66666666666667,72.66666666666667,,Pastick,,49.333333333333336,N,,,,,,
64.17738533333333,-135.99613333333335,1995-04-26,3,1,109.66666666666667,109.66666666666667,,Pastick,,41.666666666666664,N,,,,,,
66.614375,-146.82194475,2011-09-02,4,1,62.5,105.0,,Pastick,,37.25,N,,,,,,
66.618704,-146.81648133333334,2011-09-02,3,0,23.666666666666668,137.0,,Pastick,,24.333333333333332,N,,,,,,
66.95541675,-145.46965275000002,2011-09-03,4,0,44.75,144.5,,Pastick,,14.0,N,,,,,,
65.5162176,-140.16992140000002,2001-11-11,5,1,118.2,118.2,,Pastick,,23.8,N,,,,,,
64.53025600000001,-136.33925966666666,1995-04-28,3,1,158.66666666666666,192.66666666666666,,Pastick,,19.5,N,,,,,,
64.31840866666666,-136.42330633333333,1995-04-29,3,1,147.5,147.5,,Pastick,,27.666666666666668,N,,,,,,
65.2733328,-140.2514572,2001-11-12,5,0,12.2,133.8,,Pastick,,23.2,N,,,,,,
64.90594100000001,-140.28986160000002,2001-11-13,5,1,80.4,117.4,,Pastick,,20.4,N,,,,,,
64.41526433333333,-136.24472233333333,1995-04-30,3,0,0.0,152.0,,Pastick,,17.0,N,,,,,,
64.43554233333333,-136.18859,1995-04-30,3,0,0.0,132.5,,Pastick,,6.5,N,,,,,,
64.46278566666666,-137.03829166666665,1995-05-01,3,0,20.333333333333332,121.66666666666667,,Pastick,,31.0,N,,,,,,
65.4717606,-141.0028514,2001-11-14,5,0,12.2,118.2,,Pastick,,69.6,N,,,,,,
65.02410683333333,-140.91599966666666,2003-07-06,6,1,64.83333333333333,115.66666666666667,,Pastick,,22.333333333333332,N,,,,,,
64.858792,-140.47969619999998,2001-11-16,5,1,52.25,131.0,,Pastick,,8.25,N,,,,,,
64.89679075,-138.82270075,1999-06-18,4,1,132.5,132.5,,Pastick,,26.0,N,,,,,,
63.20860533333333,-136.49239433333332,1995-06-07,3,1,40.5,40.5,,Pastick,,42.333333333333336,N,,,,,,
64.0201412,-140.251916,2001-12-29,5,0,20.2,87.4,,Pastick,,41.6,N,,,,,,
64.16156883333333,-140.98637166666666,2003-05-27,6,0,0.0,108.4,,Pastick,,6.4,Y,,,,,,
63.61439675,-137.330194,1999-04-29,4,0,29.666666666666668,71.33333333333333,,Pastick,,38.5,Y,,,,,,
64.1619512,-140.1242882,2001-10-09,5,1,40.8,53.0,,Pastick,,33.2,N,,,,,,
63.002204000000006,-136.31611633333333,1995-04-01,3,1,41.333333333333336,64.0,,Pastick,,72.0,,,,,,,
63.5685905,-138.36265525,1999-04-30,4,1,52.25,94.0,,Pastick,,36.0,Y,,,,,,
64.2192885,-140.68249566666668,2003-05-29,6,1,38.833333333333336,53.666666666666664,,Pastick,,26.666666666666668,N,,,,,,
63.400374,-138.601987,1999-05-01,4,1,63.0,68.0,,Pastick,,60.75,N,,,,,,
65.275694,-145.547361,2011-07-27,2,1,16.5,71.5,,Pastick,,18.0,N,,,,,,
65.27902800000001,-145.540417,2011-07-27,2,0,0.0,152.0,,Pastick,,0.0,N,,,,,,
65.17888914285713,-144.5188492857143,2011-07-28,7,0,27.571428571428573,80.57142857142857,,Pastick,,19.0,N,,,,,,
65.1879165,-144.51833299999998,2011-07-28,2,0,28.0,61.0,,Pastick,,7.5,Y,,,,,,
65.61562500000001,-145.7490975,2011-07-29,4,1,48.25,69.5,,Pastick,,20.25,N,,,,,,
65.608056,-145.69597199999998,2011-07-29,2,1,21.0,53.5,,Pastick,,21.0,N,,,,,,
65.04988900000001,-145.6449725,2011-08-25,2,0,0.0,64.0,,Pastick,,15.5,Y,,,,,,
65.05714833333333,-145.638315,2011-08-16,3,0,17.333333333333332,66.66666666666667,,Pastick,,18.0,N,,,,,,
65.057778,-145.62444449999998,2011-07-30,2,0,0.0,35.0,,Pastick,,4.5,Y,,,,,,
65.347222,-144.3819445,2011-07-31,2,0,22.0,53.5,,Pastick,,23.0,Y,,,,,,
65.3294445,-144.296528,2011-07-31,2,1,65.5,71.5,,Pastick,,35.0,Y,,,,,,
65.303611,-145.06569425,2011-08-01,4,0,12.0,60.25,,Pastick,,9.75,Y,,,,,,
65.26666675,-144.73604175,2011-07-08,4,0,20.0,58.0,,Pastick,,25.0,N,,,,,,
65.3983336,-144.7246666,2011-07-07,5,1,21.4,59.2,,Pastick,,17.0,N,,,,,,
65.3984998,-144.7052778,2011-07-06,5,0,4.2,48.8,,Pastick,,17.4,N,,,,,,
65.30935166666666,-144.875185,2011-07-10,3,0,15.666666666666666,59.333333333333336,,Pastick,,8.333333333333334,N,,,,,,
65.453194,-144.9730555,2011-07-12,2,0,0.0,51.0,,Pastick,,12.0,Y,,,,,,
65.334074,-144.664537,2011-07-05,3,0,0.0,52.0,,Pastick,,19.666666666666668,N,,,,,,
65.3404165,-144.64361100000002,2011-07-05,2,0,0.0,48.0,,Pastick,,21.5,N,,,,,,
65.36976185714286,-145.27960314285716,2011-07-06,7,0,0.0,79.14285714285714,,Pastick,,14.571428571428571,N,,,,,,
66.688333,-145.12138866666666,2011-08-13,3,0,50.0,152.0,,Pastick,,6.0,N,,,,,,
66.58812499999999,-146.88798625,2011-08-14,4,1,113.5,117.5,,Pastick,,34.75,N,,,,,,
66.473796,-144.998889,2011-08-15,3,0,0.0,158.66666666666666,,Pastick,,7.666666666666667,N,,,,,,
66.641944,-144.4308335,2011-08-16,2,0,26.0,118.0,,Pastick,,2.0,N,,,,,,
66.70796333333332,-144.276667,2011-08-16,3,0,20.0,137.33333333333334,,Pastick,,0.0,N,,,,,,
66.8406945,-145.107222,2011-08-17,2,0,0.0,160.0,,Pastick,,3.0,N,,,,,,
66.01388866666666,-144.543148,2011-09-12,3,1,78.0,78.0,,Pastick,,24.333333333333332,N,,,,,,
66.727778,-145.870972,2011-08-19,2,0,25.0,119.0,,Pastick,,10.5,N,,,,,,
66.72916699999999,-145.8319445,2011-08-19,2,0,25.0,102.5,,Pastick,,15.0,N,,,,,,
66.41256949999999,-143.7105555,2011-08-20,4,0,0.0,76.5,,Pastick,,23.25,N,,,,,,
66.41999999999999,-144.48541699999998,2011-08-21,2,1,129.0,129.0,,Pastick,,5.5,N,,,,,,
66.93076375,-146.44284725,2011-09-01,4,0,0.0,90.0,,Pastick,,20.5,N,,,,,,
66.7197225,-145.5377775,2011-09-02,2,0,55.0,155.0,,Pastick,,8.0,N,,,,,,
67.22412033333335,-145.26171283333335,2011-09-03,6,1,47.333333333333336,70.83333333333333,,Pastick,,15.666666666666666,N,,,,,,
66.869352,-145.14796266666667,2011-09-04,3,0,0.0,140.0,,Pastick,,13.0,N,,,,,,
66.880278,-145.141528,2011-09-04,2,0,0.0,157.5,,Pastick,,5.0,N,,,,,,
66.87259233333333,-146.2305553333333,2011-09-05,3,0,0.0,168.33333333333334,,Pastick,,15.333333333333334,N,,,,,,
66.88287033333333,-146.22101833333332,2011-09-05,3,0,0.0,86.66666666666667,,Pastick,,0.0,N,,,,,,
66.68861133333333,-145.78166666666667,2011-09-06,3,1,104.33333333333333,107.66666666666667,,Pastick,,17.666666666666668,N,,,,,,
66.68847249999999,-145.745833,2011-09-06,2,0,52.5,144.0,,Pastick,,36.0,N,,,,,,
67.04122219999999,-145.64422219999997,2011-09-07,5,0,24.0,152.0,,Pastick,,14.4,N,,,,,,
66.3865275,-146.43361099999998,2011-09-08,2,0,82.5,182.5,,Pastick,,2.0,N,,,,,,
66.394537,-146.42342599999998,2011-09-08,3,0,58.333333333333336,161.66666666666666,,Pastick,,20.333333333333332,N,,,,,,
66.2092222,-146.5177222,2011-09-09,5,1,98.4,99.0,,Pastick,,14.0,N,,,,,,
66.25044439999999,-146.2421112,2011-09-10,5,1,84.0,164.0,,Pastick,,19.4,N,,,,,,
66.3775,-146.356111,2011-09-11,2,0,0.0,200.0,,Pastick,,4.0,N,,,,,,
66.376852,-146.33259266666667,2011-09-11,3,1,120.0,153.33333333333334,,Pastick,,9.333333333333334,N,,,,,,
66.3608322,-164.7097168,2014-01-14,2,1,26.0,180.0,,Pastick,,0.0,N,,,,,,
66.54347229999999,-164.09791565,2014-01-14,2,1,42.0,80.0,,Pastick,,0.0,N,,,,,,
66.56194303333335,-164.45842486666666,2014-01-14,3,1,33.333333333333336,75.0,,Pastick,,0.0,N,,,,,,
64.84117285714287,-163.69635142857143,2013-08-11,14,1,33.42857142857143,33.42857142857143,,Schaefer_2020,,,,,,,,,
61.5991217,-159.46816224999998,2012-08-30,2,0,86.0,103.0,,Pastick,,0.0,N,,,,,,
61.59066960833334,-159.49077505,2012-08-30,12,1,68.08333333333333,208.75,,Pastick,,0.0,N,,,,,,
61.531209727272724,-158.78149786363636,2012-08-30,11,1,60.72727272727273,109.63636363636364,,Pastick,,0.0,N,,,,,,
61.601229780000004,-159.557839,2012-08-30,5,0,80.4,468.2,,Pastick,,0.0,N,,,,,,
61.54351520714287,-160.3235004714286,2012-08-30,14,0,87.64285714285714,132.07142857142858,,Pastick,,0.0,N,,,,,,
61.550065366666665,-160.32693046666665,2012-08-30,3,0,130.0,175.0,,Pastick,,0.0,N,,,,,,
61.5232828875,-158.746988075,2012-08-30,8,1,80.0,125.625,,Pastick,,0.0,N,,,,,,
61.858913,-158.13697893333332,2012-08-30,3,0,65.33333333333333,200.0,,Pastick,,0.0,N,,,,,,
61.86826935,-158.13182315,2012-08-30,2,1,57.5,97.5,,Pastick,,0.0,N,,,,,,
61.87202093333334,-158.11684803333333,2012-08-30,3,0,43.666666666666664,373.0,,Pastick,,0.0,N,,,,,,
61.52365113333334,-158.67261386666667,2012-08-30,3,0,65.33333333333333,155.0,,Pastick,,0.0,N,,,,,,
61.842019140000005,-158.09707050000003,2012-08-30,5,0,67.6,153.2,,Pastick,,0.0,N,,,,,,
61.843863766666665,-158.07614420000002,2012-08-30,3,1,72.66666666666667,111.66666666666667,,Pastick,,0.0,N,,,,,,
61.80018295,-157.3665599,2012-08-30,2,0,58.0,100.0,,Pastick,,0.0,N,,,,,,
61.8095308,-157.38346326666667,2012-08-30,3,1,82.0,133.33333333333334,,Pastick,,0.0,N,,,,,,
61.87608723333333,-157.67736106666666,2012-08-30,3,0,33.666666666666664,112.66666666666667,,Pastick,,0.0,N,,,,,,
61.87811713333334,-157.658286,2012-08-30,3,0,112.0,170.0,,Pastick,,0.0,N,,,,,,
61.8246412,-158.0364336,2012-08-30,2,1,111.5,180.0,,Pastick,,0.0,N,,,,,,
61.83629583333333,-158.0086974,2012-08-30,3,0,75.33333333333333,98.33333333333333,,Pastick,,0.0,N,,,,,,
61.79527383333334,-157.4294915,2012-08-30,3,0,65.0,126.33333333333333,,Pastick,,0.0,N,,,,,,
61.8524385,-157.62843525555553,2012-08-30,9,0,91.22222222222223,134.33333333333334,,Pastick,,0.0,N,,,,,,
61.855004750000006,-157.9466671,2012-08-30,2,1,116.0,150.0,,Pastick,,0.0,N,,,,,,
62.3829454,-159.5616589,2012-08-30,2,0,120.0,160.0,,Pastick,,0.0,N,,,,,,
62.382713083238386,-159.5818407464962,2003-07-18,2,1,92.5,117.5,,Pastick,2.0,75.0,N,,,,,,
62.381249966666665,-159.58107800000002,2012-08-30,3,1,85.0,125.0,,Pastick,,0.0,N,,,,,,
62.46496369198907,-159.51776058955187,2003-07-19,2,1,75.0,107.5,,Pastick,2.0,17.5,N,,,,,,
62.465114225,-159.514501075,2012-08-30,4,0,82.0,111.25,,Pastick,,0.0,N,,,,,,
61.87793245147019,-160.13862510266966,2003-08-12,2,0,50.0,125.0,,Pastick,3.0,67.0,N,,,,,,
61.87656056666666,-160.13818036666666,2012-08-30,3,0,92.33333333333333,456.3333333333333,,Pastick,,0.0,N,,,,,,
61.89500293935789,-160.50447455738006,2003-08-13,3,0,60.0,126.66666666666667,,Pastick,2.0,82.66666666666667,N,,,,,,
61.8938654,-160.50199916666665,2012-08-30,6,0,120.0,143.33333333333334,,Pastick,,0.0,N,,,,,,
61.5691115,-158.91792415,2012-08-30,2,1,72.0,80.0,,Pastick,,0.0,N,,,,,,
61.276151975,-160.566937425,2012-08-30,4,0,70.0,85.0,,Pastick,,0.0,N,,,,,,
61.28582,-160.57454633333336,2012-08-30,3,0,36.333333333333336,58.0,,Pastick,,0.0,N,,,,,,
61.295429025000004,-160.56920505,2012-08-30,4,0,52.5,102.5,,Pastick,,0.0,N,,,,,,
61.71770951999999,-158.19962272,2012-08-30,5,0,84.0,327.8,,Pastick,,0.0,N,,,,,,
61.7260138,-158.19239660000002,2012-08-30,3,0,58.333333333333336,200.0,,Pastick,,0.0,N,,,,,,
61.735453,-158.1497129,2012-08-30,2,0,75.0,85.0,,Pastick,,0.0,N,,,,,,
61.73078814,-158.13519034,2012-08-30,5,0,62.4,102.0,,Pastick,,0.0,N,,,,,,
61.7401169,-158.16015240000002,2012-08-30,7,0,66.0,128.57142857142858,,Pastick,,0.0,N,,,,,,
61.709272171428566,-158.24374015714284,2012-08-30,7,0,96.14285714285714,148.57142857142858,,Pastick,,0.0,N,,,,,,
61.721602399999995,-158.25081966666667,2012-08-30,3,0,58.0,103.33333333333333,,Pastick,,0.0,N,,,,,,
61.6805659,-158.21478614000003,2012-08-30,5,0,65.8,84.8,,Pastick,,0.0,N,,,,,,
61.63349176666667,-158.30582863333333,2012-08-30,3,1,165.0,200.0,,Pastick,,0.0,N,,,,,,
61.3148945,-159.9891406,2012-08-30,3,1,71.66666666666667,78.33333333333333,,Pastick,,0.0,N,,,,,,
61.3171205,-159.96908355,2012-08-30,2,0,67.5,175.0,,Pastick,,0.0,N,,,,,,
61.31398506666667,-159.9513881,2012-08-30,3,1,50.0,110.0,,Pastick,,0.0,N,,,,,,
61.29731326666666,-160.19241875,2012-08-30,6,1,72.16666666666667,95.0,,Pastick,,0.0,N,,,,,,
61.30046225,-160.1784848,2012-08-30,2,1,59.0,90.0,,Pastick,,0.0,N,,,,,,
61.288030649999996,-160.233655,2012-08-30,2,1,80.0,105.0,,Pastick,,0.0,N,,,,,,
61.2540528,-159.0707411,2012-08-30,2,1,65.0,80.0,,Pastick,,0.0,N,,,,,,
61.2557684,-159.04812635000002,2012-08-30,2,1,68.0,85.0,,Pastick,,0.0,N,,,,,,
61.258393766666664,-159.02906696666665,2012-08-30,3,1,70.33333333333333,85.0,,Pastick,,0.0,N,,,,,,
61.260646900000005,-159.01053276666667,2012-08-30,3,1,85.33333333333333,91.66666666666667,,Pastick,,0.0,N,,,,,,
61.76896360950445,-159.68674525264467,2004-08-16,3,1,68.33333333333333,79.0,,Pastick,1.0,34.333333333333336,N,,,,,,
61.76778603333333,-159.68419013333332,2012-08-30,3,1,68.33333333333333,79.0,,Pastick,,0.0,N,,,,,,
61.77867443630269,-159.6797110339104,2004-08-16,2,0,,95.0,,Pastick,4.0,85.0,N,,,,,,
61.77749675,-159.67715535000002,2012-08-30,2,0,85.0,95.0,,Pastick,,0.0,N,,,,,,
61.786416410418646,-159.6633836844146,2004-08-16,3,0,65.0,128.66666666666666,,Pastick,6.0,60.0,N,,,,,,
61.7852385,-159.66082793333337,2012-08-30,3,0,69.66666666666667,128.66666666666666,,Pastick,,0.0,N,,,,,,
61.79402613808812,-159.65462773225437,2004-08-17,2,1,67.5,72.5,,Pastick,2.0,11.5,N,,,,,,
61.797859124040514,-159.64615508137646,2004-08-17,2,1,90.0,97.5,,Pastick,4.0,3.0,N,,,,,,
61.79564163333333,-159.6453852,2012-08-30,3,1,83.33333333333333,90.0,,Pastick,,0.0,N,,,,,,
61.434601224999994,-159.081483075,2012-08-30,4,1,81.75,91.25,,Pastick,,0.0,N,,,,,,
61.440323750000005,-159.06592225,2012-08-30,2,1,60.0,79.0,,Pastick,,0.0,N,,,,,,
60.998781275,-159.0461981,2012-08-30,4,0,79.75,117.5,,Pastick,,0.0,N,,,,,,
60.997880249999994,-159.0240157,2012-08-30,2,0,74.0,145.0,,Pastick,,0.0,N,,,,,,
60.995053850000005,-158.98839085,2012-08-30,2,0,65.0,100.0,,Pastick,,0.0,N,,,,,,
61.7787101,-158.75248655000001,2012-08-30,2,1,101.5,135.0,,Pastick,,0.0,N,,,,,,
61.77661905,-158.71139234999998,2012-08-30,2,1,60.0,70.0,,Pastick,,0.0,N,,,,,,
61.78322883033294,-160.37231833015053,2004-08-28,3,0,48.0,151.66666666666666,,Pastick,8.0,29.333333333333332,N,,,,,,
61.7820642,-160.36973853333333,2012-08-30,3,0,72.66666666666667,151.66666666666666,,Pastick,,0.0,N,,,,,,
61.783996457955574,-160.34983009756797,2004-08-28,2,1,80.0,141.0,,Pastick,6.0,7.5,N,,,,,,
61.7828314,-160.347251,2012-08-30,2,1,100.0,141.0,,Pastick,,0.0,N,,,,,,
61.84705024382142,-159.08081841573107,2004-08-26,3,1,58.5,114.0,,Pastick,10.0,94.66666666666667,N,,,,,,
61.84586173333333,-159.07827786666667,2012-08-30,3,1,39.0,114.0,,Pastick,,0.0,N,,,,,,
61.8669517,-159.1154828,2012-08-30,2,1,59.5,82.5,,Pastick,,0.0,N,,,,,,
61.87693998591308,-159.13872006796134,2004-08-26,2,0,,87.5,,Pastick,5.0,9.5,N,,,,,,
61.8757526,-159.13617499999998,2012-08-30,2,0,52.0,87.5,,Pastick,,0.0,N,,,,,,
61.88555325,-159.1549546,2012-08-30,2,0,68.5,126.0,,Pastick,,0.0,N,,,,,,
61.80192355,-159.0482579,2012-08-30,2,0,75.0,110.0,,Pastick,,0.0,N,,,,,,
61.82964716139763,-159.07304203704516,2004-08-26,2,0,80.0,142.5,,Pastick,7.0,31.0,N,,,,,,
61.8284584,-159.07050320000002,2012-08-30,2,1,116.0,142.5,,Pastick,,0.0,N,,,,,,
61.32967636666667,-160.5757133333333,2012-08-30,3,0,68.66666666666667,153.33333333333334,,Pastick,,0.0,N,,,,,,
61.33987115,-160.5826494,2012-08-30,2,0,40.0,60.0,,Pastick,,0.0,N,,,,,,
61.3477259,-160.58301312499998,2012-08-30,4,0,74.25,95.0,,Pastick,,0.0,N,,,,,,
61.34830423333333,-160.56102383333334,2012-08-30,3,0,46.333333333333336,63.333333333333336,,Pastick,,0.0,N,,,,,,
61.35051715,-160.5478546,2012-08-30,2,1,60.0,75.0,,Pastick,,0.0,N,,,,,,
61.66338315,-158.2514931,2012-08-30,2,1,70.5,147.5,,Pastick,,0.0,N,,,,,,
61.59244495,-158.44822585,2012-08-30,2,1,54.0,95.0,,Pastick,,0.0,N,,,,,,
61.359748999999994,-158.93473953333333,2012-08-30,3,0,51.0,74.66666666666667,,Pastick,,0.0,N,,,,,,
61.94184886195643,-158.61971167200753,2004-08-27,2,0,55.0,75.0,,Pastick,9.0,21.5,Y,,,,,,
61.94274673333334,-158.61824613333334,2012-08-30,3,0,68.66666666666667,80.0,,Pastick,,0.0,N,,,,,,
61.7111027,-159.30020375,2012-08-30,2,1,66.0,89.0,,Pastick,,0.0,N,,,,,,
61.70847955,-159.27983855,2012-08-30,2,1,59.0,79.0,,Pastick,,0.0,N,,,,,,
61.72087343333334,-159.32095606666667,2012-08-30,3,1,57.0,75.0,,Pastick,,0.0,N,,,,,,
61.695220899999995,-160.51693835,2012-08-30,2,1,62.0,82.5,,Pastick,,0.0,N,,,,,,
61.705957250000004,-160.519768075,2012-08-30,4,1,73.5,132.5,,Pastick,,0.0,N,,,,,,
61.74951608181818,-158.19992503636365,2012-08-30,11,0,73.63636363636364,162.27272727272728,,Pastick,,0.0,N,,,,,,
61.3890799,-159.660228625,2012-08-30,4,1,62.25,93.0,,Pastick,,0.0,N,,,,,,
61.4432944,-160.31218596000002,2012-08-30,5,0,123.8,159.4,,Pastick,,0.0,N,,,,,,
61.54444586666667,-160.5723524166667,2012-08-30,6,1,47.166666666666664,71.83333333333333,,Pastick,,0.0,N,,,,,,
61.54045395,-160.55200395,2012-08-30,2,1,43.0,53.0,,Pastick,,0.0,N,,,,,,
62.15493375,-160.63761749999998,2012-08-30,2,0,80.0,171.0,,Pastick,,0.0,N,,,,,,
62.16022835,-160.61760185,2012-08-30,2,0,146.0,181.0,,Pastick,,0.0,N,,,,,,
62.16193575,-160.59657475,2012-08-30,2,0,101.5,182.0,,Pastick,,0.0,N,,,,,,
62.163506133333335,-160.57863569999998,2012-08-30,3,0,77.33333333333333,182.0,,Pastick,,0.0,N,,,,,,
61.62201376666667,-159.95381913333333,2012-08-30,3,0,89.0,123.0,,Pastick,,0.0,N,,,,,,
61.63203285,-159.95425945,2012-08-30,2,0,66.0,182.5,,Pastick,,0.0,N,,,,,,
61.64127175,-159.95027915,2012-08-30,2,0,97.0,155.0,,Pastick,,0.0,N,,,,,,
61.6480848,-159.95257723333336,2012-08-30,3,1,95.33333333333333,129.0,,Pastick,,0.0,N,,,,,,
61.451978,-158.6066173,2012-08-30,3,0,92.66666666666667,131.66666666666666,,Pastick,,0.0,N,,,,,,
61.4607917,-158.5866535,2012-08-30,2,0,92.5,113.5,,Pastick,,0.0,N,,,,,,
61.48112905,-158.52830645,2012-08-30,2,1,39.0,47.0,,Pastick,,0.0,N,,,,,,
61.88452899999999,-159.25974863333332,2012-08-30,3,0,49.333333333333336,65.33333333333333,,Pastick,,0.0,N,,,,,,
61.89784275,-159.33232550000002,2012-08-30,2,1,35.0,43.0,,Pastick,,0.0,N,,,,,,
61.60251452,-156.56485789999996,2012-08-30,5,0,96.8,112.2,,Pastick,,0.0,N,,,,,,
60.98042865,-157.4768943,2012-08-30,2,0,60.0,91.5,,Pastick,,0.0,N,,,,,,
61.0000338,-157.48270495,2012-08-30,2,0,102.5,192.0,,Pastick,,0.0,N,,,,,,
61.35880025,-156.23571125,2012-08-30,2,0,78.5,146.0,,Pastick,,0.0,N,,,,,,
61.3636257,-156.19696620000002,2012-08-30,2,0,130.0,192.0,,Pastick,,0.0,N,,,,,,
61.3650459,-156.17574565,2012-08-30,2,1,47.0,172.0,,Pastick,,0.0,N,,,,,,
62.154291224999994,-159.37302825,2012-08-30,4,1,61.5,97.5,,Pastick,,0.0,N,,,,,,
61.5135171,-156.5023841,2012-08-30,2,0,132.0,152.0,,Pastick,,0.0,N,,,,,,
61.52189105,-156.50156135,2012-08-30,2,1,80.0,152.0,,Pastick,,0.0,N,,,,,,
61.124303125000004,-156.3474673,2012-08-30,4,0,63.0,151.0,,Pastick,,0.0,N,,,,,,
61.13595255,-156.34659675,2012-08-30,2,0,81.5,151.0,,Pastick,,0.0,N,,,,,,
61.15974175,-156.351774875,2012-08-30,4,0,86.5,151.0,,Pastick,,0.0,N,,,,,,
61.18144595,-157.38866000000002,2012-08-30,2,0,111.0,152.0,,Pastick,,0.0,N,,,,,,
61.192404249999996,-157.3795231,2012-08-30,2,0,93.0,124.5,,Pastick,,0.0,N,,,,,,
61.202634933333336,-157.37677013333334,2012-08-30,3,0,102.0,152.0,,Pastick,,0.0,N,,,,,,
61.385002150000005,-156.427634,2012-08-30,2,0,112.0,151.0,,Pastick,,0.0,N,,,,,,
61.387044450000005,-156.4013597,2012-08-30,2,1,96.5,152.0,,Pastick,,0.0,N,,,,,,
61.389374200000006,-156.3837293,2012-08-30,2,1,63.5,152.0,,Pastick,,0.0,N,,,,,,
61.666468933333334,-156.16489903333334,2012-08-30,3,1,75.33333333333333,152.0,,Pastick,,0.0,N,,,,,,
61.666899966666655,-156.14645173333332,2012-08-30,3,0,107.66666666666667,152.0,,Pastick,,0.0,N,,,,,,
61.703329350000004,-160.11646194999997,2012-08-30,2,1,60.0,77.5,,Pastick,,0.0,N,,,,,,
62.66574852,-160.51885281999998,2012-08-30,5,0,120.4,170.0,,Pastick,,0.0,N,,,,,,
62.673974900000005,-160.5198251,2012-08-30,2,1,75.0,95.0,,Pastick,,0.0,N,,,,,,
62.091456575,-159.35382537499999,2012-08-30,4,1,67.75,107.5,,Pastick,,0.0,N,,,,,,
61.476410833333325,-159.24552396666667,2012-08-30,3,1,100.0,120.66666666666667,,Pastick,,0.0,N,,,,,,
61.475374,-159.2292231,2012-08-30,2,1,65.5,136.5,,Pastick,,0.0,N,,,,,,
64.7964386,-165.49052079999998,2012-08-30,3,0,46.333333333333336,150.66666666666666,,Pastick,,0.0,N,,,,,,
64.80212255,-165.47088855,2012-08-30,2,1,107.5,151.0,,Pastick,,0.0,N,,,,,,
64.7987456,-165.43349312,2012-08-30,5,1,70.4,150.0,,Pastick,,0.0,N,,,,,,
64.7837709,-165.63507873333333,2012-08-30,3,0,68.33333333333333,150.66666666666666,,Pastick,,0.0,N,,,,,,
64.79234406666666,-165.63213783333333,2012-08-30,3,0,73.66666666666667,150.0,,Pastick,,0.0,N,,,,,,
64.80082126666667,-165.6292278666667,2012-08-30,3,0,95.66666666666667,150.0,,Pastick,,0.0,N,,,,,,
61.191341,-159.22189303333334,2012-08-30,3,0,66.33333333333333,150.0,,Pastick,,0.0,N,,,,,,
61.19325965,-159.2015184,2012-08-30,2,0,46.0,150.0,,Pastick,,0.0,N,,,,,,
61.1950568,-159.17782914999998,2012-08-30,2,0,90.5,150.0,,Pastick,,0.0,N,,,,,,
61.1964784,-159.15599590000002,2012-08-30,3,0,86.0,150.0,,Pastick,,0.0,N,,,,,,
64.78937635,-165.59793845000002,2012-08-30,4,1,62.75,128.75,,Pastick,,0.0,N,,,,,,
64.8286097,-165.63366412,2012-08-30,5,0,73.8,132.4,,Pastick,,0.0,N,,,,,,
64.81899615,-165.4121621,2012-08-30,2,1,52.5,151.0,,Pastick,,0.0,N,,,,,,
64.7908485,-165.55605497142855,2012-08-30,7,0,65.0,150.28571428571428,,Pastick,,0.0,N,,,,,,
64.74956945,-165.6359319,2012-08-30,2,1,92.0,151.0,,Pastick,,0.0,N,,,,,,
61.747593959999996,-156.77776824,2012-08-30,5,0,61.0,102.0,,Pastick,,0.0,N,,,,,,
61.712466109999994,-157.19158089,2012-08-30,10,0,80.9,133.4,,Pastick,,0.0,N,,,,,,
62.1917077,-159.77712000000002,2012-08-30,4,0,90.0,113.25,,Pastick,,0.0,N,,,,,,
62.205538250000004,-159.77518295,2012-08-30,2,0,75.0,85.0,,Pastick,,0.0,N,,,,,,
62.186962775,-159.81016135,2012-08-30,4,0,86.0,103.5,,Pastick,,0.0,N,,,,,,
62.19006681983447,-159.7924931994885,2003-06-22,3,0,,180.0,,Pastick,4.0,143.33333333333334,N,,,,,,
62.187489549999995,-159.7951617,2012-08-30,2,0,98.5,175.0,,Pastick,,0.0,N,,,,,,
62.19448110946254,-159.78978134681142,2003-06-18,2,0,,185.0,,Pastick,2.0,20.5,N,,,,,,
62.1933071,-159.78718655,2012-08-30,2,0,69.0,185.0,,Pastick,,0.0,N,,,,,,
62.1963961975991,-159.77572620535273,2003-06-21,2,0,,132.5,,Pastick,4.0,15.0,N,,,,,,
62.195221950000004,-159.77313175,2012-08-30,2,0,49.5,132.5,,Pastick,,0.0,N,,,,,,
62.20632993818061,-159.7843333990356,2003-06-21,4,0,,111.25,,Pastick,2.0,12.25,N,,,,,,
62.20533031428572,-159.78682812857141,2012-08-30,7,0,105.57142857142857,128.57142857142858,,Pastick,,0.0,N,,,,,,
59.06972225,-157.42555555,2013-11-29,2,0,63.5,190.0,,Pastick,,0.0,N,,,,,,
59.0777778,-157.3972222,2013-11-29,2,0,117.5,140.0,,Pastick,,0.0,N,,,,,,
59.0786111,-157.3838889,2013-11-29,2,1,75.0,125.0,,Pastick,,0.0,N,,,,,,
59.0791667,-157.3672222,2013-11-29,2,0,80.0,105.0,,Pastick,,0.0,N,,,,,,
58.88118055,-157.109791675,2013-11-29,4,1,50.5,62.5,,Pastick,,0.0,N,,,,,,
58.89000000000001,-157.1287037,2013-11-29,3,1,42.0,101.66666666666667,,Pastick,,0.0,N,,,,,,
59.778402775,-159.8595139,2013-12-13,4,0,48.0,101.75,,Pastick,,0.0,N,,,,,,
59.779166700000005,-159.84083335,2013-12-13,2,0,67.5,136.0,,Pastick,,0.0,N,,,,,,
59.78111115,-159.82333334999998,2013-12-13,2,0,58.0,81.5,,Pastick,,0.0,N,,,,,,
59.77966666,-159.807,2013-12-13,5,0,32.0,80.0,,Pastick,,0.0,N,,,,,,
59.78880952857143,-159.82305554285716,2013-12-13,7,0,55.142857142857146,115.14285714285714,,Pastick,,0.0,N,,,,,,
59.146574066666666,-160.86138893333333,2013-12-13,3,0,70.66666666666667,152.0,,Pastick,,0.0,N,,,,,,
59.051111125,-161.2198611,2013-12-13,4,1,69.5,152.5,,Pastick,,0.0,N,,,,,,
59.32645835,-159.879236125,2013-12-13,4,0,73.5,152.0,,Pastick,,0.0,N,,,,,,
59.37319681428572,-157.44973374285718,2013-11-29,7,0,76.0,132.28571428571428,,Pastick,,0.0,N,,,,,,
59.371833349999996,-157.43733332999997,2013-11-29,10,0,95.7,125.0,,Pastick,,0.0,N,,,,,,
58.63824076666666,-158.06759256666666,2013-11-29,3,0,163.33333333333334,183.0,,Pastick,,0.0,N,,,,,,
58.6510185,-158.06722223333333,2013-11-29,3,1,36.666666666666664,77.33333333333333,,Pastick,,0.0,N,,,,,,
58.8676389,-157.5623611,2013-11-29,2,1,44.0,77.5,,Pastick,,0.0,N,,,,,,
58.86291665,-157.60277774999997,2013-11-29,2,1,62.5,82.5,,Pastick,,0.0,N,,,,,,
59.195463,-158.1165740666667,2013-11-29,3,0,126.66666666666667,153.66666666666666,,Pastick,,0.0,N,,,,,,
59.19936203333333,-158.07800093333336,2013-11-29,3,0,96.66666666666667,117.66666666666667,,Pastick,,0.0,N,,,,,,
59.24013885,-157.74055555,2013-11-29,2,1,76.0,121.5,,Pastick,,0.0,N,,,,,,
59.213796300000006,-157.7805555333333,2013-11-29,3,0,123.66666666666667,140.33333333333334,,Pastick,,0.0,N,,,,,,
59.22194445,-157.77097220000002,2013-11-29,2,0,92.0,183.0,,Pastick,,0.0,N,,,,,,
58.674444449999996,-158.04208334999998,2013-11-29,2,1,100.0,118.5,,Pastick,,0.0,N,,,,,,
58.77657406666666,-157.93805556666666,2013-11-29,3,0,72.33333333333333,122.0,,Pastick,,0.0,N,,,,,,
58.7713889,-157.9230556,2013-11-29,2,0,113.5,167.5,,Pastick,,0.0,N,,,,,,
59.2254167,-157.97305555,2013-11-29,2,0,130.0,183.0,,Pastick,,0.0,N,,,,,,
59.2336111,-157.9758333,2013-11-29,2,1,62.5,120.0,,Pastick,,0.0,N,,,,,,
58.98935183333333,-157.10287036666668,2013-11-29,3,0,93.33333333333333,132.66666666666666,,Pastick,,0.0,N,,,,,,
58.98833333333334,-157.08731479999997,2013-11-29,3,0,85.0,164.66666666666666,,Pastick,,0.0,N,,,,,,
59.15546296666667,-157.55805556666667,2013-11-29,3,0,45.0,116.0,,Pastick,,0.0,N,,,,,,
59.16777775,-157.544374975,2013-11-29,4,0,93.25,152.25,,Pastick,,0.0,N,,,,,,
59.1730556,-157.5416667,2013-11-29,2,0,115.0,180.0,,Pastick,,0.0,N,,,,,,
59.040648166666664,-158.01870369999997,2013-11-29,3,0,120.33333333333333,143.33333333333334,,Pastick,,0.0,N,,,,,,
59.04064813333334,-157.99791664999998,2013-11-29,6,0,61.166666666666664,133.66666666666666,,Pastick,,0.0,N,,,,,,
59.55682537142858,-157.6071031857143,2013-11-29,7,0,107.14285714285714,164.57142857142858,,Pastick,,0.0,N,,,,,,
59.624861100000004,-157.23541665,2013-11-29,2,1,126.0,181.5,,Pastick,,0.0,N,,,,,,
59.601012499999996,-157.22411805000002,2013-11-29,2,1,109.0,172.5,,Pastick,,0.0,N,,,,,,
58.6909722,-158.15944445,2013-11-29,2,1,31.5,112.0,,Pastick,,0.0,N,,,,,,
58.6952778,-158.1891667,2013-11-29,2,1,24.0,121.5,,Pastick,,0.0,N,,,,,,
58.85652775,-157.85166665,2013-11-29,4,0,114.0,145.0,,Pastick,,0.0,N,,,,,,
58.85944445,-157.8284722,2013-11-29,2,0,94.0,163.5,,Pastick,,0.0,N,,,,,,
59.133611099999996,-157.7845833,2013-11-29,2,1,108.5,132.0,,Pastick,,0.0,N,,,,,,
59.12930555,-157.76166665,2013-11-29,2,0,115.0,185.0,,Pastick,,0.0,N,,,,,,
59.129814833333334,-157.74740740000001,2013-11-29,3,0,89.66666666666667,164.0,,Pastick,,0.0,N,,,,,,
59.1359722,-157.74486115,2013-11-29,2,0,120.5,167.5,,Pastick,,0.0,N,,,,,,
58.97569445,-157.9184722,2013-11-29,4,1,38.25,116.25,,Pastick,,0.0,N,,,,,,
58.97666665,-157.89861115,2013-11-29,2,1,64.0,93.5,,Pastick,,0.0,N,,,,,,
59.68116666000001,-158.07711108000004,2013-11-29,5,0,105.4,150.8,,Pastick,,0.0,N,,,,,,
59.171666666666674,-158.02305553333335,2013-11-29,3,0,145.0,190.0,,Pastick,,0.0,N,,,,,,
59.182685166666666,-158.01499996666666,2013-11-29,3,0,66.33333333333333,109.0,,Pastick,,0.0,N,,,,,,
59.189166650000004,-158.00652780000001,2013-11-29,2,1,112.5,171.0,,Pastick,,0.0,N,,,,,,
59.1938889,-158.0,2013-11-29,2,0,51.5,77.5,,Pastick,,0.0,N,,,,,,
59.099583349999996,-158.30631945,2013-11-29,4,0,96.25,180.5,,Pastick,,0.0,N,,,,,,
59.10805555,-158.31805555,2013-11-29,4,0,52.5,150.5,,Pastick,,0.0,N,,,,,,
59.20180555,-157.1911111,2013-11-29,2,1,92.5,138.5,,Pastick,,0.0,N,,,,,,
59.203555560000005,-157.17050002000002,2013-11-29,5,0,78.0,120.4,,Pastick,,0.0,N,,,,,,
58.80069445,-157.8216667,2013-11-29,2,1,72.5,122.5,,Pastick,,0.0,N,,,,,,
58.82152775,-157.8279167,2013-11-29,2,1,63.0,100.0,,Pastick,,0.0,N,,,,,,
58.905,-157.35888887500002,2013-11-29,4,1,60.0,152.25,,Pastick,,0.0,N,,,,,,
59.39983335,-157.5458847,2013-11-29,2,1,65.0,115.0,,Pastick,,0.0,N,,,,,,
59.4194417,-157.55334305000002,2013-11-29,2,0,107.5,190.0,,Pastick,,0.0,N,,,,,,
59.4251417,-157.54938885,2013-11-29,2,0,150.0,170.0,,Pastick,,0.0,N,,,,,,
58.80019841428572,-158.54960318571426,2013-11-29,7,0,91.57142857142857,141.85714285714286,,Pastick,,0.0,N,,,,,,
58.7976852,-158.54453703333334,2013-11-29,3,0,87.66666666666667,147.66666666666666,,Pastick,,0.0,N,,,,,,
58.81148149999999,-158.55953703333333,2013-11-29,3,0,23.666666666666668,121.66666666666667,,Pastick,,0.0,N,,,,,,
58.81763889999999,-158.5532639,2013-11-29,4,0,89.0,127.5,,Pastick,,0.0,N,,,,,,
58.8230556,-158.5408333,2013-11-29,3,0,120.0,166.0,,Pastick,,0.0,N,,,,,,
58.83124997499999,-158.54805555000002,2013-11-29,4,0,90.75,176.5,,Pastick,,0.0,N,,,,,,
58.83694444,-158.55199998,2013-11-29,5,0,104.4,154.8,,Pastick,,0.0,N,,,,,,
58.83799999999999,-158.53788892,2013-11-29,5,0,71.0,167.8,,Pastick,,0.0,N,,,,,,
59.7169444375,-157.31121527500002,2013-11-29,8,0,99.125,157.5,,Pastick,,0.0,N,,,,,,
59.72055556666666,-157.2947222,2013-11-29,3,0,121.0,142.33333333333334,,Pastick,,0.0,N,,,,,,
59.71930555,-157.28152775,2013-11-29,2,0,25.5,31.0,,Pastick,,0.0,N,,,,,,
59.71805555,-157.25875000000002,2013-11-29,2,0,93.0,122.5,,Pastick,,0.0,N,,,,,,
59.727013875,-157.29277777500002,2013-11-29,4,0,130.0,165.25,,Pastick,,0.0,N,,,,,,
59.72619048571429,-157.2763889,2013-11-29,7,0,90.14285714285714,154.28571428571428,,Pastick,,0.0,N,,,,,,
59.72972223333333,-157.25305556666666,2013-11-29,3,0,70.33333333333333,93.33333333333333,,Pastick,,0.0,N,,,,,,
59.817499999999995,-157.03083335,2013-11-29,2,1,97.5,120.0,,Pastick,,0.0,N,,,,,,
59.6611111,-156.8833333,2013-11-29,2,1,47.5,77.5,,Pastick,,0.0,N,,,,,,
59.7011111,-156.81236109999998,2013-11-29,2,1,66.5,82.5,,Pastick,,0.0,N,,,,,,
60.180694450000004,-157.38930555000002,2013-11-29,2,1,113.5,140.0,,Pastick,,0.0,N,,,,,,
60.166250000000005,-157.42430554999999,2013-11-29,2,1,92.5,116.5,,Pastick,,0.0,N,,,,,,
60.03458335,-157.6127778,2013-11-29,2,1,76.0,137.5,,Pastick,,0.0,N,,,,,,
59.076277759999996,-157.77183331999998,2013-11-29,5,0,101.6,148.0,,Pastick,,0.0,N,,,,,,
59.07375,-157.75375,2013-11-29,6,0,106.5,133.33333333333334,,Pastick,,0.0,N,,,,,,
59.079027800000006,-157.77819445,2013-11-29,2,0,125.0,180.0,,Pastick,,0.0,N,,,,,,
59.0800926,-157.75185183333335,2013-11-29,3,0,78.66666666666667,116.66666666666667,,Pastick,,0.0,N,,,,,,
60.37133332,-157.90366666,2013-11-29,5,0,88.0,109.4,,Pastick,,0.0,N,,,,,,
60.72166665,-154.66319445,2013-11-29,2,0,51.0,60.5,,Pastick,,0.0,N,,,,,,
60.717166680000005,-154.64144444,2013-11-29,5,0,29.2,67.0,,Pastick,,0.0,N,,,,,,
60.0963889,-156.24925926666666,2013-11-29,3,1,64.33333333333333,75.33333333333333,,Pastick,,0.0,N,,,,,,
60.39705556,-156.15883334,2013-11-29,5,0,46.4,76.4,,Pastick,,0.0,N,,,,,,
59.889861125,-156.01881945,2013-11-29,4,0,66.25,95.0,,Pastick,,0.0,N,,,,,,
59.4323148,-157.3464815,2013-11-29,3,0,92.33333333333333,129.0,,Pastick,,0.0,N,,,,,,
59.44180555,-157.32791665,2013-11-29,2,0,132.5,147.5,,Pastick,,0.0,N,,,,,,
59.882361149999994,-155.60194445000002,2013-11-29,2,1,49.5,116.0,,Pastick,,0.0,N,,,,,,
59.553333333333335,-157.23194443333333,2013-11-29,3,0,89.0,141.66666666666666,,Pastick,,0.0,N,,,,,,
58.9309722,-157.205,2013-11-29,2,1,71.5,47.5,,Pastick,,0.0,N,,,,,,
59.6161111,-157.36722220000001,2013-11-29,2,1,76.5,152.5,,Pastick,,0.0,N,,,,,,
59.642638899999994,-157.25625,2013-11-29,4,0,73.75,128.25,,Pastick,,0.0,N,,,,,,
59.818375,-156.984425,2013-04-08,2,1,79.5,152.0,,Pastick,,0.0,N,,,,,,
64.90404129999999,-163.66923524999999,2014-01-14,2,0,75.0,95.0,,Pastick,,0.0,N,,,,,,
61.57141756666666,-159.55124693333335,2012-08-30,3,0,150.0,200.0,,Pastick,,0.0,N,,,,,,
61.56876896666666,-159.5400357,2012-08-30,3,0,141.66666666666666,185.0,,Pastick,,0.0,N,,,,,,
61.56755881666666,-159.5226814,2012-08-30,6,0,100.0,178.5,,Pastick,,0.0,N,,,,,,
61.57993268888889,-159.5788389,2012-08-30,9,0,114.55555555555556,288.77777777777777,,Pastick,,0.0,N,,,,,,
61.58059828181819,-159.24221409999998,2012-08-30,11,0,119.72727272727273,182.1818181818182,,Pastick,,0.0,N,,,,,,
61.536203549999996,-158.6062883,2012-08-30,4,0,44.75,88.75,,Pastick,,0.0,N,,,,,,
61.5936718,-159.0170566,2012-08-30,4,0,81.0,319.5,,Pastick,,0.0,N,,,,,,
61.58195203333333,-159.94041373333334,2012-08-30,3,0,81.66666666666667,466.3333333333333,,Pastick,,0.0,N,,,,,,
61.835332418181814,-157.61737216363636,2012-08-30,11,0,56.36363636363637,178.0,,Pastick,,0.0,N,,,,,,
61.8415605,-157.6106125,2012-08-30,2,0,144.5,200.0,,Pastick,,0.0,N,,,,,,
61.848425,-157.60313843333333,2012-08-30,3,0,34.0,88.0,,Pastick,,0.0,N,,,,,,
61.853123566666675,-157.59389111666667,2012-08-30,6,0,55.333333333333336,241.0,,Pastick,,0.0,N,,,,,,
61.70708825,-157.14662555,2012-08-30,4,0,135.0,200.0,,Pastick,,0.0,N,,,,,,
61.58669833333334,-159.52896913333333,2012-08-30,3,0,133.33333333333334,196.66666666666666,,Pastick,,0.0,N,,,,,,
61.690796733333336,-157.16375506666665,2012-08-30,3,0,92.66666666666667,183.33333333333334,,Pastick,,0.0,N,,,,,,
61.676052775,-157.189412575,2012-08-30,4,0,79.75,155.0,,Pastick,,0.0,N,,,,,,
61.68203866,-157.18196782,2012-08-30,5,0,99.4,152.0,,Pastick,,0.0,N,,,,,,
61.72790176666667,-157.14764036666668,2012-08-30,3,0,114.66666666666667,174.66666666666666,,Pastick,,0.0,N,,,,,,
61.737353799999994,-157.16455574999998,2012-08-30,8,0,91.75,170.375,,Pastick,,0.0,N,,,,,,
61.734428824999995,-157.2366653,2012-08-30,4,0,92.5,162.5,,Pastick,,0.0,N,,,,,,
61.74318462,-157.2340188,2012-08-30,5,0,75.6,178.0,,Pastick,,0.0,N,,,,,,
61.65430796666667,-157.14861961666668,2012-08-30,6,0,78.0,162.5,,Pastick,,0.0,N,,,,,,
61.78834055,-157.39402404999998,2012-08-30,2,0,100.0,117.0,,Pastick,,0.0,N,,,,,,
61.7776758,-157.38616274999998,2012-08-30,2,0,47.0,71.5,,Pastick,,0.0,N,,,,,,
61.8337504,-157.56483405,2012-08-30,2,0,84.0,147.5,,Pastick,,0.0,N,,,,,,
61.82113405,-157.5715553,2012-08-30,2,0,62.0,92.0,,Pastick,,0.0,N,,,,,,
61.86454676666667,-157.65661736666667,2012-08-30,3,0,63.333333333333336,129.0,,Pastick,,0.0,N,,,,,,
61.90222717500001,-157.79663115,2012-08-30,4,0,69.0,79.75,,Pastick,,0.0,N,,,,,,
61.81155570000001,-156.48908566666668,2012-08-30,3,0,101.66666666666667,163.33333333333334,,Pastick,,0.0,N,,,,,,
61.82109296666667,-156.49394633333335,2012-08-30,3,0,140.0,200.0,,Pastick,,0.0,N,,,,,,
61.792607733333334,-156.50651373333335,2012-08-30,3,0,101.66666666666667,200.0,,Pastick,,0.0,N,,,,,,
61.792433200000005,-156.69182650000002,2012-08-30,3,0,61.0,153.33333333333334,,Pastick,,0.0,N,,,,,,
61.80782919999999,-156.69466303333334,2012-08-30,3,0,54.333333333333336,193.33333333333334,,Pastick,,0.0,N,,,,,,
61.7075086,-156.95611315,2012-08-30,2,0,70.5,569.5,,Pastick,,0.0,N,,,,,,
61.779119925,-156.606810625,2012-08-30,4,0,117.0,177.5,,Pastick,,0.0,N,,,,,,
61.787434250000004,-156.5992259,2012-08-30,4,0,51.5,123.75,,Pastick,,0.0,N,,,,,,
61.60160976666666,-159.43089243333336,2012-08-30,3,0,148.33333333333334,466.3333333333333,,Pastick,,0.0,N,,,,,,
61.5983827,-159.41188015,2012-08-30,2,0,79.5,134.5,,Pastick,,0.0,N,,,,,,
61.77065468333333,-157.3573094666667,2012-08-30,6,0,89.5,104.0,,Pastick,,0.0,N,,,,,,
61.88414215,-157.74596185000001,2012-08-30,2,0,74.0,140.0,,Pastick,,0.0,N,,,,,,
61.89502775,-157.75631505,2012-08-30,2,0,125.0,200.0,,Pastick,,0.0,N,,,,,,
61.90492235000001,-157.75146835,2012-08-30,2,0,33.5,529.5,,Pastick,,0.0,N,,,,,,
61.7746441,-156.77148942,2012-08-30,5,0,84.2,190.0,,Pastick,,0.0,N,,,,,,
61.8021897,-157.5152604,2012-08-30,2,0,91.0,165.0,,Pastick,,0.0,N,,,,,,
61.765744075,-157.250351825,2012-08-30,4,0,61.5,165.0,,Pastick,,0.0,N,,,,,,
61.78751486666667,-157.32039283333333,2012-08-30,3,0,74.33333333333333,161.33333333333334,,Pastick,,0.0,N,,,,,,
61.8559118,-157.9812715,2012-08-30,2,0,48.5,85.0,,Pastick,,0.0,N,,,,,,
61.80014955,-156.452469,2012-08-30,2,0,88.5,200.0,,Pastick,,0.0,N,,,,,,
61.768838599999995,-156.5325353,2012-08-30,2,0,110.5,150.0,,Pastick,,0.0,N,,,,,,
61.76398016666667,-156.51986423333335,2012-08-30,3,0,80.33333333333333,133.33333333333334,,Pastick,,0.0,N,,,,,,
61.77511318333333,-156.55635146666665,2012-08-30,6,0,95.16666666666667,180.0,,Pastick,,0.0,N,,,,,,
61.7353212,-156.8203499,2012-08-30,2,0,75.5,200.0,,Pastick,,0.0,N,,,,,,
61.80204205,-158.16123745,2012-08-30,2,0,76.0,100.0,,Pastick,,0.0,N,,,,,,
62.2174186,-159.9008232,2012-08-30,2,0,115.0,135.0,,Pastick,,0.0,N,,,,,,
62.050074124999995,-160.051279,2012-08-30,4,0,140.0,160.0,,Pastick,,0.0,N,,,,,,
62.10483946666667,-160.05435536666667,2012-08-30,3,0,140.0,160.0,,Pastick,,0.0,N,,,,,,
62.101513745368614,-160.0364434762994,2003-06-25,3,0,,185.0,,Pastick,3.0,9.333333333333334,N,,,,,,
62.10034406666667,-160.0338481,2012-08-30,3,0,131.66666666666666,185.0,,Pastick,,0.0,N,,,,,,
62.114764250267456,-160.07679334149574,2003-06-26,3,0,,113.33333333333333,,Pastick,1.0,29.666666666666668,N,,,,,,
62.112601985714285,-160.06959102857144,2012-08-30,7,0,92.14285714285714,116.42857142857143,,Pastick,,0.0,N,,,,,,
62.14280785,-159.77686895,2012-08-30,2,0,140.0,160.0,,Pastick,,0.0,N,,,,,,
62.0729086,-159.8689698,2012-08-30,2,0,135.0,192.5,,Pastick,,0.0,N,,,,,,
62.298220799999996,-160.0696954,2012-08-30,2,0,180.0,200.0,,Pastick,,0.0,N,,,,,,
62.201811199999995,-160.13051653999997,2012-08-30,5,0,126.0,144.0,,Pastick,,0.0,N,,,,,,
62.225876125,-160.08562444999998,2012-08-30,4,0,90.0,110.0,,Pastick,,0.0,N,,,,,,
62.23324915761316,-160.08802823884884,2003-07-15,2,0,,114.0,,Pastick,2.0,11.5,N,,,,,,
62.2327371,-160.08273020000001,2012-08-30,4,0,99.5,137.0,,Pastick,,0.0,N,,,,,,
62.156472900000004,-159.65672163333332,2012-08-30,3,0,105.66666666666667,173.33333333333334,,Pastick,,0.0,N,,,,,,
62.64676210000001,-159.54187976666665,2012-08-30,6,0,130.0,150.0,,Pastick,,0.0,N,,,,,,
62.54295007499999,-159.538539475,2012-08-30,4,0,86.25,106.25,,Pastick,,0.0,N,,,,,,
62.296506525,-159.93088467500002,2012-08-30,4,0,122.5,140.0,,Pastick,,0.0,N,,,,,,
62.50955825,-160.3250081,2012-08-30,2,0,115.0,135.0,,Pastick,,0.0,N,,,,,,
62.500600575,-160.316048875,2012-08-30,4,0,120.75,135.75,,Pastick,,0.0,N,,,,,,
62.40474176,-160.08839196000002,2012-08-30,5,0,128.0,148.0,,Pastick,,0.0,N,,,,,,
62.40145838000001,-160.06580828,2012-08-30,5,0,120.0,140.0,,Pastick,,0.0,N,,,,,,
61.96271242500001,-160.475331375,2012-08-30,4,0,52.5,72.5,,Pastick,,0.0,N,,,,,,
61.978238899999994,-160.47463119999998,2012-08-30,2,0,140.0,160.0,,Pastick,,0.0,N,,,,,,
61.82274996666666,-160.1130836,2012-08-30,3,0,56.666666666666664,76.66666666666667,,Pastick,,0.0,N,,,,,,
61.91839505,-160.34975745000003,2012-08-30,2,0,140.0,160.0,,Pastick,,0.0,N,,,,,,
61.994549112499996,-160.43944029999997,2012-08-30,8,0,110.0,130.0,,Pastick,,0.0,N,,,,,,
61.906885925000005,-159.957463,2012-08-30,4,0,143.0,167.5,,Pastick,,0.0,N,,,,,,
61.93078286666667,-159.7603042,2012-08-30,3,0,76.66666666666667,93.33333333333333,,Pastick,,0.0,N,,,,,,
61.917424925,-160.6622096,2012-08-30,4,0,160.5,182.5,,Pastick,,0.0,N,,,,,,
61.979033468854304,-160.90382076311545,2003-08-18,2,0,,95.0,,Pastick,1.0,5.5,N,,,,,,
61.97559630000001,-160.8979100857143,2012-08-30,7,0,105.14285714285714,133.57142857142858,,Pastick,,0.0,N,,,,,,
62.75406838,-160.12289266000002,2012-08-30,5,0,108.0,128.0,,Pastick,,0.0,N,,,,,,
62.750005200000004,-160.1668618,2012-08-30,3,0,140.0,160.0,,Pastick,,0.0,N,,,,,,
62.684139349999995,-160.20431205,2012-08-30,2,0,150.0,175.0,,Pastick,,0.0,N,,,,,,
62.6959924,-160.24722970000002,2012-08-30,6,0,123.33333333333333,143.33333333333334,,Pastick,,0.0,N,,,,,,
62.656611049999995,-160.19653935000002,2012-08-30,2,0,140.0,160.0,,Pastick,,0.0,N,,,,,,
62.645650399999994,-160.20096977499998,2012-08-30,4,0,140.0,157.5,,Pastick,,0.0,N,,,,,,
62.668705,-160.21869900000002,2012-08-30,2,0,140.0,160.0,,Pastick,,0.0,N,,,,,,
62.66565455,-160.333428175,2012-08-30,4,0,120.25,155.0,,Pastick,,0.0,N,,,,,,
62.661260049999996,-160.30049115,2012-08-30,2,0,130.0,145.0,,Pastick,,0.0,N,,,,,,
62.6719023,-160.34101665,2012-08-30,2,0,92.5,177.5,,Pastick,,0.0,N,,,,,,
62.664579,-160.3156879,2012-08-30,2,0,162.5,200.0,,Pastick,,0.0,N,,,,,,
62.91611776666667,-160.08031346666667,2012-08-30,3,0,123.33333333333333,143.33333333333334,,Pastick,,0.0,N,,,,,,
62.91090165,-160.06211639999998,2012-08-30,2,0,132.5,175.0,,Pastick,,0.0,N,,,,,,
62.88338964,-160.0740264,2012-08-30,5,0,120.0,140.0,,Pastick,,0.0,N,,,,,,
62.90044845,-160.06750365,2012-08-30,2,0,140.0,160.0,,Pastick,,0.0,N,,,,,,
62.92833016666666,-160.10523873333332,2012-08-30,3,0,88.33333333333333,108.33333333333333,,Pastick,,0.0,N,,,,,,
61.545999225,-158.84895594999998,2012-08-30,4,0,55.0,121.0,,Pastick,,0.0,N,,,,,,
61.45992565714287,-160.64069865714285,2012-08-30,7,0,161.71428571428572,197.14285714285714,,Pastick,,0.0,N,,,,,,
61.41904306,-160.57676202,2012-08-30,5,0,104.2,190.0,,Pastick,,0.0,N,,,,,,
61.43107643999999,-160.57820176,2012-08-30,5,0,124.0,200.0,,Pastick,,0.0,N,,,,,,
61.472990225000004,-160.383562725,2012-08-30,4,0,140.0,160.0,,Pastick,,0.0,N,,,,,,
61.49018676666666,-160.4490375,2012-08-30,3,0,150.0,170.0,,Pastick,,0.0,N,,,,,,
61.386632199999994,-160.57749695,2012-08-30,2,0,140.0,160.0,,Pastick,,0.0,N,,,,,,
61.49073126666667,-160.12169073333334,2012-08-30,3,0,173.33333333333334,193.33333333333334,,Pastick,,0.0,N,,,,,,
61.49960543333333,-160.13354856666666,2012-08-30,6,0,125.33333333333333,145.0,,Pastick,,0.0,N,,,,,,
61.56360342000001,-160.33419743999997,2012-08-30,5,0,48.0,68.0,,Pastick,,0.0,N,,,,,,
61.5606739,-160.31651575,2012-08-30,2,0,90.0,110.0,,Pastick,,0.0,N,,,,,,
61.570012000000006,-160.3404773,2012-08-30,2,0,115.0,135.0,,Pastick,,0.0,N,,,,,,
61.6589082,-158.27660155,2012-08-30,2,0,50.5,200.0,,Pastick,,0.0,N,,,,,,
61.313430325,-157.2156941,2012-08-30,4,0,77.5,160.0,,Pastick,,0.0,N,,,,,,
61.31281625,-157.19622905,2012-08-30,2,0,110.0,130.0,,Pastick,,0.0,N,,,,,,
61.32275972,-157.17933137999998,2012-08-30,5,0,52.2,93.2,,Pastick,,0.0,N,,,,,,
61.35465226666667,-157.11000620000002,2012-08-30,3,0,82.0,158.33333333333334,,Pastick,,0.0,N,,,,,,
61.352649549999995,-157.0906175,2012-08-30,2,0,142.5,200.0,,Pastick,,0.0,N,,,,,,
61.524527675,-156.94163177500002,2012-08-30,4,0,129.25,187.5,,Pastick,,0.0,N,,,,,,
61.53338465,-156.9273932,2012-08-30,2,0,105.0,200.0,,Pastick,,0.0,N,,,,,,
61.37614658,-157.03971302,2012-08-30,10,0,107.4,177.0,,Pastick,,0.0,N,,,,,,
61.44059014,-157.05001406000002,2012-08-30,5,0,150.0,200.0,,Pastick,,0.0,N,,,,,,
61.449856749999995,-157.37984,2012-08-30,2,0,40.5,107.5,,Pastick,,0.0,N,,,,,,
61.460930225000006,-157.4034071,2012-08-30,4,0,47.5,299.75,,Pastick,,0.0,N,,,,,,
61.1418951,-157.79872013333332,2012-08-30,3,0,111.66666666666667,466.3333333333333,,Pastick,,0.0,N,,,,,,
61.143097350000005,-157.77688915,2012-08-30,2,0,71.0,112.5,,Pastick,,0.0,N,,,,,,
61.1479506,-157.99808919999998,2012-08-30,2,0,112.5,534.5,,Pastick,,0.0,N,,,,,,
61.36007273333333,-157.8188437,2012-08-30,3,0,103.33333333333333,126.66666666666667,,Pastick,,0.0,N,,,,,,
61.16030836666667,-158.559299,2012-08-30,3,0,54.333333333333336,999.0,,Pastick,,0.0,N,,,,,,
61.16985173333333,-158.56019469999998,2012-08-30,3,0,35.0,403.0,,Pastick,,0.0,N,,,,,,
61.17894045,-158.56534875,2012-08-30,2,0,93.5,130.0,,Pastick,,0.0,N,,,,,,
61.188037050000005,-158.56880385,2012-08-30,2,0,47.5,102.5,,Pastick,,0.0,N,,,,,,
61.702412499999994,-158.33553799999999,2012-08-30,4,0,63.25,550.75,,Pastick,,0.0,N,,,,,,
61.712129825000005,-158.32850079999997,2012-08-30,4,0,68.25,555.0,,Pastick,,0.0,N,,,,,,
61.71929325,-158.32566335,2012-08-30,2,0,57.5,999.0,,Pastick,,0.0,N,,,,,,
61.86172905,-158.4830093,2012-08-30,2,0,72.5,544.5,,Pastick,,0.0,N,,,,,,
61.871310550000004,-158.475528,2012-08-30,2,0,110.0,200.0,,Pastick,,0.0,N,,,,,,
61.71718535,-159.1531815,2012-08-30,2,0,62.5,140.0,,Pastick,,0.0,N,,,,,,
61.725908833333335,-159.14256816666668,2012-08-30,3,0,56.666666666666664,105.0,,Pastick,,0.0,N,,,,,,
61.56958395,-158.1348164,2012-08-30,2,0,57.5,999.0,,Pastick,,0.0,N,,,,,,
61.57890005,-158.1252245,2012-08-30,2,0,68.0,82.0,,Pastick,,0.0,N,,,,,,
61.13963313333333,-159.94924623333335,2012-08-30,3,0,82.66666666666667,132.0,,Pastick,,0.0,N,,,,,,
61.14258280000001,-159.77361056666666,2012-08-30,3,0,66.66666666666667,150.0,,Pastick,,0.0,N,,,,,,
61.149785233333326,-159.7990274,2012-08-30,3,0,118.0,166.66666666666666,,Pastick,,0.0,N,,,,,,
61.479623575,-160.56300572499998,2012-08-30,4,0,144.0,177.5,,Pastick,,0.0,N,,,,,,
61.486855899999995,-160.5565558,2012-08-30,2,0,103.0,175.0,,Pastick,,0.0,N,,,,,,
61.40123385,-160.61222800000002,2012-08-30,2,0,140.0,160.0,,Pastick,,0.0,N,,,,,,
61.45892885,-160.216333325,2012-08-30,4,0,93.5,120.0,,Pastick,,0.0,N,,,,,,
61.46641275,-160.22805415,2012-08-30,2,0,155.0,175.0,,Pastick,,0.0,N,,,,,,
61.64453136666666,-158.28497126666664,2012-08-30,3,0,63.333333333333336,200.0,,Pastick,,0.0,N,,,,,,
61.6376236,-158.26917355,2012-08-30,2,0,55.0,75.0,,Pastick,,0.0,N,,,,,,
61.647136599999996,-158.29163690000001,2012-08-30,2,0,52.0,140.0,,Pastick,,0.0,N,,,,,,
61.422040550000006,-157.05678165,2012-08-30,2,0,100.5,200.0,,Pastick,,0.0,N,,,,,,
61.4136545,-157.08263513333335,2012-08-30,3,0,96.66666666666667,200.0,,Pastick,,0.0,N,,,,,,
61.41872305,-157.07929095,2012-08-30,2,0,95.0,249.5,,Pastick,,0.0,N,,,,,,
61.52037684,-157.00052678000003,2012-08-30,5,0,112.8,196.0,,Pastick,,0.0,N,,,,,,
61.76064544254309,-159.87970596152,2004-08-16,4,0,,70.5,,Pastick,1.0,8.75,N,,,,,,
61.759471475,-159.8771449,2012-08-30,4,0,48.0,70.5,,Pastick,,0.0,N,,,,,,
61.77140226351851,-159.8352068566275,2004-08-17,2,0,,77.5,,Pastick,1.0,6.5,N,,,,,,
61.77022745,-159.8326464,2012-08-30,2,0,46.0,77.5,,Pastick,,0.0,N,,,,,,
61.77562384902925,-159.8116384372654,2004-08-17,2,0,,137.5,,Pastick,3.0,12.0,N,,,,,,
61.77444865,-159.80907845000002,2012-08-30,2,0,75.0,137.5,,Pastick,,0.0,N,,,,,,
60.89666895,-159.1706001,2012-08-30,2,0,45.0,75.0,,Pastick,,0.0,N,,,,,,
60.9369662,-159.163868,2012-08-30,2,0,33.5,87.5,,Pastick,,0.0,N,,,,,,
61.42548943333333,-157.60671976666666,2012-08-30,3,0,41.666666666666664,81.0,,Pastick,,0.0,N,,,,,,
61.4358284,-157.599559,2012-08-30,3,0,40.0,75.0,,Pastick,,0.0,N,,,,,,
61.30496415,-157.51720369999998,2012-08-30,2,0,89.0,151.0,,Pastick,,0.0,N,,,,,,
61.29001735,-157.49751985,2012-08-30,2,0,72.5,120.0,,Pastick,,0.0,N,,,,,,
61.28102345,-157.4736573,2012-08-30,2,0,33.5,62.5,,Pastick,,0.0,N,,,,,,
61.000249100000005,-157.92745935,2012-08-30,2,0,103.5,190.0,,Pastick,,0.0,N,,,,,,
60.9989288,-157.86112375,2012-08-30,2,0,89.0,150.0,,Pastick,,0.0,N,,,,,,
61.108124266666664,-158.4531009,2012-08-30,3,0,50.666666666666664,100.66666666666667,,Pastick,,0.0,N,,,,,,
61.11752615,-158.45805424999998,2012-08-30,2,0,66.5,102.5,,Pastick,,0.0,N,,,,,,
61.1245395,-158.4618136,2012-08-30,2,0,50.0,87.5,,Pastick,,0.0,N,,,,,,
61.67748845,-158.52403905,2012-08-30,2,0,69.0,97.5,,Pastick,,0.0,N,,,,,,
61.687648519999996,-158.53178459999998,2012-08-30,5,0,60.2,89.0,,Pastick,,0.0,N,,,,,,
61.632392,-158.69189076666666,2012-08-30,3,0,68.33333333333333,90.0,,Pastick,,0.0,N,,,,,,
61.640139,-158.69575733333332,2012-08-30,3,0,39.666666666666664,61.666666666666664,,Pastick,,0.0,N,,,,,,
61.50315203333333,-158.25947956666667,2012-08-30,3,0,55.333333333333336,103.33333333333333,,Pastick,,0.0,N,,,,,,
61.51193655,-158.2655476,2012-08-30,2,0,42.5,62.5,,Pastick,,0.0,N,,,,,,
60.9953457,-158.94947665,2012-08-30,2,0,59.0,98.5,,Pastick,,0.0,N,,,,,,
60.994835800000004,-158.9098338,2012-08-30,2,0,80.0,130.0,,Pastick,,0.0,N,,,,,,
60.998157,-158.89083714999998,2012-08-30,2,0,50.0,62.5,,Pastick,,0.0,N,,,,,,
60.99232615,-158.8755334,2012-08-30,2,0,68.5,88.5,,Pastick,,0.0,N,,,,,,
61.06918374999999,-156.69787835,2012-08-30,2,0,93.5,123.5,,Pastick,,0.0,N,,,,,,
61.08932325000001,-156.69829744999998,2012-08-30,2,0,61.0,87.5,,Pastick,,0.0,N,,,,,,
61.245135766666664,-156.54384306666665,2012-08-30,3,0,135.66666666666666,192.0,,Pastick,,0.0,N,,,,,,
61.25001245,-156.59888725000002,2012-08-30,2,0,120.0,172.0,,Pastick,,0.0,N,,,,,,
61.0153746,-157.47520706666668,2012-08-30,3,0,66.33333333333333,127.0,,Pastick,,0.0,N,,,,,,
61.96685336666667,-156.75626426666668,2012-08-30,3,0,53.333333333333336,128.0,,Pastick,,0.0,N,,,,,,
61.977123225,-156.7552023,2012-08-30,4,0,76.25,134.75,,Pastick,,0.0,N,,,,,,
61.762180066666666,-156.2570757,2012-08-30,3,0,75.66666666666667,178.66666666666666,,Pastick,,0.0,N,,,,,,
61.7581719,-156.23513285,2012-08-30,2,0,118.5,192.0,,Pastick,,0.0,N,,,,,,
61.7566375,-156.21302845,2012-08-30,2,0,160.0,192.0,,Pastick,,0.0,N,,,,,,
62.4951126,-160.587466775,2012-08-30,4,0,91.25,163.0,,Pastick,,0.0,N,,,,,,
62.5192206,-160.43690855,2012-08-30,2,0,85.5,200.0,,Pastick,,0.0,N,,,,,,
62.50284105,-160.4477799,2012-08-30,2,0,122.5,200.0,,Pastick,,0.0,N,,,,,,
61.49881813333334,-156.50368546666667,2012-08-30,3,0,46.333333333333336,152.0,,Pastick,,0.0,N,,,,,,
61.322770999999996,-156.92273473333333,2012-08-30,3,0,52.0,152.0,,Pastick,,0.0,N,,,,,,
61.327809450000004,-156.86521670000002,2012-08-30,2,0,70.0,152.0,,Pastick,,0.0,N,,,,,,
61.1697568,-157.4070586,2012-08-30,2,0,89.0,151.0,,Pastick,,0.0,N,,,,,,
61.3920716,-156.34286673333335,2012-08-30,3,0,102.0,151.33333333333334,,Pastick,,0.0,N,,,,,,
61.483009300000006,-156.82032535,2012-08-30,2,0,140.0,151.0,,Pastick,,0.0,N,,,,,,
61.9447862,-156.40579456666669,2012-08-30,3,0,99.66666666666667,152.0,,Pastick,,0.0,N,,,,,,
61.97008665,-156.39810740000001,2012-08-30,2,0,89.0,152.0,,Pastick,,0.0,N,,,,,,
61.97939495,-156.39756185,2012-08-30,2,0,78.5,152.0,,Pastick,,0.0,N,,,,,,
61.6646438,-159.6171967,2012-08-30,2,0,53.0,80.0,,Pastick,,0.0,N,,,,,,
61.32035223333333,-158.17080196666666,2012-08-30,3,0,91.66666666666667,121.66666666666667,,Pastick,,0.0,N,,,,,,
61.3568825,-158.04839729999998,2012-08-30,2,0,115.0,155.0,,Pastick,,0.0,N,,,,,,
60.9598893,-158.6632743,2012-08-30,2,0,38.5,72.0,,Pastick,,0.0,N,,,,,,
60.972262175,-158.68511734999998,2012-08-30,4,0,73.75,100.0,,Pastick,,0.0,N,,,,,,
64.80655920000001,-165.56381575,2012-08-30,2,0,66.0,150.0,,Pastick,,0.0,N,,,,,,
64.8134008,-165.61377579999998,2012-08-30,2,0,67.5,150.0,,Pastick,,0.0,N,,,,,,
64.7640802,-165.4855186,2012-08-30,4,0,75.75,151.0,,Pastick,,0.0,N,,,,,,
64.76168278333333,-165.4681206,2012-08-30,6,0,95.0,150.33333333333334,,Pastick,,0.0,N,,,,,,
64.757285,-165.54989485,2012-08-30,2,0,65.5,150.0,,Pastick,,0.0,N,,,,,,
59.346041675,-157.5129861,2013-11-29,4,0,98.75,149.0,,Pastick,,0.0,N,,,,,,
59.34675926666667,-157.49129631666665,2013-11-29,6,0,60.666666666666664,96.66666666666667,,Pastick,,0.0,N,,,,,,
59.34518516666666,-157.48157410000002,2013-11-29,3,0,80.0,126.33333333333333,,Pastick,,0.0,N,,,,,,
59.352833340000004,-157.50972222000001,2013-11-29,5,0,79.0,143.8,,Pastick,,0.0,N,,,,,,
59.35458335,-157.49291664999998,2013-11-29,2,0,80.0,131.5,,Pastick,,0.0,N,,,,,,
59.359722233333336,-157.48898146666667,2013-11-29,3,0,43.333333333333336,81.66666666666667,,Pastick,,0.0,N,,,,,,
59.361041650000004,-157.47888890000002,2013-11-29,4,0,44.25,102.0,,Pastick,,0.0,N,,,,,,
59.35400792857143,-157.4765476,2013-11-29,7,0,99.57142857142857,122.71428571428571,,Pastick,,0.0,N,,,,,,
59.5655556,-157.5369444,2013-11-29,2,0,22.0,183.0,,Pastick,,0.0,N,,,,,,
59.800222240000004,-157.52338888000003,2013-11-29,5,0,127.0,168.4,,Pastick,,0.0,N,,,,,,
58.99564813333334,-158.54388886666666,2013-11-29,3,0,97.66666666666667,201.66666666666666,,Pastick,,0.0,N,,,,,,
59.005092600000005,-158.57490736666668,2013-11-29,3,0,117.66666666666667,185.0,,Pastick,,0.0,N,,,,,,
59.005555533333336,-158.55648146666667,2013-11-29,3,0,191.66666666666666,246.66666666666666,,Pastick,,0.0,N,,,,,,
59.01361115,-158.5611111,2013-11-29,2,0,125.0,182.5,,Pastick,,0.0,N,,,,,,
59.02247500000001,-158.54755003333332,2013-11-29,3,0,90.33333333333333,157.66666666666666,,Pastick,,0.0,N,,,,,,
59.0330556,-158.5413889,2013-11-29,2,0,125.0,190.0,,Pastick,,0.0,N,,,,,,
59.03162698571429,-158.52265872857143,2013-11-29,7,0,89.28571428571429,169.28571428571428,,Pastick,,0.0,N,,,,,,
59.033888899999994,-158.51638885,2013-11-29,2,0,51.0,185.0,,Pastick,,0.0,N,,,,,,
59.042539685714296,-158.56190477142857,2013-11-29,7,0,131.14285714285714,162.85714285714286,,Pastick,,0.0,N,,,,,,
59.04314816666667,-158.54083333333332,2013-11-29,3,0,106.66666666666667,190.0,,Pastick,,0.0,N,,,,,,
59.04319445,-158.52125,2013-11-29,2,0,142.5,186.5,,Pastick,,0.0,N,,,,,,
59.05185186666666,-158.54694443333335,2013-11-29,3,0,128.0,175.66666666666666,,Pastick,,0.0,N,,,,,,
59.051041675,-158.53055555,2013-11-29,4,0,96.25,178.75,,Pastick,,0.0,N,,,,,,
59.05108335,-158.51038891,2013-11-29,10,0,97.4,158.7,,Pastick,,0.0,N,,,,,,
59.0583333,-158.555,2013-11-29,2,0,130.0,190.0,,Pastick,,0.0,N,,,,,,
59.060833349999996,-158.49986109999998,2013-11-29,2,0,115.5,183.0,,Pastick,,0.0,N,,,,,,
59.06194445,-158.4601736,2013-11-29,8,0,89.5,183.0,,Pastick,,0.0,N,,,,,,
59.06072222,-158.43811111999997,2013-11-29,5,0,90.8,174.4,,Pastick,,0.0,N,,,,,,
59.0686111,-158.57694444999998,2013-11-29,2,0,84.5,124.0,,Pastick,,0.0,N,,,,,,
59.071666666666665,-158.50870369999998,2013-11-29,3,0,69.66666666666667,185.33333333333334,,Pastick,,0.0,N,,,,,,
59.07333335,-158.48597225,2013-11-29,2,0,72.5,135.0,,Pastick,,0.0,N,,,,,,
59.07198414285714,-158.4663492142857,2013-11-29,7,0,108.71428571428571,156.14285714285714,,Pastick,,0.0,N,,,,,,
59.07081018333333,-158.45840280000002,2013-11-29,12,0,86.0,154.5,,Pastick,,0.0,N,,,,,,
59.06814816666667,-158.44314816666665,2013-11-29,3,0,111.33333333333333,161.66666666666666,,Pastick,,0.0,N,,,,,,
59.08270835,-158.59868054999998,2013-11-29,4,0,65.5,145.0,,Pastick,,0.0,N,,,,,,
59.0776389,-158.562708325,2013-11-29,4,0,108.75,183.0,,Pastick,,0.0,N,,,,,,
59.07694443333333,-158.4912962666667,2013-11-29,3,0,69.33333333333333,147.66666666666666,,Pastick,,0.0,N,,,,,,
59.07888886666667,-158.47287036666665,2013-11-29,3,0,114.66666666666667,186.66666666666666,,Pastick,,0.0,N,,,,,,
59.086944450000004,-158.54833335,2013-11-29,2,0,65.5,140.0,,Pastick,,0.0,N,,,,,,
59.0945833,-158.5913889,2013-11-29,2,0,112.5,180.0,,Pastick,,0.0,N,,,,,,
59.0583333,-158.5248611,2013-11-29,2,0,87.5,183.0,,Pastick,,0.0,N,,,,,,
59.06125002499999,-158.50305555,2013-11-29,4,0,123.75,184.75,,Pastick,,0.0,N,,,,,,
59.0679167,-158.1901389,2013-11-29,4,0,115.0,190.0,,Pastick,,0.0,N,,,,,,
59.5595,-157.77927776,2013-11-29,5,0,111.8,156.0,,Pastick,,0.0,N,,,,,,
59.22319445,-158.20888889999998,2013-11-29,4,0,131.0,140.0,,Pastick,,0.0,N,,,,,,
59.227222225,-158.17666665000002,2013-11-29,4,0,74.25,128.25,,Pastick,,0.0,N,,,,,,
58.88759256666666,-158.44175926666668,2013-11-29,3,0,95.0,190.0,,Pastick,,0.0,N,,,,,,
58.88898146666667,-158.4239815,2013-11-29,3,0,90.33333333333333,130.0,,Pastick,,0.0,N,,,,,,
58.8875,-158.4044444,2013-11-29,2,0,95.0,150.0,,Pastick,,0.0,N,,,,,,
59.257291650000006,-157.48416665000002,2013-11-29,4,0,68.5,131.5,,Pastick,,0.0,N,,,,,,
59.2534722,-157.4597222,2013-11-29,2,0,127.5,183.0,,Pastick,,0.0,N,,,,,,
59.847499979999995,-160.02577780000001,2013-12-13,5,0,54.0,88.0,,Pastick,,0.0,N,,,,,,
59.848796300000004,-160.01055556666668,2013-12-13,3,0,53.666666666666664,76.66666666666667,,Pastick,,0.0,N,,,,,,
59.85546300000001,-160.0055555666667,2013-12-13,3,0,49.333333333333336,100.66666666666667,,Pastick,,0.0,N,,,,,,
59.861319449999996,-159.993263875,2013-12-13,4,0,30.75,52.5,,Pastick,,0.0,N,,,,,,
59.875208325,-160.0446528,2013-12-13,4,0,53.5,91.75,,Pastick,,0.0,N,,,,,,
59.87493055,-160.0196528,2013-12-13,4,0,41.75,88.75,,Pastick,,0.0,N,,,,,,
59.56055555,-159.399513875,2013-12-13,4,0,51.0,82.5,,Pastick,,0.0,N,,,,,,
59.559722199999996,-159.3651389,2013-12-13,2,0,70.0,108.5,,Pastick,,0.0,N,,,,,,
59.6332639,-160.3920139,2013-12-13,4,0,63.75,115.5,,Pastick,,0.0,N,,,,,,
59.63435186666667,-160.3673148,2013-12-13,3,0,33.666666666666664,61.0,,Pastick,,0.0,N,,,,,,
59.63244446,-160.34894444,2013-12-13,5,0,38.2,70.0,,Pastick,,0.0,N,,,,,,
59.639722250000005,-160.36763885,2013-12-13,2,0,25.5,127.5,,Pastick,,0.0,N,,,,,,
59.64124999999999,-160.35430555,2013-12-10,6,0,98.16666666666667,135.66666666666666,,Pastick,,0.0,N,,,,,,
59.6422917,-160.340069425,2013-12-13,4,0,98.75,108.75,,Pastick,,0.0,N,,,,,,
59.653981483333325,-160.39217595,2013-12-13,6,0,49.666666666666664,113.5,,Pastick,,0.0,N,,,,,,
59.65037039999999,-160.37555556666666,2013-12-13,3,0,78.33333333333333,106.66666666666667,,Pastick,,0.0,N,,,,,,
59.65805556666667,-160.37027776666665,2013-12-13,3,0,92.0,105.33333333333333,,Pastick,,0.0,N,,,,,,
59.49175926666666,-160.57388890000001,2013-12-13,3,0,72.66666666666667,128.33333333333334,,Pastick,,0.0,N,,,,,,
59.502777800000004,-160.56916665,2013-12-13,2,0,92.5,97.5,,Pastick,,0.0,N,,,,,,
59.47106481666666,-160.56425926666665,2013-12-13,6,0,91.0,118.0,,Pastick,,0.0,N,,,,,,
59.39249998333333,-160.39546296666666,2013-12-13,6,0,79.16666666666667,120.66666666666667,,Pastick,,0.0,N,,,,,,
59.404629633333336,-160.3602778,2013-12-13,3,0,92.0,143.33333333333334,,Pastick,,0.0,N,,,,,,
59.408194449999996,-160.366527775,2013-12-13,4,0,54.25,118.5,,Pastick,,0.0,N,,,,,,
59.408148133333334,-160.36092593333333,2013-12-13,3,0,50.333333333333336,89.0,,Pastick,,0.0,N,,,,,,
59.411458325,-160.396180525,2013-12-13,4,0,80.0,147.75,,Pastick,,0.0,N,,,,,,
59.49333335,-160.6272222,2013-12-13,2,0,44.0,152.0,,Pastick,,0.0,N,,,,,,
59.490625,-160.60875000000001,2013-12-13,4,0,54.25,151.75,,Pastick,,0.0,N,,,,,,
59.491249974999995,-160.6626389,2013-12-13,4,0,35.5,67.5,,Pastick,,0.0,N,,,,,,
59.124097225,-159.263749975,2013-12-13,4,0,70.5,143.5,,Pastick,,0.0,N,,,,,,
59.14638885,-161.1120833,2013-12-13,2,0,91.0,152.0,,Pastick,,0.0,N,,,,,,
59.10368055000001,-159.512777775,2013-12-13,4,0,86.5,133.5,,Pastick,,0.0,N,,,,,,
59.069166675,-159.958750025,2013-12-13,4,0,71.0,152.0,,Pastick,,0.0,N,,,,,,
59.075416700000005,-160.3161111,2013-12-13,2,0,74.5,151.0,,Pastick,,0.0,N,,,,,,
59.15657406666667,-160.31296296666667,2013-12-13,3,0,51.0,150.66666666666666,,Pastick,,0.0,N,,,,,,
59.3467882,-158.307394425,2013-11-29,4,0,66.5,87.5,,Pastick,,0.0,N,,,,,,
59.337638850000005,-158.30736109999998,2013-11-29,2,0,69.5,92.5,,Pastick,,0.0,N,,,,,,
59.301041675,-157.292569425,2013-11-29,4,0,95.5,135.0,,Pastick,,0.0,N,,,,,,
59.49266668,-157.94388887999997,2013-11-29,5,0,141.6,182.0,,Pastick,,0.0,N,,,,,,
58.935833333333335,-157.60851849999997,2013-11-29,3,0,122.33333333333333,183.0,,Pastick,,0.0,N,,,,,,
58.93944442857143,-157.68238092857146,2013-11-29,7,0,131.57142857142858,174.28571428571428,,Pastick,,0.0,N,,,,,,
59.4975,-158.4163889,2013-11-29,2,0,52.0,90.0,,Pastick,,0.0,N,,,,,,
59.47694446666667,-158.37814813333333,2013-11-29,3,0,163.33333333333334,183.0,,Pastick,,0.0,N,,,,,,
58.84444445,-158.2475,2013-11-29,2,0,92.5,183.0,,Pastick,,0.0,N,,,,,,
58.86148146666667,-158.24129626666664,2013-11-29,3,0,81.0,172.66666666666666,,Pastick,,0.0,N,,,,,,
59.1872222,-158.31509256666666,2013-11-29,3,0,106.0,172.66666666666666,,Pastick,,0.0,N,,,,,,
59.185370400000004,-158.29500000000002,2013-11-29,3,0,108.33333333333333,147.0,,Pastick,,0.0,N,,,,,,
59.594047614285714,-158.08936507142857,2013-11-29,7,0,74.71428571428571,103.14285714285714,,Pastick,,0.0,N,,,,,,
59.6123611,-158.0997222,2013-11-29,2,0,26.0,90.0,,Pastick,,0.0,N,,,,,,
59.8144444,-157.55472220000001,2013-11-29,2,0,155.0,177.5,,Pastick,,0.0,N,,,,,,
59.70958335,-157.93444445,2013-11-29,2,0,80.0,112.5,,Pastick,,0.0,N,,,,,,
59.718888899999996,-157.97375,2013-11-29,2,0,123.5,145.0,,Pastick,,0.0,N,,,,,,
58.9084259,-158.09805556666666,2013-11-29,3,0,168.33333333333334,190.0,,Pastick,,0.0,N,,,,,,
58.91826389999999,-158.1054861,2013-11-29,4,0,109.25,186.25,,Pastick,,0.0,N,,,,,,
59.508055600000006,-156.58527776666668,2013-11-29,3,0,69.66666666666667,110.0,,Pastick,,0.0,N,,,,,,
59.42277775,-158.137083325,2013-11-29,4,0,99.25,171.75,,Pastick,,0.0,N,,,,,,
59.434166649999995,-158.12555555,2013-11-29,2,0,93.0,168.5,,Pastick,,0.0,N,,,,,,
59.057777775,-158.214444425,2013-11-29,4,0,96.5,171.0,,Pastick,,0.0,N,,,,,,
58.76444446666667,-157.55120366666665,2013-11-29,3,0,78.0,177.33333333333334,,Pastick,,0.0,N,,,,,,
59.00185186666667,-158.33185186666665,2013-11-29,3,0,125.0,175.0,,Pastick,,0.0,N,,,,,,
58.99547618571429,-158.2964285857143,2013-11-29,7,0,79.71428571428571,160.14285714285714,,Pastick,,0.0,N,,,,,,
59.657777800000005,-157.558402775,2013-11-29,4,0,107.75,161.75,,Pastick,,0.0,N,,,,,,
59.6736111,-157.5494444,2013-11-29,2,0,84.0,156.0,,Pastick,,0.0,N,,,,,,
59.801527775,-157.801597225,2013-11-29,4,0,93.75,162.25,,Pastick,,0.0,N,,,,,,
59.96,-158.04472225,2013-11-29,4,0,76.0,143.0,,Pastick,,0.0,N,,,,,,
59.94157406666667,-158.11537036666667,2013-11-29,3,0,85.0,159.66666666666666,,Pastick,,0.0,N,,,,,,
58.72805555,-158.31222225,2013-11-29,2,0,26.5,35.0,,Pastick,,0.0,N,,,,,,
58.72208335,-158.29333335,2013-11-29,2,0,106.0,155.0,,Pastick,,0.0,N,,,,,,
59.324444424999996,-157.87097219999998,2013-11-29,4,0,100.25,152.5,,Pastick,,0.0,N,,,,,,
59.343611100000004,-157.8725,2013-11-29,2,0,73.0,190.0,,Pastick,,0.0,N,,,,,,
59.352500000000006,-157.87972225,2013-11-29,2,0,95.0,190.0,,Pastick,,0.0,N,,,,,,
59.064930525,-157.18958335,2013-11-29,4,0,89.0,142.25,,Pastick,,0.0,N,,,,,,
59.071111099999996,-157.2411111,2013-11-29,2,0,112.5,190.0,,Pastick,,0.0,N,,,,,,
59.39074073333333,-158.30046296666666,2013-11-29,3,0,76.33333333333333,136.33333333333334,,Pastick,,0.0,N,,,,,,
59.270833350000004,-157.9347222,2013-11-29,2,0,144.0,190.0,,Pastick,,0.0,N,,,,,,
59.506440733333335,-157.9115287,2013-11-29,3,0,128.33333333333334,160.0,,Pastick,,0.0,N,,,,,,
59.036296300000004,-158.58657406666666,2013-11-29,3,0,120.0,186.0,,Pastick,,0.0,N,,,,,,
59.070694450000005,-158.53625,2013-11-29,2,0,85.0,172.5,,Pastick,,0.0,N,,,,,,
59.04240743333333,-158.47175926666668,2013-11-29,3,0,72.0,182.66666666666666,,Pastick,,0.0,N,,,,,,
59.843796266666665,-156.52194443333335,2013-11-29,3,0,92.0,146.66666666666666,,Pastick,,0.0,N,,,,,,
59.794305550000004,-156.08097225,2013-11-29,2,0,76.5,116.0,,Pastick,,0.0,N,,,,,,
59.96578572857142,-157.88976191428569,2013-11-29,7,0,95.42857142857143,127.14285714285714,,Pastick,,0.0,N,,,,,,
60.094583325,-158.463125,2013-11-29,4,0,53.0,102.5,,Pastick,,0.0,N,,,,,,
59.97666665,-157.83541665,2013-11-29,2,0,85.0,165.0,,Pastick,,0.0,N,,,,,,
60.31069445,-158.75125000000003,2013-11-29,2,0,46.0,87.5,,Pastick,,0.0,N,,,,,,
60.31125,-158.7198611,2013-11-29,2,0,23.5,75.0,,Pastick,,0.0,N,,,,,,
60.1878889,-159.58677776000002,2013-11-29,5,0,53.4,84.0,,Pastick,,0.0,N,,,,,,
59.955185199999995,-158.90722219999998,2013-11-29,3,0,81.66666666666667,123.33333333333333,,Pastick,,0.0,N,,,,,,
59.97291665,-158.8163889,2013-11-29,2,0,74.5,120.0,,Pastick,,0.0,N,,,,,,
59.9815278,-158.72666665,2013-11-29,2,0,109.5,132.5,,Pastick,,0.0,N,,,,,,
59.85564813333334,-157.3049074,2013-11-29,3,0,120.0,164.66666666666666,,Pastick,,0.0,N,,,,,,
59.845,-157.28879629999997,2013-11-29,3,0,47.0,90.0,,Pastick,,0.0,N,,,,,,
59.6652778,-155.96791665,2013-11-29,2,0,145.0,155.0,,Pastick,,0.0,N,,,,,,
59.69319445,-156.02125,2013-11-29,2,0,67.5,110.0,,Pastick,,0.0,N,,,,,,
60.09319445,-158.2425,2013-11-29,2,0,67.5,162.5,,Pastick,,0.0,N,,,,,,
60.081041675,-158.265694425,2013-11-29,4,0,109.0,143.75,,Pastick,,0.0,N,,,,,,
60.06097225,-158.30375,2013-11-29,2,0,114.0,127.5,,Pastick,,0.0,N,,,,,,
60.148055525000004,-159.564652775,2013-11-29,4,0,41.75,87.0,,Pastick,,0.0,N,,,,,,
60.145833325,-159.52368055000002,2013-11-29,4,0,34.75,113.0,,Pastick,,0.0,N,,,,,,
59.679166699999996,-156.43583335,2013-11-29,2,0,75.0,105.0,,Pastick,,0.0,N,,,,,,
59.6622222,-156.48652775,2013-11-29,2,0,94.0,127.5,,Pastick,,0.0,N,,,,,,
60.19365741666666,-158.72810185,2013-11-29,6,0,63.833333333333336,94.16666666666667,,Pastick,,0.0,N,,,,,,
60.2011111,-158.71902775,2013-11-29,2,0,43.0,90.0,,Pastick,,0.0,N,,,,,,
60.0612963,-159.26861113333334,2013-11-29,3,0,53.333333333333336,75.66666666666667,,Pastick,,0.0,N,,,,,,
60.05388885,-159.2047222,2013-11-29,2,0,69.5,86.5,,Pastick,,0.0,N,,,,,,
60.05166665,-156.8040278,2013-11-29,2,0,62.5,105.0,,Pastick,,0.0,N,,,,,,
60.171875,-158.508958325,2013-11-29,4,0,41.25,110.5,,Pastick,,0.0,N,,,,,,
59.79252222,-157.43541169999997,2013-11-29,5,0,116.0,164.0,,Pastick,,0.0,N,,,,,,
59.79044446,-157.41277775999998,2013-11-29,5,0,146.0,168.0,,Pastick,,0.0,N,,,,,,
59.722847200000004,-157.212777775,2013-11-29,4,0,133.75,152.5,,Pastick,,0.0,N,,,,,,
59.72625,-157.19819445000002,2013-11-29,2,0,22.5,95.0,,Pastick,,0.0,N,,,,,,
59.735806950000004,-157.20283055,2013-11-29,4,0,97.5,141.25,,Pastick,,0.0,N,,,,,,
59.50357142857143,-157.12742064285717,2013-11-29,7,0,74.71428571428571,107.85714285714286,,Pastick,,0.0,N,,,,,,
59.81740743333334,-157.5096296,2013-11-29,3,0,107.0,131.66666666666666,,Pastick,,0.0,N,,,,,,
59.755000025,-157.34708335000002,2013-11-29,4,0,71.75,115.0,,Pastick,,0.0,N,,,,,,
59.668333325,-157.15680555,2013-11-29,4,0,116.75,140.0,,Pastick,,0.0,N,,,,,,
59.583333325,-157.08736109999998,2013-11-29,4,0,115.25,163.75,,Pastick,,0.0,N,,,,,,
59.5916667,-157.0785185,2013-11-29,3,0,79.33333333333333,173.33333333333334,,Pastick,,0.0,N,,,,,,
59.60255556,-157.04938890000003,2013-11-29,5,0,116.0,154.4,,Pastick,,0.0,N,,,,,,
59.551249999999996,-157.10333335,2013-11-29,2,0,72.5,150.0,,Pastick,,0.0,N,,,,,,
59.5486111,-157.09125,2013-11-29,2,0,90.0,165.0,,Pastick,,0.0,N,,,,,,
59.547870366666665,-157.07370369999998,2013-11-29,3,0,111.66666666666667,148.33333333333334,,Pastick,,0.0,N,,,,,,
59.545972250000005,-157.058402775,2013-11-29,4,0,117.5,142.5,,Pastick,,0.0,N,,,,,,
59.5565289,-157.11232276,2013-11-29,5,0,109.0,148.0,,Pastick,,0.0,N,,,,,,
59.48944445,-157.1738889,2013-11-29,2,0,122.5,145.0,,Pastick,,0.0,N,,,,,,
59.481944475,-157.160000025,2013-11-29,4,0,120.75,143.75,,Pastick,,0.0,N,,,,,,
59.4943382,-157.180924325,2013-11-29,4,0,79.25,160.0,,Pastick,,0.0,N,,,,,,
59.50172224000001,-157.1827778,2013-11-29,5,0,120.4,153.0,,Pastick,,0.0,N,,,,,,
59.6237185,-157.06735463333334,2013-11-29,3,0,92.0,120.0,,Pastick,,0.0,N,,,,,,
59.62759258888889,-157.12228394444443,2013-11-29,9,0,103.0,141.22222222222223,,Pastick,,0.0,N,,,,,,
58.90738888,-157.71802778,2013-11-29,10,0,91.9,167.5,,Pastick,,0.0,N,,,,,,
58.918055575000004,-157.701805575,2013-11-29,4,0,91.25,141.25,,Pastick,,0.0,N,,,,,,
59.113194449999995,-158.61944445,2013-11-29,2,0,142.5,180.0,,Pastick,,0.0,N,,,,,,
59.831944449999995,-157.49416665,2013-11-29,2,0,61.0,110.0,,Pastick,,0.0,N,,,,,,
59.734500020000006,-157.34616666000002,2013-11-29,5,0,87.0,120.0,,Pastick,,0.0,N,,,,,,
59.74116666,-157.24227778,2013-11-29,5,0,86.8,124.8,,Pastick,,0.0,N,,,,,,
59.71902778333333,-157.17263888333335,2013-11-29,6,0,124.83333333333333,157.33333333333334,,Pastick,,0.0,N,,,,,,
59.66587963333334,-157.1258796333333,2013-11-29,6,0,76.33333333333333,114.83333333333333,,Pastick,,0.0,N,,,,,,
59.516388875000004,-157.089583325,2013-11-29,4,0,96.5,152.5,,Pastick,,0.0,N,,,,,,
59.51743055,-157.07381945,2013-11-29,4,0,107.0,140.0,,Pastick,,0.0,N,,,,,,
59.274074083333325,-157.64847221666668,2013-11-29,6,0,92.83333333333333,140.0,,Pastick,,0.0,N,,,,,,
59.271111125,-157.629097225,2013-11-29,4,0,81.25,130.0,,Pastick,,0.0,N,,,,,,
59.23194443333333,-157.65675926666665,2013-11-29,3,0,98.0,173.33333333333334,,Pastick,,0.0,N,,,,,,
59.21458335,-157.63208335,2013-11-29,2,0,136.0,150.0,,Pastick,,0.0,N,,,,,,
59.176249999999996,-157.69125,2013-11-29,2,0,150.0,180.0,,Pastick,,0.0,N,,,,,,
59.18396825714285,-157.70702379999997,2013-11-29,7,0,121.42857142857143,155.0,,Pastick,,0.0,N,,,,,,
59.179444450000005,-157.69,2013-11-29,2,0,89.0,123.5,,Pastick,,0.0,N,,,,,,
59.1077778,-157.72347225,2013-11-29,2,0,148.5,170.0,,Pastick,,0.0,N,,,,,,
60.43023644000001,-157.49994911999997,2014-10-31,5,0,51.5,107.5,,Pastick,,0.0,N,,,,,,
59.1125,-157.73655558000002,2013-11-29,5,0,114.2,157.0,,Pastick,,0.0,N,,,,,,
59.09243055,-157.73131945,2013-11-29,4,0,99.5,135.0,,Pastick,,0.0,N,,,,,,
59.064930575000005,-157.72312499999998,2013-11-29,4,0,137.5,170.0,,Pastick,,0.0,N,,,,,,
59.01629626666667,-157.74574073333332,2013-11-29,3,0,116.0,150.0,,Pastick,,0.0,N,,,,,,
59.023518499999994,-157.75962963333333,2013-11-29,3,0,106.0,138.33333333333334,,Pastick,,0.0,N,,,,,,
59.00583335,-157.7175,2013-11-29,2,0,126.5,142.5,,Pastick,,0.0,N,,,,,,
58.995000000000005,-157.70513885,2013-11-29,2,0,122.0,142.5,,Pastick,,0.0,N,,,,,,
58.95944445,-157.678680525,2013-11-29,4,0,115.0,168.75,,Pastick,,0.0,N,,,,,,
58.95666665,-157.66069445,2013-11-29,2,0,130.0,180.0,,Pastick,,0.0,N,,,,,,
58.966825400000005,-157.69825397142858,2013-11-29,7,0,107.71428571428571,150.71428571428572,,Pastick,,0.0,N,,,,,,
60.3888889,-157.6277778,2013-11-29,2,0,60.0,95.0,,Pastick,,0.0,N,,,,,,
60.384166666666665,-157.65638890000002,2013-11-29,3,0,46.666666666666664,90.0,,Pastick,,0.0,N,,,,,,
60.468333300000005,-158.43833333333333,2013-11-29,3,0,53.666666666666664,96.66666666666667,,Pastick,,0.0,N,,,,,,
60.41458335,-158.2676389,2013-11-29,2,0,125.0,139.0,,Pastick,,0.0,N,,,,,,
60.49493055000001,-158.71631945000001,2013-11-29,4,0,45.0,93.75,,Pastick,,0.0,N,,,,,,
60.40618057499999,-158.5476389,2013-11-29,4,0,46.5,103.25,,Pastick,,0.0,N,,,,,,
60.60657406666667,-157.3861111,2013-11-29,3,0,129.33333333333334,150.0,,Pastick,,0.0,N,,,,,,
60.6149074,-157.39351853333335,2013-11-29,3,0,85.0,126.66666666666667,,Pastick,,0.0,N,,,,,,
60.621574066666675,-157.38629626666668,2013-11-29,3,0,37.666666666666664,86.66666666666667,,Pastick,,0.0,N,,,,,,
60.621666649999995,-156.9861111,2013-11-29,4,0,60.5,89.25,,Pastick,,0.0,N,,,,,,
60.47796293333334,-158.0525926,2013-11-29,3,0,54.333333333333336,77.66666666666667,,Pastick,,0.0,N,,,,,,
60.26222225,-157.15812499999998,2013-11-29,4,0,46.0,103.25,,Pastick,,0.0,N,,,,,,
60.21666666,-156.99522222000002,2013-11-29,5,0,42.0,93.4,,Pastick,,0.0,N,,,,,,
59.259861099999995,-157.62597225000002,2013-11-29,2,0,67.5,150.0,,Pastick,,0.0,N,,,,,,
59.0997222,-157.7701851666667,2013-11-29,3,0,100.66666666666667,120.0,,Pastick,,0.0,N,,,,,,
59.051,-157.76388888000002,2013-11-29,5,0,84.0,166.0,,Pastick,,0.0,N,,,,,,
59.04194445,-157.73583335,2013-11-29,2,0,65.0,100.0,,Pastick,,0.0,N,,,,,,
58.978333325,-157.650277775,2013-11-29,4,0,148.75,180.0,,Pastick,,0.0,N,,,,,,
60.29425923333334,-158.0217592333333,2013-11-29,3,0,80.33333333333333,116.0,,Pastick,,0.0,N,,,,,,
60.30333335,-158.0013889,2013-11-29,2,0,72.5,95.0,,Pastick,,0.0,N,,,,,,
60.382129633333335,-157.85277776666666,2013-11-29,3,0,65.33333333333333,95.0,,Pastick,,0.0,N,,,,,,
60.247555580000004,-157.76716664,2013-11-29,5,0,48.4,85.0,,Pastick,,0.0,N,,,,,,
60.2538889,-157.7584722,2013-11-29,2,0,60.0,109.0,,Pastick,,0.0,N,,,,,,
59.940462966666665,-157.53749996666667,2013-11-29,3,0,138.33333333333334,170.0,,Pastick,,0.0,N,,,,,,
60.742407433333334,-157.4584259333333,2013-11-29,3,0,84.0,121.66666666666667,,Pastick,,0.0,N,,,,,,
60.35772222000001,-157.14438888,2013-11-29,5,0,81.4,111.0,,Pastick,,0.0,N,,,,,,
60.4051389,-157.21847225,2013-11-29,2,0,65.0,100.0,,Pastick,,0.0,N,,,,,,
60.0551389,-157.78402775,2013-11-29,2,0,66.0,90.5,,Pastick,,0.0,N,,,,,,
60.053333333333335,-157.8387037,2013-11-29,3,0,156.66666666666666,185.0,,Pastick,,0.0,N,,,,,,
60.07546296666666,-157.95379630000002,2013-11-29,3,0,110.66666666666667,155.0,,Pastick,,0.0,N,,,,,,
60.537569425,-156.741736125,2013-11-29,4,0,59.25,124.25,,Pastick,,0.0,N,,,,,,
60.5373148,-156.7198148,2013-11-29,3,0,83.33333333333333,108.33333333333333,,Pastick,,0.0,N,,,,,,
59.90743057500001,-155.4484722,2013-11-29,4,0,69.75,95.5,,Pastick,,0.0,N,,,,,,
59.914305549999995,-155.43333335,2013-11-29,2,0,35.5,69.0,,Pastick,,0.0,N,,,,,,
60.31888888333333,-155.76004631666666,2013-11-29,6,0,45.0,78.66666666666667,,Pastick,,0.0,N,,,,,,
60.314166650000004,-155.7404167,2013-11-29,2,0,53.5,77.5,,Pastick,,0.0,N,,,,,,
60.819027750000004,-154.77152775000002,2013-11-29,2,0,29.0,79.5,,Pastick,,0.0,N,,,,,,
60.81513885,-154.9036111,2013-11-29,2,0,30.5,70.5,,Pastick,,0.0,N,,,,,,
60.241319425,-156.6367361,2013-11-29,4,0,82.5,105.75,,Pastick,,0.0,N,,,,,,
60.251388899999995,-156.62972225,2013-11-29,2,0,40.0,99.5,,Pastick,,0.0,N,,,,,,
60.66455556000001,-154.73627778,2013-11-29,5,0,52.8,116.0,,Pastick,,0.0,N,,,,,,
60.72416669999999,-154.75564813333332,2013-11-29,3,0,44.666666666666664,65.0,,Pastick,,0.0,N,,,,,,
60.5937037,-155.03523149999998,2013-11-29,6,0,27.5,64.66666666666667,,Pastick,,0.0,N,,,,,,
60.59648146666667,-155.16712959999998,2013-12-01,3,0,18.666666666666668,107.0,,Pastick,,0.0,N,,,,,,
60.63555556666666,-155.03361113333335,2013-11-29,3,0,88.0,109.33333333333333,,Pastick,,0.0,N,,,,,,
60.58527776666667,-155.5425926,2013-11-29,3,0,53.666666666666664,87.0,,Pastick,,0.0,N,,,,,,
59.865347225,-156.33263885,2013-11-29,4,0,95.75,122.5,,Pastick,,0.0,N,,,,,,
59.8761111,-156.32166665,2013-11-29,2,0,84.5,152.5,,Pastick,,0.0,N,,,,,,
59.9738889,-155.96925926666665,2013-11-29,3,0,60.333333333333336,82.0,,Pastick,,0.0,N,,,,,,
60.049888859999996,-156.00855554000003,2013-11-29,5,0,52.2,89.0,,Pastick,,0.0,N,,,,,,
60.698888866666664,-155.15981479999996,2013-11-29,3,0,100.0,140.0,,Pastick,,0.0,N,,,,,,
60.839999999999996,-155.16467593333334,2013-11-29,6,0,59.0,116.5,,Pastick,,0.0,N,,,,,,
60.47157406666667,-154.99907406666668,2013-11-29,3,0,44.333333333333336,72.0,,Pastick,,0.0,N,,,,,,
60.4797222,-155.01166665,2013-11-29,2,0,52.5,87.5,,Pastick,,0.0,N,,,,,,
60.5813889,-154.57244445999999,2013-11-29,5,0,87.8,108.0,,Pastick,,0.0,N,,,,,,
60.5863889,-154.57125000000002,2013-11-29,2,0,66.5,75.0,,Pastick,,0.0,N,,,,,,
60.47944445,-155.38708335,2013-11-29,2,0,80.0,95.0,,Pastick,,0.0,N,,,,,,
60.405222200000004,-155.40594446,2013-11-29,5,0,64.0,99.0,,Pastick,,0.0,N,,,,,,
60.52699997999999,-155.99561111999998,2013-11-29,5,0,59.2,81.6,,Pastick,,0.0,N,,,,,,
60.533194449999996,-155.99263889999997,2013-11-29,2,0,46.0,77.5,,Pastick,,0.0,N,,,,,,
60.14796293333333,-158.01916663333333,2013-11-29,3,0,54.333333333333336,93.33333333333333,,Pastick,,0.0,N,,,,,,
60.084930549999996,-157.495694425,2013-11-29,4,0,74.75,149.0,,Pastick,,0.0,N,,,,,,
60.57683334000001,-157.60616666,2013-11-29,5,0,55.0,73.0,,Pastick,,0.0,N,,,,,,
60.2346528,-158.404444425,2013-11-29,4,0,51.25,82.5,,Pastick,,0.0,N,,,,,,
61.392295368000006,-156.7416134,2014-10-31,5,0,69.5,120.0,,Pastick,,0.0,N,,,,,,
58.9748611,-157.72472225,2013-11-29,2,0,43.0,107.5,,Pastick,,0.0,N,,,,,,
58.95305555,-157.7388889,2013-11-29,2,0,60.0,121.0,,Pastick,,0.0,N,,,,,,
58.915,-157.86722220000001,2013-11-29,2,0,105.0,180.0,,Pastick,,0.0,N,,,,,,
58.89564816666667,-157.85370373333333,2013-11-29,3,0,99.0,183.33333333333334,,Pastick,,0.0,N,,,,,,
58.9188889,-157.76027775,2013-11-29,2,0,95.0,150.0,,Pastick,,0.0,N,,,,,,
59.0351389,-158.19013890000002,2013-11-29,2,0,77.5,107.5,,Pastick,,0.0,N,,,,,,
59.4552778,-157.3809722,2013-11-29,2,0,115.0,185.0,,Pastick,,0.0,N,,,,,,
59.44,-157.36388885,2013-11-29,2,0,127.5,162.5,,Pastick,,0.0,N,,,,,,
59.45472225,-157.3236111,2013-11-29,2,0,92.0,145.0,,Pastick,,0.0,N,,,,,,
59.4592361,-157.34368055,2013-11-29,4,0,99.25,158.75,,Pastick,,0.0,N,,,,,,
59.4602778,-157.2767361,2013-11-29,4,0,85.75,128.75,,Pastick,,0.0,N,,,,,,
59.34583335,-157.43930555,2013-11-29,2,0,117.5,132.5,,Pastick,,0.0,N,,,,,,
59.80814816666666,-158.07194446666668,2013-11-29,3,0,108.33333333333333,141.0,,Pastick,,0.0,N,,,,,,
60.545277766666665,-154.6316666666667,2013-11-29,3,0,58.666666666666664,82.66666666666667,,Pastick,,0.0,N,,,,,,
59.66041665,-156.19,2013-11-29,2,0,77.5,130.0,,Pastick,,0.0,N,,,,,,
59.66944445,-156.19729165,2013-11-29,4,0,117.5,154.5,,Pastick,,0.0,N,,,,,,
60.43944445,-155.73930554999998,2013-11-29,4,0,95.25,120.0,,Pastick,,0.0,N,,,,,,
59.77055555,-158.38666665,2013-11-29,2,0,73.5,100.0,,Pastick,,0.0,N,,,,,,
59.90125,-157.75625,2013-11-29,2,0,72.0,115.0,,Pastick,,0.0,N,,,,,,
59.1177778,-157.6538889,2013-11-29,2,0,132.5,153.5,,Pastick,,0.0,N,,,,,,
59.06319445,-157.68791665,2013-11-29,2,0,105.0,158.5,,Pastick,,0.0,N,,,,,,
59.05844446,-157.67055556,2013-11-29,5,0,90.4,113.0,,Pastick,,0.0,N,,,,,,
59.00583335,-157.68194440000002,2013-11-29,2,0,87.5,130.0,,Pastick,,0.0,N,,,,,,
59.01569445,-157.6648611,2013-11-29,2,0,61.0,160.0,,Pastick,,0.0,N,,,,,,
59.0975,-157.6726389,2013-11-29,2,0,150.0,187.5,,Pastick,,0.0,N,,,,,,
59.5040278,-157.6491667,2013-11-29,2,0,86.5,115.0,,Pastick,,0.0,N,,,,,,
59.465,-157.63583334999998,2013-11-29,2,0,63.5,80.0,,Pastick,,0.0,N,,,,,,
59.44958335,-157.65944445,2013-11-29,2,0,20.5,41.5,,Pastick,,0.0,N,,,,,,
59.57319445,-157.2615278,2014-02-04,2,0,59.0,145.0,,Pastick,,0.0,N,,,,,,
59.12685186666667,-157.67453703333334,2013-11-29,3,0,90.0,136.66666666666666,,Pastick,,0.0,N,,,,,,
59.6761111,-157.48402779999998,2013-11-29,2,0,113.5,170.0,,Pastick,,0.0,N,,,,,,
59.6173611,-157.64680555,2013-11-29,2,0,73.0,170.0,,Pastick,,0.0,N,,,,,,
59.514583349999995,-157.55208335,2013-11-29,2,0,105.0,147.5,,Pastick,,0.0,N,,,,,,
59.5113889,-157.5770833,2013-11-29,2,0,77.0,105.0,,Pastick,,0.0,N,,,,,,
59.265347225,-158.65173612499999,2013-11-29,4,0,61.25,86.25,,Pastick,,0.0,N,,,,,,
59.303263875,-158.61611109999998,2013-11-29,4,0,55.0,95.0,,Pastick,,0.0,N,,,,,,
59.244861099999994,-158.66222225,2013-11-29,2,0,60.0,100.0,,Pastick,,0.0,N,,,,,,
59.46472225,-157.65833335,2013-11-29,2,0,99.0,127.5,,Pastick,,0.0,N,,,,,,
59.71111115,-157.02847225,2013-11-29,2,0,143.0,176.5,,Pastick,,0.0,N,,,,,,
58.9172222,-157.94138885,2013-11-29,2,0,60.0,155.0,,Pastick,,0.0,N,,,,,,
59.26618055,-158.611875,2013-11-29,4,0,79.75,142.5,,Pastick,,0.0,N,,,,,,
59.2863889,-158.645833325,2013-11-29,4,0,59.0,104.5,,Pastick,,0.0,N,,,,,,
59.282916650000004,-158.6268056,2013-11-29,2,0,121.0,155.0,,Pastick,,0.0,N,,,,,,
59.6877778,-158.42388885,2013-11-29,2,0,59.5,95.0,,Pastick,,0.0,N,,,,,,
59.70722226666666,-158.38314813333332,2013-11-29,3,0,61.333333333333336,83.33333333333333,,Pastick,,0.0,N,,,,,,
59.6710185,-157.3240741,2013-11-29,3,0,104.33333333333333,174.0,,Pastick,,0.0,N,,,,,,
59.74320424285713,-160.25071022857142,2013-12-13,7,0,48.142857142857146,99.0,,Pastick,,0.0,N,,,,,,
59.7451582,-160.2247245,2013-12-13,3,0,42.666666666666664,112.33333333333333,,Pastick,,0.0,N,,,,,,
59.752242700000004,-160.26748551666665,2013-12-13,6,0,37.666666666666664,110.0,,Pastick,,0.0,N,,,,,,
59.760846875000006,-160.27330697500003,2013-12-13,4,0,64.75,119.25,,Pastick,,0.0,N,,,,,,
60.03347174,-159.86801636,2013-12-13,5,0,79.8,124.6,,Pastick,,0.0,N,,,,,,
60.029963099999996,-159.8475596333333,2013-12-13,3,0,37.333333333333336,100.66666666666667,,Pastick,,0.0,N,,,,,,
60.03993278,-159.87112392,2013-12-13,5,0,42.8,87.4,,Pastick,,0.0,N,,,,,,
60.050507550000006,-159.86714992499998,2013-12-13,4,0,51.5,78.5,,Pastick,,0.0,N,,,,,,
60.0113877,-159.872602025,2013-12-13,4,0,66.25,103.75,,Pastick,,0.0,N,,,,,,
60.02210485,-159.87260325,2013-12-13,2,0,55.0,92.5,,Pastick,,0.0,N,,,,,,
59.910636133333334,-159.50591696666666,2013-12-13,3,0,32.333333333333336,86.66666666666667,,Pastick,,0.0,N,,,,,,
59.908115466666665,-159.49073643333335,2013-12-13,3,0,84.33333333333333,128.33333333333334,,Pastick,,0.0,N,,,,,,
59.906318683333346,-159.48203721666667,2013-12-13,6,0,48.0,87.5,,Pastick,,0.0,N,,,,,,
59.91017396666666,-159.46316363333335,2013-12-13,3,0,16.666666666666668,152.0,,Pastick,,0.0,N,,,,,,
60.90956876666667,-158.9846595333333,2014-09-17,6,0,38.2,123.6,,Pastick,,0.0,N,,,,,,
59.91823586666667,-159.49588223333333,2013-12-13,3,0,60.333333333333336,85.33333333333333,,Pastick,,0.0,N,,,,,,
59.272931400000004,-159.85408788,2013-12-13,5,0,49.0,84.4,,Pastick,,0.0,N,,,,,,
59.75432596666667,-160.29499583333333,2013-12-13,3,0,55.666666666666664,68.33333333333333,,Pastick,,0.0,N,,,,,,
59.7636268,-160.3114756,2013-12-13,2,0,51.5,131.5,,Pastick,,0.0,N,,,,,,
60.02957466666667,-159.89768946666666,2013-12-13,3,0,43.0,63.333333333333336,,Pastick,,0.0,N,,,,,,
59.938676050000005,-159.47982005,2013-12-13,4,0,40.75,134.0,,Pastick,,0.0,N,,,,,,
59.299256766666666,-159.87116623333335,2013-12-13,3,0,54.666666666666664,75.0,,Pastick,,0.0,N,,,,,,
59.292804149999995,-159.85782089999998,2013-12-13,2,0,42.5,111.0,,Pastick,,0.0,N,,,,,,
59.996471575,-159.8378132,2013-12-13,4,0,46.0,82.5,,Pastick,,0.0,N,,,,,,
59.30465865,-159.832000175,2013-12-13,4,0,62.5,152.0,,Pastick,,0.0,N,,,,,,
59.828741875,-159.503192725,2013-12-13,4,0,49.5,116.0,,Pastick,,0.0,N,,,,,,
59.780519999999996,-159.49292699999998,2013-12-13,3,0,55.666666666666664,110.66666666666667,,Pastick,,0.0,N,,,,,,
59.771182525,-159.555977875,2013-12-13,4,0,75.0,106.75,,Pastick,,0.0,N,,,,,,
61.796110846666664,-158.46338360000001,2015-06-22,3,0,58.5,90.0,,Pastick,,0.0,N,,,,,,
59.7381423,-159.52421015,2013-12-13,2,0,33.5,120.0,,Pastick,,0.0,N,,,,,,
59.7073001,-159.5339023,2013-12-13,3,0,68.0,133.0,,Pastick,,0.0,N,,,,,,
59.53310895,-159.70980724999998,2013-12-13,2,0,107.5,152.0,,Pastick,,0.0,N,,,,,,
59.8131563,-159.51559676,2013-12-13,5,0,64.6,91.8,,Pastick,,0.0,N,,,,,,
59.78822855,-159.52628909999999,2013-12-13,2,0,55.5,80.0,,Pastick,,0.0,N,,,,,,
59.762718,-159.50631216666667,2013-12-13,3,0,46.666666666666664,131.33333333333334,,Pastick,,0.0,N,,,,,,
59.6865162,-159.54473130000002,2013-12-13,4,0,30.75,99.25,,Pastick,,0.0,N,,,,,,
59.550248,-159.6455999,2013-12-13,4,0,72.0,134.0,,Pastick,,0.0,N,,,,,,
59.127883350000005,-159.083375,2013-04-08,2,0,63.0,152.0,,Pastick,,0.0,N,,,,,,
59.422574999999995,-161.15030835,2013-04-08,2,0,110.5,152.0,,Pastick,,0.0,N,,,,,,
59.236091166666675,-160.15432946666667,2013-12-13,3,0,76.66666666666667,152.0,,Pastick,,0.0,N,,,,,,
59.207225,-160.36683106666666,2013-12-13,3,0,78.33333333333333,152.0,,Pastick,,0.0,N,,,,,,
59.20399235,-160.25620445,2013-12-13,2,0,97.5,152.0,,Pastick,,0.0,N,,,,,,
59.162932049999995,-159.92239775,2013-12-13,4,0,83.0,152.0,,Pastick,,0.0,N,,,,,,
59.13012315,-159.60355765,2013-12-13,2,0,32.5,152.0,,Pastick,,0.0,N,,,,,,
59.23754493333333,-159.57487419999998,2013-12-13,3,0,68.33333333333333,152.0,,Pastick,,0.0,N,,,,,,
59.23798085,-159.46422185,2013-12-13,2,0,90.0,152.0,,Pastick,,0.0,N,,,,,,
59.2303194,-159.42735495,2013-12-13,2,0,39.0,152.0,,Pastick,,0.0,N,,,,,,
59.240486149999995,-159.33644775,2013-12-13,2,0,60.0,152.0,,Pastick,,0.0,N,,,,,,
59.17315825,-159.35963355,2013-12-13,2,0,60.0,166.0,,Pastick,,0.0,N,,,,,,
59.18647955,-159.099129,2013-12-13,2,0,12.5,176.0,,Pastick,,0.0,N,,,,,,
58.974364900000005,-159.78074823333336,2013-12-13,3,0,118.0,164.33333333333334,,Pastick,,0.0,N,,,,,,
59.19604546666667,-159.75261163333334,2013-12-13,3,0,84.33333333333333,130.0,,Pastick,,0.0,N,,,,,,
59.02659468,-160.09664172,2013-12-13,5,0,116.8,149.4,,Pastick,,0.0,N,,,,,,
59.23605768,-159.21469754,2013-12-13,5,0,78.0,109.4,,Pastick,,0.0,N,,,,,,
59.206621325,-159.166311325,2013-12-13,4,0,62.75,125.0,,Pastick,,0.0,N,,,,,,
59.325656233333326,-158.9324842,2013-12-13,3,0,66.66666666666667,129.66666666666666,,Pastick,,0.0,N,,,,,,
59.265509179999995,-159.27244002,2013-12-13,5,0,69.8,112.0,,Pastick,,0.0,N,,,,,,
59.187529299999994,-158.83570780000002,2013-12-13,2,0,82.5,135.0,,Pastick,,0.0,N,,,,,,
59.319456833333334,-159.09929546666666,2013-12-13,3,0,84.33333333333333,174.0,,Pastick,,0.0,N,,,,,,
59.05473836666667,-159.74351953333334,2013-12-13,3,0,108.33333333333333,152.0,,Pastick,,0.0,N,,,,,,
61.29083416333334,-158.62420039999998,2015-06-22,3,0,40.0,152.0,,Pastick,,0.0,N,,,,,,
59.12259305,-159.6994785,2013-12-13,2,0,117.5,156.0,,Pastick,,0.0,N,,,,,,
59.2300387,-159.64721915,2013-12-13,2,0,67.5,152.0,,Pastick,,0.0,N,,,,,,
59.19579415,-159.61431875,2013-12-13,2,0,47.5,152.0,,Pastick,,0.0,N,,,,,,
59.1892583,-160.14775535,2013-12-13,2,0,51.5,152.0,,Pastick,,0.0,N,,,,,,
64.02458666646113,-145.56620154803835,2004-06-21,6,0,0.0,105.0,,Pastick,1.0,0.0,N,,,,,,
63.815719268699986,-144.95607871400006,2018-08-16,100,1,54.65,54.65,,Schaefer_2020,,,,,,,,,
63.81543638951672,-144.9581852019614,2004-07-05,3,1,28.0,58.0,,Pastick,1.0,18.333333333333332,N,,,,,,
63.90628060313952,-145.38800582450318,2004-07-18,2,0,0.0,76.5,,Pastick,1.0,17.5,N,,,,,,
63.811239343800786,-145.03421107191673,2004-07-08,3,0,0.0,85.0,,Pastick,5.0,16.333333333333332,N,,,,,,
63.805811894898795,-145.01068291524757,2004-07-08,3,0,21.0,79.66666666666667,,Pastick,1.0,15.666666666666666,N,,,,,,
63.96755245039644,-145.0656231434365,2004-07-14,2,0,0.0,185.0,,Pastick,3.0,2.0,N,,,,,,
63.98083776614819,-145.06737917650852,2004-07-13,5,0,0.0,211.0,,Pastick,2.0,1.8,N,,,,,,
63.830057078665504,-145.1339474629802,2004-07-05,2,1,33.5,102.5,,Pastick,3.0,14.5,N,,,,,,
63.850487661061344,-145.11732571864562,2004-07-20,3,0,0.0,126.0,,Pastick,1.0,1.6666666666666667,N,,,,,,
63.87384429093998,-145.21393654258762,2004-07-22,3,0,0.0,178.33333333333334,,Pastick,1.0,16.0,N,,,,,,
63.94103400026704,-145.2018019538463,2004-08-04,5,0,0.0,99.0,,Pastick,1.0,0.0,N,,,,,,
63.950907984908675,-145.20480225849812,2004-08-19,3,0,0.0,65.66666666666667,,Pastick,3.0,11.666666666666666,N,,,,,,
63.92807303102298,-145.20895597271036,2004-07-28,2,0,0.0,132.5,,Pastick,5.0,0.0,N,,,,,,
63.92592618411347,-145.17611449000574,2004-07-26,5,0,0.0,146.8,,Pastick,2.0,3.2,N,,,,,,
63.95130911443506,-145.2627864379781,2004-09-29,2,0,0.0,190.0,,Pastick,2.0,19.0,N,,,,,,
63.996156394021575,-145.52620089984038,2004-09-28,2,0,0.0,117.5,,Pastick,1.0,11.0,N,,,,,,
63.00315642486434,-151.65785620076167,1999-07-10,4,0,0.0,100.0,,Pastick,2.0,2.5,N,,,,,,
63.01244033873196,-151.65499053688717,1999-07-10,4,1,43.5,93.5,,Pastick,1.0,6.0,N,,,,,,
63.107353538736106,-151.67272174162574,1999-08-05,2,0,0.0,100.0,,Pastick,1.0,5.0,N,,,,,,
63.106040928047705,-151.6515710882877,1999-08-05,5,0,16.6,106.6,,Pastick,1.0,6.0,N,,,,,,
63.10908982376097,-151.6262943669865,1999-08-05,3,0,40.0,90.0,,Pastick,3.0,2.6666666666666665,Y,,,,,,
63.16704248874676,-151.5158035523316,2002-08-15,2,0,0.0,150.0,,Pastick,1.0,8.5,N,,,,,,
63.196017772456024,-151.96006346100893,1999-08-22,5,1,37.4,58.4,,Pastick,2.0,16.0,N,,,,,,
63.20261410476124,-151.97389718539642,1999-08-21,2,1,46.0,69.0,,Pastick,4.0,23.0,N,,,,,,
63.20868750220446,-151.5267205752052,1999-07-08,3,0,37.333333333333336,120.66666666666667,,Pastick,2.0,5.666666666666667,N,,,,,,
63.216280416930125,-151.53745127574135,1999-07-08,2,0,0.0,100.0,,Pastick,1.0,3.0,N,,,,,,
63.22688440809846,-151.5265367543464,1999-07-08,3,0,13.666666666666666,90.0,,Pastick,1.0,10.666666666666666,N,,,,,,
63.207406409788774,-151.69757647372705,1999-07-12,4,0,10.5,89.5,,Pastick,3.0,15.5,N,,,,,,
63.210256864914776,-151.67797810610364,1999-07-12,5,1,23.6,71.6,,Pastick,2.0,24.8,N,,,,,,
63.21207172782198,-151.66201729871133,1999-07-12,2,0,0.0,100.0,,Pastick,2.0,6.5,N,,,,,,
63.21897931572157,-152.0278744661863,1999-08-22,2,0,0.0,100.0,,Pastick,1.0,6.5,N,,,,,,
63.21682225521131,-151.1052331459996,1999-07-12,4,0,0.0,100.0,,Pastick,1.0,2.5,N,,,,,,
63.236283899882004,-151.10993822441972,1999-07-12,3,0,0.0,116.66666666666667,,Pastick,4.0,4.666666666666667,N,,,,,,
63.230028378066336,-151.12025338430794,1999-07-12,2,1,38.0,113.0,,Pastick,2.0,7.5,N,,,,,,
63.243207111098776,-150.95737136536835,1999-07-07,6,0,13.0,96.33333333333333,,Pastick,2.0,1.5,N,,,,,,
63.25584049968201,-151.43324560363806,1999-08-09,2,0,57.5,107.5,,Pastick,3.0,11.5,N,,,,,,
63.25186537309251,-151.42023940322431,1999-08-09,5,0,0.0,120.0,,Pastick,2.0,4.0,N,,,,,,
63.26016263129545,-151.44591211089642,1999-08-09,2,0,0.0,100.0,,Pastick,2.0,4.5,N,,,,,,
63.259472190258236,-151.40699818827363,2002-08-30,2,1,41.0,116.0,,Pastick,2.0,12.0,N,,,,,,
63.27123881528772,-151.44455857520256,1999-08-09,2,1,48.0,98.0,,Pastick,2.0,15.5,N,,,,,,
63.251615293831335,-150.97748198695166,1999-07-07,2,0,0.0,100.0,,Pastick,2.0,4.5,N,,,,,,
63.2711048873443,-151.16888428332965,1999-07-14,4,0,11.75,99.25,,Pastick,4.0,8.25,N,,,,,,
63.26812131466298,-151.14662579598874,1999-07-14,2,0,0.0,100.0,,Pastick,3.0,2.0,N,,,,,,
63.26949189702381,-151.12411694723218,1999-07-14,3,0,14.0,102.0,,Pastick,2.0,9.666666666666666,N,,,,,,
63.28248926264416,-151.9292947097205,1999-07-24,3,0,9.666666666666666,93.0,,Pastick,1.0,64.66666666666667,N,,,,,,
63.27206187159558,-150.81183413263417,2002-08-15,3,0,80.66666666666667,80.66666666666667,,Pastick,1.0,4.0,Y,,,,,,
63.69405721615197,-152.67924294923185,2002-09-20,6,0,16.4,88.4,,Pastick,1.0,42.0,N,,,,,,
63.306397698327025,-151.91660130361035,1999-07-24,3,0,0.0,116.66666666666667,,Pastick,3.0,5.333333333333333,N,,,,,,
63.2973776625901,-151.6015978450021,1999-08-19,5,0,17.2,83.8,,Pastick,1.0,14.0,N,,,,,,
63.29690830459076,-151.58360692273519,1999-08-19,4,0,28.75,83.25,,Pastick,3.0,36.0,N,,,,,,
63.297895591716554,-151.56608275364746,1999-08-19,2,1,44.0,94.0,,Pastick,4.0,14.0,N,,,,,,
63.29978802475915,-151.06420130122567,1998-08-19,6,0,28.166666666666668,131.66666666666666,,Pastick,1.0,12.833333333333334,N,,,,,,
63.295605978961134,-150.79042083028756,1998-07-26,3,0,39.333333333333336,106.0,,Pastick,1.0,2.0,N,,,,,,
63.30506726026323,-150.78457328568953,1998-07-26,4,0,0.0,112.5,,Pastick,4.0,3.5,N,,,,,,
63.30430650084132,-150.77148890554184,1998-07-26,2,0,0.0,107.5,,Pastick,1.0,5.5,N,,,,,,
63.310985538708316,-150.77456580200084,1998-07-26,2,0,0.0,125.0,,Pastick,2.0,4.0,N,,,,,,
63.31341296391266,-150.94623256066495,1998-08-12,3,0,0.0,116.66666666666667,,Pastick,5.0,4.666666666666667,N,,,,,,
63.31068414768521,-150.92195443692933,1998-08-12,5,0,12.4,100.4,,Pastick,2.0,6.6,N,,,,,,
63.30822939585701,-150.90795110979735,1998-08-12,2,0,0.0,100.0,,Pastick,1.0,8.5,N,,,,,,
63.3255932265528,-152.19224365720424,2001-09-05,3,1,34.0,84.0,,Pastick,3.0,18.666666666666668,N,,,,,,
63.33096479539865,-152.17363486061961,2001-09-05,3,0,52.666666666666664,152.66666666666666,,Pastick,3.0,4.0,N,,,,,,
63.306594349726204,-150.31881412475295,1998-08-05,7,0,20.0,96.42857142857143,,Pastick,2.0,4.857142857142857,N,,,,,,
63.31123948617729,-150.31170373091186,1998-07-10,3,0,36.666666666666664,120.0,,Pastick,2.0,2.0,N,,,,,,
63.316333917035664,-151.09082891379953,1998-08-19,5,0,0.0,130.0,,Pastick,2.0,5.8,N,,,,,,
63.332117527233635,-151.78756972008452,1999-08-20,4,0,0.0,100.0,,Pastick,3.0,4.5,N,,,,,,
63.33017728423904,-151.767185980384,1999-08-20,5,0,19.6,79.6,,Pastick,1.0,21.2,N,,,,,,
63.33070442875575,-151.75120637118508,1999-08-20,2,1,21.5,105.5,,Pastick,1.0,35.5,N,,,,,,
63.32816929361339,-150.74288989914007,1998-08-05,4,0,0.0,150.0,,Pastick,1.0,8.0,N,,,,,,
63.33883358431893,-150.7455061467839,1998-08-05,3,1,41.0,81.33333333333333,,Pastick,1.0,15.333333333333334,N,,,,,,
63.348017301768635,-150.74899453737567,1998-08-05,2,0,0.0,125.0,,Pastick,4.0,28.0,N,,,,,,
63.35404768456162,-150.74991243711068,1998-08-05,2,0,0.0,100.0,,Pastick,1.0,0.0,N,,,,,,
63.34885250255934,-150.6123773454819,1998-07-22,5,0,9.6,109.6,,Pastick,1.0,5.2,N,,,,,,
63.36110415708862,-150.61464079845774,1998-07-21,5,0,12.6,95.0,,Pastick,1.0,10.6,N,,,,,,
63.3662766879667,-150.6157857082168,1998-07-21,2,0,0.0,100.0,,Pastick,3.0,4.5,N,,,,,,
63.36326762582857,-151.17212359506064,1999-07-22,4,1,18.75,99.25,,Pastick,2.0,13.75,N,,,,,,
63.36582457231754,-151.14992249647796,1999-07-22,3,1,23.333333333333332,79.0,,Pastick,3.0,64.33333333333333,N,,,,,,
63.356144774952895,-150.366430119243,1998-07-09,4,0,7.75,96.75,,Pastick,2.0,8.25,N,,,,,,
63.36462064634117,-150.3703548400905,1998-07-09,4,1,21.0,99.75,,Pastick,4.0,3.25,N,,,,,,
63.36968028452556,-150.37530932552886,1998-07-09,2,0,0.0,125.0,,Pastick,2.0,0.5,N,,,,,,
63.38130411079092,-152.05499862980145,1999-10-10,4,1,59.75,63.75,,Pastick,1.0,19.75,N,,,,,,
63.376658852690916,-152.0324686777384,1999-10-10,2,1,67.0,67.0,,Pastick,3.0,18.5,N,,,,,,
63.375586667764615,-152.02263435553886,1999-10-10,2,1,76.0,76.0,,Pastick,2.0,27.0,N,,,,,,
63.37515554174361,-150.53441894713208,1998-07-14,4,0,32.5,87.5,,Pastick,2.0,6.5,N,,,,,,
63.384819572052066,-150.5608761506036,1998-07-14,6,0,8.166666666666666,93.16666666666667,,Pastick,1.0,5.5,N,,,,,,
63.390954566876886,-150.56326473257985,1998-07-14,2,1,39.0,89.0,,Pastick,4.0,6.5,N,,,,,,
63.3943149735264,-152.05885380590252,1999-10-10,3,1,30.0,73.0,,Pastick,2.0,24.0,N,,,,,,
63.405157091617795,-151.34003772240644,1999-09-04,4,1,40.25,65.25,,Pastick,2.0,20.0,N,,,,,,
63.41627430399541,-151.33977587220687,1999-09-04,4,1,76.75,92.0,,Pastick,1.0,17.0,N,,,,,,
63.42220853200673,-151.33556503507353,1999-09-04,3,0,11.0,99.0,,Pastick,3.0,87.66666666666667,N,,,,,,
63.410249317615815,-151.10261996590293,1998-08-21,6,1,51.833333333333336,101.83333333333333,,Pastick,1.0,19.5,N,,,,,,
63.4184960447238,-151.0943470398662,1998-08-21,3,0,27.666666666666668,94.33333333333333,,Pastick,5.0,28.333333333333332,N,,,,,,
63.41970170891145,-151.07878510720235,1998-08-21,2,0,0.0,125.0,,Pastick,2.0,10.0,N,,,,,,
63.42071574272096,-151.07075209229953,1998-08-21,2,0,0.0,125.0,,Pastick,3.0,9.5,N,,,,,,
63.4267805469228,-151.7641252386418,1999-08-21,9,1,48.111111111111114,86.55555555555556,,Pastick,2.0,36.333333333333336,N,,,,,,
63.431699131528276,-151.74666139024444,1999-08-24,2,0,34.5,109.5,,Pastick,1.0,84.0,N,,,,,,
63.412972893647094,-150.51067207592405,2002-08-20,2,0,0.0,125.0,,Pastick,2.0,1.5,N,,,,,,
63.43894438354964,-151.63200207766835,1999-08-08,4,1,25.5,55.0,,Pastick,1.0,47.0,N,,,,,,
63.436459149566225,-151.60286357186695,1999-08-08,4,1,32.25,38.0,,Pastick,5.0,20.0,N,,,,,,
63.43430889831035,-150.8359144395502,1998-08-24,2,0,0.0,125.0,,Pastick,4.0,9.0,N,,,,,,
63.44342997440538,-150.8346672914929,1998-08-24,3,0,29.333333333333332,112.66666666666667,,Pastick,2.0,11.0,N,,,,,,
63.446766860563685,-150.8186897717824,1998-08-24,3,0,0.0,116.66666666666667,,Pastick,2.0,7.666666666666667,N,,,,,,
63.45080108798614,-150.81789452986422,1998-08-24,3,0,0.0,100.0,,Pastick,3.0,10.666666666666666,N,,,,,,
63.44605964242897,-151.73972726315267,1999-08-23,3,0,0.0,100.0,,Pastick,3.0,6.333333333333333,N,,,,,,
63.466321789417066,-151.74555785781592,1999-08-23,3,0,0.0,103.33333333333333,,Pastick,3.0,5.333333333333333,N,,,,,,
63.47213067781057,-151.74197183948553,1999-08-22,4,1,23.25,94.75,,Pastick,4.0,29.75,N,,,,,,
63.43317182963477,-150.4903209166917,1998-09-09,2,0,29.5,106.5,,Pastick,2.0,32.5,N,,,,,,
63.448657080573135,-151.11658262075716,1998-08-20,4,1,31.75,82.75,,Pastick,3.0,20.0,N,,,,,,
63.45794295094796,-151.11596045919867,1998-08-20,3,0,14.333333333333334,95.0,,Pastick,3.0,13.666666666666666,N,,,,,,
63.470794456121105,-151.12098301245626,1998-08-20,6,0,49.666666666666664,118.33333333333333,,Pastick,1.0,10.0,N,,,,,,
63.46104299913278,-152.0053539398247,2000-08-26,6,1,60.0,66.66666666666667,,Pastick,2.0,20.5,N,,,,,,
63.46040113976557,-152.39722821952208,2000-08-29,3,0,15.333333333333334,103.66666666666667,,Pastick,1.0,76.66666666666667,N,,,,,,
63.46194765114736,-152.37898067526092,2000-08-29,3,0,16.333333333333332,109.33333333333333,,Pastick,2.0,26.666666666666668,N,,,,,,
63.46639966232186,-152.35406645768148,2000-08-29,5,0,17.4,97.4,,Pastick,1.0,23.8,N,,,,,,
63.43699041840145,-150.05688456913595,1998-07-08,4,0,5.0,98.75,,Pastick,1.0,11.5,N,,,,,,
63.46011678228581,-151.23504900287622,1999-08-25,2,0,0.0,100.0,,Pastick,1.0,5.5,N,,,,,,
63.47425223711855,-152.02363339765384,2000-08-26,2,1,49.0,51.0,,Pastick,4.0,17.5,N,,,,,,
63.465576822082795,-150.83770614724844,2001-08-16,2,1,57.5,107.5,,Pastick,2.0,4.5,N,,,,,,
63.474250444939806,-150.16344362086957,1997-09-06,2,1,25.5,105.0,,Pastick,4.0,8.0,N,,,,,,
63.482519277629486,-150.15997525968405,1997-09-06,3,0,0.0,106.66666666666667,,Pastick,1.0,0.6666666666666666,N,,,,,,
63.46211959506822,-150.17784482761462,1997-09-06,5,0,58.6,117.0,,Pastick,3.0,5.8,N,,,,,,
63.48492777100593,-151.34694869415762,1999-08-25,2,1,64.0,70.0,,Pastick,1.0,14.5,N,,,,,,
63.47966667416619,-150.46165076413556,2002-08-20,4,0,22.0,134.5,,Pastick,2.0,3.75,N,,,,,,
63.50268555096228,-151.9030715920092,1999-09-01,5,0,19.8,110.2,,Pastick,6.0,19.6,N,,,,,,
63.50201708758915,-151.88373776594568,1999-09-01,4,0,20.5,108.0,,Pastick,2.0,11.5,N,,,,,,
63.4900241079281,-150.69183148943503,1999-07-23,2,1,19.0,81.5,,Pastick,2.0,20.0,N,,,,,,
63.51248955553047,-151.30240943497105,1999-08-25,6,1,51.5,78.33333333333333,,Pastick,3.0,25.666666666666668,N,,,,,,
63.50296010038392,-150.5737762444992,1998-08-26,7,0,0.0,107.14285714285714,,Pastick,2.0,4.857142857142857,N,,,,,,
63.50907874987363,-150.57134123510573,1998-08-26,3,0,0.0,103.33333333333333,,Pastick,2.0,5.333333333333333,N,,,,,,
63.510811723946176,-150.73749710496364,1999-07-23,4,1,42.5,49.0,,Pastick,2.0,39.0,N,,,,,,
63.51434868490596,-150.82915649502212,1998-08-24,5,0,28.2,102.8,,Pastick,3.0,18.6,N,,,,,,
63.52466715033143,-150.92309849298525,1998-08-25,6,0,79.5,79.5,,Pastick,2.0,7.166666666666667,Y,,,,,,
63.53670322145232,-151.53513790668495,1999-09-05,4,0,14.0,117.75,,Pastick,1.0,9.0,N,,,,,,
63.53269984797159,-151.51225804252584,1999-09-05,2,0,25.5,100.5,,Pastick,3.0,85.5,N,,,,,,
63.5329775540678,-151.49520683860402,1999-09-05,4,1,51.5,51.5,,Pastick,2.0,16.0,N,,,,,,
63.51999033014912,-150.36609361455385,1997-07-18,7,0,11.714285714285714,133.14285714285714,,Pastick,2.0,4.285714285714286,N,,,,,,
63.530112241216536,-150.3712831642381,1997-07-18,2,0,0.0,150.0,,Pastick,5.0,7.0,N,,,,,,
63.53401746644521,-150.71645666205214,1999-07-27,3,0,65.33333333333333,98.66666666666667,,Pastick,1.0,6.666666666666667,Y,,,,,,
64.28531431921648,-153.72666716818605,2006-07-30,3,1,21.0,105.0,,Pastick,,40.5,N,,,,,,
63.58321042173518,-151.89553676124567,1999-09-03,5,0,7.8,93.2,,Pastick,3.0,11.6,N,,,,,,
63.58183692504415,-151.85538188306577,1999-09-03,5,1,38.0,63.0,,Pastick,2.0,47.6,N,,,,,,
63.586251199457315,-151.35926954793985,1999-08-18,2,0,29.0,83.0,,Pastick,1.0,13.0,N,,,,,,
63.585784084412886,-151.3424193029133,1999-08-18,2,0,0.0,100.0,,Pastick,3.0,13.0,N,,,,,,
63.585418750262,-151.31719001454147,1999-08-18,5,0,21.8,95.6,,Pastick,1.0,47.2,N,,,,,,
63.576245456798915,-150.5413150067252,2002-08-19,2,0,0.0,150.0,,Pastick,2.0,6.5,N,,,,,,
63.597957547389946,-152.5619208028932,2000-09-10,6,0,15.666666666666666,109.0,,Pastick,1.0,47.0,N,,,,,,
63.582097833397825,-150.63882461834504,1998-08-23,5,0,35.6,115.6,,Pastick,1.0,8.2,N,,,,,,
63.5930860751604,-150.64109533088796,1998-08-23,5,0,61.8,99.8,,Pastick,3.0,4.2,Y,,,,,,
63.59917592635101,-150.64614040756146,1998-08-23,2,0,99.5,99.5,,Pastick,2.0,7.0,Y,,,,,,
63.588398131046716,-151.0125165660546,2000-08-28,3,1,65.33333333333333,75.66666666666667,,Pastick,1.0,35.0,N,,,,,,
63.57747411277255,-150.25416403279553,1999-07-23,4,0,8.5,93.25,,Pastick,1.0,8.0,N,,,,,,
63.58427576215752,-150.56147108655338,2002-08-19,3,0,28.666666666666668,128.66666666666666,,Pastick,1.0,11.333333333333334,N,,,,,,
63.61027752531486,-152.0645538521291,2000-09-06,5,1,35.6,96.4,,Pastick,1.0,35.8,N,,,,,,
63.613198208786415,-152.0989672316109,2000-09-06,4,0,0.0,137.5,,Pastick,2.0,4.5,N,,,,,,
63.617708824593,-151.60377757374718,1999-08-06,5,1,36.6,76.6,,Pastick,2.0,27.2,N,,,,,,
63.63108561621872,-151.5994126035117,1999-08-10,3,0,15.666666666666666,102.66666666666667,,Pastick,3.0,15.0,N,,,,,,
63.6111566954223,-150.75962772436367,1998-08-11,6,0,53.5,75.33333333333333,,Pastick,9.0,7.333333333333333,Y,,,,,,
63.62098573369272,-150.75514690675814,1998-08-11,6,0,81.5,81.5,,Pastick,3.0,9.666666666666666,Y,,,,,,
63.6309987015348,-152.40231219854783,2000-08-10,6,1,33.666666666666664,94.83333333333333,,Pastick,1.0,49.333333333333336,N,,,,,,
63.63587765324706,-152.58690830052913,2000-09-10,4,1,38.75,86.75,,Pastick,2.0,32.75,N,,,,,,
63.63244956368937,-150.40852783025204,1998-08-09,6,0,10.5,118.83333333333333,,Pastick,3.0,8.0,N,,,,,,
63.62855004572744,-150.40343192095503,1998-08-09,2,1,47.5,71.0,,Pastick,2.0,53.0,N,,,,,,
63.64164111187007,-150.41878906067723,1998-08-09,2,1,42.5,55.0,,Pastick,1.0,29.5,N,,,,,,
63.647937390998436,-150.42411577563777,1998-08-09,2,0,0.0,100.0,,Pastick,1.0,3.0,N,,,,,,
63.660995313877265,-151.75599195280347,1999-09-07,7,0,16.285714285714285,94.71428571428571,,Pastick,1.0,49.857142857142854,N,,,,,,
63.66079762387611,-151.74186410338496,1999-09-07,2,0,31.5,131.5,,Pastick,3.0,0.0,N,,,,,,
63.6673119285321,-152.0908347672473,2000-08-11,2,0,28.0,78.0,,Pastick,2.0,40.0,N,,,,,,
63.65788399529474,-151.05391254955435,1999-07-27,7,0,17.571428571428573,79.71428571428571,,Pastick,1.0,19.714285714285715,N,,,,,,
63.67817348153926,-152.0719100272939,2000-08-11,6,1,27.333333333333332,106.16666666666667,,Pastick,1.0,21.5,N,,,,,,
63.674318139676934,-151.58939617621897,1999-09-02,3,0,0.0,116.66666666666667,,Pastick,5.0,11.0,N,,,,,,
63.67795169597437,-151.5699563159395,1999-09-02,2,0,0.0,100.0,,Pastick,2.0,2.0,N,,,,,,
63.68367369436519,-151.54263312633964,1999-09-02,2,0,0.0,100.0,,Pastick,4.0,2.5,N,,,,,,
63.687123064869596,-151.53139399568676,1999-09-02,2,0,0.0,125.0,,Pastick,2.0,10.5,N,,,,,,
63.66430853212078,-150.21528412744402,1998-07-13,5,1,33.6,83.2,,Pastick,1.0,17.6,N,,,,,,
63.67464809134876,-150.19399911182035,1998-07-13,3,1,35.666666666666664,53.333333333333336,,Pastick,1.0,26.333333333333332,N,,,,,,
63.67650564514553,-150.17404090855405,1998-07-13,3,0,10.666666666666666,90.66666666666667,,Pastick,4.0,11.333333333333334,N,,,,,,
63.694052034973666,-151.90228504802297,1999-09-06,8,1,39.75,89.75,,Pastick,1.0,19.625,N,,,,,,
63.6849406045172,-150.57703349135062,1998-09-02,5,0,89.6,109.6,,Pastick,1.0,8.6,Y,,,,,,
63.69193009906038,-150.58290215573703,1998-09-02,5,0,43.4,67.0,,Pastick,2.0,4.0,Y,,,,,,
63.68877553565779,-150.96839015710677,1998-09-03,2,1,56.0,77.0,,Pastick,2.0,30.5,N,,,,,,
63.698883100109306,-151.2528206412453,1999-07-28,7,0,16.857142857142858,95.42857142857143,,Pastick,1.0,10.571428571428571,N,,,,,,
63.681814603876525,-150.02846664734554,1998-07-12,5,0,36.8,110.2,,Pastick,3.0,11.2,N,,,,,,
63.703467903486604,-150.02029937783317,1998-07-12,3,1,22.666666666666668,73.33333333333333,,Pastick,1.0,27.666666666666668,N,,,,,,
63.69240465122872,-150.02402634213772,1998-07-12,3,0,12.333333333333334,53.666666666666664,,Pastick,2.0,11.333333333333334,N,,,,,,
63.7009071405768,-150.45978378576353,1998-08-09,8,0,52.0,103.5,,Pastick,1.0,13.0,N,,,,,,
63.69956092829147,-150.43104204633684,1998-07-25,2,0,20.5,105.0,,Pastick,1.0,16.0,N,,,,,,
63.7076290598912,-150.46063854998533,1998-07-25,2,0,77.0,77.0,,Pastick,2.0,0.5,Y,,,,,,
63.7160636471133,-151.24137386363364,1999-07-28,4,0,9.75,87.0,,Pastick,1.0,18.0,N,,,,,,
63.716620991314656,-150.77390613434727,1998-08-10,7,0,61.285714285714285,68.57142857142857,,Pastick,1.0,19.142857142857142,Y,,,,,,
63.72731114484367,-150.78191584781956,1998-08-10,5,0,53.2,95.2,,Pastick,3.0,11.4,Y,,,,,,
63.72873311498564,-150.9868695970919,1998-09-03,6,1,40.0,96.83333333333333,,Pastick,1.0,39.166666666666664,N,,,,,,
63.72816887954211,-150.96665117262725,1998-09-03,5,0,25.0,85.0,,Pastick,2.0,6.8,N,,,,,,
63.740080603761555,-151.7376721169593,1999-07-25,6,1,54.0,96.83333333333333,,Pastick,6.0,34.166666666666664,N,,,,,,
63.73715049811358,-151.7128519574399,1999-07-26,3,1,32.333333333333336,65.66666666666667,,Pastick,3.0,10.666666666666666,N,,,,,,
63.75371389789882,-152.1661056822268,2000-09-09,8,1,30.125,106.5,,Pastick,3.0,19.25,N,,,,,,
63.75289010765949,-152.14988061027765,2000-09-09,2,1,44.0,50.5,,Pastick,2.0,27.0,N,,,,,,
63.760271407859406,-151.93498529286603,2000-08-09,7,0,14.428571428571429,124.57142857142857,,Pastick,1.0,10.857142857142858,N,,,,,,
63.76596851672335,-151.95249579469544,2000-08-09,3,1,33.666666666666664,93.33333333333333,,Pastick,2.0,33.666666666666664,N,,,,,,
63.784484486283915,-151.46598241396856,2000-09-11,2,0,0.0,150.0,,Pastick,5.0,41.5,N,,,,,,
63.792798798695436,-151.7464117086367,2000-08-13,6,1,38.5,65.33333333333333,,Pastick,1.0,47.0,N,,,,,,
63.8028630036877,-151.75432379714758,2000-08-13,3,0,78.33333333333333,78.33333333333333,,Pastick,2.0,11.666666666666666,Y,,,,,,
63.81145831280038,-151.7522105075787,2000-08-13,2,0,55.5,67.0,,Pastick,1.0,20.0,Y,,,,,,
63.79376487139469,-150.80016968728816,1998-09-05,6,0,92.0,96.33333333333333,,Pastick,2.0,15.833333333333334,Y,,,,,,
63.80363722497501,-150.79662642860538,1998-09-05,5,1,52.2,93.2,,Pastick,1.0,18.0,N,,,,,,
63.811174302473056,-150.78668914525826,1998-09-05,3,1,53.0,68.33333333333333,,Pastick,1.0,44.0,N,,,,,,
63.81970626696845,-152.1057228520651,2002-08-30,2,0,0.0,150.0,,Pastick,1.0,0.0,N,,,,,,
63.82419172061528,-151.5175970497042,2000-09-11,5,1,39.4,103.2,,Pastick,1.0,67.8,N,,,,,,
63.817126722036136,-150.55300415969444,1998-07-26,8,1,39.375,70.875,,Pastick,1.0,17.625,N,,,,,,
63.825270768215965,-150.5727637912346,1998-07-26,4,0,60.5,66.25,,Pastick,6.0,11.75,Y,,,,,,
63.807953025264304,-150.05154574266422,1999-07-23,3,1,45.666666666666664,56.0,,Pastick,3.0,47.666666666666664,N,,,,,,
63.83282621842852,-151.56281461135322,2000-09-11,3,0,0.0,133.33333333333334,,Pastick,1.0,18.666666666666668,N,,,,,,
63.83380686270803,-151.21414817727245,2000-08-16,3,0,0.0,133.33333333333334,,Pastick,6.0,37.0,N,,,,,,
63.83465508219191,-151.1919758859529,2000-08-16,5,0,19.8,109.8,,Pastick,1.0,30.4,N,,,,,,
63.83095206549437,-150.89181894431198,1998-09-08,4,0,10.0,110.0,,Pastick,1.0,9.0,N,,,,,,
63.83290024874249,-150.8673073070566,1998-09-08,5,1,47.4,81.6,,Pastick,2.0,57.0,N,,,,,,
63.837639640265635,-151.3579540126469,2002-08-30,2,0,0.0,125.0,,Pastick,1.0,44.5,N,,,,,,
63.829341248960965,-150.26916189227424,1998-07-24,3,0,0.0,150.0,,Pastick,2.0,10.333333333333334,N,,,,,,
63.83148923810347,-150.24615249496435,1998-07-24,4,0,23.75,76.75,,Pastick,2.0,25.0,N,,,,,,
63.835771331631655,-150.22237369958683,1998-07-24,3,1,68.33333333333333,71.33333333333333,,Pastick,1.0,35.0,N,,,,,,
63.82743371080412,-150.00011813254747,1998-07-22,5,0,32.8,95.6,,Pastick,3.0,17.2,N,,,,,,
63.83063834483677,-149.9761462084528,1998-07-23,4,0,17.5,86.0,,Pastick,2.0,39.5,N,,,,,,
63.86454999441678,-150.9623032113241,1998-08-22,2,0,0.0,150.0,,Pastick,2.0,6.5,N,,,,,,
63.89182429830186,-151.70069413263585,2000-09-08,9,1,34.333333333333336,95.66666666666667,,Pastick,1.0,59.44444444444444,N,,,,,,
63.878384814628426,-150.8179530230554,1998-09-07,4,1,46.0,95.75,,Pastick,1.0,72.5,N,,,,,,
63.8865920529833,-151.39593867909875,2000-08-14,3,0,20.666666666666668,104.0,,Pastick,5.0,10.0,N,,,,,,
63.886576426019964,-151.38001924193983,2000-08-14,3,0,0.0,116.66666666666667,,Pastick,2.0,1.6666666666666667,N,,,,,,
63.89734671583997,-151.41779886634882,2000-08-14,3,1,44.333333333333336,84.66666666666667,,Pastick,2.0,40.666666666666664,N,,,,,,
63.87458049228602,-150.32742589118638,1998-08-06,5,0,22.2,105.2,,Pastick,3.0,19.4,N,,,,,,
63.88452808195143,-150.33586435124857,1998-08-06,5,0,37.8,121.8,,Pastick,2.0,5.2,N,,,,,,
63.88589787641792,-150.97544110185942,1998-08-22,7,1,48.57142857142857,77.14285714285714,,Pastick,2.0,40.857142857142854,N,,,,,,
63.895431901650156,-150.97710398063697,1998-08-22,4,1,21.0,111.75,,Pastick,4.0,111.75,N,,,,,,
63.90560824624234,-152.03051637539863,2000-09-07,6,0,21.666666666666668,79.66666666666667,,Pastick,3.0,63.833333333333336,N,,,,,,
63.89758275274545,-150.67621801185012,1998-09-07,4,0,28.5,109.5,,Pastick,4.0,23.0,N,,,,,,
63.91946010367376,-152.02547634575885,2000-09-07,4,1,54.0,79.0,,Pastick,2.0,33.0,N,,,,,,
63.91246474362865,-150.71116002854532,1998-09-07,2,1,79.0,79.0,,Pastick,4.0,14.0,N,,,,,,
63.90323851084293,-150.11713809461162,1997-09-03,3,1,66.33333333333333,66.33333333333333,,Pastick,2.0,17.666666666666668,N,,,,,,
63.93102468578977,-151.48986535636215,2000-08-27,7,1,49.857142857142854,111.42857142857143,,Pastick,2.0,48.57142857142857,N,,,,,,
63.94308666114276,-151.51583222346812,2000-08-27,2,0,76.0,76.0,,Pastick,2.0,9.5,Y,,,,,,
63.92766833573413,-150.5101102549763,1998-09-06,6,1,52.333333333333336,79.33333333333333,,Pastick,2.0,16.0,N,,,,,,
63.9363834721193,-150.5084110669148,1998-09-06,2,1,94.5,98.0,,Pastick,4.0,10.5,N,,,,,,
63.944159492561006,-150.5315079785046,1998-09-06,3,1,70.66666666666667,86.66666666666667,,Pastick,2.0,18.333333333333332,N,,,,,,
63.91912737450614,-150.15367017628247,2002-08-18,3,0,0.0,150.0,,Pastick,3.0,7.666666666666667,N,,,,,,
63.940247473427604,-150.72839190806044,1998-09-07,3,1,85.66666666666667,90.0,,Pastick,1.0,24.0,N,,,,,,
63.961221556845,-151.1896053453938,2000-08-28,3,1,67.33333333333333,76.66666666666667,,Pastick,3.0,21.333333333333332,N,,,,,,
63.9469055074822,-150.0866562794696,1997-08-20,3,1,92.66666666666667,92.66666666666667,,Pastick,2.0,22.333333333333332,N,,,,,,
63.94951227498659,-150.05750847066884,1997-08-20,2,1,59.5,71.5,,Pastick,7.0,29.0,N,,,,,,
63.94920546770691,-150.0395814144268,1997-08-20,6,1,48.166666666666664,77.33333333333333,,Pastick,3.0,24.0,N,,,,,,
63.94338947179121,-150.0246418842866,1997-08-20,2,1,63.5,76.5,,Pastick,1.0,39.5,N,,,,,,
63.98750315570379,-151.37818335570148,2000-08-15,2,1,67.5,77.0,,Pastick,2.0,25.5,N,,,,,,
63.99283405784366,-151.40292231007797,2000-08-15,3,0,62.0,112.0,,Pastick,1.0,11.666666666666666,N,,,,,,
63.972932464408714,-150.04035942754248,2002-08-18,2,1,43.0,118.0,,Pastick,2.0,12.0,N,,,,,,
63.98905091808774,-150.64774986895398,1998-09-04,9,1,48.888888888888886,69.44444444444444,,Pastick,1.0,33.666666666666664,N,,,,,,
63.99779683704717,-150.64789133500796,1998-09-04,4,1,85.5,91.5,,Pastick,2.0,23.25,N,,,,,,
64.00158367256034,-151.76785678575817,2000-08-12,4,1,26.5,98.75,,Pastick,1.0,57.25,N,,,,,,
63.98244873474767,-150.1627215132161,1998-08-07,7,0,55.142857142857146,71.85714285714286,,Pastick,3.0,11.571428571428571,Y,,,,,,
63.98411100584012,-150.14481320205385,1998-08-07,4,0,62.0,87.5,,Pastick,2.0,15.0,Y,,,,,,
63.98421705359447,-151.75859754149968,2000-08-12,7,1,42.57142857142857,96.28571428571429,,Pastick,2.0,37.57142857142857,N,,,,,,
63.98207465094812,-151.18649557690446,2000-08-28,5,0,7.0,124.0,,Pastick,4.0,20.2,N,,,,,,
63.98439355818282,-151.2750864828298,2000-08-15,2,0,30.5,105.5,,Pastick,1.0,15.0,N,,,,,,
63.99878518019232,-150.4065701129093,1998-08-08,4,1,32.75,70.25,,Pastick,4.0,13.0,N,,,,,,
63.99675106205016,-150.38610821143484,1998-08-08,5,1,48.8,62.8,,Pastick,2.0,19.8,N,,,,,,
64.01804459024117,-151.71979476376637,2001-09-02,3,1,69.33333333333333,119.33333333333333,,Pastick,2.0,49.666666666666664,N,,,,,,
64.0247827873799,-151.75028739473657,2002-09-02,2,1,90.0,165.0,,Pastick,1.0,80.0,N,,,,,,
64.03015574829055,-151.79706292380277,2001-09-02,6,1,54.5,81.83333333333333,,Pastick,1.0,38.5,N,,,,,,
63.74767638333108,-148.93943911639494,1997-09-08,3,0,19.0,94.0,,Pastick,5.0,19.666666666666668,N,,,,,,
63.74360295782942,-148.92457833165832,1997-09-08,4,0,16.0,109.75,,Pastick,3.0,13.5,N,,,,,,
63.75245853346884,-148.94802827660135,1997-09-08,4,0,0.0,96.0,,Pastick,1.0,5.5,Y,,,,,,
63.719807014060876,-149.07645447313536,1997-09-09,2,0,0.0,150.0,,Pastick,1.0,2.0,N,,,,,,
63.710585344682,-149.14093407281868,1997-08-22,2,0,0.0,150.0,,Pastick,3.0,4.5,N,,,,,,
63.71935827325692,-149.13328446048104,1997-09-09,2,0,0.0,100.0,,Pastick,1.0,11.0,N,,,,,,
63.722061510889354,-149.4070166298474,1997-09-10,3,0,32.0,116.66666666666667,,Pastick,1.0,9.333333333333334,N,,,,,,
63.7327167457999,-149.33461463317008,1997-07-24,6,0,10.166666666666666,110.16666666666667,,Pastick,1.0,6.333333333333333,N,,,,,,
63.736823100306964,-149.32758381942722,1997-07-16,3,0,0.0,123.66666666666667,,Pastick,2.0,6.666666666666667,N,,,,,,
63.57462620405638,-148.99707518808876,1997-07-23,6,0,0.0,118.83333333333333,,Pastick,1.0,6.333333333333333,N,,,,,,
63.580792649825796,-148.99985818706278,1997-07-23,2,0,0.0,101.0,,Pastick,1.0,1.0,N,,,,,,
63.98525613261682,-149.94414669088505,1997-08-21,3,1,40.0,73.33333333333333,,Pastick,1.0,29.0,N,,,,,,
63.98622090385949,-149.9183939707559,1997-08-21,5,1,33.0,95.6,,Pastick,1.0,20.6,N,,,,,,
63.98583541694626,-149.90390959067176,1997-08-21,4,1,24.25,99.25,,Pastick,1.0,14.5,N,,,,,,
63.71581435072434,-149.1692515301962,1997-08-22,5,0,0.0,110.0,,Pastick,1.0,5.4,N,,,,,,
63.72477123538566,-149.16986694180892,1997-08-22,4,0,36.5,105.25,,Pastick,2.0,10.5,N,,,,,,
63.64277661092731,-149.58464984045298,1997-09-02,6,0,12.0,123.66666666666667,,Pastick,1.0,12.166666666666666,N,,,,,,
63.64381382582937,-149.56854360653233,1997-09-03,2,0,0.0,100.0,,Pastick,1.0,2.0,N,,,,,,
63.50674819058497,-149.75665312026445,1997-07-17,4,0,42.25,101.25,,Pastick,1.0,7.5,N,,,,,,
63.516977058091015,-149.77836435707195,1997-07-17,3,0,21.666666666666668,116.0,,Pastick,6.0,4.333333333333333,N,,,,,,
63.525808191383504,-149.78601015377603,1997-07-17,2,1,36.5,41.0,,Pastick,2.0,26.5,N,,,,,,
63.77665404056279,-149.98375100141715,1998-07-11,4,1,62.75,74.5,,Pastick,2.0,47.25,N,,,,,,
63.77458797217446,-149.95902681980814,1998-07-11,4,1,32.0,98.0,,Pastick,1.0,19.0,N,,,,,,
63.77788326963777,-149.94910576786964,1998-07-11,2,0,0.0,100.0,,Pastick,1.0,1.0,N,,,,,,
63.69508430373433,-150.00156305657745,1998-07-12,2,1,77.0,86.0,,Pastick,9.0,17.5,N,,,,,,
63.64673956004406,-149.01765799006833,1997-07-30,4,0,0.0,97.5,,Pastick,1.0,3.75,Y,,,,,,
63.64034479502313,-149.01024153956334,1997-07-30,5,0,0.0,134.0,,Pastick,1.0,10.8,N,,,,,,
63.63429407928797,-149.00095648383424,1998-07-15,2,1,11.0,85.5,,Pastick,1.0,14.0,N,,,,,,
63.572301151560374,-148.9694514001953,1998-07-15,3,0,32.0,102.0,,Pastick,1.0,7.666666666666667,N,,,,,,
63.91009299091191,-149.2998022472381,1998-07-24,2,0,24.0,76.5,,Pastick,7.0,20.5,N,,,,,,
63.921011887425294,-149.324215095673,1998-07-24,4,0,14.0,114.0,,Pastick,2.0,17.5,N,,,,,,
63.928422113674664,-149.32851158203067,1998-07-24,2,0,20.0,80.0,,Pastick,1.0,18.5,N,,,,,,
63.64860122349228,-149.72109742550958,1999-08-11,6,0,39.5,92.5,,Pastick,1.0,11.333333333333334,N,,,,,,
63.60352599574007,-149.70384458361224,1999-08-11,5,0,0.0,96.4,,Pastick,1.0,2.2,N,,,,,,
63.454127276005885,-149.92580659857498,1999-08-21,5,0,0.0,107.8,,Pastick,1.0,2.4,N,,,,,,
63.480848236824805,-149.55921878718317,1999-08-21,5,0,16.2,96.2,,Pastick,1.0,6.0,N,,,,,,
63.51249229740538,-148.86261351085992,2000-06-19,3,0,0.0,116.66666666666667,,Pastick,2.0,8.666666666666666,N,,,,,,
63.50865730712297,-148.8441624358566,2000-06-24,7,0,3.4285714285714284,92.71428571428571,,Pastick,2.0,10.428571428571429,N,,,,,,
63.38870212552942,-148.99834700074038,2000-06-20,6,0,0.0,127.33333333333333,,Pastick,2.0,16.833333333333332,N,,,,,,
63.44415336135785,-149.0080739360014,2000-06-21,6,0,0.0,150.0,,Pastick,2.0,5.833333333333333,N,,,,,,
63.45570615476206,-149.00991556009035,2000-06-21,4,0,5.0,60.25,,Pastick,1.0,6.75,Y,,,,,,
63.47556901082873,-149.1139605310629,2000-06-22,3,0,0.0,116.33333333333333,,Pastick,2.0,2.3333333333333335,N,,,,,,
63.470168091542654,-149.10495800502545,2000-06-22,5,0,13.2,103.2,,Pastick,3.0,6.4,N,,,,,,
63.480987065161585,-149.1277250026566,2000-06-22,2,0,0.0,96.5,,Pastick,1.0,1.5,Y,,,,,,
63.37594425645034,-149.31396315897518,2000-06-23,4,0,13.25,88.25,,Pastick,5.0,22.0,N,,,,,,
63.37550926757376,-149.29280673156356,2000-06-23,7,0,0.0,105.14285714285714,,Pastick,1.0,3.7142857142857144,N,,,,,,
63.3745509548691,-149.6363344890207,2000-06-24,8,0,0.0,143.75,,Pastick,2.0,1.375,N,,,,,,
63.380332658910326,-149.64414077122848,2000-06-24,2,0,0.0,150.0,,Pastick,1.0,1.0,N,,,,,,
63.32234589938019,-149.8649774413328,2000-06-25,6,0,0.0,116.66666666666667,,Pastick,3.0,4.666666666666667,N,,,,,,
63.33108807019736,-149.87470903525585,2000-06-25,4,0,0.0,81.25,,Pastick,1.0,2.5,Y,,,,,,
63.254508570447285,-149.82956837488362,2000-06-26,6,0,0.0,98.66666666666667,,Pastick,1.0,5.5,N,,,,,,
63.262491850096445,-149.8289539614545,2000-06-26,5,0,0.0,120.0,,Pastick,2.0,3.8,N,,,,,,
63.26382341556111,-149.40970835500062,2000-07-10,3,0,0.0,100.0,,Pastick,1.0,4.666666666666667,N,,,,,,
63.27193775643751,-149.42260083709814,2000-07-10,2,0,0.0,100.0,,Pastick,4.0,2.5,N,,,,,,
63.283112963593396,-149.44248829743745,2000-07-10,3,0,0.0,116.66666666666667,,Pastick,1.0,30.666666666666668,N,,,,,,
63.29743925394049,-149.4681576743188,2000-07-10,2,0,0.0,125.0,,Pastick,1.0,4.0,N,,,,,,
63.257739586233136,-149.37938760285476,2000-07-11,3,0,0.0,133.33333333333334,,Pastick,1.0,9.0,N,,,,,,
63.31148390175451,-149.2751730271515,2000-07-11,3,0,0.0,133.33333333333334,,Pastick,1.0,56.333333333333336,N,,,,,,
63.49043991743122,-148.8399861768062,2000-07-11,3,0,0.0,116.66666666666667,,Pastick,1.0,5.333333333333333,N,,,,,,
63.347634889450966,-149.79835984195324,2000-07-12,7,0,0.0,111.42857142857143,,Pastick,1.0,2.857142857142857,N,,,,,,
63.356644893145955,-149.78846606454863,2000-07-12,3,0,0.0,116.66666666666667,,Pastick,1.0,4.0,N,,,,,,
63.35524493970823,-149.78250708899887,2000-07-12,2,0,0.0,150.0,,Pastick,4.0,1.0,N,,,,,,
63.2879498070857,-149.6146185344417,2000-07-13,3,0,0.0,107.33333333333333,,Pastick,1.0,0.6666666666666666,N,,,,,,
63.286198441178364,-149.5931894762484,2000-07-13,6,0,0.0,125.0,,Pastick,1.0,40.0,N,,,,,,
63.286019155445615,-149.57552460132405,2000-07-13,2,0,0.0,100.0,,Pastick,3.0,9.5,N,,,,,,
63.24183391929305,-149.74813104738647,2000-07-14,6,0,0.0,70.0,,Pastick,1.0,4.666666666666667,Y,,,,,,
63.24482038674788,-149.7273634030101,2000-07-14,2,0,0.0,100.0,,Pastick,1.0,45.5,N,,,,,,
63.24894627900369,-149.70482849816545,2000-07-14,2,0,0.0,89.5,,Pastick,3.0,4.0,Y,,,,,,
63.165379224536714,-149.92110334607347,2000-07-16,6,0,0.0,108.33333333333333,,Pastick,1.0,3.1666666666666665,N,,,,,,
63.173573353935495,-149.91443290688824,2000-07-16,3,0,0.0,100.33333333333333,,Pastick,1.0,5.333333333333333,N,,,,,,
63.17328644774389,-149.91097885583758,2000-07-16,2,0,0.0,110.0,,Pastick,4.0,1.5,N,,,,,,
63.405746122054815,-149.2800431439918,2000-07-17,3,0,0.0,150.0,,Pastick,1.0,11.333333333333334,N,,,,,,
63.394908588103426,-149.44347081489738,2000-07-17,2,0,0.0,150.0,,Pastick,1.0,2.5,N,,,,,,
63.216504499917164,-149.39539308357178,2002-07-22,2,0,0.0,150.0,,Pastick,1.0,62.0,N,,,,,,
63.32154529838546,-149.46946501979724,2002-07-22,5,0,0.0,150.0,,Pastick,1.0,25.8,N,,,,,,
63.77243176194648,-149.2001308392777,2002-07-31,4,0,0.0,121.25,,Pastick,1.0,1.0,N,,,,,,
63.618114338487224,-149.16695677455377,2002-08-01,3,0,0.0,71.0,,Pastick,1.0,8.333333333333334,Y,,,,,,
63.63063352921906,-149.16416230667784,2002-08-01,3,0,32.0,79.66666666666667,,Pastick,1.0,7.0,Y,,,,,,
63.63450479953931,-149.16156990622602,2002-08-01,2,0,63.5,106.0,,Pastick,3.0,6.5,Y,,,,,,
63.79277599228382,-149.22928416304688,2002-08-02,2,1,19.0,102.0,,Pastick,2.0,10.5,N,,,,,,
63.80381225883241,-149.47506680702585,2002-08-02,3,0,11.333333333333334,136.0,,Pastick,1.0,5.0,N,,,,,,
63.7836686430577,-149.5320686337021,2002-08-03,6,0,0.0,141.66666666666666,,Pastick,2.0,5.833333333333333,N,,,,,,
63.78699646263915,-149.51610847348996,2002-08-03,2,0,20.5,104.0,,Pastick,1.0,18.5,N,,,,,,
63.58287543411802,-149.52899668949374,2002-08-04,4,0,0.0,137.5,,Pastick,1.0,11.75,N,,,,,,
63.58036041411948,-149.50741370577595,2002-08-04,4,0,22.25,96.5,,Pastick,1.0,6.25,Y,,,,,,
63.978821237347404,-149.63249322425833,2002-08-05,6,1,34.0,80.83333333333333,,Pastick,3.0,10.166666666666666,N,,,,,,
63.97558653224015,-149.6201288787999,2002-08-05,2,0,0.0,94.5,,Pastick,1.0,3.0,Y,,,,,,
63.93247024124815,-149.22813220309914,2002-08-06,7,1,31.857142857142858,96.14285714285714,,Pastick,2.0,19.714285714285715,N,,,,,,
63.71656759576065,-149.19727319806356,2002-08-07,5,0,26.4,110.2,,Pastick,1.0,9.4,N,,,,,,
63.5251195300306,-149.11623228204292,2002-08-14,3,0,31.0,131.0,,Pastick,1.0,3.0,N,,,,,,
63.52957220096678,-149.10255884603066,2002-08-14,2,0,0.0,125.0,,Pastick,2.0,12.0,N,,,,,,
63.59866250414012,-148.87283205931067,2002-08-16,3,0,0.0,133.33333333333334,,Pastick,1.0,12.0,N,,,,,,
63.58662437930987,-148.9013583428631,2002-08-15,2,1,24.0,99.0,,Pastick,1.0,21.0,N,,,,,,
63.88526643558498,-149.94621841388206,2002-08-17,2,1,23.0,98.0,,Pastick,1.0,26.5,N,,,,,,
63.90479955398541,-149.9831183851676,2002-08-17,2,0,0.0,62.5,,Pastick,2.0,3.5,Y,,,,,,
63.88572127758272,-149.82734291672784,2002-08-17,2,1,31.0,106.0,,Pastick,1.0,11.5,N,,,,,,
63.96951233718587,-149.873844775557,1997-08-22,3,1,57.333333333333336,65.0,,Pastick,1.0,38.666666666666664,N,,,,,,
63.966342447932306,-149.8541319518719,1997-08-22,3,1,39.666666666666664,77.33333333333333,,Pastick,5.0,14.333333333333334,N,,,,,,
63.967712245400804,-149.8325167239322,1997-08-22,6,1,46.5,63.166666666666664,,Pastick,1.0,19.833333333333332,N,,,,,,
63.50993125409002,-149.33260615287537,2002-08-20,2,0,0.0,150.0,,Pastick,1.0,3.5,N,,,,,,
63.46092014693327,-149.08319958023958,2002-08-21,2,0,0.0,150.0,,Pastick,1.0,5.5,N,,,,,,
63.45058931847076,-148.94624482912997,2002-08-21,2,0,0.0,150.0,,Pastick,1.0,3.5,N,,,,,,
63.758134611768945,-149.42781012689724,1997-07-19,4,0,22.25,94.75,,Pastick,1.0,1.75,Y,,,,,,
63.77281729719593,-149.42784429874274,2002-08-28,2,1,28.0,103.0,,Pastick,1.0,15.0,N,,,,,,
63.77397356794064,-149.41754055267896,1997-07-19,3,1,62.333333333333336,102.33333333333333,,Pastick,1.0,27.333333333333332,N,,,,,,
63.76420453192884,-149.43672963496482,2002-08-28,2,0,0.0,52.5,,Pastick,1.0,1.5,Y,,,,,,
63.76593437550252,-149.42466293206832,1997-07-19,3,0,27.333333333333332,98.0,,Pastick,3.0,2.6666666666666665,N,,,,,,
63.684080071670806,-148.92392572807069,2002-08-29,2,1,23.0,98.0,,Pastick,1.0,13.5,N,,,,,,
63.50715095956595,-149.26924068777276,1997-07-15,2,0,0.0,95.0,,Pastick,1.0,2.5,N,,,,,,
63.51845735718572,-149.29990832119128,1997-07-14,5,0,6.0,130.0,,Pastick,3.0,25.2,N,,,,,,
63.52362918859611,-149.27825965711864,1997-07-14,3,0,0.0,150.0,,Pastick,1.0,2.3333333333333335,N,,,,,,
63.50686715226295,-149.37088110144128,1997-07-15,4,0,27.5,140.0,,Pastick,1.0,3.0,N,,,,,,
63.50266857749878,-149.35364967956554,1997-07-15,2,0,0.0,150.0,,Pastick,1.0,3.0,N,,,,,,
63.61190638402622,-149.2522355875482,1997-07-20,6,0,0.0,118.5,,Pastick,2.0,6.666666666666667,N,,,,,,
63.61564068025395,-149.23841379318463,1997-07-20,2,0,0.0,150.0,,Pastick,4.0,5.0,N,,,,,,
63.683812439200935,-149.28909817984066,1997-07-24,7,0,18.0,95.0,,Pastick,1.0,12.285714285714286,N,,,,,,
63.68589635524921,-149.27489585691882,1997-07-24,4,0,20.25,95.25,,Pastick,1.0,4.5,N,,,,,,
63.616757365049374,-149.90970499396465,1997-07-25,6,0,22.5,110.5,,Pastick,3.0,8.5,N,,,,,,
63.61224719823772,-149.89058192622258,1997-07-25,3,0,0.0,133.33333333333334,,Pastick,5.0,3.0,N,,,,,,
63.62372174307009,-149.9152831131465,1997-07-25,2,0,0.0,107.5,,Pastick,1.0,5.5,N,,,,,,
63.68178687388654,-149.44076998874152,1997-07-26,4,0,20.5,108.0,,Pastick,2.0,6.5,N,,,,,,
63.69114532509942,-149.41657298785165,1997-07-26,4,0,14.5,108.5,,Pastick,1.0,14.0,N,,,,,,
63.691124488237946,-149.39566582538785,1997-07-26,4,1,49.5,79.5,,Pastick,1.0,18.0,N,,,,,,
63.626410114030385,-149.46899381709576,1997-07-27,5,0,26.0,90.0,,Pastick,1.0,9.0,N,,,,,,
63.630332046062925,-149.44570193216785,1997-07-27,3,0,17.333333333333332,121.66666666666667,,Pastick,2.0,11.333333333333334,N,,,,,,
63.63591230326623,-149.43991885797215,1997-07-27,2,0,24.0,95.0,,Pastick,3.0,46.0,N,,,,,,
63.56185684047595,-149.30448488077278,1997-07-28,6,0,7.0,105.83333333333333,,Pastick,1.0,3.8333333333333335,N,,,,,,
63.565568309578964,-149.34280797046236,1997-07-28,6,1,29.333333333333332,102.66666666666667,,Pastick,5.0,9.333333333333334,N,,,,,,
63.782505410397256,-149.70620393513775,1997-08-08,6,0,6.666666666666667,96.33333333333333,,Pastick,8.0,9.0,N,,,,,,
63.785509331903235,-149.68932277314318,1997-08-08,6,0,44.333333333333336,109.33333333333333,,Pastick,1.0,4.0,N,,,,,,
63.77820098205245,-149.75027461209848,1997-08-09,6,0,16.166666666666668,123.33333333333333,,Pastick,1.0,12.333333333333334,N,,,,,,
63.973898385491694,-149.24026876667367,1997-08-10,9,0,3.5555555555555554,117.55555555555556,,Pastick,1.0,9.777777777777779,N,,,,,,
63.97196716327472,-149.31089397634753,1997-08-10,3,0,23.666666666666668,123.66666666666667,,Pastick,7.0,7.666666666666667,N,,,,,,
63.97357464884008,-149.27625173275993,1997-08-10,2,0,26.5,110.0,,Pastick,4.0,18.5,N,,,,,,
63.95025149253715,-149.49815374437594,1997-08-22,3,1,41.666666666666664,91.66666666666667,,Pastick,1.0,32.666666666666664,N,,,,,,
63.956905452729266,-149.47018871782504,1997-08-12,5,0,20.4,130.4,,Pastick,2.0,7.2,N,,,,,,
63.960759256187146,-149.45723411818065,1997-08-12,3,1,68.0,118.0,,Pastick,1.0,18.666666666666668,N,,,,,,
63.92276122133355,-149.64028064543498,1997-08-13,5,0,35.0,97.0,,Pastick,2.0,9.4,N,,,,,,
63.93087247252814,-149.64149785688753,1997-08-13,6,1,35.5,89.5,,Pastick,1.0,10.833333333333334,N,,,,,,
63.64219105887966,-149.62751488557737,1997-08-24,11,0,15.0,113.0,,Pastick,1.0,5.454545454545454,N,,,,,,
63.697487425595476,-148.9736017893378,1997-08-25,6,0,28.0,118.0,,Pastick,1.0,13.0,N,,,,,,
63.70620207078438,-148.96798485236036,1997-08-25,3,0,31.0,131.0,,Pastick,2.0,14.333333333333334,N,,,,,,
63.67779821215892,-148.876646677597,1997-09-05,4,0,0.0,100.0,,Pastick,1.0,9.25,N,,,,,,
63.6806177115557,-148.85479261216773,1997-09-05,4,1,51.25,95.0,,Pastick,3.0,18.5,N,,,,,,
63.68235130911768,-148.84266676189088,1997-09-05,2,0,21.0,79.0,,Pastick,1.0,14.0,N,,,,,,
63.678835778294065,-148.8181304109389,1997-08-26,7,0,0.0,114.28571428571429,,Pastick,1.0,6.285714285714286,N,,,,,,
63.68279005638707,-148.7926283644347,1997-08-26,3,0,26.0,92.66666666666667,,Pastick,8.0,13.0,N,,,,,,
63.68274124059117,-148.7828349111578,1997-08-26,2,0,0.0,150.0,,Pastick,1.0,3.5,N,,,,,,
63.976792923321334,-149.98063618334754,1997-08-28,3,1,48.333333333333336,48.333333333333336,,Pastick,1.0,24.0,N,,,,,,
63.5067473568947,-149.90392957384378,1997-09-04,4,0,0.0,112.5,,Pastick,1.0,4.25,N,,,,,,
63.5175329599997,-149.92702319519378,1997-09-03,5,1,24.4,89.6,,Pastick,1.0,21.4,N,,,,,,
63.846722823943495,-145.69504423837475,2000-07-07,2,0,0.0,47.0,,Pastick,1.0,11.0,N,,,,,,
63.84856857936768,-145.71499743452642,2000-07-07,4,0,0.0,55.5,,Pastick,5.0,7.5,N,,,,,,
63.84736442428572,-145.71702244285714,2013-08-11,7,1,44.714285714285715,44.714285714285715,,Schaefer_2020,,,,,,,,,
63.78672313064825,-145.8594578096195,2000-07-29,3,1,56.333333333333336,105.0,,Pastick,3.0,3.6666666666666665,N,,,,,,
63.84996764724169,-145.8133062861403,2000-08-01,2,0,0.0,87.5,,Pastick,2.0,8.5,N,,,,,,
63.86637352770424,-145.83025805304752,2000-09-07,2,0,0.0,90.0,,Pastick,1.0,5.0,N,,,,,,
63.84620524902431,-145.83573226064766,2000-06-27,2,0,0.0,87.5,,Pastick,9.0,4.0,N,,,,,,
63.87561652735296,-145.85474957551023,2000-07-26,2,1,69.0,95.0,,Pastick,2.0,16.0,N,,,,,,
63.783578228037406,-145.79780031218317,2000-07-20,3,0,0.0,86.66666666666667,,Pastick,11.0,4.333333333333333,N,,,,,,
63.787897434670214,-145.77295306375265,2000-08-23,2,0,22.5,55.0,,Pastick,2.0,30.5,N,,,,,,
63.79102614714128,-145.79812629191196,2000-08-03,2,1,36.5,50.0,,Pastick,4.0,14.5,Y,,,,,,
63.83416185223719,-145.85785767973942,2000-07-24,2,0,0.0,75.0,,Pastick,3.0,39.5,N,,,,,,
64.60446962157454,-146.6976907607094,2000-07-31,2,0,0.0,107.5,,Pastick,1.0,16.5,Y,,,,,,
63.826573075722074,-145.89990603304724,2000-08-01,3,0,0.0,75.0,,Pastick,10.0,17.666666666666668,N,,,,,,
64.5935255046354,-146.62903827195723,1999-08-18,3,0,0.0,73.33333333333333,,Pastick,1.0,23.333333333333332,N,,,,,,
63.754238858726595,-145.87246764717813,2000-08-24,4,0,0.0,85.0,,Pastick,3.0,7.75,N,,,,,,
63.737106305706796,-145.8865093302526,2000-08-29,2,0,28.0,112.5,,Pastick,3.0,12.5,N,,,,,,
63.92040008894044,-145.66122939059778,2000-08-29,2,1,77.5,92.5,,Pastick,6.0,32.0,N,,,,,,
63.933645468098796,-145.6599751804189,2000-08-29,2,0,30.0,87.5,,Pastick,3.0,33.5,N,,,,,,
63.937320181043894,-145.6691749829539,2000-08-02,2,0,0.0,142.5,,Pastick,7.0,4.5,N,,,,,,
63.88017057737298,-145.70508834531702,2000-08-01,2,1,75.0,93.0,,Pastick,7.0,18.5,N,,,,,,
63.83341547194101,-145.81859710595248,2000-09-06,2,0,45.0,90.0,,Pastick,3.0,17.0,N,,,,,,
63.79279304263769,-145.93335122051738,2000-09-06,2,1,40.0,55.0,,Pastick,3.0,11.0,N,,,,,,
63.80455822829002,-145.932571316505,2000-09-06,2,1,50.0,66.0,,Pastick,1.0,13.0,N,,,,,,
63.79283056802597,-145.7239134852839,2000-07-11,2,0,0.0,88.5,,Pastick,10.0,8.5,N,,,,,,
63.88501573194723,-145.60210526131237,2000-07-20,2,1,78.5,87.0,,Pastick,3.0,19.0,N,,,,,,
63.90269216240173,-145.6010391135156,2000-07-24,3,1,41.0,70.0,,Pastick,2.0,28.666666666666668,N,,,,,,
64.89402087821627,-147.07515655147654,1997-06-02,4,0,0.0,126.75,,Pastick,1.0,9.0,N,,,,,,
64.90210338221686,-147.0601251317686,1997-06-03,2,0,0.0,97.0,,Pastick,1.0,6.5,N,,,,,,
64.8798650997557,-147.1982477332486,1997-08-01,4,1,53.0,85.5,,Pastick,1.0,9.25,N,,,,,,
64.64496146141474,-147.10260587896886,1997-06-25,2,0,0.0,155.0,,Pastick,17.0,6.5,N,,,,,,
64.78085617727542,-147.88727419962376,1997-07-01,3,1,28.666666666666668,69.66666666666667,,Pastick,4.0,11.333333333333334,N,,,,,,
64.73014111732907,-148.01957484996362,1997-07-30,3,1,33.333333333333336,56.333333333333336,,Pastick,10.0,23.666666666666668,N,,,,,,
64.73947032494098,-148.03778638056295,1997-07-30,3,0,53.333333333333336,120.33333333333333,,Pastick,7.0,10.0,N,,,,,,
64.73761170858256,-147.9958506293247,1997-07-31,2,0,0.0,147.5,,Pastick,4.0,13.0,N,,,,,,
64.74596014990922,-147.98672510982607,1997-07-03,2,0,0.0,130.0,,Pastick,8.0,3.5,N,,,,,,
64.75462892934831,-147.9900989990296,1997-08-06,2,0,30.0,137.5,,Pastick,3.0,11.0,N,,,,,,
64.76390907367355,-147.99261454040507,1997-07-03,2,0,18.0,49.0,,Pastick,1.0,16.5,N,,,,,,
64.39643248405085,-147.3047865624187,1997-07-16,2,0,0.0,110.0,,Pastick,7.0,21.0,N,,,,,,
64.37704419685626,-147.45431877490788,1997-07-09,3,0,0.0,125.66666666666667,,Pastick,3.0,28.666666666666668,N,,,,,,
64.4475084821202,-147.43093604924871,1997-07-25,2,1,35.0,130.0,,Pastick,10.0,6.0,N,,,,,,
64.7336208156814,-147.91831765769382,1997-07-29,4,0,0.0,111.25,,Pastick,3.0,72.75,N,,,,,,
64.74711902681955,-147.91464172367893,1997-07-31,3,0,0.0,130.0,,Pastick,4.0,13.0,N,,,,,,
64.73821814698294,-147.80730698157706,1997-08-12,3,1,55.0,65.0,,Pastick,14.0,35.0,N,,,,,,
64.74337608623492,-147.8169738375017,1997-08-12,2,0,31.0,115.0,,Pastick,3.0,14.5,N,,,,,,
64.74615815636228,-147.78423279544867,1997-08-13,3,1,46.666666666666664,53.333333333333336,,Pastick,4.0,18.333333333333332,N,,,,,,
64.77627126800068,-147.96621751886678,1997-08-14,3,1,34.666666666666664,95.0,,Pastick,4.0,9.666666666666666,N,,,,,,
64.76816462771609,-147.80404583068315,1997-09-16,2,1,73.0,85.0,,Pastick,5.0,40.5,N,,,,,,
64.74032909784601,-147.95449380641662,1997-07-21,4,0,0.0,114.75,,Pastick,3.0,15.5,N,,,,,,
64.34904914423144,-147.35203606630762,1997-07-15,3,1,22.333333333333332,59.666666666666664,,Pastick,1.0,35.666666666666664,N,,,,,,
64.74498203021251,-147.8528919799864,1997-08-07,2,0,20.0,57.5,,Pastick,1.0,25.0,N,,,,,,
64.75299790436219,-147.85793603460965,1997-08-07,2,0,29.0,89.0,,Pastick,4.0,16.0,N,,,,,,
64.76402585869744,-147.85572099597726,1997-09-16,2,0,0.0,147.5,,Pastick,7.0,10.0,N,,,,,,
64.82721977669586,-147.64472633157595,1997-08-18,3,0,0.0,156.66666666666666,,Pastick,1.0,0.0,N,,,,,,
64.37850979856478,-147.37377113624228,1997-07-08,2,0,0.0,112.0,,Pastick,7.0,6.0,N,,,,,,
64.43071075057554,-147.49878323082223,1997-07-26,2,0,0.0,99.5,,Pastick,11.0,13.5,N,,,,,,
64.77563428353456,-147.7616805938143,1997-08-05,3,0,19.666666666666668,72.0,,Pastick,9.0,47.666666666666664,N,,,,,,
64.67453093769007,-146.79953028773065,1999-08-06,3,0,0.0,78.33333333333333,,Pastick,12.0,8.666666666666666,Y,,,,,,
64.61075937349293,-146.25377059411954,1999-08-10,2,0,21.0,55.0,,Pastick,7.0,11.0,Y,,,,,,
64.68686410591951,-146.22476205263524,1999-08-10,2,0,0.0,57.0,,Pastick,13.0,12.5,N,,,,,,
64.62111419909137,-146.48614277274368,1999-08-16,2,0,0.0,87.5,,Pastick,1.0,13.0,Y,,,,,,
64.57848170978248,-146.66602179102154,1999-08-18,3,0,0.0,66.66666666666667,,Pastick,2.0,9.333333333333334,Y,,,,,,
64.6441035985017,-146.54194184571693,1999-09-21,2,0,0.0,70.0,,Pastick,2.0,14.5,Y,,,,,,
64.67615401311495,-146.20444331127,1999-08-10,3,0,20.666666666666668,57.333333333333336,,Pastick,2.0,6.0,Y,,,,,,
64.67188085981363,-146.3163350614489,1999-08-11,2,0,0.0,650.0,,Pastick,1.0,15.5,Y,,,,,,
64.61349735870881,-146.58312410673287,1999-08-17,3,0,0.0,54.666666666666664,,Pastick,6.0,9.333333333333334,N,,,,,,
64.62060630603919,-146.57325341248674,1999-08-18,2,0,0.0,45.5,,Pastick,1.0,10.5,N,,,,,,
64.63014785319416,-146.62041985290602,1999-08-02,2,0,0.0,67.0,,Pastick,5.0,11.0,Y,,,,,,
64.22177059481953,-146.62482104207575,2002-06-12,7,1,22.857142857142858,66.71428571428571,,Pastick,1.0,22.857142857142858,N,,,,,,
63.82547812825152,-146.82799720721013,2003-07-04,7,1,27.142857142857142,47.0,,Pastick,1.0,33.57142857142857,N,,,,,,
64.20389358923507,-146.62093060766836,2002-06-12,2,1,37.5,91.0,,Pastick,1.0,12.0,N,,,,,,
64.176502722219,-146.654617603912,2002-06-13,5,1,25.6,64.8,,Pastick,1.0,25.0,N,,,,,,
64.18526189611191,-146.66510591153303,2002-06-13,4,1,23.0,56.25,,Pastick,4.0,24.5,N,,,,,,
64.15695067262268,-146.75082405120492,2002-06-14,5,1,14.6,53.0,,Pastick,6.0,20.0,N,,,,,,
64.15594021706741,-146.7348860415823,2002-06-14,3,1,20.0,61.333333333333336,,Pastick,4.0,29.0,N,,,,,,
64.15331228973193,-146.72033625992347,2002-06-14,8,1,25.875,58.5,,Pastick,1.0,25.875,N,,,,,,
64.04752373221281,-146.41761902836677,2002-06-15,11,1,23.272727272727273,44.81818181818182,,Pastick,1.0,22.454545454545453,N,,,,,,
64.02309492323714,-146.44305957125266,2002-06-15,8,1,27.5,38.75,,Pastick,1.0,28.75,N,,,,,,
63.95818991879157,-146.59790180478325,2002-06-16,2,1,34.0,44.5,,Pastick,5.0,34.0,N,,,,,,
63.96608497743986,-146.60196670619104,2002-06-16,8,1,12.125,33.5,,Pastick,1.0,18.75,N,,,,,,
63.988314512628264,-146.5164443780713,2002-06-16,7,1,16.857142857142858,41.0,,Pastick,2.0,19.571428571428573,N,,,,,,
64.1233596709899,-146.57522233759323,2002-06-17,7,0,10.142857142857142,66.57142857142857,,Pastick,1.0,17.571428571428573,N,,,,,,
64.15188584884665,-146.5888935991519,2002-06-17,4,1,29.75,40.5,,Pastick,2.0,25.25,N,,,,,,
64.08891167520213,-146.6350023838268,2002-06-18,7,1,22.571428571428573,56.285714285714285,,Pastick,1.0,22.142857142857142,N,,,,,,
64.10156122294465,-146.70648744109127,2002-06-18,7,1,22.714285714285715,53.0,,Pastick,2.0,20.285714285714285,N,,,,,,
64.24222180320216,-146.72142927379767,2003-06-18,12,0,1.5,64.5,,Pastick,1.0,6.166666666666667,N,,,,,,
64.08575445211135,-146.7825734209793,2002-06-19,7,1,17.428571428571427,58.857142857142854,,Pastick,1.0,17.571428571428573,N,,,,,,
63.959652509781094,-146.7562583804278,2003-06-19,5,1,20.6,56.4,,Pastick,5.0,19.2,N,,,,,,
63.970669954919074,-146.7618331167221,2003-06-19,7,1,16.285714285714285,66.0,,Pastick,2.0,17.0,N,,,,,,
63.98652116142065,-146.76619286914314,2002-07-11,5,0,0.0,72.0,,Pastick,2.0,11.0,N,,,,,,
63.98126818192253,-146.7636868424733,2002-07-11,2,0,15.5,77.5,,Pastick,4.0,13.0,N,,,,,,
63.939025826425706,-146.7393989361346,2003-06-19,2,1,28.5,45.0,,Pastick,8.0,32.5,N,,,,,,
63.92041930684982,-146.87729192311437,2003-06-20,6,1,15.333333333333334,43.833333333333336,,Pastick,1.0,27.166666666666668,N,,,,,,
63.92697087264538,-146.87607371611597,2003-06-20,2,1,28.0,42.5,,Pastick,8.0,14.5,N,,,,,,
63.898988359242594,-146.87761274012783,2003-06-20,4,1,23.0,42.75,,Pastick,4.0,27.75,N,,,,,,
63.89809048398259,-146.85650268124087,2003-06-20,3,0,6.333333333333333,80.0,,Pastick,1.0,17.0,N,,,,,,
63.87486082881247,-146.40759607852874,2003-06-21,3,0,0.0,62.333333333333336,,Pastick,5.0,6.0,N,,,,,,
63.88615939842337,-146.38916765064243,2003-06-21,2,1,10.0,55.0,,Pastick,1.0,11.0,N,,,,,,
63.86873735573773,-146.47176648948093,2003-07-17,6,1,28.833333333333332,42.5,,Pastick,5.0,24.333333333333332,N,,,,,,
63.85253715214081,-146.27381974730824,2003-06-22,4,1,31.75,52.75,,Pastick,3.0,14.0,N,,,,,,
63.85432992840536,-146.25657123568885,2003-06-22,2,1,10.0,48.0,,Pastick,1.0,15.0,N,,,,,,
63.85752784034918,-146.38599847204208,2003-06-22,3,1,23.0,44.333333333333336,,Pastick,1.0,28.0,N,,,,,,
63.85610936983778,-146.36036199223187,2003-06-22,5,1,17.0,55.6,,Pastick,7.0,26.4,N,,,,,,
63.82648916627536,-146.97880537040868,2003-06-23,5,1,27.8,48.0,,Pastick,1.0,17.0,N,,,,,,
63.82120016063935,-147.03315438926177,2003-06-23,9,0,6.888888888888889,49.666666666666664,,Pastick,1.0,15.222222222222221,N,,,,,,
63.81295508189195,-146.73726702293894,2003-06-24,3,0,5.333333333333333,41.666666666666664,,Pastick,5.0,9.0,N,,,,,,
63.82184189474354,-146.7339965292305,2003-06-24,4,1,13.75,42.5,,Pastick,1.0,8.5,N,,,,,,
63.80107710435654,-146.61277770446983,2003-06-24,5,1,23.4,46.8,,Pastick,1.0,15.4,N,,,,,,
63.73955280676273,-146.46089369799628,2003-06-25,6,0,14.166666666666666,46.0,,Pastick,1.0,14.166666666666666,N,,,,,,
63.72927882885568,-146.3627462540194,2003-06-25,3,1,15.0,45.0,,Pastick,1.0,7.666666666666667,N,,,,,,
63.73121813764565,-146.33770583471895,2003-06-25,3,1,24.333333333333332,42.0,,Pastick,4.0,14.333333333333334,N,,,,,,
64.10351671549526,-146.49560654587648,2002-06-26,6,1,24.5,57.5,,Pastick,3.0,28.833333333333332,N,,,,,,
64.14539302493908,-146.47368498037062,2002-06-26,6,1,27.5,49.5,,Pastick,2.0,28.666666666666668,N,,,,,,
64.14838893155114,-146.46218665580994,2002-06-26,2,0,22.5,65.0,,Pastick,1.0,25.0,N,,,,,,
63.98776944920597,-146.82291906150778,2002-06-27,9,0,2.5555555555555554,57.333333333333336,,Pastick,1.0,17.88888888888889,N,,,,,,
63.97990548234168,-146.86732791335072,2002-06-27,3,1,23.333333333333332,53.333333333333336,,Pastick,3.0,31.666666666666668,N,,,,,,
63.976818790318276,-146.85798564110098,2002-06-27,3,0,0.0,85.0,,Pastick,1.0,8.333333333333334,N,,,,,,
64.02313004477274,-146.7816782765432,2002-06-28,7,0,17.428571428571427,64.42857142857143,,Pastick,2.0,15.857142857142858,N,,,,,,
64.05578047578116,-146.79612568550027,2002-06-28,7,0,11.285714285714286,70.71428571428571,,Pastick,2.0,13.142857142857142,N,,,,,,
64.03642147118106,-146.23104296107874,2002-06-29,10,1,20.7,69.0,,Pastick,1.0,22.7,N,,,,,,
64.01919833456026,-146.1708717138695,2002-06-29,6,1,28.0,58.666666666666664,,Pastick,1.0,14.833333333333334,N,,,,,,
63.95500795593907,-146.14267823978685,2002-06-30,6,1,30.166666666666668,53.833333333333336,,Pastick,3.0,22.0,N,,,,,,
63.95257960645116,-146.13247157729484,2002-06-30,3,0,13.333333333333334,89.33333333333333,,Pastick,1.0,26.333333333333332,N,,,,,,
63.946640800558974,-146.19138735703766,2002-06-30,3,1,28.666666666666668,48.0,,Pastick,4.0,21.666666666666668,N,,,,,,
63.95764876835466,-146.1907093461232,2002-06-30,6,1,28.5,57.833333333333336,,Pastick,1.0,25.166666666666668,N,,,,,,
64.07576152828831,-146.55677735755899,2002-07-01,6,1,27.833333333333332,75.0,,Pastick,1.0,27.5,N,,,,,,
64.04821007823062,-146.51432532355793,2002-07-01,4,1,35.25,62.75,,Pastick,1.0,18.75,N,,,,,,
64.0481277503279,-146.49154221598482,2002-07-01,4,1,39.75,58.5,,Pastick,3.0,31.75,N,,,,,,
63.796257445012294,-146.88353524592358,2003-07-02,3,0,6.666666666666667,45.333333333333336,,Pastick,1.0,16.0,N,,,,,,
63.79199726472372,-146.85284677324302,2003-07-30,4,1,11.25,44.0,,Pastick,7.0,15.25,N,,,,,,
64.19645043545965,-146.7427540433042,2002-07-02,7,0,5.714285714285714,78.14285714285714,,Pastick,2.0,16.428571428571427,N,,,,,,
64.10722269700365,-146.6395789655472,2002-07-02,6,1,35.166666666666664,64.83333333333333,,Pastick,1.0,34.833333333333336,N,,,,,,
64.11595505020003,-146.63024828822023,2002-07-02,2,1,38.0,57.0,,Pastick,4.0,44.5,N,,,,,,
63.82394922090409,-146.91167918057977,2003-07-02,5,1,30.2,53.4,,Pastick,1.0,17.8,N,,,,,,
63.83448117837964,-146.9099044276423,2003-07-02,2,0,0.0,70.0,,Pastick,6.0,3.5,N,,,,,,
63.790607082957614,-146.78579631900524,2003-07-04,5,0,8.6,64.8,,Pastick,3.0,17.0,N,,,,,,
63.78715365049731,-146.76487602339643,2003-07-04,2,1,9.0,51.5,,Pastick,1.0,16.5,N,,,,,,
63.85010647409068,-146.5979300229807,2003-07-05,9,0,7.444444444444445,54.333333333333336,,Pastick,1.0,18.11111111111111,N,,,,,,
63.86103253458197,-146.59393913166005,2003-07-05,4,0,16.0,65.5,,Pastick,10.0,20.25,N,,,,,,
63.91206976363386,-146.5931584396197,2003-07-06,5,1,19.2,92.6,,Pastick,1.0,13.8,N,,,,,,
63.87256063267223,-146.55628204921376,2003-07-06,5,0,5.6,56.2,,Pastick,1.0,13.2,N,,,,,,
63.8239080557703,-146.5174048989332,2003-07-07,7,0,9.0,59.0,,Pastick,1.0,17.714285714285715,N,,,,,,
63.97278435905256,-146.04161869921322,2002-07-23,6,1,59.166666666666664,72.0,,Pastick,1.0,24.333333333333332,N,,,,,,
63.85046384540448,-146.996285468043,2003-08-28,3,0,0.0,50.666666666666664,,Pastick,1.0,12.666666666666666,N,,,,,,
63.85028171560438,-146.97625110333033,2003-07-08,4,1,16.5,51.75,,Pastick,5.0,23.5,N,,,,,,
63.859159748803975,-146.9782473602803,2003-07-08,2,1,7.5,65.0,,Pastick,2.0,18.5,N,,,,,,
63.85877816328475,-146.97706783314183,2003-07-08,2,1,9.0,54.0,,Pastick,1.0,14.5,N,,,,,,
63.958500542440724,-145.9815215807451,2002-07-22,7,1,49.714285714285715,58.857142857142854,,Pastick,1.0,41.142857142857146,N,,,,,,
63.955787461501316,-145.96770747892884,2002-07-24,2,1,50.5,60.0,,Pastick,5.0,21.5,N,,,,,,
63.86388651154546,-146.9463408537948,2003-07-09,7,1,24.428571428571427,50.285714285714285,,Pastick,1.0,32.142857142857146,N,,,,,,
63.879027027419404,-146.94446676056,2002-07-29,3,1,31.333333333333332,72.0,,Pastick,3.0,34.333333333333336,N,,,,,,
63.87317853735171,-146.94362355931398,2002-07-29,3,0,16.666666666666668,80.33333333333333,,Pastick,1.0,13.333333333333334,N,,,,,,
63.96060366614103,-146.82721229131457,2002-07-10,6,1,34.666666666666664,55.333333333333336,,Pastick,3.0,37.0,N,,,,,,
63.97053296353071,-146.82677660756812,2002-07-10,3,1,35.666666666666664,58.0,,Pastick,2.0,41.333333333333336,N,,,,,,
63.94141317200719,-146.86057771401036,2002-07-10,5,1,31.8,65.0,,Pastick,1.0,27.0,N,,,,,,
63.936566867862894,-146.7829627772815,2002-07-11,2,1,35.5,60.0,,Pastick,4.0,35.5,N,,,,,,
63.93188388749631,-146.7751264906083,2002-07-11,2,1,31.5,54.0,,Pastick,5.0,35.0,N,,,,,,
63.94168802194499,-146.79570541160086,2002-07-11,5,1,36.6,63.6,,Pastick,1.0,42.8,N,,,,,,
63.99433037769028,-146.73044888618514,2002-07-16,6,0,6.666666666666667,76.83333333333333,,Pastick,1.0,11.5,N,,,,,,
63.992069683970485,-146.7087882106485,2002-07-12,4,0,20.5,63.0,,Pastick,1.0,11.25,N,,,,,,
64.00232618765949,-146.732828867185,2002-07-16,2,1,13.5,51.0,,Pastick,4.0,21.0,N,,,,,,
63.924553070593866,-146.17670889736323,2002-07-12,8,1,26.625,65.875,,Pastick,1.0,21.375,N,,,,,,
64.03466183782517,-146.72062446329056,2002-07-14,5,0,28.4,129.0,,Pastick,1.0,19.0,N,,,,,,
64.0459355582522,-146.72090267472058,2002-07-14,4,0,9.25,62.0,,Pastick,1.0,10.0,N,,,,,,
64.00372530206177,-146.64272061427263,2002-07-15,8,1,33.625,60.875,,Pastick,1.0,22.625,N,,,,,,
63.99882748332578,-146.62395641610482,2002-07-15,2,1,40.0,61.5,,Pastick,4.0,20.0,N,,,,,,
64.01019504512438,-146.6394258656657,2002-07-15,3,0,11.333333333333334,66.0,,Pastick,2.0,15.0,N,,,,,,
64.0217613973664,-146.65658283560765,2002-07-16,7,1,29.857142857142858,82.0,,Pastick,1.0,15.571428571428571,N,,,,,,
64.0233749392427,-146.61155331595785,2002-07-16,6,1,40.333333333333336,67.0,,Pastick,1.0,26.0,N,,,,,,
64.00458691598853,-146.5143963784328,2002-07-17,7,1,33.0,53.57142857142857,,Pastick,1.0,34.142857142857146,N,,,,,,
63.922034804715366,-146.68380516451583,2003-07-17,2,1,39.0,47.5,,Pastick,1.0,47.5,N,,,,,,
63.85109892647465,-146.87216586651408,2003-07-19,5,0,5.8,55.0,,Pastick,4.0,13.2,N,,,,,,
63.860169753747904,-146.88465004468148,2003-07-18,8,1,22.25,62.375,,Pastick,1.0,28.875,N,,,,,,
63.86796919972895,-146.88006758782797,2003-07-18,2,0,0.0,60.0,,Pastick,6.0,9.0,N,,,,,,
63.87110225467991,-146.8760297985085,2003-07-18,4,1,24.5,47.75,,Pastick,9.0,28.25,N,,,,,,
64.05016323202075,-146.75369596720927,2003-07-19,6,0,18.333333333333332,50.666666666666664,,Pastick,1.0,18.0,N,,,,,,
63.854421902090984,-146.78822273121236,2003-08-19,3,0,15.0,55.0,,Pastick,3.0,18.666666666666668,N,,,,,,
63.85903572655865,-146.76930036721046,2003-08-19,2,1,15.5,70.0,,Pastick,1.0,29.0,N,,,,,,
63.868829531543604,-146.76550642850992,2003-08-13,2,0,0.0,64.5,,Pastick,2.0,14.0,N,,,,,,
63.87828524915591,-146.78368727759118,2003-07-20,2,0,0.0,64.0,,Pastick,1.0,26.5,N,,,,,,
63.874046919014404,-146.76759603331305,2003-08-13,5,0,16.6,51.8,,Pastick,3.0,20.4,N,,,,,,
63.880827421484106,-146.7946572012343,2003-07-20,5,0,15.0,53.2,,Pastick,3.0,30.8,N,,,,,,
63.901432381317534,-146.77238557839263,2003-07-24,4,1,15.0,67.0,,Pastick,1.0,24.25,N,,,,,,
63.901898099820556,-146.756572000012,2003-07-23,4,0,15.5,46.75,,Pastick,4.0,23.5,N,,,,,,
63.77296263452117,-146.57302263186523,2003-07-22,4,1,30.5,52.75,,Pastick,1.0,24.75,N,,,,,,
63.780171381335876,-146.56400343303505,2003-08-06,2,1,14.0,50.5,,Pastick,1.0,14.0,N,,,,,,
63.73299946619525,-146.23070660744884,2003-07-23,2,0,0.0,51.0,,Pastick,3.0,8.0,N,,,,,,
63.73982954188529,-146.24261802824898,2003-07-22,3,0,10.0,67.33333333333333,,Pastick,4.0,33.666666666666664,N,,,,,,
63.776685806709565,-146.6817717107249,2003-07-22,3,0,0.0,105.33333333333333,,Pastick,1.0,6.333333333333333,N,,,,,,
63.77938535861713,-146.654999878488,2003-07-22,4,0,11.75,104.5,,Pastick,4.0,19.75,N,,,,,,
63.721939049824606,-146.200713896018,2003-07-23,5,1,30.8,55.2,,Pastick,1.0,20.2,N,,,,,,
64.11229032458384,-146.38500170002877,2002-07-24,6,0,23.666666666666668,87.66666666666667,,Pastick,1.0,5.5,N,,,,,,
64.10551161809836,-146.3158981627288,2002-07-24,8,1,40.5,60.25,,Pastick,1.0,39.25,N,,,,,,
64.07053482015316,-146.20313640882964,2002-07-25,6,0,13.5,84.66666666666667,,Pastick,2.0,15.666666666666666,N,,,,,,
64.01750863997493,-146.07577431871528,2002-07-26,9,0,24.0,88.44444444444444,,Pastick,1.0,22.0,N,,,,,,
63.86821683497581,-145.96416096551908,2002-07-27,6,1,36.666666666666664,116.33333333333333,,Pastick,1.0,7.666666666666667,N,,,,,,
63.90150986826783,-145.9706763912797,2002-07-28,6,1,29.5,81.16666666666667,,Pastick,2.0,36.166666666666664,N,,,,,,
64.11061600248085,-146.44875087076792,2002-07-30,5,1,33.6,63.4,,Pastick,1.0,38.4,N,,,,,,
64.11292689701884,-146.42365959410577,2002-07-30,3,1,43.0,68.0,,Pastick,4.0,22.666666666666668,N,,,,,,
63.70544308966896,-146.09080986088998,2002-07-31,5,0,18.2,61.4,,Pastick,1.0,12.8,N,,,,,,
63.87884194813775,-146.63429429446208,2003-08-01,4,0,9.5,70.0,,Pastick,1.0,32.25,N,,,,,,
63.888765029940075,-146.6368890160411,2003-08-01,4,1,38.75,57.0,,Pastick,5.0,28.0,N,,,,,,
63.81167654657358,-146.38662740462104,2003-08-06,6,1,29.0,63.0,,Pastick,1.0,39.666666666666664,N,,,,,,
63.815135395556176,-146.36460580215862,2003-08-02,3,1,46.0,69.33333333333333,,Pastick,4.0,12.333333333333334,N,,,,,,
63.82033757236041,-146.3804357335814,2003-08-16,3,1,42.333333333333336,49.666666666666664,,Pastick,3.0,28.666666666666668,N,,,,,,
63.82694371337703,-146.37437780154292,2003-08-16,3,1,40.0,57.333333333333336,,Pastick,6.0,40.0,N,,,,,,
63.87180541551366,-146.60916970815518,2003-08-03,4,1,29.0,51.75,,Pastick,1.0,26.0,N,,,,,,
63.76495881564016,-146.40762233119165,2003-08-04,3,0,0.0,60.0,,Pastick,4.0,14.333333333333334,N,,,,,,
63.76366696824675,-146.3862534858739,2003-08-04,3,1,27.333333333333332,65.0,,Pastick,1.0,30.666666666666668,N,,,,,,
63.76956855304895,-146.43020763354312,2003-08-04,2,0,0.0,105.0,,Pastick,7.0,3.0,N,,,,,,
63.873456192915704,-146.71989771591043,2003-08-04,5,0,7.4,55.2,,Pastick,1.0,14.2,N,,,,,,
63.880625004629586,-146.70225055593775,2003-08-13,3,1,36.333333333333336,71.66666666666667,,Pastick,1.0,11.666666666666666,N,,,,,,
63.890457997717085,-146.70018770505112,2003-08-13,2,1,40.0,58.5,,Pastick,4.0,21.5,N,,,,,,
63.850129321884246,-146.7419940692434,2003-08-06,7,0,12.142857142857142,63.42857142857143,,Pastick,1.0,17.428571428571427,N,,,,,,
63.77249348970546,-146.53565871478585,2003-08-06,3,1,18.0,54.666666666666664,,Pastick,3.0,37.0,N,,,,,,
63.75277487834338,-146.5402585707523,2003-08-06,4,0,7.5,58.0,,Pastick,2.0,23.0,N,,,,,,
63.94465603524668,-146.07529442388272,2002-08-08,6,1,42.833333333333336,69.66666666666667,,Pastick,1.0,43.5,N,,,,,,
63.99243961249241,-146.1078892706363,2002-08-09,6,1,38.666666666666664,78.16666666666667,,Pastick,1.0,23.333333333333332,N,,,,,,
63.81700201715027,-146.09049041882514,2002-08-10,5,0,13.0,85.0,,Pastick,1.0,10.6,N,,,,,,
63.81188933631052,-146.06926164607964,2002-08-10,4,0,11.75,73.75,,Pastick,6.0,12.25,N,,,,,,
63.72612918707866,-145.99481849909574,2002-08-11,7,1,38.57142857142857,69.14285714285714,,Pastick,1.0,23.857142857142858,N,,,,,,
63.69020688147907,-145.98443590023345,2002-08-11,5,1,25.4,73.0,,Pastick,1.0,29.2,N,,,,,,
63.70268623329173,-145.9748199328904,2002-08-11,2,1,31.5,52.0,,Pastick,3.0,22.0,N,,,,,,
63.70901074672942,-145.97895055029548,2002-08-12,5,0,14.8,98.8,,Pastick,2.0,10.8,N,,,,,,
63.72437245552275,-146.0404873463035,2002-08-12,7,1,42.285714285714285,60.857142857142854,,Pastick,1.0,31.714285714285715,N,,,,,,
63.730623781779606,-146.04775835086585,2002-08-12,2,1,40.0,92.5,,Pastick,4.0,9.0,N,,,,,,
63.769226887621436,-146.12106886894594,2002-08-12,6,0,17.166666666666668,70.0,,Pastick,1.0,14.833333333333334,N,,,,,,
63.78992402528524,-146.07528875971786,2002-08-13,7,0,24.714285714285715,67.71428571428571,,Pastick,1.0,13.571428571428571,N,,,,,,
63.795265973437004,-146.07527480899608,2002-08-13,2,1,25.5,81.5,,Pastick,4.0,18.5,N,,,,,,
63.79698765163371,-146.49684259416338,2003-08-13,7,0,17.857142857142858,57.42857142857143,,Pastick,6.0,33.57142857142857,N,,,,,,
63.863789922699844,-146.15957098369876,2002-08-14,4,1,35.75,57.5,,Pastick,1.0,41.0,N,,,,,,
63.87089202717546,-146.13532319715256,2002-08-14,2,1,22.0,74.5,,Pastick,3.0,11.5,N,,,,,,
63.96404909258712,-146.89134617099543,2002-08-21,6,0,26.666666666666668,100.0,,Pastick,1.0,13.333333333333334,N,,,,,,
63.60028726080919,-146.14798447175832,2002-08-14,2,1,20.0,90.0,,Pastick,3.0,15.5,N,,,,,,
63.821337328498245,-146.12613894758093,2002-08-14,7,0,21.285714285714285,81.28571428571429,,Pastick,1.0,19.142857142857142,N,,,,,,
63.78544424358983,-146.453007392392,2003-08-14,3,0,16.0,60.333333333333336,,Pastick,6.0,14.666666666666666,N,,,,,,
63.78966874153791,-146.43522006543466,2003-08-14,2,1,27.5,67.0,,Pastick,4.0,38.5,N,,,,,,
63.796404067027616,-146.41601582732864,2003-08-14,2,1,17.5,59.0,,Pastick,1.0,17.5,N,,,,,,
63.77585748855675,-146.25333754741388,2003-08-15,8,1,22.0,57.25,,Pastick,9.0,34.375,N,,,,,,
63.78591382742218,-146.2596779535193,2003-08-15,3,1,30.333333333333332,52.333333333333336,,Pastick,1.0,26.666666666666668,N,,,,,,
63.82232262212473,-146.33699655911516,2003-08-16,2,1,39.0,56.0,,Pastick,2.0,20.5,N,,,,,,
63.82937003840742,-146.34815775499936,2003-08-16,5,1,42.2,66.2,,Pastick,4.0,19.8,N,,,,,,
63.822969283202525,-146.29478866907402,2003-08-18,3,0,9.666666666666666,68.33333333333333,,Pastick,1.0,20.666666666666668,N,,,,,,
63.82056438315677,-146.2747542622106,2003-08-18,5,1,36.0,50.2,,Pastick,4.0,31.4,N,,,,,,
63.801993551872975,-146.29422970920373,2003-08-18,5,1,27.0,51.6,,Pastick,1.0,25.8,N,,,,,,
63.849853667094756,-146.82619090892004,2003-08-19,3,0,8.666666666666666,37.0,,Pastick,4.0,25.666666666666668,N,,,,,,
63.8465548302137,-146.81450567490108,2003-08-19,3,0,14.0,43.666666666666664,,Pastick,1.0,43.666666666666664,N,,,,,,
63.848415958653874,-146.37939151474671,2003-08-20,2,1,35.5,162.0,,Pastick,1.0,23.0,N,,,,,,
64.06249233371577,-146.69832735479088,2002-08-24,6,1,28.0,86.66666666666667,,Pastick,1.0,16.333333333333332,N,,,,,,
64.09622932723833,-146.44842569474648,2002-08-25,3,1,47.333333333333336,59.333333333333336,,Pastick,1.0,47.333333333333336,N,,,,,,
64.09628867801455,-146.40793268011637,2002-08-25,3,1,28.333333333333332,66.66666666666667,,Pastick,3.0,14.666666666666666,N,,,,,,
64.13669299837115,-146.70165556874608,2002-08-25,3,1,50.0,67.0,,Pastick,4.0,37.333333333333336,N,,,,,,
63.83473630129051,-146.45013409235116,2003-08-27,3,1,29.666666666666668,45.666666666666664,,Pastick,4.0,35.333333333333336,N,,,,,,
63.83519605629705,-146.43168610029937,2003-08-27,2,0,0.0,52.5,,Pastick,1.0,5.0,N,,,,,,
63.84172349969695,-147.03990774037376,2003-08-28,3,0,14.666666666666666,38.0,,Pastick,5.0,17.333333333333332,N,,,,,,
63.82150859396828,-146.59950256436565,2003-08-29,3,0,20.0,57.666666666666664,,Pastick,1.0,29.0,N,,,,,,
63.81853791409721,-146.6356146301912,2003-08-30,3,0,0.0,38.666666666666664,,Pastick,1.0,2.3333333333333335,N,,,,,,
63.75265764358974,-146.18077077107938,2003-08-30,2,0,0.0,44.5,,Pastick,4.0,14.5,N,,,,,,
63.77684067706377,-146.19544531269995,2003-08-30,3,1,31.333333333333332,65.0,,Pastick,6.0,31.0,N,,,,,,
67.13377708331876,-150.90241232637499,2008-08-07,16,0,18.0,107.0625,,Pastick,,26.5,,,,,,,
67.13265833335001,-150.8874819445,2008-08-07,2,0,21.0,46.0,,Pastick,,6.0,,,,,,,
67.145278058,-150.85502964,2009-08-15,5,1,64.8,67.0,,Pastick,,0.0,,,,,,,
67.13344464285,-150.8534698413571,2008-08-09,14,1,39.142857142857146,79.14285714285714,,Pastick,,9.928571428571429,,,,,,,
67.13501776666668,-150.85346049999998,2009-08-17,3,1,68.66666666666667,75.0,,Pastick,,0.0,,,,,,,
67.31455453119999,-153.447509296,2008-08-08,3,1,31.666666666666668,59.666666666666664,,Pastick,,24.333333333333332,,,,,,,
67.92913645834999,-155.0417325,2008-08-03,8,1,39.9375,53.3125,,Pastick,,15.125,,,,,,,
67.92692082500002,-155.01947958325,2008-08-04,4,1,40.5,49.75,,Pastick,,23.25,,,,,,,
67.15547898999998,-150.913239225,2009-08-18,4,1,48.25,51.75,,Pastick,,0.0,,,,,,,
68.07023762199998,-153.01121696,2010-07-18,5,1,42.8,39.4,,Pastick,,0.0,,,,,,,
67.71678500000002,-154.703796667,2008-08-05,2,1,0.0,41.5,,Pastick,,2.75,,,,,,,
67.87392499999999,-153.28666833320003,2008-08-04,5,1,5.8,37.0,,Pastick,,6.6,,,,,,,
67.87702722223999,-153.26441333320003,2008-08-03,5,1,12.6,34.6,,Pastick,,8.0,,,,,,,
67.86901157771999,-150.8706297254,2008-08-06,5,0,30.6,43.2,,Pastick,,4.7,,,,,,,
67.8659395,-150.85056175,2008-08-09,4,1,0.0,44.5,,Pastick,,16.5,,,,,,,
67.87495694445003,-150.90291805549998,2008-08-07,2,1,19.5,44.5,,Pastick,,13.5,,,,,,,
63.31314503780622,-145.74828984258266,1998-07-24,2,1,14.0,108.0,,Pastick,1.0,6.5,N,,,,,,
63.280430232761994,-145.79923050239682,1997-06-21,2,0,0.0,152.0,,Pastick,1.0,1.5,N,,,,,,
63.18374429580241,-145.92305972737768,1997-06-19,2,0,0.0,96.5,,Pastick,1.0,4.0,N,,,,,,
63.028813590992016,-146.05011763234353,1998-06-18,4,0,0.0,124.75,,Pastick,1.0,6.5,N,,,,,,
63.00926983009862,-146.08677717586,1999-06-16,2,1,32.0,108.0,,Pastick,4.0,15.0,N,,,,,,
62.959400256511906,-146.21745459737133,1998-06-17,4,0,26.75,104.0,,Pastick,3.0,67.0,N,,,,,,
63.64630343634972,-158.01116820089447,2010-07-16,20,0,59.5,,,Pastick,,,,,,,,,
62.90185159707034,-159.4247135632509,2010-07-21,19,0,50.75,,,Pastick,,,,,,,,,
62.90328949163175,-159.483817278794,2010-07-22,20,0,47.73684210526316,,,Pastick,,,,,,,,,
63.003581490832275,-159.18650982775176,2010-07-23,40,0,72.65714285714286,,,Pastick,,,,,,,,,
62.91040810629892,-159.52156908004318,2010-07-24,19,0,31.57894736842105,,,Pastick,,,,,,,,,
62.9190461626898,-159.48552284636477,2010-07-25,20,0,70.55,,,Pastick,,,,,,,,,
62.92766017724218,-159.4989125854775,2010-07-25,20,0,57.7,,,Pastick,,,,,,,,,
63.02765360497811,-158.90290852988457,2010-07-27,40,0,50.22222222222222,,,Pastick,,,,,,,,,
62.95290915881084,-159.5781193222812,2010-08-04,39,0,60.46153846153846,,,Pastick,,,,,,,,,
62.950339116142814,-159.70835807481689,2010-08-04,20,0,90.6,,,Pastick,,,,,,,,,
62.98375190330256,-159.51524053123626,2010-08-05,20,0,64.05,,,Pastick,,,,,,,,,
62.97312263984057,-159.52764137530548,2010-08-05,18,0,54.611111111111114,,,Pastick,,,,,,,,,
62.96899523408886,-159.58921158938406,2010-08-06,19,0,43.421052631578945,,,Pastick,,,,,,,,,
62.984915010930436,-159.2033636770579,2010-08-07,20,1,111.3,,,Pastick,,,,,,,,,
62.95604679407519,-159.63330934008212,2010-08-09,20,0,39.1,,,Pastick,,,,,,,,,
64.79254870336271,-148.05577114248598,2002-06-17,2,0,0.0,102.5,,Pastick,7.0,9.0,Y,,,,,,
64.80047420293707,-148.10128951632777,2002-06-24,2,0,0.0,48.5,,Pastick,1.0,10.5,Y,,,,,,
64.79874970061383,-148.222532174247,2002-07-21,2,0,0.0,155.0,,Pastick,4.0,8.5,Y,,,,,,
64.81777709412111,-148.1907851175754,2002-07-27,2,0,0.0,140.0,,Pastick,6.0,13.0,N,,,,,,
64.82421622633899,-148.16874574769145,2002-07-11,2,0,0.0,76.5,,Pastick,2.0,18.5,Y,,,,,,
64.82331223199876,-148.06160680037615,2002-06-27,5,1,41.8,77.0,,Pastick,4.0,16.2,N,,,,,,
64.79624784522905,-148.15182229638975,2002-07-07,4,0,13.0,64.0,,Pastick,4.0,17.5,Y,,,,,,
64.80158570821148,-148.15406019066035,2002-07-05,2,0,24.0,55.0,,Pastick,2.0,19.0,Y,,,,,,
64.8420963699601,-148.066135209913,2002-07-15,2,0,0.0,51.0,,Pastick,3.0,19.5,Y,,,,,,
64.84090147259205,-148.103253801717,2002-07-24,3,0,18.666666666666668,68.33333333333333,,Pastick,3.0,16.0,Y,,,,,,
64.7314709644199,-148.24009351078044,2002-08-14,2,1,54.0,54.0,,Pastick,1.0,15.5,N,,,,,,
64.63819068260581,-149.0470701156495,2002-08-20,3,0,41.666666666666664,161.66666666666666,,Pastick,1.0,2.6666666666666665,N,,,,,,
64.8726693139009,-148.10206938451773,2002-09-05,2,0,0.0,43.0,,Pastick,7.0,9.0,Y,,,,,,
64.87092542226037,-148.08700911085347,2002-09-06,3,0,21.666666666666668,83.33333333333333,,Pastick,6.0,12.666666666666666,Y,,,,,,
64.87067325085808,-148.07281345091764,2002-09-05,4,0,0.0,68.25,,Pastick,2.0,7.75,Y,,,,,,
64.88107890492302,-148.10436718252691,2002-09-10,2,1,17.0,45.0,,Pastick,4.0,24.0,N,,,,,,
64.8784401849992,-148.0674951235762,2002-09-05,3,0,0.0,67.33333333333333,,Pastick,1.0,15.0,Y,,,,,,
64.88808021153709,-148.1185799569456,2002-09-10,3,0,0.0,42.666666666666664,,Pastick,2.0,11.333333333333334,Y,,,,,,
64.88976587590459,-148.0632417393642,2002-09-11,3,0,0.0,55.666666666666664,,Pastick,4.0,13.0,Y,,,,,,
64.8574489245008,-148.12135054687622,2002-09-09,3,0,0.0,86.66666666666667,,Pastick,1.0,13.0,Y,,,,,,
64.92473137032813,-148.09762322302294,2002-08-30,5,1,53.4,129.0,,Pastick,6.0,11.2,N,,,,,,
64.9326038805426,-148.09754971805756,2002-08-12,2,0,0.0,102.5,,Pastick,2.0,3.0,N,,,,,,
64.76043991432388,-148.03217269661633,2002-06-13,2,1,28.5,90.0,,Pastick,2.0,11.0,N,,,,,,
64.81377501381411,-148.10113686521674,2002-06-21,2,1,42.0,56.5,,Pastick,3.0,31.5,N,,,,,,
64.78143316680696,-148.17838810937965,2002-07-13,3,0,20.0,69.0,,Pastick,4.0,10.0,N,,,,,,
64.85667491976523,-148.0704888799022,2002-07-26,2,0,0.0,82.5,,Pastick,6.0,7.5,Y,,,,,,
64.85343560274075,-148.48787987193984,2003-06-30,2,0,0.0,81.0,,Pastick,1.0,22.0,Y,,,,,,
64.82136174095753,-148.38935830552683,2003-07-08,3,1,56.0,71.33333333333333,,Pastick,1.0,32.0,N,,,,,,
64.1655824379847,-149.1854278852952,2003-08-06,2,0,16.5,65.0,,Pastick,3.0,39.5,N,,,,,,
64.21417167970546,-149.25560087221402,2003-08-13,2,0,0.0,81.0,,Pastick,19.0,8.5,N,,,,,,
64.17400423847647,-149.3112570975567,2003-08-18,8,0,14.625,90.125,,Pastick,3.0,15.0,N,,,,,,
64.17083576707887,-149.29949592428918,2003-08-18,2,0,0.0,90.0,,Pastick,1.0,10.5,N,,,,,,
64.20048145635876,-149.36471200477183,2003-08-20,2,1,46.0,53.0,,Pastick,1.0,21.5,N,,,,,,
64.21497857739847,-149.39574752969997,1994-08-23,2,0,0.0,154.0,,Pastick,9.0,14.0,N,,,,,,
64.22771783494066,-149.4193817210873,2003-08-19,4,1,25.5,101.0,,Pastick,1.0,16.5,N,,,,,,
64.22817548154786,-149.39630176960623,2003-08-19,3,0,33.0,92.66666666666667,,Pastick,5.0,16.0,N,,,,,,
64.22796220083251,-149.373442262939,2003-08-19,2,0,0.0,55.0,,Pastick,9.0,4.5,N,,,,,,
64.21221008461673,-149.36537650405822,2003-08-19,3,0,0.0,61.333333333333336,,Pastick,3.0,8.0,N,,,,,,
64.22992742759064,-149.36215340729456,2003-08-19,2,0,0.0,60.0,,Pastick,1.0,7.5,N,,,,,,
64.21427749051973,-149.296044953737,2003-08-20,3,1,50.666666666666664,56.333333333333336,,Pastick,9.0,27.0,N,,,,,,
64.21525782826086,-149.27816830189795,2003-08-14,2,0,0.0,67.0,,Pastick,3.0,4.5,N,,,,,,
64.2227812531722,-149.2859421210203,2003-08-14,2,0,0.0,59.0,,Pastick,5.0,8.5,N,,,,,,
64.23301656938995,-149.27355506635305,2003-08-14,3,0,0.0,115.0,,Pastick,2.0,5.0,N,,,,,,
64.23867813777102,-149.25030532743853,2003-08-14,2,0,0.0,52.0,,Pastick,7.0,10.0,N,,,,,,
64.21494186363375,-149.33566448731725,2003-08-20,2,0,0.0,64.5,,Pastick,5.0,14.5,N,,,,,,
64.76216882898288,-148.37250340119792,2003-07-01,2,0,20.5,50.5,,Pastick,2.0,11.0,Y,,,,,,
64.37645590049353,-149.1474442775913,2003-07-16,3,0,23.333333333333332,88.0,,Pastick,1.0,26.333333333333332,N,,,,,,
64.34401576142088,-149.20027398530692,2003-07-14,5,0,0.0,107.6,,Pastick,1.0,8.8,N,,,,,,
64.35319681546454,-149.203799918859,2003-08-21,3,0,0.0,161.0,,Pastick,1.0,9.666666666666666,N,,,,,,
64.21136316814332,-149.19452059499935,2003-08-06,2,1,70.5,83.5,,Pastick,4.0,19.5,N,,,,,,
64.25786219597536,-149.09737412783795,2003-08-13,3,1,44.666666666666664,106.33333333333333,,Pastick,1.0,10.666666666666666,N,,,,,,
64.35597245549681,-149.0743960822286,2003-08-20,5,0,20.6,75.6,,Pastick,2.0,46.0,N,,,,,,
64.35470025523259,-149.0575365369799,2003-08-20,2,1,61.5,67.5,,Pastick,8.0,10.0,N,,,,,,
64.7737979691677,-148.26729370430616,2003-07-02,2,0,9.0,43.5,,Pastick,1.0,20.0,Y,,,,,,
64.1846563596764,-149.18388346456248,2003-08-06,2,0,0.0,52.5,,Pastick,8.0,6.5,Y,,,,,,
64.23905392328844,-149.10614036483565,2003-08-12,2,0,0.0,140.0,,Pastick,5.0,13.5,N,,,,,,
64.23581941492317,-149.09102112641187,2003-08-12,2,0,32.5,92.5,,Pastick,1.0,12.5,N,,,,,,
64.24418358112342,-149.11771354016128,2003-08-12,2,1,38.5,53.5,,Pastick,3.0,16.0,N,,,,,,
65.618063347114,-143.9601436078196,2008-06-29,2,0,0.0,83.0,,Pastick,,8.5,N,,,,,,
65.64528180890511,-143.80556691632393,2008-06-30,4,1,38.75,66.75,,Pastick,,34.0,N,,,,,,
65.47052681261633,-143.5764041947142,2008-07-01,2,0,0.0,80.0,,Pastick,,10.0,N,,,,,,
65.48524859327607,-143.57443640879418,2008-07-01,3,0,0.0,88.0,,Pastick,,12.0,N,,,,,,
65.4908562853333,-143.60935966292692,2008-07-01,2,0,0.0,48.5,,Pastick,,16.0,N,,,,,,
65.46087763331094,-143.49789743521208,2008-07-02,6,0,0.0,81.33333333333333,,Pastick,,3.1666666666666665,N,,,,,,
65.37990898648313,-143.24267683397707,2008-07-03,3,0,14.0,81.66666666666667,,Pastick,,21.333333333333332,N,,,,,,
65.38942609548351,-143.24439279684373,2008-07-03,2,1,38.0,55.0,,Pastick,,16.0,N,,,,,,
65.32351261901329,-143.0821302861662,2008-07-04,2,1,20.0,70.5,,Pastick,,17.0,N,,,,,,
65.09637646140965,-143.38285286258906,2008-07-11,5,0,8.2,62.6,,Pastick,,3.4,N,,,,,,
65.10576941954945,-143.38176528133388,2008-07-13,3,0,0.0,72.33333333333333,,Pastick,,8.666666666666666,N,,,,,,
65.07847595160098,-143.48290965839516,2008-07-14,2,0,0.0,55.5,,Pastick,,2.0,N,,,,,,
65.08754722300391,-143.48780522493138,2008-07-14,2,0,0.0,60.5,,Pastick,,0.0,N,,,,,,
65.19347695433162,-143.7673737169499,2008-07-15,6,0,11.333333333333334,74.33333333333333,,Pastick,,5.5,N,,,,,,
65.19138624924949,-143.47825847027724,2008-07-16,4,0,0.0,102.75,,Pastick,,3.25,N,,,,,,
65.08273981370812,-143.8089742348458,2008-07-17,3,0,24.333333333333332,67.66666666666667,,Pastick,,12.333333333333334,N,,,,,,
65.09057918296652,-143.80070039688192,2008-07-17,2,0,0.0,55.0,,Pastick,,0.0,N,,,,,,
65.26697251664014,-143.71574787673399,2008-07-18,2,1,18.0,76.5,,Pastick,,12.5,N,,,,,,
65.28536044114992,-143.7073008692647,2008-07-18,2,1,25.0,52.5,,Pastick,,39.5,N,,,,,,
65.53291839439186,-143.68396550213433,2008-07-28,3,0,8.0,115.33333333333333,,Pastick,,6.0,N,,,,,,
65.53266761607298,-143.6642182282563,2008-07-28,2,1,27.5,127.0,,Pastick,,85.0,N,,,,,,
65.58492356477814,-143.94490981896973,2008-07-29,5,0,0.0,95.0,,Pastick,,12.4,N,,,,,,
65.49364090541324,-143.72326596573456,2008-07-30,5,1,26.2,68.0,,Pastick,,32.2,N,,,,,,
65.49437941937886,-143.66625397989438,2008-07-31,4,0,19.5,101.75,,Pastick,,8.0,N,,,,,,
65.45129102305052,-143.64080824129627,2008-08-14,2,0,0.0,127.5,,Pastick,,4.0,N,,,,,,
65.45297699821332,-143.62332431827448,2008-08-01,6,1,28.333333333333332,101.16666666666667,,Pastick,,63.833333333333336,N,,,,,,
65.47337695589509,-143.85294948474478,2008-08-13,2,1,33.0,129.5,,Pastick,,27.5,N,,,,,,
65.47109774547208,-143.8209968785474,2008-08-13,3,1,43.333333333333336,112.0,,Pastick,,34.0,N,,,,,,
65.40304627345054,-143.8305336798629,2008-08-14,3,1,61.333333333333336,73.66666666666667,,Pastick,,29.0,N,,,,,,
65.41392235223445,-143.81952805072632,2008-08-14,2,1,39.0,61.0,,Pastick,,24.0,N,,,,,,
65.32134031064638,-143.8595138352111,2008-08-15,5,1,46.2,70.4,,Pastick,,30.8,N,,,,,,
65.33914486263438,-143.69109151628865,2008-08-16,6,1,49.833333333333336,77.33333333333333,,Pastick,,31.333333333333332,N,,,,,,
65.52056884781096,-143.72891007648764,2008-08-27,5,1,39.8,82.4,,Pastick,,72.0,N,,,,,,
65.6307450363057,-143.95261811564933,2008-06-29,2,1,62.0,69.5,,Pastick,,30.0,N,,,,,,
65.60970203393634,-143.7443502306182,2008-06-30,6,0,19.833333333333332,80.5,,Pastick,,30.0,N,,,,,,
65.45952622960641,-143.23931720061842,2008-07-02,3,1,23.666666666666668,61.0,,Pastick,,19.0,N,,,,,,
65.47095705445803,-143.26230958746783,2008-07-02,3,1,37.333333333333336,44.666666666666664,,Pastick,,29.666666666666668,N,,,,,,
65.3866946073631,-143.1451174050178,2008-07-03,5,1,47.2,58.6,,Pastick,,33.8,N,,,,,,
65.37937253781645,-143.2118031824813,2008-07-04,3,0,18.333333333333332,78.33333333333333,,Pastick,,34.666666666666664,N,,,,,,
65.07646774024204,-143.29992228893565,2008-07-13,2,0,0.0,66.5,,Pastick,,25.5,N,,,,,,
65.06404977581889,-143.25099373822923,2008-07-13,2,0,0.0,55.0,,Pastick,,28.0,N,,,,,,
65.08401401962061,-143.58246943098206,2008-07-14,4,0,16.0,72.25,,Pastick,,20.75,N,,,,,,
65.0912575799151,-143.58331310656416,2008-07-14,2,0,0.0,69.0,,Pastick,,8.5,N,,,,,,
65.21570994848072,-143.52956547022248,2008-07-16,3,0,10.333333333333334,64.0,,Pastick,,15.666666666666666,N,,,,,,
65.22626472717178,-143.55606160510357,2008-07-16,2,1,40.5,62.5,,Pastick,,62.5,N,,,,,,
65.09585333354973,-143.6900568172077,2008-07-17,3,0,17.0,57.333333333333336,,Pastick,,13.333333333333334,N,,,,,,
65.10478987068241,-143.6897703679875,2008-07-17,3,0,0.0,77.0,,Pastick,,17.0,N,,,,,,
65.23465999757354,-143.31876217661187,2008-07-18,6,0,19.5,50.5,,Pastick,,21.0,N,,,,,,
65.5912242664594,-144.00075856633876,2008-07-27,5,0,57.4,129.4,,Pastick,,2.2,N,,,,,,
65.50095772780759,-143.75880163887453,2008-08-13,5,0,9.0,70.8,,Pastick,,17.6,N,,,,,,
65.47075634310008,-143.78133375957998,2008-08-14,2,1,31.5,66.0,,Pastick,,20.0,N,,,,,,
65.3592580277989,-143.83936494731793,2008-08-15,4,1,41.75,95.75,,Pastick,,39.5,N,,,,,,
65.36837662290769,-143.85109069534806,2008-08-15,4,1,41.5,54.0,,Pastick,,31.75,N,,,,,,
65.35541302753016,-143.55819629469522,2008-08-16,5,1,51.8,60.6,,Pastick,,29.6,N,,,,,,
65.37195141593693,-143.6424693223703,2008-08-17,3,1,116.0,127.0,,Pastick,,10.333333333333334,N,,,,,,
65.37241375814735,-143.617613600127,2008-08-17,3,0,30.666666666666668,105.33333333333333,,Pastick,,3.6666666666666665,N,,,,,,
65.27388245136252,-143.58695877496615,2008-08-18,6,1,28.5,65.16666666666667,,Pastick,,14.333333333333334,N,,,,,,
65.54499502567626,-143.75558430067446,2008-08-28,5,1,40.0,90.2,,Pastick,,33.4,N,,,,,,
65.41869000493588,-143.6043500229335,2008-08-29,5,1,59.6,69.6,,Pastick,,53.6,N,,,,,,
63.462850191849355,-150.2204212620644,2018-08-14,7006,1,63.67608906651434,63.67608906651442,,Patton_2021,0.0,,,,,,,,
63.52335789739855,-155.93682122708069,2018-08-15,4601,1,98.31880243425374,98.31880243425343,,Patton_2021,0.0,,,,,,,,
70.237492016848,-148.46116600525417,2020-08-17,224,1,40.77232142857143,40.77232142857143,0.0,Peirce_2020,0.0,,,,,,,,
70.22909251891349,-148.42182682156425,2020-08-15,250,1,49.764,49.764,0.0,Peirce_2020,0.0,,,,,,,,
70.22305472495756,-148.47135678155803,2020-08-15,241,1,53.15767634854772,53.15767634854772,0.0,Peirce_2020,1.0,,,,,,,,
70.19649006534853,-148.42518337123738,2020-08-16,284,1,56.11439114391144,57.90681003584229,3.341549295774648,Peirce_2020,0.0,,,,,,,,
61.173232375652,-162.77933735135952,2016-08-15,11739,1,66.0765584262541,66.07655842625402,,Schaefer_2020,,,,,,,,,
61.17061143205789,-162.77235531786715,2016-08-15,3319,1,70.91836721477341,70.91836721477391,,Schaefer_2020,,,,,,,,,
61.181429292637524,-162.7830847166117,2016-08-16,11787,1,68.27886686145811,68.27886686145779,,Schaefer_2020,,,,,,,,,
61.18678966503803,-162.7905775838272,2016-08-17,1181,1,57.99860640490421,57.99860640490431,,Schaefer_2020,,,,,,,,,
61.19713105410097,-162.78950777486025,2013-08-11,3755,1,68.13704859175171,68.13704859175145,,Schaefer_2020,,,,,,,,,
61.26346751714448,-163.24419533294164,2014-08-11,7656,1,61.76926749566387,61.76926749566421,,Schaefer_2020,,,,,,,,,
61.266164976541404,-163.23158563504276,2014-08-12,4817,1,67.1531900766642,67.15319007666405,,Schaefer_2020,,,,,,,,,
61.27145555071389,-163.2301428801083,2014-08-12,4062,1,65.89584557579015,65.89584557579016,,Schaefer_2020,,,,,,,,,
61.27038425,-163.23711150000003,2013-08-11,52,1,63.69230769230769,63.69230769230769,,Schaefer_2020,,,,,,,,,
61.271076921271295,-163.23831557424126,2014-08-12,8432,1,62.734736435537094,62.7347364355374,,Schaefer_2020,,,,,,,,,
61.278027063306794,-162.62968204154885,2014-08-11,3396,1,69.64011279530335,69.64011279530305,,Schaefer_2020,,,,,,,,,
61.287896076322866,-162.86774708256146,2013-08-11,4966,1,73.38726672810836,73.38726672810851,,Schaefer_2020,,,,,,,,,
61.35480355563693,-163.09647669874394,2014-08-13,4937,1,67.78560440378656,67.78560440378656,,Schaefer_2020,,,,,,,,,
62.6972409060194,-141.14274462718444,2018-08-13,103,1,56.090401721618115,56.09040172161812,,Schaefer_2020,,,,,,,,,
64.3882384979208,-146.88148268811884,2014-08-12,101,1,64.43083368942241,64.43083368942244,,Schaefer_2020,,,,,,,,,
64.87019984294697,-147.73933676622522,2014-08-12,302,1,62.25100261975441,62.25100261975442,,Schaefer_2020,,,,,,,,,
64.87484231,-147.68154430693076,2014-08-12,101,1,63.17993821059405,63.17993821059406,,Schaefer_2020,,,,,,,,,
68.47687093893285,-149.50112971661483,2014-08-12,3214,1,51.618366521468616,51.61836652146857,,Schaefer_2020,,,,,,,,,
68.54573963382535,-149.49033195121953,2016-08-14,779,1,39.00543003851084,39.00543003851091,,Schaefer_2020,,,,,,,,,
68.63298268401955,-149.49250335782506,2013-08-12,4396,1,47.03682211101001,47.03682211101001,,Schaefer_2020,,,,,,,,,
68.63357958417718,-149.4751356155954,2013-08-12,3610,1,46.21734072022147,46.21734072022161,,Schaefer_2020,,,,,,,,,
68.64003716342049,-149.50259045459606,2013-08-13,1795,1,57.8788579387187,57.87885793871867,,Schaefer_2020,,,,,,,,,
68.63946965834337,-149.4670328387756,2013-08-13,833,1,43.60452581032407,43.60452581032413,,Schaefer_2020,,,,,,,,,
68.64166757493268,-149.47406970847362,2014-08-11,1782,1,45.823731762065044,45.823731762065094,,Schaefer_2020,,,,,,,,,
68.64732163529168,-149.38307026202347,2016-08-14,1285,1,46.68564202334633,46.6856420233463,,Schaefer_2020,,,,,,,,,
68.6482170389001,-149.350179767006,2016-08-14,982,1,51.07490316004077,51.1247250509165,101.0,Schaefer_2020,,,,,,,,,
68.6484729169492,-149.34266849322032,2016-08-14,177,1,46.78451977401132,46.7845197740113,,Schaefer_2020,,,,,,,,,
68.64950827833334,-149.35078800714288,2016-08-15,42,1,60.476190476190474,60.476190476190474,,Schaefer_2020,,,,,,,,,
68.65116310357826,-149.3251153057508,2016-08-14,313,1,70.721821086262,70.72182108626198,,Schaefer_2020,,,,,,,,,
68.65032070478172,-149.25315034788713,2014-08-13,1420,1,49.359845070422544,49.35984507042253,,Schaefer_2020,,,,,,,,,
68.65378799397507,-149.23230038823706,2014-08-12,3834,1,43.5146478873239,43.514647887323946,,Schaefer_2020,,,,,,,,,
68.65963324941741,-149.25072432120996,2014-08-13,2711,1,45.05905569900403,45.059055699004055,,Schaefer_2020,,,,,,,,,
68.65955506230577,-149.23998009576468,2014-08-12,425,1,35.080729411764736,35.08072941176471,,Schaefer_2020,,,,,,,,,
68.91642298501608,-148.84759535722617,2016-08-13,1543,1,51.44527543745957,51.44527543745949,,Schaefer_2020,,,,,,,,,
68.91663840000001,-148.8478998,2018-08-16,5,1,47.3,47.3,,Schaefer_2020,,,,,,,,,
69.06783971357645,-148.80499199513937,2014-08-13,4485,1,48.14086287625448,48.14086287625418,,Schaefer_2020,,,,,,,,,
69.06354640683497,-148.7823516826968,2014-08-13,3011,1,57.69189637994022,57.69189637994022,,Schaefer_2020,,,,,,,,,
69.0665830519064,-148.7652136978767,2014-08-13,2261,1,63.45149933657676,63.451499336576745,,Schaefer_2020,,,,,,,,,
69.0706299439047,-148.80788543008862,2016-08-12,2712,1,53.094126106196185,53.094126106194686,,Schaefer_2020,,,,,,,,,
69.06993289521739,-148.8172754173913,2014-08-18,23,1,41.736521739130445,41.73652173913044,,Schaefer_2020,,,,,,,,,
69.0699854525,-148.81761352499998,2015-07-28,4,1,36.6525,36.6525,,Schaefer_2020,,,,,,,,,
69.07117107996653,-148.78569751385504,2016-08-12,2389,1,56.468246128088786,56.46824612808706,,Schaefer_2020,,,,,,,,,
69.0699214285714,-148.77389240389613,2014-08-16,77,1,69.96662337662342,69.96662337662337,,Schaefer_2020,,,,,,,,,
69.069984885,-148.77407671666668,2015-07-05,6,1,73.105,73.105,,Schaefer_2020,,,,,,,,,
69.11071751023302,-148.8695786326226,2014-08-11,8160,1,58.15817401960784,58.158174019607834,,Schaefer_2020,,,,,,,,,
69.10842158311692,-148.84902797467524,2014-08-11,154,1,45.06629870129873,45.0662987012987,,Schaefer_2020,,,,,,,,,
69.11808835322188,-148.86880883485017,2014-08-11,4746,1,38.3714285714278,38.37142857142857,,Schaefer_2020,,,,,,,,,
69.12467708524271,-148.85243264854367,2014-08-12,103,1,38.32961165048544,38.32961165048543,,Schaefer_2020,,,,,,,,,
69.12049581033233,-148.83747144508678,2016-08-17,692,1,27.8539450867052,27.853945086705203,,Schaefer_2020,,,,,,,,,
69.12266487154075,-148.8389483398792,2017-07-16,331,1,27.54362537764352,27.543625377643504,,Schaefer_2020,,,,,,,,,
69.12665613333333,-148.84231336666667,2016-08-17,3,1,44.1,44.1,,Schaefer_2020,,,,,,,,,
69.12696204939544,-148.84390118795577,2017-08-23,2167,1,33.210447623442775,33.21044762344255,,Schaefer_2020,,,,,,,,,
69.14899945401532,-148.8427401835135,2014-08-13,2590,1,24.712675675675733,24.712675675675676,,Schaefer_2020,,,,,,,,,
70.13612986250001,-148.639853125,2018-08-24,8,1,47.54374980000001,47.5437498,,Schaefer_2020,,,,,,,,,
70.13678651926466,-148.6516421364707,2018-08-25,680,1,63.89607357095587,63.89607357095589,,Schaefer_2020,,,,,,,,,
70.13812133636365,-148.6647417064935,2019-08-13,77,1,44.26766246948053,44.26766246948051,,Schaefer_2020,,,,,,,,,
70.13825252,-148.66560701999998,2020-08-08,5,1,37.472999599999994,37.472999599999994,,Schaefer_2020,,,,,,,,,
71.24822204863801,-156.5614075544746,2014-08-12,1542,1,44.34196437118465,44.34196437118461,,Schaefer_2020,,,,,,,,,
71.2509337376009,-156.547607930931,2014-08-12,9295,1,44.39923835704987,44.39923835705045,,Schaefer_2020,,,,,,,,,
71.26218525214755,-156.62288515664454,2014-08-12,1979,1,39.63036399248489,39.63036399248498,,Schaefer_2020,,,,,,,,,
71.25949800227012,-156.59873945181633,2014-08-12,3964,1,37.06468048805942,37.064680488059196,,Schaefer_2020,,,,,,,,,
71.25720043493246,-156.5689943238209,2014-08-12,4941,1,43.56573150647668,43.56573150647681,,Schaefer_2020,,,,,,,,,
71.2556477977113,-156.55173859689884,2014-08-12,2709,1,43.00810171148715,43.00810171148728,,Schaefer_2020,,,,,,,,,
71.27234985795778,-156.63429864904103,2014-08-12,1929,1,34.828629454527395,34.82862945452739,,Schaefer_2020,,,,,,,,,
71.27407757307692,-156.63098972692308,2013-08-11,26,1,19.394230769230766,19.394230769230766,,Schaefer_2020,,,,,,,,,
71.27382481268722,-156.63553116183823,2014-08-11,2002,1,35.44418896886441,35.44418896886447,,Schaefer_2020,,,,,,,,,
71.26106447065476,-156.82175822234765,2018-08-19,1772,1,32.838249591139984,32.838249591139956,,Schaefer_2020,,,,,,,,,
71.26924721938772,-156.82220193877546,2018-08-21,588,1,34.612846701955746,34.61284670195578,,Schaefer_2020,,,,,,,,,
71.30753273251459,-156.61925503723353,2014-08-12,7735,1,39.03794283668225,39.0379428366826,,Schaefer_2020,,,,,,,,,
71.30992829690823,-156.5915242015579,2014-08-12,4237,1,36.81146072114944,36.811460721149395,,Schaefer_2020,,,,,,,,,
71.31519355322584,-156.63741567903205,2014-08-12,1860,1,41.38357934043009,41.3835793404301,,Schaefer_2020,,,,,,,,,
71.31803176760016,-156.62027234065104,2014-08-12,7926,1,44.98289312733651,44.98289312733724,,Schaefer_2020,,,,,,,,,
71.31572924141523,-156.5942038453398,2014-08-12,3873,1,34.5139698847557,34.51396988475571,,Schaefer_2020,,,,,,,,,
71.312426851272,-156.63457052054795,2014-08-12,511,1,50.500510858773566,50.50051085877364,,Schaefer_2020,,,,,,,,,
71.32268350000001,-156.609998325,2013-08-11,20,1,52.1625,52.1625,,Schaefer_2020,,,,,,,,,
71.32249375303029,-156.613301340909,2014-08-12,660,1,34.746166524393985,34.746166524393935,,Schaefer_2020,,,,,,,,,
60.92219444444444,-117.02406555555555,2012-08-18,9,1,104.6,104.6,,Schaefer_2020,,,,,,,,,
60.94967280000001,-117.3738926,2012-08-09,5,1,66.133333334,66.133333334,,Schaefer_2020,,,,,,,,,
60.95724,-117.34152999999999,2009-07-10,4,1,66.4583333325,66.4583333325,,Schaefer_2020,,,,,,,,,
60.957764,-117.160314,2012-08-21,5,1,93.066666668,93.066666668,,Schaefer_2020,,,,,,,,,
61.619664799999995,-117.12878859999998,2013-08-11,5,1,89.608,89.608,,Schaefer_2020,,,,,,,,,
61.715430000000005,-116.89058600000001,2013-08-11,5,1,73.6,73.6,,Schaefer_2020,,,,,,,,,
61.77001833333333,-116.78871333333335,2013-08-11,6,1,81.5,81.5,,Schaefer_2020,,,,,,,,,
62.02922428571429,-116.31186857142858,2013-08-10,7,1,84.35714286428572,84.35714286428572,,Schaefer_2020,,,,,,,,,
62.324929999999995,-113.11515,2013-08-10,2,1,57.5,57.5,,Schaefer_2020,,,,,,,,,
62.352074,-113.087628,2013-08-11,10,1,69.7,69.7,,Schaefer_2020,,,,,,,,,
62.365093333333334,-113.07494166666667,2013-08-11,6,1,60.49999999833333,60.49999999833333,,Schaefer_2020,,,,,,,,,
62.382481111111105,-113.07822333333334,2013-08-10,9,1,51.388888888888886,51.388888888888886,,Schaefer_2020,,,,,,,,,
62.38287799999999,-113.15553400000002,2013-08-10,5,1,69.96666666400002,69.96666666400002,,Schaefer_2020,,,,,,,,,
62.392313333333334,-113.04256833333335,2013-08-10,6,1,55.44444444333334,55.44444444333334,,Schaefer_2020,,,,,,,,,
62.394267500000005,-113.131965,2013-08-11,4,1,77.2083333325,77.2083333325,,Schaefer_2020,,,,,,,,,
62.418512,-113.00306600000002,2013-08-10,5,1,72.633333334,72.633333334,,Schaefer_2020,,,,,,,,,
62.43250333333333,-113.15249333333333,2013-08-10,12,1,77.77777777666667,77.77777777666667,,Schaefer_2020,,,,,,,,,
62.490275,-113.50706833333334,2013-08-11,6,1,39.833333333333336,39.833333333333336,,Schaefer_2020,,,,,,,,,
62.49567,-113.57884,2013-08-10,2,1,56.416666665,56.416666665,,Schaefer_2020,,,,,,,,,
62.500802,-113.41396999999999,2013-08-10,5,1,51.2,51.2,,Schaefer_2020,,,,,,,,,
62.51188083333334,-113.39307583333334,2013-08-10,12,1,62.3611111125,62.3611111125,,Schaefer_2020,,,,,,,,,
63.880266999999996,-149.25613499999997,2013-08-11,93,1,42.75627240143369,42.756272401433684,,Schaefer_2020,,,,,,,,,
63.92047600544554,-145.37822706534652,2013-08-11,101,1,89.41584158415841,89.41584158415841,,Schaefer_2020,,,,,,,,,
64.73119844908648,-165.95564755709395,2019-08-15,22,0,,,,Seward,,,,,,,,,
64.73112815648736,-165.94739855774154,2019-08-15,123,0,,,,Seward,,,,,,,,,
64.75343,-165.96601,2013-08-11,18,1,63.27777777777778,63.27777777777778,,Schaefer_2020,,,,,,,,,
64.73852082221228,-165.95875204947217,2019-08-15,93,0,,,,Seward,,,,,,,,,
64.74005366197181,-165.9647921126761,2013-08-11,71,1,62.27323943661969,62.27323943661971,,Schaefer_2020,,,,,,,,,
64.74574046998032,-165.96655852110754,2019-08-15,10,0,,,,Seward,,,,,,,,,
64.75317749999999,-165.96573750000002,2013-08-11,8,1,67.2,67.2,,Schaefer_2020,,,,,,,,,
64.8593125,-163.69170625,2013-08-11,16,1,27.09375,27.09375,,Schaefer_2020,,,,,,,,,
64.95098618009804,-147.6153705137255,2016-08-16,102,1,69.05882352941177,69.05882352941177,101.0,Schaefer_2020,,,,,,,,,
65.16213307859684,-164.8101336705682,2019-09-15,37,1,,,,Seward,,,,,,,,,
65.16278971405812,-164.8232279985057,2019-09-15,190,1,,,,Seward,,,,,,,,,
65.16390720000003,-164.8218792,2013-08-11,50,1,37.28,37.28,,Schaefer_2020,,,,,,,,,
67.07900790732675,-150.3533701732673,2014-08-12,101,1,49.277227722772274,49.277227722772274,,Schaefer_2020,,,,,,,,,
68.55838341666666,-149.5243528333332,2013-08-11,186,1,36.18727598566307,36.187275985663085,,Schaefer_2020,,,,,,,,,
68.71226944100002,-149.84443864999997,2014-08-12,10,1,32.8,32.8,,Schaefer_2020,,,,,,,,,
68.71495909090909,-149.02959181818184,2018-08-15,11,1,47.18181818181818,47.18181818181818,,Schaefer_2020,,,,,,,,,
68.85011499999999,-148.828895,2016-08-15,2,1,54.5,54.5,,Schaefer_2020,,,,,,,,,
68.93369897588234,-150.2710844862745,2018-08-22,51,1,55.98039215686274,55.98039215686274,,Schaefer_2020,,,,,,,,,
68.93224265,-150.27140265,2013-08-11,2,1,41.529883805374,41.529883805374,,Schaefer_2020,,,,,,,,,
68.95183501333332,-150.2105579137255,2016-08-14,51,1,59.254901960784316,59.254901960784316,,Schaefer_2020,,,,,,,,,
68.95070639,-150.21075955,2013-08-11,2,1,51.3600612745098,51.3600612745098,,Schaefer_2020,,,,,,,,,
68.9675562524,-150.24912275199998,2018-08-15,25,1,58.88,58.88,,Schaefer_2020,,,,,,,,,
68.99551229800001,-150.28118807800004,2018-08-14,50,1,72.56,72.56,,Schaefer_2020,,,,,,,,,
68.993375515,-150.28075275,2013-08-11,2,1,50.777233115468405,50.777233115468405,,Schaefer_2020,,,,,,,,,
69.07404604999999,-150.40944995,2013-08-11,2,1,57.476020408163265,57.476020408163265,,Schaefer_2020,,,,,,,,,
69.40127772459014,-150.91126711147544,2013-08-11,61,1,60.0,60.0,,Schaefer_2020,,,,,,,,,
69.67425,-148.721,2016-12-15,4,0,,100.0,101.0,Wang_2018,,,,,,,,,
69.67434700000001,-148.70749999999998,2018-08-24,2,1,39.52380952380952,39.52380952380952,,Schaefer_2020,,,,,,,,,
70.18055397260277,-148.4603420547945,2018-08-23,73,1,52.81054794520549,52.81054794520548,,Schaefer_2020,,,,,,,,,
70.18220705882354,-148.44478823529414,2018-08-23,17,1,56.55918767507004,56.55918767507003,,Schaefer_2020,,,,,,,,,
70.1855725,-148.460758,2018-08-23,20,1,50.942,50.942,,Schaefer_2020,,,,,,,,,
70.18501166666665,-148.44149833333333,2018-08-23,3,1,53.53,53.53,,Schaefer_2020,,,,,,,,,
71.28106420461538,-156.60543414423074,2013-08-11,52,1,23.790064102564106,23.790064102564102,,Schaefer_2020,,,,,,,,,
66.5621586075,-159.00428525,2022-09-15,8,1,51.666666666666664,68.75,120.0,Selawik,,,,,,,,,
66.615496995,-158.97073000000003,2022-09-15,8,0,80.0,100.0,120.0,Selawik,,,,,,,,,
66.49052926499999,-158.08282625,2022-09-15,4,0,85.0,102.5,120.0,Selawik,,,,,,,,,
66.437032303,-159.04838750000002,2022-09-15,10,1,75.0,93.0,120.0,Selawik,,,,,,,,,
64.97850877025401,-166.21473673944166,2019-09-15,386,1,,,,Seward,,,,,,,,,
64.9784618917664,-166.201297169787,2019-09-15,9,1,,,,Seward,,,,,,,,,
71.33155384162644,-156.6567236286485,2015-09-01,143,0,126.75,163.12587412587413,,Wagner_2019,,,,,,,,,
62.391999999999996,-145.14600000000002,2016-12-15,2,1,75.0,100.0,101.0,Wang_2018,,,,,,,,,
64.8675,-147.85875,2016-12-15,4,1,100.0,100.0,101.0,Wang_2018,,,,,,,,,
68.33229966666666,-133.65052,2017-08-16,6,1,60.84166666666667,60.84166666666667,100.0,Zhang_2019,,13.666666666666666,,,,,,,
68.31842666666667,-133.53334000000004,2017-08-18,3,1,48.225,48.225,100.0,Zhang_2019,,29.333333333333332,,,,,,,
68.35442044444444,-133.6799188888889,2017-08-17,9,1,42.82142857142857,49.96875,100.0,Zhang_2019,,28.11111111111111,,,,,,,
68.36418658333334,-133.70307749999998,2017-08-16,12,1,41.24166666666667,41.24166666666667,100.0,Zhang_2019,,31.525000000000002,,,,,,,
68.316329,-133.465045,2017-08-18,2,1,71.5,71.5,100.0,Zhang_2019,,31.25,,,,,,,
68.34197725,-133.69649249999998,2017-08-16,4,1,43.9,76.95,100.0,Zhang_2019,,46.25,,,,,,,
68.39302390909091,-133.76510090909093,2017-08-15,11,1,79.04285714285713,86.66363636363636,100.0,Zhang_2019,,5.545454545454546,,,,,,,
68.41477471428571,-133.77113857142857,2017-08-16,7,1,72.675,81.78333333333333,100.0,Zhang_2019,,7.0,,,,,,,
69.417353,-133.02673,2017-08-20,4,1,62.05,62.05,100.0,Zhang_2019,,26.25,,,,,,,
69.4311035,-132.99893500000002,2017-08-20,2,0,37.8,68.9,100.0,Zhang_2019,,13.5,,,,,,,
69.38674725,-133.02166499999998,2017-08-20,8,1,45.925,45.925,100.0,Zhang_2019,,19.125,,,,,,,
69.35346516666667,-133.03603,2017-08-21,6,1,49.9,49.9,100.0,Zhang_2019,,36.333333333333336,,,,,,,
69.3658795,-133.0360375,2017-08-20,4,1,52.849999999999994,52.849999999999994,100.0,Zhang_2019,,15.0,,,,,,,
69.37162985714285,-133.04200285714288,2017-08-20,7,1,62.16142857142857,62.16142857142857,100.0,Zhang_2019,,21.142857142857142,,,,,,,
69.3971634,-133.03231799999998,2017-08-21,5,1,66.31,66.31,100.0,Zhang_2019,,31.0,,,,,,,
69.282446,-132.91116,2017-08-19,3,1,49.0,49.0,100.0,Zhang_2019,,20.233333333333334,,,,,,,
69.29462,-132.93633333333332,2017-08-19,6,1,62.541666666666664,62.541666666666664,100.0,Zhang_2019,,11.166666666666666,,,,,,,
69.31085350000001,-132.99661500000002,2017-08-22,2,1,40.2,40.2,100.0,Zhang_2019,,20.0,,,,,,,
69.320845,-133.0163025,2017-08-22,4,1,54.075,54.075,100.0,Zhang_2019,,20.625,,,,,,,
65.513889,-150.137778,2008-06-19,1,0,0.0,120.0,,Pastick,,0.0,N,,,,,,
65.669167,-149.738611,2008-07-03,1,1,130.0,135.0,,Pastick,,0.0,N,,,,,,
65.677778,-149.750833,2008-07-05,1,1,64.0,72.0,,Pastick,,16.0,N,,,,,,
65.673056,-149.750556,2008-07-05,1,0,0.0,75.0,,Pastick,,0.0,N,,,,,,
65.663056,-149.776111,2008-07-08,1,1,44.0,63.0,,Pastick,,25.0,N,,,,,,
66.011389,-149.084167,2008-07-18,1,1,45.0,65.0,,Pastick,,12.0,N,,,,,,
66.008333,-149.098333,2008-07-19,1,0,0.0,200.0,,Pastick,,11.0,N,,,,,,
65.993611,-148.974444,2008-08-02,1,0,0.0,200.0,,Pastick,,0.0,N,,,,,,
65.983889,-149.012222,2008-08-03,1,1,80.0,85.0,,Pastick,,7.0,N,,,,,,
65.985556,-149.304444,2008-08-05,1,1,64.0,80.0,,Pastick,,7.0,N,,,,,,
65.844722,-149.895556,2008-08-15,1,0,0.0,160.0,,Pastick,,6.0,N,,,,,,
65.8275,-149.513056,2008-08-18,1,1,135.0,150.0,,Pastick,,5.0,N,,,,,,
65.825833,-149.595556,2008-08-18,1,1,52.0,65.0,,Pastick,,21.0,N,,,,,,
65.869167,-149.619167,2008-08-18,1,1,53.0,60.0,,Pastick,,24.0,N,,,,,,
66.548611,-145.52,2010-06-26,1,0,0.0,92.0,,Pastick,,4.0,N,,,,,,
66.308333,-146.5925,2010-07-19,1,1,60.0,60.0,,Pastick,,22.0,N,,,,,,
66.319167,-146.876389,2010-07-21,1,1,64.0,64.0,,Pastick,,22.0,N,,,,,,
66.338889,-146.875556,2010-07-21,1,0,0.0,65.0,,Pastick,,16.0,N,,,,,,
66.663889,-146.555,2010-07-16,1,0,0.0,99.0,,Pastick,,9.0,N,,,,,,
66.330278,-145.297778,2010-07-28,1,0,0.0,91.0,,Pastick,,12.0,N,,,,,,
66.305278,-144.771111,2010-09-09,1,0,0.0,184.0,,Pastick,,2.0,N,,,,,,
66.256389,-144.778056,2010-09-09,1,0,0.0,129.0,,Pastick,,2.0,N,,,,,,
66.3,-144.854444,2010-09-12,1,1,120.0,120.0,,Pastick,,16.0,N,,,,,,
66.372222,-144.902778,2010-09-12,1,0,0.0,151.0,,Pastick,,2.0,N,,,,,,
66.314167,-146.420833,2010-07-12,1,0,0.0,152.0,,Pastick,,0.0,N,,,,,,
66.628889,-146.025,2010-08-14,1,1,120.0,120.0,,Pastick,,0.0,N,,,,,,
66.606111,-145.407778,2010-08-17,1,0,0.0,200.0,,Pastick,,0.0,N,,,,,,
66.699167,-144.739167,2010-08-19,1,1,120.0,120.0,,Pastick,,0.0,N,,,,,,
66.711667,-144.779722,2010-08-19,1,1,181.0,181.0,,Pastick,,16.0,N,,,,,,
66.632222,-145.032222,2010-08-20,1,1,85.0,85.0,,Pastick,,0.0,N,,,,,,
66.654444,-145.055833,2010-08-20,1,0,0.0,152.0,,Pastick,,0.0,N,,,,,,
66.625556,-144.9,2010-08-23,1,0,0.0,152.0,,Pastick,,0.0,N,,,,,,
66.613611,-144.919444,2010-08-23,1,1,166.0,166.0,,Pastick,,3.0,N,,,,,,
66.384167,-145.472222,2010-06-25,1,0,0.0,200.0,,Pastick,,0.0,N,,,,,,
66.640556,-145.7875,2010-06-25,1,1,92.0,92.0,,Pastick,,3.0,N,,,,,,
66.548611,-144.874722,2011-06-22,1,1,35.0,35.0,,Pastick,,35.0,N,,,,,,
65.303056,-146.2375,2011-07-05,1,1,43.0,43.0,,Pastick,,23.0,N,,,,,,
65.298333,-145.174167,2011-07-06,1,0,0.0,40.0,,Pastick,,18.0,Y,,,,,,
65.271667,-145.169444,2011-07-06,1,1,40.0,42.0,,Pastick,,40.0,N,,,,,,
65.279167,-144.975,2011-07-07,1,0,0.0,60.0,,Pastick,,26.0,Y,,,,,,
65.250278,-144.850556,2011-07-07,1,1,60.0,60.0,,Pastick,,30.0,N,,,,,,
66.259167,-144.874722,2011-11-02,1,0,0.0,60.0,,Pastick,,30.0,Y,,,,,,
65.190556,-145.43,2011-07-07,1,0,0.0,45.0,,Pastick,,13.0,Y,,,,,,
65.363056,-144.3025,2011-07-11,1,1,42.0,42.0,,Pastick,,42.0,N,,,,,,
65.354167,-144.286389,2011-07-11,1,1,50.0,50.0,,Pastick,,20.0,N,,,,,,
65.283056,-145.103889,2011-11-04,1,1,59.0,59.0,,Pastick,,59.0,N,,,,,,
66.2825,-145.105,2011-11-04,1,1,50.0,50.0,,Pastick,,50.0,N,,,,,,
65.184167,-144.375556,2011-07-24,1,0,0.0,95.0,,Pastick,,6.0,N,,,,,,
65.454444,-145.696944,2011-07-25,1,0,0.0,45.0,,Pastick,,3.0,Y,,,,,,
65.355833,-145.343056,2011-07-28,1,0,0.0,53.0,,Pastick,,3.0,Y,,,,,,
65.370556,-145.336111,2011-07-28,1,0,0.0,58.0,,Pastick,,7.0,Y,,,,,,
65.346944,-145.256944,2011-07-28,1,0,0.0,84.0,,Pastick,,12.0,Y,,,,,,
65.168333,-145.411111,2011-07-29,1,1,72.0,72.0,,Pastick,,6.0,N,,,,,,
66.820278,-144.515278,2011-08-13,1,0,0.0,92.0,,Pastick,,19.0,N,,,,,,
66.654722,-143.826111,2011-08-16,1,1,70.0,70.0,,Pastick,,10.0,N,,,,,,
67.077222,-144.860278,2011-08-17,1,1,95.0,95.0,,Pastick,,14.0,N,,,,,,
0.0,0.0,2011-11-02,1,1,113.0,113.0,,Pastick,,14.0,N,,,,,,
66.281111,-146.053056,2011-09-06,1,0,0.0,165.0,,Pastick,,2.0,N,,,,,,
66.2725,-146.201111,2011-09-10,1,1,110.0,110.0,,Pastick,,10.0,N,,,,,,
65.184444,-143.935556,2011-07-24,1,0,0.0,64.0,,Pastick,,2.0,Y,,,,,,
65.174444,-143.906944,2011-07-24,1,1,56.0,56.0,,Pastick,,35.0,Y,,,,,,
65.175556,-143.888889,2011-07-24,1,0,0.0,88.0,,Pastick,,15.0,Y,,,,,,
65.502778,-145.83,2012-01-12,1,1,46.0,46.0,,Pastick,,23.0,N,,,,,,
65.503333,-145.841389,2011-07-25,1,1,31.0,31.0,,Pastick,,20.0,N,,,,,,
65.502778,-145.271667,2011-07-26,1,1,110.0,110.0,,Pastick,,15.0,N,,,,,,
65.6125,-145.727778,2011-07-29,1,1,46.0,46.0,,Pastick,,33.0,N,,,,,,
65.3275,-144.169722,2011-07-31,1,0,0.0,63.0,,Pastick,,3.0,Y,,,,,,
65.433889,-144.571389,2011-07-31,1,0,0.0,62.0,,Pastick,,3.0,Y,,,,,,
65.298889,-145.048611,2011-08-01,1,0,0.0,152.0,,Pastick,,10.0,N,,,,,,
65.122222,-145.199167,2011-08-01,1,0,0.0,126.0,,Pastick,,4.0,Y,,,,,,
65.361389,-145.100556,2011-07-10,1,0,0.0,35.0,,Pastick,,6.0,N,,,,,,
65.400833,-144.69,2011-07-04,1,0,0.0,45.0,,Pastick,,20.0,N,,,,,,
66.588889,-146.876667,2011-08-14,1,0,0.0,164.0,,Pastick,,5.0,N,,,,,,
66.843611,-145.09,2011-08-17,1,0,0.0,152.0,,Pastick,,3.0,N,,,,,,
66.019444,-144.521667,2011-08-18,1,1,85.0,85.0,,Pastick,,12.0,N,,,,,,
66.020833,-144.530278,2011-08-18,1,1,30.0,60.0,,Pastick,,30.0,N,,,,,,
66.7175,-145.525278,2011-09-02,1,0,0.0,200.0,,Pastick,,11.0,N,,,,,,
66.744167,-145.504167,2011-09-02,1,1,140.0,140.0,,Pastick,,9.0,N,,,,,,
67.042222,-145.625833,2011-09-07,1,0,0.0,70.0,,Pastick,,2.0,N,,,,,,
66.215556,-146.506111,2011-09-09,1,1,82.0,82.0,,Pastick,,7.0,N,,,,,,
66.257778,-146.244444,2011-09-10,1,1,45.0,45.0,,Pastick,,45.0,N,,,,,,
64.842392,-163.6942291,2014-01-14,1,1,52.0,100.0,,Pastick,,0.0,N,,,,,,
61.5396361,-160.3110535,2012-08-30,1,1,52.0,58.0,,Pastick,,0.0,N,,,,,,
61.5432986,-158.5377667,2012-08-30,1,1,72.0,125.0,,Pastick,,0.0,N,,,,,,
61.6088394,-159.394214,2012-08-30,1,1,65.0,96.0,,Pastick,,0.0,N,,,,,,
61.8265975,-158.0179275,2012-08-30,1,1,108.0,110.0,,Pastick,,0.0,N,,,,,,
62.0702785,-160.0623498,2012-08-30,1,1,77.0,230.0,,Pastick,,0.0,N,,,,,,
61.2963695,-160.5457366,2012-08-30,1,1,65.0,70.0,,Pastick,,0.0,N,,,,,,
61.7241477,-158.1839997,2012-08-30,1,1,160.0,180.0,,Pastick,,0.0,N,,,,,,
61.7921331,-159.6551856,2012-08-30,1,1,65.0,70.0,,Pastick,,0.0,N,,,,,,
61.7776149,-158.6964851,2012-08-30,1,1,65.0,75.0,,Pastick,,0.0,N,,,,,,
61.7752762,-158.7331252,2012-08-30,1,1,78.0,80.0,,Pastick,,0.0,N,,,,,,
61.3626537,-158.8946475,2012-08-30,1,1,85.0,100.0,,Pastick,,0.0,N,,,,,,
61.8577502,-159.092453,2012-08-30,1,1,55.0,75.0,,Pastick,,0.0,N,,,,,,
61.7155276,-159.3126085,2012-08-30,1,1,69.0,78.0,,Pastick,,0.0,N,,,,,,
61.5412888,-160.5389515,2012-08-30,1,1,62.0,70.0,,Pastick,,0.0,N,,,,,,
61.8913435,-159.286453,2012-08-30,1,1,45.0,50.0,,Pastick,,0.0,N,,,,,,
61.8954575,-159.3060895,2012-08-30,1,1,44.0,54.0,,Pastick,,0.0,N,,,,,,
60.9920836,-157.478832,2012-08-30,1,1,50.0,52.0,,Pastick,,0.0,N,,,,,,
61.3625534,-156.2149348,2012-08-30,1,1,115.0,120.0,,Pastick,,0.0,N,,,,,,
61.1452082,-156.3492856,2012-08-30,1,1,88.0,150.0,,Pastick,,0.0,N,,,,,,
61.5077877,-160.6211719,2012-08-30,1,1,68.0,95.0,,Pastick,,0.0,N,,,,,,
64.8053913,-165.4812933,2012-08-30,1,1,78.0,150.0,,Pastick,,0.0,N,,,,,,
64.8846072,-165.4187314,2012-08-30,1,1,33.0,150.0,,Pastick,,0.0,N,,,,,,
64.8133625,-165.4940713,2012-08-30,1,1,74.0,150.0,,Pastick,,0.0,N,,,,,,
64.8142052,-165.4778282,2012-08-30,1,1,95.0,150.0,,Pastick,,0.0,N,,,,,,
64.7608128,-165.633937,2012-08-30,1,1,41.0,150.0,,Pastick,,0.0,N,,,,,,
64.7682249,-165.6339216,2012-08-30,1,1,79.0,150.0,,Pastick,,0.0,N,,,,,,
62.0702782,-160.0623627,2014-02-07,1,1,77.0,230.0,,Pastick,,0.0,N,,,,,,
64.5353317261,-163.418334961,2012-08-30,1,1,64.0,152.0,,Pastick,,0.0,N,,,,,,
61.54475,-164.9143333,2012-08-30,1,1,64.0,152.0,,Pastick,,0.0,N,,,,,,
59.1988889,-158.0997222,2013-11-29,1,1,48.0,84.0,,Pastick,,0.0,N,,,,,,
59.2519444,-157.7338889,2013-11-29,1,1,55.0,75.0,,Pastick,,0.0,N,,,,,,
58.7880556,-157.9569444,2013-11-29,1,1,60.0,80.0,,Pastick,,0.0,N,,,,,,
59.2019444,-157.9555556,2013-11-29,1,1,68.0,90.0,,Pastick,,0.0,N,,,,,,
58.8622222,-157.8133333,2013-11-29,1,1,65.0,152.0,,Pastick,,0.0,N,,,,,,
59.1936111,-157.2105556,2013-11-29,1,1,89.0,200.0,,Pastick,,0.0,N,,,,,,
59.0672222,-157.2180556,2013-11-29,1,1,125.0,152.0,,Pastick,,0.0,N,,,,,,
59.9086111,-156.6252778,2013-11-29,1,1,70.0,92.0,,Pastick,,0.0,N,,,,,,
59.9197222,-156.6275,2013-11-29,1,1,50.0,72.0,,Pastick,,0.0,N,,,,,,
60.0238889,-157.2330556,2013-11-29,1,1,68.0,82.0,,Pastick,,0.0,N,,,,,,
60.0772222,-157.1927778,2013-11-29,1,1,69.0,90.0,,Pastick,,0.0,N,,,,,,
59.6613889,-156.8680556,2013-11-29,1,1,44.0,55.0,,Pastick,,0.0,N,,,,,,
60.0436111,-156.7766667,2013-11-29,1,1,90.0,110.0,,Pastick,,0.0,N,,,,,,
59.8132667,-157.0513806,2013-11-29,1,1,31.0,90.0,,Pastick,,0.0,N,,,,,,
60.725,-154.6705556,2013-11-29,1,1,64.0,70.0,,Pastick,,0.0,N,,,,,,
58.9275,-157.4519444,2013-11-29,1,1,45.0,100.0,,Pastick,,0.0,N,,,,,,
58.9425,-157.38,2013-11-29,1,1,60.0,85.0,,Pastick,,0.0,N,,,,,,
59.6916667,-157.2588889,2013-11-29,1,1,85.0,123.0,,Pastick,,0.0,N,,,,,,
59.6675,-157.2019444,2013-11-29,1,1,70.0,85.0,,Pastick,,0.0,N,,,,,,
59.6313889,-157.2291667,2013-11-29,1,1,55.0,90.0,,Pastick,,0.0,N,,,,,,
59.6408333,-157.2113889,2013-11-29,1,1,78.0,95.0,,Pastick,,0.0,N,,,,,,
59.5441667,-157.3791667,2013-11-29,1,1,85.0,100.0,,Pastick,,0.0,N,,,,,,
59.0666656,-158.6000061,2014-01-17,1,0,66.0,91.0,,Pastick,,0.0,N,,,,,,
59.9833336,-154.8500061,2014-01-17,1,0,33.0,76.0,,Pastick,,0.0,N,,,,,,
59.5833321,-159.0666656,2014-01-17,1,0,53.0,53.0,,Pastick,,0.0,N,,,,,,
59.9166679,-159.0333405,2014-01-17,1,0,38.0,46.0,,Pastick,,0.0,N,,,,,,
58.7000008,-156.6833344,2014-01-17,1,0,114.0,137.0,,Pastick,,0.0,N,,,,,,
58.7166672,-156.7666626,2014-01-17,1,0,94.0,114.0,,Pastick,,0.0,N,,,,,,
66.0333328,-154.25,2014-01-17,1,0,47.0,80.0,,Pastick,,0.0,N,,,,,,
64.9166641,-157.6333313,2014-01-17,1,0,75.0,100.0,,Pastick,,0.0,N,,,,,,
61.5833321,-159.5771942,2014-01-17,1,0,230.0,230.0,,Pastick,,0.0,N,,,,,,
61.5266953,-159.7784729,2014-01-17,1,0,114.0,200.0,,Pastick,,0.0,N,,,,,,
61.594346,-159.4899006,2013-06-18,1,0,160.0,180.0,,Pastick,,0.0,N,,,,,,
61.5870341,-159.5610878,2012-08-30,1,0,190.0,400.0,,Pastick,,0.0,N,,,,,,
61.8731872,-158.1181264,2012-08-30,1,0,14.0,42.0,,Pastick,,0.0,N,,,,,,
61.5986649,-159.4846167,2012-08-30,1,0,93.0,100.0,,Pastick,,0.0,N,,,,,,
61.5789312,-159.5623727,2012-08-30,1,0,135.0,200.0,,Pastick,,0.0,N,,,,,,
61.5348976,-158.7844432,2012-08-30,1,0,110.0,110.0,,Pastick,,0.0,N,,,,,,
61.5406281,-158.6805923,2012-08-30,1,0,55.0,80.0,,Pastick,,0.0,N,,,,,,
61.5703234,-159.2144282,2012-08-30,1,0,80.0,200.0,,Pastick,,0.0,N,,,,,,
61.5610928,-160.1886019,2012-08-30,1,0,96.0,200.0,,Pastick,,0.0,N,,,,,,
61.7932298,-157.4141309,2012-08-30,1,0,170.0,200.0,,Pastick,,0.0,N,,,,,,
61.8243704,-157.5715187,2013-06-18,1,0,13.0,50.0,,Pastick,,0.0,N,,,,,,
61.8036767,-157.5099615,2013-06-18,1,0,175.0,200.0,,Pastick,,0.0,N,,,,,,
61.8869395,-157.7163116,2012-08-30,1,0,54.0,200.0,,Pastick,,0.0,N,,,,,,
61.8389182,-157.9777608,2012-08-30,1,0,190.0,200.0,,Pastick,,0.0,N,,,,,,
61.9092832,-157.7934887,2012-08-30,1,0,60.0,60.0,,Pastick,,0.0,N,,,,,,
61.6714,-157.107631,2012-08-30,1,0,46.0,200.0,,Pastick,,0.0,N,,,,,,
61.7849503,-156.7771385,2012-08-30,1,0,70.0,200.0,,Pastick,,0.0,N,,,,,,
61.7768263,-156.7432337,2012-08-30,1,0,60.0,90.0,,Pastick,,0.0,N,,,,,,
61.7199511,-157.202209,2012-08-30,1,0,73.0,200.0,,Pastick,,0.0,N,,,,,,
61.6636176,-156.8979672,2012-08-30,1,0,127.0,127.0,,Pastick,,0.0,N,,,,,,
61.8393872,-158.0637875,2012-08-30,1,0,110.0,135.0,,Pastick,,0.0,N,,,,,,
61.833009,-158.0384595,2012-08-30,1,0,175.0,200.0,,Pastick,,0.0,N,,,,,,
61.6811734,-157.1059365,2012-08-30,1,0,125.0,200.0,,Pastick,,0.0,N,,,,,,
61.8067126,-156.4578947,2012-08-30,1,0,140.0,200.0,,Pastick,,0.0,N,,,,,,
61.7687551,-156.7565264,2012-08-30,1,0,86.0,200.0,,Pastick,,0.0,N,,,,,,
61.7871607,-156.7772064,2012-08-30,1,0,156.0,200.0,,Pastick,,0.0,N,,,,,,
61.6086074,-159.4435822,2012-08-30,1,0,73.0,100.0,,Pastick,,0.0,N,,,,,,
61.6974502,-156.9946491,2012-08-30,1,0,62.0,100.0,,Pastick,,0.0,N,,,,,,
62.1321787,-159.7358854,2012-08-30,1,0,46.0,195.0,,Pastick,,0.0,N,,,,,,
62.1840196,-159.8160759,2013-06-18,1,0,56.0,180.0,,Pastick,,0.0,N,,,,,,
62.1142322,-160.076192,2013-06-18,1,0,80.0,80.0,,Pastick,,0.0,N,,,,,,
62.0830041,-160.0779774,2012-08-30,1,0,85.0,200.0,,Pastick,,0.0,N,,,,,,
62.3157817,-159.988812,2012-08-30,1,0,100.0,160.0,,Pastick,,0.0,N,,,,,,
62.2056709,-160.1152972,2012-08-30,1,0,100.0,110.0,,Pastick,,0.0,N,,,,,,
62.475601,-159.5312018,2012-08-30,1,0,40.0,60.0,,Pastick,,0.0,N,,,,,,
62.5501451,-159.5750156,2012-08-30,1,0,90.0,110.0,,Pastick,,0.0,N,,,,,,
61.9722554,-160.4750005,2012-08-30,1,0,140.0,160.0,,Pastick,,0.0,N,,,,,,
61.9137853,-159.9541945,2012-08-30,1,0,125.0,190.0,,Pastick,,0.0,N,,,,,,
61.9507826,-160.0240334,2012-08-30,1,0,180.0,200.0,,Pastick,,0.0,N,,,,,,
61.9342919,-160.0676843,2012-08-30,1,0,140.0,160.0,,Pastick,,0.0,N,,,,,,
61.9525898,-160.1923202,2012-08-30,1,0,140.0,160.0,,Pastick,,0.0,N,,,,,,
61.9461921,-160.3777851,2012-08-30,1,0,140.0,160.0,,Pastick,,0.0,N,,,,,,
62.7522578,-160.1520708,2012-08-30,1,0,140.0,160.0,,Pastick,,0.0,N,,,,,,
62.9299903,-160.1018675,2013-06-18,1,0,47.0,65.0,,Pastick,,0.0,N,,,,,,
62.1090059,-159.7934029,2012-08-30,1,0,140.0,160.0,,Pastick,,0.0,N,,,,,,
62.0727838,-159.8463916,2012-08-30,1,0,90.0,200.0,,Pastick,,0.0,N,,,,,,
61.485993,-160.1159554,2012-08-30,1,0,190.0,210.0,,Pastick,,0.0,N,,,,,,
61.7253931,-158.1866161,2012-08-30,1,0,80.0,150.0,,Pastick,,0.0,N,,,,,,
61.6805115,-158.1982463,2012-08-30,1,0,55.0,150.0,,Pastick,,0.0,N,,,,,,
61.6320706,-158.293019,2012-08-30,1,0,85.0,200.0,,Pastick,,0.0,N,,,,,,
61.3513014,-157.0761963,2012-08-30,1,0,73.0,200.0,,Pastick,,0.0,N,,,,,,
61.5299654,-156.930499,2012-08-30,1,0,60.0,200.0,,Pastick,,0.0,N,,,,,,
60.9936019,-158.9732886,2012-08-30,1,0,36.0,67.0,,Pastick,,0.0,N,,,,,,
60.9964146,-159.0049545,2012-08-30,1,0,65.0,200.0,,Pastick,,0.0,N,,,,,,
61.4549483,-157.3942757,2012-08-30,1,0,60.0,90.0,,Pastick,,0.0,N,,,,,,
61.4452673,-157.3707093,2012-08-30,1,0,60.0,120.0,,Pastick,,0.0,N,,,,,,
61.4428958,-157.3631436,2012-08-30,1,0,35.0,150.0,,Pastick,,0.0,N,,,,,,
61.4388361,-157.360375,2013-06-18,1,0,42.0,999.0,,Pastick,,0.0,N,,,,,,
61.1433127,-157.7650021,2012-08-30,1,0,75.0,200.0,,Pastick,,0.0,N,,,,,,
61.1442961,-157.9895954,2012-08-30,1,0,80.0,100.0,,Pastick,,0.0,N,,,,,,
61.1940372,-158.5711681,2012-08-30,1,0,12.0,60.0,,Pastick,,0.0,N,,,,,,
61.9166551,-159.0350341,2012-08-30,1,0,52.0,84.0,,Pastick,,0.0,N,,,,,,
61.7836514,-159.671537,2012-08-30,1,0,56.0,200.0,,Pastick,,0.0,N,,,,,,
61.1378349,-157.9816491,2012-08-30,1,0,24.0,200.0,,Pastick,,0.0,N,,,,,,
61.1251762,-157.9558629,2012-08-30,1,0,60.0,75.0,,Pastick,,0.0,N,,,,,,
61.797212,-159.0270839,2012-08-30,1,0,90.0,120.0,,Pastick,,0.0,N,,,,,,
61.8107494,-159.0559752,2012-08-30,1,0,70.0,110.0,,Pastick,,0.0,N,,,,,,
61.8178732,-159.0646426,2012-08-30,1,0,152.0,200.0,,Pastick,,0.0,N,,,,,,
61.1386716,-159.764619,2012-08-30,1,0,62.0,150.0,,Pastick,,0.0,N,,,,,,
61.456371,-160.2119465,2012-08-30,1,0,40.0,60.0,,Pastick,,0.0,N,,,,,,
61.6108074,-158.2991031,2012-08-30,1,0,58.0,200.0,,Pastick,,0.0,N,,,,,,
61.3132863,-157.1836503,2012-08-30,1,0,27.0,999.0,,Pastick,,0.0,N,,,,,,
61.4084062,-157.067325,2012-08-30,1,0,54.0,200.0,,Pastick,,0.0,N,,,,,,
61.4466631,-157.0497995,2012-08-30,1,0,70.0,190.0,,Pastick,,0.0,N,,,,,,
61.7694417,-159.8667739,2012-08-30,1,0,50.0,70.0,,Pastick,,0.0,N,,,,,,
61.3624849,-158.9095354,2012-08-30,1,0,42.0,75.0,,Pastick,,0.0,N,,,,,,
60.9067527,-159.169511,2012-08-30,1,0,53.0,85.0,,Pastick,,0.0,N,,,,,,
60.9123079,-159.164009,2012-08-30,1,0,80.0,100.0,,Pastick,,0.0,N,,,,,,
60.924984,-159.1647382,2012-08-30,1,0,86.0,115.0,,Pastick,,0.0,N,,,,,,
60.9453805,-159.1585496,2012-08-30,1,0,50.0,70.0,,Pastick,,0.0,N,,,,,,
61.3131432,-157.5295078,2012-08-30,1,0,56.0,153.0,,Pastick,,0.0,N,,,,,,
61.0006848,-157.9056621,2012-08-30,1,0,38.0,150.0,,Pastick,,0.0,N,,,,,,
61.0007289,-157.8923653,2012-08-30,1,0,35.0,200.0,,Pastick,,0.0,N,,,,,,
60.9972247,-157.8439156,2012-08-30,1,0,125.0,200.0,,Pastick,,0.0,N,,,,,,
61.1347342,-158.4596162,2012-08-30,1,0,44.0,80.0,,Pastick,,0.0,N,,,,,,
61.1408518,-158.4605146,2012-08-30,1,0,170.0,180.0,,Pastick,,0.0,N,,,,,,
61.8980311,-159.1806965,2012-08-30,1,0,61.0,80.0,,Pastick,,0.0,N,,,,,,
61.8941218,-159.1699997,2012-08-30,1,0,54.0,70.0,,Pastick,,0.0,N,,,,,,
61.5967156,-159.7527212,2012-08-30,1,0,54.0,75.0,,Pastick,,0.0,N,,,,,,
61.4363246,-160.4789321,2012-08-30,1,0,140.0,160.0,,Pastick,,0.0,N,,,,,,
61.5511201,-160.5814441,2012-08-30,1,0,40.0,50.0,,Pastick,,0.0,N,,,,,,
61.4673171,-158.5717142,2012-08-30,1,0,46.0,59.0,,Pastick,,0.0,N,,,,,,
61.4759664,-158.5561469,2012-08-30,1,0,75.0,130.0,,Pastick,,0.0,N,,,,,,
60.996288,-158.9284739,2012-08-30,1,0,48.0,152.0,,Pastick,,0.0,N,,,,,,
61.0974019,-156.6919586,2012-08-30,1,0,50.0,55.0,,Pastick,,0.0,N,,,,,,
61.0796045,-156.7027493,2012-08-30,1,0,40.0,60.0,,Pastick,,0.0,N,,,,,,
61.2475009,-156.5720833,2012-08-30,1,0,85.0,125.0,,Pastick,,0.0,N,,,,,,
61.2562623,-156.6250582,2012-08-30,1,0,50.0,63.0,,Pastick,,0.0,N,,,,,,
61.2589054,-156.643732,2012-08-30,1,0,125.0,132.0,,Pastick,,0.0,N,,,,,,
61.269519,-156.6461641,2012-08-30,1,0,50.0,60.0,,Pastick,,0.0,N,,,,,,
62.6666079,-160.3185502,2013-06-18,1,0,152.0,200.0,,Pastick,,0.0,N,,,,,,
62.6496272,-160.4740692,2012-08-30,1,0,165.0,200.0,,Pastick,,0.0,N,,,,,,
62.6399707,-160.4392002,2012-08-30,1,0,58.0,110.0,,Pastick,,0.0,N,,,,,,
62.1465659,-159.3421753,2012-08-30,1,0,40.0,70.0,,Pastick,,0.0,N,,,,,,
62.2015317,-160.1559325,2012-08-30,1,0,120.0,200.0,,Pastick,,0.0,N,,,,,,
62.2018157,-160.1552514,2013-06-18,1,0,124.0,170.0,,Pastick,,0.0,N,,,,,,
62.1965049,-160.1981747,2012-08-30,1,0,120.0,170.0,,Pastick,,0.0,N,,,,,,
62.2058697,-160.046002,2012-08-30,1,0,75.0,183.0,,Pastick,,0.0,N,,,,,,
61.754336,-156.1819461,2012-08-30,1,0,80.0,152.0,,Pastick,,0.0,N,,,,,,
61.1535603,-156.3523955,2012-08-30,1,0,74.0,150.0,,Pastick,,0.0,N,,,,,,
61.3227527,-156.9032222,2012-08-30,1,0,70.0,152.0,,Pastick,,0.0,N,,,,,,
61.3262738,-156.8893447,2012-08-30,1,0,45.0,152.0,,Pastick,,0.0,N,,,,,,
61.3299157,-156.8467289,2012-08-30,1,0,82.0,152.0,,Pastick,,0.0,N,,,,,,
61.3310763,-156.8366869,2012-08-30,1,0,38.0,152.0,,Pastick,,0.0,N,,,,,,
61.3324478,-156.8303305,2012-08-30,1,0,76.0,150.0,,Pastick,,0.0,N,,,,,,
61.2076454,-157.3715174,2012-08-30,1,0,110.0,152.0,,Pastick,,0.0,N,,,,,,
61.390761,-156.3715605,2012-08-30,1,0,46.0,152.0,,Pastick,,0.0,N,,,,,,
61.3921451,-156.3282687,2012-08-30,1,0,38.0,150.0,,Pastick,,0.0,N,,,,,,
61.9601252,-156.3994998,2012-08-30,1,0,144.0,152.0,,Pastick,,0.0,N,,,,,,
61.9525496,-156.403101,2012-08-30,1,0,94.0,152.0,,Pastick,,0.0,N,,,,,,
61.6660358,-156.1837995,2013-06-18,1,0,89.0,152.0,,Pastick,,0.0,N,,,,,,
61.6647456,-156.1953311,2012-08-30,1,0,68.0,152.0,,Pastick,,0.0,N,,,,,,
61.3896164,-160.2239817,2012-08-30,1,0,160.0,190.0,,Pastick,,0.0,N,,,,,,
61.5050731,-160.6016558,2012-08-30,1,0,85.0,200.0,,Pastick,,0.0,N,,,,,,
61.7167024,-160.1224507,2012-08-30,1,0,125.0,200.0,,Pastick,,0.0,N,,,,,,
61.3482,-158.0670669,2012-08-30,1,0,65.0,125.0,,Pastick,,0.0,N,,,,,,
62.1090031,-159.3369618,2012-08-30,1,0,51.0,80.0,,Pastick,,0.0,N,,,,,,
60.9672468,-158.6742232,2012-08-30,1,0,52.0,75.0,,Pastick,,0.0,N,,,,,,
64.7811743,-165.4889812,2012-08-30,1,0,80.0,150.0,,Pastick,,0.0,N,,,,,,
64.7938587,-165.4134514,2012-08-30,1,0,77.0,150.0,,Pastick,,0.0,N,,,,,,
64.7682092,-165.5691653,2012-08-30,1,0,96.0,150.0,,Pastick,,0.0,N,,,,,,
64.8101235,-165.4211126,2012-08-30,1,0,70.0,150.0,,Pastick,,0.0,N,,,,,,
59.3583603,-157.4730072,2014-02-07,1,0,70.0,100.0,,Pastick,,0.0,N,,,,,,
59.0642634,-158.5049776,2014-02-07,1,0,135.0,183.0,,Pastick,,0.0,N,,,,,,
62.2051697,-159.7848206,2014-02-07,1,0,99.0,145.0,,Pastick,,0.0,N,,,,,,
62.0999184,-160.0334778,2014-02-07,1,0,80.0,200.0,,Pastick,,0.0,N,,,,,,
62.9108315,-160.0621643,2014-02-07,1,0,125.0,190.0,,Pastick,,0.0,N,,,,,,
61.3333056,-165.2449167,2012-08-30,1,0,80.0,152.0,,Pastick,,0.0,N,,,,,,
61.3616389,-165.1388056,2012-08-30,1,0,43.0,152.0,,Pastick,,0.0,N,,,,,,
59.8411111,-160.0447222,2013-12-13,1,0,78.0,152.0,,Pastick,,0.0,N,,,,,,
59.8544444,-160.0361111,2013-12-13,1,0,19.0,67.0,,Pastick,,0.0,N,,,,,,
59.7869444,-159.7875,2013-12-13,1,0,22.0,70.0,,Pastick,,0.0,N,,,,,,
59.5683333,-159.395,2013-12-13,1,0,105.0,160.0,,Pastick,,0.0,N,,,,,,
59.5736111,-159.3747222,2013-12-13,1,0,65.0,100.0,,Pastick,,0.0,N,,,,,,
59.8605556,-160.0213889,2013-12-13,1,0,57.0,84.0,,Pastick,,0.0,N,,,,,,
59.8641667,-160.0363889,2013-12-13,1,0,80.0,100.0,,Pastick,,0.0,N,,,,,,
59.4977778,-160.56,2013-12-13,1,0,55.0,125.0,,Pastick,,0.0,N,,,,,,
59.4005556,-160.3808333,2013-12-13,1,0,73.0,95.0,,Pastick,,0.0,N,,,,,,
59.4016667,-160.3816667,2013-12-13,1,0,95.0,110.0,,Pastick,,0.0,N,,,,,,
59.6377778,-160.3844444,2013-12-13,1,0,80.0,105.0,,Pastick,,0.0,N,,,,,,
59.3761111,-157.4522222,2013-11-29,1,0,47.0,150.0,,Pastick,,0.0,N,,,,,,
59.3694444,-157.4766667,2013-11-29,1,0,29.0,45.0,,Pastick,,0.0,N,,,,,,
59.3425,-158.3077778,2014-01-23,1,0,43.0,100.0,,Pastick,,0.0,N,,,,,,
58.8630556,-157.5836111,2013-11-29,1,0,91.0,183.0,,Pastick,,0.0,N,,,,,,
59.2313889,-157.7544444,2013-11-29,1,0,20.0,52.0,,Pastick,,0.0,N,,,,,,
59.2233333,-158.2341667,2013-11-29,1,0,91.0,100.0,,Pastick,,0.0,N,,,,,,
59.3,-157.2761111,2013-11-29,1,0,70.0,190.0,,Pastick,,0.0,N,,,,,,
59.2508333,-157.4402778,2013-11-29,1,0,70.0,183.0,,Pastick,,0.0,N,,,,,,
59.26,-157.4827778,2013-11-29,1,0,54.0,183.0,,Pastick,,0.0,N,,,,,,
58.9325,-157.645,2013-11-29,1,0,37.0,70.0,,Pastick,,0.0,N,,,,,,
59.4886111,-158.3972222,2013-11-29,1,0,160.0,183.0,,Pastick,,0.0,N,,,,,,
58.6605556,-158.0547222,2013-11-29,1,0,110.0,183.0,,Pastick,,0.0,N,,,,,,
59.2119444,-157.9661111,2013-11-29,1,0,98.0,183.0,,Pastick,,0.0,N,,,,,,
59.1841667,-158.2763889,2013-11-29,1,0,63.0,183.0,,Pastick,,0.0,N,,,,,,
59.5938889,-158.0694444,2013-11-29,1,0,61.0,80.0,,Pastick,,0.0,N,,,,,,
59.5572222,-157.5702778,2013-11-29,1,0,95.0,190.0,,Pastick,,0.0,N,,,,,,
59.715,-157.9622222,2013-11-29,1,0,170.0,190.0,,Pastick,,0.0,N,,,,,,
59.7105556,-157.95,2013-11-29,1,0,80.0,110.0,,Pastick,,0.0,N,,,,,,
59.0736111,-157.4041667,2013-11-29,1,0,26.0,130.0,,Pastick,,0.0,N,,,,,,
59.8391667,-156.9669444,2013-11-29,1,0,175.0,190.0,,Pastick,,0.0,N,,,,,,
59.49,-156.5622222,2013-11-29,1,0,88.0,150.0,,Pastick,,0.0,N,,,,,,
59.5505556,-156.7755556,2013-11-29,1,0,110.0,145.0,,Pastick,,0.0,N,,,,,,
59.5363889,-156.7816667,2013-11-29,1,0,47.0,85.0,,Pastick,,0.0,N,,,,,,
59.5136111,-156.7966667,2013-11-29,1,0,90.0,110.0,,Pastick,,0.0,N,,,,,,
58.7877778,-158.3152778,2013-11-29,1,0,180.0,190.0,,Pastick,,0.0,N,,,,,,
58.8094444,-158.3791667,2013-11-29,1,0,165.0,190.0,,Pastick,,0.0,N,,,,,,
58.8169444,-158.4477778,2013-11-29,1,0,120.0,150.0,,Pastick,,0.0,N,,,,,,
59.8508333,-158.3197222,2013-11-29,1,0,61.0,115.0,,Pastick,,0.0,N,,,,,,
59.8566667,-158.2530556,2013-11-29,1,0,95.0,100.0,,Pastick,,0.0,N,,,,,,
58.6986111,-158.21,2013-11-29,1,0,30.0,152.0,,Pastick,,0.0,N,,,,,,
58.8622222,-157.7997222,2013-11-29,1,0,135.0,190.0,,Pastick,,0.0,N,,,,,,
58.7730556,-157.5375,2013-11-29,1,0,115.0,190.0,,Pastick,,0.0,N,,,,,,
58.9780556,-157.8844444,2013-11-29,1,0,51.0,183.0,,Pastick,,0.0,N,,,,,,
58.9725,-157.8702778,2013-11-29,1,0,120.0,183.0,,Pastick,,0.0,N,,,,,,
59.6811111,-158.1063889,2013-11-29,1,0,16.0,162.0,,Pastick,,0.0,N,,,,,,
59.6694444,-157.5525,2013-11-29,1,0,130.0,160.0,,Pastick,,0.0,N,,,,,,
59.7758333,-157.7952778,2013-11-29,1,0,152.0,170.0,,Pastick,,0.0,N,,,,,,
59.9433333,-158.1936111,2013-11-29,1,0,137.0,155.0,,Pastick,,0.0,N,,,,,,
59.3352778,-157.8725,2013-11-29,1,0,65.0,190.0,,Pastick,,0.0,N,,,,,,
59.5680556,-157.77,2013-11-29,1,0,105.0,190.0,,Pastick,,0.0,N,,,,,,
59.2741667,-157.9163889,2013-11-29,1,0,67.0,67.0,,Pastick,,0.0,N,,,,,,
59.2680556,-157.9016667,2013-11-29,1,0,95.0,190.0,,Pastick,,0.0,N,,,,,,
58.9038889,-157.3413889,2013-11-29,1,0,150.0,183.0,,Pastick,,0.0,N,,,,,,
59.0261111,-158.5302778,2013-11-29,1,0,125.0,190.0,,Pastick,,0.0,N,,,,,,
59.4098056,-157.5508556,2013-11-29,1,0,53.0,190.0,,Pastick,,0.0,N,,,,,,
59.3076833,-157.2374528,2013-11-29,1,0,72.0,130.0,,Pastick,,0.0,N,,,,,,
59.0238889,-158.5594444,2013-11-29,1,0,120.0,180.0,,Pastick,,0.0,N,,,,,,
59.0683333,-158.5588889,2013-11-29,1,0,160.0,190.0,,Pastick,,0.0,N,,,,,,
58.8233333,-158.5416667,2013-11-29,1,0,165.0,190.0,,Pastick,,0.0,N,,,,,,
59.0538889,-158.5761111,2013-11-29,1,0,170.0,190.0,,Pastick,,0.0,N,,,,,,
59.0630556,-158.5233333,2014-02-06,1,0,125.0,190.0,,Pastick,,0.0,N,,,,,,
59.8083333,-156.5652778,2013-11-29,1,0,51.0,95.0,,Pastick,,0.0,N,,,,,,
59.8288889,-156.5491667,2013-11-29,1,0,95.0,120.0,,Pastick,,0.0,N,,,,,,
59.795,-156.0769444,2014-01-23,1,0,90.0,115.0,,Pastick,,0.0,N,,,,,,
60.31,-158.7508333,2014-02-07,1,0,68.0,90.0,,Pastick,,0.0,N,,,,,,
60.3052778,-158.6405556,2013-11-29,1,0,80.0,110.0,,Pastick,,0.0,N,,,,,,
59.8188889,-156.3266667,2014-02-04,1,0,140.0,183.0,,Pastick,,0.0,N,,,,,,
59.7925,-157.1127778,2013-11-29,1,0,135.0,180.0,,Pastick,,0.0,N,,,,,,
59.9461111,-156.6308333,2013-11-29,1,0,203.0,213.0,,Pastick,,0.0,N,,,,,,
59.9369444,-156.5188889,2013-11-29,1,0,110.0,140.0,,Pastick,,0.0,N,,,,,,
59.6741667,-155.9916667,2013-11-29,1,0,102.0,118.0,,Pastick,,0.0,N,,,,,,
59.7080556,-156.0438889,2013-11-29,1,0,78.0,105.0,,Pastick,,0.0,N,,,,,,
59.6491667,-156.505,2013-11-29,1,0,82.0,85.0,,Pastick,,0.0,N,,,,,,
59.6375,-156.5547222,2013-11-29,1,0,85.0,110.0,,Pastick,,0.0,N,,,,,,
60.0555556,-157.2147222,2013-11-29,1,0,55.0,90.0,,Pastick,,0.0,N,,,,,,
60.0955556,-157.1672222,2013-11-29,1,0,138.0,190.0,,Pastick,,0.0,N,,,,,,
60.4102778,-158.8027778,2013-11-29,1,0,72.0,105.0,,Pastick,,0.0,N,,,,,,
60.4147222,-158.7694444,2013-11-29,1,0,54.0,100.0,,Pastick,,0.0,N,,,,,,
60.4,-158.7405556,2013-11-29,1,0,38.0,80.0,,Pastick,,0.0,N,,,,,,
60.39,-158.7091667,2013-11-29,1,0,62.0,115.0,,Pastick,,0.0,N,,,,,,
59.7258333,-157.3058333,2013-11-29,1,0,81.0,120.0,,Pastick,,0.0,N,,,,,,
59.9566667,-157.6852778,2013-11-29,1,0,115.0,180.0,,Pastick,,0.0,N,,,,,,
59.0869444,-158.5555556,2013-11-29,1,0,60.0,183.0,,Pastick,,0.0,N,,,,,,
59.9605556,-157.7244444,2013-11-29,1,0,90.0,125.0,,Pastick,,0.0,N,,,,,,
59.6936111,-157.1797222,2013-11-29,1,0,80.0,150.0,,Pastick,,0.0,N,,,,,,
59.5958333,-157.0741667,2013-11-29,1,0,120.0,180.0,,Pastick,,0.0,N,,,,,,
59.6302778,-157.0938889,2013-11-29,1,0,55.0,120.0,,Pastick,,0.0,N,,,,,,
59.6302778,-157.0958333,2013-11-29,1,0,48.0,90.0,,Pastick,,0.0,N,,,,,,
59.0852778,-158.6011111,2013-11-29,1,0,65.0,180.0,,Pastick,,0.0,N,,,,,,
59.5986111,-157.0588889,2013-11-29,1,0,170.0,175.0,,Pastick,,0.0,N,,,,,,
59.5561111,-157.0905556,2013-11-29,1,0,170.0,180.0,,Pastick,,0.0,N,,,,,,
58.9230556,-157.7,2013-11-29,1,0,165.0,180.0,,Pastick,,0.0,N,,,,,,
59.0805556,-158.5827778,2013-11-29,1,0,150.0,180.0,,Pastick,,0.0,N,,,,,,
59.0877778,-158.5830556,2013-11-29,1,0,160.0,180.0,,Pastick,,0.0,N,,,,,,
59.0975,-158.5758333,2013-11-29,1,0,65.0,100.0,,Pastick,,0.0,N,,,,,,
59.1444444,-157.7252778,2013-11-29,1,0,53.0,110.0,,Pastick,,0.0,N,,,,,,
59.1419444,-157.7338889,2013-11-29,1,0,110.0,170.0,,Pastick,,0.0,N,,,,,,
59.1097222,-157.7308333,2014-02-05,1,0,150.0,183.0,,Pastick,,0.0,N,,,,,,
59.0122222,-157.7436111,2013-11-29,1,0,110.0,120.0,,Pastick,,0.0,N,,,,,,
60.2733333,-157.6716667,2013-11-29,1,0,46.0,85.0,,Pastick,,0.0,N,,,,,,
60.4358333,-158.4172222,2013-11-29,1,0,102.0,125.0,,Pastick,,0.0,N,,,,,,
60.3852778,-158.2702778,2013-11-29,1,0,170.0,180.0,,Pastick,,0.0,N,,,,,,
60.6277778,-156.9775,2013-11-29,1,0,27.0,71.0,,Pastick,,0.0,N,,,,,,
60.4927778,-158.0508333,2013-11-29,1,0,40.0,110.0,,Pastick,,0.0,N,,,,,,
60.2216667,-157.0,2013-11-29,1,0,51.0,76.0,,Pastick,,0.0,N,,,,,,
59.4452778,-157.3147222,2013-11-29,1,0,90.0,90.0,,Pastick,,0.0,N,,,,,,
59.2475,-157.635,2013-11-29,1,0,51.0,85.0,,Pastick,,0.0,N,,,,,,
59.1733333,-157.6608333,2013-11-29,1,0,120.0,122.0,,Pastick,,0.0,N,,,,,,
59.17,-157.7002778,2013-11-29,1,0,105.0,180.0,,Pastick,,0.0,N,,,,,,
59.1422222,-157.7177778,2013-11-29,1,0,90.0,110.0,,Pastick,,0.0,N,,,,,,
58.9252778,-157.7108333,2013-11-29,1,0,140.0,175.0,,Pastick,,0.0,N,,,,,,
60.7430556,-157.4816667,2013-11-29,1,0,95.0,102.0,,Pastick,,0.0,N,,,,,,
60.8308333,-154.7741667,2013-11-29,1,0,59.0,86.0,,Pastick,,0.0,N,,,,,,
60.8216667,-154.8980556,2013-11-29,1,0,57.0,102.0,,Pastick,,0.0,N,,,,,,
60.7158333,-154.6294444,2013-11-29,1,0,31.0,73.0,,Pastick,,0.0,N,,,,,,
60.255,-156.6269444,2013-11-29,1,0,37.0,50.0,,Pastick,,0.0,N,,,,,,
60.7313889,-154.7491667,2013-11-29,1,0,31.0,58.0,,Pastick,,0.0,N,,,,,,
59.885,-156.3488889,2013-11-29,1,0,77.0,90.0,,Pastick,,0.0,N,,,,,,
60.8486111,-155.1755556,2013-11-29,1,0,95.0,110.0,,Pastick,,0.0,N,,,,,,
60.135,-158.0038889,2013-11-29,1,0,60.0,110.0,,Pastick,,0.0,N,,,,,,
60.2169444,-158.4072222,2013-11-29,1,0,35.0,60.0,,Pastick,,0.0,N,,,,,,
59.085,-158.535,2013-11-29,1,0,170.0,190.0,,Pastick,,0.0,N,,,,,,
59.0394444,-158.4611111,2013-11-29,1,0,60.0,190.0,,Pastick,,0.0,N,,,,,,
59.0838889,-158.4941667,2013-11-29,1,0,47.0,190.0,,Pastick,,0.0,N,,,,,,
58.8991667,-157.7533333,2013-11-29,1,0,140.0,170.0,,Pastick,,0.0,N,,,,,,
58.9394444,-157.7194444,2013-11-29,1,0,125.0,180.0,,Pastick,,0.0,N,,,,,,
58.8941667,-157.8411111,2013-11-29,1,0,140.0,180.0,,Pastick,,0.0,N,,,,,,
59.4588889,-157.3383333,2014-02-03,1,0,115.0,190.0,,Pastick,,0.0,N,,,,,,
59.3058333,-157.5905556,2014-02-04,1,0,150.0,175.0,,Pastick,,0.0,N,,,,,,
59.3036111,-157.5908333,2013-11-29,1,0,120.0,135.0,,Pastick,,0.0,N,,,,,,
59.4125,-157.3063889,2013-11-29,1,0,65.0,65.0,,Pastick,,0.0,N,,,,,,
60.4452778,-155.7452778,2013-11-29,1,0,105.0,150.0,,Pastick,,0.0,N,,,,,,
59.4361111,-157.325,2013-11-29,1,0,46.0,130.0,,Pastick,,0.0,N,,,,,,
59.7719444,-158.3747222,2013-11-29,1,0,38.0,100.0,,Pastick,,0.0,N,,,,,,
58.9233333,-157.3836111,2013-11-29,1,0,18.0,100.0,,Pastick,,0.0,N,,,,,,
59.4666667,-157.3219444,2013-11-29,1,0,130.0,190.0,,Pastick,,0.0,N,,,,,,
59.4641667,-157.3336111,2013-11-29,1,0,62.0,180.0,,Pastick,,0.0,N,,,,,,
59.4661111,-157.2819444,2013-11-29,1,0,90.0,180.0,,Pastick,,0.0,N,,,,,,
59.0669444,-157.6980556,2013-11-29,1,0,80.0,95.0,,Pastick,,0.0,N,,,,,,
59.0186111,-157.6852778,2013-11-29,1,0,68.0,130.0,,Pastick,,0.0,N,,,,,,
59.6775,-157.3966667,2014-02-04,1,0,160.0,190.0,,Pastick,,0.0,N,,,,,,
59.6708333,-157.4033333,2013-11-29,1,0,50.0,110.0,,Pastick,,0.0,N,,,,,,
59.5080556,-157.6708333,2014-02-03,1,0,38.0,75.0,,Pastick,,0.0,N,,,,,,
59.5055556,-157.6677778,2013-11-29,1,0,110.0,165.0,,Pastick,,0.0,N,,,,,,
59.6805556,-157.2588889,2013-11-29,1,0,150.0,200.0,,Pastick,,0.0,N,,,,,,
59.5736111,-157.2597222,2013-11-29,1,0,85.0,110.0,,Pastick,,0.0,N,,,,,,
59.5241667,-157.3058333,2013-11-29,1,0,155.0,200.0,,Pastick,,0.0,N,,,,,,
59.6458333,-157.5344444,2014-02-04,1,0,80.0,200.0,,Pastick,,0.0,N,,,,,,
59.5769444,-157.4833333,2013-11-29,1,0,73.0,112.0,,Pastick,,0.0,N,,,,,,
59.6011111,-157.4588889,2013-11-29,1,0,120.0,190.0,,Pastick,,0.0,N,,,,,,
59.6086111,-157.4344444,2013-11-29,1,0,94.0,200.0,,Pastick,,0.0,N,,,,,,
59.5794444,-157.4161111,2013-11-29,1,0,170.0,200.0,,Pastick,,0.0,N,,,,,,
59.0088889,-157.6611111,2013-11-29,1,0,40.0,155.0,,Pastick,,0.0,N,,,,,,
59.0747222,-157.665,2013-11-29,1,0,120.0,165.0,,Pastick,,0.0,N,,,,,,
59.6561111,-157.4719444,2013-11-29,1,0,150.0,190.0,,Pastick,,0.0,N,,,,,,
59.6072222,-157.6341667,2013-11-29,1,0,78.0,98.0,,Pastick,,0.0,N,,,,,,
59.5313889,-157.6261111,2013-11-29,1,0,160.0,180.0,,Pastick,,0.0,N,,,,,,
59.5191667,-157.3819444,2013-11-29,1,0,125.0,185.0,,Pastick,,0.0,N,,,,,,
59.4555556,-157.6447222,2013-11-29,1,0,170.0,170.0,,Pastick,,0.0,N,,,,,,
60.0105556,-154.9102778,2013-11-29,1,0,38.0,100.0,,Pastick,,0.0,N,,,,,,
60.0027778,-154.9894444,2013-11-29,1,0,140.0,180.0,,Pastick,,0.0,N,,,,,,
58.8738889,-157.9869444,2013-11-29,1,0,110.0,185.0,,Pastick,,0.0,N,,,,,,
59.2669444,-158.5919444,2013-11-29,1,0,77.0,110.0,,Pastick,,0.0,N,,,,,,
59.0525,-158.5602778,2013-11-29,1,0,110.0,183.0,,Pastick,,0.0,N,,,,,,
59.0544444,-158.5902778,2013-11-29,1,0,65.0,100.0,,Pastick,,0.0,N,,,,,,
59.5661111,-156.9683333,2013-11-29,1,0,37.0,152.0,,Pastick,,0.0,N,,,,,,
59.4777778,-157.3091667,2013-11-29,1,0,30.0,48.0,,Pastick,,0.0,N,,,,,,
60.05594,-159.8681026,2013-12-13,1,0,60.0,82.0,,Pastick,,0.0,N,,,,,,
59.7399214,-160.2588746,2013-12-13,1,0,41.0,80.0,,Pastick,,0.0,N,,,,,,
60.0419189,-159.8956271,2013-12-13,1,0,40.0,60.0,,Pastick,,0.0,N,,,,,,
59.9233165,-159.4844352,2013-12-13,1,0,56.0,80.0,,Pastick,,0.0,N,,,,,,
59.7507375,-160.222432,2013-12-13,1,0,78.0,152.0,,Pastick,,0.0,N,,,,,,
59.7790574,-159.4819486,2013-12-13,1,0,92.0,152.0,,Pastick,,0.0,N,,,,,,
59.7099755,-159.5183381,2013-12-13,1,0,55.0,75.0,,Pastick,,0.0,N,,,,,,
59.5410254,-159.6603929,2013-12-13,1,0,41.0,70.0,,Pastick,,0.0,N,,,,,,
59.5318156,-159.6654097,2013-12-13,1,0,40.0,80.0,,Pastick,,0.0,N,,,,,,
59.7515982,-160.24534,2013-12-13,1,0,42.0,75.0,,Pastick,,0.0,N,,,,,,
59.9162515,-159.5164747,2013-12-13,1,0,100.0,130.0,,Pastick,,0.0,N,,,,,,
59.0836389,-154.2775556,2013-04-09,1,0,50.0,200.0,,Pastick,,0.0,N,,,,,,
59.1385498,-160.1130711,2013-12-13,1,0,105.0,152.0,,Pastick,,0.0,N,,,,,,
59.1980632,-159.1323235,2013-12-13,1,0,16.0,16.0,,Pastick,,0.0,N,,,,,,
59.3232542,-158.9568294,2013-12-13,1,0,110.0,115.0,,Pastick,,0.0,N,,,,,,
59.1808459,-158.8064601,2013-12-13,1,0,50.0,120.0,,Pastick,,0.0,N,,,,,,
59.1902737,-158.7913551,2013-12-13,1,0,60.0,80.0,,Pastick,,0.0,N,,,,,,
59.1834594,-158.777084,2013-12-13,1,0,65.0,110.0,,Pastick,,0.0,N,,,,,,
59.1558696,-160.1903732,2013-12-13,1,0,50.0,152.0,,Pastick,,0.0,N,,,,,,
63.97088110899652,-145.1183699190152,2004-09-29,1,0,0.0,200.0,,Pastick,1.0,5.0,N,,,,,,
63.82009952025478,-144.92983595733958,2004-06-10,1,0,0.0,190.0,,Pastick,2.0,10.0,N,,,,,,
63.79521152539903,-145.02784202471867,2004-07-08,1,0,0.0,200.0,,Pastick,2.0,0.0,N,,,,,,
63.82631735766787,-145.09261930807904,2004-07-05,1,0,0.0,200.0,,Pastick,1.0,0.0,N,,,,,,
63.82829798320832,-145.10738496804265,2004-07-05,1,0,0.0,80.0,,Pastick,2.0,0.0,N,,,,,,
63.87982253600131,-145.1826652803917,2004-07-21,1,0,0.0,200.0,,Pastick,1.0,10.0,N,,,,,,
63.86152237333389,-145.20092101816772,2004-07-21,1,0,0.0,200.0,,Pastick,2.0,0.0,N,,,,,,
63.968144787858016,-145.2400791795712,2004-07-29,1,0,0.0,65.0,,Pastick,1.0,26.0,N,,,,,,
64.00933882589972,-145.5183977456293,2004-09-28,1,0,0.0,36.0,,Pastick,3.0,0.0,N,,,,,,
64.05772555785444,-145.72360508138877,2004-09-28,1,0,0.0,80.0,,Pastick,4.0,7.0,N,,,,,,
62.99500868038112,-151.63659324221632,1999-07-10,1,0,0.0,100.0,,Pastick,5.0,2.0,N,,,,,,
63.16164125292204,-151.5044940701492,2002-08-15,1,0,0.0,150.0,,Pastick,2.0,1.0,N,,,,,,
63.19247321741376,-151.9574914502772,1999-08-22,1,0,0.0,150.0,,Pastick,1.0,120.0,N,,,,,,
63.19903423354919,-151.2319829010778,2002-08-30,1,0,0.0,150.0,,Pastick,1.0,1.0,N,,,,,,
63.20459008459823,-151.51941865526146,1999-07-08,1,0,0.0,100.0,,Pastick,1.0,0.0,N,,,,,,
63.225502071806325,-151.11471598558518,1999-07-12,1,1,109.0,109.0,,Pastick,1.0,3.0,N,,,,,,
63.22652062418565,-151.1381948067616,2002-08-30,1,0,0.0,150.0,,Pastick,1.0,3.0,N,,,,,,
63.261092375064365,-150.82234376604904,2002-08-15,1,0,0.0,150.0,,Pastick,1.0,2.0,N,,,,,,
63.27087537639454,-151.1119541645012,1999-07-14,1,1,88.0,88.0,,Pastick,1.0,8.0,N,,,,,,
63.300086981621824,-150.3046596289278,1998-07-10,1,1,130.0,130.0,,Pastick,1.0,2.0,N,,,,,,
63.31280735941048,-151.07479278575613,1998-08-19,1,0,0.0,150.0,,Pastick,1.0,10.0,N,,,,,,
63.36165436502871,-151.21057868323604,1999-07-22,1,0,0.0,100.0,,Pastick,4.0,2.0,N,,,,,,
63.35078843915943,-150.3533586702673,1998-07-09,1,0,91.0,91.0,,Pastick,1.0,2.0,Y,,,,,,
63.36698066239493,-151.14192816804612,1999-07-22,1,1,49.0,65.0,,Pastick,1.0,38.0,N,,,,,,
63.38349262639832,-152.05916810347048,1999-10-10,1,1,63.0,63.0,,Pastick,2.0,21.0,N,,,,,,
63.37118102311991,-150.52333505900307,1998-07-14,1,0,0.0,110.0,,Pastick,1.0,1.0,N,,,,,,
63.43047570416102,-151.06717910506526,2002-09-01,1,0,0.0,150.0,,Pastick,1.0,16.0,N,,,,,,
63.43943007765259,-151.59710056787853,1999-08-08,1,0,0.0,150.0,,Pastick,1.0,130.0,N,,,,,,
63.429755956797855,-150.79415082612925,1998-08-24,1,0,0.0,100.0,,Pastick,5.0,9.0,N,,,,,,
63.44849332242079,-151.22216668226935,2002-09-01,1,1,54.0,62.0,,Pastick,1.0,36.0,N,,,,,,
63.45596832987673,-151.74031455879714,1999-08-23,1,0,0.0,100.0,,Pastick,4.0,5.0,N,,,,,,
63.43541705172792,-150.0854067165906,1998-07-08,1,0,0.0,100.0,,Pastick,2.0,0.0,N,,,,,,
63.4431904476859,-150.06148389035206,1998-07-08,1,0,0.0,100.0,,Pastick,5.0,1.0,N,,,,,,
63.47328048695717,-151.13131844493816,1998-08-20,1,1,110.0,110.0,,Pastick,2.0,22.0,Y,,,,,,
63.46707454808924,-150.16934506437627,1998-09-09,1,0,0.0,150.0,,Pastick,1.0,2.0,N,,,,,,
63.49109607909727,-150.8729314495013,1998-09-09,1,0,0.0,150.0,,Pastick,1.0,8.0,N,,,,,,
63.48496431676585,-150.15797116493613,1997-09-06,1,0,0.0,150.0,,Pastick,1.0,0.0,N,,,,,,
63.52223976453179,-150.69679051851708,1998-08-26,1,0,0.0,100.0,,Pastick,5.0,6.0,N,,,,,,
63.5226277460587,-150.70082191344284,1999-07-23,1,1,33.0,33.0,,Pastick,3.0,22.0,N,,,,,,
63.53012739827867,-150.92268798383265,1998-08-25,1,0,53.0,53.0,,Pastick,1.0,1.0,Y,,,,,,
63.5293140192477,-150.71410385402106,1999-07-23,1,1,42.0,60.0,,Pastick,4.0,23.0,N,,,,,,
63.58440404748619,-151.86852829564384,1999-09-03,1,1,35.0,49.0,,Pastick,4.0,35.0,N,,,,,,
63.57996911297312,-151.38831189085113,1999-08-18,1,0,0.0,100.0,,Pastick,2.0,2.0,N,,,,,,
63.598515131789696,-150.6534952709432,2002-09-03,1,0,110.0,110.0,,Pastick,1.0,10.0,Y,,,,,,
63.61922980929528,-152.38807013711198,2000-08-10,1,0,0.0,100.0,,Pastick,1.0,11.0,N,,,,,,
63.612486066816935,-150.68500800275592,2002-08-19,1,1,43.0,43.0,,Pastick,1.0,22.0,N,,,,,,
63.635987468516525,-152.39059572925387,2000-08-10,1,0,0.0,150.0,,Pastick,1.0,150.0,N,,,,,,
63.63363288016229,-151.59002920541857,1999-08-14,1,0,0.0,100.0,,Pastick,5.0,0.0,N,,,,,,
63.634164503907925,-151.58475473110977,1999-08-14,1,0,0.0,100.0,,Pastick,6.0,9.0,N,,,,,,
63.68176979237669,-151.5509804389611,1999-09-02,1,0,0.0,150.0,,Pastick,5.0,19.0,N,,,,,,
63.6924381494478,-152.10813015501338,2000-08-11,1,1,46.0,58.0,,Pastick,1.0,24.0,N,,,,,,
63.68070601544726,-150.562035477631,1998-09-02,1,0,53.0,53.0,,Pastick,2.0,6.0,Y,,,,,,
63.67417750647842,-150.17423918185517,2002-09-03,1,0,0.0,150.0,,Pastick,1.0,2.0,N,,,,,,
63.69936577800917,-151.91326348617662,1999-09-06,1,1,135.0,135.0,,Pastick,5.0,37.0,N,,,,,,
63.69837804900117,-150.8249318139097,2002-09-03,1,1,66.0,66.0,,Pastick,1.0,20.0,Y,,,,,,
63.698151322408286,-150.42426817381602,1998-07-25,1,0,0.0,100.0,,Pastick,2.0,2.0,N,,,,,,
63.695323336317045,-150.032997169631,2002-09-02,1,0,0.0,100.0,,Pastick,1.0,7.0,N,,,,,,
63.7623155623338,-151.96408635635757,2000-08-09,1,0,0.0,150.0,,Pastick,1.0,7.0,N,,,,,,
63.74132199998832,-150.0353488800731,2002-09-03,1,1,72.0,72.0,,Pastick,1.0,47.0,N,,,,,,
63.77247418163541,-150.34386991279828,2002-08-29,1,1,48.0,56.0,,Pastick,1.0,32.0,N,,,,,,
63.77297313738564,-150.36667353297327,2002-08-29,1,1,38.0,51.0,,Pastick,1.0,29.0,N,,,,,,
63.811725205466864,-151.88470701535715,2002-08-31,1,0,67.0,67.0,,Pastick,1.0,7.0,Y,,,,,,
63.8036139011499,-150.44822246811006,2002-09-03,1,0,0.0,150.0,,Pastick,1.0,4.0,N,,,,,,
63.81632890701754,-150.92902057679154,1998-09-08,1,0,0.0,100.0,,Pastick,1.0,6.0,N,,,,,,
63.8200550943895,-150.56096627831226,1998-07-26,1,1,41.0,47.0,,Pastick,4.0,25.0,Y,,,,,,
63.83367539423767,-150.85707008070557,1998-09-08,1,1,52.0,66.0,,Pastick,1.0,38.0,N,,,,,,
63.87388571473912,-151.96539484366525,2002-08-31,1,1,48.0,48.0,,Pastick,1.0,13.0,N,,,,,,
63.85146576795217,-150.1762950687933,2002-08-18,1,0,0.0,150.0,,Pastick,1.0,12.0,N,,,,,,
63.87061162374587,-150.30422105120567,1998-08-06,1,0,0.0,100.0,,Pastick,4.0,0.0,N,,,,,,
63.87483663085186,-150.37326819089392,2002-08-29,1,1,59.0,59.0,,Pastick,1.0,21.0,N,,,,,,
63.892123387410265,-151.40993716696647,2000-08-14,1,1,47.0,47.0,,Pastick,1.0,28.0,N,,,,,,
63.884238355974254,-150.44394070964094,2002-08-29,1,0,74.0,74.0,,Pastick,1.0,9.0,Y,,,,,,
63.88719606900205,-150.4042861857112,2002-08-29,1,0,56.0,56.0,,Pastick,1.0,8.0,Y,,,,,,
63.91087328304186,-152.035858069103,2000-09-07,1,1,34.0,52.0,,Pastick,4.0,34.0,N,,,,,,
63.93180787138205,-151.9982408817426,2002-08-30,1,1,54.0,54.0,,Pastick,1.0,5.0,N,,,,,,
63.9226718522962,-150.49850034133195,1998-09-06,1,1,43.0,70.0,,Pastick,1.0,22.0,N,,,,,,
63.94118947314766,-151.50198484319478,2000-08-27,1,0,0.0,150.0,,Pastick,3.0,7.0,N,,,,,,
63.93331056117689,-150.7491284062725,2002-09-02,1,1,143.0,150.0,,Pastick,1.0,9.0,N,,,,,,
63.94606040086567,-151.52268536153628,2000-08-27,1,1,48.0,79.0,,Pastick,1.0,21.0,N,,,,,,
63.9990600461566,-151.24503087280124,2002-09-02,1,0,0.0,150.0,,Pastick,1.0,4.0,N,,,,,,
63.98213596904012,-151.359068967731,2000-08-15,1,1,54.0,62.0,,Pastick,3.0,26.0,N,,,,,,
63.98961723979487,-151.38988651996436,2000-08-15,1,0,0.0,150.0,,Pastick,3.0,9.0,N,,,,,,
63.99415564588693,-150.37196751649373,1998-08-08,1,0,0.0,82.0,,Pastick,1.0,25.0,N,,,,,,
64.0184817327027,-151.73520265311694,2001-09-02,1,0,0.0,100.0,,Pastick,4.0,41.0,N,,,,,,
64.0718626231527,-151.65760609806102,2002-09-02,1,1,62.0,62.0,,Pastick,1.0,42.0,N,,,,,,
63.78045485198454,-149.9540134689315,1998-07-11,1,0,0.0,100.0,,Pastick,3.0,16.0,N,,,,,,
63.83010200895617,-149.96379508387716,1998-07-23,1,1,38.0,64.0,,Pastick,1.0,38.0,N,,,,,,
63.9144149533573,-149.31032163613793,1998-07-24,1,0,0.0,100.0,,Pastick,6.0,5.0,N,,,,,,
63.51634205066965,-148.8755903356304,2000-06-19,1,0,0.0,86.0,,Pastick,1.0,2.0,Y,,,,,,
63.38349849675397,-148.982745206264,2000-06-20,1,0,0.0,150.0,,Pastick,1.0,3.0,N,,,,,,
63.412059378130586,-149.03497932605097,2000-06-21,1,0,0.0,150.0,,Pastick,1.0,2.0,N,,,,,,
63.460379526352455,-148.8393593025458,2000-07-11,1,0,0.0,100.0,,Pastick,1.0,11.0,N,,,,,,
63.24986819365163,-149.69126572677925,2000-07-14,1,0,0.0,100.0,,Pastick,2.0,0.0,N,,,,,,
63.364793233514895,-149.74745008061032,2000-07-17,1,0,0.0,150.0,,Pastick,1.0,2.0,N,,,,,,
63.27017707308448,-149.81142510955132,2000-07-17,1,0,0.0,150.0,,Pastick,1.0,1.0,N,,,,,,
63.32756072236182,-149.44871340207155,2002-07-22,1,0,0.0,150.0,,Pastick,3.0,7.0,N,,,,,,
63.79635068541616,-149.2583715514855,2002-08-02,1,1,106.0,106.0,,Pastick,4.0,20.0,N,,,,,,
63.93208315303709,-149.21440377916082,2002-08-06,1,1,37.0,37.0,,Pastick,1.0,37.0,N,,,,,,
63.70711251246709,-149.25609333591314,2002-08-07,1,0,0.0,150.0,,Pastick,1.0,3.0,N,,,,,,
63.5362358296117,-149.10090686661087,2002-08-14,1,0,0.0,150.0,,Pastick,1.0,5.0,N,,,,,,
63.588962208022274,-148.95621834091543,2002-08-16,1,0,0.0,54.0,,Pastick,1.0,6.0,Y,,,,,,
63.66574601112233,-148.8644162336033,2002-08-16,1,0,0.0,78.0,,Pastick,1.0,8.0,Y,,,,,,
63.87627133276006,-149.80647075236126,2002-08-17,1,0,0.0,150.0,,Pastick,2.0,0.0,N,,,,,,
63.96573083782243,-149.83174068357178,2002-08-18,1,1,51.0,51.0,,Pastick,1.0,17.0,N,,,,,,
63.456086161355394,-148.84927519969645,2002-08-21,1,1,56.0,56.0,,Pastick,1.0,22.0,N,,,,,,
63.501436580071584,-149.2612506962662,2002-09-04,1,0,0.0,150.0,,Pastick,1.0,4.0,N,,,,,,
63.74768775945192,-149.500922164728,2002-09-04,1,0,0.0,150.0,,Pastick,1.0,0.0,N,,,,,,
63.51221907343336,-149.76682769552198,1997-07-17,1,1,112.0,125.0,,Pastick,5.0,8.0,N,,,,,,
63.68904991912836,-149.42224638150904,1997-07-26,1,0,0.0,100.0,,Pastick,4.0,59.0,N,,,,,,
63.63701792761224,-149.42685716032983,1997-07-27,1,0,0.0,100.0,,Pastick,3.0,0.0,N,,,,,,
63.56570364319631,-149.326593638677,1997-07-28,1,1,82.0,82.0,,Pastick,4.0,16.0,N,,,,,,
63.78336124336378,-149.7370132117922,1997-08-09,1,1,27.0,51.0,,Pastick,3.0,27.0,N,,,,,,
63.73267833432192,-148.91051530580935,1997-08-10,1,1,86.0,116.0,,Pastick,1.0,12.0,N,,,,,,
63.972452444721725,-149.2865208782089,1997-08-10,1,0,0.0,150.0,,Pastick,6.0,22.0,N,,,,,,
63.51020706333252,-149.92062541862302,1997-09-03,1,1,27.0,41.0,,Pastick,5.0,27.0,N,,,,,,
63.96325521282744,-145.52265250068112,2000-06-27,1,0,0.0,92.0,,Pastick,6.0,9.0,N,,,,,,
63.95997247697912,-145.5621946234952,2000-06-28,1,0,0.0,92.0,,Pastick,13.0,8.0,N,,,,,,
63.850334983412274,-145.67817833500646,2000-07-26,1,1,52.0,79.0,,Pastick,8.0,20.0,N,,,,,,
63.78885906377028,-145.8924450928038,2000-08-16,1,0,0.0,40.0,,Pastick,6.0,8.0,N,,,,,,
63.80753855465099,-145.87757788268848,2000-08-17,1,1,85.0,85.0,,Pastick,11.0,20.0,N,,,,,,
63.782644284932736,-145.9084335110136,2000-08-19,1,1,36.0,53.0,,Pastick,8.0,36.0,N,,,,,,
63.77594922786628,-145.87345737254097,2000-08-21,1,1,48.0,80.0,,Pastick,9.0,48.0,N,,,,,,
64.61697612825532,-146.70317578322852,2000-06-13,1,0,0.0,130.0,,Pastick,4.0,10.0,N,,,,,,
64.62650722825991,-146.70840500005707,2000-06-13,1,0,0.0,60.0,,Pastick,8.0,4.0,N,,,,,,
64.02416460636988,-145.70913401512442,2000-06-20,1,0,0.0,85.0,,Pastick,3.0,12.0,N,,,,,,
63.843174966967965,-145.78380354389247,2000-06-28,1,0,0.0,65.0,,Pastick,13.0,6.0,N,,,,,,
63.87431119619205,-145.7774704313889,2000-06-29,1,0,0.0,75.0,,Pastick,2.0,6.0,N,,,,,,
63.86313546205516,-145.77307229800078,2000-06-29,1,0,0.0,80.0,,Pastick,11.0,8.0,N,,,,,,
63.8355177949567,-145.7646189074713,2000-07-13,1,0,0.0,100.0,,Pastick,14.0,6.0,N,,,,,,
63.784429379071135,-145.8459900039099,2000-07-18,1,1,35.0,40.0,,Pastick,4.0,11.0,N,,,,,,
63.79349931749643,-145.85335270365468,2000-07-19,1,1,65.0,80.0,,Pastick,3.0,6.0,N,,,,,,
63.83167989369918,-145.7135868703765,2000-08-01,1,0,0.0,100.0,,Pastick,6.0,0.0,N,,,,,,
64.60434890620226,-146.6343724853425,2000-08-07,1,0,0.0,180.0,,Pastick,5.0,16.0,N,,,,,,
63.82521786167778,-145.93543702171132,2000-08-15,1,0,0.0,122.0,,Pastick,16.0,7.0,N,,,,,,
63.85696931306538,-145.91934555800748,2000-08-16,1,1,70.0,80.0,,Pastick,24.0,0.0,N,,,,,,
63.81554196982659,-145.92083141063242,2000-08-21,1,0,0.0,85.0,,Pastick,2.0,25.0,N,,,,,,
64.0066510220389,-145.7250979361691,2000-06-22,1,0,0.0,75.0,,Pastick,3.0,8.0,N,,,,,,
63.9875977660559,-145.71711577169185,2000-06-22,1,0,0.0,125.0,,Pastick,4.0,4.0,N,,,,,,
64.0089119192845,-145.62276242406296,2000-06-29,1,0,0.0,50.0,,Pastick,2.0,5.0,N,,,,,,
63.96045753819215,-145.6792759833251,2000-07-05,1,0,0.0,100.0,,Pastick,3.0,5.0,N,,,,,,
63.97110375415991,-145.78201098271526,2000-07-14,1,0,0.0,90.0,,Pastick,11.0,0.0,N,,,,,,
63.93756222509304,-145.83543124093828,2000-07-17,1,0,0.0,90.0,,Pastick,6.0,0.0,N,,,,,,
63.9350361235222,-145.62777727437083,2000-07-19,1,0,0.0,80.0,,Pastick,7.0,16.0,N,,,,,,
63.89978663570329,-145.73192481971398,2000-07-20,1,0,0.0,100.0,,Pastick,18.0,0.0,N,,,,,,
63.92652746657719,-145.71899008461506,2000-07-20,1,0,0.0,95.0,,Pastick,11.0,0.0,N,,,,,,
63.885999235164654,-145.65813257305885,2000-07-28,1,0,0.0,100.0,,Pastick,13.0,10.0,N,,,,,,
63.89133805884223,-145.6764747265223,2000-08-07,1,1,40.0,60.0,,Pastick,1.0,26.0,N,,,,,,
63.88832337532804,-145.6924009426089,2000-08-07,1,0,0.0,187.0,,Pastick,6.0,8.0,N,,,,,,
63.9049420943413,-145.67222680524063,2000-08-09,1,0,0.0,100.0,,Pastick,7.0,9.0,N,,,,,,
63.85922565990766,-145.82760514654657,2000-09-07,1,0,0.0,90.0,,Pastick,8.0,3.0,N,,,,,,
63.82286530044125,-145.82304183113328,2000-09-08,1,1,80.0,100.0,,Pastick,2.0,5.0,N,,,,,,
63.92417130308995,-145.6570218543666,2000-08-29,1,1,80.0,95.0,,Pastick,9.0,20.0,N,,,,,,
63.950499673592624,-145.53495998154852,2000-06-22,1,0,0.0,110.0,,Pastick,2.0,2.0,N,,,,,,
63.91391348663237,-145.59101426672498,2000-07-05,1,0,0.0,85.0,,Pastick,1.0,5.0,N,,,,,,
63.930771162061895,-145.46222861704828,2000-07-18,1,1,90.0,94.0,,Pastick,12.0,16.0,N,,,,,,
63.929256770971136,-145.53792523653013,2000-07-19,1,0,0.0,70.0,,Pastick,16.0,5.0,N,,,,,,
63.81134456628612,-145.62622096557422,2000-08-03,1,0,0.0,92.0,,Pastick,1.0,8.0,N,,,,,,
64.90415963983698,-147.0765056675405,1997-06-02,1,0,0.0,64.0,,Pastick,5.0,4.0,Y,,,,,,
64.77853734165497,-147.81815253839034,1997-07-02,1,1,34.0,55.0,,Pastick,7.0,34.0,N,,,,,,
64.37425990139515,-147.3429088439948,1997-07-08,1,0,0.0,190.0,,Pastick,2.0,5.0,N,,,,,,
64.3831471236886,-147.32971141027068,1997-07-08,1,0,0.0,110.0,,Pastick,11.0,4.0,N,,,,,,
64.3531545987021,-147.4026336460389,1997-07-15,1,0,0.0,50.0,,Pastick,4.0,24.0,N,,,,,,
64.6549006356075,-147.04657621892392,1997-07-16,1,0,0.0,130.0,,Pastick,8.0,18.0,N,,,,,,
64.64779848334445,-147.02829154432345,1997-07-17,1,0,0.0,65.0,,Pastick,16.0,7.0,N,,,,,,
64.36650854091071,-147.23203993203674,1997-07-24,1,0,0.0,190.0,,Pastick,11.0,0.0,N,,,,,,
64.41308623801109,-147.43229493739997,1997-07-26,1,0,0.0,190.0,,Pastick,7.0,16.0,N,,,,,,
64.73270614735915,-148.02888964625933,1997-07-30,1,0,0.0,125.0,,Pastick,7.0,5.0,N,,,,,,
64.73322265581574,-147.99930096328373,1997-07-31,1,0,0.0,100.0,,Pastick,10.0,30.0,N,,,,,,
64.69585188689945,-147.9121788876752,1997-08-05,1,0,0.0,125.0,,Pastick,3.0,8.0,N,,,,,,
64.78596870549639,-147.92639319663087,1997-08-05,1,0,0.0,180.0,,Pastick,16.0,12.0,N,,,,,,
64.75376620750994,-147.9126394807069,1997-08-06,1,1,75.0,100.0,,Pastick,6.0,6.0,N,,,,,,
64.73970919493605,-147.77110805083473,1997-08-13,1,1,47.0,70.0,,Pastick,4.0,12.0,N,,,,,,
64.65784976547297,-146.97955731215035,1997-08-19,1,0,0.0,190.0,,Pastick,13.0,14.0,N,,,,,,
64.65708157263578,-146.9548721600711,1997-08-21,1,1,48.0,60.0,,Pastick,15.0,20.0,N,,,,,,
64.64358108727613,-146.97178302894525,1997-08-28,1,0,0.0,180.0,,Pastick,4.0,14.0,N,,,,,,
64.70506345970942,-147.12097651026966,1997-09-30,1,0,0.0,190.0,,Pastick,12.0,2.0,N,,,,,,
64.745020496805,-147.06387205914345,1997-10-01,1,0,0.0,180.0,,Pastick,1.0,3.0,N,,,,,,
64.6890842951783,-147.02730742502516,1997-10-02,1,0,0.0,150.0,,Pastick,1.0,55.0,N,,,,,,
64.86248140395912,-147.6181360466359,1997-06-03,1,0,0.0,190.0,,Pastick,6.0,8.0,N,,,,,,
64.79095690273664,-147.83426896025222,1997-07-02,1,0,0.0,185.0,,Pastick,1.0,5.0,N,,,,,,
64.35951108670629,-147.34887648727133,1997-07-08,1,1,18.0,48.0,,Pastick,2.0,18.0,N,,,,,,
64.84747977468747,-147.60901976390713,1997-07-17,1,0,0.0,145.0,,Pastick,2.0,3.0,N,,,,,,
64.79398616733599,-147.6055190301713,1997-07-17,1,0,0.0,75.0,,Pastick,1.0,4.0,N,,,,,,
64.3633925145988,-147.297843898968,1997-07-24,1,0,0.0,125.0,,Pastick,2.0,14.0,N,,,,,,
64.36308668743693,-147.25539731735856,1997-07-24,1,1,38.0,40.0,,Pastick,1.0,38.0,N,,,,,,
64.40469607962048,-147.48942126428875,1997-07-26,1,0,0.0,80.0,,Pastick,2.0,16.0,N,,,,,,
64.85424732677795,-147.64066293475096,1997-08-04,1,0,0.0,39.0,,Pastick,3.0,26.0,N,,,,,,
64.78228440772183,-147.73664606942913,1997-08-05,1,1,52.0,99.0,,Pastick,1.0,26.0,N,,,,,,
64.82335255209935,-147.63006911594405,1997-08-18,1,0,0.0,150.0,,Pastick,4.0,0.0,N,,,,,,
64.38750146065098,-147.4202201890124,1997-07-08,1,1,50.0,50.0,,Pastick,4.0,25.0,N,,,,,,
64.39535147976889,-147.49298787562884,1997-07-26,1,0,0.0,80.0,,Pastick,4.0,8.0,N,,,,,,
64.86568666992132,-147.64104074271776,1997-08-21,1,0,0.0,59.0,,Pastick,1.0,29.0,Y,,,,,,
64.72956014137748,-147.06316378788287,1997-06-11,1,0,0.0,20.0,,Pastick,4.0,15.0,N,,,,,,
64.74139040264295,-147.0151364110853,1997-06-18,1,1,130.0,130.0,,Pastick,3.0,28.0,N,,,,,,
64.66966553115917,-147.03143551116597,1997-06-26,1,0,0.0,190.0,,Pastick,1.0,8.0,N,,,,,,
64.42887897718138,-147.41069993217098,1997-07-25,1,0,0.0,140.0,,Pastick,5.0,8.0,N,,,,,,
64.42104904329004,-147.48039229351338,1997-07-26,1,0,0.0,126.0,,Pastick,5.0,8.0,N,,,,,,
64.74441138223429,-148.0297338396285,1997-07-31,1,0,0.0,125.0,,Pastick,8.0,8.0,N,,,,,,
64.91260102127656,-147.75903162475848,1999-06-10,1,0,0.0,52.0,,Pastick,9.0,9.0,N,,,,,,
64.91679343949073,-147.7778179679093,1999-06-11,1,0,0.0,52.0,,Pastick,9.0,12.0,Y,,,,,,
64.68784944062212,-146.83783420770686,1999-07-19,1,0,0.0,80.0,,Pastick,4.0,6.0,Y,,,,,,
64.68333063641445,-146.81069942993145,1999-07-20,1,0,0.0,70.0,,Pastick,4.0,2.0,Y,,,,,,
64.75792728772836,-146.8527557803414,1999-08-02,1,0,0.0,50.0,,Pastick,2.0,8.0,Y,,,,,,
64.61290869613579,-146.26723718405572,1999-08-10,1,0,0.0,40.0,,Pastick,1.0,17.0,N,,,,,,
64.60344225910696,-146.244253635367,1999-08-10,1,0,0.0,60.0,,Pastick,14.0,5.0,Y,,,,,,
64.69590542326796,-146.23341623062296,1999-08-11,1,0,0.0,90.0,,Pastick,9.0,11.0,Y,,,,,,
64.58968992149899,-146.4649083526619,1999-08-17,1,1,76.0,95.0,,Pastick,12.0,5.0,N,,,,,,
64.60259040991187,-146.80461585090373,1999-08-19,1,1,70.0,75.0,,Pastick,1.0,6.0,N,,,,,,
64.72185634338246,-146.7080716774519,1999-08-24,1,0,0.0,75.0,,Pastick,13.0,9.0,Y,,,,,,
64.79148113580672,-146.64705432897918,1999-08-25,1,0,0.0,105.0,,Pastick,5.0,18.0,N,,,,,,
64.69161738263568,-146.7372235451265,1999-08-31,1,0,0.0,100.0,,Pastick,6.0,6.0,N,,,,,,
64.66296826626578,-146.802192114611,1999-09-17,1,0,0.0,70.0,,Pastick,4.0,20.0,Y,,,,,,
64.66029471198969,-146.93310981456213,1999-06-14,1,0,0.0,50.0,,Pastick,1.0,13.0,Y,,,,,,
64.66717334092996,-146.88351451978312,1999-06-21,1,0,0.0,40.0,,Pastick,1.0,5.0,Y,,,,,,
64.66211969467152,-146.85151622427037,1999-06-22,1,0,0.0,99.0,,Pastick,8.0,4.0,Y,,,,,,
64.57169278776561,-146.7391518306334,1999-07-01,1,1,21.0,40.0,,Pastick,4.0,21.0,N,,,,,,
64.60215522016289,-146.67073983741298,1999-07-08,1,1,33.0,62.0,,Pastick,3.0,11.0,N,,,,,,
64.60407458129517,-146.99729752226884,1999-07-26,1,1,21.0,21.0,,Pastick,8.0,15.0,N,,,,,,
64.68166185788095,-146.20741147100952,1999-08-10,1,0,0.0,72.0,,Pastick,1.0,9.0,Y,,,,,,
64.6627834662729,-146.28352619001402,1999-08-11,1,0,0.0,89.0,,Pastick,7.0,19.0,Y,,,,,,
64.58303097039426,-146.65036111188067,1999-08-16,1,0,0.0,42.0,,Pastick,10.0,11.0,Y,,,,,,
64.76592718275909,-146.6515293718432,1999-08-25,1,0,0.0,61.0,,Pastick,1.0,15.0,Y,,,,,,
64.77482553886777,-146.64270851266997,1999-08-25,1,0,0.0,98.0,,Pastick,8.0,8.0,Y,,,,,,
64.65636938446669,-146.38572718321066,1999-09-17,1,0,0.0,60.0,,Pastick,3.0,10.0,Y,,,,,,
64.6588553067617,-146.2049358683234,1999-08-11,1,0,0.0,53.0,,Pastick,1.0,16.0,N,,,,,,
64.63562365228853,-146.66579471168006,1999-07-15,1,0,0.0,58.0,,Pastick,3.0,10.0,Y,,,,,,
64.64525027172084,-146.7028043037495,1999-07-23,1,0,0.0,58.0,,Pastick,5.0,16.0,Y,,,,,,
64.63860838670666,-146.7349739862872,1999-07-29,1,0,0.0,93.0,,Pastick,4.0,13.0,Y,,,,,,
64.71923350597939,-146.67653689993662,1999-08-26,1,0,0.0,54.0,,Pastick,2.0,5.0,N,,,,,,
63.8252990361597,-146.82505510732278,2002-06-12,1,0,0.0,23.0,,Pastick,5.0,23.0,Y,,,,,,
64.19768382502043,-146.6423371055909,2002-06-12,1,1,42.0,50.0,,Pastick,4.0,15.0,N,,,,,,
63.993483403816526,-146.50832541913823,2002-06-16,1,1,33.0,50.0,,Pastick,1.0,33.0,N,,,,,,
64.1570555079623,-146.59955966820732,2002-06-17,1,1,21.0,37.0,,Pastick,1.0,21.0,N,,,,,,
64.14845207671716,-146.5720381740406,2002-06-17,1,1,24.0,34.0,,Pastick,4.0,24.0,N,,,,,,
64.15844772310791,-146.6033023759025,2002-06-17,1,1,21.0,40.0,,Pastick,1.0,12.0,N,,,,,,
64.17418165720025,-146.57552997657672,2002-06-17,1,1,27.0,43.0,,Pastick,4.0,27.0,N,,,,,,
63.97520742013421,-146.75897851696658,2003-06-19,1,1,31.0,60.0,,Pastick,1.0,31.0,N,,,,,,
63.95700845644464,-146.74870367410438,2003-06-19,1,1,21.0,35.0,,Pastick,7.0,21.0,N,,,,,,
63.88226071931656,-146.39360934941718,2003-06-21,1,1,18.0,39.0,,Pastick,3.0,7.0,N,,,,,,
63.93470654006615,-146.39557675665503,2003-06-21,1,1,40.0,55.0,,Pastick,4.0,40.0,N,,,,,,
63.87293773578647,-146.46938105650096,2003-06-21,1,1,21.0,39.0,,Pastick,7.0,39.0,N,,,,,,
63.835966399733145,-146.98163931492238,2003-06-23,1,0,0.0,80.0,,Pastick,6.0,3.0,N,,,,,,
64.1043347781805,-146.48570393100377,2002-06-26,1,0,0.0,71.0,,Pastick,2.0,25.0,N,,,,,,
64.02471580312142,-146.7691105763154,2002-06-28,1,1,34.0,60.0,,Pastick,1.0,25.0,N,,,,,,
64.05790389711188,-146.7821937631531,2002-06-28,1,1,25.0,40.0,,Pastick,1.0,25.0,N,,,,,,
64.02816357364887,-146.1729081850408,2002-06-29,1,0,0.0,33.0,,Pastick,5.0,6.0,N,,,,,,
63.79756019912314,-146.8780629608867,2003-07-01,1,1,30.0,60.0,,Pastick,4.0,21.0,N,,,,,,
63.79797855476036,-146.86415675798466,2003-07-01,1,1,21.0,35.0,,Pastick,5.0,21.0,N,,,,,,
63.91434250260698,-146.57454900602136,2003-07-06,1,0,0.0,70.0,,Pastick,7.0,6.0,N,,,,,,
63.86801091956612,-146.53461211842512,2003-07-06,1,1,19.0,37.0,,Pastick,6.0,28.0,N,,,,,,
63.83233443846184,-146.4987204697551,2003-07-07,1,0,0.0,97.0,,Pastick,8.0,2.0,N,,,,,,
63.86913197679158,-146.9382322001049,2003-07-09,1,1,43.0,52.0,,Pastick,8.0,7.0,N,,,,,,
63.97499903429531,-146.8267558181422,2002-07-10,1,1,29.0,53.0,,Pastick,1.0,29.0,N,,,,,,
63.981495070445,-146.7039026187203,2002-07-12,1,0,0.0,58.0,,Pastick,3.0,9.0,N,,,,,,
63.970358260697246,-146.6995680372383,2002-07-12,1,0,0.0,80.0,,Pastick,4.0,20.0,N,,,,,,
63.68580115134435,-146.4767658007982,2003-07-21,1,1,47.0,52.0,,Pastick,2.0,8.0,N,,,,,,
63.772517935801496,-146.94460856989676,2003-07-22,1,1,30.0,52.0,,Pastick,5.0,52.0,N,,,,,,
63.72754508694652,-146.22276490424844,2003-07-23,1,0,0.0,65.0,,Pastick,1.0,0.0,N,,,,,,
63.7312219348001,-146.19445340795255,2003-07-23,1,0,0.0,50.0,,Pastick,6.0,3.0,N,,,,,,
64.07199449636151,-146.1903445251723,2002-07-25,1,1,48.0,68.0,,Pastick,1.0,58.0,N,,,,,,
63.96857317130682,-146.1467083809579,2002-07-30,1,1,39.0,50.0,,Pastick,3.0,29.0,N,,,,,,
63.74183891931874,-146.5751790614757,2003-07-30,1,0,0.0,90.0,,Pastick,1.0,7.0,N,,,,,,
64.02307271353745,-146.7042602777995,2003-07-31,1,0,0.0,125.0,,Pastick,1.0,6.0,N,,,,,,
63.954846727842046,-146.7887508862217,2003-07-31,1,0,0.0,100.0,,Pastick,1.0,8.0,N,,,,,,
63.93093971604942,-146.71532681079108,2003-08-01,1,0,0.0,107.0,,Pastick,1.0,18.0,N,,,,,,
63.918889698029695,-146.9131095011102,2003-08-01,1,1,30.0,45.0,,Pastick,2.0,40.0,N,,,,,,
64.0383620892019,-146.53804082051792,2003-08-01,1,1,42.0,130.0,,Pastick,1.0,42.0,N,,,,,,
64.09674073863845,-146.60924869515097,2003-08-02,1,0,0.0,110.0,,Pastick,1.0,23.0,N,,,,,,
64.0751912711689,-146.7258682461498,2003-08-02,1,1,32.0,111.0,,Pastick,2.0,32.0,N,,,,,,
64.10632762362029,-146.42582096296255,2003-08-02,1,1,40.0,113.0,,Pastick,1.0,113.0,N,,,,,,
64.13470272945061,-146.7286715940875,2003-08-02,1,1,29.0,113.0,,Pastick,1.0,17.0,N,,,,,,
64.15667907441765,-146.61985808891225,2003-08-03,1,1,20.0,90.0,,Pastick,1.0,90.0,N,,,,,,
64.18342164128869,-146.57752899613214,2003-08-03,1,1,32.0,87.0,,Pastick,1.0,22.0,N,,,,,,
63.86709773493308,-146.7065921066637,2003-08-04,1,1,42.0,42.0,,Pastick,6.0,27.0,N,,,,,,
63.76706586709861,-146.51796485821987,2003-08-06,1,0,0.0,51.0,,Pastick,6.0,5.0,N,,,,,,
63.75796301450615,-146.5476129263905,2003-08-06,1,1,58.0,62.0,,Pastick,1.0,46.0,N,,,,,,
63.97205286809768,-146.10750733134003,2002-08-08,1,1,45.0,60.0,,Pastick,2.0,9.0,N,,,,,,
63.7703554105122,-146.28173714035202,2002-08-12,1,0,0.0,72.0,,Pastick,3.0,0.0,N,,,,,,
63.88842279553105,-146.09112141503547,2003-08-13,1,1,33.0,58.0,,Pastick,5.0,40.0,N,,,,,,
63.87952089428238,-146.76741231305544,2003-08-13,1,1,28.0,44.0,,Pastick,8.0,28.0,N,,,,,,
63.80388894906523,-146.47445595144563,2003-08-13,1,0,0.0,100.0,,Pastick,8.0,15.0,N,,,,,,
63.79417214823948,-146.42338892256208,2003-08-14,1,0,0.0,70.0,,Pastick,3.0,30.0,N,,,,,,
63.81791465426088,-146.32696323742744,2003-08-16,1,1,46.0,60.0,,Pastick,1.0,34.0,N,,,,,,
63.809753241846025,-146.28694860352417,2003-08-18,1,1,50.0,60.0,,Pastick,6.0,32.0,N,,,,,,
63.86821339502524,-146.27777553003392,2003-08-30,1,0,0.0,57.0,,Pastick,9.0,44.0,N,,,,,,
63.843993722424166,-145.9172812741749,2003-09-01,1,0,0.0,100.0,,Pastick,1.0,15.0,N,,,,,,
63.80940732911986,-145.73651660675165,2003-09-01,1,0,0.0,100.0,,Pastick,1.0,7.0,N,,,,,,
67.30224999999999,-153.417903333,2008-08-08,1,0,0.0,27.0,,Pastick,,0.0,,,,,,,
67.14786627000001,-150.8573122,2009-08-20,1,1,52.0,55.0,,Pastick,,0.0,,,,,,,
67.70162333329999,-154.719268333,2008-08-05,1,1,73.0,73.0,,Pastick,,1.0,,,,,,,
67.89230000000002,-153.2325333,2008-08-02,1,1,54.0,54.0,,Pastick,,5.0,,,,,,,
67.87070277780002,-150.890136111,2008-08-07,1,1,37.0,50.0,,Pastick,,8.5,,,,,,,
63.35675820633763,-145.74193600837887,1997-06-21,1,0,0.0,152.0,,Pastick,1.0,10.0,N,,,,,,
63.33521524457464,-145.75212512572406,1998-07-23,1,0,0.0,76.0,,Pastick,2.0,8.0,N,,,,,,
63.29619129388316,-145.76498356575837,1999-06-22,1,0,0.0,76.0,,Pastick,1.0,5.0,N,,,,,,
63.409085962239566,-145.76321433561054,1998-07-23,1,0,0.0,152.0,,Pastick,1.0,0.0,N,,,,,,
63.40464781182766,-145.77107415605428,1997-06-21,1,1,36.0,36.0,,Pastick,1.0,25.0,N,,,,,,
63.2311172509557,-145.78306661773792,1997-06-21,1,1,66.0,66.0,,Pastick,3.0,10.0,N,,,,,,
63.20973069103286,-145.7908662818497,1998-07-22,1,1,28.0,28.0,,Pastick,1.0,8.0,N,,,,,,
63.435804232271856,-145.78799978875236,1999-06-24,1,0,0.0,152.0,,Pastick,1.0,0.0,N,,,,,,
63.28611712780275,-145.80677086737774,1999-06-22,1,0,0.0,152.0,,Pastick,1.0,10.0,N,,,,,,
63.28759002869056,-145.80686951578693,1999-06-22,1,1,0.0,83.0,,Pastick,3.0,8.0,Y,,,,,,
63.22681872058215,-145.8097136211761,1999-06-21,1,0,0.0,152.0,,Pastick,2.0,5.0,N,,,,,,
63.19677290062852,-145.8212449632622,1999-06-20,1,0,0.0,152.0,,Pastick,1.0,5.0,N,,,,,,
63.1968306118417,-145.8227931582281,1999-06-20,1,0,0.0,152.0,,Pastick,2.0,5.0,N,,,,,,
63.20301455228842,-145.82488810377112,1998-07-21,1,0,0.0,152.0,,Pastick,2.0,5.0,N,,,,,,
63.19187518338942,-145.83360782583267,1998-07-21,1,0,0.0,152.0,,Pastick,1.0,13.0,N,,,,,,
63.4390254651221,-145.83100374391466,1998-07-23,1,0,0.0,152.0,,Pastick,1.0,10.0,N,,,,,,
63.194602630863216,-145.84113089668548,1997-06-20,1,0,0.0,152.0,,Pastick,1.0,8.0,N,,,,,,
63.18662816250614,-145.8584200107434,1997-06-20,1,0,0.0,152.0,,Pastick,1.0,10.0,N,,,,,,
63.189142556664414,-145.8879917862327,1997-06-19,1,0,0.0,152.0,,Pastick,1.0,10.0,N,,,,,,
63.190511070488,-145.8908210424398,1998-07-20,1,0,0.0,152.0,,Pastick,3.0,0.0,N,,,,,,
63.17955123154865,-145.9318076653843,1998-07-20,1,0,0.0,152.0,,Pastick,3.0,18.0,N,,,,,,
63.11331614448534,-145.99174173969172,1997-06-18,1,0,0.0,152.0,,Pastick,3.0,5.0,N,,,,,,
63.01537050323735,-146.0356006751588,1999-06-16,1,1,20.0,51.0,,Pastick,1.0,13.0,N,,,,,,
62.97733705983261,-146.102057307905,1999-06-17,1,1,36.0,36.0,,Pastick,1.0,23.0,N,,,,,,
62.13335391649235,-159.7384731378846,2003-06-19,1,0,,195.0,,Pastick,1.0,5.0,N,,,,,,
62.18519309939784,-159.81867089861495,2003-06-23,1,0,,180.0,,Pastick,7.0,10.0,N,,,,,,
62.07144773599177,-160.0649435656712,2003-06-27,1,1,77.0,118.0,,Pastick,1.0,25.0,N,,,,,,
62.08417302273683,-160.08057284137385,2003-06-27,1,0,,200.0,,Pastick,2.0,8.0,N,,,,,,
62.0740722899716,-159.87087732659447,2003-06-28,1,0,,195.0,,Pastick,6.0,3.0,N,,,,,,
62.3169513998932,-159.99142442779615,2003-07-13,1,0,,160.0,,Pastick,1.0,0.0,N,,,,,,
62.15862045915257,-159.65899707171553,2003-07-16,1,0,,200.0,,Pastick,2.0,23.0,N,,,,,,
62.54642007006138,-159.54192163883826,2003-07-21,1,0,,115.0,,Pastick,8.0,10.0,N,,,,,,
62.49795262565032,-160.32176300515974,2003-07-24,1,0,,63.0,,Pastick,5.0,17.0,N,,,,,,
61.90831584891145,-159.96037102098867,2003-08-16,1,0,,190.0,,Pastick,3.0,190.0,N,,,,,,
61.91495722163039,-159.95677121713769,2003-08-16,1,0,,190.0,,Pastick,5.0,9.0,N,,,,,,
61.92056188903342,-160.664923163329,2003-08-17,1,0,,190.0,,Pastick,3.0,9.0,N,,,,,,
62.68591591209969,-160.20829862245682,2003-08-22,1,0,,190.0,,Pastick,2.0,5.0,N,,,,,,
62.91199094318331,-160.06484095135713,2003-09-09,1,0,,190.0,,Pastick,2.0,8.0,N,,,,,,
62.93115545939146,-160.10453894721513,2003-09-10,1,0,,65.0,,Pastick,6.0,8.0,N,,,,,,
62.07395715001606,-159.8489781038064,2003-06-28,1,0,,200.0,,Pastick,7.0,4.0,N,,,,,,
61.784829168455865,-159.6740930384648,2004-08-16,1,0,,200.0,,Pastick,8.0,14.0,N,,,,,,
61.91784420287162,-159.03757897935722,2004-08-26,1,0,,84.0,,Pastick,1.0,2.0,N,,,,,,
61.79840171144611,-159.02961863060213,2004-08-26,1,0,,120.0,,Pastick,2.0,21.0,N,,,,,,
61.79975180372389,-159.04860670146897,2004-08-26,1,0,,120.0,,Pastick,3.0,25.0,N,,,,,,
61.8064738159293,-159.0529808719148,2004-08-26,1,0,,85.0,,Pastick,4.0,12.0,N,,,,,,
61.811938443435686,-159.0585121049875,2004-08-26,1,0,,110.0,,Pastick,5.0,12.0,N,,,,,,
61.819062052903824,-159.06718041497223,2004-08-26,1,0,,200.0,,Pastick,6.0,39.0,N,,,,,,
61.7706158759241,-159.86933542453096,2004-08-16,1,0,,70.0,,Pastick,5.0,6.0,N,,,,,,
61.89921750313983,-159.18324498613117,2004-08-26,1,0,,80.0,,Pastick,1.0,8.0,Y,,,,,,
61.89530850425413,-159.17254748054128,2004-08-26,1,0,,70.0,,Pastick,2.0,12.0,Y,,,,,,
61.8896835699692,-159.16231923383503,2004-08-26,1,0,,150.0,,Pastick,3.0,17.0,N,,,,,,
61.88379689391588,-159.1526830606318,2004-08-26,1,0,,102.0,,Pastick,4.0,7.0,N,,,,,,
61.87099672617333,-159.1253943492919,2004-08-26,1,0,,70.0,,Pastick,7.0,15.0,Y,,,,,,
61.86528221208972,-159.11065855530293,2004-08-26,1,1,73.0,95.0,,Pastick,8.0,40.0,N,,,,,,
61.85893839006225,-159.09499507256913,2004-08-26,1,1,55.0,75.0,,Pastick,9.0,26.0,N,,,,,,
61.9481323948067,-158.62291193613768,2004-08-27,1,1,80.0,90.0,,Pastick,8.0,32.0,N,,,,,,
64.76422287124701,-148.00664840577508,2002-06-11,1,0,0.0,53.0,,Pastick,1.0,5.0,N,,,,,,
64.77596529933174,-148.07138103292743,2002-06-24,1,1,50.0,60.0,,Pastick,4.0,27.0,N,,,,,,
64.76712487813131,-148.12723179952738,2002-07-09,1,0,0.0,180.0,,Pastick,7.0,21.0,N,,,,,,
64.75755184745327,-148.17887407173637,2002-07-11,1,0,0.0,43.0,,Pastick,3.0,2.0,Y,,,,,,
64.80432396286037,-148.08242340224282,2002-06-20,1,0,0.0,78.0,,Pastick,3.0,9.0,Y,,,,,,
64.79843697522922,-148.18920581955882,2002-07-09,1,0,0.0,70.0,,Pastick,1.0,21.0,Y,,,,,,
64.83478810100776,-148.13923045699207,2002-07-11,1,0,0.0,71.0,,Pastick,3.0,8.0,Y,,,,,,
64.82298349619167,-148.13030397460562,2002-07-11,1,0,0.0,86.0,,Pastick,8.0,15.0,Y,,,,,,
64.84620181557915,-148.06681464335458,2002-07-15,1,1,60.0,60.0,,Pastick,6.0,21.0,N,,,,,,
64.87488915059859,-148.19805227392226,2002-09-06,1,0,0.0,55.0,,Pastick,1.0,23.0,Y,,,,,,
64.9335832123101,-148.0513114906885,2002-09-12,1,0,0.0,180.0,,Pastick,1.0,5.0,N,,,,,,
64.8957038027605,-148.0628006913819,2002-09-17,1,0,0.0,50.0,,Pastick,2.0,16.0,Y,,,,,,
64.93778434245358,-148.12847427899305,2002-09-19,1,0,0.0,45.0,,Pastick,7.0,1.0,N,,,,,,
64.91486274247754,-148.13347266027333,2002-09-23,1,1,63.0,70.0,,Pastick,2.0,4.0,N,,,,,,
64.89015188400997,-148.19275493380792,2002-10-03,1,1,65.0,90.0,,Pastick,5.0,10.0,N,,,,,,
64.8370695742457,-148.04996860373956,2002-06-25,1,0,0.0,145.0,,Pastick,7.0,7.0,Y,,,,,,
64.78495173000259,-148.1243148775076,2002-07-02,1,0,0.0,165.0,,Pastick,7.0,8.0,Y,,,,,,
64.73852839271974,-148.21200845658032,2002-08-05,1,0,0.0,61.0,,Pastick,9.0,5.0,Y,,,,,,
64.7759984619127,-148.04406148846095,2002-06-12,1,0,0.0,60.0,,Pastick,4.0,13.0,N,,,,,,
64.75096969367819,-148.11319426125132,2002-07-08,1,0,0.0,180.0,,Pastick,5.0,3.0,N,,,,,,
64.73717109933415,-148.10550697465638,2002-07-08,1,0,0.0,53.0,,Pastick,9.0,1.0,Y,,,,,,
64.80989939805727,-148.2512045333285,2002-07-31,1,0,0.0,44.0,,Pastick,7.0,6.0,Y,,,,,,
64.3638294982762,-149.03376616976112,2003-07-30,1,0,0.0,52.0,,Pastick,3.0,8.0,N,,,,,,
64.19433161627211,-149.20795107315152,2003-08-11,1,0,0.0,72.0,,Pastick,2.0,17.0,N,,,,,,
64.21676465969482,-149.3119665589496,2003-08-20,1,0,0.0,60.0,,Pastick,7.0,5.0,N,,,,,,
64.22904973096291,-149.31689050005477,2003-08-20,1,0,0.0,55.0,,Pastick,8.0,15.0,N,,,,,,
64.91265853662053,-148.27622185647152,2003-06-02,1,0,0.0,29.0,,Pastick,2.0,10.0,Y,,,,,,
64.88528794732257,-148.4094299111664,2003-06-23,1,0,0.0,63.0,,Pastick,4.0,6.0,Y,,,,,,
64.76890233290806,-148.3457821386332,2003-07-02,1,0,0.0,43.0,,Pastick,1.0,22.0,Y,,,,,,
64.71061146870483,-148.3329197509394,2003-07-08,1,0,0.0,181.0,,Pastick,1.0,13.0,N,,,,,,
64.70181580455859,-148.36158108027996,2003-07-08,1,0,0.0,187.0,,Pastick,8.0,9.0,N,,,,,,
64.73742209923209,-148.33155148587244,2003-07-10,1,0,0.0,47.0,,Pastick,8.0,9.0,Y,,,,,,
64.70455857028635,-148.3152942177826,2003-07-10,1,0,0.0,61.0,,Pastick,11.0,34.0,N,,,,,,
64.35656418444528,-149.1692417443942,2003-07-18,1,0,0.0,80.0,,Pastick,1.0,80.0,N,,,,,,
64.19262495012356,-149.22867912983585,2003-08-07,1,0,0.0,80.0,,Pastick,4.0,5.0,N,,,,,,
64.20395774757269,-149.25132851345197,2003-08-12,1,0,0.0,70.0,,Pastick,3.0,5.0,N,,,,,,
64.90410439891404,-148.34674015973357,2003-06-17,1,0,0.0,49.0,,Pastick,2.0,7.0,Y,,,,,,
64.887876184439,-148.3558962798756,2003-06-17,1,1,48.0,90.0,,Pastick,5.0,90.0,N,,,,,,
64.81386910352124,-148.4856968312075,2003-07-03,1,1,85.0,100.0,,Pastick,2.0,15.0,N,,,,,,
64.34214303818543,-149.18877212450468,2003-07-14,1,0,0.0,81.0,,Pastick,4.0,6.0,N,,,,,,
64.229337768916,-149.1292401749236,2003-08-11,1,0,0.0,115.0,,Pastick,10.0,7.0,N,,,,,,
64.2579006126891,-149.123326431097,2003-08-13,1,0,0.0,120.0,,Pastick,6.0,9.0,N,,,,,,
64.21341283771461,-149.41910104266853,2003-08-18,1,0,0.0,76.0,,Pastick,1.0,23.0,N,,,,,,
64.21348897579408,-149.3806019461889,2003-08-18,1,0,0.0,89.0,,Pastick,5.0,7.0,N,,,,,,
64.22472425882694,-149.3782066441749,2003-08-19,1,1,80.0,83.0,,Pastick,8.0,18.0,N,,,,,,
64.69043057655996,-148.2858842732672,2003-07-07,1,0,0.0,94.0,,Pastick,2.0,0.0,Y,,,,,,
64.72292190786756,-148.34118778471228,2003-07-09,1,1,64.0,64.0,,Pastick,1.0,19.0,N,,,,,,
64.73118064333858,-148.35379721090655,2003-07-09,1,0,0.0,42.0,,Pastick,8.0,6.0,Y,,,,,,
64.73470324182613,-148.27536523307768,2003-07-11,1,0,0.0,186.0,,Pastick,1.0,8.0,N,,,,,,
64.74877131320983,-148.28724889199188,2003-07-11,1,0,0.0,187.0,,Pastick,4.0,13.0,N,,,,,,
64.2298334873821,-149.2807805546598,2003-08-14,1,0,0.0,44.0,,Pastick,1.0,6.0,N,,,,,,
64.23446852890916,-149.07146857822704,2003-08-14,1,0,0.0,57.0,,Pastick,3.0,0.0,N,,,,,,
64.2440612464438,-149.26536297941942,2003-08-14,1,0,0.0,50.0,,Pastick,6.0,4.0,N,,,,,,
64.24259499055155,-149.43038131288446,2003-08-19,1,0,0.0,50.0,,Pastick,11.0,7.0,N,,,,,,
64.21757128251711,-149.3669750903279,1994-06-15,1,0,0.0,66.0,,Pastick,9.0,11.0,N,,,,,,
64.21204939482783,-149.34304697209643,1994-06-17,1,0,0.0,105.0,,Pastick,6.0,5.0,N,,,,,,
64.22870919362354,-149.36724680334365,1994-06-21,1,0,0.0,42.0,,Pastick,5.0,2.0,N,,,,,,
64.2103204728818,-149.3794434124847,1994-06-22,1,0,0.0,73.0,,Pastick,17.0,3.0,N,,,,,,
64.22459214693654,-149.383556871494,1994-06-23,1,0,0.0,78.0,,Pastick,10.0,18.0,N,,,,,,
64.20503490380862,-149.30995759826115,1994-08-24,1,0,0.0,108.0,,Pastick,22.0,18.0,N,,,,,,
64.21444597400262,-149.30643420357737,1994-08-24,1,0,0.0,80.0,,Pastick,29.0,5.0,N,,,,,,
65.61707364276918,-143.93770693474858,2008-06-29,1,0,0.0,85.0,,Pastick,,5.0,N,,,,,,
65.08846748296648,-143.5142918713317,2008-07-14,1,0,0.0,80.0,,Pastick,,5.0,N,,,,,,
65.20052698075412,-143.47028241538277,2008-07-16,1,0,0.0,49.0,,Pastick,,27.0,Y,,,,,,
65.20366122803861,-143.453932501543,2008-07-16,1,0,0.0,46.0,,Pastick,,41.0,N,,,,,,
65.50353862784877,-143.70947479047322,2008-07-30,1,1,82.0,85.0,,Pastick,,85.0,N,,,,,,
65.50605738330881,-143.6845324298787,2008-07-31,1,0,0.0,183.0,,Pastick,,0.0,N,,,,,,
65.42199119164873,-143.81505214778923,2008-08-14,1,1,65.0,75.0,,Pastick,,56.0,N,,,,,,
65.3186093820713,-143.84487791036338,2008-08-15,1,1,45.0,55.0,,Pastick,,44.0,N,,,,,,
65.34622110291417,-143.6712867511,2008-08-16,1,1,58.0,72.0,,Pastick,,44.0,N,,,,,,
65.51930422836874,-143.71004072455517,2008-08-27,1,1,61.0,73.0,,Pastick,,13.0,N,,,,,,
65.06953635501435,-143.81558542945385,2008-10-15,1,1,38.0,43.0,,Pastick,,29.0,N,,,,,,
65.48179653022561,-143.55914286945702,2008-07-01,1,1,43.0,50.0,,Pastick,,33.0,N,,,,,,
65.47701784000688,-143.56082353371735,2008-07-01,1,0,0.0,74.0,,Pastick,,6.0,N,,,,,,
65.47784189768845,-143.26057136731947,2008-07-02,1,1,30.0,38.0,,Pastick,,30.0,N,,,,,,
65.39532539421766,-143.20446450437137,2008-07-04,1,1,39.0,59.0,,Pastick,,28.0,N,,,,,,
65.06783396178034,-143.28325890304097,2008-07-13,1,0,0.0,68.0,,Pastick,,17.0,N,,,,,,
65.21920523479137,-143.54372295358775,2008-07-16,1,0,0.0,67.0,,Pastick,,0.0,N,,,,,,
65.47491964015512,-143.79100986675402,2008-08-14,1,0,0.0,183.0,,Pastick,,5.0,N,,,,,,
65.46469345499216,-143.7649187672083,2008-08-14,1,0,0.0,92.0,,Pastick,,0.0,N,,,,,,
65.35649134183386,-143.54749567579083,2008-08-16,1,1,61.0,69.0,,Pastick,,45.0,N,,,,,,
65.26257135836053,-143.55583835938634,2008-08-18,1,1,51.0,57.0,,Pastick,,45.0,N,,,,,,
65.42382519564228,-143.60490040546898,2008-08-29,1,0,0.0,101.0,,Pastick,,0.0,N,,,,,,
60.52358,-117.02277,2012-08-18,1,1,100.0,100.0,,Schaefer_2020,,,,,,,,,
60.95744,-117.34259,2008-06-22,1,1,62.33333333,62.33333333,,Schaefer_2020,,,,,,,,,
60.95797,-117.16102,2013-08-10,1,1,100.0,100.0,,Schaefer_2020,,,,,,,,,
60.96547,-117.17677,2013-08-10,1,1,32.16666667,32.16666667,,Schaefer_2020,,,,,,,,,
60.96918,-117.29615,2012-08-18,1,1,59.0,59.0,,Schaefer_2020,,,,,,,,,
62.07367,-116.3219,2013-08-11,1,1,60.17,60.17,,Schaefer_2020,,,,,,,,,
62.38303,-113.38303,2013-08-10,1,1,74.83333333,74.83333333,,Schaefer_2020,,,,,,,,,
62.49374,-113.43828,2013-08-10,1,1,59.25,59.25,,Schaefer_2020,,,,,,,,,
62.54267,-116.4457,2013-08-10,1,1,37.0,37.0,,Schaefer_2020,,,,,,,,,
62.56528,-116.37776,2013-08-11,1,1,100.0,100.0,,Schaefer_2020,,,,,,,,,
68.63,-150.27,2013-08-11,1,1,47.7,47.7,,Schaefer_2020,,,,,,,,,
68.78868,-148.85028,2016-08-15,1,1,60.3,60.3,,Schaefer_2020,,,,,,,,,
68.877721,-150.485307,2013-08-11,1,1,66.9,66.9,,Schaefer_2020,,,,,,,,,
68.881152,-150.730976,2013-08-11,1,1,55.85,55.85,,Schaefer_2020,,,,,,,,,
68.901161,-150.579065,2013-08-11,1,1,65.1,65.1,,Schaefer_2020,,,,,,,,,
68.906329,-150.233182,2013-08-11,1,1,66.75,66.75,,Schaefer_2020,,,,,,,,,
68.920772,-150.036893,2013-08-11,1,1,52.35,52.35,,Schaefer_2020,,,,,,,,,
68.947777,-150.671791,2013-08-11,1,1,53.1,53.1,,Schaefer_2020,,,,,,,,,
68.948905,-150.439662,2013-08-11,1,1,65.8,65.8,,Schaefer_2020,,,,,,,,,
68.950556,-150.835485,2013-08-11,1,1,47.05,47.05,,Schaefer_2020,,,,,,,,,
68.95215,-148.8761,2016-08-15,1,1,46.3,46.3,,Schaefer_2020,,,,,,,,,
68.98135,-148.83099,2014-08-13,1,1,88.0,88.0,,Schaefer_2020,,,,,,,,,
68.985278,-150.521837,2013-08-11,1,1,67.6,67.6,,Schaefer_2020,,,,,,,,,
68.99113,-150.625969,2013-08-11,1,1,65.05000000000001,65.05000000000001,,Schaefer_2020,,,,,,,,,
68.999,-150.28,2013-08-11,1,1,61.85,61.85,,Schaefer_2020,,,,,,,,,
69.003587,-150.734651,2013-08-11,1,1,63.6,63.6,,Schaefer_2020,,,,,,,,,
69.005575,-150.392413,2013-08-11,1,1,57.1,57.1,,Schaefer_2020,,,,,,,,,
69.017626,-150.915936,2013-08-11,1,1,48.85,48.85,,Schaefer_2020,,,,,,,,,
69.021547,-150.549971,2013-08-11,1,1,62.3,62.3,,Schaefer_2020,,,,,,,,,
69.025704,-150.122863,2013-08-11,1,1,43.4,43.4,,Schaefer_2020,,,,,,,,,
69.032527,-150.796653,2013-08-11,1,1,45.75,45.75,,Schaefer_2020,,,,,,,,,
69.036425,-150.678506,2013-08-11,1,1,57.9,57.9,,Schaefer_2020,,,,,,,,,
69.04042677,-150.4120252,2013-08-11,1,1,50.6078431372549,50.6078431372549,,Schaefer_2020,,,,,,,,,
69.040767,-150.384684,2013-08-11,1,1,61.2,61.2,,Schaefer_2020,,,,,,,,,
69.052827,-150.609415,2013-08-11,1,1,49.3,49.3,,Schaefer_2020,,,,,,,,,
69.075018,-150.739097,2013-08-11,1,1,58.95,58.95,,Schaefer_2020,,,,,,,,,
69.083073,-150.192424,2013-08-11,1,1,55.2,55.2,,Schaefer_2020,,,,,,,,,
69.097619,-150.605476,2013-08-11,1,1,57.8,57.8,,Schaefer_2020,,,,,,,,,
69.117951,-150.522133,2013-08-11,1,1,65.65,65.65,,Schaefer_2020,,,,,,,,,
69.125093,-148.148851,2014-08-11,1,1,37.7,37.7,,Schaefer_2020,,,,,,,,,
69.131161,-150.776315,2013-08-11,1,1,59.85,59.85,,Schaefer_2020,,,,,,,,,
69.142566,-150.920629,2013-08-11,1,1,42.95,42.95,,Schaefer_2020,,,,,,,,,
69.1467,-148.8383,2018-08-24,1,1,37.07142857142857,37.07142857142857,,Schaefer_2020,,,,,,,,,
69.14942,-150.669112,2013-08-11,1,1,58.8,58.8,,Schaefer_2020,,,,,,,,,
69.15909,-150.372051,2013-08-11,1,1,38.85,38.85,,Schaefer_2020,,,,,,,,,
69.1591,-148.8291,2018-08-24,1,1,41.023809523809526,41.023809523809526,,Schaefer_2020,,,,,,,,,
69.173131,-150.832241,2013-08-11,1,1,58.1,58.1,,Schaefer_2020,,,,,,,,,
69.182426,-150.528724,2013-08-11,1,1,59.65,59.65,,Schaefer_2020,,,,,,,,,
69.214349,-150.955404,2013-08-11,1,1,68.65,68.65,,Schaefer_2020,,,,,,,,,
69.215311,-150.879409,2013-08-11,1,1,58.65,58.65,,Schaefer_2020,,,,,,,,,
69.228117,-150.748094,2013-08-11,1,1,52.9,52.9,,Schaefer_2020,,,,,,,,,
69.233693,-150.601337,2013-08-11,1,1,56.65,56.65,,Schaefer_2020,,,,,,,,,
69.261326,-150.891772,2013-08-11,1,1,54.3,54.3,,Schaefer_2020,,,,,,,,,
69.2796,-150.662435,2013-08-11,1,1,56.75,56.75,,Schaefer_2020,,,,,,,,,
69.281249,-150.478394,2013-08-11,1,1,47.15,47.15,,Schaefer_2020,,,,,,,,,
69.290306,-150.783888,2013-08-11,1,1,59.2,59.2,,Schaefer_2020,,,,,,,,,
69.302733,-150.903301,2013-08-11,1,1,57.1,57.1,,Schaefer_2020,,,,,,,,,
69.312696,-150.701603,2013-08-11,1,1,47.3,47.3,,Schaefer_2020,,,,,,,,,
69.321175,-151.064796,2013-08-11,1,1,45.3,45.3,,Schaefer_2020,,,,,,,,,
69.341872,-150.921334,2013-08-11,1,1,57.150000000000006,57.150000000000006,,Schaefer_2020,,,,,,,,,
69.358039,-150.68531,2013-08-11,1,1,62.8,62.8,,Schaefer_2020,,,,,,,,,
69.364545,-150.596434,2013-08-11,1,1,52.150000000000006,52.150000000000006,,Schaefer_2020,,,,,,,,,
69.384466,-150.928384,2013-08-11,1,1,57.25,57.25,,Schaefer_2020,,,,,,,,,
69.397455,-150.700217,2013-08-11,1,1,63.1,63.1,,Schaefer_2020,,,,,,,,,
69.429722,-150.873225,2013-08-11,1,1,53.1,53.1,,Schaefer_2020,,,,,,,,,
70.03275,-148.641444,2018-08-24,1,1,43.59090909090909,43.59090909090909,,Schaefer_2020,,,,,,,,,
70.1653,-148.4581,2018-08-24,1,1,43.11764705882353,43.11764705882353,,Schaefer_2020,,,,,,,,,
66.45071698,-158.890106,2022-09-15,1,0,,120.0,120.0,Selawik,,,,,,,,,
67.4749,-162.2664,2016-12-15,1,0,,100.0,101.0,Wang_2018,,,,,,,,,
69.1704,-158.0067,2004-12-15,1,1,50.0,100.0,101.0,Wang_2018,,,,,,,,,
69.1555,-158.0305,2015-12-15,1,1,75.0,100.0,101.0,Wang_2018,,,,,,,,,
71.309,-156.661,2016-12-15,1,1,50.0,100.0,101.0,Wang_2018,,,,,,,,,
65.314,-143.132,2016-12-15,1,0,,100.0,101.0,Wang_2018,,,,,,,,,
67.7142,-150.585,2016-12-15,1,0,,100.0,101.0,Wang_2018,,,,,,,,,
62.12400000000001,-141.847,2016-12-15,1,0,,100.0,101.0,Wang_2018,,,,,,,,,
61.274,-142.621,2016-12-15,1,0,,100.0,101.0,Wang_2018,,,,,,,,,
69.972,-144.7706,2015-12-15,1,1,50.0,100.0,101.0,Wang_2018,,,,,,,,,
68.069,-149.58,2016-12-15,1,1,75.0,100.0,101.0,Wang_2018,,,,,,,,,
63.26800000000001,-149.539,2016-12-15,1,0,,100.0,101.0,Wang_2018,,,,,,,,,
66.2759,-164.5309,2016-12-15,1,0,,100.0,101.0,Wang_2018,,,,,,,,,
70.161,-148.465,2016-12-15,1,0,,100.0,101.0,Wang_2018,,,,,,,,,
70.8645,-153.90670000000003,2015-12-15,1,1,50.0,100.0,101.0,Wang_2018,,,,,,,,,
65.2752,-163.82,2016-12-15,1,0,,100.0,101.0,Wang_2018,,,,,,,,,
70.5685,-152.965,2015-12-15,1,1,50.0,100.0,101.0,Wang_2018,,,,,,,,,
70.3352,-152.052,2015-12-15,1,1,50.0,100.0,101.0,Wang_2018,,,,,,,,,
61.603,-143.013,2016-12-15,1,0,,100.0,101.0,Wang_2018,,,,,,,,,
68.477,-149.502,2016-12-15,1,1,75.0,100.0,101.0,Wang_2018,,,,,,,,,
68.156,-156.8958,2016-12-15,1,0,,100.0,101.0,Wang_2018,,,,,,,,,
69.156,-148.837,2016-12-15,1,1,75.0,100.0,101.0,Wang_2018,,,,,,,,,
67.5448,-157.0774,2016-12-15,1,0,,100.0,101.0,Wang_2018,,,,,,,,,
70.4416,-154.3656,2015-12-15,1,1,75.0,100.0,101.0,Wang_2018,,,,,,,,,
69.9896,-153.0938,2015-12-15,1,1,75.0,100.0,101.0,Wang_2018,,,,,,,,,
68.479,-155.738,2013-12-15,1,1,75.0,100.0,101.0,Wang_2018,,,,,,,,,
68.48,-155.744,2016-12-15,1,1,100.0,100.0,101.0,Wang_2018,,,,,,,,,
67.5734,-158.4317,2016-12-15,1,0,,100.0,101.0,Wang_2018,,,,,,,,,
67.9835,-155.013,2016-12-15,1,0,,100.0,101.0,Wang_2018,,,,,,,,,
68.3165,-161.4918,2016-12-15,1,0,,100.0,101.0,Wang_2018,,,,,,,,,
69.7516,-154.6176,2015-12-15,1,0,,100.0,101.0,Wang_2018,,,,,,,,,
70.6898,-152.6333,2015-12-15,1,0,,100.0,101.0,Wang_2018,,,,,,,,,
65.8203,-164.5428,2016-12-15,1,0,,100.0,101.0,Wang_2018,,,,,,,,,
67.1414,-162.9945,2016-12-15,1,0,,100.0,101.0,Wang_2018,,,,,,,,,
69.7776,-144.7933,2015-12-15,1,1,75.0,100.0,101.0,Wang_2018,,,,,,,,,
69.8894,-142.9839,2015-12-15,1,1,75.0,100.0,101.0,Wang_2018,,,,,,,,,
67.7663,-152.1642,2016-12-15,1,0,,100.0,101.0,Wang_2018,,,,,,,,,
70.0366,-157.0814,2015-12-15,1,1,75.0,100.0,101.0,Wang_2018,,,,,,,,,
65.085,-164.895,2016-12-15,1,1,100.0,100.0,101.0,Wang_2018,,,,,,,,,
67.6243,-154.3446,2016-12-15,1,0,,100.0,101.0,Wang_2018,,,,,,,,,
62.71,-150.54,2016-12-15,1,0,,100.0,101.0,Wang_2018,,,,,,,,,
68.6816,-144.8421,2015-12-15,1,1,100.0,100.0,101.0,Wang_2018,,,,,,,,,
65.8523,-164.7078,2016-12-15,1,0,,100.0,101.0,Wang_2018,,,,,,,,,
67.4599,-159.8413,2016-12-15,1,0,,100.0,101.0,Wang_2018,,,,,,,,,
67.995,-160.3957,2016-12-15,1,0,,100.0,101.0,Wang_2018,,,,,,,,,
69.433,-148.674,2016-12-15,1,0,,100.0,101.0,Wang_2018,,,,,,,,,
69.428,-148.7,2016-12-15,1,0,,100.0,101.0,Wang_2018,,,,,,,,,
66.606,-160.01899999999998,2016-12-15,1,1,75.0,100.0,101.0,Wang_2018,,,,,,,,,
70.6285,-156.8353,2015-12-15,1,1,50.0,100.0,101.0,Wang_2018,,,,,,,,,
67.5502,-163.5672,2016-12-15,1,0,,100.0,101.0,Wang_2018,,,,,,,,,
60.908,-142.901,2016-12-15,1,0,,100.0,101.0,Wang_2018,,,,,,,,,
61.181,-144.342,2016-12-15,1,0,,100.0,101.0,Wang_2018,,,,,,,,,
63.524,-150.043,2016-12-15,1,0,,100.0,101.0,Wang_2018,,,,,,,,,
70.1959,-161.07809999999998,2015-12-15,1,1,75.0,100.0,101.0,Wang_2018,,,,,,,,,
64.853,-147.857,2016-12-15,1,0,,100.0,101.0,Wang_2018,,,,,,,,,
64.517,-143.202,2016-12-15,1,0,,100.0,101.0,Wang_2018,,,,,,,,,
69.3957,-152.1428,2015-12-15,1,1,50.0,100.0,101.0,Wang_2018,,,,,,,,,
63.814,-150.109,2016-12-15,1,0,,100.0,101.0,Wang_2018,,,,,,,,,
70.374,-148.552,2016-12-15,1,1,50.0,100.0,101.0,Wang_2018,,,,,,,,,
68.317379,-133.43895,2017-08-18,1,1,53.7,53.7,100.0,Zhang_2019,,66.0,,,,,,,
68.308784,-133.52917,2017-08-18,1,1,66.4,66.4,100.0,Zhang_2019,,22.0,,,,,,,
69.290611,-132.92141,2017-08-19,1,1,35.0,35.0,100.0,Zhang_2019,,39.0,,,,,,,
69.304085,-132.96697,2017-08-19,1,1,37.7,37.7,100.0,Zhang_2019,,29.3,,,,,,,
69.339985,-133.02805,2017-08-22,1,1,45.4,45.4,100.0,Zhang_2019,,23.0,,,,,,,
