lat,lon,date,n_grouped,pf_observed,pf_depth,obs_depth,obs_limit,source,transect_point,org_thick,rock,Soil Type,rocky/silty,Wildfire,Widlfire date/name,Burn Year,Canopy and Surface
63.14535798,-117.259435,2019-08-15,1,0,,,,Bonaventure_Whati,,,,,,,,,
63.16078235333333,-117.16204900000001,2019-08-15,3,1,,,,Bonaventure_Whati,,,,,,,,,
63.16562134,-117.14501233333333,2019-08-15,3,1,,,,Bonaventure_Whati,,,,,,,,,
65.4897037575,-142.047729,2017-05-29,4,1,75.0,75.0,132.0,Minsley_2017,,7.0,,,,,,,
65.4899695,-142.04750675000003,2017-05-29,4,1,131.5,128.66666666666666,132.0,Minsley_2017,,9.666666666666666,,,,,,,
65.49203650749999,-142.05566,2017-05-29,4,0,,123.0,132.0,Minsley_2017,,9.666666666666666,,,,,,,
65.23368133666666,-139.29062866666666,2017-08-27,3,0,,123.0,132.0,Minsley_2017,,9.0,,,,,,,
65.49209974249999,-142.05490325,2017-05-29,4,0,116.66666666666667,116.66666666666667,132.0,Minsley_2017,,6.333333333333333,,,,,,,
65.75058340299252,-144.81963377910293,2017-02-28,6,0,,245.0,177.2,Minsley_2017,,2.3333333333333335,,,,,,,
65.4921222575,-142.054655,2017-05-29,4,0,194.0,228.0,132.0,Minsley_2017,,5.0,,,,,,,
64.91685567666666,-138.71386666666666,2017-08-27,3,1,49.0,49.0,132.0,Minsley_2017,,10.0,,,,,,,
64.91529401333334,-138.71387166666668,2017-08-27,3,1,53.5,53.5,132.0,Minsley_2017,,,,,,,,,
64.91369199,-138.70603966666667,2017-08-27,3,1,49.0,49.0,132.0,Minsley_2017,,10.0,,,,,,,
65.268488398,-142.99845580000002,2017-04-06,5,1,74.0,74.0,132.0,Minsley_2017,,4.0,,,,,,,
65.26835799799998,-142.99813179999998,2017-04-06,5,1,60.75,60.75,132.0,Minsley_2017,,,,,,,,,
64.91361632666667,-138.70486066666663,2017-08-27,3,1,38.0,38.0,132.0,Minsley_2017,,,,,,,,,
65.35706843794338,-144.0707573945718,2017-03-01,6,1,40.6,38.0,115.8,Minsley_2017,,5.0,,,,,,,
65.135048005,-141.387493,2017-05-30,4,1,56.666666666666664,56.666666666666664,132.0,Minsley_2017,,5.0,,,,,,,
64.91309066333334,-138.70409833333335,2017-08-27,3,1,67.0,67.0,132.0,Minsley_2017,,8.0,,,,,,,
65.27078219799999,-143.0010992,2017-04-06,5,1,54.75,54.75,132.0,Minsley_2017,,6.0,,,,,,,
64.76007807249131,-138.36430457418496,2017-08-28,3,1,93.0,81.0,118.5,Bonaventure_Whati,,8.0,,,,,,,
64.75983366333332,-138.36419733333335,2017-08-28,3,1,70.0,70.0,132.0,Minsley_2017,,7.0,,,,,,,
64.962720245,-141.00635450000001,2017-05-30,4,1,63.0,63.0,132.0,Minsley_2017,,6.5,,,,,,,
64.96265324,-141.00603925000001,2017-05-30,4,1,63.333333333333336,63.333333333333336,132.0,Minsley_2017,,6.0,,,,,,,
64.9625547525,-141.0058075,2017-05-30,4,1,65.0,65.0,132.0,Minsley_2017,,8.0,,,,,,,
65.22613343285715,-144.40417599999998,2017-02-04,7,1,60.833333333333336,60.833333333333336,132.0,Minsley_2017,,9.75,,,,,,,
65.087082858,-142.59573006,2018-01-04,5,1,52.0,52.0,132.0,Minsley_2017,,,,,,,,,
65.16762289666666,-143.65150228333334,2017-12-11,6,1,49.0,49.0,132.0,Minsley_2017,,,,,,,,,
65.16837405166666,-143.6499350666667,2017-12-11,6,1,65.6,65.6,132.0,Minsley_2017,,,,,,,,,
65.16734911,-143.6503615,2017-12-11,6,1,52.4,52.4,132.0,Minsley_2017,,,,,,,,,
65.16722492833334,-143.64895038333336,2017-12-11,6,1,65.2,65.2,132.0,Minsley_2017,,,,,,,,,
64.96481700749999,-141.0116375,2017-05-30,4,0,147.0,147.0,132.0,Minsley_2017,,1.6666666666666667,,,,,,,
64.96454324000001,-141.01184024999998,2017-05-30,4,1,71.33333333333333,71.33333333333333,132.0,Minsley_2017,,9.333333333333334,,,,,,,
65.16704770833334,-143.65000355,2017-12-11,6,1,69.0,69.0,132.0,Minsley_2017,,,,,,,,,
64.7923847425,-139.50313225,2017-05-28,4,1,77.66666666666667,77.66666666666667,132.0,Minsley_2017,,21.666666666666668,,,,,,,
64.79248024500001,-139.50280475,2017-05-28,4,1,93.5,93.5,132.0,Minsley_2017,,19.666666666666668,,,,,,,
64.60885066333334,-137.0295186666667,2017-08-26,3,1,82.5,82.5,132.0,Minsley_2017,,27.5,,,,,,,
64.902862602,-140.9835496,2017-04-04,5,1,88.5,88.5,132.0,Minsley_2017,,21.75,,,,,,,
64.79441276,-139.50185925,2017-05-27,4,1,87.66666666666667,87.66666666666667,132.0,Minsley_2017,,10.333333333333334,,,,,,,
64.7946605025,-139.5014665,2017-05-27,4,1,71.33333333333333,71.33333333333333,132.0,Minsley_2017,,8.0,,,,,,,
64.61225834462336,-137.03075915112646,2017-08-25,3,0,,,123.0,Ebel_2018,,,,,Rocky,,,,
64.794271995,-139.50059075000001,2017-05-27,4,0,,123.0,132.0,Minsley_2017,,16.666666666666668,,,,,,,
65.06890687749998,-143.206226625,2017-01-12,8,0,92.66666666666667,104.8,132.0,Minsley_2017,,6.0,,,,,,,
64.7958730075,-139.49058175,2017-05-27,4,0,69.5,69.5,132.0,Minsley_2017,,9.333333333333334,,,,,,,
64.7913339925,-139.49499375,2017-05-27,4,1,81.66666666666667,81.66666666666667,132.0,Minsley_2017,,10.0,,,,,,,
64.60752839290262,-137.0234501149774,2017-08-25,3,0,,123.0,127.5,Bonaventure_Whati,,12.0,,,,,,,
64.53302701333332,-137.83421366666667,2017-08-25,3,1,72.5,72.5,132.0,Minsley_2017,,5.0,,,,,,,
64.818845402,-141.9559456,2017-04-03,5,0,,123.0,132.0,Minsley_2017,,7.333333333333333,,,,,,,
64.88710706125472,-142.98331355420902,2017-02-26,6,1,54.25,51.333333333333336,118.2,Minsley_2017,,16.5,,,,,,,
65.04358663636366,-145.3201906363636,2016-12-06,11,1,63.857142857142854,63.857142857142854,132.0,Minsley_2017,,23.714285714285715,,,,,,,
64.54386132666667,-137.84284333333332,2017-08-25,3,0,60.0,60.0,132.0,Minsley_2017,,38.0,,,,,,,
64.71575673999999,-140.4141355,2017-05-27,4,1,60.333333333333336,60.333333333333336,132.0,Minsley_2017,,21.333333333333332,,,,,,,
64.716216495,-140.41371,2017-05-27,4,0,,,132.0,Minsley_2017,,15.666666666666666,,,,,,,
61.006700986666665,-117.11812833333335,1981-08-14,3,0,66.0,66.0,,Holloway_2019,,91.0,,"Clay, silt",,,,,
61.00000932333333,-117.097729,2018-12-14,3,1,59.0,59.0,,Holloway_2019,,60.0,,"Clay, silt",,,,,
60.80495132666667,-117.218193,1981-08-14,3,1,76.0,76.0,,Holloway_2019,,76.0,,Sand,,,,,Spruce; sphagnum
60.80508099666667,-117.21598633333333,2018-12-14,3,1,,,,Holloway_2019,,40.0,,Sand,,,,,
64.442746005,-143.15132816666667,2018-10-19,6,0,999.0,,157.0,James_2019,,,,,,,,,
64.59460660266667,-146.25494673333336,2018-09-13,15,1,104.64285714285714,,157.0,James_2019,,,,,,,,,
64.44339766166667,-143.15223416666666,2018-10-19,6,1,68.2,,157.0,James_2019,,,,,,,,,
64.648276031875,-147.35292962499997,2018-08-19,32,1,91.7741935483871,,157.0,James_2019,,,,,,,,,
64.54339860299999,-145.2190133,2019-08-08,10,1,74.0,,157.0,James_2019,,,,,,,,,
64.67549359973333,-147.90854655999993,2018-08-16,75,1,91.04054054054055,,157.0,James_2019,,,,,,,,,
64.61506173578947,-146.68844121052632,2019-08-08,19,1,64.11111111111111,,157.0,James_2019,,,,,,,,,
64.67186300000002,-147.83662101562496,2018-08-17,64,1,61.15873015873016,,157.0,James_2019,,,,,,,,,
64.61455668526314,-146.6849044736842,2019-08-08,19,1,54.05555555555556,,157.0,James_2019,,,,,,,,,
64.67145111126985,-147.82822153968254,2018-08-13,63,1,159.46774193548387,,157.0,James_2019,,,,,,,,,
64.6409686435714,-147.2121099642857,2019-08-08,28,1,56.77777777777778,,157.0,James_2019,,,,,,,,,
64.66714924490564,-147.73662826415094,2018-08-17,53,1,45.59615384615385,,157.0,James_2019,,,,,,,,,
64.61526510631579,-146.68839305263157,2019-08-08,19,1,55.611111111111114,,157.0,James_2019,,,,,,,,,
64.61066449944443,-146.5973946111111,2018-08-26,18,1,64.3529411764706,,157.0,James_2019,,,,,,,,,
64.53904969800001,-145.2131559,2019-08-08,10,1,68.22222222222223,,157.0,James_2019,,,,,,,,,
64.66444536816329,-147.68867126530614,2018-08-17,49,1,64.33333333333333,,157.0,James_2019,,,,,,,,,
64.61390589421055,-146.68706731578945,2019-08-08,19,1,68.77777777777777,,157.0,James_2019,,,,,,,,,
64.63601427038462,-147.12722969230774,2018-08-25,26,1,35.72,,157.0,James_2019,,,,,,,,,
64.54195600099999,-145.21296890000002,2019-08-08,10,1,46.0,,157.0,James_2019,,,,,,,,,
64.65752300051284,-147.5241698974359,2018-08-14,39,1,53.89473684210526,,157.0,James_2019,,,,,,,,,
64.61634063210526,-146.68261552631586,2019-08-08,19,1,57.666666666666664,,157.0,James_2019,,,,,,,,,
64.33668667333335,-137.59451099999998,2019-08-28,3,0,,1.6,1.6,James_2020,,,,,,,,,
64.62738449833334,-142.71144683333333,2019-09-01,6,1,90.75,72.84,0.24,James_2020,,,,,,,,,
64.92063366666666,-147.818847,2019-09-04,3,1,87.0,58.666666666666664,0.6666666666666666,James_2020,,,,,,,,,
64.9207955,-147.8186115,2019-09-03,2,1,77.5,77.5,0.0,James_2020,,,,,,,,,
64.66965686,-143.4397907142857,2019-08-31,7,0,125.0,84.0,0.6666666666666666,James_2020,,,,,,,,,
64.56965439400001,-141.68787920000003,2019-08-30,5,1,76.5,76.5,0.0,James_2020,,,,,,,,,
64.72361789,-144.41009233333335,2019-09-02,9,1,116.375,116.375,0.0,James_2020,,,,,,,,,
64.75915100363636,-145.03045209090908,2019-09-03,11,1,99.2,99.2,0.0,James_2020,,,,,,,,,
64.75776399727273,-145.04129454545455,2019-09-03,11,1,73.5,73.5,0.0,James_2020,,,,,,,,,
64.91873883333334,-147.82008199999999,2019-09-05,6,0,122.0,62.0,1.0,James_2020,,,,,,,,,
64.91864100000001,-147.8199065,2019-09-05,2,1,112.5,112.5,0.0,James_2020,,,,,,,,,
64.48132575999999,-140.15198325,2019-08-30,4,0,,2.0,2.0,James_2020,,,,,,,,,
64.76087082181819,-145.03223954545453,2019-09-02,11,1,66.42857142857143,47.1,0.6,James_2020,,,,,,,,,
64.72584422333334,-144.41277466666665,2019-09-01,9,1,67.0,67.0,0.0,James_2020,,,,,,,,,
64.481796495,-140.15227275,2019-08-30,4,1,61.666666666666664,61.666666666666664,0.0,James_2020,,,,,,,,,
64.76138009454546,-145.03447745454545,2019-09-02,11,0,160.0,33.6,1.6,James_2020,,,,,,,,,
64.7448993,-144.760331,2019-09-02,10,1,96.55555555555556,96.55555555555556,0.0,James_2020,,,,,,,,,
64.33538598666667,-137.62043533333335,2019-08-28,3,1,77.5,77.5,0.0,James_2020,,,,,,,,,
64.70163499625001,-143.998628,2019-09-01,8,1,87.42857142857143,87.42857142857143,0.0,James_2020,,,,,,,,,
64.33064034333334,-137.6361,2019-08-28,3,1,112.5,112.5,0.0,James_2020,,,,,,,,,
64.56898600400001,-141.69873280000002,2019-08-31,5,1,94.33333333333333,71.05,0.3,James_2020,,,,,,,,,
64.19649566666668,-137.9362823333333,2017-08-24,3,1,61.0,61.0,132.0,Minsley_2017,,,,,,,,,
64.40253680599999,-142.079831,2019-08-29,5,1,58.75,58.75,0.0,James_2020,,,,,,,,,
64.402304026,-142.07960264,2021-04-13,5,1,57.75,57.75,132.0,Minsley_2021,,15.75,,,,,,,
64.32471286,-140.52543292500002,2016-08-24,4,1,53.666666666666664,53.666666666666664,132.0,Minsley_2015,,22.5,,,,,,,
64.3248729925,-140.5248335,2017-05-26,4,1,77.33333333333333,77.33333333333333,132.0,Minsley_2017,,,,,,,,,
64.48912671285714,-143.86132442857144,2019-08-30,7,1,74.0,50.0,0.6666666666666666,James_2020,,,,,,,,,
64.48910477142856,-143.86140494285715,2021-05-26,7,1,75.75,94.5,132.0,Minsley_2021,,12.0,,,,,,,
64.48907066571428,-143.86142527142857,2016-03-22,7,1,89.25,141.16666666666666,132.0,Minsley_2015,,12.5,,,,,,,
64.19141632333333,-137.95174699999998,2017-08-24,3,1,123.0,123.0,132.0,Minsley_2017,,,,,,,,,
64.40005399399999,-142.087841,2019-08-29,5,1,80.5,41.25,1.0,James_2020,,,,,,,,,
64.400059644,-142.08806813999996,2021-04-13,5,0,88.0,121.0,132.0,Minsley_2021,,7.0,,,,,,,
64.321953515,-140.536074,2016-08-24,4,1,129.33333333333334,129.33333333333334,132.0,Minsley_2015,,8.333333333333334,,,,,,,
64.19163565999999,-137.94931,2017-08-24,3,0,187.0,187.0,132.0,Minsley_2017,,,,,,,,,
64.3219995,-140.53649174999998,2017-05-26,4,1,102.0,102.0,132.0,Minsley_2017,,,,,,,,,
64.4893715657143,-143.8624044285714,2019-08-30,7,0,87.0,16.166666666666668,1.6666666666666667,James_2020,,,,,,,,,
64.48933942285714,-143.86232625714288,2021-05-26,7,1,84.66666666666667,108.33333333333333,132.0,Minsley_2021,,10.333333333333334,,,,,,,
64.32179347499999,-140.536161025,2016-08-24,4,1,88.0,88.0,132.0,Minsley_2015,,8.0,,,,,,,
64.88227033666666,-143.41986233333333,2018-11-19,3,1,,,,Koyukuk_2018,,,,,,,,,
64.82162201,-143.38395336666667,2018-11-19,3,0,,,,Koyukuk_2018,,,,,,,,,
64.82367877333333,-143.38563299999998,2018-11-19,3,0,,,,Koyukuk_2018,,,,,,,,,
65.06287475,-146.62024615,2018-10-16,4,1,,,,Koyukuk_2018,,,,,,,,,
64.79422727333333,-143.40781466666667,2018-11-19,3,1,,,,Koyukuk_2018,,,,,,,,,
64.96248467666668,-143.25974916666667,2018-11-19,3,1,,,,Koyukuk_2018,,,,,,,,,
64.89862477999999,-143.37182823333333,2018-11-19,3,0,,,,Koyukuk_2018,,,,,,,,,
64.87897674333334,-143.30258933333334,2018-11-19,3,1,,,,Koyukuk_2018,,,,,,,,,
65.29823436166667,-149.6989416,2018-09-13,6,1,43.833333333333336,43.833333333333336,100.0,Koyukuk_2018,,,,,,,,,
65.0847547475,-146.443686,2018-10-16,4,1,71.33333333333333,71.33333333333333,100.0,Koyukuk_2018,,,,,,,,,
64.87136830666667,-143.188231,2018-11-19,3,1,47.5,47.5,100.0,Koyukuk_2018,,,,,,,,,
64.87134165,-143.188134,2018-11-19,3,1,44.75,44.75,100.0,Koyukuk_2018,,,,,,,,,
65.29898001833332,-149.69935505,2018-09-13,6,1,69.25,69.25,100.0,Koyukuk_2018,,,,,,,,,
65.211528204,-148.4202512,2018-09-26,5,1,77.75,77.75,100.0,Koyukuk_2018,,,,,,,,,
64.87197599333334,-143.2303026666667,2018-11-19,3,0,,,100.0,Koyukuk_2018,,,,,,,,,
64.86301378,-143.25579136666667,2018-11-19,3,1,,,,Koyukuk_2018,,,,,,,,,
64.90488066333333,-143.34633433333332,2018-11-19,3,0,,,,Koyukuk_2018,,,,,,,,,
64.82261515666666,-143.37522679999998,2018-11-19,3,0,,,,Koyukuk_2018,,,,,,,,,
65.30106868,-149.86361516666668,2018-09-13,6,1,69.83333333333333,69.83333333333333,100.0,Koyukuk_2018,,,,,,,,,
64.86677499333332,-143.34443233333334,2018-11-19,3,1,62.0,62.0,100.0,Koyukuk_2018,,,,,,,,,
64.88051631666667,-143.35210700000002,2018-11-19,3,0,,,100.0,Koyukuk_2018,,,,,,,,,
64.60611153363637,-145.29990931818182,2016-01-07,11,0,87.6,169.3,132.0,Minsley_2015,,12.5,,,,,,,
64.69919678366665,-147.07531751666664,2015-10-16,30,1,83.14285714285714,88.93103448275862,132.0,Minsley_2015,,13.0,,,,,,,
64.69275009074074,-146.96491375555553,2015-10-21,27,1,75.53846153846153,75.53846153846153,132.0,Minsley_2015,,15.0,,,,,,,
64.48538712333334,-142.96816206666668,2016-04-26,6,0,192.66666666666666,216.0,132.0,Minsley_2015,,6.0,,,,,,,
64.69684096172413,-147.0440220344828,2015-10-17,29,0,131.64,144.42857142857142,132.0,Minsley_2015,,9.166666666666666,,,,,,,
65.58612227466668,-147.24276146000003,2015-12-03,15,1,68.57142857142857,68.57142857142857,132.0,Minsley_2015,,9.0,,,,,,,
65.64594671652173,-147.98725469565218,2015-10-30,23,1,58.09090909090909,58.09090909090909,132.0,Minsley_2015,,12.714285714285714,,,,,,,
65.62968376950002,-147.779048785,2015-11-09,20,0,151.41176470588235,151.41176470588235,132.0,Minsley_2015,,8.333333333333334,,,,,,,
65.76080066529413,-149.38462821764708,2015-08-29,17,0,227.52941176470588,227.52941176470588,132.0,Minsley_2015,,7.0,,,,,,,
65.76107405299999,-149.38484902500002,2015-08-29,20,0,196.10526315789474,196.10526315789474,132.0,Minsley_2015,,5.714285714285714,,,,,,,
65.79742553106747,-149.4539429324231,2015-09-24,14,0,175.42857142857142,184.69230769230768,126.5,Minsley_2015,,8.0,,,,,,,
65.813479828,-149.580442,2015-08-29,5,0,145.2,145.2,132.0,Minsley_2015,,3.0,,,,,,,
65.75349622545257,-149.41724332673238,2015-11-30,4,1,161.33333333333334,129.66666666666666,151.25,Minsley_2015,,1.0,,,,,,,
65.81366447,-149.58073854000003,2015-08-29,5,0,117.75,114.4,132.0,Minsley_2015,,1.0,,,,,,,
65.7552301921262,-149.2479786292381,2015-10-14,8,1,129.125,133.28571428571428,128.0,Minsley_2015,,5.0,,,,,,,
65.81433205750001,-149.58235439999999,2015-08-29,4,1,56.5,56.5,132.0,Minsley_2015,,9.0,,,,,,,
65.81419384166668,-149.58191886666665,2015-08-29,6,1,47.166666666666664,47.166666666666664,132.0,Minsley_2015,,13.0,,,,,,,
65.81442055666668,-149.58267823333333,2015-08-29,3,1,55.333333333333336,55.333333333333336,132.0,Minsley_2015,,10.0,,,,,,,
65.781947675,-149.4404705,2015-08-29,2,0,160.0,160.0,132.0,Minsley_2015,,8.0,,,,,,,
64.526394685,-141.0458046,2016-05-25,4,0,155.33333333333334,149.25,132.0,Minsley_2015,,25.5,,,,,,,
64.5152674425,-141.052896675,2016-05-25,4,0,106.0,106.0,132.0,Minsley_2015,,15.75,,,,,,,
64.76913623200001,-142.73158922,2016-04-01,5,0,121.0,121.0,132.0,Minsley_2015,,10.0,,,,,,,
65.1485206575,-145.2489722375,2016-01-11,8,1,40.42857142857143,40.42857142857143,132.0,Minsley_2015,,24.5,,,,,,,
64.5073463625,-141.069242675,2016-05-25,4,1,44.0,44.0,132.0,Minsley_2015,,32.0,,,,,,,
64.5481490725,-141.24333245,2016-05-25,4,1,45.0,45.0,132.0,Minsley_2015,,21.666666666666668,,,,,,,
64.800643352,-142.93570735999998,2016-04-01,5,0,117.75,117.75,132.0,Minsley_2015,,14.6,,,,,,,
64.5348521975,-141.26466315000002,2016-05-25,4,0,142.0,176.33333333333334,132.0,Minsley_2015,,8.0,,,,,,,
64.79117814000001,-142.94609564,2016-04-01,5,0,,245.0,132.0,Minsley_2015,,11.6,,,,,,,
64.30322079000001,-138.84358223333334,2016-08-23,3,0,131.0,188.0,132.0,Minsley_2015,,15.0,,,,,,,
64.767085255,-141.693709275,2016-05-25,4,0,204.66666666666666,204.66666666666666,132.0,Minsley_2015,,7.75,,,,,,,
65.041246458,-143.41155152,2016-04-01,5,0,184.0,184.0,132.0,Minsley_2015,,10.0,,,,,,,
64.752349455,-141.729721925,2016-05-25,4,0,148.5,196.75,132.0,Minsley_2015,,10.75,,,,,,,
64.7518325775,-141.73068082499998,2016-05-25,4,0,,245.0,132.0,Minsley_2015,,18.25,,,,,,,
64.7499359925,-141.735092125,2016-05-25,4,1,48.666666666666664,48.666666666666664,132.0,Minsley_2015,,28.0,,,,,,,
64.7468677,-141.73716405,2016-05-25,4,1,73.75,73.75,132.0,Minsley_2015,,30.0,,,,,,,
65.42392439,-144.8533093,2016-02-25,6,1,43.0,43.0,132.0,Minsley_2015,,31.5,,,,,,,
65.56090257285715,-145.67076444285712,2016-01-30,7,1,40.714285714285715,40.714285714285715,132.0,Minsley_2015,,45.0,,,,,,,
65.74387780111111,-146.76709025555556,2015-12-27,9,1,42.5,42.5,132.0,Minsley_2015,,75.0,,,,,,,
65.65167246125,-146.3056812,2016-01-11,8,1,56.0,56.0,132.0,Minsley_2015,,55.0,,,,,,,
64.8841909125,-142.0565762,2016-05-25,4,1,36.666666666666664,36.666666666666664,132.0,Minsley_2015,,38.0,,,,,,,
65.73730551222224,-146.77715218888886,2015-12-27,9,1,38.25,38.25,132.0,Minsley_2015,,39.2,,,,,,,
64.34990857999999,-139.25237226666667,2016-08-23,3,1,44.5,44.5,132.0,Minsley_2015,,27.0,,,,,,,
65.64038734625,-146.31929076249997,2016-01-11,8,1,40.57142857142857,40.57142857142857,132.0,Minsley_2015,,33.0,,,,,,,
65.630652435,-146.3297281,2016-01-11,8,1,39.285714285714285,39.285714285714285,132.0,Minsley_2015,,37.4,,,,,,,
65.50926263285713,-145.74165404285716,2016-01-30,7,1,44.42857142857143,44.42857142857143,132.0,Minsley_2015,,66.66666666666667,,,,,,,
66.23185008875001,-146.1722820875,2016-01-11,8,1,48.125,48.125,132.0,Minsley_2015,,45.0,,,,,,,
66.09731880000001,-145.58077799999998,2016-01-30,7,1,49.57142857142857,49.57142857142857,132.0,Minsley_2015,,41.142857142857146,,,,,,,
65.92755666333333,-144.78706956666667,2016-02-25,6,1,48.0,48.0,132.0,Minsley_2015,,40.0,,,,,,,
64.73050442666666,-139.2353703,2016-08-23,3,1,54.666666666666664,54.666666666666664,132.0,Minsley_2015,,41.666666666666664,,,,,,,
66.22494144875,-146.1752396125,2016-01-11,8,1,43.57142857142857,43.57142857142857,132.0,Minsley_2015,,42.5,,,,,,,
67.12326847333334,-150.33869233333334,2015-08-29,3,1,48.333333333333336,48.333333333333336,132.0,Minsley_2015,,40.0,,,,,,,
67.12333955999999,-150.33839816666668,2015-08-29,3,1,53.333333333333336,53.333333333333336,132.0,Minsley_2015,,40.0,,,,,,,
68.22577310761905,-148.02222630000003,2015-10-19,21,1,63.72222222222222,63.72222222222222,132.0,Minsley_2015,,22.666666666666668,,,,,,,
66.89386747799999,-143.06599596,2016-04-01,5,0,47.5,47.5,132.0,Minsley_2015,,17.6,,,,,,,
68.37706470909092,-148.58565546060606,2015-09-30,33,1,63.57142857142857,63.57142857142857,132.0,Minsley_2015,,18.0,,,,,,,
66.45156957249999,-141.43931805,2016-05-25,4,1,51.0,51.0,132.0,Minsley_2015,,25.0,,,,,,,
68.09334664500001,-147.53812989374995,2015-11-04,16,1,60.07692307692308,60.07692307692308,132.0,Minsley_2015,,13.333333333333334,,,,,,,
67.38264666142857,-144.92508204285716,2016-01-30,7,1,58.333333333333336,58.333333333333336,132.0,Minsley_2015,,50.666666666666664,,,,,,,
63.874247435,-140.35899387499998,2016-05-25,4,1,46.75,46.75,132.0,Minsley_2015,,40.0,,,,,,,
63.8705768675,-140.360302475,2016-05-25,4,1,46.0,46.0,132.0,Minsley_2015,,33.75,,,,,,,
64.31934863333333,-142.95125543333333,2016-02-25,6,1,60.25,60.25,132.0,Minsley_2015,,6.2,,,,,,,
63.40294606,-137.77799073333333,2016-08-23,3,1,86.0,86.0,132.0,Minsley_2015,,25.0,,,,,,,
64.13136257,-141.91888868,2016-04-01,5,1,52.0,52.0,132.0,Minsley_2015,,15.4,,,,,,,
64.53523873,-144.25446685,2016-01-11,8,1,56.75,56.75,132.0,Minsley_2015,,10.0,,,,,,,
64.107752022,-141.93550672,2016-04-01,5,1,51.0,51.0,132.0,Minsley_2015,,16.0,,,,,,,
64.39634535,-149.01086115,2015-08-29,2,0,225.0,235.0,132.0,Minsley_2015,,16.0,,,,,,,
64.396604235,-149.0107942,2015-08-29,4,1,81.33333333333333,122.25,132.0,Minsley_2015,,15.25,,,,,,,
63.193792397500005,-141.05566182500002,2016-05-25,4,1,121.33333333333333,152.25,132.0,Minsley_2015,,18.25,,,,,,,
63.1917615025,-141.0564659,2016-05-25,4,1,86.0,86.0,132.0,Minsley_2015,,10.0,,,,,,,
63.18334962499999,-141.05439652500002,2016-05-25,4,1,86.33333333333333,86.33333333333333,132.0,Minsley_2015,,18.25,,,,,,,
63.424018223999994,-142.64566216,2016-04-01,5,0,88.5,176.25,132.0,Minsley_2015,,25.0,,,,,,,
63.661403314000005,-142.0780449,2016-04-01,5,1,95.33333333333333,155.2,132.0,Minsley_2015,,34.8,,,,,,,
63.3872374625,-140.53807215,2016-05-25,4,1,90.66666666666667,90.66666666666667,132.0,Minsley_2015,,7.0,,,,,,,
63.3833778975,-140.541526075,2016-05-25,4,0,103.0,197.66666666666666,132.0,Minsley_2015,,12.25,,,,,,,
62.93653699,-137.96047553333332,2016-08-23,3,1,85.66666666666667,85.66666666666667,132.0,Minsley_2015,,25.333333333333332,,,,,,,
63.3610525325,-140.56034105,2016-05-25,4,1,88.25,88.25,132.0,Minsley_2015,,29.0,,,,,,,
64.6408995,-142.316035,2017-03-01,4,1,57.666666666666664,57.666666666666664,132.0,Minsley_2017,,28.333333333333332,,,,,,,
64.03377533333334,-139.56828533333334,2017-04-29,3,1,55.0,55.0,132.0,Minsley_2017,,40.0,,,,,,,
64.9953258,-143.99036459999996,2017-01-24,5,1,49.8,49.8,132.0,Minsley_2017,,50.0,,,,,,,
65.7197315,-147.28669770000002,2016-11-14,10,1,68.2,68.2,132.0,Minsley_2017,,28.0,,,,,,,
64.9657648,-143.9954182,2017-01-24,5,1,53.5,53.5,132.0,Minsley_2017,,20.0,,,,,,,
63.96033966666667,-139.589232,2017-04-29,3,1,56.0,56.0,132.0,Minsley_2017,,30.0,,,,,,,
64.572911,-142.317738,2017-03-01,4,1,46.666666666666664,46.666666666666664,132.0,Minsley_2017,,55.0,,,,,,,
63.36563669666666,-138.52557953333334,2017-12-13,3,1,117.66666666666667,117.66666666666667,132.0,Minsley_2017,,80.0,,,,,,,
63.74099215,-141.1177606,2017-11-12,4,1,64.0,64.0,132.0,Minsley_2017,,80.0,,,,,,,
64.53007138,-144.60185574285714,2017-10-04,7,1,68.16666666666667,68.16666666666667,132.0,Minsley_2017,,,,,,,,,
64.34269155333334,-143.8616718,2017-10-13,6,1,72.4,72.4,132.0,Minsley_2017,,2.0,,,,,,,
64.84854451166666,-143.5415353,2008-06-13,6,1,76.2,76.2,132.0,Minsley_2017,,,,,,,,,
64.96258854428571,-144.33606342857144,2009-10-04,7,1,84.33333333333333,84.33333333333333,132.0,Minsley_2017,,,,,,,,,
64.02259685333333,-138.01463226666667,1999-04-13,3,1,85.66666666666667,85.66666666666667,132.0,Minsley_2017,,91.0,,,,,,,
64.41931650000001,-140.791017,2003-03-02,4,1,57.333333333333336,57.333333333333336,132.0,Minsley_2017,,34.0,,,,,,,
65.10571768444444,-145.40184455555558,2011-07-03,9,1,66.88888888888889,66.88888888888889,132.0,Minsley_2017,,,,,,,,,
64.4175978325,-140.7933199,2003-11-13,4,1,83.66666666666667,83.66666666666667,132.0,Minsley_2017,,,,,,,,,
64.9440180542857,-144.35646447142855,2009-10-04,7,1,56.166666666666664,56.166666666666664,132.0,Minsley_2017,,,,,,,,,
64.94132765142857,-144.36469598571426,2009-10-03,7,1,54.0,54.0,132.0,Minsley_2017,,51.0,,,,,,,
63.97872601666668,-138.08210003333332,1999-04-14,3,0,,123.0,132.0,Minsley_2017,,61.0,,,,,,,
64.93396867142857,-144.3779585,2009-10-04,7,0,,123.0,132.0,Minsley_2017,,,,,,,,,
63.96242566666666,-138.09704000000002,1998-08-30,3,0,113.0,119.66666666666667,132.0,Minsley_2017,,55.5,,,,,,,
64.63785759999999,-142.49501719999998,2005-11-13,5,1,98.0,98.0,132.0,Minsley_2017,,18.8,,,,,,,
63.955357893333336,-138.11249886666667,1999-04-14,3,0,,123.0,132.0,Minsley_2017,,15.0,,,,,,,
64.79975366666666,-143.61335,2007-09-03,6,0,171.0,163.2,132.0,Minsley_2017,,11.25,,,,,,,
64.622046,-142.533191,2005-11-13,5,1,129.0,129.0,132.0,Minsley_2017,,13.2,,,,,,,
65.00869546875,-144.9932090625,2010-09-27,8,0,61.666666666666664,96.71428571428571,132.0,Minsley_2017,,,,,,,,,
64.36144,-140.8983745,2003-03-02,4,0,108.0,108.0,132.0,Minsley_2017,,15.25,,,,,,,
64.91360783142856,-144.41075268571427,2009-10-03,7,1,72.14285714285714,72.14285714285714,132.0,Minsley_2017,,61.0,,,,,,,
64.61316266,-142.54119787999997,2006-08-12,5,1,74.25,74.25,132.0,Minsley_2017,,,,,,,,,
64.34369275,-140.90943325,2003-03-02,4,1,125.33333333333333,156.5,132.0,Minsley_2017,,26.75,,,,,,,
64.3256603425,-140.934614925,2003-11-13,4,1,78.0,89.25,132.0,Minsley_2017,,236.0,,,,,,,
64.30991525,-140.95922399999998,2003-03-02,4,1,117.66666666666667,119.0,132.0,Minsley_2017,,20.0,,,,,,,
64.57940422600001,-142.58560599999998,2006-08-13,5,0,150.0,128.4,132.0,Minsley_2017,,30.0,,,,,,,
64.57894100000001,-142.58386460000003,2005-11-13,5,1,75.0,75.0,132.0,Minsley_2017,,12.2,,,,,,,
64.74738211500001,-143.68252206666668,2008-06-12,6,1,60.6,60.6,132.0,Minsley_2017,,,,,,,,,
65.937692,-145.68598585714284,2008-12-17,7,1,63.5,125.66666666666667,132.0,Minsley_2017,,30.0,,,,,,,
65.92649342857143,-145.69803942857143,2008-12-17,7,1,72.5,131.66666666666666,132.0,Minsley_2017,,30.0,,,,,,,
65.52614,-143.7906374,2005-11-14,5,1,59.25,97.4,132.0,Minsley_2017,,83.5,,,,,,,
65.172603,-142.1370125,2003-03-03,4,0,138.5,194.25,132.0,Minsley_2017,,60.5,,,,,,,
65.73934316666667,-144.93653216666667,2007-09-03,6,1,61.333333333333336,136.8,132.0,Minsley_2017,,30.0,,,,,,,
63.951735750000005,-140.35974025,2003-03-04,4,0,76.0,107.33333333333333,132.0,Minsley_2017,,10.0,,,,,,,
63.50702366666667,-137.76648,1998-08-31,3,0,60.0,102.0,132.0,Minsley_2017,,32.0,,,,,,,
63.505371333333336,-137.76763533333335,1998-08-31,3,0,60.0,91.5,132.0,Minsley_2017,,91.0,,,,,,,
63.94919925,-140.36015975,2003-03-04,4,1,66.0,66.0,132.0,Minsley_2017,,34.0,,,,,,,
63.948530000000005,-140.35962,2003-03-04,4,1,51.666666666666664,51.666666666666664,132.0,Minsley_2017,,36.0,,,,,,,
65.28568824999999,-148.13627350000002,2016-09-08,4,1,55.75,55.75,132.0,Minsley_2017,,18.5,,,,,,,
65.65094283333333,-149.08195873333332,2017-08-14,3,1,91.0,91.0,132.0,Minsley_2017,,,,,,,,,
64.69276697166666,-143.74154578333335,2008-06-14,6,1,99.6,99.6,132.0,Minsley_2017,,76.0,,,,,,,
63.73413283333334,-138.4014545,1999-04-15,3,0,100.0,111.5,132.0,Minsley_2017,,30.0,,,,,,,
64.82865502142857,-144.50621945714283,2009-10-05,7,1,82.71428571428571,82.71428571428571,132.0,Minsley_2017,,91.0,,,,,,,
64.68901834333333,-143.74276653333334,2008-06-14,6,1,86.5,86.5,132.0,Minsley_2017,,60.0,,,,,,,
64.202677985,-141.071587725,2003-11-14,4,1,140.0,135.75,132.0,Minsley_2017,,,,,,,,,
64.67978678833332,-143.74432406666668,2008-06-14,6,1,77.66666666666667,77.66666666666667,132.0,Minsley_2017,,183.0,,,,,,,
63.28943975999999,-137.48447086666667,2002-01-03,3,1,69.33333333333333,69.33333333333333,132.0,Minsley_2021,,61.0,,,,,,,
63.982244574000006,-141.57157754,2009-11-20,5,1,60.6,60.6,132.0,Minsley_2021,,61.0,,,,,,,
63.714398245000005,-140.04293515,2006-12-07,4,0,96.0,120.0,132.0,Minsley_2021,,,,,,,,,
63.269630346666666,-137.49310183333333,2002-01-03,3,0,,132.0,132.0,Minsley_2021,,23.0,,,,,,,
63.707169605000004,-140.0464649,2006-12-07,4,0,72.0,92.0,132.0,Minsley_2021,,,,,,,,,
63.69113532,-140.06213069999998,2006-12-07,4,1,55.75,55.75,132.0,Minsley_2021,,91.0,,,,,,,
63.6775793975,-140.06752865,2006-12-07,4,1,57.25,57.25,132.0,Minsley_2021,,102.0,,,,,,,
64.9145275,-147.84696063333334,2021-09-16,6,1,49.833333333333336,49.833333333333336,132.0,Minsley_2021,,,,,,,,,
64.9147501125,-147.84723214999997,2021-09-16,8,1,45.25,45.25,132.0,Minsley_2021,,,,,,,,,
64.61887589833333,-146.14438586111112,2018-06-05,18,1,61.111111111111114,61.111111111111114,132.0,Minsley_2021,,61.0,,,,,,,
64.02526480333334,-142.73881550000002,2011-11-11,6,1,196.0,164.0,132.0,Minsley_2021,,,,,,,,,
63.510169,-139.188306,1993-03-09,3,0,35.5,105.0,,Pastick,,29.333333333333332,N,,,,,,
63.62379633333333,-138.95316933333334,1993-03-20,3,0,20.333333333333332,97.0,,Pastick,,45.666666666666664,N,,,,,,
63.83883333333333,-138.58884233333333,1993-05-05,3,1,42.666666666666664,60.333333333333336,,Pastick,,45.333333333333336,N,,,,,,
63.68535800000001,-138.78944466666667,1993-04-17,3,1,43.5,65.0,,Pastick,,13.0,N,,,,,,
64.04646866666667,-135.84007133333333,1994-07-28,3,0,0.0,98.0,,Pastick,,16.0,N,,,,,,
64.05676733333333,-136.76384733333336,1994-08-18,3,0,20.333333333333332,89.33333333333333,,Pastick,,29.333333333333332,N,,,,,,
64.20654533333334,-135.617252,1994-08-11,3,0,20.333333333333332,54.0,,Pastick,,94.0,N,,,,,,
64.14904733333334,-136.294962,1994-08-15,3,1,67.33333333333333,110.66666666666667,,Pastick,,24.333333333333332,N,,,,,,
64.14104200000001,-136.275142,1994-08-30,3,1,26.0,126.0,,Pastick,,6.5,N,,,,,,
63.881647333333326,-135.731564,1994-09-01,3,1,46.0,112.66666666666667,,Pastick,,52.0,N,,,,,,
64.06545733333333,-136.18295,1994-07-11,3,0,0.0,108.5,,Pastick,,22.333333333333332,N,,,,,,
64.03356866666667,-136.501156,1994-07-12,3,1,65.33333333333333,110.33333333333333,,Pastick,,46.333333333333336,N,,,,,,
64.05961933333333,-136.15904,1994-08-16,3,1,115.5,115.5,,Pastick,,12.5,N,,,,,,
64.04475133333334,-136.132851,1994-08-16,3,1,115.5,115.5,,Pastick,,46.666666666666664,N,,,,,,
63.25417733333333,-136.26529533333334,1995-04-01,3,0,20.333333333333332,75.66666666666667,,Pastick,,59.0,Y,,,,,,
63.02646333333333,-136.026672,1995-04-05,3,1,48.333333333333336,48.333333333333336,,Pastick,,71.0,N,,,,,,
62.932842666666666,-136.076966,1995-04-02,3,1,65.66666666666667,65.66666666666667,,Pastick,,40.333333333333336,N,,,,,,
63.00728133333334,-136.402214,1995-04-04,3,1,75.66666666666667,75.66666666666667,,Pastick,,42.333333333333336,N,,,,,,
63.502998133333335,-149.04403453333336,1996-11-24,3,1,45.333333333333336,148.0,,Pastick,,42.333333333333336,N,,,,,,
66.5638885,-164.456665,2014-01-14,2,1,32.0,62.5,,Pastick,,0.0,N,,,,,,
61.84235265,-158.0896165,2012-08-30,2,1,52.0,83.0,,Pastick,,0.0,N,,,,,,
61.83797505,-158.0077158,2012-08-30,2,1,70.5,105.0,,Pastick,,0.0,N,,,,,,
61.7228695,-158.2510538,2012-08-30,2,1,62.5,105.0,,Pastick,,0.0,N,,,,,,
61.34743025,-160.58816339999998,2012-08-30,2,1,58.5,80.0,,Pastick,,0.0,N,,,,,,
61.5446762,-160.5726303,2012-08-30,2,1,43.0,49.5,,Pastick,,0.0,N,,,,,,
61.1908756,-159.22468,2012-08-30,2,1,59.5,150.0,,Pastick,,0.0,N,,,,,,
61.7481294,-156.7760059,2012-08-30,2,1,30.5,80.0,,Pastick,,0.0,N,,,,,,
61.7483602,-156.7758377,2012-08-30,2,0,83.5,100.0,,Pastick,,0.0,N,,,,,,
61.7097589,-157.1912438,2012-08-30,2,1,109.5,129.5,,Pastick,,0.0,N,,,,,,
62.1916996,-159.7793727,2012-08-30,2,1,102.0,133.0,,Pastick,,0.0,N,,,,,,
59.0786111,-157.3838889,2013-11-29,2,1,75.0,125.0,,Pastick,,0.0,N,,,,,,
58.8911111,-157.1325,2013-11-29,2,1,43.0,110.0,,Pastick,,0.0,N,,,,,,
59.2336111,-157.9758333,2013-11-29,2,1,62.5,120.0,,Pastick,,0.0,N,,,,,,
59.0411111,-158.0012963,2013-11-29,3,0,68.66666666666667,137.33333333333334,,Pastick,,0.0,N,,,,,,
59.5561111,-157.6116667,2013-11-29,2,1,92.5,120.0,,Pastick,,0.0,N,,,,,,
58.6952778,-158.1891667,2013-11-29,2,1,24.0,121.5,,Pastick,,0.0,N,,,,,,
58.9763889,-157.9244444,2013-11-29,2,1,48.5,120.0,,Pastick,,0.0,N,,,,,,
58.975,-157.9125,2013-11-29,2,1,28.0,112.5,,Pastick,,0.0,N,,,,,,
59.6813889,-158.0844444,2013-11-29,2,1,117.0,159.5,,Pastick,,0.0,N,,,,,,
59.2038889,-157.1686111,2013-11-29,2,1,75.0,116.0,,Pastick,,0.0,N,,,,,,
59.3736111,-157.435,2013-11-29,2,1,72.5,91.5,,Pastick,,0.0,N,,,,,,
59.6416667,-157.2563889,2013-11-29,2,1,52.5,125.0,,Pastick,,0.0,N,,,,,,
59.818375,-156.984425,2013-04-08,2,1,79.5,152.0,,Pastick,,0.0,N,,,,,,
61.5688176,-159.51588420000002,2012-08-30,2,0,82.5,200.0,,Pastick,,0.0,N,,,,,,
61.57123935,-159.5486956,2012-08-30,2,0,135.0,200.0,,Pastick,,0.0,N,,,,,,
61.58071805,-159.58160675,2012-08-30,2,0,40.0,200.0,,Pastick,,0.0,N,,,,,,
61.57664405,-159.5811915,2012-08-30,2,0,145.0,200.0,,Pastick,,0.0,N,,,,,,
61.7117343,-157.1919226,2012-08-30,2,0,70.0,162.5,,Pastick,,0.0,N,,,,,,
61.68216,-157.1813672,2012-08-30,2,0,121.0,167.5,,Pastick,,0.0,N,,,,,,
61.681578349999995,-157.18253545,2012-08-30,2,0,98.5,162.5,,Pastick,,0.0,N,,,,,,
61.7278737,-157.1484434,2012-08-30,2,0,94.5,162.0,,Pastick,,0.0,N,,,,,,
61.73574563333333,-157.1662546,2012-08-30,3,0,97.33333333333333,137.66666666666666,,Pastick,,0.0,N,,,,,,
61.7373503,-157.16437615,2012-08-30,2,0,69.0,200.0,,Pastick,,0.0,N,,,,,,
61.739438899999996,-157.16176174999998,2012-08-30,2,0,87.0,175.0,,Pastick,,0.0,N,,,,,,
61.743248824999995,-157.23405395,2012-08-30,4,0,80.75,178.75,,Pastick,,0.0,N,,,,,,
61.73648335,-157.23757965,2012-08-30,2,0,62.5,200.0,,Pastick,,0.0,N,,,,,,
61.904392650000005,-157.7968411,2012-08-30,2,0,73.5,95.0,,Pastick,,0.0,N,,,,,,
61.8534896,-157.630901,2012-08-30,2,0,140.0,200.0,,Pastick,,0.0,N,,,,,,
61.78820745,-156.5981175,2012-08-30,2,0,40.5,77.5,,Pastick,,0.0,N,,,,,,
61.5983827,-159.41188015,2012-08-30,2,0,79.5,134.5,,Pastick,,0.0,N,,,,,,
61.65438195,-157.14822495,2012-08-30,2,0,102.5,200.0,,Pastick,,0.0,N,,,,,,
61.8758354,-157.6757554,2012-08-30,2,0,27.5,69.0,,Pastick,,0.0,N,,,,,,
61.7134096,-157.1889108,2012-08-30,2,0,50.5,79.5,,Pastick,,0.0,N,,,,,,
62.91090165,-160.06211639999998,2012-08-30,2,0,132.5,175.0,,Pastick,,0.0,N,,,,,,
61.686475099999996,-158.5320083,2012-08-30,2,0,63.0,97.5,,Pastick,,0.0,N,,,,,,
62.15554965,-159.37407515,2012-08-30,2,0,69.0,127.5,,Pastick,,0.0,N,,,,,,
64.7898088,-165.55833174999998,2012-08-30,2,0,66.0,150.0,,Pastick,,0.0,N,,,,,,
59.0394444,-157.9919444,2013-11-29,2,0,38.0,100.0,,Pastick,,0.0,N,,,,,,
59.55722219999999,-157.6091667,2013-11-29,3,0,115.0,177.33333333333334,,Pastick,,0.0,N,,,,,,
59.5569444,-157.5994444,2013-11-29,2,0,110.0,190.0,,Pastick,,0.0,N,,,,,,
59.5655556,-157.5369444,2013-11-29,2,0,22.0,183.0,,Pastick,,0.0,N,,,,,,
59.8005556,-157.5247222,2013-11-29,2,0,170.0,190.0,,Pastick,,0.0,N,,,,,,
59.79999999999999,-157.5225,2013-11-29,3,0,98.33333333333333,154.0,,Pastick,,0.0,N,,,,,,
59.0791667,-157.3672222,2013-11-29,2,0,80.0,105.0,,Pastick,,0.0,N,,,,,,
59.0686111,-158.4630556,2013-11-29,5,0,62.0,139.4,,Pastick,,0.0,N,,,,,,
59.0730556,-158.4655556,2013-11-29,2,0,175.0,195.0,,Pastick,,0.0,N,,,,,,
58.8569444,-157.8488889,2013-11-29,2,0,155.0,190.0,,Pastick,,0.0,N,,,,,,
58.8561111,-157.8544444,2013-11-29,2,0,73.0,100.0,,Pastick,,0.0,N,,,,,,
59.0680556,-158.1927778,2013-11-29,2,0,80.0,190.0,,Pastick,,0.0,N,,,,,,
59.0677778,-158.1875,2013-11-29,2,0,150.0,190.0,,Pastick,,0.0,N,,,,,,
59.0502778,-158.5077778,2013-11-29,2,0,115.0,155.0,,Pastick,,0.0,N,,,,,,
59.5572222,-157.7822222,2013-11-29,2,0,120.0,150.0,,Pastick,,0.0,N,,,,,,
59.0436111,-158.5666667,2013-11-29,2,0,160.0,190.0,,Pastick,,0.0,N,,,,,,
59.0391667,-158.5547222,2013-11-29,2,0,130.0,170.0,,Pastick,,0.0,N,,,,,,
59.0330556,-158.5413889,2013-11-29,2,0,125.0,190.0,,Pastick,,0.0,N,,,,,,
59.0430556,-158.5422222,2013-11-29,2,0,100.0,190.0,,Pastick,,0.0,N,,,,,,
59.3433333,-157.4830556,2013-11-29,2,0,95.0,152.0,,Pastick,,0.0,N,,,,,,
58.6355556,-158.0694444,2013-11-29,2,0,170.0,183.0,,Pastick,,0.0,N,,,,,,
59.1966667,-158.1136111,2013-11-29,2,0,150.0,183.0,,Pastick,,0.0,N,,,,,,
59.2233333,-158.2166667,2013-11-29,2,0,170.0,175.0,,Pastick,,0.0,N,,,,,,
59.2230556,-158.2011111,2013-11-29,2,0,92.0,105.0,,Pastick,,0.0,N,,,,,,
59.2275,-158.1769444,2013-11-29,2,0,70.0,130.0,,Pastick,,0.0,N,,,,,,
58.8875,-158.4044444,2013-11-29,2,0,95.0,150.0,,Pastick,,0.0,N,,,,,,
59.2569444,-157.4883333,2013-11-29,2,0,47.0,80.0,,Pastick,,0.0,N,,,,,,
59.0627778,-158.4613889,2013-11-29,2,0,163.0,183.0,,Pastick,,0.0,N,,,,,,
59.0622222,-158.4622222,2013-11-29,2,0,30.0,183.0,,Pastick,,0.0,N,,,,,,
59.8494444,-160.0263889,2013-12-13,2,0,53.0,85.0,,Pastick,,0.0,N,,,,,,
59.6402778,-160.3622222,2013-12-06,2,0,117.0,161.0,,Pastick,,0.0,N,,,,,,
59.6538889,-160.3854167,2013-12-13,2,0,63.5,121.0,,Pastick,,0.0,N,,,,,,
59.0477778,-158.5347222,2013-11-29,2,0,90.0,171.0,,Pastick,,0.0,N,,,,,,
59.346354149999996,-158.3070111,2013-11-29,2,0,71.0,92.0,,Pastick,,0.0,N,,,,,,
58.8894444,-158.4277778,2013-11-29,2,0,78.0,120.0,,Pastick,,0.0,N,,,,,,
58.8611111,-158.2408333,2013-11-29,2,0,97.0,167.5,,Pastick,,0.0,N,,,,,,
58.7713889,-157.9230556,2013-11-29,2,0,113.5,167.5,,Pastick,,0.0,N,,,,,,
59.1872222,-158.3144444,2013-11-29,2,0,129.0,167.5,,Pastick,,0.0,N,,,,,,
59.1855556,-158.2977778,2013-11-29,2,0,100.0,129.0,,Pastick,,0.0,N,,,,,,
58.9877778,-157.0858333,2013-11-29,2,0,77.5,171.0,,Pastick,,0.0,N,,,,,,
59.5930556,-158.0947222,2013-11-29,2,0,100.0,121.0,,Pastick,,0.0,N,,,,,,
59.5944444,-158.0886111,2013-11-29,2,0,38.5,80.0,,Pastick,,0.0,N,,,,,,
59.5947222,-158.0827778,2013-11-29,2,0,107.5,130.0,,Pastick,,0.0,N,,,,,,
59.1694444,-157.5419444,2013-11-29,2,0,41.5,121.5,,Pastick,,0.0,N,,,,,,
59.1730556,-157.5416667,2013-11-29,2,0,115.0,180.0,,Pastick,,0.0,N,,,,,,
59.0777778,-157.3972222,2013-11-29,2,0,117.5,140.0,,Pastick,,0.0,N,,,,,,
59.5105556,-156.5883333,2013-11-29,2,0,88.5,100.0,,Pastick,,0.0,N,,,,,,
59.0713889,-158.4661111,2013-11-29,2,0,43.0,126.0,,Pastick,,0.0,N,,,,,,
59.4244444,-158.1363889,2013-11-29,2,0,56.0,161.0,,Pastick,,0.0,N,,,,,,
59.0588889,-158.2072222,2013-11-29,2,0,93.0,171.0,,Pastick,,0.0,N,,,,,,
58.7641667,-157.5508333,2013-11-29,2,0,48.5,171.0,,Pastick,,0.0,N,,,,,,
59.0013889,-158.33,2013-11-29,2,0,110.0,167.5,,Pastick,,0.0,N,,,,,,
58.9961111,-158.305,2013-11-29,2,0,47.0,151.5,,Pastick,,0.0,N,,,,,,
58.9938889,-158.2941667,2013-11-29,2,0,94.0,150.0,,Pastick,,0.0,N,,,,,,
58.9958333,-158.2925,2013-11-29,2,0,58.0,167.5,,Pastick,,0.0,N,,,,,,
59.0613889,-158.4377778,2013-11-29,2,0,83.0,166.0,,Pastick,,0.0,N,,,,,,
59.0536111,-158.5086111,2013-11-29,2,0,49.5,110.0,,Pastick,,0.0,N,,,,,,
59.0488889,-158.5130556,2013-11-29,2,0,108.5,180.0,,Pastick,,0.0,N,,,,,,
59.0516667,-158.5116667,2013-11-29,2,0,82.5,163.5,,Pastick,,0.0,N,,,,,,
59.6811111,-158.0694444,2013-11-29,2,0,101.5,150.0,,Pastick,,0.0,N,,,,,,
59.6736111,-157.5494444,2013-11-29,2,0,84.0,156.0,,Pastick,,0.0,N,,,,,,
59.6566667,-157.5591667,2013-11-29,2,0,87.0,156.0,,Pastick,,0.0,N,,,,,,
59.8041667,-157.8041667,2013-11-29,2,0,89.0,163.5,,Pastick,,0.0,N,,,,,,
59.9594444,-158.0388889,2013-11-29,2,0,47.0,121.0,,Pastick,,0.0,N,,,,,,
59.9605556,-158.0505556,2013-11-29,2,0,105.0,165.0,,Pastick,,0.0,N,,,,,,
59.9422222,-158.115,2013-11-29,2,0,45.0,152.0,,Pastick,,0.0,N,,,,,,
59.1938889,-158.0,2013-11-29,2,0,51.5,77.5,,Pastick,,0.0,N,,,,,,
59.1836111,-158.0144444,2013-11-29,2,0,57.0,87.5,,Pastick,,0.0,N,,,,,,
59.3236111,-157.8711111,2013-11-29,2,0,70.5,135.0,,Pastick,,0.0,N,,,,,,
59.1083333,-158.3197222,2013-11-29,2,0,60.0,130.0,,Pastick,,0.0,N,,,,,,
59.1077778,-158.3163889,2013-11-29,2,0,45.0,171.0,,Pastick,,0.0,N,,,,,,
59.2036111,-157.1705556,2013-11-29,2,0,85.0,135.0,,Pastick,,0.0,N,,,,,,
59.0647222,-157.1875,2013-11-29,2,0,106.0,152.0,,Pastick,,0.0,N,,,,,,
58.9072222,-157.3644444,2013-11-29,2,0,74.5,171.0,,Pastick,,0.0,N,,,,,,
58.8230556,-158.5395833,2013-11-29,2,0,152.5,186.5,,Pastick,,0.0,N,,,,,,
58.8377778,-158.5380556,2013-11-29,2,0,21.5,183.0,,Pastick,,0.0,N,,,,,,
59.9555556,-158.9069444,2013-11-29,2,0,52.5,105.0,,Pastick,,0.0,N,,,,,,
59.73,-157.24819445,2013-11-29,2,0,89.5,107.5,,Pastick,,0.0,N,,,,,,
59.7947222,-157.4355556,2013-11-29,2,0,85.0,155.0,,Pastick,,0.0,N,,,,,,
59.8180556,-157.5094444,2013-11-29,2,0,80.5,107.5,,Pastick,,0.0,N,,,,,,
59.5002778,-157.1829167,2013-11-29,2,0,113.5,135.0,,Pastick,,0.0,N,,,,,,
59.9659167,-157.8818889,2013-11-29,2,0,60.0,85.0,,Pastick,,0.0,N,,,,,,
59.0236111,-157.75875,2013-11-29,2,0,94.0,117.5,,Pastick,,0.0,N,,,,,,
60.4683333,-158.4397222,2013-11-29,2,0,50.5,100.0,,Pastick,,0.0,N,,,,,,
59.0691667,-158.4463889,2013-11-29,2,0,120.0,152.5,,Pastick,,0.0,N,,,,,,
59.0727778,-158.4502778,2013-11-29,2,0,95.0,171.5,,Pastick,,0.0,N,,,,,,
59.0736111,-158.4522222,2013-11-29,2,0,86.0,131.5,,Pastick,,0.0,N,,,,,,
59.0330556,-158.5202778,2013-11-29,2,0,65.0,130.0,,Pastick,,0.0,N,,,,,,
59.7055556,-158.3844444,2013-11-29,2,0,52.0,80.0,,Pastick,,0.0,N,,,,,,
59.6708333,-157.3255556,2013-11-29,2,0,94.0,168.5,,Pastick,,0.0,N,,,,,,
59.6436111,-157.2561111,2013-11-29,2,0,95.0,131.5,,Pastick,,0.0,N,,,,,,
60.009467650000005,-159.87428925,2013-12-13,2,0,92.5,122.5,,Pastick,,0.0,N,,,,,,
59.127883350000005,-159.083375,2013-04-08,2,0,63.0,152.0,,Pastick,,0.0,N,,,,,,
59.207814600000006,-160.36777685,2013-12-13,2,0,85.0,152.0,,Pastick,,0.0,N,,,,,,
59.026888299999996,-160.09429775,2013-12-13,2,0,80.5,115.0,,Pastick,,0.0,N,,,,,,
59.05338715,-159.74459695000002,2013-12-13,2,0,117.5,152.0,,Pastick,,0.0,N,,,,,,
64.02501925962788,-145.56713788036535,2004-06-21,2,0,0.0,103.5,,Pastick,1.0,0.0,N,,,,,,
63.97912439345114,-145.0599294405563,2004-07-13,2,0,0.0,260.0,,Pastick,3.0,4.5,N,,,,,,
63.92695023130604,-145.171169165753,2004-07-27,2,0,0.0,200.0,,Pastick,2.0,4.5,N,,,,,,
63.33070442875575,-151.75120637118508,1999-08-20,2,1,21.5,105.5,,Pastick,1.0,35.5,N,,,,,,
63.394327969871725,-152.0608247904815,1999-10-10,2,0,14.0,69.5,,Pastick,2.0,14.5,N,,,,,,
63.456870014312244,-151.99620433906685,2000-08-26,2,1,63.0,67.5,,Pastick,2.0,15.5,N,,,,,,
63.451277947214706,-150.81786155760386,1998-08-24,2,0,0.0,100.0,,Pastick,2.0,9.5,N,,,,,,
63.464430897383686,-152.01219083591982,2000-08-26,2,0,70.0,76.0,,Pastick,2.0,17.0,Y,,,,,,
63.45926028414551,-151.11578020068828,1998-08-20,2,0,21.5,92.5,,Pastick,1.0,19.0,N,,,,,,
63.4900241079281,-150.69183148943503,1999-07-23,2,1,19.0,81.5,,Pastick,2.0,20.0,N,,,,,,
63.51068228338282,-150.73782901158285,1999-07-23,2,1,46.0,46.0,,Pastick,2.0,39.0,N,,,,,,
63.51094116450953,-150.7371651983444,1999-07-23,2,1,39.0,52.0,,Pastick,1.0,39.0,N,,,,,,
63.51651010786291,-150.36460148584214,1997-07-18,2,0,0.0,125.0,,Pastick,2.0,2.5,N,,,,,,
63.58279407158088,-151.85564755287302,1999-09-03,2,0,28.5,70.0,,Pastick,2.0,70.0,N,,,,,,
63.57856639480475,-150.25152423464766,1999-07-23,2,0,0.0,110.0,,Pastick,4.0,4.0,N,,,,,,
63.615699959238526,-151.60395901436786,1999-08-04,2,1,48.0,48.0,,Pastick,1.0,42.5,N,,,,,,
63.612812596543094,-150.75708988176916,1998-08-11,2,0,68.5,68.5,,Pastick,5.0,4.0,Y,,,,,,
63.67660849936065,-150.17157991051943,1998-07-13,2,0,0.0,100.0,,Pastick,1.0,1.0,N,,,,,,
63.69142301040355,-150.02505710130396,1998-07-12,2,0,0.0,55.5,,Pastick,2.0,8.0,N,,,,,,
63.7141147035432,-150.77220408053785,1998-08-10,2,0,72.5,90.0,,Pastick,1.0,12.0,Y,,,,,,
63.754161673843726,-152.17410343643775,2000-09-09,2,0,0.0,150.0,,Pastick,2.0,1.0,N,,,,,,
63.80834138261411,-150.05106482872924,1999-07-23,2,1,47.5,50.5,,Pastick,1.0,46.0,N,,,,,,
63.81859594310795,-150.5535318308436,1998-07-27,2,1,63.0,73.0,,Pastick,5.0,15.0,N,,,,,,
63.878502166852414,-150.81948154192503,1998-09-07,2,0,24.5,115.0,,Pastick,2.0,109.0,N,,,,,,
63.886524747686394,-151.3790106446902,2000-08-14,2,0,0.0,125.0,,Pastick,2.0,1.0,N,,,,,,
63.88563537306792,-150.337183556043,1998-08-06,2,0,0.0,135.0,,Pastick,1.0,3.0,N,,,,,,
64.00157254868098,-151.76601687514727,2000-08-12,2,0,28.5,98.0,,Pastick,1.0,93.5,N,,,,,,
63.98136599291429,-150.16649586497635,1998-08-07,2,1,14.0,68.0,,Pastick,5.0,14.0,Y,,,,,,
63.71935827325692,-149.13328446048104,1997-09-09,2,0,0.0,100.0,,Pastick,1.0,11.0,N,,,,,,
63.69508430373433,-150.00156305657745,1998-07-12,2,1,77.0,86.0,,Pastick,9.0,17.5,N,,,,,,
63.57268298104293,-148.9705219371715,1998-07-15,2,1,48.0,98.0,,Pastick,1.0,11.0,N,,,,,,
63.83088660910773,-149.98044357394076,1998-07-23,2,1,19.5,78.5,,Pastick,1.0,62.0,N,,,,,,
63.44189262496655,-149.0106163643889,2000-06-21,2,0,0.0,150.0,,Pastick,3.0,8.5,N,,,,,,
63.71969840703994,-149.19874122196399,2002-08-07,2,0,45.5,120.5,,Pastick,1.0,9.5,N,,,,,,
63.76647576039449,-149.4239723293053,1997-07-19,2,1,41.0,113.0,,Pastick,3.0,1.0,N,,,,,,
63.77431711734619,-149.4174008576606,1997-07-19,2,1,93.5,103.5,,Pastick,2.0,37.0,N,,,,,,
63.69136554863385,-149.39602008433073,1997-07-26,2,1,78.5,78.5,,Pastick,2.0,27.5,N,,,,,,
63.681133545314324,-149.44514342680213,1997-07-26,2,0,0.0,125.0,,Pastick,2.0,0.5,N,,,,,,
63.56398077009077,-149.3331602295196,1997-07-28,2,1,73.5,77.5,,Pastick,5.0,10.0,N,,,,,,
63.78504651694468,-149.6985603250948,1997-08-08,2,0,0.0,110.0,,Pastick,8.0,2.0,N,,,,,,
63.969970589029195,-149.23521618118747,1997-08-10,2,0,16.0,94.0,,Pastick,1.0,17.0,N,,,,,,
63.962124589044365,-149.4560567806788,1997-08-12,2,1,102.0,102.0,,Pastick,1.0,21.0,N,,,,,,
63.932485385290526,-149.64078579001853,1997-08-13,2,1,77.5,77.5,,Pastick,2.0,10.5,N,,,,,,
63.72192211675001,-149.17021570417788,1997-08-22,2,0,18.0,78.0,,Pastick,2.0,10.0,N,,,,,,
63.63947710267023,-149.63057254240448,1997-08-24,2,1,22.5,102.5,,Pastick,4.0,11.0,N,,,,,,
63.67901843019973,-148.81873619842452,1997-08-26,3,0,0.0,133.33333333333334,,Pastick,3.0,7.333333333333333,N,,,,,,
64.1777272181459,-146.65594794810738,2002-06-13,2,1,36.5,61.5,,Pastick,2.0,27.5,N,,,,,,
64.15291350398803,-146.7182870921261,2002-06-14,2,1,41.0,50.0,,Pastick,1.0,40.0,N,,,,,,
64.02425601716654,-146.44013331515785,2002-06-15,2,1,22.5,29.5,,Pastick,2.0,22.5,N,,,,,,
63.965960941880965,-146.6009142446705,2002-06-16,2,1,13.0,31.0,,Pastick,2.0,17.5,N,,,,,,
64.24001849111978,-146.71853523263925,2003-06-18,2,0,0.0,54.0,,Pastick,5.0,7.0,N,,,,,,
63.81862993631842,-147.0336321241291,2003-06-23,2,1,8.0,46.0,,Pastick,3.0,18.5,Y,,,,,,
63.98599922153494,-146.82139519019347,2002-06-27,2,0,0.0,55.0,,Pastick,2.0,18.0,N,,,,,,
63.82581561765349,-146.82184158690592,2003-07-04,2,1,30.0,38.5,,Pastick,6.0,38.5,Y,,,,,,
63.92538283462878,-146.17702875142388,2002-07-12,2,0,20.0,76.0,,Pastick,1.0,14.0,N,,,,,,
63.881577078605204,-146.79803523322636,2003-07-20,2,1,21.0,55.0,,Pastick,6.0,43.5,N,,,,,,
63.722017717132786,-146.20000927541514,2003-07-23,2,1,18.5,64.0,,Pastick,3.0,17.0,N,,,,,,
63.90064397297295,-145.97259623132052,2002-07-28,2,1,44.0,61.5,,Pastick,2.0,59.0,N,,,,,,
63.874621809447916,-146.76793112391425,2003-08-13,2,1,17.5,35.5,,Pastick,5.0,11.5,N,,,,,,
63.77376745413121,-146.25029448173436,2003-08-15,2,1,33.0,52.0,,Pastick,9.0,33.0,N,,,,,,
64.0639518733945,-146.70326353448434,2002-08-24,2,0,0.0,95.0,,Pastick,3.0,6.0,N,,,,,,
63.78832904907007,-146.84846714182953,2003-08-28,2,0,0.0,51.0,,Pastick,7.0,12.0,N,,,,,,
63.81867460787109,-146.63465813914172,2003-08-30,2,0,0.0,41.0,,Pastick,1.0,2.0,Y,,,,,,
67.13696527775002,-150.861163889,2008-08-10,2,1,84.0,84.0,,Pastick,,13.5,,,,,,,
67.8698841665,-150.8775214245,2008-08-06,2,0,0.0,12.5,,Pastick,,0.0,,,,,,,
63.64570428697703,-158.0099496934468,2010-07-16,2,0,40.0,,,Pastick,,,,,,,,,
63.645970577724576,-158.01049124163956,2010-07-16,4,0,69.25,,,Pastick,,,,,,,,,
63.64623686650397,-158.0110327996597,2010-07-16,4,0,61.25,,,Pastick,,,,,,,,,
63.64650315325172,-158.01157436782444,2010-07-16,4,0,63.25,,,Pastick,,,,,,,,,
63.64680272345149,-158.0121836439511,2010-07-16,3,0,52.0,,,Pastick,,,,,,,,,
62.90131570980364,-159.42352317767478,2010-07-21,2,0,56.5,,,Pastick,,,,,,,,,
62.90156789421752,-159.4240833497996,2010-07-21,4,0,37.0,,,Pastick,,,,,,,,,
62.901820076460716,-159.42464353124706,2010-07-21,4,0,47.0,,,Pastick,,,,,,,,,
62.90210377884669,-159.42527374670325,2010-07-21,3,0,59.333333333333336,,,Pastick,,,,,,,,,
62.902355956328165,-159.42583394860105,2010-07-21,3,0,,,,Pastick,,,,,,,,,
62.90292613149436,-159.4850810480634,2010-07-22,4,0,57.333333333333336,,,Pastick,,,,,,,,,
62.90308510423466,-159.48452815642887,2010-07-22,3,0,53.333333333333336,,,Pastick,,,,,,,,,
62.90322136481637,-159.48405424442072,2010-07-22,3,0,40.666666666666664,,,Pastick,,,,,,,,,
62.90342575265528,-159.48334336800906,2010-07-22,4,0,40.25,,,Pastick,,,,,,,,,
62.90363013701858,-159.4826324819747,2010-07-22,3,0,48.333333333333336,,,Pastick,,,,,,,,,
63.00255166398312,-159.18574174155265,2010-07-23,2,0,48.5,,,Pastick,,,,,,,,,
63.00245433319377,-159.18540994768796,2010-07-23,2,0,54.5,,,Pastick,,,,,,,,,
63.00277065536534,-159.18648828593925,2010-07-23,3,0,55.333333333333336,,,Pastick,,,,,,,,,
63.002648993992146,-159.18607353762616,2010-07-23,2,0,52.5,,,Pastick,,,,,,,,,
63.0030869693756,-159.18756664729105,2010-07-23,2,0,33.5,,,Pastick,,,,,,,,,
63.00296531109137,-159.18715189023473,2010-07-23,3,0,49.333333333333336,,,Pastick,,,,,,,,,
63.00330595110046,-159.18831321901192,2010-07-23,3,1,53.0,,,Pastick,,,,,,,,,
63.00318429509245,-159.1878984555131,2010-07-23,2,0,47.0,,,Pastick,,,,,,,,,
63.003756141487614,-159.18576695551914,2010-07-24,4,0,89.66666666666667,,,Pastick,,,,,,,,,
63.00405628305407,-159.1859709152097,2010-07-24,3,0,88.33333333333333,,,Pastick,,,,,,,,,
63.00427066969847,-159.1861166032703,2010-07-24,2,0,110.0,,,Pastick,,,,,,,,,
63.00457081072371,-159.18632057032082,2010-07-24,3,0,105.0,,,Pastick,,,,,,,,,
63.00482807421874,-159.1864954024979,2010-07-24,3,0,134.5,,,Pastick,,,,,,,,,
63.005042460296764,-159.1866410982612,2010-07-24,2,0,,,,Pastick,,,,,,,,,
62.9103024125105,-159.52312647662757,2010-07-24,3,0,85.33333333333333,,,Pastick,,,,,,,,,
62.910342051170396,-159.52254245520305,2010-07-24,3,1,56.333333333333336,,,Pastick,,,,,,,,,
62.91038168741469,-159.5219584321898,2010-07-24,3,0,58.333333333333336,,,Pastick,,,,,,,,,
62.91042132124332,-159.52137440758807,2010-07-24,3,0,0.0,,,Pastick,,,,,,,,,
62.91046755771291,-159.5206930435819,2010-07-24,2,0,0.0,,,Pastick,,,,,,,,,
62.91050058165368,-159.52020635361944,2010-07-24,3,0,0.0,,,Pastick,,,,,,,,,
62.91838928036605,-159.48637388134696,2010-07-25,3,0,72.0,,,Pastick,,,,,,,,,
62.918582481941954,-159.48612358352693,2010-07-25,2,0,88.5,,,Pastick,,,,,,,,,
62.91889160347576,-159.485723099726,2010-07-25,4,0,89.25,,,Pastick,,,,,,,,,
62.9192007239386,-159.4853226080212,2010-07-25,2,0,58.0,,,Pastick,,,,,,,,,
62.919432563473634,-159.48502223324863,2010-07-25,4,0,63.75,,,Pastick,,,,,,,,,
62.91970304218156,-159.48467179048097,2010-07-25,3,0,48.333333333333336,,,Pastick,,,,,,,,,
62.92686360768437,-159.4992068139711,2010-07-25,2,0,51.0,,,Pastick,,,,,,,,,
62.92708487711226,-159.49912508628623,2010-07-25,3,0,48.333333333333336,,,Pastick,,,,,,,,,
62.927394654222034,-159.4990106654676,2010-07-25,4,0,45.5,,,Pastick,,,,,,,,,
62.927704431232634,-159.4988962423602,2010-07-25,3,0,57.666666666666664,,,Pastick,,,,,,,,,
62.92796995429952,-159.49879816344912,2010-07-25,3,0,90.0,,,Pastick,,,,,,,,,
62.92827973111597,-159.49868373586202,2010-07-25,2,0,45.0,,,Pastick,,,,,,,,,
62.92845674639193,-159.49861834756695,2010-07-25,2,0,62.5,,,Pastick,,,,,,,,,
63.02571700723246,-158.9060069175607,2010-07-27,3,0,79.33333333333333,,,Pastick,,,,,,,,,
63.025896055814314,-158.9053218395401,2010-07-27,3,0,65.33333333333333,,,Pastick,,,,,,,,,
63.02603034007063,-158.9048080255127,2010-07-27,3,0,67.66666666666667,,,Pastick,,,,,,,,,
63.02618700261406,-158.90420856968964,2010-07-27,4,0,59.5,,,Pastick,,,,,,,,,
63.02632128292542,-158.90369474568817,2010-07-27,2,0,70.0,,,Pastick,,,,,,,,,
63.02647794076251,-158.90309527796623,2010-07-27,3,0,65.66666666666667,,,Pastick,,,,,,,,,
63.02841703822139,-158.90160799755927,2010-07-27,2,0,25.5,,,Pastick,,,,,,,,,
63.02863723103534,-158.90151298766008,2010-07-27,3,0,35.666666666666664,,,Pastick,,,,,,,,,
63.02894550085565,-158.90137997139146,2010-07-27,4,0,31.666666666666668,,,Pastick,,,,,,,,,
63.02925377054358,-158.90124695244515,2010-07-27,3,0,15.0,,,Pastick,,,,,,,,,
63.02947396309266,-158.90115193719066,2010-07-27,2,0,8.5,,,Pastick,,,,,,,,,
63.02978223253651,-158.9010189133095,2010-07-27,3,0,36.5,,,Pastick,,,,,,,,,
63.03000242491535,-158.90092389461205,2010-07-27,2,0,24.5,,,Pastick,,,,,,,,,
62.95039470692422,-159.5752196669794,2010-08-04,3,0,49.333333333333336,,,Pastick,,,,,,,,,
62.950587666403926,-159.57455486759508,2010-08-04,3,0,58.666666666666664,,,Pastick,,,,,,,,,
62.95073238396322,-159.57405626230351,2010-08-04,3,0,61.666666666666664,,,Pastick,,,,,,,,,
62.95092533797484,-159.57339144757705,2010-08-04,3,0,62.333333333333336,,,Pastick,,,,,,,,,
62.95111828886177,-159.57272662408357,2010-08-04,3,0,76.33333333333333,,,Pastick,,,,,,,,,
62.951238881619936,-159.57231110506228,2010-08-04,2,0,75.0,,,Pastick,,,,,,,,,
62.9503839446564,-159.71003040809742,2010-08-04,3,0,104.33333333333333,,,Pastick,,,,,,,,,
62.95036812666569,-159.70944017185437,2010-08-04,3,0,69.33333333333333,,,Pastick,,,,,,,,,
62.95035230620792,-159.70884993623324,2010-08-04,3,1,72.66666666666667,,,Pastick,,,,,,,,,
62.95033648328313,-159.70825970123414,2010-08-04,3,0,90.33333333333333,,,Pastick,,,,,,,,,
62.950320657891346,-159.70766946685706,2010-08-04,3,0,91.66666666666667,,,Pastick,,,,,,,,,
62.95030483003253,-159.7070792331023,2010-08-04,3,0,114.66666666666667,,,Pastick,,,,,,,,,
62.95029163832273,-159.70658737210096,2010-08-04,2,1,91.5,,,Pastick,,,,,,,,,
62.98294939049018,-159.51544281719418,2010-08-05,2,0,67.5,,,Pastick,,,,,,,,,
62.98317231077299,-159.5153866283476,2010-08-05,3,0,83.0,,,Pastick,,,,,,,,,
62.9834398150758,-159.5153192006455,2010-08-05,3,0,54.333333333333336,,,Pastick,,,,,,,,,
62.983707319337434,-159.51525177172135,2010-08-05,3,0,63.666666666666664,,,Pastick,,,,,,,,,
62.98401940758939,-159.51517310305894,2010-08-05,4,0,56.75,,,Pastick,,,,,,,,,
62.9843314957879,-159.51509443281228,2010-08-05,3,0,76.33333333333333,,,Pastick,,,,,,,,,
62.9845544158955,-159.51503823876047,2010-08-05,2,0,43.5,,,Pastick,,,,,,,,,
62.97300031158653,-159.52909604453268,2010-08-05,3,0,51.666666666666664,,,Pastick,,,,,,,,,
62.973049246079825,-159.52851417945044,2010-08-05,3,0,47.0,,,Pastick,,,,,,,,,
62.97309817817936,-159.52793231241165,2010-08-05,3,0,54.0,,,Pastick,,,,,,,,,
62.9731389531558,-159.52744742176344,2010-08-05,2,0,61.0,,,Pastick,,,,,,,,,
62.97319603519711,-159.52676857246482,2010-08-05,3,0,56.333333333333336,,,Pastick,,,,,,,,,
62.97324496011535,-159.52618669955694,2010-08-05,3,0,59.666666666666664,,,Pastick,,,,,,,,,
62.96834702659462,-159.58989017963088,2010-08-06,3,0,49.333333333333336,,,Pastick,,,,,,,,,
62.96859010507227,-159.58963571438096,2010-08-06,3,0,45.333333333333336,,,Pastick,,,,,,,,,
62.968833183087945,-159.58938124491317,2010-08-06,3,0,36.666666666666664,,,Pastick,,,,,,,,,
62.96911677350735,-159.58908435839962,2010-08-06,4,0,41.5,,,Pastick,,,,,,,,,
62.96940036332788,-159.58878746641815,2010-08-06,3,0,46.333333333333336,,,Pastick,,,,,,,,,
62.969643439803555,-159.58853298288997,2010-08-06,3,0,42.0,,,Pastick,,,,,,,,,
62.95445619186089,-159.5832361244738,2010-08-06,3,0,49.333333333333336,,,Pastick,,,,,,,,,
62.9547067470229,-159.58301958164702,2010-08-06,3,0,42.0,,,Pastick,,,,,,,,,
62.954999060960674,-159.5827669437642,2010-08-06,2,0,56.5,,,Pastick,,,,,,,,,
62.955207856336415,-159.58258648490752,2010-08-06,3,0,60.333333333333336,,,Pastick,,,,,,,,,
62.95545841048792,-159.58236993099462,2010-08-06,3,0,66.0,,,Pastick,,,,,,,,,
62.95579248216589,-159.5820811866955,2010-08-06,3,0,64.33333333333333,,,Pastick,,,,,,,,,
62.98437726497653,-159.2021739631415,2010-08-07,3,1,96.66666666666667,,,Pastick,,,,,,,,,
62.984598691894575,-159.20266383616064,2010-08-07,4,1,117.0,,,Pastick,,,,,,,,,
62.984883381138104,-159.20329368379646,2010-08-07,5,0,109.4,,,Pastick,,,,,,,,,
62.98516806766414,-159.20392354323738,2010-08-07,4,0,107.0,,,Pastick,,,,,,,,,
62.985421119938415,-159.2044834287897,2010-08-07,4,0,123.25,,,Pastick,,,,,,,,,
62.95603944120279,-159.63321210824282,2010-08-09,3,0,41.333333333333336,,,Pastick,,,,,,,,,
62.955995296374645,-159.63262873718054,2010-08-09,3,0,39.0,,,Pastick,,,,,,,,,
62.955951149135366,-159.63204536786364,2010-08-09,3,0,38.666666666666664,,,Pastick,,,,,,,,,
62.95591435798339,-159.63155922805913,2010-08-09,2,0,47.0,,,Pastick,,,,,,,,,
62.95617186122059,-159.63496223190091,2010-08-09,3,0,31.666666666666668,,,Pastick,,,,,,,,,
62.95612772362579,-159.63437885560313,2010-08-09,3,0,33.666666666666664,,,Pastick,,,,,,,,,
62.95609094051075,-159.63389270998093,2010-08-09,2,0,42.5,,,Pastick,,,,,,,,,
64.88948167628018,-148.11837779930195,2002-09-10,2,0,0.0,52.0,,Pastick,2.0,13.0,Y,,,,,,
64.82087607729268,-148.39042890056157,2003-07-08,2,1,53.5,72.0,,Pastick,2.0,37.0,N,,,,,,
64.35688011509556,-149.08307874963924,2003-08-20,2,1,21.5,94.0,,Pastick,2.0,58.5,N,,,,,,
64.35470025523259,-149.0575365369799,2003-08-20,2,1,61.5,67.5,,Pastick,8.0,10.0,N,,,,,,
64.24418358112342,-149.11771354016128,2003-08-12,2,1,38.5,53.5,,Pastick,3.0,16.0,N,,,,,,
65.4603776538101,-143.500291753728,2008-07-02,2,0,0.0,85.0,,Pastick,,3.0,N,,,,,,
65.09284823637364,-143.38765491426147,2008-07-08,2,0,0.0,69.0,,Pastick,,1.5,N,,,,,,
65.32136669453823,-143.85821376761425,2008-08-15,2,1,31.5,66.5,,Pastick,,14.5,N,,,,,,
65.4524704397486,-143.62405130527645,2008-08-01,2,1,31.5,66.5,,Pastick,,42.5,N,,,,,,
65.61216684336242,-143.7400160735321,2008-06-30,2,0,0.0,108.5,,Pastick,,33.0,N,,,,,,
65.08753119369756,-143.5769274799893,2008-07-14,2,1,32.0,69.0,,Pastick,,31.0,N,,,,,,
63.46269255177652,-150.22074848149188,2018-08-14,1122,1,52.00204099821752,52.00204099821747,,Patton_2021,1114.0,,,,,,,,
63.46265773169126,-150.2204517133653,2018-08-14,875,1,45.92823999999999,45.92823999999999,,Patton_2021,846.0,,,,,,,,
63.46284553331472,-150.22076279250336,2018-08-14,1419,1,60.22086680761106,60.220866807610996,,Patton_2021,1976.0,,,,,,,,
63.46293337558692,-150.2201934882683,2018-08-14,2784,1,73.28715517241392,73.28715517241379,,Patton_2021,2346.0,,,,,,,,
63.46292311384199,-150.21993196573945,2018-08-14,354,1,81.27062146892662,81.27062146892656,,Patton_2021,377.0,,,,,,,,
63.46305923466112,-150.2202639973948,2018-08-14,452,1,64.88170353982304,64.88170353982301,,Patton_2021,2450.0,,,,,,,,
63.52333846482425,-155.93725294024756,2018-08-16,1026,1,91.17024366471722,91.17024366471735,,Patton_2021,1009.0,,,,,,,,
63.52339726924109,-155.93687080847064,2018-08-16,459,1,116.64030501089337,116.64030501089323,,Patton_2021,890.0,,,,,,,,
63.52343498064648,-155.9363268094221,2018-08-16,448,1,110.22421874999988,110.22421874999999,,Patton_2021,1461.0,,,,,,,,
63.52359781763217,-155.937278061004,2018-08-16,487,1,87.39112936344969,87.39112936344968,,Patton_2021,400.0,,,,,,,,
63.523507644227934,-155.93676557753932,2018-08-15,441,1,91.42349206349216,91.42349206349206,,Patton_2021,393.0,,,,,,,,
63.52386433298312,-155.93737655206505,2018-08-16,238,1,65.12605042016808,65.12605042016807,,Patton_2021,0.0,,,,,,,,
63.52376260194265,-155.93706645987785,2018-08-16,155,1,88.34909677419354,88.34909677419355,,Patton_2021,238.0,,,,,,,,
63.52298918630113,-155.9367019144501,2018-08-16,577,1,104.60116117850956,104.60116117850953,,Patton_2021,2202.0,,,,,,,,
63.52309495029681,-155.9361970939847,2018-08-16,159,1,113.42238993710694,113.42238993710691,,Patton_2021,2056.0,,,,,,,,
63.52312123870024,-155.93609412328308,2018-08-16,610,1,107.10093442622929,107.10093442622951,,Patton_2021,1910.0,,,,,,,,
70.23667100000601,-148.4599352502947,2020-08-17,19,1,38.63157894736842,38.63157894736842,0.0,Peirce_2020,0.0,,,,,,,,
70.23685550000651,-148.45987887531896,2020-08-17,22,1,36.09090909090909,36.09090909090909,0.0,Peirce_2020,19.0,,,,,,,,
70.23564100000155,-148.46225674991393,2020-08-17,19,1,39.26315789473684,39.26315789473684,0.0,Peirce_2020,0.0,,,,,,,,
70.23582550000168,-148.46227212490683,2020-08-17,22,1,36.27272727272727,36.27272727272727,0.0,Peirce_2020,19.0,,,,,,,,
70.23424487827104,-148.46691609589908,2020-08-17,25,1,40.8,40.8,0.0,Peirce_2020,0.0,,,,,,,,
70.23438987824028,-148.4672510961293,2020-08-17,16,1,41.0625,41.0625,0.0,Peirce_2020,25.0,,,,,,,,
70.22897439077713,-148.4204653535116,2020-08-15,10,1,51.7,51.7,0.0,Peirce_2020,67.0,,,,,,,,
70.22892869310861,-148.41993875786258,2020-08-15,31,1,46.774193548387096,46.774193548387096,0.0,Peirce_2020,36.0,,,,,,,,
70.22885958658277,-148.4191424466025,2020-08-15,31,1,45.96774193548387,45.96774193548387,0.0,Peirce_2020,5.0,,,,,,,,
70.22881945873544,-148.4186800745442,2020-08-15,5,1,47.4,47.4,0.0,Peirce_2020,0.0,,,,,,,,
70.2292474292395,-148.42361213318256,2020-08-15,7,1,53.142857142857146,53.142857142857146,0.0,Peirce_2020,191.0,,,,,,,,
70.22920508389215,-148.4231240560087,2020-08-15,31,1,52.25806451612903,52.25806451612903,0.0,Peirce_2020,160.0,,,,,,,,
70.22913599149432,-148.42232772350675,2020-08-15,31,1,53.064516129032256,53.064516129032256,0.0,Peirce_2020,129.0,,,,,,,,
70.2290668955644,-148.4215313963149,2020-08-15,31,1,51.0,51.0,0.0,Peirce_2020,98.0,,,,,,,,
70.22900894149555,-148.42086351296768,2020-08-15,21,1,49.23809523809524,49.23809523809524,0.0,Peirce_2020,77.0,,,,,,,,
70.22933991536121,-148.42467820404744,2020-08-15,28,1,48.642857142857146,48.642857142857146,0.0,Peirce_2020,222.0,,,,,,,,
70.22928197295074,-148.4240103031733,2020-08-15,24,1,49.916666666666664,49.916666666666664,0.0,Peirce_2020,198.0,,,,,,,,
70.23965766685231,-148.45969473011957,2020-08-17,30,1,41.6,41.6,0.0,Peirce_2020,71.0,,,,,,,,
70.23974437869323,-148.45914388520768,2020-08-17,16,1,40.25,40.25,0.0,Peirce_2020,55.0,,,,,,,,
70.2398065839119,-148.458748710812,2020-08-17,17,1,43.76470588235294,43.76470588235294,0.0,Peirce_2020,38.0,,,,,,,,
70.23990083249399,-148.45814995689298,2020-08-17,33,1,45.515151515151516,45.515151515151516,0.0,Peirce_2020,5.0,,,,,,,,
70.23997246030851,-148.45769490085266,2020-08-17,5,1,49.2,49.2,0.0,Peirce_2020,0.0,,,,,,,,
70.22146622320057,-148.4736620134203,2020-08-15,5,1,48.6,48.6,0.0,Peirce_2020,180.0,,,,,,,,
70.22168752415502,-148.47334057115413,2020-08-15,6,1,55.333333333333336,55.333333333333336,0.0,Peirce_2020,150.0,,,,,,,,
70.22196917909791,-148.47293145299204,2020-08-15,6,1,56.833333333333336,56.833333333333336,0.0,Peirce_2020,115.0,,,,,,,,
70.22226290398275,-148.47250478936505,2020-08-15,24,1,56.75,56.75,0.0,Peirce_2020,79.0,,,,,,,,
70.22238763618357,-148.47232360002155,2020-08-15,6,1,47.333333333333336,47.333333333333336,0.0,Peirce_2020,73.0,,,,,,,,
70.22252443898509,-148.4721248731311,2020-08-15,28,1,49.0,49.0,0.0,Peirce_2020,45.0,,,,,,,,
70.22276987878949,-148.47176832750867,2020-08-15,33,1,55.39393939393939,55.39393939393939,0.0,Peirce_2020,12.0,,,,,,,,
70.22293484616976,-148.47152867779778,2020-08-15,8,1,59.875,59.875,0.0,Peirce_2020,4.0,,,,,,,,
70.22309645157958,-148.47129014227914,2020-08-15,11,1,66.0909090909091,66.0909090909091,0.0,Peirce_2020,1.0,,,,,,,,
70.22330993390985,-148.47098181724436,2020-08-15,34,1,56.705882352941174,56.705882352941174,0.0,Peirce_2020,8.0,,,,,,,,
70.22347941125673,-148.47073882849185,2020-08-15,8,1,48.0,48.0,0.0,Peirce_2020,42.0,,,,,,,,
70.22361257175575,-148.47054790542757,2020-08-15,25,1,52.84,52.84,0.0,Peirce_2020,50.0,,,,,,,,
70.2238235956347,-148.47024533796295,2020-08-15,27,1,46.148148148148145,46.148148148148145,0.0,Peirce_2020,75.0,,,,,,,,
70.2240201224007,-148.46996355070416,2020-08-15,2,1,45.5,45.5,0.0,Peirce_2020,110.0,,,,,,,,
70.2241613523585,-148.46976104589584,2020-08-15,5,1,54.4,54.4,0.0,Peirce_2020,120.0,,,,,,,,
70.22438328470705,-148.46944281866908,2020-08-15,6,1,44.5,44.5,0.0,Peirce_2020,145.0,,,,,,,,
70.22456486532981,-148.46918244619295,2020-08-15,3,1,49.666666666666664,49.666666666666664,0.0,Peirce_2020,175.0,,,,,,,,
70.22468591885563,-148.4690088618307,2020-08-15,3,1,46.0,46.0,0.0,Peirce_2020,190.0,,,,,,,,
70.19604525044234,-148.4225438702893,2020-08-16,25,1,58.92,58.92,0.0,Peirce_2020,76.0,,,,,,,,
70.19631708365051,-148.4232347820985,2020-08-16,25,1,56.28,56.28,0.0,Peirce_2020,36.0,,,,,,,,
70.19618116741,-148.42288932372912,2020-08-16,15,1,54.666666666666664,54.666666666666664,0.0,Peirce_2020,61.0,,,,,,,,
70.19659570993055,-148.42394298540324,2020-08-16,15,1,53.81818181818182,53.81818181818182,0.0,Peirce_2020,0.0,,,,,,,,
70.19647338654238,-148.42363206454348,2020-08-16,21,1,54.61904761904762,54.61904761904762,0.0,Peirce_2020,15.0,,,,,,,,
70.19689829135868,-148.4247096803558,2020-08-16,13,1,96.55555555555556,98.3076923076923,31.46153846153846,Peirce_2020,13.0,,,,,,,,
70.19680952785396,-148.42448698288243,2020-08-16,13,1,66.0,69.07692307692308,8.153846153846153,Peirce_2020,0.0,,,,,,,,
70.19719530568209,-148.42545487423124,2020-08-16,6,1,45.0,45.0,0.0,Peirce_2020,60.0,,,,,,,,
70.19705874768758,-148.4251122541935,2020-08-16,34,1,64.06451612903226,71.17647058823529,12.764705882352942,Peirce_2020,26.0,,,,,,,,
70.19733527678044,-148.42580606558008,2020-08-16,35,1,49.74285714285714,49.74285714285714,0.0,Peirce_2020,66.0,,,,,,,,
70.19588735447043,-148.42711776244616,2020-08-16,7,1,53.142857142857146,53.142857142857146,0.0,Peirce_2020,38.0,,,,,,,,
70.19584014632267,-148.42681835171243,2020-08-16,18,1,53.833333333333336,53.833333333333336,0.0,Peirce_2020,20.0,,,,,,,,
70.19605541116684,-148.42818367640956,2020-08-16,30,1,48.56666666666667,48.56666666666667,0.0,Peirce_2020,71.0,,,,,,,,
70.19594966832638,-148.42751298706634,2020-08-16,26,1,50.46153846153846,50.46153846153846,0.0,Peirce_2020,45.0,,,,,,,,
61.168280324324314,-162.77270590540545,2016-08-15,74,1,81.25006668331085,81.25006668331082,,Schaefer_2020,,,,,,,,,
61.16822513461538,-162.77231576923072,2016-08-15,156,1,76.54454799667737,76.54454799667735,,Schaefer_2020,,,,,,,,,
61.16851957281554,-162.77446258252428,2016-08-15,103,1,68.09249753999998,68.09249753999998,,Schaefer_2020,,,,,,,,,
61.16851748648647,-162.77394513513514,2016-08-15,74,1,87.76421479054054,87.76421479054054,,Schaefer_2020,,,,,,,,,
61.168417368421046,-162.77338883333334,2016-08-15,114,1,87.64402156552626,87.64402156552633,,Schaefer_2020,,,,,,,,,
61.16837568571431,-162.77300862857146,2016-08-15,35,1,80.14469978114285,80.14469978114286,,Schaefer_2020,,,,,,,,,
61.16846871212122,-162.7723311818182,2016-08-15,132,1,71.88387314375001,71.88387314375001,,Schaefer_2020,,,,,,,,,
61.16874422727273,-162.7721480681818,2016-08-15,132,1,70.89110614268937,70.8911061426894,,Schaefer_2020,,,,,,,,,
61.16893422222223,-162.7720304126984,2016-08-15,63,1,66.78333494380952,66.78333494380954,,Schaefer_2020,,,,,,,,,
61.16907123943661,-162.77194571830992,2016-08-15,71,1,77.4970538580282,77.49705385802817,,Schaefer_2020,,,,,,,,,
61.16929021929824,-162.77182996491226,2016-08-15,114,1,62.04454199105267,62.04454199105264,,Schaefer_2020,,,,,,,,,
61.16957256692912,-162.77165140157462,2016-08-15,127,1,66.09992311639763,66.09992311639763,,Schaefer_2020,,,,,,,,,
61.16977091250003,-162.7715476125,2016-08-15,80,1,62.065401310812476,62.065401310812504,,Schaefer_2020,,,,,,,,,
61.16829448888892,-162.7775251703704,2016-08-15,135,1,61.593863848222206,61.59386384822222,,Schaefer_2020,,,,,,,,,
61.16847644390243,-162.77738208780488,2016-08-15,205,1,64.76154918848782,64.7615491884878,,Schaefer_2020,,,,,,,,,
61.16854926804124,-162.77676727835055,2016-08-15,97,1,74.15713021364434,74.15713021364432,,Schaefer_2020,,,,,,,,,
61.168637166666656,-162.77653575,2016-08-15,12,1,77.22772769166666,77.22772769166667,,Schaefer_2020,,,,,,,,,
61.16872885185187,-162.77721411111108,2016-08-15,81,1,67.22188044827162,67.2218804482716,,Schaefer_2020,,,,,,,,,
61.16887206451615,-162.77698329032253,2016-08-15,31,1,59.306329171612894,59.306329171612894,,Schaefer_2020,,,,,,,,,
61.16869797520656,-162.77624961983472,2016-08-15,121,1,76.43100726780993,76.43100726780992,,Schaefer_2020,,,,,,,,,
61.168733701030945,-162.77575379381443,2016-08-15,97,1,73.99302027360824,73.99302027360824,,Schaefer_2020,,,,,,,,,
61.1687478888889,-162.7753722962963,2016-08-15,27,1,79.3594825725926,79.35948257259258,,Schaefer_2020,,,,,,,,,
61.16903435820898,-162.77668646268663,2016-08-15,134,1,53.15866042619401,53.15866042619403,,Schaefer_2020,,,,,,,,,
61.169230568181824,-162.7765754090909,2016-08-15,44,1,55.18435314795454,55.184353147954546,,Schaefer_2020,,,,,,,,,
61.16936775862069,-162.7765077413793,2016-08-15,58,1,60.73659580689655,60.73659580689655,,Schaefer_2020,,,,,,,,,
61.16946607692309,-162.7764386153846,2016-08-15,13,1,75.82644289461538,75.8264428946154,,Schaefer_2020,,,,,,,,,
61.16974267032967,-162.78152853846166,2016-08-17,91,1,66.82492569574173,66.82492569574175,,Schaefer_2020,,,,,,,,,
61.16998431034485,-162.7815911551724,2016-08-17,116,1,63.811133993257364,63.81113399325738,,Schaefer_2020,,,,,,,,,
61.17025280722893,-162.78180374698792,2016-08-17,83,1,50.57346893162651,50.5734689316265,,Schaefer_2020,,,,,,,,,
61.170109999999994,-162.78169350000002,2016-08-17,2,1,66.31721242,66.31721242,,Schaefer_2020,,,,,,,,,
61.170519019230774,-162.78193950961534,2016-08-17,104,1,52.92436904365387,52.92436904365384,,Schaefer_2020,,,,,,,,,
61.17074046153844,-162.781926087912,2016-08-17,91,1,64.17894499895601,64.17894499895604,,Schaefer_2020,,,,,,,,,
61.171005483870964,-162.78178246774192,2016-08-17,62,1,62.14987357564514,62.14987357564515,,Schaefer_2020,,,,,,,,,
61.17113702857142,-162.78167977142857,2016-08-17,35,1,50.61802338714286,50.61802338714286,,Schaefer_2020,,,,,,,,,
61.17142824561404,-162.78352112280697,2016-08-17,57,1,63.22544047614035,63.22544047614034,,Schaefer_2020,,,,,,,,,
61.17135522772278,-162.78310748514846,2016-08-17,101,1,56.16433233465344,56.16433233465345,,Schaefer_2020,,,,,,,,,
61.17134928571426,-162.78256137662333,2016-08-17,77,1,62.74480091974025,62.74480091974026,,Schaefer_2020,,,,,,,,,
61.17139882539678,-162.781929968254,2016-08-17,126,1,53.929645446269824,53.92964544626984,,Schaefer_2020,,,,,,,,,
61.17126574603174,-162.78167530158737,2016-08-17,63,1,55.07862564452382,55.078625644523804,,Schaefer_2020,,,,,,,,,
61.1716790989011,-162.7847068901099,2016-08-17,91,1,69.24185692758243,69.24185692758242,,Schaefer_2020,,,,,,,,,
61.17155781896554,-162.7842230517241,2016-08-17,116,1,62.07340582629311,62.073405826293126,,Schaefer_2020,,,,,,,,,
61.17147630434784,-162.7838094565217,2016-08-17,46,1,65.27447510913044,65.27447510913044,,Schaefer_2020,,,,,,,,,
61.17195270886076,-162.78578962025315,2016-08-17,79,1,62.50339130924049,62.503391309240506,,Schaefer_2020,,,,,,,,,
61.17183260714285,-162.78532536904757,2016-08-17,84,1,63.600809186309476,63.600809186309505,,Schaefer_2020,,,,,,,,,
61.17174370833334,-162.784996625,2016-08-17,24,1,55.19961160791666,55.199611607916665,,Schaefer_2020,,,,,,,,,
61.17216205007352,-162.7863989176471,2016-08-17,136,1,55.46924405340442,55.46924405340441,,Schaefer_2020,,,,,,,,,
61.17202904081632,-162.78607381632654,2016-08-17,49,1,59.415402443469375,59.4154024434694,,Schaefer_2020,,,,,,,,,
61.17239985006454,-162.7865149522581,2016-08-17,155,1,61.146981568,61.146981568,,Schaefer_2020,,,,,,,,,
61.17267202443181,-162.7865513136364,2016-08-17,176,1,54.5983191202841,54.598319120284096,,Schaefer_2020,,,,,,,,,
61.172948407526896,-162.78659882258074,2016-08-17,186,1,57.9862994753495,57.98629947534947,,Schaefer_2020,,,,,,,,,
61.17309937775002,-162.78662192500002,2016-08-17,40,1,63.901606003358346,63.90160600335834,,Schaefer_2020,,,,,,,,,
61.17003559210525,-162.77601163157894,2016-08-15,76,1,66.71213835930924,66.71213835930921,,Schaefer_2020,,,,,,,,,
61.17025419266057,-162.7760146422018,2016-08-15,109,1,64.86183734311929,64.86183734311928,,Schaefer_2020,,,,,,,,,
61.17053374444444,-162.77603906666673,2016-08-15,90,1,61.95400620455558,61.95400620455556,,Schaefer_2020,,,,,,,,,
61.17080458928575,-162.77623429464282,2016-08-15,112,1,63.43677122665922,63.436771226659225,,Schaefer_2020,,,,,,,,,
61.17106686440677,-162.77628337288147,2016-08-15,118,1,65.45135910610168,65.45135910610169,,Schaefer_2020,,,,,,,,,
61.17134011627907,-162.7762207596901,2016-08-15,129,1,76.8356421344961,76.83564213449613,,Schaefer_2020,,,,,,,,,
61.17161270634919,-162.77624484126974,2016-08-15,126,1,60.58380797873016,60.58380797873016,,Schaefer_2020,,,,,,,,,
61.171869930232525,-162.77632341085265,2016-08-15,129,1,75.30505529217055,75.30505529217055,,Schaefer_2020,,,,,,,,,
61.1720296923077,-162.7762953846154,2016-08-15,13,1,70.33637010846154,70.33637010846154,,Schaefer_2020,,,,,,,,,
61.170049538461555,-162.77107153846157,2016-08-15,13,1,48.08313335096154,48.08313335096154,,Schaefer_2020,,,,,,,,,
61.17006333980582,-162.77043533009706,2016-08-15,103,1,65.93312989339806,65.93312989339806,,Schaefer_2020,,,,,,,,,
61.170133499999984,-162.77018229999996,2016-08-15,20,1,58.088679175,58.088679175,,Schaefer_2020,,,,,,,,,
61.17020779999999,-162.77034020000002,2016-08-16,15,1,72.53333333333333,72.53333333333333,,Schaefer_2020,,,,,,,,,
61.170167571428564,-162.770179,2016-08-15,7,1,71.53814327142857,71.53814327142857,,Schaefer_2020,,,,,,,,,
61.1706190909091,-162.77029784090908,2016-08-15,44,1,68.53811238886364,68.53811238886364,,Schaefer_2020,,,,,,,,,
61.17062452777777,-162.77015449999993,2016-08-15,36,1,64.91695102305555,64.91695102305556,,Schaefer_2020,,,,,,,,,
61.17092074736841,-162.77165165263153,2016-08-15,95,1,68.95270002915788,68.95270002915788,,Schaefer_2020,,,,,,,,,
61.17090452884615,-162.7709990576924,2016-08-15,104,1,70.45254930875001,70.45254930875,,Schaefer_2020,,,,,,,,,
61.17077326229509,-162.77049476229513,2016-08-15,122,1,68.45838519928962,68.45838519928962,,Schaefer_2020,,,,,,,,,
61.17120368750002,-162.77421052083332,2016-08-15,48,1,77.5193322275,77.5193322275,,Schaefer_2020,,,,,,,,,
61.17106723913043,-162.77393155434783,2016-08-15,92,1,68.79777094467391,68.7977709446739,,Schaefer_2020,,,,,,,,,
61.171024979021034,-162.77327886013987,2016-08-15,143,1,121.46299366958047,121.46299366958041,,Schaefer_2020,,,,,,,,,
61.17116109230769,-162.77274192307686,2016-08-15,65,1,66.07659656651283,66.0765965665128,,Schaefer_2020,,,,,,,,,
61.17111508947368,-162.77216009473688,2016-08-15,190,1,59.47850093572367,59.478500935723694,,Schaefer_2020,,,,,,,,,
61.170973000000004,-162.7718805,2016-08-15,2,1,74.046786735,74.046786735,,Schaefer_2020,,,,,,,,,
61.17145741509431,-162.77478984905662,2016-08-15,53,1,57.258416133584916,57.258416133584916,,Schaefer_2020,,,,,,,,,
61.17132214583333,-162.77449726041672,2016-08-15,96,1,66.19314479885419,66.19314479885416,,Schaefer_2020,,,,,,,,,
61.17137516931217,-162.77266529100538,2016-08-15,189,1,70.30785327989425,70.30785327989418,,Schaefer_2020,,,,,,,,,
61.17172137037038,-162.77530301851857,2016-08-15,54,1,89.1759140077778,89.1759140077778,,Schaefer_2020,,,,,,,,,
61.17157759302325,-162.77506387209306,2016-08-15,86,1,76.72919174081395,76.72919174081396,,Schaefer_2020,,,,,,,,,
61.17164373725494,-162.77283099999988,2016-08-15,255,1,68.9233854493138,68.92338544931373,,Schaefer_2020,,,,,,,,,
61.171918456000014,-162.77532153599995,2016-08-15,125,1,74.6862780116,74.68627801160001,,Schaefer_2020,,,,,,,,,
61.17187995384617,-162.77295232307685,2016-08-15,195,1,65.21386184573744,65.21386184573741,,Schaefer_2020,,,,,,,,,
61.17218765306121,-162.77555161224493,2016-08-15,147,1,73.03630221986393,73.03630221986394,,Schaefer_2020,,,,,,,,,
61.172202838709666,-162.77310230645156,2016-08-15,124,1,64.41248716536289,64.41248716536289,,Schaefer_2020,,,,,,,,,
61.17213947945205,-162.77296846575342,2016-08-15,73,1,62.76763040075341,62.767630400753426,,Schaefer_2020,,,,,,,,,
61.17232546153846,-162.77583169230763,2016-08-15,13,1,88.68121540615385,88.68121540615385,,Schaefer_2020,,,,,,,,,
61.172574315789475,-162.77358194736846,2016-08-15,19,1,65.1494572168421,65.14945721684211,,Schaefer_2020,,,,,,,,,
61.17244821264369,-162.77335669540216,2016-08-15,174,1,61.76982123063222,61.76982123063219,,Schaefer_2020,,,,,,,,,
61.17274037908496,-162.77380449019597,2016-08-15,153,1,70.9991600627451,70.9991600627451,,Schaefer_2020,,,,,,,,,
61.17270830107526,-162.77352644086017,2016-08-15,93,1,70.52524454268817,70.52524454268816,,Schaefer_2020,,,,,,,,,
61.17301808974358,-162.7742511538461,2016-08-15,78,1,63.720779304743594,63.72077930474359,,Schaefer_2020,,,,,,,,,
61.172981656441735,-162.77384846012268,2016-08-15,163,1,63.1799764430062,63.17997644300614,,Schaefer_2020,,,,,,,,,
61.173379449999985,-162.77794509999995,2016-08-15,40,1,61.198352242,61.19835224200001,,Schaefer_2020,,,,,,,,,
61.17334955140183,-162.77713646728975,2016-08-15,107,1,62.61638981453272,62.61638981453272,,Schaefer_2020,,,,,,,,,
61.17332084146342,-162.77669089024386,2016-08-15,82,1,57.6462977290244,57.64629772902439,,Schaefer_2020,,,,,,,,,
61.1733096,-162.7761273,2016-08-15,20,1,78.6856855165,78.6856855165,,Schaefer_2020,,,,,,,,,
61.17328050000002,-162.7754777282609,2016-08-15,92,1,65.60215674369569,65.60215674369566,,Schaefer_2020,,,,,,,,,
61.1732360638298,-162.77501374468082,2016-08-15,94,1,65.73512662138299,65.73512662138297,,Schaefer_2020,,,,,,,,,
61.173224945812805,-162.77447549753688,2016-08-15,203,1,70.67759804857145,70.67759804857143,,Schaefer_2020,,,,,,,,,
61.173141687499985,-162.77408550000004,2016-08-15,16,1,56.065563464375,56.065563464375,,Schaefer_2020,,,,,,,,,
61.173577735294124,-162.7780762941177,2016-08-15,68,1,63.38136341411767,63.38136341411766,,Schaefer_2020,,,,,,,,,
61.173449,-162.77801588372094,2016-08-15,43,1,71.68156333744186,71.68156333744186,,Schaefer_2020,,,,,,,,,
61.173531784946235,-162.77479759139786,2016-08-15,93,1,66.81526717516131,66.81526717516131,,Schaefer_2020,,,,,,,,,
61.17340357142858,-162.7746742857143,2016-08-15,7,1,57.306058677142865,57.306058677142865,,Schaefer_2020,,,,,,,,,
61.173788431192655,-162.77827670642205,2016-08-15,109,1,73.21082738194191,73.21082738194191,,Schaefer_2020,,,,,,,,,
61.17390849999999,-162.775467625,2016-08-15,24,1,50.44277102291665,50.442771022916666,,Schaefer_2020,,,,,,,,,
61.17408867567567,-162.77840564864863,2016-08-15,74,1,64.41018450777028,64.41018450777027,,Schaefer_2020,,,,,,,,,
61.173985634146334,-162.7755283414634,2016-08-15,41,1,58.380679857804864,58.380679857804886,,Schaefer_2020,,,,,,,,,
61.174398588235285,-162.78381789411767,2016-08-17,85,1,58.892788461176444,58.892788461176465,,Schaefer_2020,,,,,,,,,
61.17437676635513,-162.7834051588785,2016-08-17,107,1,62.28959540186916,62.289595401869164,,Schaefer_2020,,,,,,,,,
61.17435592857143,-162.7782712142857,2016-08-15,98,1,64.00922673469385,64.00922673469387,,Schaefer_2020,,,,,,,,,
61.17434877464787,-162.7760743732394,2016-08-15,142,1,52.799935044647874,52.799935044647896,,Schaefer_2020,,,,,,,,,
61.174652348314574,-162.78552004494384,2016-08-17,89,1,64.5386676539326,64.53866765393259,,Schaefer_2020,,,,,,,,,
61.17469418446603,-162.78505827184463,2016-08-17,103,1,65.08463053980581,65.08463053980583,,Schaefer_2020,,,,,,,,,
61.17468141044776,-162.78445386567168,2016-08-17,134,1,66.24092036417908,66.2409203641791,,Schaefer_2020,,,,,,,,,
61.17453841538461,-162.7840919230769,2016-08-17,65,1,65.9830810707692,65.98308107076923,,Schaefer_2020,,,,,,,,,
61.174498423076905,-162.78312561538465,2016-08-17,26,1,73.02558304615386,73.02558304615386,,Schaefer_2020,,,,,,,,,
61.17464042857144,-162.78284980714284,2016-08-17,140,1,59.599646179999986,59.59964618,,Schaefer_2020,,,,,,,,,
61.17453257777778,-162.77809473333335,2016-08-15,45,1,62.78530128711111,62.78530128711109,,Schaefer_2020,,,,,,,,,
61.17466968115942,-162.77797937681163,2016-08-15,69,1,69.61636422869567,69.61636422869567,,Schaefer_2020,,,,,,,,,
61.17463364150943,-162.77649799056604,2016-08-15,106,1,62.1186928291038,62.11869282910378,,Schaefer_2020,,,,,,,,,
61.17450029032257,-162.77633048387096,2016-08-15,31,1,54.09194109483868,54.091941094838695,,Schaefer_2020,,,,,,,,,
61.17488206722691,-162.78267906722692,2016-08-17,119,1,53.61959958655461,53.61959958655462,,Schaefer_2020,,,,,,,,,
61.17487573333332,-162.77779642857143,2016-08-15,105,1,67.81420113609524,67.81420113609525,,Schaefer_2020,,,,,,,,,
61.17484259016392,-162.77665854098365,2016-08-15,61,1,65.49904605180329,65.49904605180329,,Schaefer_2020,,,,,,,,,
61.175085968253946,-162.7827917777778,2016-08-17,63,1,68.20092811428572,68.20092811428572,,Schaefer_2020,,,,,,,,,
61.17515174311924,-162.77782611926622,2016-08-15,109,1,72.75928469899084,72.75928469899083,,Schaefer_2020,,,,,,,,,
61.17515492682925,-162.77673478048771,2016-08-15,123,1,70.02942335747973,70.02942335747966,,Schaefer_2020,,,,,,,,,
61.17541568292682,-162.78270975609757,2016-08-17,41,1,59.80115268292684,59.801152682926826,,Schaefer_2020,,,,,,,,,
61.175542666666686,-162.77807266666665,2016-08-16,15,1,71.451734514,71.451734514,,Schaefer_2020,,,,,,,,,
61.175405472727256,-162.7778966909091,2016-08-15,110,1,77.41121894090911,77.41121894090911,,Schaefer_2020,,,,,,,,,
61.1755419,-162.7769482,2016-08-16,10,1,83.74171870400001,83.74171870400001,,Schaefer_2020,,,,,,,,,
61.17539766666667,-162.7768676770833,2016-08-15,96,1,66.31712538395837,66.31712538395834,,Schaefer_2020,,,,,,,,,
61.17569388888887,-162.78272153703705,2016-08-17,54,1,75.77083151111114,75.77083151111111,,Schaefer_2020,,,,,,,,,
61.175791398148164,-162.78222124074085,2016-08-17,108,1,68.42502957777774,68.42502957777776,,Schaefer_2020,,,,,,,,,
61.17579597297298,-162.78184762162164,2016-08-17,37,1,66.2525573837838,66.25255738378378,,Schaefer_2020,,,,,,,,,
61.17570284210525,-162.77818510526313,2016-08-16,76,1,71.75929995789473,71.75929995789473,,Schaefer_2020,,,,,,,,,
61.1756888842975,-162.77705481818185,2016-08-16,121,1,65.69765224909092,65.69765224909091,,Schaefer_2020,,,,,,,,,
61.175873857142854,-162.78259399999996,2016-08-17,56,1,72.66922955,72.66922955,,Schaefer_2020,,,,,,,,,
61.17584969047619,-162.78248935714288,2016-08-17,42,1,86.48355056190476,86.48355056190476,,Schaefer_2020,,,,,,,,,
61.175863373493975,-162.78158803614457,2016-08-17,83,1,69.51069825542166,69.51069825542167,,Schaefer_2020,,,,,,,,,
61.175980893939354,-162.781053810606,2016-08-17,132,1,61.1817166431818,61.18171664318182,,Schaefer_2020,,,,,,,,,
61.176068759162305,-162.78060148691108,2016-08-17,191,1,88.72878207074044,88.72878207074044,,Schaefer_2020,,,,,,,,,
61.176060947019856,-162.78004359602642,2016-08-17,151,1,76.78756816026491,76.78756816026491,,Schaefer_2020,,,,,,,,,
61.17588346938774,-162.77808838775513,2016-08-16,49,1,58.55890067510203,58.558900675102045,,Schaefer_2020,,,,,,,,,
61.17603039622642,-162.77799162264154,2016-08-16,53,1,74.97174970132075,74.97174970132075,,Schaefer_2020,,,,,,,,,
61.17597038211381,-162.77727918699188,2016-08-16,123,1,62.47898675239838,62.47898675239836,,Schaefer_2020,,,,,,,,,
61.17613793749999,-162.779757625,2016-08-17,32,1,77.3246559,77.3246559,,Schaefer_2020,,,,,,,,,
61.17623984999999,-162.7796714583333,2016-08-17,120,1,82.16494784166666,82.16494784166665,,Schaefer_2020,,,,,,,,,
61.176252931250005,-162.7777522125,2016-08-16,160,1,72.09174093849998,72.09174093850001,,Schaefer_2020,,,,,,,,,
61.17618924137933,-162.77745363793105,2016-08-16,58,1,61.04718896862067,61.04718896862069,,Schaefer_2020,,,,,,,,,
61.17650787939703,-162.7793909849246,2016-08-17,199,1,80.04588348643213,80.04588348643217,,Schaefer_2020,,,,,,,,,
61.17659977142857,-162.77895851428568,2016-08-17,105,1,71.38981988571429,71.38981988571427,,Schaefer_2020,,,,,,,,,
61.176484760479035,-162.77767176646725,2016-08-16,167,1,68.42681623949109,68.42681623949102,,Schaefer_2020,,,,,,,,,
61.1766511,-162.778661,2016-08-17,30,1,61.55088391999997,61.55088391999998,,Schaefer_2020,,,,,,,,,
61.176667190839716,-162.77833933587792,2016-08-17,131,1,76.26579373740459,76.26579373740458,,Schaefer_2020,,,,,,,,,
61.176763355844166,-162.77768991688313,2016-08-16,385,1,62.566879200450146,62.56687920045021,,Schaefer_2020,,,,,,,,,
61.17671314285716,-162.7774408333334,2016-08-16,42,1,59.28071187500001,59.280711875000016,,Schaefer_2020,,,,,,,,,
61.17711344444447,-162.77809771111112,2016-08-16,45,1,49.94478488722223,49.94478488722222,,Schaefer_2020,,,,,,,,,
61.177019295081955,-162.7777933879782,2016-08-16,183,1,66.13938378718578,66.1393837871858,,Schaefer_2020,,,,,,,,,
61.17731388034188,-162.77819426495722,2016-08-16,117,1,61.67690040470089,61.67690040470086,,Schaefer_2020,,,,,,,,,
61.17730651063826,-162.77766990425533,2016-08-16,94,1,73.06172258010639,73.06172258010639,,Schaefer_2020,,,,,,,,,
61.177627249005546,-162.77827624806648,2016-08-16,181,1,58.691551126735746,58.691551126735725,,Schaefer_2020,,,,,,,,,
61.17757957831325,-162.77761877108438,2016-08-16,83,1,80.09669595939756,80.09669595939761,,Schaefer_2020,,,,,,,,,
61.177852804539945,-162.7783639969325,2016-08-16,326,1,69.84785866819018,69.84785866819018,,Schaefer_2020,,,,,,,,,
61.177854821428596,-162.77760172619054,2016-08-16,84,1,66.65836463083335,66.65836463083335,,Schaefer_2020,,,,,,,,,
61.178182885393234,-162.77871648539323,2016-08-16,178,1,66.70321682752109,66.70321682752108,,Schaefer_2020,,,,,,,,,
61.17805538270833,-162.77852926302089,2016-08-16,192,1,63.27786963347223,63.27786963347222,,Schaefer_2020,,,,,,,,,
61.178129811111106,-162.77765634444432,2016-08-16,90,1,67.35372653195594,67.35372653195596,,Schaefer_2020,,,,,,,,,
61.17846565000001,-162.779213975,2016-08-16,40,1,65.11380052550001,65.1138005255,,Schaefer_2020,,,,,,,,,
61.17834281392587,-162.77882335814797,2016-08-16,270,1,65.50620855628132,65.50620855628134,,Schaefer_2020,,,,,,,,,
61.17841356164385,-162.77772968493153,2016-08-16,73,1,64.86895965465753,64.86895965465753,,Schaefer_2020,,,,,,,,,
61.17866532499999,-162.77941875,2016-08-16,120,1,56.805936534166676,56.80593653416666,,Schaefer_2020,,,,,,,,,
61.178670698795166,-162.7778571927711,2016-08-16,83,1,82.64388436951808,82.64388436951808,,Schaefer_2020,,,,,,,,,
61.17899725373133,-162.7809236716417,2016-08-16,67,1,59.88859504029848,59.88859504029851,,Schaefer_2020,,,,,,,,,
61.179029057971,-162.78063660869574,2016-08-16,69,1,68.30449435864736,68.30449435864735,,Schaefer_2020,,,,,,,,,
61.179003556390974,-162.7800207969925,2016-08-16,133,1,64.30701337595114,64.30701337595112,,Schaefer_2020,,,,,,,,,
61.178834529411766,-162.77957264705879,2016-08-16,34,1,77.41251304823531,77.41251304823531,,Schaefer_2020,,,,,,,,,
61.179015055555546,-162.77807375,2016-08-16,36,1,64.61073769027779,64.61073769027777,,Schaefer_2020,,,,,,,,,
61.178878333333344,-162.77799910526318,2016-08-16,57,1,83.7968956142105,83.79689561421051,,Schaefer_2020,,,,,,,,,
61.2077689923664,-162.66678044274792,2016-08-25,131,1,68.47379906244275,68.47379906244275,0.0,Schaefer_2020,,,,,,,,,
61.17908135185184,-162.78052007407405,2016-08-17,108,1,75.00077118692897,75.000771186929,,Schaefer_2020,,,,,,,,,
61.17930428205129,-162.77964820512824,2016-08-16,39,1,42.77027724403846,42.770277244038475,,Schaefer_2020,,,,,,,,,
61.17917007499999,-162.77819910000002,2016-08-16,40,1,95.23183077274999,95.23183077275,,Schaefer_2020,,,,,,,,,
61.1794824567901,-162.78107956790117,2016-08-17,162,1,61.36322481998459,61.363224819984566,,Schaefer_2020,,,,,,,,,
61.17949901587302,-162.77979306349206,2016-08-16,63,1,64.54953435904763,64.54953435904761,,Schaefer_2020,,,,,,,,,
61.179378175,-162.77969672500004,2016-08-16,40,1,73.5843834135,73.58438341349999,,Schaefer_2020,,,,,,,,,
61.17947606930691,-162.77846867326733,2016-08-16,101,1,61.9046237127882,61.9046237127882,,Schaefer_2020,,,,,,,,,
61.17983695238095,-162.7814359047619,2016-08-17,21,1,57.30509548190474,57.30509548190474,,Schaefer_2020,,,,,,,,,
61.17971457983195,-162.78130642857147,2016-08-17,119,1,77.95054727235296,77.95054727235295,,Schaefer_2020,,,,,,,,,
61.1797293809524,-162.7798059115646,2016-08-16,147,1,66.10346799564626,66.10346799564626,,Schaefer_2020,,,,,,,,,
61.17984635849057,-162.77968083018874,2016-08-16,53,1,85.94295719641511,85.94295719641508,,Schaefer_2020,,,,,,,,,
61.17975260824744,-162.77828278350506,2016-08-16,97,1,66.91975491773196,66.91975491773195,,Schaefer_2020,,,,,,,,,
61.18006532727272,-162.78210701818185,2016-08-17,55,1,77.77885814554547,77.77885814554547,,Schaefer_2020,,,,,,,,,
61.17994165833332,-162.78171707500005,2016-08-17,120,1,66.50024547883332,66.50024547883332,,Schaefer_2020,,,,,,,,,
61.18001476623379,-162.77975902597402,2016-08-16,77,1,57.72094415181816,57.72094415181818,,Schaefer_2020,,,,,,,,,
61.17991244859813,-162.7796799626168,2016-08-16,107,1,75.39461745803759,75.39461745803763,,Schaefer_2020,,,,,,,,,
61.1798830909091,-162.7780590909091,2016-08-16,11,1,70.57841483818181,70.57841483818181,,Schaefer_2020,,,,,,,,,
61.180014956043934,-162.77790186813186,2016-08-16,91,1,78.07512731527468,78.07512731527471,,Schaefer_2020,,,,,,,,,
61.18028422580646,-162.78310016129032,2016-08-17,31,1,53.43302772629033,53.43302772629033,,Schaefer_2020,,,,,,,,,
61.18033945145632,-162.7828878106797,2016-08-17,206,1,69.56810629422732,69.56810629422733,,Schaefer_2020,,,,,,,,,
61.18019363636363,-162.78239241558444,2016-08-17,77,1,75.35324593129869,75.35324593129872,,Schaefer_2020,,,,,,,,,
61.18030823076923,-162.7798390000001,2016-08-16,117,1,89.04673021068375,89.04673021068378,,Schaefer_2020,,,,,,,,,
61.18027754444446,-162.77766377777775,2016-08-16,90,1,65.12384839822224,65.12384839822222,,Schaefer_2020,,,,,,,,,
61.18060832857142,-162.78316067142853,2016-08-17,70,1,56.8418717682143,56.8418717682143,,Schaefer_2020,,,,,,,,,
61.1804888148148,-162.78301009876546,2016-08-17,81,1,97.47660086716046,97.4766008671605,,Schaefer_2020,,,,,,,,,
61.1805913298969,-162.77976186597937,2016-08-16,97,1,115.37257107179092,115.37257107179089,,Schaefer_2020,,,,,,,,,
61.180474000000025,-162.77752990625004,2016-08-16,32,1,69.41319025562498,69.413190255625,,Schaefer_2020,,,,,,,,,
61.18060898076923,-162.7774118076923,2016-08-16,52,1,65.42462698711537,65.42462698711539,,Schaefer_2020,,,,,,,,,
61.18082156194688,-162.78326642035387,2016-08-17,226,1,86.52103022723449,86.5210302272345,,Schaefer_2020,,,,,,,,,
61.180816399999976,-162.7797703523809,2016-08-16,105,1,90.23598449609523,90.23598449609524,,Schaefer_2020,,,,,,,,,
61.18082520779222,-162.7773216883118,2016-08-16,77,1,70.11963611668831,70.11963611668831,,Schaefer_2020,,,,,,,,,
61.181182328125,-162.78374993750003,2016-08-17,64,1,69.66371895984375,69.66371895984375,,Schaefer_2020,,,,,,,,,
61.18106713043477,-162.78341362608703,2016-08-17,115,1,65.11977418969201,65.11977418969202,,Schaefer_2020,,,,,,,,,
61.18103097014925,-162.77974356716422,2016-08-16,67,1,87.3771631169403,87.3771631169403,,Schaefer_2020,,,,,,,,,
61.181157878048786,-162.77969760975606,2016-08-16,41,1,102.70579804,102.70579803999998,,Schaefer_2020,,,,,,,,,
61.18108365217391,-162.77719279347824,2016-08-16,92,1,76.05110167956522,76.05110167956522,,Schaefer_2020,,,,,,,,,
61.18144184415584,-162.78427212987012,2016-08-17,77,1,56.92762608275973,56.92762608275973,,Schaefer_2020,,,,,,,,,
61.18136557823127,-162.7840479591837,2016-08-17,147,1,63.820721383129246,63.82072138312923,,Schaefer_2020,,,,,,,,,
61.18136528282832,-162.77959154545456,2016-08-16,99,1,73.07212588080807,73.07212588080807,,Schaefer_2020,,,,,,,,,
61.18130112499998,-162.77700351562498,2016-08-16,64,1,72.2151683884375,72.2151683884375,,Schaefer_2020,,,,,,,,,
61.181435450000016,-162.77688705,2016-08-16,40,1,74.54860344299999,74.548603443,,Schaefer_2020,,,,,,,,,
61.23291110958904,-162.57932469863007,2016-09-01,73,1,71.39185491054796,71.39185491054795,0.0,Schaefer_2020,,,,,,,,,
61.18159782075473,-162.78410546226416,2016-08-17,106,1,62.500998891792456,62.50099889179244,,Schaefer_2020,,,,,,,,,
61.18160089285715,-162.77938207142859,2016-08-16,84,1,84.35987840827377,84.35987840827381,,Schaefer_2020,,,,,,,,,
61.18161978217821,-162.7767291584159,2016-08-16,101,1,65.8927911611386,65.8927911611386,,Schaefer_2020,,,,,,,,,
61.181898043955975,-162.78459743956043,2016-08-17,182,1,68.22033757504576,68.22033757504579,,Schaefer_2020,,,,,,,,,
61.18182337142859,-162.77920205714284,2016-08-16,35,1,60.62816438828572,60.62816438828572,,Schaefer_2020,,,,,,,,,
61.18195189855074,-162.77905037681157,2016-08-16,69,1,66.2357232982609,66.23572329826087,,Schaefer_2020,,,,,,,,,
61.1820252,-162.7769308,2016-08-16,5,1,69.627235962,69.627235962,,Schaefer_2020,,,,,,,,,
61.181893679012354,-162.77681685185183,2016-08-16,81,1,63.05143057141976,63.05143057141976,,Schaefer_2020,,,,,,,,,
61.18216846703298,-162.78615502197798,2016-08-17,182,1,57.095619536300354,57.095619536300354,,Schaefer_2020,,,,,,,,,
61.182204613138666,-162.78564285401464,2016-08-17,137,1,55.41891039377618,55.41891039377616,,Schaefer_2020,,,,,,,,,
61.18217751111115,-162.78503386666665,2016-08-17,135,1,65.53009391622226,65.53009391622221,,Schaefer_2020,,,,,,,,,
61.18206802222221,-162.78467119999993,2016-08-17,45,1,81.9639725651111,81.9639725651111,,Schaefer_2020,,,,,,,,,
61.182077850000006,-162.7787702333334,2016-08-16,60,1,65.03171330233334,65.03171330233333,,Schaefer_2020,,,,,,,,,
61.18220136752138,-162.77832704273504,2016-08-16,117,1,70.51482302961537,70.51482302961539,,Schaefer_2020,,,,,,,,,
61.182295,-162.77804,2016-08-16,3,1,75.77557431000001,75.77557431000001,,Schaefer_2020,,,,,,,,,
61.18215907017544,-162.77711099122803,2016-08-16,114,1,71.65492018166667,71.65492018166667,,Schaefer_2020,,,,,,,,,
61.182481794871784,-162.78768287179483,2016-08-17,117,1,67.40177938136755,67.40177938136753,,Schaefer_2020,,,,,,,,,
61.18235,-162.78751881818184,2016-08-17,22,1,63.63360688363636,63.63360688363636,,Schaefer_2020,,,,,,,,,
61.182442783999996,-162.7865927599999,2016-08-17,125,1,65.89944609279996,65.89944609279999,,Schaefer_2020,,,,,,,,,
61.1823085,-162.7864225,2016-08-17,10,1,58.389884151000004,58.389884151000004,,Schaefer_2020,,,,,,,,,
61.182368958333285,-162.7777239097222,2016-08-16,144,1,66.06439317704279,66.06439317704283,,Schaefer_2020,,,,,,,,,
61.182738049586774,-162.7882882231404,2016-08-17,121,1,73.70487595661157,73.70487595661157,,Schaefer_2020,,,,,,,,,
61.18264724637682,-162.7879822028985,2016-08-17,69,1,71.70101707297101,71.70101707297101,,Schaefer_2020,,,,,,,,,
61.18270372262774,-162.78681747445262,2016-08-17,137,1,58.75532476284671,58.75532476284671,,Schaefer_2020,,,,,,,,,
61.182976703125,-162.78851384374997,2016-08-17,128,1,61.559077057265625,61.559077057265625,,Schaefer_2020,,,,,,,,,
61.18303267469883,-162.7871024698795,2016-08-17,83,1,56.20553418903617,56.20553418903614,,Schaefer_2020,,,,,,,,,
61.18290575757573,-162.78697543939396,2016-08-17,66,1,52.540391144924236,52.54039114492424,,Schaefer_2020,,,,,,,,,
61.18324905882353,-162.78855205882348,2016-08-17,102,1,57.77353036019608,57.77353036019607,,Schaefer_2020,,,,,,,,,
61.18334102439024,-162.78763048780488,2016-08-17,41,1,51.792004238292684,51.79200423829268,,Schaefer_2020,,,,,,,,,
61.183215755319125,-162.78737653191484,2016-08-17,94,1,58.44092352719858,58.44092352719858,,Schaefer_2020,,,,,,,,,
61.18343806542055,-162.78835686915895,2016-08-17,107,1,70.14038314238319,70.14038314238317,,Schaefer_2020,,,,,,,,,
61.18352439,-162.78792100999996,2016-08-17,200,1,61.21555356967504,61.215553569674995,,Schaefer_2020,,,,,,,,,
61.18388718181818,-162.7887386909091,2016-08-17,55,1,83.8684632617208,83.86846326172078,,Schaefer_2020,,,,,,,,,
61.183846607142875,-162.78840680000008,2016-08-17,140,1,56.69420170848129,56.69420170848129,,Schaefer_2020,,,,,,,,,
61.183759953488384,-162.7879226046512,2016-08-17,215,1,63.15657993841394,63.15657993841395,,Schaefer_2020,,,,,,,,,
61.18396525,-162.78872015909084,2016-08-17,44,1,77.52159680863635,77.52159680863635,,Schaefer_2020,,,,,,,,,
61.184093495495496,-162.78855952252258,2016-08-17,111,1,66.59078989774774,66.59078989774774,,Schaefer_2020,,,,,,,,,
61.18404293939397,-162.7880264015152,2016-08-17,132,1,76.59573241113634,76.59573241113635,,Schaefer_2020,,,,,,,,,
61.184325571428566,-162.78886980952387,2016-08-17,147,1,58.01978596619046,58.019785966190476,,Schaefer_2020,,,,,,,,,
61.18434724324324,-162.78820070270262,2016-08-17,148,1,66.86422789547301,66.86422789547296,,Schaefer_2020,,,,,,,,,
61.18463992000002,-162.78935822666665,2016-08-17,75,1,69.13400093013334,69.13400093013334,,Schaefer_2020,,,,,,,,,
61.18457205797103,-162.78900721739126,2016-08-17,69,1,50.658269315362325,50.65826931536233,,Schaefer_2020,,,,,,,,,
61.18456284137931,-162.78847948275862,2016-08-17,145,1,58.07420388848278,58.074203888482764,,Schaefer_2020,,,,,,,,,
61.18485694776119,-162.78950539552235,2016-08-17,134,1,63.9090330631343,63.909033063134345,,Schaefer_2020,,,,,,,,,
61.184875441379326,-162.78895318620692,2016-08-17,145,1,52.319379222482745,52.31937922248276,,Schaefer_2020,,,,,,,,,
61.185232586206894,-162.78980486206893,2016-08-17,29,1,65.45726908344828,65.45726908344828,,Schaefer_2020,,,,,,,,,
61.18512564516132,-162.78949643548398,2016-08-17,186,1,68.85027848043012,68.8502784804301,,Schaefer_2020,,,,,,,,,
61.18502150000002,-162.78920131818182,2016-08-17,22,1,75.17039590272726,75.17039590272726,,Schaefer_2020,,,,,,,,,
61.18540080508473,-162.78989959322038,2016-08-17,118,1,75.50946685728812,75.50946685728812,,Schaefer_2020,,,,,,,,,
61.18540635469479,-162.78935094741777,2016-08-17,213,1,74.53911026688967,74.53911026688967,,Schaefer_2020,,,,,,,,,
61.18562103409093,-162.78994862500008,2016-08-17,88,1,62.24026678278408,62.24026678278408,,Schaefer_2020,,,,,,,,,
61.185672515,-162.7895003759434,2016-08-17,212,1,80.71194013080184,80.71194013080188,,Schaefer_2020,,,,,,,,,
61.18606846999998,-162.7898045058824,2016-08-17,17,1,70.985509005,70.985509005,,Schaefer_2020,,,,,,,,,
61.185931358133985,-162.78967862870817,2016-08-17,209,1,66.02082446775121,66.0208244677512,,Schaefer_2020,,,,,,,,,
61.186175442242416,-162.78992779515147,2016-08-17,165,1,61.14724664667882,61.14724664667879,,Schaefer_2020,,,,,,,,,
61.186591333333325,-162.7904441666667,2016-08-17,78,1,63.19889409141026,63.19889409141026,,Schaefer_2020,,,,,,,,,
61.186535505747116,-162.79026805747125,2016-08-17,87,1,46.336596195862064,46.33659619586208,,Schaefer_2020,,,,,,,,,
61.18687038095239,-162.79095723809525,2016-08-17,21,1,68.2371975257143,68.23719752571428,,Schaefer_2020,,,,,,,,,
61.186742173913046,-162.79064350167224,2016-08-17,299,1,56.91928696969901,56.919286969698994,,Schaefer_2020,,,,,,,,,
61.18700542857143,-162.79122942105255,2016-08-17,133,1,55.60557170548874,55.60557170548872,,Schaefer_2020,,,,,,,,,
61.186979293478274,-162.79049983695649,2016-08-17,92,1,55.73379449913045,55.73379449913045,,Schaefer_2020,,,,,,,,,
61.18700531249997,-162.7902741875,2016-08-17,80,1,58.42083572237501,58.420835722375,,Schaefer_2020,,,,,,,,,
61.187270474747464,-162.7911691414142,2016-08-17,99,1,66.17229631954547,66.17229631954545,,Schaefer_2020,,,,,,,,,
61.18725781981982,-162.7907163423423,2016-08-17,111,1,55.13488344999998,55.13488344999999,,Schaefer_2020,,,,,,,,,
61.17334727272727,-162.78621525252524,2016-08-17,99,1,61.703147345454525,61.703147345454546,,Schaefer_2020,,,,,,,,,
61.17355729565218,-162.7864393304348,2016-08-17,115,1,59.00750247652173,59.00750247652174,,Schaefer_2020,,,,,,,,,
61.17382949541287,-162.78651865137618,2016-08-17,109,1,58.33363295779815,58.33363295779816,,Schaefer_2020,,,,,,,,,
61.174051301587305,-162.78652374603175,2016-08-17,63,1,60.21514167619045,60.21514167619046,,Schaefer_2020,,,,,,,,,
61.195768390625,-162.78697169270825,2013-08-11,192,1,73.66963615867188,73.66963615867188,,Schaefer_2020,,,,,,,,,
61.19601578761062,-162.7873842035399,2013-08-11,113,1,70.2240219776549,70.22402197765487,,Schaefer_2020,,,,,,,,,
61.22410404799997,-162.67100653599996,2013-08-28,125,1,73.07914821668012,72.51051503094666,2.0,Schaefer_2020,,,,,,,,,
61.196326464285725,-162.78740101785712,2013-08-11,56,1,54.49958479517859,54.49958479517857,,Schaefer_2020,,,,,,,,,
61.19621154285714,-162.78683907142855,2013-08-11,70,1,69.95431197285717,69.95431197285714,,Schaefer_2020,,,,,,,,,
61.19654213281249,-162.78749471874994,2013-08-11,128,1,53.481469799140626,53.481469799140626,,Schaefer_2020,,,,,,,,,
61.19655098623528,-162.78680744705886,2013-08-11,85,1,55.56321172788236,55.563211727882354,,Schaefer_2020,,,,,,,,,
61.196637784814826,-162.7867169740741,2013-08-11,27,1,60.27425806159526,60.27425806159526,,Schaefer_2020,,,,,,,,,
61.196898845294115,-162.78796296470586,2013-08-11,51,1,69.45777442254901,69.45777442254902,,Schaefer_2020,,,,,,,,,
61.196832161835225,-162.7876476265918,2013-08-11,267,1,66.84301437176033,66.8430143717603,,Schaefer_2020,,,,,,,,,
61.19673464580838,-162.78708509101796,2013-08-11,167,1,60.711729273413205,60.71172927341317,,Schaefer_2020,,,,,,,,,
61.19716239805824,-162.78925620388353,2013-08-11,103,1,67.01569841708745,67.01569841708738,,Schaefer_2020,,,,,,,,,
61.19711870042193,-162.78872340506334,2013-08-11,237,1,66.95212016594941,66.95212016594937,,Schaefer_2020,,,,,,,,,
61.21085544472441,-162.7311446598425,2013-08-19,254,1,68.71597900272727,68.45331766807087,2.0,Schaefer_2020,,,,,,,,,
61.19728893750002,-162.78922885937496,2013-08-11,128,1,67.9912139785625,67.9912139785625,,Schaefer_2020,,,,,,,,,
61.1972124,-162.78898759999998,2013-08-11,5,1,80.345570006,80.345570006,,Schaefer_2020,,,,,,,,,
61.19752532608696,-162.78920926086957,2013-08-11,46,1,63.6702534578261,63.67025345782609,,Schaefer_2020,,,,,,,,,
61.19683528301887,-162.79140639622645,2013-08-11,53,1,72.49371793339624,72.49371793339623,,Schaefer_2020,,,,,,,,,
61.19674673793109,-162.7910660551725,2013-08-11,145,1,70.73319470424143,70.73319470424138,,Schaefer_2020,,,,,,,,,
61.1968007303371,-162.7905530337079,2013-08-11,89,1,68.88906542397002,68.88906542397004,,Schaefer_2020,,,,,,,,,
61.19709885483871,-162.79199843548383,2013-08-11,62,1,74.15555957040323,74.15555957040321,,Schaefer_2020,,,,,,,,,
61.196975809999984,-162.79169391000002,2013-08-11,100,1,67.84676044639997,67.8467604464,,Schaefer_2020,,,,,,,,,
61.196958853448294,-162.79041318965523,2013-08-11,116,1,57.7197213627802,57.71972136278018,,Schaefer_2020,,,,,,,,,
61.19729002419354,-162.79213995161294,2013-08-11,124,1,72.05821045403228,72.05821045403226,,Schaefer_2020,,,,,,,,,
61.23796453123894,-162.73629579646004,2013-08-26,113,1,72.70145098840459,72.7014509884046,,Schaefer_2020,,,,,,,,,
61.23935363636363,-162.73475011818175,2013-08-27,110,1,71.75478184316512,71.75478184316515,,Schaefer_2020,,,,,,,,,
61.1979211081081,-162.79050772972968,2013-08-11,74,1,73.92646900969594,73.92646900969594,,Schaefer_2020,,,,,,,,,
61.19810206363637,-162.79195567272728,2013-08-11,110,1,70.95213578527279,70.95213578527274,,Schaefer_2020,,,,,,,,,
61.19821311111112,-162.79135127777784,2013-08-11,18,1,67.66338573999998,67.66338574,,Schaefer_2020,,,,,,,,,
61.198096525000004,-162.79105680000006,2013-08-11,120,1,70.69941506425,70.69941506424999,,Schaefer_2020,,,,,,,,,
61.19797896774192,-162.79067435483873,2013-08-11,31,1,67.75944456193551,67.7594445619355,,Schaefer_2020,,,,,,,,,
61.19837878294574,-162.79215333333335,2013-08-11,129,1,72.38733664317827,72.3873366431783,,Schaefer_2020,,,,,,,,,
61.24003829090908,-162.73386701818183,2013-08-27,110,1,74.3401105695413,74.3401105695413,,Schaefer_2020,,,,,,,,,
61.19861129896905,-162.79214624226805,2013-08-11,194,1,70.21440257118385,70.21440257118385,,Schaefer_2020,,,,,,,,,
61.70041311111111,-162.07756666666668,2014-02-26,9,1,63.03619315624999,63.03619315625,,Schaefer_2020,,,,,,,,,
61.259784887096764,-163.23942233870966,2014-08-12,62,1,52.801065779381716,52.80106577938172,,Schaefer_2020,,,,,,,,,
61.2967817727731,-163.18310892436972,2014-08-23,119,1,62.851818662076276,62.85181866207626,,Schaefer_2020,,,,,,,,,
61.30077272897198,-163.17482692523373,2014-08-25,107,1,62.9292717640566,62.9292717640566,,Schaefer_2020,,,,,,,,,
61.259696000000005,-163.2381340625,2014-08-12,16,1,60.76719044000001,60.76719043999999,,Schaefer_2020,,,,,,,,,
61.25982397619048,-163.2396610238095,2014-08-12,42,1,52.99373840976192,52.99373840976192,,Schaefer_2020,,,,,,,,,
61.30903556510869,-163.16372984782615,2014-08-27,92,1,67.8748227551648,67.87482275516484,,Schaefer_2020,,,,,,,,,
61.26012132075472,-163.2425120566038,2014-08-12,53,1,61.695180117358504,61.6951801173585,,Schaefer_2020,,,,,,,,,
61.26003331250001,-163.24213650000002,2014-08-12,16,1,63.085188910166664,63.085188910166664,,Schaefer_2020,,,,,,,,,
61.26044455555555,-163.24341006666666,2014-08-12,45,1,55.25656451777777,55.25656451777777,,Schaefer_2020,,,,,,,,,
61.289357104575174,-163.1983361960784,2014-08-21,153,1,58.996011339999995,58.99601134000001,,Schaefer_2020,,,,,,,,,
61.260217250000004,-163.24274133333333,2014-08-12,12,1,56.625533148333346,56.62553314833334,,Schaefer_2020,,,,,,,,,
61.260713734939735,-163.2446338192771,2014-08-12,83,1,54.11130892269074,54.111308922690746,,Schaefer_2020,,,,,,,,,
61.29683583606562,-163.1897864262295,2014-08-23,122,1,60.34653731966939,60.34653731966942,,Schaefer_2020,,,,,,,,,
61.260526326530595,-163.24368207142857,2014-08-12,98,1,54.57385816142859,54.573858161428575,,Schaefer_2020,,,,,,,,,
61.26094872972974,-163.24572989189184,2014-08-12,74,1,57.03050629216216,57.030506292162165,,Schaefer_2020,,,,,,,,,
61.26085441304349,-163.24528599999994,2014-08-12,92,1,59.63618327282607,59.63618327282608,,Schaefer_2020,,,,,,,,,
61.26077014545454,-163.2449038,2014-08-12,55,1,55.47564385054546,55.47564385054545,,Schaefer_2020,,,,,,,,,
61.26127084210524,-163.24954594736843,2014-08-12,19,1,98.36140061368421,98.36140061368421,,Schaefer_2020,,,,,,,,,
61.261208715517256,-163.2492318534483,2014-08-12,116,1,65.57532914896548,65.57532914896551,,Schaefer_2020,,,,,,,,,
61.261229551724135,-163.24876710344827,2014-08-12,87,1,57.4966953705747,57.49669537057472,,Schaefer_2020,,,,,,,,,
61.26127161538461,-163.2472733846154,2014-08-12,13,1,92.98266801230768,92.9826680123077,,Schaefer_2020,,,,,,,,,
61.26115096296297,-163.2469803395061,2014-08-12,162,1,73.05408260209876,73.05408260209876,,Schaefer_2020,,,,,,,,,
61.261069307692225,-163.24640530769227,2014-08-12,117,1,68.60800077863253,68.6080007786325,,Schaefer_2020,,,,,,,,,
61.261027764705894,-163.24604033333333,2014-08-12,51,1,54.20824196666668,54.20824196666668,,Schaefer_2020,,,,,,,,,
61.261487325581406,-163.25018797674417,2014-08-12,43,1,81.56508054930228,81.56508054930234,,Schaefer_2020,,,,,,,,,
61.261365172727295,-163.24983014545455,2014-08-12,110,1,59.58816305718186,59.588163057181816,,Schaefer_2020,,,,,,,,,
61.2613306716418,-163.24849385074626,2014-08-12,67,1,71.7555197322388,71.75551973223881,,Schaefer_2020,,,,,,,,,
61.26144010884352,-163.24813617006808,2014-08-12,147,1,89.35532060809524,89.35532060809524,,Schaefer_2020,,,,,,,,,
61.26143263101601,-163.2474791818182,2014-08-12,187,1,72.93245848703212,72.9324584870321,,Schaefer_2020,,,,,,,,,
61.26174741993332,-163.25072506733332,2014-08-12,150,1,49.61870033499998,49.618700335,,Schaefer_2020,,,,,,,,,
61.26167800000001,-163.25062,2014-08-12,9,1,57.53329301240741,57.53329301240741,,Schaefer_2020,,,,,,,,,
61.262068070000005,-163.2512245194445,2014-08-12,36,1,49.22490355166667,49.22490355166667,,Schaefer_2020,,,,,,,,,
61.26192844646341,-163.251007725,2014-08-12,164,1,51.09063191710368,51.09063191710365,,Schaefer_2020,,,,,,,,,
61.28647427195653,-163.213180311413,2014-08-19,184,1,49.85876070706523,49.85876070706522,100.0,Schaefer_2020,,,,,,,,,
61.30422628018689,-163.1860884299066,2014-08-25,107,1,46.99341822935046,46.99341822935046,100.0,Schaefer_2020,,,,,,,,,
61.262380377272734,-163.25169984848483,2014-08-12,33,1,46.046584239999994,46.04658424,,Schaefer_2020,,,,,,,,,
61.2627630909091,-163.25211068181812,2014-08-12,132,1,48.516925580378775,48.51692558037879,,Schaefer_2020,,,,,,,,,
61.262948056603776,-163.25219086792447,2014-08-12,53,1,51.100227730566004,51.100227730566026,,Schaefer_2020,,,,,,,,,
61.26044543939394,-163.23754377272726,2014-08-12,66,1,58.45355811757579,58.45355811757575,,Schaefer_2020,,,,,,,,,
61.26067419230769,-163.23759250961533,2014-08-12,104,1,69.89624550318912,69.89624550318909,,Schaefer_2020,,,,,,,,,
61.260925415094306,-163.23763077358504,2014-08-12,106,1,65.22599849103776,65.22599849103774,,Schaefer_2020,,,,,,,,,
61.261200785714315,-163.2375846517857,2014-08-12,112,1,62.71627297553568,62.716272975535716,,Schaefer_2020,,,,,,,,,
61.30288707388889,-163.1739804537037,2014-08-25,108,1,59.933336124722246,59.93333612472221,100.0,Schaefer_2020,,,,,,,,,
62.00727883166667,-162.09582350000002,2015-04-06,6,1,54.96591755083333,54.96591755083333,100.0,Schaefer_2020,,,,,,,,,
61.26166836666666,-163.2371537666666,2014-08-12,30,1,59.11167688366671,59.111676883666675,,Schaefer_2020,,,,,,,,,
61.26196403448277,-163.23610103448272,2014-08-12,87,1,55.956588948390845,55.95658894839081,,Schaefer_2020,,,,,,,,,
61.29281328972418,-163.18835743448278,2014-08-21,145,1,54.254125060069484,54.25412506006944,100.0,Schaefer_2020,,,,,,,,,
61.262054,-163.2352985,2014-08-12,2,1,57.85853835,57.85853835,,Schaefer_2020,,,,,,,,,
61.76244858888889,-162.4858474777778,2015-01-17,9,1,51.6394468225,51.6394468225,,Schaefer_2020,,,,,,,,,
61.262069818181836,-163.23526622727275,2014-08-12,22,1,61.5938087859091,61.5938087859091,,Schaefer_2020,,,,,,,,,
61.30473533259616,-163.16930081538464,2014-08-25,104,1,60.45825378786408,60.45825378786408,,Schaefer_2020,,,,,,,,,
61.33842218603448,-163.11718311724138,2014-09-05,58,1,61.67769204982458,61.67769204982457,,Schaefer_2020,,,,,,,,,
61.30851110406249,-163.16334980312504,2014-08-26,96,1,65.02134899263156,65.02134899263157,,Schaefer_2020,,,,,,,,,
61.34000476789474,-163.1145715754386,2014-09-06,57,1,60.97307932946429,60.973079329464284,,Schaefer_2020,,,,,,,,,
61.30524682038462,-163.1683995009615,2014-08-25,104,1,102.10078627532123,102.10078627532113,,Schaefer_2020,,,,,,,,,
61.26321432026142,-163.23352691503268,2014-08-12,153,1,71.53534194797385,71.53534194797386,,Schaefer_2020,,,,,,,,,
61.263329999999996,-163.233265,2014-08-12,3,1,91.02704566666667,91.02704566666667,,Schaefer_2020,,,,,,,,,
61.292753785592105,-163.18878544473682,2014-08-21,152,1,78.35420318286093,78.35420318286093,,Schaefer_2020,,,,,,,,,
61.42275571214284,-162.99289144999997,2014-10-01,28,1,69.17890209981482,69.17890209981482,,Schaefer_2020,,,,,,,,,
61.30057731809915,-163.1769621438017,2014-08-23,121,1,67.56801469937501,67.568014699375,,Schaefer_2020,,,,,,,,,
61.30345107185839,-163.17283310973448,2014-08-24,113,1,64.16872584794643,64.16872584794643,,Schaefer_2020,,,,,,,,,
61.32707384084507,-163.13745710704222,2014-09-01,71,1,65.53507959542857,65.53507959542857,,Schaefer_2020,,,,,,,,,
61.30167952816666,-163.17591595916664,2014-08-23,120,1,68.3950642002416,68.39506420024159,,Schaefer_2020,,,,,,,,,
61.30225037092435,-163.17558575546195,2014-08-23,119,1,64.26594913305082,64.26594913305085,,Schaefer_2020,,,,,,,,,
61.42429713964285,-162.99246640357143,2014-10-01,28,1,73.36616178555558,73.36616178555556,,Schaefer_2020,,,,,,,,,
61.32004996061729,-163.14917371234552,2014-08-29,81,1,72.93460416487495,72.934604164875,,Schaefer_2020,,,,,,,,,
61.350971935384635,-163.10301262692306,2014-09-08,52,1,62.201904897058846,62.20190489705881,,Schaefer_2020,,,,,,,,,
61.37409238341463,-163.06835786341466,2014-09-15,41,1,72.86123247749998,72.8612324775,,Schaefer_2020,,,,,,,,,
61.30537512432431,-163.1700785981982,2014-08-24,111,1,59.44175342463636,59.44175342463638,,Schaefer_2020,,,,,,,,,
61.30641548842593,-163.16784995370375,2014-08-25,108,1,64.0891971125701,64.0891971125701,,Schaefer_2020,,,,,,,,,
61.289721065879135,-163.1925106879121,2014-08-19,182,1,65.10017918386738,65.1001791838674,,Schaefer_2020,,,,,,,,,
61.35780180770834,-163.09173716249998,2014-09-10,48,1,63.733241702553165,63.733241702553194,,Schaefer_2020,,,,,,,,,
61.28544862852018,-163.20162018475335,2014-08-18,223,1,69.41087315551798,69.41087315551802,,Schaefer_2020,,,,,,,,,
61.30760956819047,-163.16708097428568,2014-08-25,105,1,74.96748064158656,74.96748064158653,,Schaefer_2020,,,,,,,,,
61.89702228,-162.26648008571428,2015-03-03,7,1,61.76702769,61.76702769,,Schaefer_2020,,,,,,,,,
61.30244639491666,-163.17330994,2014-08-23,120,1,64.04336183470588,64.04336183470588,,Schaefer_2020,,,,,,,,,
61.89764213714285,-162.2694816,2015-03-03,7,1,73.89903460166666,73.89903460166666,,Schaefer_2020,,,,,,,,,
61.30158276854837,-163.178594667742,2014-08-23,124,1,65.19581029040648,65.1958102904065,,Schaefer_2020,,,,,,,,,
61.35604211224489,-163.09497188367345,2014-09-10,49,1,79.88206882520836,79.88206882520834,,Schaefer_2020,,,,,,,,,
61.3155190158427,-163.15584342808984,2014-08-28,89,1,75.02083676023108,75.02083676023106,,Schaefer_2020,,,,,,,,,
61.35448354819998,-163.095813054,2014-09-09,50,1,68.04639070836735,68.04639070836734,,Schaefer_2020,,,,,,,,,
61.335079917187485,-163.1234755640625,2014-09-03,64,1,61.33094327126984,61.33094327126985,,Schaefer_2020,,,,,,,,,
61.308382218761906,-163.16936937428574,2014-08-25,105,1,72.10080707947112,72.10080707947117,,Schaefer_2020,,,,,,,,,
61.30303361341664,-163.17704780499992,2014-08-23,120,1,69.49962019327728,69.49962019327731,,Schaefer_2020,,,,,,,,,
62.372819775,-161.522255375,2015-08-03,4,1,80.01003523666667,80.01003523666667,,Schaefer_2020,,,,,,,,,
61.30243533114753,-163.175244559836,2014-08-23,122,1,70.25399507679062,70.25399507679063,,Schaefer_2020,,,,,,,,,
61.303593933135595,-163.17137516440675,2014-08-24,118,1,62.904500884401706,62.904500884401706,,Schaefer_2020,,,,,,,,,
61.497767333684216,-162.87583603157896,2014-10-26,19,1,50.757024152222215,50.75702415222222,,Schaefer_2020,,,,,,,,,
61.28869211631314,-163.20128274646459,2014-08-19,198,1,57.97073999385781,57.97073999385786,,Schaefer_2020,,,,,,,,,
61.28910012175252,-163.2000120139175,2014-08-19,194,1,61.35794796502589,61.357947965025915,,Schaefer_2020,,,,,,,,,
61.30501211447369,-163.17477909035085,2014-08-24,114,1,52.97772766106197,52.97772766106195,,Schaefer_2020,,,,,,,,,
61.54089728000001,-162.80773957499997,2014-11-09,16,1,57.569425775333336,57.56942577533333,,Schaefer_2020,,,,,,,,,
61.32652333054795,-163.1376909561644,2014-08-31,73,1,64.46972576902778,64.46972576902778,,Schaefer_2020,,,,,,,,,
61.371039371666654,-163.0686788904762,2014-09-14,42,1,69.63204136634145,69.63204136634145,,Schaefer_2020,,,,,,,,,
61.3067853537037,-163.16762170462957,2014-08-25,108,1,61.77962666836446,61.77962666836448,,Schaefer_2020,,,,,,,,,
61.29130166305084,-163.19844073954798,2014-08-20,177,1,53.53287829608497,53.53287829608495,,Schaefer_2020,,,,,,,,,
61.35206979058823,-163.10475765882356,2014-09-08,51,1,54.10883505399999,54.10883505399998,,Schaefer_2020,,,,,,,,,
61.538943078124994,-162.81569876249998,2014-11-09,16,1,60.215427896,60.215427896,,Schaefer_2020,,,,,,,,,
61.30492494245617,-163.1747670973684,2014-08-24,114,1,71.29109745817773,71.29109745817773,,Schaefer_2020,,,,,,,,,
61.387613146111136,-163.04676633333332,2014-09-20,36,1,83.86743901457145,83.86743901457143,,Schaefer_2020,,,,,,,,,
61.298943119481514,-163.1810137059259,2014-08-22,135,1,62.85152463899256,62.851524638992544,,Schaefer_2020,,,,,,,,,
61.31275790673468,-163.16070619897957,2014-08-26,98,1,70.21870465628871,70.21870465628866,,Schaefer_2020,,,,,,,,,
61.31280138424241,-163.16378104949493,2014-08-26,99,1,65.44352438277211,65.44352438277211,,Schaefer_2020,,,,,,,,,
61.29247781769661,-163.19203332865158,2014-08-20,178,1,64.38267112502824,64.38267112502825,,Schaefer_2020,,,,,,,,,
61.358124984999975,-163.09542195999995,2014-09-09,50,1,61.60631395306124,61.60631395306123,,Schaefer_2020,,,,,,,,,
61.68110278181819,-162.60621390000003,2014-12-19,11,1,74.48493436999999,74.48493436999999,,Schaefer_2020,,,,,,,,,
61.474220964090904,-162.91800383636365,2014-10-15,22,1,69.71279245285713,69.71279245285714,,Schaefer_2020,,,,,,,,,
61.294143804733714,-163.18996273254436,2014-08-20,169,1,71.39609576361109,71.3960957636111,,Schaefer_2020,,,,,,,,,
61.34433508135592,-163.11338229322033,2014-09-05,59,1,70.37734061168103,70.37734061168103,,Schaefer_2020,,,,,,,,,
61.32298682121954,-163.1483500195122,2014-08-29,82,1,67.04486426790127,67.04486426790123,,Schaefer_2020,,,,,,,,,
61.36043727755102,-163.09081600000005,2014-09-10,49,1,69.11705560354166,69.11705560354167,,Schaefer_2020,,,,,,,,,
61.308456820360384,-163.1691346666666,2014-08-24,111,1,68.23953465190917,68.23953465190908,,Schaefer_2020,,,,,,,,,
61.39434054638889,-163.0387223888889,2014-09-20,36,1,66.82857142857142,66.82857142857142,,Schaefer_2020,,,,,,,,,
62.181236544,-161.85243342,2015-05-24,5,1,67.0,67.0,,Schaefer_2020,,,,,,,,,
61.309654263394485,-163.16914606880732,2014-08-25,109,1,63.599404436574105,63.59940443657407,,Schaefer_2020,,,,,,,,,
61.32080705372093,-163.15183487906975,2014-08-28,86,1,67.50063298899997,67.50063298899998,,Schaefer_2020,,,,,,,,,
61.369859936000005,-163.0756180511111,2014-09-12,45,1,65.9090909090909,65.9090909090909,,Schaefer_2020,,,,,,,,,
61.84151916625001,-162.36046781250002,2015-02-06,8,1,62.714285714285715,62.714285714285715,,Schaefer_2020,,,,,,,,,
61.330384083378384,-163.13855652162158,2014-08-31,74,1,70.39459801027397,70.39459801027397,,Schaefer_2020,,,,,,,,,
61.330272086081074,-163.13839416756755,2014-08-31,74,1,66.98638662246576,66.98638662246574,,Schaefer_2020,,,,,,,,,
61.33488247420289,-163.13097456376812,2014-09-01,69,1,66.52942012308824,66.52942012308823,,Schaefer_2020,,,,,,,,,
61.33240879902777,-163.1366345611111,2014-08-31,72,1,64.33637986492958,64.33637986492957,,Schaefer_2020,,,,,,,,,
61.317803409032244,-163.15812585483866,2014-08-27,93,1,59.144027620108716,59.1440276201087,,Schaefer_2020,,,,,,,,,
61.33608446867649,-163.1291441029412,2014-09-01,68,1,65.57597787671644,65.57597787671642,,Schaefer_2020,,,,,,,,,
61.408065700909106,-163.02033903030303,2014-09-24,33,1,59.28991766,59.28991766,,Schaefer_2020,,,,,,,,,
61.3324043392857,-163.1380216771428,2014-09-01,70,1,58.87518322246376,58.87518322246377,,Schaefer_2020,,,,,,,,,
61.306008395294135,-163.17723447983192,2014-08-23,119,1,60.822721483516936,60.82272148351695,,Schaefer_2020,,,,,,,,,
61.32044289197672,-163.15330965581404,2014-08-28,86,1,67.23400132364706,67.23400132364705,,Schaefer_2020,,,,,,,,,
61.30652891470588,-163.17847444033615,2014-08-23,119,1,67.69197911025424,67.69197911025424,,Schaefer_2020,,,,,,,,,
61.304592798479995,-163.18078804,2014-08-23,125,1,62.727993546290364,62.72799354629032,,Schaefer_2020,,,,,,,,,
61.30584553809917,-163.17605262727284,2014-08-23,121,1,68.36290668066671,68.36290668066665,,Schaefer_2020,,,,,,,,,
61.30984642336363,-163.17435077454547,2014-08-24,110,1,58.79470641532111,58.7947064153211,,Schaefer_2020,,,,,,,,,
61.35383752509433,-163.10790336415096,2014-09-07,53,1,60.334231872499984,60.33423187249999,,Schaefer_2020,,,,,,,,,
61.30789587344828,-163.1732799,2014-08-24,116,1,62.40125435434784,62.40125435434784,,Schaefer_2020,,,,,,,,,
61.33430718927535,-163.13192037681168,2014-09-01,69,1,59.683993732426465,59.68399373242647,,Schaefer_2020,,,,,,,,,
61.31258015528845,-163.17777859423074,2014-08-25,104,1,62.32452000791264,62.32452000791262,,Schaefer_2020,,,,,,,,,
61.30195962137682,-163.18653994927536,2014-08-22,138,1,64.08411133156936,64.08411133156936,,Schaefer_2020,,,,,,,,,
61.34558945220336,-163.1174370457627,2014-09-05,59,1,68.25510059896554,68.25510059896553,,Schaefer_2020,,,,,,,,,
61.31723309382979,-163.15770393829783,2014-08-27,94,1,56.95058006403228,56.95058006403226,,Schaefer_2020,,,,,,,,,
61.590762131428576,-162.76061418571427,2014-11-21,14,1,46.95061352769232,46.95061352769231,,Schaefer_2020,,,,,,,,,
61.31221118416667,-163.1708120564815,2014-08-25,108,1,65.66984529247664,65.66984529247664,,Schaefer_2020,,,,,,,,,
61.36518579854165,-163.08962904166665,2014-09-10,48,1,69.95293198042553,69.95293198042553,,Schaefer_2020,,,,,,,,,
61.35801899250001,-163.09715232115383,2014-09-08,52,1,70.66009112411764,70.66009112411766,,Schaefer_2020,,,,,,,,,
61.31844806255319,-163.15706276595748,2014-08-27,94,1,64.78435242553765,64.78435242553763,,Schaefer_2020,,,,,,,,,
61.31296114915094,-163.16289734056602,2014-08-25,106,1,71.97678730309522,71.97678730309522,,Schaefer_2020,,,,,,,,,
61.45329803279999,-162.949178008,2014-10-08,25,1,81.78990363458333,81.78990363458333,,Schaefer_2020,,,,,,,,,
61.331080540800016,-163.14836731333335,2014-08-31,75,1,58.980260283513516,58.9802602835135,,Schaefer_2020,,,,,,,,,
61.30329159456524,-163.19065628695654,2014-08-22,138,1,59.91498573247136,59.91498573247132,,Schaefer_2020,,,,,,,,,
61.52498971666668,-162.84706912777776,2014-10-30,18,1,69.29815304294118,69.29815304294118,,Schaefer_2020,,,,,,,,,
62.186239732000004,-161.84075110000003,2014-08-04,5,1,65.75,65.75,,Schaefer_2020,,,,,,,,,
61.30314258471015,-163.1813092869565,2014-08-22,138,1,64.6904530341971,64.69045303419708,,Schaefer_2020,,,,,,,,,
61.3041193352985,-163.17670507537306,2014-08-22,134,1,66.65894152774435,66.65894152774436,,Schaefer_2020,,,,,,,,,
61.30372253036495,-163.1909241007299,2014-08-22,137,1,55.855668159963216,55.85566815996324,,Schaefer_2020,,,,,,,,,
61.36775170297873,-163.09292711914892,2014-09-11,47,1,65.05013979652172,65.05013979652172,,Schaefer_2020,,,,,,,,,
61.28931296399998,-163.21188256125004,2014-08-17,240,1,54.26131827953972,54.26131827953974,,Schaefer_2020,,,,,,,,,
61.51185763789473,-162.8736894631579,2014-10-26,19,1,45.418921626666666,45.418921626666666,,Schaefer_2020,,,,,,,,,
61.29637162323865,-163.19771531647723,2014-08-20,176,1,61.07261761799998,61.072617618,,Schaefer_2020,,,,,,,,,
61.28812616653694,-163.20977009805455,2014-08-17,257,1,65.06952926533074,65.06952926533073,,Schaefer_2020,,,,,,,,,
61.333013016301365,-163.1409646109589,2014-08-31,73,1,71.16166083868058,71.16166083868056,,Schaefer_2020,,,,,,,,,
61.52465047833334,-162.84920289444443,2014-10-30,18,1,65.1438831732353,65.1438831732353,,Schaefer_2020,,,,,,,,,
61.32337784302328,-163.15192097674418,2014-08-28,86,1,65.17945953952942,65.1794595395294,,Schaefer_2020,,,,,,,,,
61.34422079741936,-163.1171181322581,2014-09-04,62,1,73.94753355672128,73.94753355672128,,Schaefer_2020,,,,,,,,,
61.31213275945456,-163.1789688390909,2014-08-24,110,1,51.53202119050457,51.53202119050458,,Schaefer_2020,,,,,,,,,
61.2991986088125,-163.19822015999998,2014-08-20,160,1,60.07954778783017,60.079547787830194,,Schaefer_2020,,,,,,,,,
61.33074631407896,-163.15012783026327,2014-08-30,76,1,53.24784754173333,53.24784754173333,,Schaefer_2020,,,,,,,,,
61.318180776145816,-163.16820104791668,2014-08-26,96,1,55.03398992357898,55.03398992357895,,Schaefer_2020,,,,,,,,,
61.3092906849152,-163.1812497135593,2014-08-24,118,1,65.3084714817949,65.30847148179488,,Schaefer_2020,,,,,,,,,
61.308647513249994,-163.18165965916666,2014-08-23,120,1,67.47959946747903,67.479599467479,,Schaefer_2020,,,,,,,,,
61.31102215336282,-163.17754924247788,2014-08-24,113,1,63.75579302026784,63.75579302026786,,Schaefer_2020,,,,,,,,,
61.30414040459257,-163.18713437259257,2014-08-22,135,1,67.479249365597,67.479249365597,,Schaefer_2020,,,,,,,,,
61.30837537666667,-163.18034766083332,2014-08-23,120,1,54.388937509747926,54.38893750974789,,Schaefer_2020,,,,,,,,,
61.32880477692309,-163.14881197435903,2014-08-30,78,1,64.91355056626621,64.91355056626622,,Schaefer_2020,,,,,,,,,
61.29087888910315,-163.20558092376677,2014-08-18,223,1,70.28772947684692,70.28772947684685,,Schaefer_2020,,,,,,,,,
61.29912907188678,-163.19270245408805,2014-08-20,159,1,63.330787703702526,63.330787703702526,,Schaefer_2020,,,,,,,,,
61.308026368099185,-163.17842789008262,2014-08-23,121,1,66.53590571091664,66.53590571091667,,Schaefer_2020,,,,,,,,,
61.31256839805558,-163.17111764907406,2014-08-25,108,1,65.94248334359813,65.94248334359813,,Schaefer_2020,,,,,,,,,
61.32158368393256,-163.1569713865169,2014-08-28,89,1,62.40868794261362,62.408687942613646,,Schaefer_2020,,,,,,,,,
61.31150988396396,-163.17174695045048,2014-08-24,111,1,58.90960873854547,58.909608738545444,,Schaefer_2020,,,,,,,,,
61.310050608869574,-163.1733065973912,2014-08-24,115,1,66.44388551293862,66.44388551293859,,Schaefer_2020,,,,,,,,,
61.32883292717947,-163.14452808205127,2014-08-30,78,1,58.6693092152208,58.669309215220785,,Schaefer_2020,,,,,,,,,
61.311936916000015,-163.1662332218182,2014-08-24,110,1,66.44501112633027,66.44501112633029,,Schaefer_2020,,,,,,,,,
61.320796329560444,-163.16256836263742,2014-08-27,91,1,53.07527035022224,53.075270350222226,,Schaefer_2020,,,,,,,,,
61.30056962588233,-163.19205128039215,2014-08-21,153,1,59.354068648377186,59.35406864837719,,Schaefer_2020,,,,,,,,,
61.34418191419355,-163.1248258,2014-09-04,62,1,71.00934227852457,71.0093422785246,,Schaefer_2020,,,,,,,,,
61.3153578577451,-163.16796426764702,2014-08-25,102,1,75.10966780326733,75.10966780326733,,Schaefer_2020,,,,,,,,,
61.32571285927712,-163.15213629638555,2014-08-29,83,1,68.31253746292683,68.31253746292684,,Schaefer_2020,,,,,,,,,
61.34417035161287,-163.11794213225804,2014-09-04,62,1,70.6132852537705,70.61328525377048,,Schaefer_2020,,,,,,,,,
61.29251548716985,-163.20442047028317,2014-08-18,212,1,68.53635009904426,68.53635009904423,,Schaefer_2020,,,,,,,,,
61.41791352064517,-163.01318704838712,2014-09-27,31,1,75.69033697633333,75.69033697633333,,Schaefer_2020,,,,,,,,,
61.31170965651785,-163.1728361875,2014-08-24,112,1,65.98807665621624,65.98807665621621,,Schaefer_2020,,,,,,,,,
61.330159840129866,-163.13931386623378,2014-08-30,77,1,59.788402556052596,59.78840255605262,,Schaefer_2020,,,,,,,,,
61.510992785789455,-162.8675033421053,2014-10-26,19,1,45.48630672277779,45.486306722777776,,Schaefer_2020,,,,,,,,,
61.29746826022984,-163.19703591034488,2014-08-20,174,1,65.56695752948555,65.56695752948555,,Schaefer_2020,,,,,,,,,
61.460957526249985,-162.9466239375,2014-10-10,24,1,77.57782194043479,77.57782194043477,,Schaefer_2020,,,,,,,,,
61.31686101289999,-163.16461471300002,2014-08-26,100,1,75.14721728686867,75.14721728686868,,Schaefer_2020,,,,,,,,,
61.323860807441854,-163.14809142325583,2014-08-28,86,1,47.21013419352941,47.21013419352941,,Schaefer_2020,,,,,,,,,
61.35519479962962,-163.1005247537037,2014-09-07,54,1,61.54889673716983,61.548896737169805,,Schaefer_2020,,,,,,,,,
61.46010056416668,-162.95040642083333,2014-10-10,24,1,65.03470082608695,65.03470082608696,,Schaefer_2020,,,,,,,,,
61.30838056264464,-163.18115392479334,2014-08-23,121,1,66.58510905229167,66.58510905229167,,Schaefer_2020,,,,,,,,,
61.41527204709679,-163.01716753548385,2014-09-27,31,1,63.73233177033333,63.73233177033334,,Schaefer_2020,,,,,,,,,
61.38892413763156,-163.05697503421052,2014-09-18,38,1,54.92320683522524,54.92320683522523,,Schaefer_2020,,,,,,,,,
61.31101043132743,-163.16808585132745,2014-08-24,113,1,69.06094486276787,69.06094486276785,,Schaefer_2020,,,,,,,,,
61.61469779615386,-162.71220571538464,2014-11-29,13,1,78.77582141916668,78.77582141916668,,Schaefer_2020,,,,,,,,,
61.30107762908499,-163.1981309222222,2014-08-21,153,1,64.02153713450659,64.02153713450657,,Schaefer_2020,,,,,,,,,
61.362860831020406,-163.10459270816324,2014-09-10,49,1,76.18098665071875,76.18098665071875,,Schaefer_2020,,,,,,,,,
61.30924805352944,-163.17963933193292,2014-08-23,119,1,61.34994439504236,61.349944395042364,,Schaefer_2020,,,,,,,,,
61.55016507562498,-162.81100703124997,2014-11-09,16,1,56.44703085666666,56.447030856666665,,Schaefer_2020,,,,,,,,,
61.32076583351647,-163.1588016186813,2014-08-27,91,1,65.98150211471427,65.98150211471429,,Schaefer_2020,,,,,,,,,
61.337306140294125,-163.127579757353,2014-09-01,68,1,74.40717083910448,74.4071708391045,,Schaefer_2020,,,,,,,,,
61.31577117774511,-163.17552654313718,2014-08-25,102,1,59.90941605861386,59.90941605861387,,Schaefer_2020,,,,,,,,,
61.34752823237288,-163.12687362203388,2014-09-05,59,1,45.92208771258623,45.92208771258621,,Schaefer_2020,,,,,,,,,
61.30744726190474,-163.182779988889,2014-08-23,126,1,57.196934237440004,57.19693423744,,Schaefer_2020,,,,,,,,,
61.37434586186046,-163.07501016976747,2014-09-14,43,1,62.09762027023809,62.0976202702381,,Schaefer_2020,,,,,,,,,
61.34084508703125,-163.12668758437502,2014-09-03,64,1,68.19545833698413,68.19545833698413,,Schaefer_2020,,,,,,,,,
61.33000705184211,-163.13751284473682,2014-08-30,76,1,68.29641261133332,68.29641261133334,,Schaefer_2020,,,,,,,,,
61.312341693636334,-163.18035996181817,2014-08-24,110,1,55.77551333110092,55.7755133311009,,Schaefer_2020,,,,,,,,,
61.310614057565246,-163.17743710347824,2014-08-24,115,1,62.465147719122825,62.465147719122804,,Schaefer_2020,,,,,,,,,
61.32121864477777,-163.15710879444438,2014-08-27,90,1,69.84595673786512,69.84595673786517,,Schaefer_2020,,,,,,,,,
61.30815626414634,-163.171742397561,2014-08-23,123,1,69.62659660368851,69.62659660368853,,Schaefer_2020,,,,,,,,,
61.3052442962963,-163.19193934222224,2014-08-22,135,1,55.53072261173508,55.53072261173507,,Schaefer_2020,,,,,,,,,
61.675042622727275,-162.6199612,2014-12-19,11,1,49.92127054199999,49.921270541999995,,Schaefer_2020,,,,,,,,,
61.4498838344,-162.962716508,2014-10-08,25,1,63.71903751833333,63.71903751833333,,Schaefer_2020,,,,,,,,,
61.31439566622641,-163.1719741481132,2014-08-25,106,1,64.7886825708095,64.78868257080951,,Schaefer_2020,,,,,,,,,
61.325938135421666,-163.1498519493976,2014-08-29,83,1,67.88772506414637,67.88772506414634,,Schaefer_2020,,,,,,,,,
61.43680602481482,-162.97873698518524,2014-10-03,27,1,64.00749289346153,64.00749289346153,,Schaefer_2020,,,,,,,,,
61.31182368309732,-163.16681643185842,2014-08-24,113,1,64.68529936875,64.68529936875,,Schaefer_2020,,,,,,,,,
61.54935236499999,-162.79996066875,2014-11-09,16,1,82.47933760666668,82.47933760666666,,Schaefer_2020,,,,,,,,,
61.33350473369862,-163.1484460657534,2014-08-31,73,1,62.09192950041668,62.09192950041667,,Schaefer_2020,,,,,,,,,
61.35353065963637,-163.11743705636366,2014-09-06,55,1,68.78334304240742,68.78334304240741,,Schaefer_2020,,,,,,,,,
61.330369127532464,-163.14775801948053,2014-08-30,77,1,69.73957687763155,69.73957687763159,,Schaefer_2020,,,,,,,,,
61.31633762107842,-163.16482958627446,2014-08-25,102,1,66.16181553668315,66.16181553668318,,Schaefer_2020,,,,,,,,,
61.425737893103445,-162.99158521034485,2014-09-30,29,1,66.98035007232143,66.98035007232143,,Schaefer_2020,,,,,,,,,
61.35646669377358,-163.09833156415098,2014-09-07,53,1,71.40202039692306,71.40202039692308,,Schaefer_2020,,,,,,,,,
61.30647946999998,-163.19035202857137,2014-08-22,133,1,64.47660904454547,64.47660904454546,,Schaefer_2020,,,,,,,,,
61.56820615466666,-162.78022974,2014-11-15,15,1,68.1020965492857,68.1020965492857,,Schaefer_2020,,,,,,,,,
61.30882163322584,-163.18176221290318,2014-08-23,124,1,65.61467608727644,65.61467608727644,,Schaefer_2020,,,,,,,,,
61.335423287605636,-163.13522569577475,2014-09-01,71,1,73.23492566142856,73.23492566142858,,Schaefer_2020,,,,,,,,,
61.360006347451,-163.09663461372548,2014-09-08,51,1,66.98917949460001,66.98917949460001,,Schaefer_2020,,,,,,,,,
61.346973026333345,-163.1137998866666,2014-09-04,60,1,57.78467460525424,57.78467460525423,,Schaefer_2020,,,,,,,,,
61.31368913183485,-163.16490648348616,2014-08-25,109,1,62.131063702407396,62.1310637024074,,Schaefer_2020,,,,,,,,,
61.40742012242424,-163.03292596969695,2014-09-24,33,1,63.84191521681251,63.84191521681251,,Schaefer_2020,,,,,,,,,
61.317275554356435,-163.17341214653464,2014-08-26,101,1,66.07119499745,66.07119499745001,,Schaefer_2020,,,,,,,,,
61.33331168797297,-163.14494434459468,2014-08-31,74,1,63.00710007150685,63.007100071506834,,Schaefer_2020,,,,,,,,,
61.306196433777764,-163.18650064518516,2014-08-22,135,1,68.1126847324627,68.11268473246268,,Schaefer_2020,,,,,,,,,
61.348376030339004,-163.11465698813555,2014-09-05,59,1,73.47135877068963,73.47135877068965,,Schaefer_2020,,,,,,,,,
61.343207727460324,-163.12293531269836,2014-09-03,63,1,70.2650270030645,70.26502700306452,,Schaefer_2020,,,,,,,,,
61.37567313465116,-163.07147764418605,2014-09-14,43,1,68.13749012595238,68.13749012595238,,Schaefer_2020,,,,,,,,,
61.38971910717947,-163.05313741025637,2014-09-17,39,1,59.54853323289473,59.54853323289474,,Schaefer_2020,,,,,,,,,
61.32838452146344,-163.1457350036586,2014-08-29,82,1,56.6842560017284,56.6842560017284,,Schaefer_2020,,,,,,,,,
61.33886936362318,-163.14301317681165,2014-09-01,69,1,66.24216557999999,66.24216558,,Schaefer_2020,,,,,,,,,
61.32062735479165,-163.17033295937492,2014-08-26,96,1,60.48968169257897,60.48968169257894,,Schaefer_2020,,,,,,,,,
61.31356758610622,-163.18035157699114,2014-08-24,113,1,65.15773789540178,65.15773789540178,,Schaefer_2020,,,,,,,,,
61.31121296108333,-163.18328176416665,2014-08-23,120,1,63.90144889523111,63.9014488952311,,Schaefer_2020,,,,,,,,,
61.31846824190004,-163.17220922699994,2014-08-26,100,1,62.271326121161614,62.271326121161614,,Schaefer_2020,,,,,,,,,
61.31437071945449,-163.17774811545456,2014-08-24,110,1,61.07785957990826,61.07785957990825,,Schaefer_2020,,,,,,,,,
61.33580081013887,-163.1451844055556,2014-08-31,72,1,60.11246136484158,60.11246136484155,,Schaefer_2020,,,,,,,,,
61.30081039054546,-163.18959310303023,2014-08-20,165,1,71.1690093835976,71.16900938359757,,Schaefer_2020,,,,,,,,,
61.460160422499996,-162.9514032333333,2014-10-10,24,1,63.488863985652166,63.488863985652166,,Schaefer_2020,,,,,,,,,
61.43972466962963,-162.98242392962965,2014-10-03,27,1,67.34616817230769,67.34616817230769,,Schaefer_2020,,,,,,,,,
62.393778635,-161.55853779999998,2015-08-03,4,1,74.95993353,74.95993353,,Schaefer_2020,,,,,,,,,
61.33555626876713,-163.13846604109588,2014-08-31,73,1,66.38004175131944,66.38004175131944,,Schaefer_2020,,,,,,,,,
61.34308357646154,-163.12700014461538,2014-09-02,65,1,73.37168846171878,73.37168846171876,,Schaefer_2020,,,,,,,,,
61.56886558266667,-162.78976905333334,2013-12-08,15,1,67.35714285714286,67.35714285714286,,Schaefer_2020,,,,,,,,,
61.3125897753846,-163.1700879826923,2014-08-25,104,1,68.46472533582522,68.46472533582524,,Schaefer_2020,,,,,,,,,
61.76260165777777,-162.47710358888892,2014-02-26,9,1,65.75,65.75,,Schaefer_2020,,,,,,,,,
61.328434173289466,-163.14594212500003,2014-08-30,76,1,68.67951528360004,68.67951528360001,,Schaefer_2020,,,,,,,,,
61.43315174888889,-162.98816702962964,2013-10-16,27,1,60.76923076923077,60.76923076923077,,Schaefer_2020,,,,,,,,,
61.362171415,-163.09758565208327,2014-09-10,48,1,53.90337923361703,53.90337923361701,,Schaefer_2020,,,,,,,,,
61.3079724034694,-163.18374282244898,2014-08-26,98,1,55.07511424876288,55.07511424876289,,Schaefer_2020,,,,,,,,,
61.32342190205479,-163.16014760273973,2014-08-31,73,1,45.275368214305566,45.27536821430555,,Schaefer_2020,,,,,,,,,
61.50573801222223,-162.87863276666667,2014-10-30,18,1,57.23892627823528,57.23892627823529,,Schaefer_2020,,,,,,,,,
61.29591920517986,-163.20307475035972,2014-08-22,139,1,64.40247152135872,64.40247152135869,,Schaefer_2020,,,,,,,,,
62.352211725,-161.5713637,2015-08-03,4,1,54.24298993666667,54.24298993666667,,Schaefer_2020,,,,,,,,,
61.29044248699997,-163.21138813705886,2014-08-20,170,1,61.46143050964498,61.46143050964498,,Schaefer_2020,,,,,,,,,
61.33640135409833,-163.14053843770492,2014-09-04,61,1,65.28088697816668,65.28088697816666,,Schaefer_2020,,,,,,,,,
61.318892797654314,-163.1676137901234,2014-08-29,81,1,69.4592495213125,69.4592495213125,,Schaefer_2020,,,,,,,,,
61.307232576249994,-163.1856238067309,2014-08-25,104,1,68.23763750116505,68.23763750116505,,Schaefer_2020,,,,,,,,,
61.317387861309534,-163.1701665107143,2014-08-28,84,1,64.92215008783134,64.92215008783133,,Schaefer_2020,,,,,,,,,
61.312855554946246,-163.17787783548383,2014-08-27,93,1,59.22314430402174,59.22314430402174,,Schaefer_2020,,,,,,,,,
61.314134229890094,-163.17630500549453,2014-08-27,91,1,74.3732359042222,74.37323590422223,,Schaefer_2020,,,,,,,,,
62.353368762500004,-161.565981075,2015-08-03,4,1,43.298019786666664,43.298019786666664,,Schaefer_2020,,,,,,,,,
61.29975469793892,-163.19911149847317,2014-08-22,131,1,56.46098880727572,56.46098880727564,,Schaefer_2020,,,,,,,,,
61.416689216206905,-163.01826393448272,2014-09-30,29,1,46.91021797392857,46.91021797392857,,Schaefer_2020,,,,,,,,,
61.331021473823554,-163.15108441029412,2014-09-01,68,1,58.94414623522389,58.944146235223876,,Schaefer_2020,,,,,,,,,
61.38484609702703,-163.06749988918918,2014-09-19,37,1,49.38176806027778,49.38176806027778,,Schaefer_2020,,,,,,,,,
61.31629697820226,-163.1738667595506,2014-08-28,89,1,67.33799886784091,67.33799886784091,,Schaefer_2020,,,,,,,,,
61.298328619361676,-163.2014840843971,2014-08-22,141,1,80.31154795132142,80.31154795132144,,Schaefer_2020,,,,,,,,,
61.30198360142857,-163.1952055142857,2014-08-23,126,1,72.34172855458796,72.34172855458802,,Schaefer_2020,,,,,,,,,
61.316321231888885,-163.17182960555556,2014-08-27,90,1,69.74083875269662,69.74083875269663,,Schaefer_2020,,,,,,,,,
61.320432829397575,-163.16470598313248,2014-08-29,83,1,65.07464887024997,65.07464887025,,Schaefer_2020,,,,,,,,,
61.45087159208333,-162.96076097083332,2014-10-10,24,1,49.75276095043478,49.75276095043478,,Schaefer_2020,,,,,,,,,
61.30369105346772,-163.19045912016128,2014-08-23,124,1,54.41011640300814,54.41011640300812,,Schaefer_2020,,,,,,,,,
61.32945926111112,-163.14988691250002,2014-08-31,72,1,50.271750930281684,50.27175093028169,,Schaefer_2020,,,,,,,,,
61.306581111391296,-163.18443284260871,2014-08-24,115,1,50.9253594122398,50.925359412239764,,Schaefer_2020,,,,,,,,,
61.66850893090909,-162.6176025909091,2014-12-19,11,1,54.464754799000005,54.46475479899999,,Schaefer_2020,,,,,,,,,
61.30136612276121,-163.1924022104477,2014-08-22,134,1,55.34544430007523,55.34544430007519,,Schaefer_2020,,,,,,,,,
61.31935636977012,-163.16430917471266,2014-08-28,87,1,66.88506010069764,66.88506010069766,,Schaefer_2020,,,,,,,,,
61.36249066957447,-163.09680937659576,2014-09-11,47,1,52.854882943260876,52.85488294326087,,Schaefer_2020,,,,,,,,,
61.387993224594574,-163.05704361621625,2014-09-19,37,1,54.191703162499984,54.19170316249999,,Schaefer_2020,,,,,,,,,
61.321193734204506,-163.1617331534091,2014-08-28,88,1,51.2501361037931,51.2501361037931,,Schaefer_2020,,,,,,,,,
61.329550525733346,-163.14768367333332,2014-08-31,75,1,50.784870811351354,50.784870811351354,,Schaefer_2020,,,,,,,,,
61.33597294632356,-163.14007904117648,2014-09-01,68,1,59.50323413114428,59.50323413114429,,Schaefer_2020,,,,,,,,,
61.60843409461539,-162.71285516153847,2014-11-29,13,1,50.2489427625,50.2489427625,,Schaefer_2020,,,,,,,,,
61.30844269619717,-162.58731565281684,2014-08-22,142,1,74.97767016159223,74.97767016159219,,Schaefer_2020,,,,,,,,,
61.32053097441176,-162.56947208529405,2014-08-25,102,1,70.58002317623763,70.58002317623762,,Schaefer_2020,,,,,,,,,
61.33231426212499,-162.55073659249993,2014-08-29,80,1,68.5322422428481,68.5322422428481,,Schaefer_2020,,,,,,,,,
61.3143057087395,-162.57598468319327,2014-08-23,119,1,71.48256209906776,71.48256209906779,,Schaefer_2020,,,,,,,,,
61.589960568571435,-162.18179903571428,2014-11-21,14,1,70.2527463023077,70.2527463023077,,Schaefer_2020,,,,,,,,,
61.31090882954545,-162.583932230303,2014-08-22,132,1,67.01724567993215,67.01724567993215,,Schaefer_2020,,,,,,,,,
61.30540596088049,-162.5914821918239,2014-08-20,159,1,67.46118043892405,67.46118043892405,,Schaefer_2020,,,,,,,,,
61.29101908688236,-162.6122717982352,2014-08-16,340,1,63.62399619759589,63.623996197595865,,Schaefer_2020,,,,,,,,,
61.31429749000001,-162.58018761300826,2014-08-23,123,1,65.86551217714826,65.86551217714823,,Schaefer_2020,,,,,,,,,
61.30697679616882,-162.58962972402603,2014-08-21,154,1,69.77847008802205,69.77847008802205,,Schaefer_2020,,,,,,,,,
61.651347279166664,-162.11860393333333,2014-12-08,12,1,73.01883459272726,73.01883459272727,,Schaefer_2020,,,,,,,,,
61.33060167082353,-162.55574845058828,2014-08-28,85,1,72.26793364714283,72.26793364714284,,Schaefer_2020,,,,,,,,,
61.443945397037034,-162.40423988518523,2014-10-03,27,1,67.67823906250001,67.67823906250001,,Schaefer_2020,,,,,,,,,
61.2912449555132,-162.6122423800587,2014-08-16,341,1,68.8494364425024,68.84943644250245,,Schaefer_2020,,,,,,,,,
61.28761642516948,-162.61674959194917,2014-08-15,472,1,67.55094544608794,67.55094544608785,,Schaefer_2020,,,,,,,,,
61.30546840890245,-162.59213635853658,2014-08-20,164,1,72.62608340963196,72.6260834096319,,Schaefer_2020,,,,,,,,,
61.34700687584615,-162.5351846461539,2014-09-02,65,1,80.44853062453126,80.44853062453126,,Schaefer_2020,,,,,,,,,
61.31814924410717,-162.57368655714282,2014-08-24,112,1,73.32184029603606,73.32184029603603,,Schaefer_2020,,,,,,,,,
61.313927968479994,-162.57899547199995,2014-08-23,125,1,72.45985692822579,72.4598569282258,,Schaefer_2020,,,,,,,,,
61.31560017083334,-162.57945536416668,2014-08-23,120,1,68.86535012280673,68.8653501228067,,Schaefer_2020,,,,,,,,,
61.29166880709199,-162.6117317053411,2014-08-16,337,1,70.9622548822755,70.96225488227554,,Schaefer_2020,,,,,,,,,
61.36277580679244,-162.51443009056598,2014-09-07,53,1,67.97446480865382,67.97446480865383,,Schaefer_2020,,,,,,,,,
61.310121688085076,-162.58547966241127,2014-08-22,141,1,76.9616654150163,76.96166541501627,,Schaefer_2020,,,,,,,,,
61.40817360611114,-162.69020230000004,2013-09-29,36,1,68.55828219100002,68.558282191,,Schaefer_2020,,,,,,,,,
61.31904153382813,-162.8157064875,2013-08-25,128,1,66.5692931629527,66.56929316295276,,Schaefer_2020,,,,,,,,,
61.30356312103448,-162.83770620905167,2013-08-18,232,1,68.48452726632033,68.48452726632034,,Schaefer_2020,,,,,,,,,
61.36192856438596,-162.75150011052625,2013-09-11,57,1,73.32683119910715,73.32683119910713,,Schaefer_2020,,,,,,,,,
61.30088802650736,-162.84069578970585,2013-08-17,272,1,70.30792806072886,70.30792806072878,,Schaefer_2020,,,,,,,,,
61.65400164666668,-162.32260446666666,2014-01-07,12,1,72.36905050454544,72.36905050454544,,Schaefer_2020,,,,,,,,,
61.28486136774194,-162.86419379354837,2013-08-11,155,1,85.57049771241928,85.57049771241937,,Schaefer_2020,,,,,,,,,
61.28508904938273,-162.8639165679012,2013-08-11,81,1,81.42988717191358,81.42988717191359,,Schaefer_2020,,,,,,,,,
61.36853672961539,-162.74106484423075,2013-09-14,52,1,77.01922149088234,77.01922149088234,,Schaefer_2020,,,,,,,,,
61.28553046153844,-162.86440223076926,2013-08-11,13,1,74.90208416538461,74.90208416538461,,Schaefer_2020,,,,,,,,,
61.285424637037025,-162.86407919999996,2013-08-11,135,1,68.37286720400007,68.37286720400002,,Schaefer_2020,,,,,,,,,
61.485717840909096,-162.57171494545457,2013-10-31,22,1,71.48142943714286,71.48142943714286,,Schaefer_2020,,,,,,,,,
61.28575401388889,-162.8650661944445,2013-08-11,72,1,72.10631053624996,72.10631053624999,,Schaefer_2020,,,,,,,,,
61.32170496827868,-162.81156996311478,2013-08-25,122,1,76.0334074173967,76.03340741739672,,Schaefer_2020,,,,,,,,,
61.43199047500001,-162.6504787066667,2013-10-09,30,1,78.80144157000001,78.80144157,,Schaefer_2020,,,,,,,,,
61.32434378131581,-162.80964484210517,2013-08-26,114,1,74.76528695495574,74.76528695495574,,Schaefer_2020,,,,,,,,,
61.31783526094887,-162.818542720438,2013-08-24,137,1,81.32265007168017,81.32265007168016,,Schaefer_2020,,,,,,,,,
61.35528401746031,-162.7637397079365,2013-09-08,63,1,76.64109448209676,76.64109448209676,,Schaefer_2020,,,,,,,,,
61.330911239591835,-162.80201518061233,2013-08-29,98,1,76.90312220149485,76.90312220149485,,Schaefer_2020,,,,,,,,,
61.33032862111109,-162.80229527373737,2013-08-29,99,1,71.71198985938771,71.71198985938774,,Schaefer_2020,,,,,,,,,
61.33247895378948,-162.8006337863158,2013-08-29,95,1,80.0684208962234,80.06842089622342,,Schaefer_2020,,,,,,,,,
61.43095505333334,-162.65681521666667,2013-10-09,30,1,77.1909399,77.1909399,,Schaefer_2020,,,,,,,,,
61.324111421293104,-162.81352735689657,2013-08-26,116,1,81.61575667552172,81.61575667552175,,Schaefer_2020,,,,,,,,,
61.321940356532274,-162.81730744758062,2013-08-25,124,1,74.24014872402435,74.2401487240244,,Schaefer_2020,,,,,,,,,
62.00826643166667,-161.80827485,2014-06-05,6,1,94.23982332,94.23982332,,Schaefer_2020,,,,,,,,,
61.76868354444444,-162.15983801111113,2014-02-26,9,1,70.76208085875,70.76208085875,,Schaefer_2020,,,,,,,,,
61.33289421909091,-162.803029189899,2013-08-29,99,1,72.6505876753163,72.65058767531633,,Schaefer_2020,,,,,,,,,
61.33029532456309,-162.80666160194176,2013-08-28,103,1,65.5610020857353,65.5610020857353,,Schaefer_2020,,,,,,,,,
61.3248126027731,-162.81515961764708,2013-08-26,119,1,69.74785290203386,69.74785290203388,,Schaefer_2020,,,,,,,,,
61.471608910833346,-162.60210564166672,2013-10-24,24,1,76.67785719782609,76.67785719782609,,Schaefer_2020,,,,,,,,,
61.329118789907426,-162.81046774444445,2013-08-27,108,1,75.8385548311121,75.83855483111215,,Schaefer_2020,,,,,,,,,
61.43788850566666,-162.65609241666667,2013-10-09,30,1,76.77174529418967,76.77174529418966,,Schaefer_2020,,,,,,,,,
61.35322444867647,-162.77750289999997,2013-09-06,68,1,56.15759034141792,56.15759034141791,,Schaefer_2020,,,,,,,,,
61.28899500000001,-162.86991987619044,2013-08-11,105,1,64.73256624671427,64.7325662467143,,Schaefer_2020,,,,,,,,,
61.28933929629628,-162.8701753888889,2013-08-11,54,1,67.77856577351852,67.77856577351851,,Schaefer_2020,,,,,,,,,
61.289200797101465,-162.8700412463768,2013-08-11,69,1,68.07750839427538,68.07750839427538,,Schaefer_2020,,,,,,,,,
61.289543335820916,-162.87041704477613,2013-08-11,134,1,71.08759886865671,71.08759886865671,,Schaefer_2020,,,,,,,,,
61.28976697260274,-162.87073072602743,2013-08-11,73,1,65.02058592692923,65.02058592692921,,Schaefer_2020,,,,,,,,,
61.28969330434782,-162.87064973913047,2013-08-11,23,1,69.23218570956521,69.23218570956521,,Schaefer_2020,,,,,,,,,
61.29007511428572,-162.87106716190485,2013-08-11,105,1,64.89599729561904,64.89599729561904,,Schaefer_2020,,,,,,,,,
61.290364781954885,-162.87149866165416,2013-08-11,133,1,71.19480265259394,71.19480265259398,,Schaefer_2020,,,,,,,,,
61.290215666666654,-162.87123016666666,2013-08-11,6,1,61.88100914333333,61.88100914333333,,Schaefer_2020,,,,,,,,,
61.29060286910995,-162.8720860418848,2013-08-11,191,1,74.12269480503493,74.1226948050349,,Schaefer_2020,,,,,,,,,
61.290672515789474,-162.86918996842104,2013-08-11,95,1,77.28060511347368,77.28060511347368,,Schaefer_2020,,,,,,,,,
61.29053454545455,-162.86886359090906,2013-08-11,66,1,71.36974759333334,71.36974759333334,,Schaefer_2020,,,,,,,,,
61.29057535135135,-162.86819779729728,2013-08-11,74,1,71.57450391513517,71.57450391513514,,Schaefer_2020,,,,,,,,,
61.290773499999986,-162.8719159166667,2013-08-11,36,1,55.40566614944444,55.40566614944444,,Schaefer_2020,,,,,,,,,
61.29091015306125,-162.87149653061226,2013-08-11,98,1,75.28807835779818,75.28807835779818,,Schaefer_2020,,,,,,,,,
61.29098078571436,-162.87097154081636,2013-08-11,98,1,79.31398452979592,79.31398452979592,,Schaefer_2020,,,,,,,,,
61.29094247368422,-162.87038865789475,2013-08-11,114,1,83.57486211614035,83.57486211614037,,Schaefer_2020,,,,,,,,,
61.290853808,-162.86983375200006,2013-08-11,125,1,78.78479192575998,78.78479192575999,,Schaefer_2020,,,,,,,,,
61.29078207317074,-162.86946268292684,2013-08-11,41,1,74.56452194780486,74.56452194780489,,Schaefer_2020,,,,,,,,,
61.29099144761906,-162.86770103809528,2013-08-11,105,1,71.18689984577145,71.18689984577144,,Schaefer_2020,,,,,,,,,
61.29114881818182,-162.8674817636364,2013-08-11,55,1,78.26145867345454,78.26145867345454,,Schaefer_2020,,,,,,,,,
61.29129729545454,-162.86721388636363,2013-08-11,44,1,73.2261143609091,73.2261143609091,,Schaefer_2020,,,,,,,,,
61.29140902531645,-162.86692359493668,2013-08-11,79,1,79.69823562126581,79.69823562126582,,Schaefer_2020,,,,,,,,,
61.29153545762711,-162.86652577966095,2013-08-11,59,1,76.50656136474574,76.50656136474575,,Schaefer_2020,,,,,,,,,
61.29162295238094,-162.86623923809526,2013-08-11,21,1,72.69213929142857,72.69213929142857,,Schaefer_2020,,,,,,,,,
61.29172431782946,-162.8658476124031,2013-08-11,129,1,73.74087610617562,73.7408761061757,,Schaefer_2020,,,,,,,,,
61.35364883098592,-163.1018352535211,2014-08-13,71,1,70.53411706232394,70.53411706232393,,Schaefer_2020,,,,,,,,,
61.35357473972602,-163.10129409589038,2014-08-13,73,1,79.20177533650686,79.20177533650686,,Schaefer_2020,,,,,,,,,
61.35354243333335,-163.10076482222223,2014-08-13,90,1,65.54273809566665,65.54273809566668,,Schaefer_2020,,,,,,,,,
61.353541574999994,-163.10027265000002,2014-08-13,120,1,66.0485758804361,66.04857588043612,,Schaefer_2020,,,,,,,,,
61.35357101149424,-163.0996591494253,2014-08-13,87,1,68.08759920729884,68.08759920729887,,Schaefer_2020,,,,,,,,,
61.35360672413796,-163.0990995057471,2014-08-13,87,1,62.41075621206898,62.41075621206897,,Schaefer_2020,,,,,,,,,
61.35363090789467,-163.09850639473692,2014-08-13,76,1,65.75118501105263,65.75118501105264,,Schaefer_2020,,,,,,,,,
61.35364609044299,-163.09791444177208,2014-08-13,158,1,65.66341773315096,65.66341773315096,,Schaefer_2020,,,,,,,,,
61.353658870000075,-163.09752892105266,2014-08-13,133,1,61.803278936478726,61.8032789364787,,Schaefer_2020,,,,,,,,,
61.35367983520001,-163.096809796,2014-08-13,25,1,69.12,69.12,,Schaefer_2020,,,,,,,,,
61.353683595087745,-163.09629443859646,2014-08-13,57,1,73.89227031491227,73.89227031491228,,Schaefer_2020,,,,,,,,,
61.3539475882353,-163.1033748823529,2014-08-13,17,1,71.5040748352941,71.50407483529412,,Schaefer_2020,,,,,,,,,
61.35389332584272,-163.1030660449438,2014-08-13,89,1,71.50910790887642,71.50910790887642,,Schaefer_2020,,,,,,,,,
61.35376358762885,-163.1024775670103,2014-08-13,97,1,70.87442903737113,70.87442903737113,,Schaefer_2020,,,,,,,,,
61.35370104347829,-163.10212204347826,2014-08-13,23,1,67.76322281956523,67.76322281956521,,Schaefer_2020,,,,,,,,,
61.353695347826076,-163.09679782608697,2014-08-13,92,1,54.43075276771738,54.430752767717394,,Schaefer_2020,,,,,,,,,
61.35369316217823,-163.0963117178218,2014-08-13,101,1,68.46895369407179,68.46895369407179,,Schaefer_2020,,,,,,,,,
61.353807631205676,-163.09568763829796,2014-08-13,141,1,72.49545675826239,72.49545675826242,,Schaefer_2020,,,,,,,,,
61.35394325,-163.09540325,2014-08-13,8,1,55.91297845875,55.91297845875,,Schaefer_2020,,,,,,,,,
61.35414449999999,-163.10411198809527,2014-08-13,84,1,65.83605737845238,65.8360573784524,,Schaefer_2020,,,,,,,,,
61.35402037974684,-163.1036652784811,2014-08-13,79,1,68.91953786189873,68.91953786189876,,Schaefer_2020,,,,,,,,,
61.354068606383,-163.09517965957446,2014-08-13,94,1,60.23475842085108,60.23475842085105,,Schaefer_2020,,,,,,,,,
61.35427636842104,-163.09492650000004,2014-08-13,38,1,64.04932243078947,64.04932243078947,,Schaefer_2020,,,,,,,,,
61.35439668888888,-163.0948310222222,2014-08-13,45,1,68.09674528266663,68.09674528266666,,Schaefer_2020,,,,,,,,,
61.35463675700935,-163.09462124299066,2014-08-13,107,1,69.03885625990652,69.03885625990654,,Schaefer_2020,,,,,,,,,
61.35487989285715,-163.09440358333336,2014-08-13,84,1,64.51472991875002,64.51472991875,,Schaefer_2020,,,,,,,,,
61.35501549999999,-163.09429189999997,2014-08-13,20,1,60.71506385100001,60.715063851000004,,Schaefer_2020,,,,,,,,,
61.355181126760534,-163.09419305633804,2014-08-13,71,1,62.956399965774644,62.956399965774644,,Schaefer_2020,,,,,,,,,
61.35524468421057,-163.09334607017541,2014-08-13,57,1,66.65183076821636,66.65183076821637,,Schaefer_2020,,,,,,,,,
61.35517852380955,-163.09289019047623,2014-08-13,84,1,68.18876662720238,68.18876662720238,,Schaefer_2020,,,,,,,,,
61.355116230088484,-163.0923459734513,2014-08-13,113,1,81.59817045826604,81.59817045826603,,Schaefer_2020,,,,,,,,,
61.355079999999994,-163.09204633333334,2014-08-13,9,1,68.48815615666666,68.48815615666666,,Schaefer_2020,,,,,,,,,
61.355566894736846,-163.09493510526315,2014-08-13,19,1,57.04329910789474,57.04329910789474,,Schaefer_2020,,,,,,,,,
61.355504118279605,-163.0946308709677,2014-08-13,93,1,58.992100047419335,58.99210004741935,,Schaefer_2020,,,,,,,,,
61.355447007518826,-163.09404321052628,2014-08-13,133,1,64.36970987516915,64.36970987516918,,Schaefer_2020,,,,,,,,,
61.35539967605633,-163.09358176056335,2014-08-13,71,1,70.29561856014082,70.29561856014084,,Schaefer_2020,,,,,,,,,
61.35566461904763,-163.0954937142857,2014-08-13,21,1,60.40284672761905,60.40284672761905,,Schaefer_2020,,,,,,,,,
61.35561564197533,-163.09522532098768,2014-08-13,81,1,58.592373654753096,58.59237365475309,,Schaefer_2020,,,,,,,,,
61.35417990909089,-163.0872146666667,2014-08-13,99,1,70.21776239320704,70.21776239320707,,Schaefer_2020,,,,,,,,,
61.35411505263157,-163.08704215789479,2014-08-13,19,1,74.16573876789474,74.16573876789475,,Schaefer_2020,,,,,,,,,
61.354510027777806,-163.0882617777778,2014-08-13,36,1,72.41909452750001,72.41909452750001,,Schaefer_2020,,,,,,,,,
61.3544031401869,-163.08789171028027,2014-08-13,107,1,77.10551041584108,77.10551041584112,,Schaefer_2020,,,,,,,,,
61.354292257142866,-163.08752439999998,2014-08-13,35,1,73.7777990974286,73.77779909742857,,Schaefer_2020,,,,,,,,,
61.35477635443038,-163.08952162025312,2014-08-13,79,1,74.01047385696205,74.01047385696202,,Schaefer_2020,,,,,,,,,
61.35468143617021,-163.0890094042554,2014-08-13,94,1,73.51915974404257,73.51915974404255,,Schaefer_2020,,,,,,,,,
61.35458184810127,-163.08855036708866,2014-08-13,79,1,71.22031558854431,71.2203155885443,,Schaefer_2020,,,,,,,,,
61.35500648148147,-163.09122575308646,2014-08-13,81,1,74.90084596864199,74.90084596864196,,Schaefer_2020,,,,,,,,,
61.354905901785706,-163.09073254464283,2014-08-13,112,1,71.634259475625,71.634259475625,,Schaefer_2020,,,,,,,,,
61.35485149494945,-163.09013543434344,2014-08-13,99,1,68.44881677909092,68.4488167790909,,Schaefer_2020,,,,,,,,,
61.354815769230754,-163.08978880769234,2014-08-13,26,1,68.09413093807693,68.09413093807693,,Schaefer_2020,,,,,,,,,
61.35459547368422,-163.1051982368421,2014-08-13,38,1,62.583082249210506,62.58308224921052,,Schaefer_2020,,,,,,,,,
61.35451116129033,-163.10509912903223,2014-08-13,31,1,64.2806877687097,64.28068776870968,,Schaefer_2020,,,,,,,,,
61.35477649107143,-163.10541599999996,2014-08-13,112,1,63.309743871183045,63.30974387118304,,Schaefer_2020,,,,,,,,,
61.355904321100894,-163.09679337614682,2014-08-13,109,1,70.49162456701839,70.49162456701835,,Schaefer_2020,,,,,,,,,
61.355818506666665,-163.0963060266667,2014-08-13,75,1,63.40688953706666,63.40688953706665,,Schaefer_2020,,,,,,,,,
61.35617647297297,-163.0978518378379,2014-08-13,74,1,69.1970892785135,69.19708927851352,,Schaefer_2020,,,,,,,,,
61.3560380082645,-163.097361338843,2014-08-13,121,1,64.41501329487605,64.41501329487603,,Schaefer_2020,,,,,,,,,
61.3559676,-163.0970622,2014-08-13,5,1,70.21907904,70.21907904,,Schaefer_2020,,,,,,,,,
61.356400838983056,-163.0984659406779,2014-08-13,118,1,71.29979741177962,71.29979741177966,,Schaefer_2020,,,,,,,,,
61.35672131707317,-163.1013771707317,2014-08-13,41,1,69.33103583536584,69.33103583536585,,Schaefer_2020,,,,,,,,,
61.3566665368421,-163.09900509473687,2014-08-13,95,1,64.47493487357895,64.47493487357895,,Schaefer_2020,,,,,,,,,
61.35652485714287,-163.09873033333338,2014-08-13,21,1,61.75710734190476,61.75710734190476,,Schaefer_2020,,,,,,,,,
61.35678345454546,-163.10105054545454,2014-08-13,11,1,68.85227229181818,68.85227229181818,,Schaefer_2020,,,,,,,,,
61.35683455769232,-163.10074030769232,2014-08-13,104,1,63.89561582644229,63.895615826442295,,Schaefer_2020,,,,,,,,,
61.35691161111111,-163.1001748,2014-08-13,90,1,72.27002176700002,72.270021767,,Schaefer_2020,,,,,,,,,
61.356934152777825,-163.0995992777778,2014-08-13,144,1,66.1864343692103,66.18643436921032,,Schaefer_2020,,,,,,,,,
61.35680891176472,-163.09927191176467,2014-08-13,34,1,68.32240354029415,68.32240354029412,,Schaefer_2020,,,,,,,,,
62.697051945,-141.14328283666663,2018-08-12,30,1,55.092741274750004,55.092741274750004,,Schaefer_2020,,,,,,,,,
62.697144165,-141.14304420000002,2018-08-12,2,1,58.61676976625,58.61676976625,,Schaefer_2020,,,,,,,,,
62.69723908249998,-141.14274770499995,2018-08-13,40,1,58.14356685166668,58.14356685166666,,Schaefer_2020,,,,,,,,,
62.697373167,-141.14236933,2018-08-14,10,1,54.39918094116668,54.39918094116668,,Schaefer_2020,,,,,,,,,
62.6974605557143,-141.14212007619045,2018-08-14,21,1,54.16957695587301,54.16957695587301,,Schaefer_2020,,,,,,,,,
64.388198668,-146.881316,2014-08-12,5,1,68.02986542900001,68.02986542900001,,Schaefer_2020,,,,,,,,,
64.38813133314284,-146.88095557142856,2014-08-12,35,1,66.4203067895476,66.42030678954761,,Schaefer_2020,,,,,,,,,
64.388057334,-146.880595,2014-08-12,5,1,69.8451166355,69.8451166355,,Schaefer_2020,,,,,,,,,
64.38836731064517,-146.8821387580646,2014-08-12,31,1,59.41668522637098,59.41668522637097,,Schaefer_2020,,,,,,,,,
64.38827299959999,-146.881618,2014-08-12,25,1,66.0604525063,66.06045250630001,,Schaefer_2020,,,,,,,,,
64.86953378214287,-147.73906328333334,2014-08-12,42,1,65.58169502125,65.58169502125,,Schaefer_2020,,,,,,,,,
64.86977502965517,-147.7391343844828,2014-08-12,58,1,59.57281899172414,59.572818991724134,,Schaefer_2020,,,,,,,,,
64.87011848999998,-147.7393243583333,2014-08-12,12,1,62.833333333333336,62.833333333333336,,Schaefer_2020,,,,,,,,,
64.87001600617022,-147.73921900212764,2014-08-12,47,1,58.28638921895389,58.28638921895391,,Schaefer_2020,,,,,,,,,
64.87030098772728,-147.73938002727274,2014-08-12,44,1,61.06484441857954,61.064844418579554,,Schaefer_2020,,,,,,,,,
64.87021520875001,-147.7392824875,2014-08-12,8,1,53.979331380625005,53.979331380625,,Schaefer_2020,,,,,,,,,
64.87057150225806,-147.7395143774193,2014-08-12,31,1,64.09677419354838,64.09677419354838,,Schaefer_2020,,,,,,,,,
64.87084121580645,-147.73965681935485,2014-08-12,31,1,64.61290322580645,64.61290322580645,,Schaefer_2020,,,,,,,,,
64.87110511862069,-147.73975095172412,2014-08-12,29,1,68.55172413793103,68.55172413793103,,Schaefer_2020,,,,,,,,,
64.87483382777776,-147.68165067037037,2014-08-12,27,1,64.33775834049383,64.33775834049383,,Schaefer_2020,,,,,,,,,
64.87479455533334,-147.68103717000002,2014-08-12,30,1,58.06485256516667,58.06485256516667,,Schaefer_2020,,,,,,,,,
64.87472136363635,-147.68062788181817,2014-08-12,11,1,61.606916811060614,61.606916811060614,,Schaefer_2020,,,,,,,,,
64.87494178925925,-147.68228061851855,2014-08-12,27,1,66.9410704172222,66.94107041722222,,Schaefer_2020,,,,,,,,,
64.87489333166666,-147.68196806666666,2014-08-12,6,1,69.50395348916666,69.50395348916666,,Schaefer_2020,,,,,,,,,
68.47499579779662,-149.50378273898303,2014-08-12,118,1,42.65245762711862,42.652457627118636,,Schaefer_2020,,,,,,,,,
68.47513501887097,-149.50345714354836,2014-08-12,62,1,50.27532258064515,50.27532258064517,,Schaefer_2020,,,,,,,,,
68.47526310063493,-149.50314783888882,2014-08-12,126,1,57.24960317460317,57.24960317460319,,Schaefer_2020,,,,,,,,,
68.47542113727276,-149.50273680909095,2014-08-12,88,1,43.12954545454548,43.12954545454546,,Schaefer_2020,,,,,,,,,
68.47555071361904,-149.5024463514286,2014-08-12,105,1,47.45276190476191,47.45276190476189,,Schaefer_2020,,,,,,,,,
68.47572070304348,-149.50198157173915,2014-08-12,46,1,46.126304347826085,46.126304347826085,,Schaefer_2020,,,,,,,,,
68.47582385623379,-149.5017592961039,2014-08-12,77,1,47.90467532467534,47.90467532467533,,Schaefer_2020,,,,,,,,,
68.47592360622222,-149.50157386888887,2014-08-12,45,1,47.474444444444465,47.474444444444444,,Schaefer_2020,,,,,,,,,
68.47566710727273,-149.50394144545453,2014-08-12,11,1,41.588181818181816,41.588181818181816,,Schaefer_2020,,,,,,,,,
68.47594132576927,-149.50366206282067,2014-08-12,78,1,46.18769230769232,46.18769230769231,,Schaefer_2020,,,,,,,,,
68.4763219544186,-149.50364620697673,2014-08-12,43,1,56.818837209302316,56.81883720930234,,Schaefer_2020,,,,,,,,,
68.47644922929412,-149.5036503364706,2014-08-12,85,1,56.118352941176475,56.11835294117647,,Schaefer_2020,,,,,,,,,
68.47634981246378,-149.5005539391304,2014-08-12,207,1,50.88429951690816,50.88429951690823,,Schaefer_2020,,,,,,,,,
68.47638249225808,-149.4999109754838,2014-08-12,155,1,45.34858064516129,45.348580645161285,,Schaefer_2020,,,,,,,,,
68.47654230729282,-149.49970767182324,2014-08-12,181,1,40.33685082872926,40.33685082872928,,Schaefer_2020,,,,,,,,,
68.47681585263958,-149.49973594213196,2014-08-12,197,1,37.81720812182741,37.81720812182741,,Schaefer_2020,,,,,,,,,
68.47709217908569,-149.499754004,2014-08-12,175,1,56.37331428571427,56.37331428571429,,Schaefer_2020,,,,,,,,,
68.47736935913045,-149.49983738599025,2014-08-13,207,1,58.68106280193236,58.68106280193236,,Schaefer_2020,,,,,,,,,
68.47763688386934,-149.49997441306527,2014-08-13,199,1,54.431005025125614,54.43100502512562,,Schaefer_2020,,,,,,,,,
68.47789265081393,-149.50004853430232,2014-08-13,172,1,64.07895348837214,64.07895348837211,,Schaefer_2020,,,,,,,,,
68.47806742982758,-149.500096912069,2014-08-13,58,1,64.92999999999998,64.93,,Schaefer_2020,,,,,,,,,
68.47845903521429,-149.50037375071423,2014-08-13,140,1,60.95350000000001,60.9535,,Schaefer_2020,,,,,,,,,
68.47867822623037,-149.50055737382195,2014-08-13,191,1,56.30356020942407,56.303560209424084,,Schaefer_2020,,,,,,,,,
68.47890539419998,-149.500442844,2014-08-13,50,1,43.01259999999999,43.0126,,Schaefer_2020,,,,,,,,,
68.47688807086021,-149.5022963107526,2014-08-12,93,1,52.103333333333346,52.10333333333334,,Schaefer_2020,,,,,,,,,
68.47738387891891,-149.50217758918922,2014-08-13,37,1,48.19027027027027,48.19027027027026,,Schaefer_2020,,,,,,,,,
68.47765126569446,-149.50206050416665,2014-08-13,144,1,58.59347222222222,58.59347222222222,,Schaefer_2020,,,,,,,,,
68.47712370427419,-149.5022781967743,2014-08-12,124,1,49.12040322580648,49.12040322580645,,Schaefer_2020,,,,,,,,,
68.54538747336956,-149.49170016413044,2016-08-14,184,1,44.639673913043524,44.63967391304348,,Schaefer_2020,,,,,,,,,
68.54547448555556,-149.49142456666667,2016-08-14,9,1,54.062222222222225,54.062222222222225,,Schaefer_2020,,,,,,,,,
68.54565074755556,-149.49079247333333,2016-08-14,45,1,41.212,41.212,,Schaefer_2020,,,,,,,,,
68.54571653894739,-149.4905555118421,2016-08-14,76,1,44.62763157894735,44.627631578947366,,Schaefer_2020,,,,,,,,,
68.5457800620468,-149.49017672807022,2016-08-14,171,1,38.90836257309945,38.90836257309942,,Schaefer_2020,,,,,,,,,
68.53171094015308,-149.48905320867348,2016-08-12,196,1,33.363520408163296,33.36352040816327,132.0,Schaefer_2020,,6.0,,,,,,,
68.54600425,-149.48918041111108,2016-08-14,9,1,36.108888888888885,36.10888888888889,,Schaefer_2020,,,,,,,,,
68.54603628883721,-149.489001144186,2016-08-14,86,1,34.46709302325584,34.46709302325582,,Schaefer_2020,,,,,,,,,
68.62944706161572,-149.48965490742353,2013-08-11,229,1,35.476812227074205,35.47681222707424,,Schaefer_2020,,,,,,,,,
68.62937863440689,-149.48900243135603,2013-08-11,236,1,38.46652542372883,38.46652542372882,,Schaefer_2020,,,,,,,,,
68.62943930677173,-149.48820864960635,2013-08-11,127,1,52.60133858267723,52.601338582677165,,Schaefer_2020,,,,,,,,,
68.62952514499997,-149.4877521190476,2013-08-11,42,1,50.22880952380952,50.22880952380952,,Schaefer_2020,,,,,,,,,
68.629722625,-149.490906654,2013-08-11,50,1,47.65219999999999,47.6522,,Schaefer_2020,,,,,,,,,
68.62964025374363,-149.49047213641023,2013-08-11,195,1,45.16420512820515,45.16420512820513,,Schaefer_2020,,,,,,,,,
68.6295603161111,-149.49003548611114,2013-08-11,36,1,45.12305555555556,45.12305555555555,,Schaefer_2020,,,,,,,,,
68.62958337007142,-149.48740852714283,2013-08-11,140,1,48.52842857142851,48.52842857142857,,Schaefer_2020,,,,,,,,,
68.62971475374997,-149.48674055595242,2013-08-11,168,1,49.84470238095237,49.84470238095238,,Schaefer_2020,,,,,,,,,
68.62980135500001,-149.4861787625,2013-08-11,8,1,52.64625000000001,52.64625,,Schaefer_2020,,,,,,,,,
68.62998635987181,-149.49141844615386,2013-08-11,78,1,56.75705128205132,56.75705128205129,,Schaefer_2020,,,,,,,,,
68.62980666833333,-149.48615693333332,2013-08-11,6,1,52.80833333333333,52.80833333333333,,Schaefer_2020,,,,,,,,,
68.63022089030002,-149.49134471399998,2013-08-11,100,1,53.74940000000002,53.74940000000001,,Schaefer_2020,,,,,,,,,
68.63044065815788,-149.4911482,2013-08-11,38,1,62.36342105263155,62.36342105263155,,Schaefer_2020,,,,,,,,,
68.63083904710847,-149.49084461807234,2013-08-11,83,1,52.7067469879518,52.7067469879518,,Schaefer_2020,,,,,,,,,
68.63094712285714,-149.4908311071429,2013-08-12,56,1,47.13250000000001,47.13249999999999,,Schaefer_2020,,,,,,,,,
68.63105684612907,-149.4906762038709,2013-08-12,155,1,44.7749032258065,44.774903225806455,,Schaefer_2020,,,,,,,,,
68.63127195244347,-149.49061375791857,2013-08-12,221,1,48.39203619909504,48.39203619909504,,Schaefer_2020,,,,,,,,,
68.63152669018868,-149.49073783962262,2013-08-12,53,1,45.97056603773585,45.97056603773586,,Schaefer_2020,,,,,,,,,
68.63001904727275,-149.48486652727277,2013-08-11,33,1,61.98333333333335,61.98333333333333,,Schaefer_2020,,,,,,,,,
68.63011128890628,-149.4840744437501,2013-08-11,128,1,45.286718749999984,45.28671875,,Schaefer_2020,,,,,,,,,
68.630226078595,-149.4833916123968,2013-08-11,121,1,46.678347107438064,46.678347107438015,,Schaefer_2020,,,,,,,,,
68.63035820564103,-149.48286863076922,2013-08-11,39,1,42.53384615384613,42.53384615384615,,Schaefer_2020,,,,,,,,,
68.6304723109091,-149.48234790454546,2013-08-11,22,1,46.15409090909091,46.15409090909091,,Schaefer_2020,,,,,,,,,
68.63054852481756,-149.48178997737233,2013-08-11,137,1,45.57021897810215,45.5702189781022,,Schaefer_2020,,,,,,,,,
68.63066209715689,-149.48104279999995,2013-08-12,102,1,55.36715686274508,55.367156862745084,,Schaefer_2020,,,,,,,,,
68.630711252,-149.48070042,2013-08-12,5,1,57.98199999999999,57.98199999999999,,Schaefer_2020,,,,,,,,,
68.63075821634618,-149.4803901173077,2013-08-12,104,1,49.82499999999997,49.82500000000001,,Schaefer_2020,,,,,,,,,
68.63087258595236,-149.4795883535715,2013-08-12,84,1,47.56226190476192,47.562261904761904,,Schaefer_2020,,,,,,,,,
68.63094615514284,-149.47911736857145,2013-08-12,35,1,56.26714285714285,56.26714285714286,,Schaefer_2020,,,,,,,,,
68.63102535967741,-149.47871932500001,2013-08-11,124,1,50.23959677419355,50.23959677419356,,Schaefer_2020,,,,,,,,,
68.63116894382611,-149.47819215739125,2013-08-12,115,1,50.0753913043478,50.07539130434782,,Schaefer_2020,,,,,,,,,
68.6313075525,-149.47775122499996,2013-08-12,16,1,39.38312500000001,39.383125,,Schaefer_2020,,,,,,,,,
68.63144477344537,-149.47736005126052,2013-08-12,119,1,59.09285714285712,59.09285714285714,,Schaefer_2020,,,,,,,,,
68.63200889149995,-149.49092935642852,2013-08-12,140,1,44.81364285714287,44.81364285714286,,Schaefer_2020,,,,,,,,,
68.63222715608698,-149.49044464782608,2013-08-14,23,1,35.91217391304347,35.91217391304347,,Schaefer_2020,,,,,,,,,
68.63244546814282,-149.47409345999995,2013-08-14,70,1,31.52928571428571,31.52928571428571,,Schaefer_2020,,,,,,,,,
68.63264055583333,-149.47351943333334,2013-08-14,12,1,60.85916666666666,60.85916666666666,,Schaefer_2020,,,,,,,,,
68.63292480214285,-149.4730721821429,2013-08-14,56,1,47.02267857142855,47.02267857142857,,Schaefer_2020,,,,,,,,,
68.6327610903077,-149.48960084000007,2013-08-13,65,1,36.89799999999999,36.897999999999996,,Schaefer_2020,,,,,,,,,
68.63307296825,-149.48990103250006,2013-08-14,80,1,45.116749999999975,45.11675,,Schaefer_2020,,,,,,,,,
68.63336389951922,-149.49051055288461,2013-08-14,104,1,45.82634615384615,45.82634615384616,,Schaefer_2020,,,,,,,,,
68.63318937176471,-149.49004489117647,2013-08-14,34,1,44.86617647058824,44.86617647058824,,Schaefer_2020,,,,,,,,,
68.63361946830187,-149.49130438679242,2013-08-14,106,1,47.64028301886797,47.640283018867926,,Schaefer_2020,,,,,,,,,
68.63344607214286,-149.4907817357143,2013-08-14,28,1,36.662142857142854,36.662142857142854,,Schaefer_2020,,,,,,,,,
68.63382311458334,-149.4918346175,2013-08-14,120,1,52.791333333333355,52.791333333333334,,Schaefer_2020,,,,,,,,,
68.63371301210526,-149.49155237894738,2013-08-14,19,1,61.50263157894738,61.502631578947366,,Schaefer_2020,,,,,,,,,
68.63412729033334,-149.49254207222225,2013-08-14,90,1,50.6041111111111,50.6041111111111,,Schaefer_2020,,,,,,,,,
68.63398873562501,-149.49224537708332,2013-08-14,48,1,46.13395833333332,46.13395833333333,,Schaefer_2020,,,,,,,,,
68.63440271447551,-149.4932852048952,2013-08-14,143,1,47.71244755244753,47.71244755244756,,Schaefer_2020,,,,,,,,,
68.63427883690002,-149.49295627299998,2013-08-14,100,1,39.275899999999986,39.27589999999999,,Schaefer_2020,,,,,,,,,
68.63461536165413,-149.49369453082707,2013-08-14,133,1,45.41466165413532,45.41466165413534,,Schaefer_2020,,,,,,,,,
68.63490249791043,-149.49393339999997,2013-08-14,67,1,44.432686567164176,44.43268656716417,,Schaefer_2020,,,,,,,,,
68.63520676802467,-149.49489049629642,2013-08-14,243,1,49.92004115226346,49.92004115226337,,Schaefer_2020,,,,,,,,,
68.63509167581397,-149.49443145348832,2013-08-14,43,1,47.45441860465118,47.45441860465117,,Schaefer_2020,,,,,,,,,
68.63547263554689,-149.49543418046878,2013-08-14,128,1,52.107109374999986,52.10710937499999,,Schaefer_2020,,,,,,,,,
68.63533568341174,-149.49521004235288,2013-08-14,85,1,50.47117647058826,50.47117647058824,,Schaefer_2020,,,,,,,,,
68.63581924673078,-149.4960786384616,2013-08-14,52,1,54.72173076923077,54.72173076923078,,Schaefer_2020,,,,,,,,,
68.63568501373332,-149.49574977733334,2013-08-14,150,1,49.948400000000035,49.9484,,Schaefer_2020,,,,,,,,,
68.63610340054052,-149.49680911081077,2013-08-14,37,1,38.19783783783783,38.19783783783784,,Schaefer_2020,,,,,,,,,
68.6359752623027,-149.49648714473676,2013-08-13,152,1,44.92835526315789,44.92835526315789,,Schaefer_2020,,,,,,,,,
68.63619465454545,-149.4969638363637,2013-08-14,110,1,45.556636363636386,45.55663636363638,,Schaefer_2020,,,,,,,,,
68.63650863880599,-149.49709460820887,2013-08-14,134,1,54.54641791044782,54.54641791044776,,Schaefer_2020,,,,,,,,,
68.63689854923078,-149.49753298461536,2013-08-14,13,1,54.2953846153846,54.295384615384606,,Schaefer_2020,,,,,,,,,
68.63681370905107,-149.49730151313875,2013-08-13,137,1,46.11510948905109,46.11510948905109,,Schaefer_2020,,,,,,,,,
68.63709425551724,-149.49796829137927,2013-08-14,58,1,53.79655172413791,53.796551724137935,,Schaefer_2020,,,,,,,,,
68.63335554937983,-149.47246108372093,2013-08-14,129,1,43.30170542635661,43.30170542635659,,Schaefer_2020,,,,,,,,,
68.63361062116277,-149.4721652860465,2013-08-14,43,1,51.283023255813944,51.283023255813944,,Schaefer_2020,,,,,,,,,
68.6342580692683,-149.47163523902438,2013-08-14,41,1,44.28146341463415,44.281463414634146,,Schaefer_2020,,,,,,,,,
68.63467911771653,-149.47144622204726,2013-08-14,127,1,42.622440944881845,42.6224409448819,,Schaefer_2020,,,,,,,,,
68.63492326274644,-149.47126192464782,2013-08-13,142,1,39.62704225352113,39.62704225352112,,Schaefer_2020,,,,,,,,,
68.6351577716162,-149.4710550833332,2013-08-14,198,1,41.65136363636365,41.65136363636364,,Schaefer_2020,,,,,,,,,
68.63530733266667,-149.47090846666669,2013-08-14,15,1,44.30733333333333,44.30733333333333,,Schaefer_2020,,,,,,,,,
68.62289845751108,-149.47119349155557,2013-08-17,225,1,43.02577777777775,43.025777777777776,132.0,Schaefer_2020,,11.0,,,,,,,
68.63561444932205,-149.4704103220339,2013-08-14,59,1,45.39152542372882,45.39152542372883,,Schaefer_2020,,,,,,,,,
68.63601407162791,-149.47006121744184,2013-08-14,86,1,45.918255813953465,45.918255813953486,,Schaefer_2020,,,,,,,,,
68.6362115683146,-149.46985437134828,2013-08-14,178,1,44.0944382022472,44.09443820224719,,Schaefer_2020,,,,,,,,,
68.636465382,-149.46959901039995,2013-08-14,125,1,42.99856000000001,42.998560000000005,,Schaefer_2020,,,,,,,,,
68.63663041666666,-149.46943876666668,2013-08-14,3,1,44.71666666666667,44.71666666666667,,Schaefer_2020,,,,,,,,,
68.63676787619566,-149.46928855869564,2013-08-14,92,1,48.68086956521739,48.68086956521739,,Schaefer_2020,,,,,,,,,
68.63698981701926,-149.46909132788454,2013-08-14,104,1,46.34875000000003,46.34875,,Schaefer_2020,,,,,,,,,
68.63726945252527,-149.4688438353535,2013-08-13,99,1,49.24272727272726,49.24272727272727,,Schaefer_2020,,,,,,,,,
68.63741948083333,-149.4687111916667,2013-08-14,12,1,39.18,39.18,,Schaefer_2020,,,,,,,,,
68.63760956978024,-149.46857809230767,2013-08-14,91,1,41.74164835164835,41.74164835164835,,Schaefer_2020,,,,,,,,,
68.63783170075001,-149.46833412562498,2013-08-14,160,1,44.94793749999997,44.9479375,,Schaefer_2020,,,,,,,,,
68.63809756360658,-149.46813796393442,2013-08-14,61,1,43.15459016393442,43.15459016393442,,Schaefer_2020,,,,,,,,,
68.6383835718868,-149.46779670440245,2013-08-14,159,1,43.60767295597484,43.60767295597484,,Schaefer_2020,,,,,,,,,
68.6385284081818,-149.46766845454545,2013-08-14,11,1,50.1409090909091,50.1409090909091,,Schaefer_2020,,,,,,,,,
68.63778711200001,-149.49961581200006,2013-08-14,25,1,61.436800000000005,61.43679999999999,,Schaefer_2020,,,,,,,,,
68.63865215019798,-149.50593024455443,2013-08-14,101,1,38.36534653465348,38.36534653465347,,Schaefer_2020,,,,,,,,,
68.63856470247616,-149.50492103809518,2013-08-14,105,1,56.11161904761901,56.11161904761905,,Schaefer_2020,,,,,,,,,
68.63862564102942,-149.50453544558823,2013-08-13,68,1,61.54985294117646,61.549852941176475,,Schaefer_2020,,,,,,,,,
68.63865043133335,-149.50239161333332,2013-08-14,60,1,70.19083333333334,70.19083333333334,,Schaefer_2020,,,,,,,,,
68.63886177999998,-149.46738970810807,2013-08-14,74,1,45.87662162162161,45.876621621621624,,Schaefer_2020,,,,,,,,,
68.6390782880488,-149.46719356585362,2013-08-14,123,1,43.28593495934963,43.2859349593496,,Schaefer_2020,,,,,,,,,
68.63948641304349,-149.4669497043478,2013-08-14,23,1,48.91434782608695,48.91434782608695,,Schaefer_2020,,,,,,,,,
68.63961910650946,-149.46690145471692,2013-08-14,106,1,49.813207547169796,49.81320754716981,,Schaefer_2020,,,,,,,,,
68.63991910759492,-149.4666945582278,2013-08-13,79,1,39.55037974683545,39.550379746835446,,Schaefer_2020,,,,,,,,,
68.64017792482514,-149.46651646293697,2013-08-14,143,1,38.40804195804194,38.40804195804196,,Schaefer_2020,,,,,,,,,
68.64040381474138,-149.46634667672413,2013-08-14,116,1,43.74948275862069,43.7494827586207,,Schaefer_2020,,,,,,,,,
68.63916593732557,-149.5076658581395,2013-08-14,86,1,62.3223255813953,62.32232558139533,,Schaefer_2020,,,,,,,,,
68.35344639,-149.50036481,2013-10-27,10,1,70.18599999999999,70.18599999999999,132.0,Schaefer_2020,,5.0,,,,,,,
68.6394694757778,-149.50904900666666,2013-08-14,45,1,56.73288888888889,56.73288888888888,,Schaefer_2020,,,,,,,,,
68.63952248212765,-149.51004324468087,2013-08-14,47,1,71.63382978723405,71.63382978723405,,Schaefer_2020,,,,,,,,,
68.639663138125,-149.512154696875,2013-08-14,32,1,71.691875,71.69187500000001,,Schaefer_2020,,,,,,,,,
68.64056180379559,-149.50344845912412,2013-08-14,137,1,48.44817518248174,48.44817518248175,,Schaefer_2020,,,,,,,,,
68.6405089816495,-149.50280655206183,2013-08-14,194,1,63.52922680412373,63.529226804123724,,Schaefer_2020,,,,,,,,,
68.64050732984856,-149.50204267272727,2013-08-14,132,1,56.21507575757576,56.215075757575754,,Schaefer_2020,,,,,,,,,
68.64051923122307,-149.5012587338129,2013-08-14,139,1,62.45230215827339,62.452302158273376,,Schaefer_2020,,,,,,,,,
68.64054887577379,-149.5005664208333,2013-08-14,168,1,64.39714285714284,64.39714285714287,,Schaefer_2020,,,,,,,,,
68.62249346438708,-149.5007864916129,2013-08-18,155,1,58.44116129032261,58.441161290322576,132.0,Schaefer_2020,,17.0,,,,,,,
68.64054603926827,-149.49907199817076,2013-08-14,164,1,55.9231097560975,55.92310975609756,,Schaefer_2020,,,,,,,,,
68.64056637032782,-149.49825766967214,2013-08-13,122,1,48.018606557377026,48.01860655737705,,Schaefer_2020,,,,,,,,,
68.64056100033332,-149.49788411333333,2013-08-14,30,1,52.550333333333334,52.55033333333334,,Schaefer_2020,,,,,,,,,
68.57479194857143,-149.47006497857143,2014-08-20,42,1,43.7507142857143,43.75071428571429,132.0,Schaefer_2020,,30.0,,,,,,,
68.6416513498,-149.46541130399999,2014-08-11,50,1,30.044199999999993,30.044200000000004,,Schaefer_2020,,,,,,,,,
68.64200714875003,-149.46708145138894,2014-08-11,144,1,39.718402777777776,39.71840277777777,,Schaefer_2020,,,,,,,,,
68.64201947254897,-149.46646466372545,2014-08-11,102,1,45.257745098039216,45.25774509803923,,Schaefer_2020,,,,,,,,,
68.64200865961836,-149.46566583282444,2014-08-11,131,1,44.91748091603051,44.917480916030534,,Schaefer_2020,,,,,,,,,
68.6414656009091,-149.48012222822967,2014-08-11,209,1,55.35660287081342,55.35660287081339,,Schaefer_2020,,,,,,,,,
68.64152904634146,-149.4794442333334,2014-08-11,246,1,54.415691056910546,54.41569105691057,,Schaefer_2020,,,,,,,,,
68.64155510542165,-149.4787434957831,2014-08-11,166,1,48.182349397590336,48.182349397590365,,Schaefer_2020,,,,,,,,,
68.63003409436214,-149.47876641358025,2014-08-12,243,1,41.74995867768597,42.586378600823046,132.0,Schaefer_2020,,17.0,,,,,,,
68.64153879837497,-149.47548976249996,2014-08-11,80,1,35.19849999999999,35.1985,,Schaefer_2020,,,,,,,,,
68.64156350131577,-149.47505436710517,2014-08-11,76,1,37.14342105263159,37.14342105263158,,Schaefer_2020,,,,,,,,,
68.64159156249998,-149.47655425624995,2014-08-11,64,1,38.989843750000006,38.98984375,,Schaefer_2020,,,,,,,,,
68.64177922642857,-149.46986415,2014-08-11,14,1,49.077857142857134,49.077857142857134,,Schaefer_2020,,,,,,,,,
68.64181576531644,-149.46959888860755,2014-08-11,158,1,47.8609493670886,47.860949367088615,,Schaefer_2020,,,,,,,,,
68.64176283186438,-149.46995941186447,2014-08-11,59,1,45.735932203389794,45.73593220338982,,Schaefer_2020,,,,,,,,,
68.64698330759258,-149.39331804629634,2016-08-14,54,1,35.79314814814815,35.79314814814815,,Schaefer_2020,,,,,,,,,
68.64701223571427,-149.39267755714286,2016-08-14,49,1,40.43897959183674,40.438979591836734,,Schaefer_2020,,,,,,,,,
68.64700406666667,-149.39212580833336,2016-08-14,12,1,41.69583333333333,41.69583333333333,,Schaefer_2020,,,,,,,,,
68.64699751964706,-149.3909840035293,2016-08-14,85,1,46.18458823529412,46.184588235294115,,Schaefer_2020,,,,,,,,,
68.64701932771086,-149.3902528963855,2016-08-14,83,1,54.99361445783134,54.99361445783134,,Schaefer_2020,,,,,,,,,
68.64704074947366,-149.389524575,2016-08-14,76,1,38.14671052631579,38.14671052631579,,Schaefer_2020,,,,,,,,,
68.64722512458333,-149.38927414583335,2016-08-14,24,1,43.51291666666666,43.51291666666666,,Schaefer_2020,,,,,,,,,
68.64722486236849,-149.3887881710526,2016-08-14,76,1,43.38526315789473,43.385263157894734,,Schaefer_2020,,,,,,,,,
68.64722840264149,-149.38811636603774,2016-08-14,53,1,56.38452830188681,56.384528301886796,,Schaefer_2020,,,,,,,,,
68.64729893577775,-149.38661141555554,2016-08-14,45,1,55.004888888888885,55.00488888888887,,Schaefer_2020,,,,,,,,,
68.64725924666665,-149.3833386,2016-08-14,12,1,49.284166666666664,49.284166666666664,,Schaefer_2020,,,,,,,,,
68.64726533913043,-149.38288162173913,2016-08-14,23,1,56.61347826086956,56.61347826086956,,Schaefer_2020,,,,,,,,,
68.6472635075,-149.38238142083335,2016-08-14,24,1,58.518333333333345,58.51833333333334,,Schaefer_2020,,,,,,,,,
68.64728525884617,-149.3849594769231,2016-08-14,26,1,53.46769230769232,53.46769230769232,,Schaefer_2020,,,,,,,,,
68.64728629909092,-149.3810448909091,2016-08-14,11,1,37.71727272727273,37.71727272727273,,Schaefer_2020,,,,,,,,,
68.64730036127273,-149.3795571472727,2016-08-14,55,1,48.41090909090909,48.41090909090909,,Schaefer_2020,,,,,,,,,
68.64732510290321,-149.3787140354839,2016-08-14,31,1,61.30064516129035,61.30064516129033,,Schaefer_2020,,,,,,,,,
68.64731570117648,-149.37794399852942,2016-08-14,68,1,44.07985294117647,44.079852941176476,,Schaefer_2020,,,,,,,,,
68.64730193812503,-149.37741318749997,2016-08-14,80,1,50.59500000000003,50.595,,Schaefer_2020,,,,,,,,,
68.64734474804878,-149.37664198536584,2016-08-14,41,1,36.25414634146342,36.25414634146342,,Schaefer_2020,,,,,,,,,
68.64736660914895,-149.3759114382979,2016-08-14,47,1,46.1668085106383,46.1668085106383,,Schaefer_2020,,,,,,,,,
68.64738039268293,-149.367187202439,2016-08-14,41,1,36.75390243902439,36.75390243902439,,Schaefer_2020,,,,,,,,,
68.6473826525,-149.37109548749999,2016-08-14,8,1,48.25,48.25,,Schaefer_2020,,,,,,,,,
68.64738822206895,-149.3704610775862,2016-08-14,58,1,38.968793103448284,38.96879310344827,,Schaefer_2020,,,,,,,,,
68.64739761100003,-149.36989852999997,2016-08-14,60,1,41.573833333333354,41.57383333333334,,Schaefer_2020,,,,,,,,,
68.64743648034485,-149.37368406896553,2016-08-14,29,1,41.31103448275863,41.31103448275862,,Schaefer_2020,,,,,,,,,
68.64803135520404,-149.352259089796,2016-08-14,98,1,48.187346938775505,48.18734693877552,,Schaefer_2020,,,,,,,,,
68.64813077380956,-149.35162533015873,2016-08-14,63,1,53.38253968253969,53.38253968253967,,Schaefer_2020,,,,,,,,,
68.64815168999999,-149.35110281428572,2016-08-14,7,1,33.65714285714286,33.65714285714286,,Schaefer_2020,,,,,,,,,
68.64815110745454,-149.34732889999998,2016-08-14,55,1,82.89654545454545,82.89654545454543,,Schaefer_2020,,,,,,,,,
68.59244534,-149.38138835249998,2016-08-05,40,1,49.85475000000001,49.854749999999996,132.0,Schaefer_2020,,,,,,,,,
68.64820372749999,-149.3507024138889,2016-08-14,36,1,39.49250000000001,39.4925,,Schaefer_2020,,,,,,,,,
68.64825505190478,-149.34998558253963,2016-08-14,63,1,42.27063492063495,42.27063492063493,,Schaefer_2020,,,,,,,,,
68.64830655471911,-149.34928624719097,2016-08-14,89,1,46.732921348314605,46.732921348314605,,Schaefer_2020,,,,,,,,,
68.64835771717394,-149.34876173913045,2016-08-15,46,1,63.28239130434782,63.28239130434782,,Schaefer_2020,,,,,,,,,
68.6482719921212,-149.34757727727276,2016-08-14,66,1,47.94787878787877,47.947878787878786,,Schaefer_2020,,,,,,,,,
68.6481921476667,-149.34687767333335,2016-08-14,30,1,53.70399999999999,53.704,,Schaefer_2020,,,,,,,,,
68.64824330188888,-149.34640501555552,2016-08-14,90,1,51.95944444444445,51.95944444444445,,Schaefer_2020,,,,,,,,,
68.64831371190473,-149.3453912142857,2016-08-15,21,1,34.75952380952381,34.7595238095238,,Schaefer_2020,,,,,,,,,
68.64834813716666,-149.34487429333328,2016-08-15,60,1,39.977999999999994,39.977999999999994,,Schaefer_2020,,,,,,,,,
68.64838616790693,-149.34428377441859,2016-08-14,43,1,45.721860465116286,45.72186046511628,,Schaefer_2020,,,,,,,,,
68.64846485000001,-149.34820096000004,2016-08-14,10,1,66.775,66.775,,Schaefer_2020,,,,,,,,,
68.64847350944449,-149.34791470000008,2016-08-15,72,1,59.478333333333325,59.47833333333334,,Schaefer_2020,,,,,,,,,
68.64846837263737,-149.2485192384615,2014-08-13,91,1,34.209340659340675,34.209340659340654,,Schaefer_2020,,,,,,,,,
68.64840932312501,-149.24826650000003,2014-08-13,16,1,31.986250000000002,31.98625,,Schaefer_2020,,,,,,,,,
68.64858541727273,-149.24892226818181,2014-08-13,22,1,38.419545454545464,38.419545454545464,,Schaefer_2020,,,,,,,,,
68.6484515761539,-149.34295023736266,2016-08-15,91,1,46.70450549450546,46.704505494505504,,Schaefer_2020,,,,,,,,,
68.64846514147055,-149.34238686176474,2016-08-14,34,1,44.12264705882351,44.12264705882353,,Schaefer_2020,,,,,,,,,
68.64852288333334,-149.34167488333333,2016-08-15,12,1,44.458333333333336,44.458333333333336,,Schaefer_2020,,,,,,,,,
68.64861285476191,-149.34127916666665,2016-08-15,21,1,52.00952380952382,52.00952380952381,,Schaefer_2020,,,,,,,,,
68.648638871875,-149.2437343875,2014-08-13,16,1,43.70437500000001,43.704375,,Schaefer_2020,,,,,,,,,
68.64889578835819,-149.24234768656717,2014-08-13,67,1,47.67358208955224,47.673582089552234,,Schaefer_2020,,,,,,,,,
68.64898564903618,-149.2418362686747,2014-08-13,83,1,43.28831325301203,43.28831325301205,,Schaefer_2020,,,,,,,,,
68.64902984374999,-149.24147489375002,2014-08-13,64,1,36.658125000000005,36.658125,,Schaefer_2020,,,,,,,,,
68.64910511091549,-149.24099220985914,2014-08-13,142,1,40.59338028169012,40.593380281690145,,Schaefer_2020,,,,,,,,,
68.64911723133332,-149.33758207333332,2016-08-15,30,1,52.59666666666667,52.59666666666667,,Schaefer_2020,,,,,,,,,
68.64927044846152,-149.2500334,2014-08-13,13,1,36.30769230769231,36.30769230769231,,Schaefer_2020,,,,,,,,,
68.64950385374999,-149.25052484999998,2014-08-13,16,1,28.72312500000001,28.723125,,Schaefer_2020,,,,,,,,,
68.64976037818184,-149.2511418909091,2014-08-13,22,1,41.906363636363636,41.906363636363636,,Schaefer_2020,,,,,,,,,
68.64990921846153,-149.33449262307693,2016-08-14,13,1,62.52846153846153,62.52846153846154,,Schaefer_2020,,,,,,,,,
68.65008513429524,-149.2520239248323,2014-08-13,149,1,52.5044295302013,52.50442953020135,,Schaefer_2020,,,,,,,,,
68.65041446113048,-149.25338367826092,2014-08-13,115,1,57.731043478260865,57.73104347826087,,Schaefer_2020,,,,,,,,,
68.65029175266302,-149.25277153478257,2014-08-13,184,1,61.14445652173908,61.14445652173912,,Schaefer_2020,,,,,,,,,
68.65018085473685,-149.25234358421054,2014-08-13,38,1,45.95105263157895,45.95105263157894,,Schaefer_2020,,,,,,,,,
68.65056870444444,-149.2548289083333,2014-08-13,36,1,60.07638888888888,60.07638888888888,,Schaefer_2020,,,,,,,,,
68.65047126115381,-149.25418762307692,2014-08-13,52,1,55.39346153846154,55.39346153846154,,Schaefer_2020,,,,,,,,,
68.65043847560979,-149.25374312682925,2014-08-13,41,1,52.14951219512196,52.14951219512194,,Schaefer_2020,,,,,,,,,
68.65086987725894,-149.25569723045697,2014-08-13,197,1,47.64568527918781,47.64568527918782,,Schaefer_2020,,,,,,,,,
68.65115097838921,-149.25628796107378,2014-08-13,149,1,47.4891946308725,47.48919463087248,,Schaefer_2020,,,,,,,,,
68.65101720694445,-149.2559949805555,2014-08-13,108,1,45.83037037037037,45.830370370370375,,Schaefer_2020,,,,,,,,,
68.65130260557893,-149.25664469052634,2014-08-13,95,1,43.6674736842105,43.66747368421053,,Schaefer_2020,,,,,,,,,
68.65009703821782,-149.23572074851484,2014-08-13,101,1,34.71207920792079,34.712079207920794,,Schaefer_2020,,,,,,,,,
68.65042513874212,-149.23396494905663,2014-08-13,159,1,38.47704402515723,38.477044025157234,,Schaefer_2020,,,,,,,,,
68.65053494480001,-149.23353116799998,2014-08-13,25,1,44.242,44.242,,Schaefer_2020,,,,,,,,,
68.65064292694909,-149.23321928192078,2014-08-13,177,1,50.94519774011299,50.94519774011299,,Schaefer_2020,,,,,,,,,
68.65077993400001,-149.23281714399997,2014-08-13,25,1,34.82920000000001,34.8292,,Schaefer_2020,,,,,,,,,
68.65094404960674,-149.232404447191,2014-08-13,178,1,36.85741573033705,36.85741573033708,,Schaefer_2020,,,,,,,,,
68.651074426875,-149.23209163125,2014-08-13,16,1,37.881874999999994,37.881875,,Schaefer_2020,,,,,,,,,
68.651461560597,-149.3240324343284,2016-08-15,67,1,73.72880597014922,73.72880597014925,,Schaefer_2020,,,,,,,,,
68.6514900522785,-149.32330212405063,2016-08-14,79,1,84.7326582278481,84.73265822784809,,Schaefer_2020,,,,,,,,,
68.65146488926825,-149.32263295975608,2016-08-15,82,1,69.98548780487803,69.98548780487805,,Schaefer_2020,,,,,,,,,
68.65149055638891,-149.32205766111113,2016-08-14,36,1,58.962222222222216,58.962222222222216,,Schaefer_2020,,,,,,,,,
68.65176791714285,-149.23011029999998,2014-08-13,14,1,25.495,25.495,,Schaefer_2020,,,,,,,,,
68.6524375527027,-149.22825636936935,2014-08-13,111,1,41.9361261261261,41.93612612612612,,Schaefer_2020,,,,,,,,,
68.6525577173913,-149.22794122608693,2014-08-13,46,1,43.69304347826088,43.69304347826087,,Schaefer_2020,,,,,,,,,
68.65264254865384,-149.22769339038464,2014-08-13,52,1,44.79076923076922,44.79076923076923,,Schaefer_2020,,,,,,,,,
68.64156192503705,-149.2354427392592,2014-08-15,135,1,42.02059259259259,42.0205925925926,132.0,Schaefer_2020,,40.0,,,,,,,
68.653446725375,-149.2277806125001,2014-08-13,80,1,40.636375,40.636375,,Schaefer_2020,,,,,,,,,
68.65373246600001,-149.2282367304762,2014-08-13,105,1,42.412666666666674,42.41266666666667,,Schaefer_2020,,,,,,,,,
68.65360790038962,-149.22803524545463,2014-08-13,77,1,44.74597402597402,44.74597402597402,,Schaefer_2020,,,,,,,,,
68.65408039956522,-149.22890358695653,2014-08-13,23,1,51.29695652173914,51.29695652173914,,Schaefer_2020,,,,,,,,,
68.65393554955554,-149.22857314666666,2014-08-13,180,1,42.7848888888889,42.784888888888894,,Schaefer_2020,,,,,,,,,
68.65435303,-149.2296194727273,2014-08-13,11,1,58.26545454545454,58.26545454545454,,Schaefer_2020,,,,,,,,,
68.65417969,-149.22920683185842,2014-08-13,113,1,53.326548672566354,53.326548672566375,,Schaefer_2020,,,,,,,,,
68.65448567480225,-149.2299239915254,2014-08-13,177,1,42.48305084745764,42.483050847457626,,Schaefer_2020,,,,,,,,,
68.65482285120483,-149.23052955180722,2014-08-13,83,1,49.198915662650585,49.1989156626506,,Schaefer_2020,,,,,,,,,
68.65465555484847,-149.2302582606061,2014-08-13,33,1,36.21424242424242,36.21424242424243,,Schaefer_2020,,,,,,,,,
68.65515362631578,-149.23112034210527,2014-08-13,19,1,33.6921052631579,33.6921052631579,,Schaefer_2020,,,,,,,,,
68.65501694044775,-149.2308823597016,2014-08-13,201,1,37.803830845771145,37.803830845771145,,Schaefer_2020,,,,,,,,,
68.65529719054348,-149.23141844673907,2014-08-13,184,1,48.69826086956525,48.698260869565225,,Schaefer_2020,,,,,,,,,
68.65563618222221,-149.23194229888895,2014-08-13,90,1,36.12911111111111,36.129111111111115,,Schaefer_2020,,,,,,,,,
68.65549416216666,-149.2317392816667,2014-08-13,60,1,37.62216666666666,37.622166666666665,,Schaefer_2020,,,,,,,,,
68.65583500790697,-149.23232472790704,2014-08-13,172,1,41.313023255813974,41.31302325581395,,Schaefer_2020,,,,,,,,,
68.65612434071896,-149.2327544437908,2014-08-13,153,1,39.42300653594769,39.423006535947714,,Schaefer_2020,,,,,,,,,
68.65598935846154,-149.23254192307692,2014-08-13,13,1,43.42999999999999,43.42999999999999,,Schaefer_2020,,,,,,,,,
68.65642944860471,-149.23355747131785,2014-08-13,129,1,62.57914728682171,62.579147286821716,,Schaefer_2020,,,,,,,,,
68.65631282953844,-149.23320954307692,2014-08-13,65,1,77.31276923076922,77.31276923076922,,Schaefer_2020,,,,,,,,,
68.65672295241937,-149.23418449032258,2014-08-13,62,1,43.10306451612903,43.10306451612903,,Schaefer_2020,,,,,,,,,
68.6565902801961,-149.23388495392155,2014-08-13,102,1,43.42186274509804,43.42186274509804,,Schaefer_2020,,,,,,,,,
68.65705157947367,-149.2348043789474,2014-08-13,19,1,50.15631578947369,50.15631578947369,,Schaefer_2020,,,,,,,,,
68.65695168572418,-149.234605397931,2014-08-13,145,1,49.58724137931037,49.58724137931034,,Schaefer_2020,,,,,,,,,
68.65719331913041,-149.23507194913051,2014-08-13,230,1,35.27734782608688,35.27734782608697,,Schaefer_2020,,,,,,,,,
68.657334083,-149.23541275000002,2014-08-13,20,1,16.175500000000003,16.175500000000003,,Schaefer_2020,,,,,,,,,
68.65921855956518,-149.26242095869569,2014-08-13,92,1,50.03173913043479,50.03173913043479,,Schaefer_2020,,,,,,,,,
68.65924280999995,-149.26167577796602,2014-08-13,59,1,43.1928813559322,43.19288135593221,,Schaefer_2020,,,,,,,,,
68.65928105448982,-149.26078581224488,2014-08-13,49,1,37.2457142857143,37.245714285714286,,Schaefer_2020,,,,,,,,,
68.65929900983333,-149.260052885,2014-08-13,60,1,42.64516666666666,42.64516666666667,,Schaefer_2020,,,,,,,,,
68.6593140313793,-149.2595775827586,2014-08-13,87,1,42.27333333333332,42.27333333333333,,Schaefer_2020,,,,,,,,,
68.65937101060605,-149.2576706060606,2014-08-13,33,1,33.59575757575759,33.595757575757574,,Schaefer_2020,,,,,,,,,
68.65939662298244,-149.25727657543857,2014-08-13,57,1,40.89245614035088,40.89245614035088,,Schaefer_2020,,,,,,,,,
68.65942342541663,-149.25646823055556,2014-08-13,72,1,42.487083333333324,42.48708333333334,,Schaefer_2020,,,,,,,,,
68.65945316496067,-149.2557275834646,2014-08-13,127,1,39.42889763779525,39.428897637795274,,Schaefer_2020,,,,,,,,,
68.65948335578128,-149.25477335624998,2014-08-13,64,1,37.51750000000001,37.5175,,Schaefer_2020,,,,,,,,,
68.65950588927707,-149.25430907831324,2014-08-13,83,1,41.069036144578305,41.06903614457831,,Schaefer_2020,,,,,,,,,
68.65952266545456,-149.25393842727274,2014-08-13,22,1,33.46909090909091,33.46909090909091,,Schaefer_2020,,,,,,,,,
68.65953121510208,-149.2534652265306,2014-08-13,147,1,46.27482993197279,46.27482993197278,,Schaefer_2020,,,,,,,,,
68.6595626389473,-149.2528589699248,2014-08-13,133,1,47.15706766917294,47.157067669172925,,Schaefer_2020,,,,,,,,,
68.65962120732756,-149.25143280086203,2014-08-13,116,1,43.38198275862067,43.381982758620694,,Schaefer_2020,,,,,,,,,
68.65964556427186,-149.25077587475727,2014-08-13,103,1,45.093009708737846,45.093009708737874,,Schaefer_2020,,,,,,,,,
68.65967326974683,-149.2500827810127,2014-08-13,79,1,42.85354430379747,42.85354430379746,,Schaefer_2020,,,,,,,,,
68.65970883603305,-149.2492153033058,2014-08-13,121,1,46.85611570247935,46.856115702479336,,Schaefer_2020,,,,,,,,,
68.65972965172413,-149.24856462298845,2014-08-13,87,1,41.626321839080454,41.62632183908047,,Schaefer_2020,,,,,,,,,
68.65974898420002,-149.247933733,2014-08-13,100,1,43.11160000000001,43.111599999999996,,Schaefer_2020,,,,,,,,,
68.65976633119043,-149.24715895793656,2014-08-13,126,1,41.07880952380952,41.07880952380953,,Schaefer_2020,,,,,,,,,
68.65971482904109,-149.23906748356166,2014-08-13,73,1,41.497671232876705,41.49767123287671,,Schaefer_2020,,,,,,,,,
68.65977680608694,-149.24678823913044,2014-08-13,46,1,51.579130434782606,51.579130434782584,,Schaefer_2020,,,,,,,,,
68.65979346166672,-149.24634190098044,2014-08-13,102,1,38.76411764705882,38.76411764705882,,Schaefer_2020,,,,,,,,,
68.6598123433987,-149.24557927843142,2014-08-13,153,1,43.17660130718956,43.17660130718954,,Schaefer_2020,,,,,,,,,
68.65983487244324,-149.24487227613633,2014-08-13,176,1,56.77977272727269,56.779772727272736,,Schaefer_2020,,,,,,,,,
68.65984953040267,-149.24411374697988,2014-08-13,149,1,50.019127516778504,50.019127516778525,,Schaefer_2020,,,,,,,,,
68.65987987388492,-149.24345075035984,2014-08-13,139,1,44.70604316546765,44.70604316546763,,Schaefer_2020,,,,,,,,,
68.65989487975408,-149.24254930491807,2014-08-13,122,1,57.25286885245902,57.25286885245901,,Schaefer_2020,,,,,,,,,
68.65989308454549,-149.24179232727278,2014-08-13,77,1,39.751558441558444,39.751558441558444,,Schaefer_2020,,,,,,,,,
68.65989519179314,-149.24122413517247,2014-08-13,145,1,35.89813793103447,35.898137931034476,,Schaefer_2020,,,,,,,,,
68.65990222323528,-149.2405660558823,2014-08-13,34,1,27.28,27.28,,Schaefer_2020,,,,,,,,,
68.65989701833333,-149.2395862766667,2014-08-13,30,1,43.13200000000001,43.132,,Schaefer_2020,,,,,,,,,
68.6598832915,-149.23926254000003,2014-08-13,20,1,42.164500000000004,42.164500000000004,,Schaefer_2020,,,,,,,,,
68.91597520243118,-148.84733989174313,2016-08-13,218,1,43.54922018348624,43.549220183486234,,Schaefer_2020,,,,,,,,,
68.91621520424458,-148.84786091187036,2016-08-14,278,1,43.025539568345295,43.025539568345316,,Schaefer_2020,,,,,,,,,
68.91618047360762,-148.8474056253164,2016-08-14,158,1,41.677974683544356,41.6779746835443,,Schaefer_2020,,,,,,,,,
68.91610843034482,-148.8468263517241,2016-08-14,29,1,44.986896551724136,44.98689655172414,,Schaefer_2020,,,,,,,,,
68.91637333447368,-148.84770737105268,2016-08-14,38,1,42.341578947368404,42.34157894736842,,Schaefer_2020,,,,,,,,,
68.91645113169488,-148.84670316101688,2016-08-14,177,1,91.27796610169493,91.27796610169491,,Schaefer_2020,,,,,,,,,
68.9159441465385,-148.84779054134626,2016-08-13,104,1,41.59336538461538,41.59336538461538,,Schaefer_2020,,,,,,,,,
68.91638617859371,-148.84755408125,2016-08-14,64,1,63.172343749999996,63.172343749999996,,Schaefer_2020,,,,,,,,,
68.91693239548854,-148.84791800718378,2016-08-14,348,1,53.344454022988536,53.3444540229885,,Schaefer_2020,,,,,,,,,
68.91686724384616,-148.8475877076923,2016-08-14,13,1,64.30384615384617,64.30384615384617,,Schaefer_2020,,,,,,,,,
68.91701632905172,-148.84809508189662,2016-08-14,116,1,38.8081896551724,38.808189655172406,,Schaefer_2020,,,,,,,,,
68.91703849999999,-148.8481505,2018-08-16,2,1,36.75,36.75,,Schaefer_2020,,,,,,,,,
69.06101433350001,-148.78098922,2014-08-13,20,1,51.03699999999999,51.03699999999999,,Schaefer_2020,,,,,,,,,
69.06108694111111,-148.7802796,2014-08-13,9,1,46.84777777777778,46.847777777777786,,Schaefer_2020,,,,,,,,,
69.06135921439024,-148.7845793780488,2014-08-13,41,1,45.008780487804884,45.00878048780488,,Schaefer_2020,,,,,,,,,
69.0612882632143,-148.78418165,2014-08-13,84,1,43.047380952380955,43.047380952380955,,Schaefer_2020,,,,,,,,,
69.06163638404765,-148.7854280964285,2014-08-13,84,1,59.39011904761909,59.39011904761905,,Schaefer_2020,,,,,,,,,
69.06186911745095,-148.7859064313726,2014-08-13,102,1,45.98999999999998,45.989999999999995,,Schaefer_2020,,,,,,,,,
69.06183725878208,-148.78569024551282,2014-08-13,156,1,98.28544871794874,98.28544871794871,,Schaefer_2020,,,,,,,,,
69.06218152183332,-148.7861810600001,2014-08-13,120,1,42.694916666666636,42.694916666666664,,Schaefer_2020,,,,,,,,,
69.06203975932692,-148.785760775,2014-08-13,104,1,73.40317307692303,73.40317307692308,,Schaefer_2020,,,,,,,,,
69.06240331857143,-148.78709433928572,2014-08-13,28,1,51.392857142857146,51.39285714285715,,Schaefer_2020,,,,,,,,,
69.06134277052244,-148.77016167462673,2014-08-13,134,1,80.21335820895516,80.21335820895523,,Schaefer_2020,,,,,,,,,
69.06167350418029,-148.77148948852454,2014-08-13,122,1,72.60631147540983,72.60631147540984,,Schaefer_2020,,,,,,,,,
69.06158155656252,-148.77108894687498,2014-08-13,64,1,78.30796874999993,78.30796875,,Schaefer_2020,,,,,,,,,
69.06193917569897,-148.7744486021505,2014-08-13,93,1,69.15655913978492,69.15655913978493,,Schaefer_2020,,,,,,,,,
69.0620025,-148.7742421,2014-08-13,3,1,71.15333333333332,71.15333333333332,,Schaefer_2020,,,,,,,,,
69.06194164105261,-148.7730770871346,2014-08-13,171,1,65.55070175438594,65.55070175438597,,Schaefer_2020,,,,,,,,,
69.06184455494841,-148.77237336340212,2014-08-13,194,1,71.03721649484527,71.03721649484535,,Schaefer_2020,,,,,,,,,
69.06175288200001,-148.77189922,2014-08-13,40,1,54.86999999999999,54.870000000000005,,Schaefer_2020,,,,,,,,,
69.062011945,-148.77424615,2014-08-13,2,1,75.28,75.28,,Schaefer_2020,,,,,,,,,
69.06203780974685,-148.77413445949367,2014-08-13,79,1,74.56924050632914,74.56924050632912,,Schaefer_2020,,,,,,,,,
69.06139250049382,-148.76804752716046,2014-08-13,81,1,51.77740740740739,51.7774074074074,,Schaefer_2020,,,,,,,,,
69.06147609140847,-148.76757874929578,2014-08-13,71,1,53.66704225352112,53.66704225352113,,Schaefer_2020,,,,,,,,,
69.06162177726031,-148.76722067465755,2014-08-13,146,1,49.80863013698624,49.8086301369863,,Schaefer_2020,,,,,,,,,
69.06173287478263,-148.76691648695652,2014-08-13,23,1,45.03478260869566,45.03478260869565,,Schaefer_2020,,,,,,,,,
69.06190107621798,-148.7665812153846,2014-08-13,156,1,39.040705128205104,39.04070512820513,,Schaefer_2020,,,,,,,,,
69.06207829576923,-148.76623508846157,2014-08-13,26,1,34.403846153846146,34.40384615384615,,Schaefer_2020,,,,,,,,,
69.062121455,-148.76616766153845,2014-08-13,26,1,42.79653846153846,42.79653846153846,,Schaefer_2020,,,,,,,,,
69.0627087235,-148.78835165,2014-08-13,20,1,53.469500000000004,53.469500000000004,,Schaefer_2020,,,,,,,,,
69.0630542705,-148.78962962999998,2014-08-13,40,1,42.52824999999999,42.52825,,Schaefer_2020,,,,,,,,,
69.06292751170214,-148.78916738297872,2014-08-13,47,1,43.736170212765956,43.73617021276596,,Schaefer_2020,,,,,,,,,
69.06281010375,-148.78878313750002,2014-08-13,8,1,35.748749999999994,35.74875,,Schaefer_2020,,,,,,,,,
69.06326027951219,-148.79041138292683,2014-08-13,41,1,38.41780487804878,38.41780487804878,,Schaefer_2020,,,,,,,,,
69.06314578392855,-148.78997372380945,2014-08-13,84,1,39.49583333333334,39.49583333333334,,Schaefer_2020,,,,,,,,,
69.06350138157894,-148.79124005789475,2014-08-13,19,1,46.42473684210527,46.42473684210527,,Schaefer_2020,,,,,,,,,
69.06342223545454,-148.79103859999998,2014-08-13,11,1,44.57090909090909,44.57090909090909,,Schaefer_2020,,,,,,,,,
69.06368160233335,-148.79161471666666,2014-08-13,30,1,41.276,41.276,,Schaefer_2020,,,,,,,,,
69.06306036428572,-148.76468526785717,2014-08-13,56,1,72.78178571428569,72.7817857142857,,Schaefer_2020,,,,,,,,,
69.06403791653847,-148.79237427307692,2014-08-13,26,1,37.40923076923077,37.40923076923077,,Schaefer_2020,,,,,,,,,
69.06437853644445,-148.7930867466667,2014-08-13,45,1,43.98622222222222,43.98622222222222,,Schaefer_2020,,,,,,,,,
69.06426785850877,-148.79287222017547,2014-08-13,114,1,40.83508771929823,40.83508771929825,,Schaefer_2020,,,,,,,,,
69.06469479,-148.7937623,2014-08-13,2,1,45.230000000000004,45.230000000000004,,Schaefer_2020,,,,,,,,,
69.06456881469025,-148.79353090176994,2014-08-13,113,1,40.813097345132746,40.813097345132746,,Schaefer_2020,,,,,,,,,
69.06479060375841,-148.7939784348993,2014-08-13,149,1,40.31550335570467,40.3155033557047,,Schaefer_2020,,,,,,,,,
69.06516658406251,-148.79477238515622,2014-08-13,128,1,36.07703125,36.077031250000005,,Schaefer_2020,,,,,,,,,
69.06499814492534,-148.79440072388064,2014-08-13,67,1,34.4358208955224,34.43582089552239,,Schaefer_2020,,,,,,,,,
69.06544290787879,-148.7953415757576,2014-08-13,33,1,43.93727272727272,43.93727272727273,,Schaefer_2020,,,,,,,,,
69.06531039468749,-148.79504617250012,2014-08-13,160,1,38.20849999999997,38.2085,,Schaefer_2020,,,,,,,,,
69.06565558693549,-148.7957982677419,2014-08-13,124,1,50.93072580645159,50.93072580645162,,Schaefer_2020,,,,,,,,,
69.066043334,-148.7967817,2014-08-13,5,1,55.465999999999994,55.465999999999994,,Schaefer_2020,,,,,,,,,
69.06592894571432,-148.7965443723502,2014-08-13,217,1,43.050460829493076,43.05046082949309,,Schaefer_2020,,,,,,,,,
69.06620208587155,-148.7971664252293,2014-08-13,218,1,60.99967889908258,60.99967889908257,,Schaefer_2020,,,,,,,,,
69.0664532061468,-148.7977934458716,2014-08-13,218,1,48.75426605504587,48.75426605504587,,Schaefer_2020,,,,,,,,,
69.06632931382356,-148.79749304117647,2014-08-13,34,1,64.51500000000001,64.515,,Schaefer_2020,,,,,,,,,
69.066806611,-148.79907495,2014-08-13,10,1,44.468,44.468,,Schaefer_2020,,,,,,,,,
69.06670922024097,-148.79872426746988,2014-08-13,83,1,39.848313253012066,39.84831325301205,,Schaefer_2020,,,,,,,,,
69.06701373320986,-148.79936891481483,2014-08-13,81,1,38.40765432098767,38.40765432098765,,Schaefer_2020,,,,,,,,,
69.06736754666667,-148.79987709629626,2014-08-13,54,1,39.57611111111111,39.57611111111111,,Schaefer_2020,,,,,,,,,
69.06724535363635,-148.79959895714285,2014-08-13,77,1,38.90220779220777,38.90220779220779,,Schaefer_2020,,,,,,,,,
69.06757727719102,-148.80031909775283,2014-08-13,89,1,43.93674157303371,43.93674157303371,,Schaefer_2020,,,,,,,,,
69.06778736742065,-148.8008897218253,2014-08-13,252,1,48.780992063492064,48.780992063492064,,Schaefer_2020,,,,,,,,,
69.06816773265305,-148.80910102040812,2014-08-13,49,1,43.09448979591837,43.09448979591837,,Schaefer_2020,,,,,,,,,
69.06807129158838,-148.8084628758824,2014-08-13,170,1,43.46305882352936,43.463058823529416,,Schaefer_2020,,,,,,,,,
69.06802263476635,-148.80767264579438,2014-08-13,107,1,42.90214953271029,42.902149532710276,,Schaefer_2020,,,,,,,,,
69.0680624278846,-148.8070040019231,2014-08-13,52,1,43.65442307692307,43.65442307692308,,Schaefer_2020,,,,,,,,,
69.06816258125632,-148.8064190643216,2014-08-13,199,1,87.75994974874364,87.75994974874374,,Schaefer_2020,,,,,,,,,
69.068177685,-148.80211148333333,2014-08-13,6,1,37.406666666666666,37.406666666666666,,Schaefer_2020,,,,,,,,,
69.06804054000001,-148.80167668142855,2014-08-13,70,1,41.38842857142856,41.38842857142856,,Schaefer_2020,,,,,,,,,
69.06845227419353,-148.81050904731183,2014-08-14,93,1,48.433333333333344,48.43333333333334,,Schaefer_2020,,,,,,,,,
69.06840185127515,-148.81011298255032,2014-08-13,149,1,40.980067114093956,40.98006711409396,,Schaefer_2020,,,,,,,,,
69.06823819722223,-148.80934595185187,2014-08-13,54,1,42.573148148148164,42.573148148148164,,Schaefer_2020,,,,,,,,,
69.06824465431248,-148.8060737025,2014-08-13,160,1,62.388062500000025,62.388062500000004,,Schaefer_2020,,,,,,,,,
69.06834094354838,-148.80535626322583,2014-08-13,155,1,41.284451612903176,41.284451612903226,,Schaefer_2020,,,,,,,,,
69.0683602133862,-148.80461054021174,2014-08-13,189,1,56.70227513227514,56.70227513227513,,Schaefer_2020,,,,,,,,,
69.06838197421055,-148.80396883552635,2014-08-13,152,1,47.35684210526311,47.356842105263155,,Schaefer_2020,,,,,,,,,
69.0683909305263,-148.80335380175444,2014-08-13,114,1,43.35763157894736,43.35763157894736,,Schaefer_2020,,,,,,,,,
69.06826331534484,-148.80242947327588,2014-08-13,116,1,41.57094827586207,41.57094827586205,,Schaefer_2020,,,,,,,,,
69.06866411839287,-148.8114374325892,2014-08-14,224,1,47.1604910714286,47.160491071428574,,Schaefer_2020,,,,,,,,,
69.06851633723161,-148.8109070333334,2014-08-14,177,1,39.18446327683612,39.18446327683616,,Schaefer_2020,,,,,,,,,
69.06889285878052,-148.81278000731712,2014-08-14,41,1,33.39829268292684,33.39829268292683,,Schaefer_2020,,,,,,,,,
69.06884078474823,-148.81225262158267,2014-08-14,139,1,40.12417266187046,40.1241726618705,,Schaefer_2020,,,,,,,,,
69.06876887244898,-148.8118164142857,2014-08-14,49,1,36.971632653061214,36.97163265306123,,Schaefer_2020,,,,,,,,,
67.51208339333333,-148.87966766666668,2014-12-18,3,1,45.650000000000006,45.650000000000006,132.0,Schaefer_2020,,0.0,,,,,,,
68.88758011208334,-148.79215394166667,2014-08-29,24,1,45.781666666666666,45.781666666666666,132.0,Schaefer_2020,,12.0,,,,,,,
69.069025388,-148.81327643999998,2014-08-14,5,1,50.331999999999994,50.331999999999994,,Schaefer_2020,,,,,,,,,
69.06948051605264,-148.81593400000003,2014-08-14,114,1,50.326052631578854,50.32605263157894,,Schaefer_2020,,,,,,,,,
69.06943372131929,-148.81539182222218,2014-08-14,144,1,48.84930555555556,48.84930555555556,,Schaefer_2020,,,,,,,,,
69.06932084339284,-148.8145279732143,2014-08-14,56,1,43.690714285714286,43.690714285714286,,Schaefer_2020,,,,,,,,,
69.06967980739131,-148.8167222130435,2014-08-14,69,1,46.222173913043484,46.22217391304347,,Schaefer_2020,,,,,,,,,
69.069555296,-148.81636672000002,2014-08-14,15,1,28.8,28.8,,Schaefer_2020,,,,,,,,,
69.00780011171429,-148.81069605285714,2016-07-27,70,1,48.976,48.976,132.0,Schaefer_2020,,,,,,,,,
69.06986555666667,-148.81713556666668,2014-08-14,3,1,54.86666666666667,54.86666666666667,,Schaefer_2020,,,,,,,,,
69.07036046156249,-148.81982316874996,2016-08-13,32,1,58.49937499999999,58.499375,,Schaefer_2020,,,,,,,,,
69.0703217361724,-148.8190413937931,2016-08-13,290,1,50.37775862068962,50.377758620689654,,Schaefer_2020,,,,,,,,,
69.0702227687134,-148.81834487192975,2016-08-10,171,1,53.64748538011688,53.647485380116954,,Schaefer_2020,,,,,,,,,
69.07026436572329,-148.81755770691822,2016-08-13,159,1,48.12792452830184,48.12792452830188,,Schaefer_2020,,,,,,,,,
69.07024642250009,-148.81682605588242,2016-08-13,136,1,63.63683823529411,63.63683823529412,,Schaefer_2020,,,,,,,,,
69.07040372359994,-148.819724636,2016-08-13,175,1,64.70428571428567,64.70428571428572,,Schaefer_2020,,,,,,,,,
69.07036504368423,-148.81941067894738,2016-08-13,19,1,47.482631578947355,47.48263157894737,,Schaefer_2020,,,,,,,,,
69.06999275714286,-148.8176815828571,2016-07-28,35,1,44.833999999999996,44.834,,Schaefer_2020,,,,,,,,,
69.06993289521739,-148.8172754173913,2014-08-18,23,1,41.736521739130445,41.73652173913044,,Schaefer_2020,,,,,,,,,
69.0699854525,-148.81761352499998,2015-07-28,4,1,36.6525,36.6525,,Schaefer_2020,,,,,,,,,
69.06473551177216,-148.76010638101258,2014-08-13,79,1,84.2213924050633,84.22139240506333,,Schaefer_2020,,,,,,,,,
69.06497965650001,-148.75979937500003,2014-08-13,60,1,72.18766666666666,72.18766666666666,,Schaefer_2020,,,,,,,,,
69.06578462136366,-148.75953845454544,2014-08-13,22,1,58.90590909090909,58.90590909090909,,Schaefer_2020,,,,,,,,,
69.06667752952941,-148.75993585058822,2014-08-13,85,1,91.05988235294119,91.05988235294117,,Schaefer_2020,,,,,,,,,
69.06678633400001,-148.75996455199999,2014-08-13,25,1,114.2096,114.20960000000001,,Schaefer_2020,,,,,,,,,
69.01485604433735,-148.75446666867467,2014-08-17,83,1,80.41646341463414,82.39939759036145,132.0,Schaefer_2020,,5.0,,,,,,,
69.06739820086956,-148.76017116521743,2014-08-13,23,1,70.64434782608696,70.64434782608694,,Schaefer_2020,,,,,,,,,
69.06824710126764,-148.76211285633806,2014-08-13,71,1,66.79422535211269,66.7942253521127,,Schaefer_2020,,,,,,,,,
69.06817708006795,-148.7615031292517,2014-08-13,147,1,86.70047619047617,86.7004761904762,,Schaefer_2020,,,,,,,,,
69.068287734375,-148.762429725,2014-08-13,48,1,62.40854166666665,62.40854166666667,,Schaefer_2020,,,,,,,,,
69.06853903360002,-148.76385513599996,2014-08-14,150,1,63.478333333333296,63.47833333333333,,Schaefer_2020,,,,,,,,,
69.06845466675,-148.7634758425,2014-08-14,40,1,50.277,50.277,,Schaefer_2020,,,,,,,,,
69.01862443517243,-148.75925995517244,2014-08-18,87,1,84.0983908045977,84.0983908045977,132.0,Schaefer_2020,,8.0,,,,,,,
69.06907559642856,-148.76726237857142,2014-08-14,14,1,58.082142857142856,58.082142857142856,,Schaefer_2020,,,,,,,,,
69.06899756268818,-148.7666955182796,2014-08-14,93,1,56.4347311827957,56.4347311827957,,Schaefer_2020,,,,,,,,,
68.97423689478259,-148.75615633478262,2014-08-30,46,1,54.18304347826086,54.18304347826086,132.0,Schaefer_2020,,,,,,,,,
69.06934359285712,-148.76875357857142,2014-08-14,14,1,61.298571428571435,61.298571428571435,,Schaefer_2020,,,,,,,,,
69.06925453930847,-148.76833617074465,2014-08-14,188,1,60.943563829787195,60.94356382978723,,Schaefer_2020,,,,,,,,,
69.06912191992589,-148.76764019925932,2014-08-14,135,1,66.30844444444446,66.30844444444445,,Schaefer_2020,,,,,,,,,
69.06909017967742,-148.76708802580646,2014-08-14,31,1,65.65064516129033,65.65064516129033,,Schaefer_2020,,,,,,,,,
69.0695504546154,-148.77054818846156,2014-08-14,130,1,67.92853846153844,67.92853846153845,,Schaefer_2020,,,,,,,,,
69.06949422288348,-148.76985284539884,2014-08-14,163,1,49.96656441717787,49.96656441717791,,Schaefer_2020,,,,,,,,,
69.06939135889613,-148.76908979870126,2014-08-14,154,1,58.02935064935058,58.029350649350654,,Schaefer_2020,,,,,,,,,
69.06992645636363,-148.77391705757574,2014-08-14,33,1,70.39545454545456,70.39545454545454,,Schaefer_2020,,,,,,,,,
69.06984708125005,-148.77349043375003,2014-08-14,160,1,69.22762499999997,69.22762499999999,,Schaefer_2020,,,,,,,,,
69.06980030777777,-148.7730717111111,2014-08-14,9,1,63.690000000000005,63.690000000000005,,Schaefer_2020,,,,,,,,,
69.0701812835135,-148.77472915405403,2016-08-13,74,1,61.541891891891886,61.54189189189189,,Schaefer_2020,,,,,,,,,
69.07041350459458,-148.7756214121622,2016-08-13,74,1,65.27999999999999,65.27999999999999,,Schaefer_2020,,,,,,,,,
69.0456790522436,-148.7709291032051,2016-08-13,156,1,73.758064516129,74.07371794871794,132.0,Schaefer_2020,,2.0,,,,,,,
69.07057853415094,-148.77654542264148,2016-08-13,106,1,58.38292452830188,58.38292452830187,,Schaefer_2020,,,,,,,,,
69.07005207705129,-148.77432706538463,2016-07-30,78,1,64.22564102564105,64.22564102564101,,Schaefer_2020,,,,,,,,,
69.06997329428572,-148.77404037857147,2014-08-26,14,1,73.11999999999999,73.11999999999999,,Schaefer_2020,,,,,,,,,
69.069984885,-148.77407671666668,2015-07-05,6,1,73.105,73.105,,Schaefer_2020,,,,,,,,,
69.07014095849998,-148.812638845,2016-08-13,20,1,53.10100000000001,53.10100000000001,,Schaefer_2020,,,,,,,,,
69.07014037241377,-148.81108210689655,2016-08-13,29,1,43.227931034482765,43.227931034482765,,Schaefer_2020,,,,,,,,,
69.07062020076393,-148.80717269097218,2016-08-13,144,1,41.73027777777778,41.73027777777778,,Schaefer_2020,,,,,,,,,
69.07062116128208,-148.80650201794873,2016-08-13,117,1,46.43478632478631,46.43478632478633,,Schaefer_2020,,,,,,,,,
69.07071055162163,-148.8056922094594,2016-08-13,74,1,48.05243243243242,48.052432432432425,,Schaefer_2020,,,,,,,,,
69.07073933399998,-148.8044379733333,2016-08-13,15,1,41.248000000000005,41.248000000000005,,Schaefer_2020,,,,,,,,,
69.07079606055049,-148.8033319541284,2016-08-13,109,1,43.14220183486237,43.142201834862384,,Schaefer_2020,,,,,,,,,
69.07084306071428,-148.8027571375,2016-08-13,56,1,44.91839285714286,44.918392857142855,,Schaefer_2020,,,,,,,,,
69.0708639092857,-148.80189488928573,2016-08-13,56,1,45.81160714285712,45.81160714285714,,Schaefer_2020,,,,,,,,,
69.07089884333332,-148.80152002222223,2016-08-13,18,1,49.581111111111106,49.58111111111111,,Schaefer_2020,,,,,,,,,
69.07093612906253,-148.8011402572917,2016-08-13,96,1,46.66562499999998,46.665625,,Schaefer_2020,,,,,,,,,
69.07098747424997,-148.8005280975001,2016-08-13,80,1,45.47837499999996,45.478375,,Schaefer_2020,,,,,,,,,
69.07104038507465,-148.79957359402977,2016-08-13,67,1,70.28000000000002,70.28,,Schaefer_2020,,,,,,,,,
69.0710601595745,-148.7989108021276,2016-08-13,94,1,52.65499999999999,52.654999999999994,,Schaefer_2020,,,,,,,,,
69.07103877426479,-148.7981298720588,2016-08-13,68,1,43.095588235294095,43.0955882352941,,Schaefer_2020,,,,,,,,,
69.04504508135138,-148.79285984864856,2016-08-13,148,1,47.31628378378375,47.31628378378379,132.0,Schaefer_2020,,9.0,,,,,,,
69.07096640794742,-148.7966826094737,2016-08-13,190,1,81.38584210526312,81.38584210526315,,Schaefer_2020,,,,,,,,,
69.07097192190484,-148.7958934217687,2016-08-13,147,1,51.00877551020409,51.00877551020408,,Schaefer_2020,,,,,,,,,
69.07097421666667,-148.7953045111111,2016-08-13,99,1,58.39020202020206,58.39020202020201,,Schaefer_2020,,,,,,,,,
69.07100225678835,-148.79438485036502,2016-08-13,137,1,45.23328467153284,45.23328467153285,,Schaefer_2020,,,,,,,,,
69.07111404134614,-148.79359250128215,2016-08-13,156,1,48.12435897435896,48.12435897435898,,Schaefer_2020,,,,,,,,,
69.07118109375,-148.7932744375,2016-08-13,8,1,45.16875,45.168749999999996,,Schaefer_2020,,,,,,,,,
69.04975734167594,-148.7891483150839,2016-08-13,179,1,73.32027932960891,73.32027932960892,132.0,Schaefer_2020,,32.0,,,,,,,
69.07125261990652,-148.79230729252328,2016-08-13,107,1,49.47112149532709,49.471121495327104,,Schaefer_2020,,,,,,,,,
69.07133604420736,-148.79135087926826,2016-08-13,164,1,46.694634146341436,46.694634146341464,,Schaefer_2020,,,,,,,,,
69.0713614352083,-148.79067937569437,2016-08-13,144,1,51.36069444444442,51.36069444444445,,Schaefer_2020,,,,,,,,,
69.07149049023528,-148.79032666352938,2016-08-13,85,1,84.81952941176472,84.81952941176469,,Schaefer_2020,,,,,,,,,
69.07156373357535,-148.78988646424582,2016-08-13,179,1,63.21256983240219,63.21256983240223,,Schaefer_2020,,,,,,,,,
69.07163070680556,-148.78924793333331,2016-08-13,72,1,52.22138888888887,52.22138888888888,,Schaefer_2020,,,,,,,,,
69.07178698658231,-148.7883707797468,2016-08-13,79,1,44.40025316455693,44.40025316455696,,Schaefer_2020,,,,,,,,,
69.0709011070895,-148.77773896492542,2016-08-13,134,1,59.862238805970144,59.862238805970144,,Schaefer_2020,,,,,,,,,
69.0709530738889,-148.77874067222217,2016-08-13,18,1,69.04444444444444,69.04444444444445,,Schaefer_2020,,,,,,,,,
69.07161955790123,-148.781804891358,2016-08-13,81,1,43.59246913580246,43.59246913580247,,Schaefer_2020,,,,,,,,,
69.07154153205884,-148.78112387892148,2016-08-13,204,1,44.59117647058821,44.59117647058824,,Schaefer_2020,,,,,,,,,
69.0716876452174,-148.78214766521737,2016-08-13,23,1,63.482173913043475,63.482173913043475,,Schaefer_2020,,,,,,,,,
69.07186933567571,-148.78306543243244,2016-08-13,37,1,43.04783783783785,43.04783783783783,,Schaefer_2020,,,,,,,,,
69.07200939454547,-148.78743554090906,2016-08-13,22,1,47.750454545454545,47.750454545454545,,Schaefer_2020,,,,,,,,,
69.07212097246575,-148.78456563150684,2016-08-13,73,1,48.880136986301366,48.88013698630137,,Schaefer_2020,,,,,,,,,
69.10591646357142,-148.85592362285715,2014-08-11,70,1,34.26357142857144,34.26357142857143,,Schaefer_2020,,,,,,,,,
69.10598807534087,-148.85506571249996,2014-08-11,88,1,32.41181818181817,32.41181818181818,,Schaefer_2020,,,,,,,,,
69.1061327596,-148.854263996,2014-08-11,25,1,35.448800000000006,35.4488,,Schaefer_2020,,,,,,,,,
69.10626326041663,-148.8534622541667,2014-08-11,24,1,30.142916666666665,30.142916666666668,,Schaefer_2020,,,,,,,,,
69.10651509210527,-148.85307821929825,2014-08-11,57,1,27.194210526315793,27.19421052631579,,Schaefer_2020,,,,,,,,,
69.10617163379308,-148.8583410862069,2014-08-11,29,1,37.33413793103449,37.33413793103449,,Schaefer_2020,,,,,,,,,
69.10611358644628,-148.85790989917362,2014-08-11,121,1,41.58231404958678,41.58231404958678,,Schaefer_2020,,,,,,,,,
69.10602410742854,-148.8571032828572,2014-08-11,35,1,41.53399999999999,41.534,,Schaefer_2020,,,,,,,,,
69.10632769371425,-148.86078916,2014-08-11,35,1,35.81914285714284,35.81914285714284,,Schaefer_2020,,,,,,,,,
69.10633406444443,-148.86042477777775,2014-08-11,18,1,26.931111111111107,26.93111111111111,,Schaefer_2020,,,,,,,,,
69.10627320912276,-148.8593654421052,2014-08-11,57,1,31.33421052631579,31.33421052631579,,Schaefer_2020,,,,,,,,,
69.10620695499998,-148.85865501363637,2014-08-11,22,1,32.904999999999994,32.904999999999994,,Schaefer_2020,,,,,,,,,
69.10630369660373,-148.86271153396223,2014-08-11,53,1,34.02377358490566,34.02377358490566,,Schaefer_2020,,,,,,,,,
69.10672012696969,-148.86360701818182,2014-08-11,33,1,34.63848484848485,34.63848484848484,,Schaefer_2020,,,,,,,,,
69.10663583222222,-148.86342862222222,2014-08-11,9,1,23.97222222222222,23.97222222222222,,Schaefer_2020,,,,,,,,,
69.106994765,-148.86432102391302,2014-08-11,46,1,34.83739130434783,34.83739130434783,,Schaefer_2020,,,,,,,,,
69.10726333333334,-148.86496795,2014-08-11,12,1,36.13416666666667,36.13416666666667,,Schaefer_2020,,,,,,,,,
69.05101273029852,-148.83566673134337,2014-08-22,67,1,34.41268656716418,34.41268656716417,132.0,Schaefer_2020,,5.0,,,,,,,
69.10749252153848,-148.86544775384618,2014-08-11,39,1,35.8002564102564,35.8002564102564,,Schaefer_2020,,,,,,,,,
69.10691381185184,-148.8526564074074,2014-08-11,27,1,37.58518518518517,37.58518518518518,,Schaefer_2020,,,,,,,,,
69.10720057481014,-148.85222362151893,2014-08-11,79,1,34.29227848101265,34.292278481012644,,Schaefer_2020,,,,,,,,,
69.107306722,-148.85207035333332,2014-08-11,15,1,37.17666666666666,37.17666666666666,,Schaefer_2020,,,,,,,,,
69.10746153848712,-148.85180558892986,2014-08-11,271,1,50.726642066420695,50.72664206642066,,Schaefer_2020,,,,,,,,,
69.10756572100001,-148.85131365,2014-08-11,20,1,36.591,36.591,,Schaefer_2020,,,,,,,,,
69.0189401796875,-148.89778617499996,2014-09-03,32,1,38.95870967741936,41.49125,132.0,Schaefer_2020,,4.0,,,,,,,
69.10797405083333,-148.85010318333335,2014-08-11,24,1,35.07875,35.07875,,Schaefer_2020,,,,,,,,,
69.10783825272726,-148.8663823218182,2014-08-11,55,1,37.324363636363636,37.324363636363636,,Schaefer_2020,,,,,,,,,
69.10803632543211,-148.86697114444445,2014-08-11,81,1,41.812839506172836,41.81283950617284,,Schaefer_2020,,,,,,,,,
69.10833109701755,-148.86766407017544,2014-08-11,57,1,35.75438596491227,35.75438596491228,,Schaefer_2020,,,,,,,,,
69.10824286375001,-148.86740745625,2014-08-11,16,1,37.197500000000005,37.197500000000005,,Schaefer_2020,,,,,,,,,
69.10868940166668,-148.86844507988502,2014-08-11,174,1,39.39097701149425,39.39097701149426,,Schaefer_2020,,,,,,,,,
69.10899763483869,-148.8690017870968,2014-08-11,31,1,48.17225806451612,48.172258064516114,,Schaefer_2020,,,,,,,,,
69.10889005847132,-148.86876430127387,2014-08-11,157,1,46.16401273885352,46.1640127388535,,Schaefer_2020,,,,,,,,,
69.10913552933333,-148.86923173878785,2014-08-11,165,1,35.07018181818182,35.07018181818183,,Schaefer_2020,,,,,,,,,
69.0991314886182,-148.8753747952728,2014-08-13,275,1,69.07441605839408,69.27050909090909,132.0,Schaefer_2020,,4.0,,,,,,,
69.10934799461539,-148.86958564615387,2014-08-11,130,1,48.64515384615382,48.64515384615385,,Schaefer_2020,,,,,,,,,
69.10970220976472,-148.8706772864707,2014-08-11,340,1,72.47882352941191,72.47882352941176,,Schaefer_2020,,,,,,,,,
69.10957876069567,-148.87038279478264,2014-08-11,115,1,73.06747826086958,73.06747826086958,,Schaefer_2020,,,,,,,,,
69.10995523672914,-148.87081604718495,2014-08-11,373,1,70.50903485254689,70.50903485254692,,Schaefer_2020,,,,,,,,,
69.11023645775282,-148.87093439640455,2014-08-11,445,1,69.20689887640461,69.20689887640451,,Schaefer_2020,,,,,,,,,
69.11049706499999,-148.87098212391305,2014-08-11,230,1,67.72395652173913,67.72395652173913,,Schaefer_2020,,,,,,,,,
69.11077017783208,-148.87110540629368,2014-08-11,286,1,72.81248251748244,72.81248251748251,,Schaefer_2020,,,,,,,,,
69.11108491835049,-148.87133342731948,2014-08-11,194,1,70.31159793814427,70.31159793814433,,Schaefer_2020,,,,,,,,,
69.11095280233012,-148.8711742495146,2014-08-11,103,1,75.70961165048544,75.70961165048541,,Schaefer_2020,,,,,,,,,
69.11131545018179,-148.8716401109091,2014-08-11,385,1,71.33516883116873,71.33516883116883,,Schaefer_2020,,,,,,,,,
69.11160281145102,-148.8721086992157,2014-08-11,255,1,78.28541176470596,78.28541176470588,,Schaefer_2020,,,,,,,,,
69.11147422954546,-148.87191768863642,2014-08-11,88,1,77.0996590909091,77.09965909090909,,Schaefer_2020,,,,,,,,,
69.11183758390632,-148.87232290781245,2014-08-11,320,1,64.35896875,64.35896875,,Schaefer_2020,,,,,,,,,
69.11223246047618,-148.87275312857142,2014-08-11,21,1,58.75619047619047,58.75619047619046,,Schaefer_2020,,,,,,,,,
69.11210256835389,-148.8725968596707,2014-08-11,243,1,66.81382716049376,66.81382716049382,,Schaefer_2020,,,,,,,,,
69.11239725832729,-148.87303266909103,2014-08-11,275,1,56.964327272727154,56.96432727272727,,Schaefer_2020,,,,,,,,,
69.11267818931034,-148.87355184482757,2014-08-11,29,1,35.48827586206896,35.48827586206896,,Schaefer_2020,,,,,,,,,
69.11259343888895,-148.87336904513893,2014-08-11,144,1,63.596041666666665,63.596041666666665,,Schaefer_2020,,,,,,,,,
69.11296481397727,-148.8740864454545,2014-08-11,88,1,35.977727272727236,35.97772727272727,,Schaefer_2020,,,,,,,,,
69.1132071366888,-148.8745002294701,2014-08-11,302,1,40.967913907284796,40.967913907284775,,Schaefer_2020,,,,,,,,,
69.11306518444445,-148.87424601111113,2014-08-11,9,1,36.70111111111111,36.70111111111111,,Schaefer_2020,,,,,,,,,
69.11352396804124,-148.87506070515457,2014-08-11,97,1,33.84948453608244,33.84948453608248,,Schaefer_2020,,,,,,,,,
69.11339261080923,-148.87488704913304,2014-08-11,173,1,70.50913294797685,70.50913294797687,,Schaefer_2020,,,,,,,,,
69.1136403496,-148.875037464,2014-08-11,25,1,29.296799999999994,29.296799999999998,,Schaefer_2020,,,,,,,,,
69.11377547706347,-148.8749099412698,2014-08-11,126,1,33.22166666666664,33.22166666666667,,Schaefer_2020,,,,,,,,,
69.11400066615387,-148.87478526657836,2014-08-11,377,1,72.20946949602101,72.20946949602121,,Schaefer_2020,,,,,,,,,
69.11427631591759,-148.8748732917604,2014-08-11,267,1,64.60011235955052,64.60011235955055,,Schaefer_2020,,,,,,,,,
69.11453881458748,-148.87475524686468,2014-08-11,303,1,64.20788778877866,64.20788778877888,,Schaefer_2020,,,,,,,,,
69.10020699792952,-148.8771397515419,2014-08-14,227,1,37.85894273127751,37.85894273127754,132.0,Schaefer_2020,,,,,,,,,
69.11517888915253,-148.87513607966102,2014-08-11,59,1,36.30423728813561,36.30423728813558,,Schaefer_2020,,,,,,,,,
69.11505393977775,-148.87478884944443,2014-08-11,180,1,40.593555555555575,40.593555555555554,,Schaefer_2020,,,,,,,,,
69.11533951216713,-148.8754909027865,2014-08-11,323,1,38.98281733746138,38.982817337461306,,Schaefer_2020,,,,,,,,,
69.11542008311113,-148.87282805111107,2014-08-11,90,1,39.574555555555534,39.574555555555555,,Schaefer_2020,,,,,,,,,
69.09553611628748,-148.87584668263472,2014-08-15,167,1,36.255389221556854,36.255389221556875,132.0,Schaefer_2020,,13.0,,,,,,,
69.08136405762885,-148.88094849484534,2014-08-18,97,1,36.75814432989691,36.75814432989691,132.0,Schaefer_2020,,,,,,,,,
69.11559328042365,-148.8746207262712,2014-08-11,236,1,40.33377118644066,40.33377118644068,,Schaefer_2020,,,,,,,,,
69.11565070825,-148.87386756000004,2014-08-11,240,1,35.54508333333327,35.54508333333333,,Schaefer_2020,,,,,,,,,
69.11560209716346,-148.87313467884616,2014-08-11,208,1,34.047019230769216,34.04701923076924,,Schaefer_2020,,,,,,,,,
69.1155783766129,-148.8723030717741,2014-08-11,124,1,36.8228225806451,36.822822580645166,,Schaefer_2020,,,,,,,,,
69.11586276277374,-148.87226827080283,2014-08-11,137,1,39.97554744525546,39.97554744525547,,Schaefer_2020,,,,,,,,,
69.11617481496971,-148.8722062642424,2014-08-11,165,1,39.77945454545452,39.77945454545454,,Schaefer_2020,,,,,,,,,
69.11638277073169,-148.87202271382114,2014-08-11,123,1,37.234308943089395,37.23430894308944,,Schaefer_2020,,,,,,,,,
69.11651243586206,-148.87196749482757,2014-08-11,58,1,35.978275862068976,35.97827586206896,,Schaefer_2020,,,,,,,,,
69.11668923864512,-148.87194040193546,2014-08-11,155,1,44.78883870967746,44.78883870967742,,Schaefer_2020,,,,,,,,,
69.11696977602406,-148.87184644457827,2014-08-11,166,1,36.355180722891525,36.35518072289156,,Schaefer_2020,,,,,,,,,
69.11723527443789,-148.8717324224852,2014-08-11,169,1,43.15343195266267,43.15343195266272,,Schaefer_2020,,,,,,,,,
69.11750985890714,-148.871560578142,2014-08-11,183,1,41.39027322404372,41.39027322404371,,Schaefer_2020,,,,,,,,,
69.1177573975188,-148.87141313834582,2014-08-11,133,1,33.08142857142857,33.08142857142857,,Schaefer_2020,,,,,,,,,
69.11794235689655,-148.8713002655173,2014-08-11,29,1,34.96000000000001,34.96000000000001,,Schaefer_2020,,,,,,,,,
69.10835208113636,-148.84930406818182,2014-08-11,44,1,42.23318181818182,42.23318181818182,,Schaefer_2020,,,,,,,,,
69.10852392857142,-148.84880324285717,2014-08-11,35,1,41.995999999999995,41.996,,Schaefer_2020,,,,,,,,,
69.10862191196078,-148.8484380235294,2014-08-11,51,1,54.31764705882352,54.317647058823525,,Schaefer_2020,,,,,,,,,
69.12000146516777,-148.83845401140945,2016-08-18,149,1,29.25463087248327,29.25463087248322,,Schaefer_2020,,,,,,,,,
69.12024735080001,-148.837918372,2016-08-18,25,1,24.781999999999996,24.781999999999996,,Schaefer_2020,,,,,,,,,
69.1203324845356,-148.83760508142072,2016-08-18,183,1,27.032513661202216,27.032513661202184,,Schaefer_2020,,,,,,,,,
68.943516363,-148.841589095,2016-08-18,20,1,31.264499999999998,31.26449999999999,132.0,Schaefer_2020,,1.0,,,,,,,
69.10712545126925,-148.83715813192302,2016-08-18,260,1,29.277769230769255,29.277769230769227,132.0,Schaefer_2020,,7.0,,,,,,,
69.1209573217647,-148.83719969607844,2016-08-18,51,1,22.50156862745098,22.501568627450983,,Schaefer_2020,,,,,,,,,
69.12057148828573,-148.86475596571432,2014-08-12,35,1,36.03685714285715,36.03685714285715,,Schaefer_2020,,,,,,,,,
69.12074654030302,-148.8642035424242,2014-08-12,33,1,36.94696969696968,36.94696969696969,,Schaefer_2020,,,,,,,,,
69.1208578072561,-148.86384529939014,2014-08-12,164,1,36.79012195121952,36.79012195121951,,Schaefer_2020,,,,,,,,,
69.12098770888889,-148.86332762777778,2014-08-12,18,1,32.06888888888889,32.06888888888889,,Schaefer_2020,,,,,,,,,
69.12113982569701,-148.86297537393938,2014-08-12,165,1,30.595333333333336,30.59533333333333,,Schaefer_2020,,,,,,,,,
69.12127402833333,-148.86265701666667,2014-08-12,6,1,35.62833333333334,35.62833333333334,,Schaefer_2020,,,,,,,,,
69.1213784037975,-148.86241240886073,2014-08-12,158,1,32.27436708860759,32.27436708860759,,Schaefer_2020,,,,,,,,,
69.12165747363638,-148.86163521818182,2014-08-12,11,1,35.56636363636364,35.56636363636364,,Schaefer_2020,,,,,,,,,
69.12138417810347,-148.8382949672414,2017-06-01,58,1,32.88913793103449,32.88913793103448,,Schaefer_2020,,,,,,,,,
69.1214813081395,-148.83845474186046,2017-06-03,43,1,24.598139534883718,24.598139534883718,,Schaefer_2020,,,,,,,,,
69.12170757444446,-148.8387014777778,2017-06-20,18,1,23.419444444444444,23.41944444444444,,Schaefer_2020,,,,,,,,,
69.12200708375,-148.8388631375,2017-08-03,8,1,34.45875,34.45875,,Schaefer_2020,,,,,,,,,
69.12212458065216,-148.86067302608689,2014-08-12,92,1,32.96434782608695,32.96434782608696,,Schaefer_2020,,,,,,,,,
69.12231934204821,-148.8603448006024,2014-08-12,166,1,46.613493975903594,46.613493975903616,,Schaefer_2020,,,,,,,,,
69.12242725516852,-148.8599523101123,2014-08-12,89,1,28.924494382022463,28.924494382022473,,Schaefer_2020,,,,,,,,,
69.12252324977777,-148.85957441555556,2014-08-11,90,1,36.898111111111106,36.898111111111106,,Schaefer_2020,,,,,,,,,
69.12265239264515,-148.85912893032258,2014-08-12,155,1,59.05509677419353,59.05509677419355,,Schaefer_2020,,,,,,,,,
69.12276299971428,-148.8588049142857,2014-08-12,35,1,41.17971428571427,41.179714285714276,,Schaefer_2020,,,,,,,,,
69.12263158444443,-148.83877178888892,2017-08-06,9,1,22.08888888888889,22.08888888888889,,Schaefer_2020,,,,,,,,,
69.12299681548389,-148.85714229032257,2014-08-12,31,1,33.53096774193548,33.530967741935484,,Schaefer_2020,,,,,,,,,
69.12318313000002,-148.85667053214286,2014-08-12,84,1,39.27607142857143,39.27607142857143,,Schaefer_2020,,,,,,,,,
69.12330252964067,-148.85627308982026,2014-08-12,167,1,39.06173652694609,39.061736526946106,,Schaefer_2020,,,,,,,,,
69.12342688434784,-148.85593979130437,2014-08-12,23,1,36.412173913043475,36.41217391304349,,Schaefer_2020,,,,,,,,,
69.12350871215186,-148.85563055443032,2014-08-12,79,1,29.926075949367075,29.926075949367092,,Schaefer_2020,,,,,,,,,
69.12341185233922,-148.8392716824561,2017-08-08,171,1,26.806432748538022,26.80643274853801,,Schaefer_2020,,,,,,,,,
69.12350791166666,-148.839387625,2017-08-09,24,1,27.988749999999996,27.98875,,Schaefer_2020,,,,,,,,,
69.124000545,-148.8400033,2017-08-14,10,1,18.768000000000004,18.768,,Schaefer_2020,,,,,,,,,
69.12422068260001,-148.85365039,2014-08-12,50,1,38.074799999999996,38.074799999999996,,Schaefer_2020,,,,,,,,,
69.12449826061224,-148.84042642244899,2017-08-16,49,1,28.758775510204078,28.75877551020408,,Schaefer_2020,,,,,,,,,
69.12482452666669,-148.84112499999995,2017-08-18,69,1,29.50608695652172,29.50608695652174,,Schaefer_2020,,,,,,,,,
69.124798045625,-148.85198889999998,2014-08-12,16,1,41.17125,41.17125,,Schaefer_2020,,,,,,,,,
69.12486120724138,-148.84014675172415,2017-08-18,29,1,21.29931034482759,21.299310344827585,,Schaefer_2020,,,,,,,,,
69.12523404848487,-148.8509948757576,2014-08-12,33,1,37.92393939393939,37.92393939393939,,Schaefer_2020,,,,,,,,,
69.12530333,-148.8508475,2014-08-12,4,1,33.495000000000005,33.495000000000005,,Schaefer_2020,,,,,,,,,
69.12524577605264,-148.84175147105262,2017-08-18,38,1,38.08026315789474,38.08026315789473,,Schaefer_2020,,,,,,,,,
69.12571756743802,-148.84236856280995,2017-08-19,121,1,24.739999999999988,24.74,,Schaefer_2020,,,,,,,,,
69.1258004347826,-148.8424650521739,2017-08-19,23,1,36.11695652173912,36.11695652173912,,Schaefer_2020,,,,,,,,,
69.12613846640623,-148.84258237812497,2017-08-19,64,1,22.124843749999982,22.12484375,,Schaefer_2020,,,,,,,,,
69.11193969472521,-148.85301245714288,2017-08-17,182,1,33.51060439560437,33.510604395604396,132.0,Schaefer_2020,,30.0,,,,,,,
69.07173965952383,-148.84793165873012,2017-08-13,63,1,37.49095238095236,37.49095238095237,132.0,Schaefer_2020,,2.0,,,,,,,
69.12684275590357,-148.84354583795184,2017-08-19,166,1,41.682831325301215,41.68283132530121,,Schaefer_2020,,,,,,,,,
69.12682266499999,-148.84315485,2017-08-19,2,1,26.71,26.71,,Schaefer_2020,,,,,,,,,
69.12711070655799,-148.84419680072475,2017-08-21,276,1,32.966884057971,32.966884057971015,,Schaefer_2020,,,,,,,,,
69.12702616068184,-148.84378398181815,2017-08-21,88,1,30.818977272727263,30.81897727272727,,Schaefer_2020,,,,,,,,,
69.12747816935483,-148.84473309838705,2017-08-23,62,1,32.594193548387096,32.594193548387096,,Schaefer_2020,,,,,,,,,
69.12734970773771,-148.8443736986885,2017-08-23,305,1,35.61980327868851,35.61980327868853,,Schaefer_2020,,,,,,,,,
69.12763542117646,-148.8450146798319,2017-08-23,119,1,34.02588235294119,34.02588235294118,,Schaefer_2020,,,,,,,,,
69.12754690575758,-148.84460387878778,2017-08-23,66,1,34.712878787878786,34.71287878787879,,Schaefer_2020,,,,,,,,,
69.12810995932432,-148.8453049054055,2017-09-04,74,1,19.981351351351357,19.981351351351357,,Schaefer_2020,,,,,,,,,
69.12790689330575,-148.84519773388442,2017-09-01,363,1,36.46314049586774,36.46314049586777,,Schaefer_2020,,,,,,,,,
69.14836247891394,-148.84423600636694,2014-08-13,267,1,29.267677902621728,29.26767790262172,,Schaefer_2020,,,,,,,,,
69.14839995405863,-148.84356243117657,2014-08-13,510,1,28.13813725490198,28.13813725490196,,Schaefer_2020,,,,,,,,,
69.14855086843751,-148.84326246562497,2014-08-13,96,1,23.340520833333333,23.34052083333333,,Schaefer_2020,,,,,,,,,
69.14871316,-148.8430252524391,2014-08-13,164,1,28.33231707317074,28.33231707317073,,Schaefer_2020,,,,,,,,,
69.14837543722771,-148.8471477935643,2014-08-13,202,1,22.222227722772246,22.222227722772278,,Schaefer_2020,,,,,,,,,
69.14855925927536,-148.84810339710143,2014-08-13,69,1,26.236521739130445,26.23652173913044,,Schaefer_2020,,,,,,,,,
69.1493429413021,-148.841423146875,2014-08-13,192,1,24.641822916666683,24.641822916666666,,Schaefer_2020,,,,,,,,,
69.1494162135965,-148.84087857894733,2014-08-13,114,1,24.25008771929823,24.250087719298246,,Schaefer_2020,,,,,,,,,
69.14948123610522,-148.8405143389473,2014-08-13,95,1,19.782000000000004,19.782000000000004,,Schaefer_2020,,,,,,,,,
69.14960491958642,-148.8398543510949,2014-08-13,411,1,21.44187347931871,21.441873479318737,,Schaefer_2020,,,,,,,,,
69.14957906918917,-148.83953956756756,2014-08-13,37,1,9.70054054054054,9.70054054054054,,Schaefer_2020,,,,,,,,,
69.14976677544216,-148.83987319047628,2014-08-13,147,1,21.91755102040816,21.917551020408165,,Schaefer_2020,,,,,,,,,
69.09720132477611,-148.8486600089552,2014-08-24,67,1,28.333880597014925,28.33388059701493,132.0,Schaefer_2020,,14.0,,,,,,,
69.14949764350878,-148.84382728421048,2014-08-13,57,1,25.58333333333333,25.583333333333332,,Schaefer_2020,,,,,,,,,
69.14978302788815,-148.84282904161492,2014-08-13,161,1,21.957453416149065,21.957453416149068,,Schaefer_2020,,,,,,,,,
70.13615235,-148.64589,2018-08-24,2,1,128.94999695,128.94999695,,Schaefer_2020,,,,,,,,,
70.13611700399998,-148.645527192,2018-08-24,25,1,124.38079987,124.38079987,,Schaefer_2020,,,,,,,,,
70.13606872105262,-148.64460832631576,2018-08-24,19,1,82.54421053684212,82.54421053684212,,Schaefer_2020,,,,,,,,,
70.13600452105264,-148.64388376842106,2018-08-24,19,1,45.512631252631586,45.51263125263158,,Schaefer_2020,,,,,,,,,
69.94931769583332,-148.66171272083332,2018-07-25,24,1,45.24782612173913,48.48750003333333,132.0,Schaefer_2020,,6.0,,,,,,,
70.13605654210525,-148.64228647894734,2018-08-24,19,1,42.2657892368421,42.2657892368421,,Schaefer_2020,,,,,,,,,
70.13603367142856,-148.64146420476192,2018-08-24,21,1,41.36523819523809,41.3652381952381,,Schaefer_2020,,,,,,,,,
70.13608414347829,-148.6407243478261,2018-08-24,23,1,50.75478230000001,50.754782299999995,,Schaefer_2020,,,,,,,,,
70.13612309375,-148.64000719374997,2018-08-24,16,1,48.976250162499994,48.976250162499994,,Schaefer_2020,,,,,,,,,
70.13641886999999,-148.64998033,2018-08-26,10,1,56.49699974,56.49699974,,Schaefer_2020,,,,,,,,,
70.1363834,-148.64941893600002,2018-08-26,25,1,57.109599607999996,57.109599607999996,,Schaefer_2020,,,,,,,,,
70.13633457826086,-148.64862926956522,2018-08-26,23,1,56.329565291304334,56.32956529130434,,Schaefer_2020,,,,,,,,,
70.13631171578947,-148.6478611368421,2018-08-26,19,1,52.42578948947368,52.42578948947368,,Schaefer_2020,,,,,,,,,
70.13631360000002,-148.6470384047619,2018-08-26,21,1,51.72666677142857,51.72666677142857,,Schaefer_2020,,,,,,,,,
70.13623951071428,-148.6463092857143,2018-08-25,28,1,114.29178605714286,114.29178605714286,,Schaefer_2020,,,,,,,,,
70.136661868,-148.65177173600003,2018-08-26,25,1,54.921600191999985,54.921600192,,Schaefer_2020,,,,,,,,,
70.1365551074074,-148.65100202592598,2018-08-26,27,1,57.91222225185185,57.91222225185185,,Schaefer_2020,,,,,,,,,
70.13645976875,-148.65038510000002,2018-08-26,16,1,55.8743751125,55.8743751125,,Schaefer_2020,,,,,,,,,
70.13694772857141,-148.65469667142858,2018-08-26,7,1,54.27428654285715,54.27428654285715,,Schaefer_2020,,,,,,,,,
70.13688233043479,-148.65419383913041,2018-08-26,23,1,50.915217191304336,50.915217191304336,,Schaefer_2020,,,,,,,,,
70.13679994761905,-148.65339730476188,2018-08-26,21,1,47.375238333333336,47.375238333333336,,Schaefer_2020,,,,,,,,,
70.136736132,-148.652602812,2018-08-26,25,1,53.76439972,53.76439972,,Schaefer_2020,,,,,,,,,
70.1366999,-148.65215669999998,2018-08-26,2,1,56.20499995,56.20499995,,Schaefer_2020,,,,,,,,,
70.13716390384614,-148.65573846538464,2018-08-26,26,1,54.251153646153846,54.251153646153846,,Schaefer_2020,,,,,,,,,
70.13702103,-148.65510515000003,2018-08-26,20,1,53.644499960000005,53.64449996,,Schaefer_2020,,,,,,,,,
70.13746051153846,-148.65734685769235,2018-08-26,26,1,56.38269262692307,56.38269262692307,,Schaefer_2020,,,,,,,,,
70.13733505,-148.65657702857138,2018-08-26,28,1,54.713928357142855,54.71392835714287,,Schaefer_2020,,,,,,,,,
70.13725096666667,-148.65614723333331,2018-08-26,3,1,56.13333383333333,56.13333383333333,,Schaefer_2020,,,,,,,,,
70.13773015909089,-148.65965516363633,2018-08-26,22,1,75.28636429545455,75.28636429545455,,Schaefer_2020,,,,,,,,,
70.13762312380953,-148.65895873333332,2018-08-26,21,1,55.74761945714285,55.74761945714286,,Schaefer_2020,,,,,,,,,
70.13754688333331,-148.65815485833332,2018-08-26,24,1,54.28833341249999,54.2883334125,,Schaefer_2020,,,,,,,,,
70.13798297333334,-148.66370754666667,2019-07-12,15,1,49.97666702,49.97666702,,Schaefer_2020,,,,,,,,,
69.96730231052634,-148.7598697578947,2018-07-19,19,1,91.2752633368421,91.2752633368421,132.0,Schaefer_2020,,,,,,,,,
70.1378170095238,-148.66135150952383,2018-08-26,21,1,106.92714292380953,106.92714292380953,,Schaefer_2020,,,,,,,,,
70.13782775652173,-148.66053116086957,2018-08-26,23,1,89.96608733043477,89.96608733043479,,Schaefer_2020,,,,,,,,,
70.13778772857142,-148.66003332857142,2018-08-26,7,1,94.11857168571429,94.11857168571429,,Schaefer_2020,,,,,,,,,
70.13815934210527,-148.6645377157895,2019-08-29,19,1,41.110526436842115,41.11052643684211,,Schaefer_2020,,,,,,,,,
70.1378117,-148.66272250000003,2018-08-26,10,1,52.551000220000006,52.551000220000006,,Schaefer_2020,,,,,,,,,
70.13788725714286,-148.66311000000002,2019-06-05,7,1,63.401429300000004,63.401429300000004,,Schaefer_2020,,,,,,,,,
70.13819215625,-148.66606792499996,2019-09-02,16,1,39.02312469375,39.023124693750006,,Schaefer_2020,,,,,,,,,
70.13825985,-148.666385,2020-08-15,2,1,32.11499885,32.11499885,,Schaefer_2020,,,,,,,,,
70.13822257894736,-148.66528077894733,2019-09-02,19,1,40.388947444736836,40.38894744473684,,Schaefer_2020,,,,,,,,,
70.13824763333334,-148.66508836666665,2020-08-04,3,1,41.0450001,41.0450001,,Schaefer_2020,,,,,,,,,
71.2459847833333,-156.5550105833333,2014-08-12,60,1,47.08087037916669,47.080870379166676,,Schaefer_2020,,,,,,,,,
71.24598187500001,-156.55419909374993,2014-08-12,64,1,38.112465323437505,38.1124653234375,,Schaefer_2020,,,,,,,,,
71.2459708630137,-156.55340079452057,2014-08-12,73,1,34.47473809931507,34.47473809931507,,Schaefer_2020,,,,,,,,,
71.2459781269841,-156.55253558730155,2014-08-12,63,1,47.137163493650796,47.1371634936508,,Schaefer_2020,,,,,,,,,
71.24599650549453,-156.5517232967033,2014-08-12,91,1,36.95209869835164,36.95209869835165,,Schaefer_2020,,,,,,,,,
71.24602818309859,-156.55085150704224,2014-08-12,71,1,25.443576035211283,25.443576035211272,,Schaefer_2020,,,,,,,,,
71.24602711111113,-156.54999168055565,2014-08-12,72,1,26.31737648055556,26.317376480555552,,Schaefer_2020,,,,,,,,,
71.24601368055556,-156.54916722222222,2014-08-12,72,1,32.82490038888889,32.82490038888889,,Schaefer_2020,,,,,,,,,
71.24603619230771,-156.54832959615382,2014-08-12,52,1,47.02266352307693,47.02266352307693,,Schaefer_2020,,,,,,,,,
71.2461305714286,-156.5480062380952,2014-08-12,21,1,53.03613772857143,53.03613772857143,,Schaefer_2020,,,,,,,,,
71.2462614361702,-156.54757581914893,2014-08-12,94,1,53.99408454414895,53.99408454414893,,Schaefer_2020,,,,,,,,,
71.24648230508475,-156.5472044237288,2014-08-12,59,1,54.10877292203388,54.10877292203389,,Schaefer_2020,,,,,,,,,
71.24661447826087,-156.54692378260873,2014-08-12,46,1,53.00839370434783,53.00839370434783,,Schaefer_2020,,,,,,,,,
71.24672286419754,-156.5464803950617,2014-08-12,81,1,51.11949574320986,51.11949574320988,,Schaefer_2020,,,,,,,,,
71.2468526981132,-156.54605394339623,2014-08-12,53,1,51.17380581320752,51.173805813207544,,Schaefer_2020,,,,,,,,,
71.24704793069309,-156.54567298019805,2014-08-12,101,1,43.123797687623764,43.123797687623764,,Schaefer_2020,,,,,,,,,
71.24723295454545,-156.54540845454545,2014-08-12,22,1,36.70294102727273,36.70294102727273,,Schaefer_2020,,,,,,,,,
71.24736322413791,-156.54531489655164,2014-08-12,58,1,30.30393797413793,30.303937974137927,,Schaefer_2020,,,,,,,,,
71.24759897222222,-156.5452980277777,2014-08-12,72,1,36.272971571527776,36.27297157152778,,Schaefer_2020,,,,,,,,,
71.24786608974358,-156.5453388974359,2014-08-12,78,1,36.397993510256406,36.397993510256406,,Schaefer_2020,,,,,,,,,
71.24818147368421,-156.54545663157896,2014-08-12,57,1,40.344741898245616,40.344741898245616,,Schaefer_2020,,,,,,,,,
71.24804850000002,-156.54537827272725,2014-08-12,22,1,39.346681431818176,39.346681431818176,,Schaefer_2020,,,,,,,,,
71.2484045116279,-156.54560887209303,2014-08-12,86,1,38.39019117034884,38.39019117034883,,Schaefer_2020,,,,,,,,,
71.24867685057472,-156.54561982758625,2014-08-12,87,1,35.18234813678163,35.182348136781606,,Schaefer_2020,,,,,,,,,
71.24895035869564,-156.54576670652173,2014-08-12,92,1,33.20048692173914,33.200486921739135,,Schaefer_2020,,,,,,,,,
71.2493295,-156.56554649999998,2014-08-12,2,1,41.88095095,41.88095095,,Schaefer_2020,,,,,,,,,
71.24931623999994,-156.56513570666664,2014-08-12,75,1,42.83189560266668,42.831895602666656,,Schaefer_2020,,,,,,,,,
71.24931961538461,-156.5642383186813,2014-08-12,91,1,36.623878070329695,36.623878070329674,,Schaefer_2020,,,,,,,,,
71.24930658441556,-156.56342566233772,2014-08-12,77,1,36.16885071818183,36.16885071818182,,Schaefer_2020,,,,,,,,,
71.24930248039223,-156.56259179411774,2014-08-12,102,1,45.46307996388889,45.4630799638889,,Schaefer_2020,,,,,,,,,
71.24931901149428,-156.56176720689655,2014-08-12,87,1,48.04949311609195,48.04949311609195,,Schaefer_2020,,,,,,,,,
71.24933098507464,-156.5608956119403,2014-08-12,67,1,50.83854481044774,50.838544810447765,,Schaefer_2020,,,,,,,,,
71.24934837931033,-156.560385,2014-08-12,29,1,50.288972379310344,50.28897237931035,,Schaefer_2020,,,,,,,,,
71.24921656179778,-156.54602159550564,2014-08-12,89,1,37.97559879325843,37.97559879325842,,Schaefer_2020,,,,,,,,,
71.24937306578948,-156.55996849999997,2014-08-12,76,1,48.4349313703947,48.434931370394736,,Schaefer_2020,,,,,,,,,
71.24942725,-156.55925532000003,2014-08-12,100,1,49.01519675900001,49.01519675900001,,Schaefer_2020,,,,,,,,,
71.24945304166667,-156.5584138083333,2014-08-12,120,1,50.49354330583329,50.493543305833335,,Schaefer_2020,,,,,,,,,
71.24944058878508,-156.55759326168226,2014-08-12,107,1,51.44419150560748,51.444191505607485,,Schaefer_2020,,,,,,,,,
71.24951345454545,-156.55672415151523,2014-08-12,132,1,54.39709827272732,54.39709827272728,,Schaefer_2020,,,,,,,,,
71.24960121153848,-156.5561633846154,2014-08-12,52,1,53.61392482500002,53.61392482500002,,Schaefer_2020,,,,,,,,,
71.24959173076924,-156.54631276923078,2014-08-12,26,1,37.68407674230768,37.68407674230769,,Schaefer_2020,,,,,,,,,
71.24946397014924,-156.5460982238806,2014-08-12,67,1,39.61481806716418,39.61481806716417,,Schaefer_2020,,,,,,,,,
71.24965872043009,-156.55575516129028,2014-08-12,93,1,52.49413559731178,52.494135597311825,,Schaefer_2020,,,,,,,,,
71.24972676608182,-156.55499757309934,2014-08-12,171,1,56.423081562865484,56.4230815628655,,Schaefer_2020,,,,,,,,,
71.24980966091952,-156.554259408046,2014-08-12,174,1,52.94281391609193,52.942813916091964,,Schaefer_2020,,,,,,,,,
71.24986980722892,-156.5535694096385,2014-08-12,83,1,55.77793096144575,55.777930961445776,,Schaefer_2020,,,,,,,,,
71.24986318181818,-156.5473752121212,2014-08-12,66,1,41.40565467878791,41.405654678787876,,Schaefer_2020,,,,,,,,,
71.24973442857143,-156.54673110714288,2014-08-12,84,1,40.021512892857125,40.021512892857146,,Schaefer_2020,,,,,,,,,
71.24992344210527,-156.55316651578948,2014-08-12,95,1,53.432464201052625,53.432464201052625,,Schaefer_2020,,,,,,,,,
71.2500271744186,-156.5525254651163,2014-08-12,172,1,52.822217520116254,52.82221752011628,,Schaefer_2020,,,,,,,,,
71.25013446575342,-156.55192823287675,2014-08-12,73,1,55.27609454178087,55.27609454178082,,Schaefer_2020,,,,,,,,,
71.2500287264957,-156.54833723076922,2014-08-12,117,1,41.079905446581165,41.07990544658118,,Schaefer_2020,,,,,,,,,
71.24990576,-156.54779236000002,2014-08-12,25,1,41.109544068,41.109544068,,Schaefer_2020,,,,,,,,,
71.25019131868129,-156.5515236813187,2014-08-12,91,1,55.79876713406595,55.79876713406593,,Schaefer_2020,,,,,,,,,
71.25029112690348,-156.55085811167507,2014-08-12,197,1,52.7404075010152,52.740407501015234,,Schaefer_2020,,,,,,,,,
71.25038073214287,-156.5502751607143,2014-08-12,112,1,55.12099791607146,55.120997916071424,,Schaefer_2020,,,,,,,,,
71.25032316049383,-156.54884274074072,2014-08-12,81,1,40.34077283703705,40.340772837037036,,Schaefer_2020,,,,,,,,,
71.25018804,-156.54869876000004,2014-08-12,25,1,39.971044456000016,39.971044456,,Schaefer_2020,,,,,,,,,
71.25048756,-156.54982122666664,2014-08-12,75,1,51.854624556666664,51.85462455666666,,Schaefer_2020,,,,,,,,,
71.25059206018518,-156.54907838425913,2014-08-12,216,1,44.93088902314817,44.93088902314815,,Schaefer_2020,,,,,,,,,
71.2506975,-156.54872925,2014-08-12,4,1,48.8392982,48.8392982,,Schaefer_2020,,,,,,,,,
71.25084123423424,-156.5490868198198,2014-08-12,111,1,41.11601246666671,41.11601246666665,,Schaefer_2020,,,,,,,,,
71.25077727173911,-156.54831508695653,2014-08-12,92,1,48.171204190217345,48.17120419021739,,Schaefer_2020,,,,,,,,,
71.25090113253012,-156.54755656626506,2014-08-12,83,1,46.90409611807229,46.90409611807228,,Schaefer_2020,,,,,,,,,
71.25110569291344,-156.54937922047242,2014-08-12,127,1,41.33607046496064,41.33607046496063,,Schaefer_2020,,,,,,,,,
71.25098994444447,-156.547126,2014-08-12,18,1,44.35073364444444,44.35073364444444,,Schaefer_2020,,,,,,,,,
71.19675944592234,-156.47426762233013,2014-08-22,103,1,42.72128017330099,42.72128017330098,132.0,Schaefer_2020,,,,,,,,,
71.25121474137931,-156.54597965517243,2014-08-12,58,1,36.90540156206895,36.90540156206897,,Schaefer_2020,,,,,,,,,
71.2514825945946,-156.551360945946,2014-08-12,37,1,44.50381737612612,44.50381737612613,,Schaefer_2020,,,,,,,,,
71.25148740000003,-156.5511456,2014-08-12,30,1,43.10606957666668,43.10606957666667,,Schaefer_2020,,,,,,,,,
71.25138333846154,-156.5499272846154,2014-08-12,130,1,41.095804803846185,41.09580480384615,,Schaefer_2020,,,,,,,,,
71.251243,-156.549582,2014-08-12,2,1,40.04454995,40.04454995,,Schaefer_2020,,,,,,,,,
71.2512681851852,-156.54552588888887,2014-08-12,27,1,45.44244081111111,45.4424408111111,,Schaefer_2020,,,,,,,,,
71.25132968493153,-156.54498027397253,2014-08-12,73,1,36.99707119589041,36.99707119589041,,Schaefer_2020,,,,,,,,,
71.25141660952379,-156.54414194285712,2014-08-12,105,1,31.01900477428569,31.019004774285712,,Schaefer_2020,,,,,,,,,
71.25148800000002,-156.5434337735849,2014-08-12,53,1,34.28794159245284,34.28794159245283,,Schaefer_2020,,,,,,,,,
71.2515092,-156.54120840000002,2014-08-12,5,1,51.73863905999999,51.73863905999999,,Schaefer_2020,,,,,,,,,
71.25149640555568,-156.54087428888892,2014-08-12,180,1,44.907088315796244,44.9070883157963,,Schaefer_2020,,,,,,,,,
71.25148648051946,-156.5400406883117,2014-08-12,77,1,33.84035925389612,33.84035925389612,,Schaefer_2020,,,,,,,,,
71.25164493006996,-156.55181123776234,2014-08-12,143,1,41.6883350692307,41.68833506923077,,Schaefer_2020,,,,,,,,,
71.25155562025311,-156.55073962025315,2014-08-12,79,1,41.99803482531647,41.99803482531645,,Schaefer_2020,,,,,,,,,
71.2515220769231,-156.55037084615384,2014-08-12,13,1,42.443685353846156,42.443685353846156,,Schaefer_2020,,,,,,,,,
71.25152419999999,-156.54300933333337,2014-08-12,30,1,32.21968873666667,32.21968873666667,,Schaefer_2020,,,,,,,,,
71.25156327058824,-156.5424458,2014-08-12,85,1,48.26172924705884,48.26172924705884,,Schaefer_2020,,,,,,,,,
71.25153019090908,-156.54165072727272,2014-08-12,110,1,53.1320806609091,53.13208066090909,,Schaefer_2020,,,,,,,,,
71.25163796938773,-156.53988929591839,2014-08-12,98,1,41.630561276530635,41.630561276530614,,Schaefer_2020,,,,,,,,,
71.25191770408165,-156.5518656938776,2014-08-12,98,1,43.56987820612242,43.56987820612245,,Schaefer_2020,,,,,,,,,
71.25189522352939,-156.53988716470593,2014-08-12,85,1,38.69193173588237,38.69193173588236,,Schaefer_2020,,,,,,,,,
71.2521752905983,-156.5515786495727,2014-08-12,117,1,44.03486511709402,44.03486511709402,,Schaefer_2020,,,,,,,,,
71.19620384090001,-156.46518913600005,2014-08-22,100,1,39.55494674749998,39.55494674749999,132.0,Schaefer_2020,,,,,,,,,
71.25246093814434,-156.55155782474228,2014-08-12,97,1,42.05448748350515,42.054487483505156,,Schaefer_2020,,,,,,,,,
71.2523596060606,-156.53954712121214,2014-08-12,33,1,50.5926909151515,50.59269091515151,,Schaefer_2020,,,,,,,,,
71.25248060714287,-156.53942083333337,2014-08-12,84,1,43.851734661904736,43.851734661904764,,Schaefer_2020,,,,,,,,,
71.25272836585366,-156.5515355040651,2014-08-12,123,1,41.113634954471536,41.113634954471536,,Schaefer_2020,,,,,,,,,
71.25274550279329,-156.539136178771,2014-08-12,179,1,54.63890802513961,54.63890802513965,,Schaefer_2020,,,,,,,,,
71.25298421359223,-156.55152684466023,2014-08-12,103,1,39.71084920873786,39.71084920873786,,Schaefer_2020,,,,,,,,,
71.25296130069927,-156.53902362937066,2014-08-12,143,1,50.26561361223774,50.26561361223776,,Schaefer_2020,,,,,,,,,
71.25325520202018,-156.55154255555547,2014-08-12,99,1,40.78638645707069,40.7863864570707,,Schaefer_2020,,,,,,,,,
71.25326560824742,-156.538852814433,2014-08-12,97,1,39.75066298762887,39.750662987628864,,Schaefer_2020,,,,,,,,,
71.25354737383175,-156.55145894392533,2014-08-12,107,1,40.344060592523384,40.34406059252337,,Schaefer_2020,,,,,,,,,
71.25341312500001,-156.53868481249998,2014-08-12,16,1,45.37080003125,45.37080003125,,Schaefer_2020,,,,,,,,,
71.2535551196581,-156.538557982906,2014-08-12,117,1,53.164020359401654,53.164020359401704,,Schaefer_2020,,,,,,,,,
71.25374670491802,-156.5512992459017,2014-08-12,61,1,38.992226654098374,38.99222665409836,,Schaefer_2020,,,,,,,,,
71.13217676239131,-156.389084323913,2014-09-04,46,1,41.92141096888888,43.683988991304346,132.0,Schaefer_2020,,,,,,,,,
71.25380168376068,-156.5383487948718,2014-08-12,117,1,42.34739732393164,42.347397323931624,,Schaefer_2020,,,,,,,,,
71.25407337815125,-156.55121328571437,2014-08-12,119,1,41.775438060924365,41.77543806092438,,Schaefer_2020,,,,,,,,,
71.25417138983052,-156.53977937288136,2014-08-12,59,1,35.94972539491526,35.949725394915255,,Schaefer_2020,,,,,,,,,
71.2540819174312,-156.5390982293578,2014-08-12,109,1,42.26752725688072,42.26752725688073,,Schaefer_2020,,,,,,,,,
71.25397313580244,-156.5384460617284,2014-08-12,81,1,40.948311169547324,40.94831116954733,,Schaefer_2020,,,,,,,,,
71.25442135897433,-156.55133266666658,2014-08-12,156,1,41.05350138324455,41.05350138324458,,Schaefer_2020,,,,,,,,,
71.25425426829267,-156.55124039024398,2014-08-12,41,1,40.626102917073176,40.62610291707317,,Schaefer_2020,,,,,,,,,
71.25445577272727,-156.54129186363636,2014-08-12,44,1,42.20012950909091,42.200129509090914,,Schaefer_2020,,,,,,,,,
71.25436362631581,-156.54081650526317,2014-08-12,190,1,52.756073761578975,52.75607376157895,,Schaefer_2020,,,,,,,,,
71.25421889473684,-156.54009684210524,2014-08-12,19,1,37.149652884210525,37.14965288421053,,Schaefer_2020,,,,,,,,,
71.25466090082642,-156.55243699173553,2014-08-12,121,1,40.74215136611567,40.74215136611569,,Schaefer_2020,,,,,,,,,
71.2545359882353,-156.55181409411767,2014-08-12,85,1,41.67231984470587,41.67231984470588,,Schaefer_2020,,,,,,,,,
71.25472556716417,-156.5430437313433,2014-08-12,67,1,53.030861822388054,53.030861822388054,,Schaefer_2020,,,,,,,,,
71.25465097810222,-156.54250332846718,2014-08-12,137,1,50.1996037693431,50.199603769343064,,Schaefer_2020,,,,,,,,,
71.25453569620255,-156.5417230253165,2014-08-12,79,1,40.41821919493673,40.418219194936704,,Schaefer_2020,,,,,,,,,
71.25493043333333,-156.5529960166667,2014-08-12,60,1,43.119558145000006,43.119558145000006,,Schaefer_2020,,,,,,,,,
71.25481140000002,-156.55286765714285,2014-08-12,70,1,43.171751324812945,43.17175132481293,,Schaefer_2020,,,,,,,,,
71.25500542307692,-156.54550626923077,2014-08-12,26,1,38.43568243076922,38.43568243076923,,Schaefer_2020,,,,,,,,,
71.25498763461536,-156.54497564423082,2014-08-12,104,1,43.91018615913462,43.91018615913461,,Schaefer_2020,,,,,,,,,
71.25490017204302,-156.54414209677412,2014-08-12,93,1,33.01366665913978,33.01366665913978,,Schaefer_2020,,,,,,,,,
71.25478754901964,-156.54347256862746,2014-08-12,102,1,37.42034686857298,37.420346868572985,,Schaefer_2020,,,,,,,,,
71.25515405607479,-156.55308183177576,2014-08-12,107,1,42.563956860747666,42.56395686074768,,Schaefer_2020,,,,,,,,,
71.25525589130434,-156.5472847826087,2014-08-12,46,1,38.19596319239131,38.1959631923913,,Schaefer_2020,,,,,,,,,
71.2551670631579,-156.54667432631575,2014-08-12,95,1,34.4073309487594,34.407330948759395,,Schaefer_2020,,,,,,,,,
71.25505366666667,-156.54585752631579,2014-08-12,57,1,30.852129622806995,30.852129622807013,,Schaefer_2020,,,,,,,,,
71.2554383959732,-156.55319911409396,2014-08-12,149,1,43.103114594630846,43.103114594630874,,Schaefer_2020,,,,,,,,,
71.25552475362319,-156.5498232608696,2014-08-12,69,1,32.94276820144927,32.94276820144928,,Schaefer_2020,,,,,,,,,
71.25547727868853,-156.5491641147541,2014-08-12,122,1,43.57308609713116,43.573086097131146,,Schaefer_2020,,,,,,,,,
71.2553951666667,-156.5483672254902,2014-08-12,102,1,36.45064686470588,36.45064686470588,,Schaefer_2020,,,,,,,,,
71.25531386111113,-156.5477208333333,2014-08-12,36,1,34.77021100833334,34.77021100833334,,Schaefer_2020,,,,,,,,,
71.25581485714288,-156.56023989285714,2014-08-12,28,1,52.84019294285713,52.840192942857136,,Schaefer_2020,,,,,,,,,
71.25569972058825,-156.55338995588232,2014-08-12,204,1,42.11099905049021,42.11099905049019,,Schaefer_2020,,,,,,,,,
71.25581774418607,-156.5522664883721,2014-08-12,43,1,49.191276641860505,49.19127664186047,,Schaefer_2020,,,,,,,,,
71.2557687128713,-156.55172667326735,2014-08-12,101,1,48.802777351485126,48.80277735148515,,Schaefer_2020,,,,,,,,,
71.25566714843751,-156.550750796875,2014-08-12,128,1,45.23651462421874,45.23651462421875,,Schaefer_2020,,,,,,,,,
71.25559042028988,-156.55023592753622,2014-08-12,69,1,43.57373813188406,43.573738131884056,,Schaefer_2020,,,,,,,,,
71.25597951707317,-156.5617939463416,2014-08-12,205,1,52.49488768414628,52.494887684146356,,Schaefer_2020,,,,,,,,,
71.2559688171428,-156.56091100571427,2014-08-12,175,1,52.40066816400001,52.40066816400001,,Schaefer_2020,,,,,,,,,
71.25590788167949,-156.56027392748086,2014-08-12,262,1,54.83458111281273,54.834581112812614,,Schaefer_2020,,,,,,,,,
71.25587553508774,-156.55924818421053,2014-08-12,114,1,54.23001028070175,54.230010280701755,,Schaefer_2020,,,,,,,,,
71.25590229411769,-156.55842879999997,2014-08-12,85,1,54.75938823999997,54.75938823999999,,Schaefer_2020,,,,,,,,,
71.25591302597405,-156.55757707792208,2014-08-12,77,1,52.991195971428574,52.99119597142856,,Schaefer_2020,,,,,,,,,
71.25593338202248,-156.55668831460676,2014-08-12,89,1,52.83328989101123,52.83328989101123,,Schaefer_2020,,,,,,,,,
71.25593635714282,-156.55588003571427,2014-08-12,84,1,52.02581895952382,52.025818959523804,,Schaefer_2020,,,,,,,,,
71.25591353571433,-156.5550681904762,2014-08-12,84,1,46.998803345833345,46.99880334583334,,Schaefer_2020,,,,,,,,,
71.25595237234036,-156.5540176702128,2014-08-12,188,1,45.92839811648939,45.92839811648936,,Schaefer_2020,,,,,,,,,
71.25590409174313,-156.55351186697237,2014-08-12,218,1,42.166952654128465,42.16695265412845,,Schaefer_2020,,,,,,,,,
71.25585510344827,-156.55266922413793,2014-08-12,58,1,49.5381555275862,49.53815552758621,,Schaefer_2020,,,,,,,,,
71.25631573584907,-156.56231973584906,2014-08-12,106,1,52.7800772240566,52.780077224056605,,Schaefer_2020,,,,,,,,,
71.25619474479166,-156.56201361458338,2014-08-12,192,1,52.24010787430561,52.24010787430556,,Schaefer_2020,,,,,,,,,
71.25630580357144,-156.55380548214288,2014-08-12,56,1,42.41584458214286,42.41584458214286,,Schaefer_2020,,,,,,,,,
71.25617187837838,-156.55376155405406,2014-08-12,74,1,42.61802297027025,42.618022970270275,,Schaefer_2020,,,,,,,,,
71.25650585657372,-156.56259261753004,2014-08-12,251,1,51.605031329780786,51.60503132978087,,Schaefer_2020,,,,,,,,,
71.25649806622516,-156.55387645695353,2014-08-12,151,1,43.081574914900706,43.08157491490066,,Schaefer_2020,,,,,,,,,
71.25689241666669,-156.56393027777779,2014-08-12,36,1,38.389052597222225,38.38905259722222,,Schaefer_2020,,,,,,,,,
71.22953019362502,-156.5289647975,2014-08-22,240,1,42.689476372803284,43.061603554583336,132.0,Schaefer_2020,,7.0,,,,,,,
71.25667530555558,-156.56290311111107,2014-08-12,72,1,48.92786253333333,48.92786253333334,,Schaefer_2020,,,,,,,,,
71.25665616666669,-156.5539368888889,2014-08-12,18,1,41.67249468333334,41.67249468333333,,Schaefer_2020,,,,,,,,,
71.25712748717949,-156.5658904273504,2014-08-12,117,1,47.189829101709435,47.18982910170941,,Schaefer_2020,,,,,,,,,
71.25706185869565,-156.5650664021739,2014-08-12,184,1,44.44124797364131,44.44124797364131,,Schaefer_2020,,,,,,,,,
71.25698429716975,-156.56436637264156,2014-08-12,212,1,43.08913068089622,43.08913068089623,,Schaefer_2020,,,,,,,,,
71.25743844444445,-156.56896977777782,2014-08-12,18,1,39.03222189999999,39.032221899999996,,Schaefer_2020,,,,,,,,,
71.25740377777787,-156.5684692991453,2014-08-12,117,1,39.583763337606825,39.583763337606825,,Schaefer_2020,,,,,,,,,
71.25739586597946,-156.5676578831615,2014-08-12,291,1,50.44592294490268,50.445922944902634,,Schaefer_2020,,,,,,,,,
71.25728689230772,-156.56673952307693,2014-08-12,195,1,46.63315957384621,46.63315957384615,,Schaefer_2020,,,,,,,,,
71.25719167857142,-156.56630185714286,2014-08-12,28,1,51.0281824357143,51.02818243571428,,Schaefer_2020,,,,,,,,,
71.14670098135593,-156.45186696779663,2014-09-24,59,1,45.277600193103446,46.74747137627119,132.0,Schaefer_2020,,10.0,,,,,,,
71.25752856321841,-156.59199872413788,2014-08-12,87,1,48.08634402241382,48.0863440224138,,Schaefer_2020,,,,,,,,,
71.2576434955752,-156.59117920353975,2014-08-12,113,1,40.45992913274332,40.45992913274336,,Schaefer_2020,,,,,,,,,
71.25769531250002,-156.59053575000002,2014-08-12,32,1,47.761752962500005,47.7617529625,,Schaefer_2020,,,,,,,,,
71.25771475,-156.57142175,2014-08-12,4,1,25.419974325,25.419974325,,Schaefer_2020,,,,,,,,,
71.25768505660379,-156.5709684433962,2014-08-12,106,1,33.91550700235849,33.91550700235849,,Schaefer_2020,,,,,,,,,
71.25760634951456,-156.57018895145632,2014-08-12,103,1,26.99139601359222,26.991396013592226,,Schaefer_2020,,,,,,,,,
71.25747968181818,-156.56933100000003,2014-08-12,66,1,33.489133259090906,33.489133259090906,,Schaefer_2020,,,,,,,,,
71.257861112,-156.59279159199997,2014-08-12,125,1,33.97126481359999,33.9712648136,,Schaefer_2020,,,,,,,,,
71.25773346808509,-156.5901203829787,2014-08-12,47,1,35.95604267234044,35.95604267234043,,Schaefer_2020,,,,,,,,,
71.25777366666668,-156.58947921505379,2014-08-12,93,1,50.79508177311828,50.795081773118284,,Schaefer_2020,,,,,,,,,
71.25780585714291,-156.58864550476193,2014-08-12,105,1,31.782221078095226,31.782221078095237,,Schaefer_2020,,,,,,,,,
71.25782469318183,-156.5877840681818,2014-08-12,88,1,54.776434163636374,54.776434163636374,,Schaefer_2020,,,,,,,,,
71.25786989024387,-156.58691553658534,2014-08-12,82,1,50.57147555243904,50.57147555243902,,Schaefer_2020,,,,,,,,,
71.25790668478264,-156.5861021413043,2014-08-12,92,1,53.057806557608686,53.0578065576087,,Schaefer_2020,,,,,,,,,
71.2579625625,-156.585619,2014-08-12,16,1,53.62957810625001,53.629578106249994,,Schaefer_2020,,,,,,,,,
71.25795266666668,-156.57416030303028,2014-08-12,66,1,30.221287148484844,30.22128714848485,,Schaefer_2020,,,,,,,,,
71.25788547413792,-156.57353585344822,2014-08-12,116,1,31.697871672413815,31.6978716724138,,Schaefer_2020,,,,,,,,,
71.25780750999996,-156.57264639999994,2014-08-12,100,1,40.17376850950001,40.1737685095,,Schaefer_2020,,,,,,,,,
71.25775190677972,-156.57181450847452,2014-08-12,118,1,38.27158989322033,38.27158989322032,,Schaefer_2020,,,,,,,,,
71.25816811666667,-156.59331151666672,2014-08-12,60,1,24.675683436666667,24.675683436666663,,Schaefer_2020,,,,,,,,,
71.2580364117647,-156.59316729411765,2014-08-12,34,1,21.175700026470604,21.17570002647059,,Schaefer_2020,,,,,,,,,
71.25801125641024,-156.58529001282054,2014-08-12,78,1,36.30584753269232,36.3058475326923,,Schaefer_2020,,,,,,,,,
71.25806115217392,-156.58448702173908,2014-08-12,92,1,38.378476102173906,38.37847610217391,,Schaefer_2020,,,,,,,,,
71.2581651666667,-156.58356484374997,2014-08-12,96,1,41.6782636229167,41.67826362291667,,Schaefer_2020,,,,,,,,,
71.25820381395347,-156.5828212558139,2014-08-12,86,1,44.42278401069766,44.42278401069768,,Schaefer_2020,,,,,,,,,
71.2582113414634,-156.57598318292682,2014-08-12,82,1,28.266424357317064,28.26642435731707,,Schaefer_2020,,,,,,,,,
71.25811082500003,-156.5751527166666,2014-08-12,120,1,23.49910249666667,23.49910249666667,,Schaefer_2020,,,,,,,,,
71.25802201851853,-156.57459442592588,2014-08-12,54,1,22.741310482716045,22.741310482716045,,Schaefer_2020,,,,,,,,,
71.25839337500001,-156.59340676041663,2014-08-12,96,1,35.46088619999998,35.4608862,,Schaefer_2020,,,,,,,,,
71.25826042857143,-156.58235242857145,2014-08-12,7,1,39.60271454285714,39.60271454285714,,Schaefer_2020,,,,,,,,,
71.1763377456579,-156.46514944868423,2014-09-15,76,1,37.470150140789485,37.47015014078947,132.0,Schaefer_2020,,,,,,,,,
71.25832413265297,-156.58106152040816,2014-08-12,98,1,36.26086223163265,36.26086223163265,,Schaefer_2020,,,,,,,,,
71.25833407216503,-156.5802210824742,2014-08-12,97,1,42.01931882319586,42.019318823195874,,Schaefer_2020,,,,,,,,,
71.25833980769242,-156.5794062692308,2014-08-12,104,1,42.69124229230771,42.69124229230769,,Schaefer_2020,,,,,,,,,
71.2583315363637,-156.5785673363636,2014-08-12,110,1,38.35956194227272,38.359561942272734,,Schaefer_2020,,,,,,,,,
71.25838199999997,-156.57774622077915,2014-08-12,77,1,33.94527263896104,33.945272638961036,,Schaefer_2020,,,,,,,,,
71.25833467676767,-156.57684711111114,2014-08-12,99,1,32.990656167676775,32.99065616767676,,Schaefer_2020,,,,,,,,,
71.25826635714287,-156.57638842857142,2014-08-12,14,1,34.352849542857136,34.352849542857136,,Schaefer_2020,,,,,,,,,
71.25866764999999,-156.59343852,2014-08-12,100,1,41.227909112499994,41.2279091125,,Schaefer_2020,,,,,,,,,
71.2589018125,-156.59343038392853,2014-08-12,112,1,41.54969869508927,41.54969869508928,,Schaefer_2020,,,,,,,,,
71.25919822680412,-156.5933843195876,2014-08-12,97,1,38.441127035051544,38.441127035051544,,Schaefer_2020,,,,,,,,,
71.25945257303371,-156.593313988764,2014-08-12,89,1,31.103492266292122,31.103492266292136,,Schaefer_2020,,,,,,,,,
71.2598672142857,-156.59914635714287,2014-08-12,14,1,28.92072145714286,28.92072145714286,,Schaefer_2020,,,,,,,,,
71.25978359259258,-156.5987199506173,2014-08-12,81,1,28.463544399999986,28.463544399999996,,Schaefer_2020,,,,,,,,,
71.25975152083332,-156.59784529166663,2014-08-12,96,1,29.788260414062506,29.788260414062496,,Schaefer_2020,,,,,,,,,
71.25974405454546,-156.59705236363638,2014-08-12,110,1,35.19202555090907,35.19202555090909,,Schaefer_2020,,,,,,,,,
71.25981274324323,-156.59612197297292,2014-08-12,74,1,33.16435968783783,33.16435968783783,,Schaefer_2020,,,,,,,,,
71.2598521627907,-156.59427611627905,2014-08-12,43,1,33.39752090232558,33.39752090232559,,Schaefer_2020,,,,,,,,,
71.25973487387387,-156.59368092792795,2014-08-12,222,1,27.590371813513503,27.590371813513517,,Schaefer_2020,,,,,,,,,
71.26010733333335,-156.60607352941173,2014-08-12,51,1,44.33078638039215,44.330786380392155,,Schaefer_2020,,,,,,,,,
71.26000885416667,-156.6052551458333,2014-08-12,48,1,31.11656592604165,31.116565926041662,,Schaefer_2020,,,,,,,,,
71.25998683529411,-156.60456182352942,2014-08-12,85,1,27.90886349647058,27.90886349647059,,Schaefer_2020,,,,,,,,,
71.2600762526316,-156.60373107368417,2014-08-12,95,1,33.42541477894736,33.42541477894736,,Schaefer_2020,,,,,,,,,
71.26012911392407,-156.60298491139238,2014-08-12,79,1,31.641088536708853,31.64108853670886,,Schaefer_2020,,,,,,,,,
71.26013910526316,-156.60173942105268,2014-08-12,19,1,24.940594626315793,24.94059462631579,,Schaefer_2020,,,,,,,,,
71.2600959855073,-156.6012300724638,2014-08-12,69,1,26.805326102898565,26.805326102898555,,Schaefer_2020,,,,,,,,,
71.26000999999994,-156.60034824561401,2014-08-12,114,1,30.503070059649126,30.503070059649122,,Schaefer_2020,,,,,,,,,
71.2599593,-156.59953934444448,2014-08-12,90,1,32.676195694444445,32.676195694444445,,Schaefer_2020,,,,,,,,,
71.2598765,-156.59578000000002,2014-08-12,4,1,33.120326025000004,33.120326025000004,,Schaefer_2020,,,,,,,,,
71.2599065454546,-156.59541948484843,2014-08-12,66,1,33.34989255606061,33.3498925560606,,Schaefer_2020,,,,,,,,,
71.25990179661021,-156.59467781355931,2014-08-12,59,1,32.40032192033898,32.40032192033898,,Schaefer_2020,,,,,,,,,
71.2604040909091,-156.60760259090907,2014-08-12,22,1,51.71952647272727,51.71952647272727,,Schaefer_2020,,,,,,,,,
71.26031001785712,-156.60712758035714,2014-08-12,112,1,40.1196616767857,40.11966167678572,,Schaefer_2020,,,,,,,,,
71.26017575,-156.60647595454543,2014-08-12,44,1,37.12552729545453,37.125527295454546,,Schaefer_2020,,,,,,,,,
71.26014757692307,-156.60269226923077,2014-08-12,26,1,28.98232320384616,28.982323203846153,,Schaefer_2020,,,,,,,,,
71.26015046296297,-156.60214348148153,2014-08-12,54,1,26.8758496537037,26.8758496537037,,Schaefer_2020,,,,,,,,,
71.26066889473685,-156.60929752631583,2014-08-12,19,1,45.18920015789473,45.18920015789473,,Schaefer_2020,,,,,,,,,
71.20779194495407,-156.54973183486243,2014-07-22,109,1,38.62603319174313,40.2774093385321,,Schaefer_2020,,5.0,N,,,,,,
71.1794496760563,-156.5172169577465,2014-07-11,71,1,44.48235621549296,45.74996184929578,,Schaefer_2020,,5.0,N,,,,,,
71.1481771372549,-156.48361762745103,2014-06-28,51,1,42.39823850098039,45.92765026568628,,Schaefer_2020,,4.0,N,,,,,,
71.18090413888886,-156.52003893055553,2014-07-11,72,1,36.613341684722236,36.835563906944444,,Schaefer_2020,,7.0,N,,,,,,
71.171343609375,-156.50989079687514,2014-07-07,64,1,47.32930457500001,49.204304574999995,,Schaefer_2020,,0.0,N,,,,,,
71.16665775409834,-156.50507244262297,2014-07-06,61,1,57.56217042786885,57.89003928032787,,Schaefer_2020,,9.0,N,,,,,,
71.13346433333334,-156.46882911111112,2014-06-23,45,1,31.65808899111111,34.54697787999999,,Schaefer_2020,,9.0,N,,,,,,
71.19663719101119,-156.53880331460672,2014-07-17,89,1,39.75055276629214,41.997743777528086,,Schaefer_2020,,11.0,N,,,,,,
71.19508814942526,-156.53677378160916,2014-07-17,87,1,44.8990487524904,46.27835909731801,,Schaefer_2020,,10.0,N,,,,,,
70.73811336363634,-156.03464181818183,2014-01-20,11,1,41.5824544909091,42.036999945454546,,Schaefer_2020,,10.0,N,,,,,,
71.18177838888884,-156.5310335416667,2014-07-11,72,1,36.910086126388876,38.43786390416666,,Schaefer_2020,,0.0,N,,,,,,
71.18874997468355,-156.538295443038,2014-07-14,79,1,40.60544508987343,42.883926102531646,,Schaefer_2020,,0.0,N,,,,,,
71.1827144246575,-156.5308316712329,2014-07-12,73,1,45.81722416575341,45.96790909726027,,Schaefer_2020,,9.0,N,,,,,,
71.21198293965514,-156.5625503793104,2014-07-23,116,1,48.74568384679122,48.83189074334292,,Schaefer_2020,,10.0,N,,,,,,
71.2616616792453,-156.61717377358494,2014-08-12,106,1,51.80232245660378,51.80232245660377,,Schaefer_2020,,,,,,,,,
71.26168328099178,-156.6163324958678,2014-08-12,121,1,46.261523775619835,46.261523775619835,,Schaefer_2020,,,,,,,,,
71.19611713636364,-156.54241210227272,2014-07-17,88,1,35.555887314772725,37.03316004204545,,Schaefer_2020,,6.0,N,,,,,,
71.20276390816329,-156.54903165306123,2014-07-20,98,1,31.196810099999976,31.33966724285714,,Schaefer_2020,,33.0,N,,,,,,
71.16059138596495,-156.50095245614034,2014-07-03,57,1,28.587536494736824,31.745431231578944,,Schaefer_2020,,4.0,N,,,,,,
71.18381151351352,-156.52576425675673,2014-07-12,74,1,30.71162843918921,32.738655466216215,,Schaefer_2020,,0.0,N,,,,,,
71.1390735319149,-156.4752243829787,2014-06-25,47,1,27.604412742553183,31.498029763829784,,Schaefer_2020,,3.0,N,,,,,,
70.62232722222221,-155.90610611111111,2013-12-05,9,1,47.2102996,48.09918848888888,,Schaefer_2020,,13.0,N,,,,,,
71.19427261176466,-156.5470884352941,2014-07-16,85,1,42.824582039999974,43.059876157647054,,Schaefer_2020,,13.0,N,,,,,,
71.18415812162164,-156.5347280675675,2014-07-12,74,1,38.0527688581081,38.29601210135136,,Schaefer_2020,,40.0,N,,,,,,
71.17334255384613,-156.52170873846157,2014-07-08,65,1,38.83563972153849,38.91256279846153,,Schaefer_2020,,5.0,N,,,,,,
71.12518992857144,-156.47094254761902,2014-06-19,42,1,33.26636392380952,33.45684011428572,,Schaefer_2020,,23.0,N,,,,,,
71.1981775,-156.5526725222223,2014-07-18,90,1,33.11827081333335,33.34049303555555,,Schaefer_2020,,13.0,N,,,,,,
71.20205384374998,-156.55635677083333,2014-07-19,96,1,41.68025209062501,42.586502090625,,Schaefer_2020,,0.0,Y,,,,,,
71.18563286666665,-156.54075194666663,2014-07-13,75,1,33.58488411533332,36.11821744866667,,Schaefer_2020,,9.0,N,,,,,,
71.20040183870968,-156.5567252365592,2014-07-18,93,1,33.86330046236558,36.01383809677419,,Schaefer_2020,,4.0,N,,,,,,
71.15940339285717,-156.51010682142856,2014-07-02,56,1,41.37950526249999,41.5045052625,,Schaefer_2020,,21.0,N,,,,,,
70.5423765,-155.81919850000003,2013-11-04,8,1,29.705150125,38.080150125,,Schaefer_2020,,17.0,N,,,,,,
71.1949832588235,-156.55275741176476,2014-07-16,85,1,34.047017472941185,34.22348806117647,,Schaefer_2020,,27.0,N,,,,,,
71.1558666851852,-156.51041477777778,2014-07-01,54,1,41.15675354444444,44.67527206296296,,Schaefer_2020,,8.0,N,,,,,,
69.33977233333333,-154.50465966666667,2012-07-26,3,1,27.898267133333334,87.89826713333333,,Schaefer_2020,,0.0,N,,,,,,
71.1742994769231,-156.53238572307694,2014-07-08,65,1,39.761538813846144,39.88461573692308,,Schaefer_2020,,10.0,N,,,,,,
71.20523806000001,-156.56595614999998,2014-07-20,100,1,34.34630452500001,35.346304524999994,,Schaefer_2020,,0.0,N,,,,,,
71.20828688571432,-156.57012273333333,2014-07-21,105,1,42.933788301904755,42.98140734952381,,Schaefer_2020,,26.0,N,,,,,,
71.19991051136365,-156.5527934090909,2014-07-17,88,1,42.26379194772725,43.51379194772727,,Schaefer_2020,,0.0,N,,,,,,
71.17379564935065,-156.46891085714284,2014-07-14,77,1,49.07398971688311,49.13892478181819,,Schaefer_2020,,0.0,N,,,,,,
71.08199547058821,-156.3571241470588,2014-06-07,34,1,36.64639417647059,36.881688294117644,,Schaefer_2020,,11.0,N,,,,,,
71.17007723287671,-156.46642115068497,2014-07-12,73,1,46.11694095410959,46.18543410479452,,Schaefer_2020,,23.0,N,,,,,,
71.18574938043476,-156.48522121739126,2014-07-18,92,1,52.6205309326087,52.69661788913044,,Schaefer_2020,,18.0,N,,,,,,
71.12485036956522,-156.40998908695647,2014-06-24,46,1,49.89330219130436,50.15417175652174,,Schaefer_2020,,11.0,N,,,,,,
69.85174375,-154.86230275,2013-01-31,4,1,60.84665014999999,64.59665014999999,,Schaefer_2020,,7.0,N,,,,,,
71.16230615151514,-156.458905090909,2014-07-09,66,1,24.497744109090895,26.01289562424242,,Schaefer_2020,,0.0,N,,,,,,
71.13281146938773,-156.42242259183675,2014-06-27,49,1,58.7413632122449,58.94544484489796,,Schaefer_2020,,12.0,N,,,,,,
71.05469855172414,-156.3253653448276,2014-05-27,29,1,47.23572941896552,47.408143212068964,,Schaefer_2020,,37.0,N,,,,,,
69.39038133333332,-154.2894806666667,2012-07-30,3,1,76.0,78.66666666666667,,Schaefer_2020,,16.0,N,,,,,,
70.99398472727272,-156.25296922727276,2014-05-02,22,1,44.417995454545455,44.645268181818174,,Schaefer_2020,,21.0,N,,,,,,
71.19490258878504,-156.4988356448598,2014-07-22,107,1,33.76273451214954,34.463669091588784,,Schaefer_2020,,0.0,N,,,,,,
71.08277997058822,-156.36292967647054,2014-06-07,34,1,43.36437348823529,43.65849113529412,,Schaefer_2020,,2.0,N,,,,,,
71.1687397887324,-156.4692926901408,2014-07-11,71,1,28.4637582915493,28.717279418309865,,Schaefer_2020,,15.0,N,,,,,,
71.18847561052631,-156.4925526736842,2014-07-19,95,1,44.77432351473686,46.6690603568421,,Schaefer_2020,,6.0,N,,,,,,
71.11987909999999,-156.6520688,2018-05-16,40,1,33.46121254250002,36.7112125425,,Schaefer_2020,,11.0,N,,,,,,
71.15975780357141,-156.70138898214287,2018-06-12,56,1,34.34539583928572,36.39896726785714,,Schaefer_2020,,9.0,N,,,,,,
69.863042,-155.08121,2016-02-06,4,1,45.14162447499999,46.39162447499999,,Schaefer_2020,,15.0,N,,,,,,
71.25976354545452,-156.8278587878788,2018-08-17,66,1,37.68891813636365,37.68891813636364,,Schaefer_2020,,,,,,,,,
71.25964516666666,-156.8273233333333,2018-08-17,12,1,36.378467558333334,36.378467558333334,,Schaefer_2020,,,,,,,,,
70.561140375,-155.953325125,2017-05-12,8,1,23.7303500125,32.4803500125,,Schaefer_2020,,13.0,N,,,,,,
71.16812809836065,-156.7099961803278,2018-06-17,61,1,31.70778523934425,31.92089999344262,,Schaefer_2020,,10.0,N,,,,,,
71.17531496969694,-156.7218355,2018-06-23,66,1,34.89829726818182,37.62556999545455,,Schaefer_2020,,1.0,N,,,,,,
71.1901277125,-156.73649690000002,2018-07-02,80,1,38.105906387499985,39.1059063875,,Schaefer_2020,,29.0,N,,,,,,
70.86035828571428,-156.32056721428572,2017-11-27,14,1,39.251178735714284,40.608321592857145,,Schaefer_2020,,25.0,N,,,,,,
71.1741750819672,-156.70190444262292,2018-06-19,61,1,31.848077145901648,35.1267656704918,,Schaefer_2020,,7.0,N,,,,,,
71.1288783,-156.630052025,2018-05-18,40,1,34.685100325,34.860100325000005,,Schaefer_2020,,8.0,N,,,,,,
71.1727489333333,-156.6938062166667,2018-06-18,60,1,38.579561715,38.579561715,,Schaefer_2020,,52.0,N,,,,,,
71.16308270370372,-156.67868192592593,2018-06-11,54,1,32.60413872777778,36.30784243148148,,Schaefer_2020,,5.0,N,,,,,,
71.07283628571429,-156.54500700000003,2018-04-09,28,1,30.262707024999997,37.40556416785715,,Schaefer_2020,,14.0,N,,,,,,
71.15734311764707,-156.66855092156865,2018-06-08,51,1,33.93850950980392,34.27184284313726,,Schaefer_2020,,6.0,N,,,,,,
71.041600875,-156.50639000000004,2018-03-19,24,1,38.39644955000001,38.89644955,,Schaefer_2020,,38.0,N,,,,,,
71.10122118181816,-156.5943305757576,2018-04-30,33,1,36.242530587878775,36.66677301212121,,Schaefer_2020,,14.0,N,,,,,,
70.38536983333334,-155.5317355,2016-12-13,6,1,48.30706658333333,50.14039991666667,,Schaefer_2020,,13.0,N,,,,,,
71.1667630357143,-156.6812976607143,2018-06-15,56,1,32.599530321428574,32.778101750000005,,Schaefer_2020,,9.0,N,,,,,,
71.18344352941175,-156.7048595147059,2018-06-26,68,1,37.27894850588236,37.57306615294118,,Schaefer_2020,,12.0,N,,,,,,
71.17877839062501,-156.70867520312498,2018-06-23,64,1,35.49121236875,38.61621236875,,Schaefer_2020,,11.0,N,,,,,,
71.17047346551725,-156.68493356896553,2018-06-17,58,1,36.21831739482757,36.39073118793104,,Schaefer_2020,,8.0,N,,,,,,
71.12657935897435,-156.61948461538466,2018-05-17,39,1,31.452792435897443,36.58099756410257,,Schaefer_2020,,9.0,N,,,,,,
71.1817609848485,-156.7133256969697,2018-06-25,66,1,33.56526373030304,33.716778881818186,,Schaefer_2020,,8.0,N,,,,,,
70.78452400000002,-156.12789145454545,2017-09-19,11,1,35.39944597272727,36.1267187,,Schaefer_2020,,6.0,N,,,,,,
71.11129271428574,-156.59550634285713,2018-05-06,35,1,26.818734257142854,27.161591400000002,,Schaefer_2020,,33.0,N,,,,,,
71.10684823529414,-156.5885818529412,2018-05-03,34,1,21.596623526470587,21.920152938235294,,Schaefer_2020,,13.0,N,,,,,,
71.15608945999998,-156.67523058000003,2018-06-07,50,1,32.64292823600001,32.782928236000004,,Schaefer_2020,,3.0,N,,,,,,
70.93229718749998,-156.3432170625,2018-01-01,16,1,31.494850043749995,43.99485004375,,Schaefer_2020,,7.0,N,,,,,,
70.96895761111111,-156.38264149999998,2018-01-27,18,1,24.9424055,25.720183277777778,,Schaefer_2020,,8.0,N,,,,,,
71.13311126829267,-156.62447114634145,2018-05-22,41,1,26.2532461097561,26.375197329268293,,Schaefer_2020,,8.0,N,,,,,,
70.38518583333334,-155.51689783333336,2016-12-15,6,1,24.605866433333333,57.93919976666666,,Schaefer_2020,,5.0,N,,,,,,
71.1113306857143,-156.60896977142858,2018-05-07,35,1,33.97833993714287,34.17833993714286,,Schaefer_2020,,14.0,N,,,,,,
70.98573805263159,-156.4043467368421,2018-02-08,19,1,24.8264158,35.352731589473684,,Schaefer_2020,,8.0,N,,,,,,
71.14260886363637,-156.63624052272732,2018-05-29,44,1,25.359843175,25.587115902272725,,Schaefer_2020,,12.0,N,,,,,,
71.16304954716982,-156.6853231698113,2018-06-12,53,1,50.83625851509434,50.98720191132075,,Schaefer_2020,,10.0,N,,,,,,
71.06765214814813,-156.524876962963,2018-04-06,27,1,27.917362848148144,28.102548033333328,,Schaefer_2020,,35.0,N,,,,,,
71.17154253448277,-156.67820581034485,2018-06-18,58,1,27.454462220689656,27.6268760137931,,Schaefer_2020,,7.0,N,,,,,,
69.95133725,-154.887949,2016-02-12,4,1,38.083850874999996,41.583850874999996,,Schaefer_2020,,42.0,N,,,,,,
70.7364558,-156.03698910000003,2017-08-17,10,1,37.96586990000001,38.765869900000006,,Schaefer_2020,,8.0,N,,,,,,
70.97013811111111,-156.38086688888887,2018-01-28,18,1,32.498766261111115,32.94321070555556,,Schaefer_2020,,16.0,N,,,,,,
71.06765022222223,-156.52348022222225,2018-04-06,27,1,31.795422429629618,39.20282983703704,,Schaefer_2020,,5.0,N,,,,,,
71.0606753076923,-156.5124381923077,2018-04-01,26,1,31.83739998846155,32.10663075769231,,Schaefer_2020,,10.0,N,,,,,,
71.14601559999998,-156.63778224444442,2018-05-31,45,1,31.13018908222222,31.241300193333338,,Schaefer_2020,,2.0,N,,,,,,
70.82475083333334,-156.16633683333333,2017-10-18,12,1,31.467083291666658,31.883749958333325,,Schaefer_2020,,11.0,N,,,,,,
70.78261581818182,-156.1018663636364,2017-09-21,11,1,22.76985922727273,40.95167740909091,,Schaefer_2020,,0.0,N,,,,,,
71.04301666666667,-156.485962125,2018-03-20,24,1,27.491403958333333,28.32473729166667,,Schaefer_2020,,24.0,N,,,,,,
71.17075626315788,-156.67488840350876,2018-06-17,57,1,29.575470236842108,29.92634742982456,,Schaefer_2020,,31.0,N,,,,,,
71.14782697727273,-156.6418986363636,2018-05-29,44,1,28.467272840909086,28.785454659090906,,Schaefer_2020,,15.0,N,,,,,,
71.17370749999999,-156.68056675000003,2018-06-16,56,1,36.65700725,36.746292964285715,,Schaefer_2020,,9.0,N,,,,,,
71.09278533333332,-156.5573614,2018-04-20,30,1,38.249070036666666,38.41573670333333,,Schaefer_2020,,10.0,N,,,,,,
71.15174006666669,-156.64592780000004,2018-05-31,45,1,28.167395719999995,28.522951275555553,,Schaefer_2020,,15.0,N,,,,,,
71.09304816666668,-156.5577680333333,2018-04-20,30,1,29.76078675333334,30.094120086666674,,Schaefer_2020,,9.0,N,,,,,,
71.19597740277776,-156.71522936111106,2018-07-01,72,1,28.183308302777778,28.391641636111114,,Schaefer_2020,,7.0,N,,,,,,
71.15735727659575,-156.66112214893616,2018-06-04,47,1,33.05430858723404,33.47984050212766,,Schaefer_2020,,10.0,N,,,,,,
71.19529133802817,-156.71421735211268,2018-07-01,71,1,26.26130763169014,26.542997772535212,,Schaefer_2020,,7.0,N,,,,,,
70.38997616666667,-155.51385233333335,2016-12-17,6,1,16.407983466666668,49.7413168,,Schaefer_2020,,0.0,N,,,,,,
71.20745740000001,-156.73198849411767,2018-07-09,85,1,44.95104472117649,45.00986825058824,,Schaefer_2020,,7.0,N,,,,,,
71.18440156451614,-156.6975477096774,2018-06-23,62,1,38.99027729354839,39.15156761612904,,Schaefer_2020,,0.0,N,,,,,,
69.50819200000001,-154.23116433333334,2015-04-16,3,1,66.81423376666666,70.14756709999999,,Schaefer_2020,,0.0,N,,,,,,
71.17550126785716,-156.68504451785716,2018-06-17,56,1,42.56981951607143,45.069819516071426,,Schaefer_2020,,0.0,N,,,,,,
70.9561735882353,-156.3827468235294,2018-01-18,17,1,46.21661804705882,57.98132392941176,,Schaefer_2020,,3.0,N,,,,,,
71.15868825531919,-156.4767565319149,2014-06-26,47,1,32.57513399574468,35.55385739999999,,Schaefer_2020,,10.0,N,,,,,,
71.18759761904761,-156.51529631746035,2014-07-08,63,1,34.683536533333324,37.85813970793649,,Schaefer_2020,,5.0,N,,,,,,
71.21603738947374,-156.5535217473685,2014-07-19,95,1,37.575056838947376,37.78558315473684,,Schaefer_2020,,5.0,N,,,,,,
71.21575497872341,-156.55175910638292,2014-07-19,94,1,36.44513320425532,36.594069374468084,,Schaefer_2020,,31.0,N,,,,,,
71.21259575280901,-156.54663441573032,2014-07-18,89,1,40.38928640730338,41.512881912921344,,Schaefer_2020,,15.0,N,,,,,,
71.2313669230769,-156.5717248384615,2014-07-26,130,1,36.3262376776923,36.38777613923077,,Schaefer_2020,,17.0,N,,,,,,
70.96148335294117,-156.20786088235295,2014-04-04,17,1,31.60907655294118,32.550253023529415,,Schaefer_2020,,7.0,N,,,,,,
71.27245806862744,-156.6388245882353,2014-08-12,102,1,28.49412737254902,28.494127372549023,,Schaefer_2020,,,,,,,,,
71.27241548809523,-156.63799380952375,2014-08-12,84,1,36.29944648690476,36.299446486904756,,Schaefer_2020,,,,,,,,,
71.22616411864406,-156.58055933050855,2014-07-24,118,1,37.37368633898304,38.0940253220339,,Schaefer_2020,,10.0,N,,,,,,
71.18441346774196,-156.52859830645164,2014-07-07,62,1,37.68822273064515,38.49467434354839,,Schaefer_2020,,10.0,N,,,,,,
71.22184505555553,-156.57364164814808,2014-07-22,108,1,36.08478300462963,37.10330152314814,,Schaefer_2020,,7.0,N,,,,,,
71.20148067532466,-156.54788772727267,2014-07-14,77,1,29.005566092207804,30.30426739090909,,Schaefer_2020,,9.0,Y,,,,,,
71.20525528395058,-156.55068860493827,2014-07-15,81,1,32.73481500185187,34.71012364382717,,Schaefer_2020,,6.0,N,,,,,,
71.21741271717168,-156.56504077777782,2014-07-20,99,1,29.73222223232324,30.74232324242425,,Schaefer_2020,,7.0,Y,,,,,,
71.136487725,-156.46471207500005,2014-06-18,40,1,31.844022509999995,34.344022509999995,,Schaefer_2020,,0.0,Y,,,,,,
71.21964079611652,-156.56368456310676,2014-07-21,103,1,33.51771932330097,34.24587466310679,,Schaefer_2020,,3.0,Y,,,,,,
70.8545753846154,-156.11276199999998,2014-02-24,13,1,31.783415007692305,47.16803039230769,,Schaefer_2020,,5.0,N,,,,,,
71.23958012883438,-156.59859988957052,2014-07-29,163,1,41.40287025214724,41.433545098773,,Schaefer_2020,,7.0,N,,,,,,
71.22171094339623,-156.57479161320754,2014-07-22,106,1,34.36677387531445,34.46111349795598,,Schaefer_2020,,36.0,N,,,,,,
71.21392975000002,-156.56406869565214,2014-07-19,92,1,28.77793961141305,28.8322874375,,Schaefer_2020,,13.0,N,,,,,,
71.2140424347826,-156.55390395652176,2014-07-19,92,1,31.26900751847827,33.00813795326087,,Schaefer_2020,,0.0,N,,,,,,
71.27250146666667,-156.62913840000002,2014-08-12,15,1,29.70438983,29.70438983,,Schaefer_2020,,,,,,,,,
71.27277826315792,-156.64097457894738,2014-08-12,19,1,41.29816798947369,41.29816798947369,,Schaefer_2020,,,,,,,,,
71.21239825555554,-156.56157102222227,2014-07-18,90,1,44.01518338777781,44.181850054444446,,Schaefer_2020,,5.0,N,,,,,,
71.1739083090909,-156.50228765454543,2014-07-03,55,1,29.84717465272728,30.083538289090914,,Schaefer_2020,,21.0,N,,,,,,
71.13771355000002,-156.45458890000003,2014-06-18,40,1,37.04553879875,37.22053879875,,Schaefer_2020,,24.0,N,,,,,,
71.24367049999992,-156.603185038889,2014-07-30,180,1,43.90679749688889,44.24013083022223,,Schaefer_2020,,3.0,Y,,,,,,
71.16484204081632,-156.49398385714287,2014-06-28,49,1,31.72766277265306,33.97256073183674,,Schaefer_2020,,12.0,N,,,,,,
71.20001917808217,-156.53787389041094,2014-07-13,73,1,34.4460887890411,35.67896550136986,,Schaefer_2020,,4.0,Y,,,,,,
71.23662719310346,-156.59292690344833,2014-07-27,145,1,28.98313104586205,29.086579321724138,,Schaefer_2020,,18.0,N,,,,,,
71.23072336036034,-156.52803037837836,2014-07-29,111,1,33.202431639639656,34.6618910990991,,Schaefer_2020,,2.0,N,,,,,,
70.9350442857143,-155.8206602142857,2014-04-26,14,1,28.055178785714286,36.62660735714286,,Schaefer_2020,,3.0,N,,,,,,
71.24435108695653,-156.56948401242227,2014-08-02,161,1,34.82167112919255,34.82167112919255,,Schaefer_2020,,5.0,N,,,,,,
71.2265759,-156.52642217000002,2014-07-27,100,1,30.905624525500013,30.905624525500002,,Schaefer_2020,,40.0,N,,,,,,
71.13081603030304,-156.29942754545453,2014-06-27,33,1,29.474409163636373,32.47440916363636,,Schaefer_2020,,14.0,N,,,,,,
71.22396640860214,-156.52040732258058,2014-07-26,93,1,31.557574230107534,33.60058498279571,,Schaefer_2020,,9.0,N,,,,,,
71.14124728571427,-156.32671051428574,2014-06-29,35,1,45.6018141657143,45.60181416571429,,Schaefer_2020,,4.0,N,,,,,,
71.23355053043478,-156.53778854782604,2014-07-29,115,1,33.594116044347835,34.1071595226087,,Schaefer_2020,,19.0,N,,,,,,
70.60979352714286,-155.08181195714286,2013-02-28,7,1,16.166666666666664,44.738095238095234,,Schaefer_2020,,0.0,N,,,,,,
71.22276985869566,-156.51544666304346,2014-07-26,92,1,47.67359089076093,48.67359089076088,,Schaefer_2020,,4.0,N,,,,,,
71.22745763366338,-156.5290480891089,2014-07-28,101,1,37.62000018679868,38.61009919669967,,Schaefer_2020,,4.0,N,,,,,,
71.15624569999999,-156.36372807499998,2014-07-05,40,1,30.842142530000007,32.51714253,,Schaefer_2020,,4.0,N,,,,,,
71.15921487804879,-156.36681478048786,2014-07-06,41,1,31.251840154878053,33.373791374390244,,Schaefer_2020,,5.0,N,,,,,,
70.60121443857142,-155.0758302714286,2013-03-01,7,1,25.5,25.5,,Schaefer_2020,,13.0,N,,,,,,
71.13594926470589,-156.31463538235295,2014-06-28,34,1,46.726176755882356,48.28500028529411,,Schaefer_2020,,6.0,N,,,,,,
71.22833502830184,-156.5258559811321,2014-07-28,106,1,35.13099793207546,36.36684698867925,,Schaefer_2020,,3.0,N,,,,,,
71.27463733333333,-156.634189,2014-08-12,3,1,37.290499366666666,37.290499366666666,,Schaefer_2020,,,,,,,,,
71.27450028723403,-156.63293310638304,2014-08-12,94,1,30.021529743085136,30.021529743085114,,Schaefer_2020,,,,,,,,,
71.24140592517004,-156.55539387755107,2014-08-01,147,1,34.99008674863945,35.751991510544215,,Schaefer_2020,,2.0,N,,,,,,
71.12354693939395,-156.33162112121212,2014-06-28,33,1,27.852759224242437,32.004274375757575,,Schaefer_2020,,5.0,N,,,,,,
71.21136950000003,-156.50709874999998,2014-07-24,80,1,30.104413238125034,32.604413238125,,Schaefer_2020,,9.0,N,,,,,,
71.15232342424243,-156.30910533333338,2014-06-28,33,1,30.40016624848484,36.460772309090906,,Schaefer_2020,,3.0,N,,,,,,
71.25190363541667,-156.5062459270834,2014-07-27,96,1,38.292579114583326,38.29257911458333,,Schaefer_2020,,5.0,N,,,,,,
71.19553380434782,-156.39329034782602,2014-07-10,46,1,29.65800185869565,32.02756707608696,,Schaefer_2020,,6.0,N,,,,,,
71.26522210156249,-156.53212096875004,2014-07-31,128,1,33.78489592734374,34.636458427343754,,Schaefer_2020,,8.0,N,,,,,,
71.15268318181816,-156.3062782121212,2014-06-28,33,1,31.67718493030303,36.82870008181818,,Schaefer_2020,,13.0,N,,,,,,
71.21998089830507,-156.44209623728815,2014-07-17,59,1,32.98601159830508,32.98601159830508,,Schaefer_2020,,22.0,N,,,,,,
71.23086873529412,-156.46227936764708,2014-07-21,68,1,29.33636540220587,30.512835990441175,,Schaefer_2020,,14.0,N,,,,,,
71.26319594214877,-156.52673278512393,2014-07-30,121,1,33.6158271,33.6158271,,Schaefer_2020,,17.0,N,,,,,,
71.19839808510638,-156.3968218723404,2014-07-11,47,1,37.934867819148934,41.74337845744681,,Schaefer_2020,,5.0,N,,,,,,
71.22782049230769,-156.45610232307686,2014-07-20,65,1,40.12447645076923,40.15524568153847,,Schaefer_2020,,50.0,N,,,,,,
71.25059165934067,-156.50180535164836,2014-07-27,91,1,32.55052855769231,34.7483307554945,,Schaefer_2020,,11.0,N,,,,,,
71.16370414285711,-156.32732242857142,2014-06-30,35,1,32.91783709142857,32.91783709142857,,Schaefer_2020,,9.0,N,,,,,,
71.19037411627909,-156.38272909302324,2014-07-08,43,1,40.7733557,43.284983606976745,,Schaefer_2020,,3.0,N,,,,,,
71.2324788235294,-156.46694257352937,2014-07-21,68,1,34.99067702426472,36.564206436029416,,Schaefer_2020,,4.0,N,,,,,,
71.26565050399999,-156.53179265600002,2014-07-31,125,1,38.52311435159997,39.299114351600004,,Schaefer_2020,,0.0,N,,,,,,
71.21932747368422,-156.43684864912274,2014-07-16,57,1,40.616692524561415,42.72195568245614,,Schaefer_2020,,7.0,N,,,,,,
71.30534284745761,-156.61401303389835,2014-08-12,59,1,42.18400483389832,42.18400483389831,,Schaefer_2020,,,,,,,,,
71.21618830909091,-156.4279904545455,2014-07-15,55,1,28.44741810909091,28.44741810909091,,Schaefer_2020,,16.0,N,,,,,,
71.30532494871794,-156.6116055384615,2014-08-12,39,1,23.877010243589744,23.877010243589744,,Schaefer_2020,,,,,,,,,
71.24981574157306,-156.5059717191011,2014-07-26,89,1,41.413055812359566,42.53665131797753,,Schaefer_2020,,16.0,N,,,,,,
71.19973419148938,-156.40766276595753,2014-07-11,47,1,39.18305701914894,41.50220595531915,,Schaefer_2020,,6.0,N,,,,,,
71.25040328888892,-156.50404920000003,2014-07-26,90,1,25.501121161111108,26.61223227222222,,Schaefer_2020,,4.0,N,,,,,,
71.24041360526316,-156.49544525000002,2014-07-23,76,1,46.319109519517504,46.319109519517546,,Schaefer_2020,,22.0,N,,,,,,
71.25629888,-156.52561191000007,2014-07-28,100,1,37.353207664,37.353207664,,Schaefer_2020,,23.0,N,,,,,,
71.05770995,-156.13521824999998,2014-05-29,20,1,45.64591465499999,48.895914655,,Schaefer_2020,,16.0,N,,,,,,
70.97035785714284,-155.9015527857143,2014-04-27,14,1,33.302606850000004,42.58832113571429,,Schaefer_2020,,6.0,N,,,,,,
71.26034936893203,-156.5191586699029,2014-07-28,103,1,38.00419786796117,39.227498838834954,,Schaefer_2020,,24.0,N,,,,,,
71.1318255925926,-156.24491433333333,2014-06-17,27,1,35.81165144074074,39.51535514444445,,Schaefer_2020,,10.0,N,,,,,,
71.24494416883118,-156.4827974415585,2014-07-23,77,1,26.317110431168828,26.992435106493506,,Schaefer_2020,,7.0,N,,,,,,
71.14543344827585,-156.26611682758622,2014-06-21,29,1,31.17562411724138,31.451486186206896,,Schaefer_2020,,18.0,N,,,,,,
71.26961062204721,-156.54545244881885,2014-07-31,127,1,45.66747955708663,46.47062916338583,,Schaefer_2020,,0.0,N,,,,,,
71.22984736065574,-156.45924403278687,2014-07-18,61,1,43.53300425245903,45.69693867868853,,Schaefer_2020,,11.0,N,,,,,,
71.24407801333335,-156.48803942666666,2014-07-23,75,1,45.49440098533331,46.85440098533332,,Schaefer_2020,,10.0,N,,,,,,
71.25506601098903,-156.51083809890113,2014-07-26,91,1,34.176211889011,35.29709100989012,,Schaefer_2020,,9.0,N,,,,,,
71.25577945652162,-156.51115616304347,2014-07-26,92,1,41.247955165217384,42.32404212173913,,Schaefer_2020,,9.0,N,,,,,,
71.24933684705887,-156.4861810823529,2014-07-25,85,1,30.594482204705887,30.594482204705887,,Schaefer_2020,,31.0,N,,,,,,
71.24422778205134,-156.47337844871802,2014-07-24,78,1,31.480403708974347,32.85219858076923,,Schaefer_2020,,3.0,N,,,,,,
71.24170896000004,-156.46672991999995,2014-07-23,75,1,30.31596456133333,30.31596456133333,,Schaefer_2020,,8.0,N,,,,,,
71.24077037837837,-156.46391472972968,2014-07-23,74,1,28.979687813513507,28.97968781351352,,Schaefer_2020,,8.0,N,,,,,,
71.1790125263158,-156.31497523684214,2014-07-04,38,1,31.85290823947369,33.168697713157904,,Schaefer_2020,,26.0,N,,,,,,
71.22564845161288,-156.4308212096775,2014-07-19,62,1,30.222916046774195,31.980980562903227,,Schaefer_2020,,29.0,N,,,,,,
71.24852556976745,-156.493881872093,2014-07-25,86,1,45.2339757023256,46.5014175627907,,Schaefer_2020,,11.0,N,,,,,,
71.27773570114948,-156.55997303448274,2014-08-03,174,1,43.24172139066092,43.47735357456896,,Schaefer_2020,,12.0,N,,,,,,
71.24641443373497,-156.47754315662655,2014-07-25,83,1,36.315744443373504,37.665142033734945,,Schaefer_2020,,10.0,N,,,,,,
71.26729065079363,-156.53638932539678,2014-07-31,126,1,46.08794145892856,46.81016368115079,,Schaefer_2020,,12.0,N,,,,,,
71.16818819444444,-156.3159582222222,2014-07-02,36,1,45.045045483333325,45.045045483333325,,Schaefer_2020,,50.0,N,,,,,,
71.2501213068182,-156.4871160113636,2014-07-26,88,1,29.618322717045455,30.970595444318178,,Schaefer_2020,,25.0,N,,,,,,
71.26295083185842,-156.52852383185842,2014-07-29,113,1,43.79954298407079,44.9499854619469,,Schaefer_2020,,10.0,N,,,,,,
71.2146481111111,-156.42000692592592,2014-07-15,54,1,43.49593664074074,43.49593664074073,,Schaefer_2020,,10.0,N,,,,,,
71.25101579775281,-156.48831362921348,2014-07-26,89,1,30.78127254382024,33.02846355505618,,Schaefer_2020,,57.0,N,,,,,,
70.86551227272726,-155.67249072727273,2014-03-31,11,1,28.03184543636364,42.30457270909091,,Schaefer_2020,,6.0,N,,,,,,
71.26649852941179,-156.54074892436972,2014-07-30,119,1,39.61505454285713,41.22849992100839,,Schaefer_2020,,7.0,N,,,,,,
71.1451445,-156.28230073333333,2014-06-25,30,1,35.709866456666674,42.376533123333324,,Schaefer_2020,,6.0,N,,,,,,
71.25769987755099,-156.507552367347,2014-07-28,98,1,27.182442934693892,28.284483751020414,,Schaefer_2020,,30.0,N,,,,,,
71.20406560869564,-156.36056154347824,2014-07-11,46,1,39.730365515217386,43.16514812391304,,Schaefer_2020,,17.0,N,,,,,,
71.25288058620687,-156.47777840229887,2014-07-26,87,1,44.723128564636,44.72312856463602,,Schaefer_2020,,0.0,N,,,,,,
70.91138075,-155.67535491666663,2014-04-11,12,1,53.792824758333325,53.792824758333325,,Schaefer_2020,,3.0,N,,,,,,
71.27039832800001,-156.53232916,2014-07-31,125,1,45.16338169840007,46.05938169840001,,Schaefer_2020,,4.0,N,,,,,,
71.23375530158731,-156.42432925396827,2014-07-19,63,1,27.82601040634921,29.508550088888885,,Schaefer_2020,,8.0,N,,,,,,
71.30765071794872,-156.61244976923078,2014-08-12,39,1,24.806903620512827,24.806903620512827,,Schaefer_2020,,,,,,,,,
71.3075593292683,-156.60890015853658,2014-08-12,82,1,38.7646733597561,38.7646733597561,,Schaefer_2020,,,,,,,,,
71.24721941558441,-156.45360253246756,2014-07-24,77,1,38.14361938311688,40.14361938311687,,Schaefer_2020,,4.0,N,,,,,,
71.23852050724639,-156.4746923043478,2014-07-21,69,1,44.11962039130435,46.10512763768115,,Schaefer_2020,,5.0,N,,,,,,
71.25538921978024,-156.51125367032964,2014-07-26,91,1,44.62639986318679,45.58244381923077,,Schaefer_2020,,5.0,N,,,,,,
71.24413354666667,-156.47217390666668,2014-07-23,75,1,25.238618493333345,25.23861849333333,,Schaefer_2020,,19.0,N,,,,,,
71.15861925000002,-156.2837230625,2014-06-27,32,1,30.007818706250003,30.00781870625,,Schaefer_2020,,7.0,N,,,,,,
71.0728751,-156.04034140000002,2014-05-30,20,1,37.69434491,37.69434491,,Schaefer_2020,,23.0,N,,,,,,
71.23876945588235,-156.44073183823528,2014-07-21,68,1,31.317725785784326,34.25890225637255,,Schaefer_2020,,5.0,N,,,,,,
71.25008786419754,-156.48567043209871,2014-07-24,81,1,46.401044665432075,46.4010446654321,,Schaefer_2020,,15.0,N,,,,,,
71.23334206349207,-156.45801515873018,2014-07-19,63,1,50.0249892253968,52.739274939682524,,Schaefer_2020,,2.0,N,,,,,,
71.234353578125,-156.44614220312496,2014-07-20,64,1,29.89056882499999,29.890568825,,Schaefer_2020,,2.0,N,,,,,,
71.25059103658533,-156.48173631707314,2014-07-25,82,1,32.63760952682928,32.637609526829266,,Schaefer_2020,,12.0,N,,,,,,
71.26092428999999,-156.50396830999998,2014-07-28,100,1,29.498490962000016,31.498490962,,Schaefer_2020,,7.0,N,,,,,,
71.26179750980393,-156.5052129411764,2014-07-28,102,1,36.841482366666675,36.841482366666675,,Schaefer_2020,,4.0,N,,,,,,
71.27983215243898,-156.5608605304878,2014-08-03,164,1,52.08284519451219,53.30235738963414,,Schaefer_2020,,16.0,N,,,,,,
70.37296979999999,-154.5091454,2013-10-24,5,1,76.09794008,76.09794008,,Schaefer_2020,,7.0,N,,,,,,
71.16234559375,-156.27883621874994,2014-06-27,32,1,39.4299345625,39.4299345625,,Schaefer_2020,,13.0,N,,,,,,
71.24168588571429,-156.45357842857143,2014-07-22,70,1,44.60196271571428,44.60196271571428,,Schaefer_2020,,9.0,N,,,,,,
71.26297966019419,-156.50127117475728,2014-07-28,103,1,39.74325341844659,41.685000991262136,,Schaefer_2020,,4.0,N,,,,,,
71.30825988764046,-156.60287257303366,2014-08-12,89,1,46.41795521348312,46.41795521348314,,Schaefer_2020,,,,,,,,,
71.30828323333331,-156.6020440444445,2014-08-12,90,1,44.32090437555556,44.32090437555556,,Schaefer_2020,,,,,,,,,
71.26282823300973,-156.495140631068,2014-07-28,103,1,45.79887572233006,45.798875722330095,,Schaefer_2020,,12.0,N,,,,,,
71.19120827500002,-156.32779905,2014-07-06,40,1,46.465582457500005,46.4655824575,,Schaefer_2020,,6.0,N,,,,,,
71.30871323255812,-156.62522865116273,2014-08-12,43,1,52.04343963720928,52.0434396372093,,Schaefer_2020,,,,,,,,,
71.23523492187502,-156.453541046875,2014-07-20,64,1,52.336954475,52.336954475,,Schaefer_2020,,10.0,N,,,,,,
71.21275514285712,-156.3848785306123,2014-07-14,49,1,35.43974077959184,35.43974077959184,,Schaefer_2020,,3.0,N,,,,,,
71.25219559036145,-156.47345269879517,2014-07-25,83,1,32.22420127590362,33.03143019156626,,Schaefer_2020,,4.0,N,,,,,,
71.26449304716985,-156.50180679245284,2014-07-29,106,1,39.45673114811319,40.78691982735849,,Schaefer_2020,,2.0,N,,,,,,
71.25987305208336,-156.4900990729167,2014-07-27,96,1,33.27402722864584,33.27402722864583,,Schaefer_2020,,30.0,N,,,,,,
71.2579006304348,-156.477943576087,2014-07-27,92,1,30.634522874999995,30.634522874999995,,Schaefer_2020,,55.0,N,,,,,,
71.19759166666667,-156.32576450000002,2014-07-08,42,1,43.07266198809522,43.07266198809524,,Schaefer_2020,,23.0,N,,,,,,
71.2596002105263,-156.47697760000005,2014-07-27,95,1,47.744423808421054,49.849686966315794,,Schaefer_2020,,2.0,N,,,,,,
71.03477935294119,-155.91106870588234,2014-05-18,17,1,44.552764452941176,56.31747033529412,,Schaefer_2020,,2.0,N,,,,,,
71.30892461764704,-156.62545795098052,2014-08-12,102,1,51.290376138235345,51.290376138235295,,Schaefer_2020,,,,,,,,,
71.25222352439022,-156.45580781707315,2014-07-25,82,1,42.71359876341464,45.15262315365854,,Schaefer_2020,,10.0,N,,,,,,
71.27425631578949,-156.53683858646613,2014-08-01,133,1,46.639610369172885,47.940362248872184,,Schaefer_2020,,8.0,N,,,,,,
71.10727769565219,-156.08612578260872,2014-06-09,23,1,51.39792632173913,51.39792632173913,,Schaefer_2020,,43.0,N,,,,,,
71.12277504000002,-156.13832216,2014-06-14,25,1,46.086243888000006,46.086243888,,Schaefer_2020,,11.0,N,,,,,,
71.13658681481482,-156.1715894074074,2014-06-19,27,1,50.56546276296296,50.56546276296295,,Schaefer_2020,,4.0,N,,,,,,
71.19577397560975,-156.34524958536585,2014-07-07,41,1,45.032900228048774,48.69143681341464,,Schaefer_2020,,5.0,N,,,,,,
71.25879422826088,-156.50152834782608,2014-07-27,92,1,47.707926820652176,47.7079268206522,,Schaefer_2020,,16.0,N,,,,,,
70.6447527142857,-154.98998885714286,2014-01-16,7,1,66.07124382857144,66.07124382857144,,Schaefer_2020,,11.0,N,,,,,,
71.27964537419354,-156.5525486,2014-08-02,155,1,46.750506171935534,46.750506171935484,,Schaefer_2020,,8.0,N,,,,,,
71.27726653146853,-156.54796206993012,2014-08-02,143,1,43.64959935139861,43.64959935139861,,Schaefer_2020,,7.0,N,,,,,,
71.2653239326923,-156.51908377884627,2014-07-29,104,1,47.04536073942305,47.04536073942308,,Schaefer_2020,,10.0,N,,,,,,
71.23346296721313,-156.4418613934426,2014-07-20,61,1,41.252465659016394,41.25246565901639,,Schaefer_2020,,0.0,N,,,,,,
71.27025324999998,-156.53116914655172,2014-07-30,116,1,45.548845633620715,45.5488456336207,,Schaefer_2020,,4.0,N,,,,,,
71.22046994230769,-156.41054834615392,2014-07-15,52,1,46.2687097980769,46.26870979807691,,Schaefer_2020,,8.0,N,,,,,,
71.25771718181817,-156.5007644545454,2014-07-26,88,1,41.421917563636356,43.59237210909091,,Schaefer_2020,,4.0,N,,,,,,
71.24835560000002,-156.47808582666667,2014-07-24,75,1,46.17106375666666,46.17106375666666,,Schaefer_2020,,0.0,N,,,,,,
71.28112396153848,-156.55719857692307,2014-08-02,156,1,34.066652369551264,34.06665236955128,,Schaefer_2020,,10.0,N,,,,,,
71.2778221342282,-156.55104521476514,2014-08-02,149,1,49.04376239664435,49.04376239664429,,Schaefer_2020,,5.0,N,,,,,,
71.01763294117647,-155.93287399999997,2014-05-19,17,1,43.28604148235294,43.286041482352935,,Schaefer_2020,,21.0,N,,,,,,
71.16491835294119,-156.28322917647054,2014-06-30,34,1,49.45310288235296,49.453102882352944,,Schaefer_2020,,47.0,N,,,,,,
71.27339459541982,-156.5409841526717,2014-08-01,131,1,40.55886378244278,41.96344393511451,,Schaefer_2020,,2.0,N,,,,,,
71.10878364000001,-156.15690156,2014-06-15,25,1,21.443888096000002,21.443888096000002,,Schaefer_2020,,28.0,N,,,,,,
71.31194205376345,-156.63309915053765,2014-08-12,93,1,45.80800865913976,45.80800865913978,,Schaefer_2020,,,,,,,,,
71.25845269473687,-156.50757688421047,2014-07-27,95,1,47.04176089157899,47.04176089157897,,Schaefer_2020,,12.0,N,,,,,,
71.2640219047619,-156.52104944761902,2014-07-29,105,1,52.01091692460318,53.2394883531746,,Schaefer_2020,,2.0,N,,,,,,
71.10784104166669,-156.14409141666667,2014-06-13,24,1,50.2196620125,50.2196620125,,Schaefer_2020,,4.0,N,,,,,,
71.2649003883495,-156.5206195631068,2014-07-29,103,1,50.495213581553394,52.03890290194176,,Schaefer_2020,,17.0,N,,,,,,
71.17990045945947,-156.31674275675678,2014-07-04,37,1,54.29552697027026,54.295526970270274,,Schaefer_2020,,8.0,N,,,,,,
71.2349180952381,-156.44876957142858,2014-07-20,63,1,49.9216948293651,49.921694829365094,,Schaefer_2020,,8.0,N,,,,,,
71.24800623076925,-156.48350306410256,2014-07-24,78,1,50.19177812435899,52.755880688461545,,Schaefer_2020,,9.0,N,,,,,,
71.21216822000001,-156.39967024000003,2014-07-14,50,1,48.17144804800001,48.171448047999995,,Schaefer_2020,,19.0,N,,,,,,
71.2725062983871,-156.5408539919355,2014-07-31,124,1,50.53001132943552,50.530011329435474,,Schaefer_2020,,16.0,N,,,,,,
70.60748385714285,-154.96067257142857,2014-01-19,7,1,41.8252002,63.396628771428574,,Schaefer_2020,,2.0,N,,,,,,
71.27679498461539,-156.5491836076923,2014-08-01,130,1,49.09395469538461,49.09395469538462,,Schaefer_2020,,13.0,N,,,,,,
71.26565324242424,-156.52252601010107,2014-07-28,99,1,28.61779193434343,28.61779193434343,,Schaefer_2020,,9.0,N,,,,,,
71.22769153448276,-156.43553065517244,2014-07-18,58,1,31.91912566206895,31.919125662068964,,Schaefer_2020,,40.0,N,,,,,,
71.16687944117648,-156.2926650294118,2014-06-30,34,1,26.192629420588236,26.192629420588236,,Schaefer_2020,,0.0,N,,,,,,
71.26357902020204,-156.51972010101017,2014-07-28,99,1,40.48713435252527,40.48713435252525,,Schaefer_2020,,0.0,N,,,,,,
71.25280602631578,-156.48479285526324,2014-07-23,76,1,42.38082093552633,45.012399882894734,,Schaefer_2020,,12.0,N,,,,,,
71.15285148275862,-156.2350836551724,2014-06-20,29,1,45.331627944827595,51.88335208275863,,Schaefer_2020,,0.0,N,,,,,,
71.26691123469385,-156.51952388775516,2014-07-27,98,1,43.659349168367356,45.21036957653062,,Schaefer_2020,,0.0,N,,,,,,
71.27006528846154,-156.527908375,2014-07-28,104,1,35.20272401826923,36.96233940288461,,Schaefer_2020,,0.0,N,,,,,,
71.26758784693878,-156.5211528163265,2014-07-27,98,1,39.46257110969389,41.013591517857144,,Schaefer_2020,,0.0,N,,,,,,
71.25148915789474,-156.4877452894737,2014-07-23,76,1,39.740007803947385,42.240007803947364,,Schaefer_2020,,0.0,N,,,,,,
71.27365898611107,-156.51094908333337,2014-08-01,144,1,35.67967270104164,36.15189492326389,,Schaefer_2020,,20.0,N,,,,,,
71.06505249999998,-156.01673235000004,2014-05-28,20,1,35.40930406,39.40930406,,Schaefer_2020,,0.0,N,,,,,,
71.27831452760736,-156.5212907484662,2014-08-02,163,1,35.880705302454,36.8132206398773,,Schaefer_2020,,11.0,N,,,,,,
71.30764562962963,-156.5891841851852,2014-08-12,27,1,34.90796272222222,34.90796272222222,,Schaefer_2020,,,,,,,,,
71.23880223188405,-156.42777881159415,2014-07-21,69,1,35.011298184058,36.75042861884059,,Schaefer_2020,,0.0,N,,,,,,
71.30781915306123,-156.5887785,2014-08-12,98,1,34.79729793520407,34.797297935204085,,Schaefer_2020,,,,,,,,,
71.20854461702127,-156.35955259574467,2014-07-10,47,1,38.810878680851076,38.81087868085107,,Schaefer_2020,,9.0,N,,,,,,
70.63995714285714,-155.0444312857143,2014-01-08,7,1,27.822999671428573,34.965856814285715,,Schaefer_2020,,9.0,N,,,,,,
71.25370116279072,-156.4624393604651,2014-07-25,86,1,32.64326403953487,33.329310551162784,,Schaefer_2020,,9.0,N,,,,,,
71.30824733333333,-156.58928466666669,2014-08-12,3,1,39.127066299999996,39.127066299999996,,Schaefer_2020,,,,,,,,,
71.30837115254234,-156.58921188135585,2014-08-12,59,1,36.12798057711865,36.12798057711865,,Schaefer_2020,,,,,,,,,
71.17950845945947,-156.29933840540542,2014-07-02,37,1,32.21401878378379,34.34915391891893,,Schaefer_2020,,0.0,N,,,,,,
71.22034148148147,-156.39135125925927,2014-07-15,54,1,37.923881320370384,39.2572146537037,,Schaefer_2020,,5.0,N,,,,,,
71.23440446875,-156.42188435937499,2014-07-19,64,1,33.78581380781251,34.9108138078125,,Schaefer_2020,,5.0,N,,,,,,
70.77998344444444,-155.40315888888887,2014-02-25,9,1,29.699655755555554,48.58854464444445,,Schaefer_2020,,10.0,N,,,,,,
71.21947156603775,-156.38332437735846,2014-07-14,53,1,36.83307380943396,39.2293002245283,,Schaefer_2020,,0.0,N,,,,,,
71.24688442105263,-156.44511661842105,2014-07-23,76,1,35.557381680263155,37.68896062763158,,Schaefer_2020,,8.0,N,,,,,,
71.23981916176471,-156.4281670882353,2014-07-20,68,1,34.53031805588235,37.221494526470586,,Schaefer_2020,,0.0,N,,,,,,
71.24306022666666,-156.45969541333332,2014-07-23,75,1,36.026296539999976,37.892963206666664,,Schaefer_2020,,57.0,N,,,,,,
71.26103321568628,-156.49379044117643,2014-07-28,102,1,33.856242681372535,35.34643875980392,,Schaefer_2020,,25.0,N,,,,,,
70.95182014285714,-155.9013062142857,2014-04-27,14,1,37.13784286428571,37.13784286428571,,Schaefer_2020,,13.0,N,,,,,,
71.23400286363638,-156.44048636363638,2014-07-20,66,1,34.42129556969697,34.42129556969697,,Schaefer_2020,,41.0,N,,,,,,
71.26836246218484,-156.50664551260502,2014-07-30,119,1,33.43882003025209,34.959828433613445,,Schaefer_2020,,5.0,N,,,,,,
71.26599486607141,-156.50182485714294,2014-07-29,112,1,34.05011798303571,34.05011798303571,,Schaefer_2020,,18.0,N,,,,,,
71.19922262222222,-156.37246619999996,2014-07-09,45,1,37.14964251999999,41.03853140888889,,Schaefer_2020,,16.0,N,,,,,,
71.11654953846154,-156.20197665384615,2014-06-15,26,1,35.901539,41.747692846153846,,Schaefer_2020,,12.0,N,,,,,,
71.25777360638295,-156.48345356382978,2014-07-27,94,1,31.24175146489364,32.90132593297872,,Schaefer_2020,,5.0,N,,,,,,
71.2141417115385,-156.39621603846152,2014-07-14,52,1,30.370412752884622,33.63964352211539,,Schaefer_2020,,11.0,N,,,,,,
71.24431186666669,-156.45690507999996,2014-07-23,75,1,33.89123108133332,33.89123108133333,,Schaefer_2020,,24.0,N,,,,,,
70.80495819999999,-155.5833688,2014-03-15,10,1,40.751860429999994,40.75186043,,Schaefer_2020,,58.0,N,,,,,,
71.20397826086958,-156.37371152173912,2014-07-10,46,1,30.89428288043478,34.089935054347826,,Schaefer_2020,,17.0,N,,,,,,
71.20387969565219,-156.3734704130435,2014-07-10,46,1,36.65131154347828,40.58609415217392,,Schaefer_2020,,3.0,N,,,,,,
71.2494196329114,-156.46512258227847,2014-07-24,79,1,32.30013459113923,34.70519788227846,,Schaefer_2020,,7.0,N,,,,,,
71.25616502272726,-156.4784164431818,2014-07-26,88,1,36.19792725170453,37.78883634261364,,Schaefer_2020,,12.0,N,,,,,,
71.22207792727272,-156.40772698181817,2014-07-15,55,1,38.738050226363626,41.50168658999999,,Schaefer_2020,,0.0,N,,,,,,
71.01890170588236,-155.99448570588237,2014-05-16,17,1,34.955241594117645,44.36700629999999,,Schaefer_2020,,0.0,N,,,,,,
71.24078560869563,-156.44528300000002,2014-07-21,69,1,39.28523491594203,39.285234915942034,,Schaefer_2020,,2.0,N,,,,,,
71.25470805882352,-156.47290842352945,2014-07-25,85,1,31.782806939908497,33.79457164579085,,Schaefer_2020,,6.0,N,,,,,,
71.22762960344834,-156.41734129310345,2014-07-17,58,1,30.75431728275863,33.08190348965516,,Schaefer_2020,,18.0,N,,,,,,
71.24356192857144,-156.45358818571424,2014-07-21,70,1,28.200433209999986,30.28614749571428,,Schaefer_2020,,13.0,N,,,,,,
71.2582407159091,-156.48193504545458,2014-07-26,88,1,33.46555149943181,35.03373331761364,,Schaefer_2020,,5.0,N,,,,,,
71.16051625,-156.28895943750004,2014-06-26,32,1,29.494024690625004,29.494024690624997,,Schaefer_2020,,12.0,N,,,,,,
71.21217435555556,-156.3693141555556,2014-07-09,45,1,28.170199837777773,31.10353317111111,,Schaefer_2020,,8.0,N,,,,,,
71.27179118691589,-156.49915786915892,2014-07-29,107,1,36.9494761714953,37.51022383504673,,Schaefer_2020,,0.0,N,,,,,,
71.1753873030303,-156.288883969697,2014-06-27,33,1,31.97309563030302,37.488247145454544,,Schaefer_2020,,15.0,N,,,,,,
71.21862686274511,-156.38949384313727,2014-07-13,51,1,32.73998797843137,34.54390954705882,,Schaefer_2020,,11.0,N,,,,,,
71.18114863888889,-156.30683416666665,2014-07-01,36,1,34.33204963055557,38.08204963055557,,Schaefer_2020,,0.0,N,,,,,,
71.17761477142857,-156.29857337142855,2014-06-30,35,1,35.56154228285714,38.418685139999994,,Schaefer_2020,,26.0,N,,,,,,
71.09548018181819,-156.12555168181817,2014-06-05,22,1,32.615109181818184,41.02420009090909,,Schaefer_2020,,4.0,N,,,,,,
70.13310349999999,-154.0580745,2013-08-04,4,1,24.803025249999997,43.55302525,,Schaefer_2020,,0.0,N,,,,,,
71.12140348000001,-156.18035007999998,2014-06-13,25,1,33.295155603999994,33.295155603999994,,Schaefer_2020,,33.0,N,,,,,,
71.20972676595743,-156.37918548936165,2014-07-11,47,1,23.364433936170215,27.024008404255323,,Schaefer_2020,,5.0,N,,,,,,
70.63739985714287,-155.14835342857143,2014-01-11,7,1,19.417199557142858,43.41719955714285,,Schaefer_2020,,6.0,N,,,,,,
71.25338412048191,-156.47237137349396,2014-07-25,83,1,28.882694014457837,31.12365786987952,,Schaefer_2020,,5.0,N,,,,,,
71.25942255208336,-156.4766329270834,2014-07-27,96,1,30.994909367708328,33.07824270104167,,Schaefer_2020,,15.0,N,,,,,,
71.25505421590907,-156.4660639318182,2014-07-26,88,1,30.620860871136358,30.62086087113636,,Schaefer_2020,,23.0,N,,,,,,
71.25339105882348,-156.46141881176476,2014-07-25,85,1,30.41423523411765,32.56717641058823,,Schaefer_2020,,10.0,N,,,,,,
70.49720716666666,-154.7096705,2013-12-08,6,1,34.1816667,34.1816667,,Schaefer_2020,,21.0,N,,,,,,
71.20266735555556,-156.34314182222215,2014-07-10,45,1,28.666388877777788,33.11083332222222,,Schaefer_2020,,0.0,N,,,,,,
71.006382875,-155.8879595,2014-05-11,16,1,28.778831106249996,35.028831106249996,,Schaefer_2020,,17.0,N,,,,,,
71.02440182352942,-155.97634705882354,2014-05-17,17,1,27.571670752941177,37.0422589882353,,Schaefer_2020,,10.0,N,,,,,,
71.16826308823529,-156.2856244117647,2014-06-29,34,1,31.642558885294132,31.642558885294125,,Schaefer_2020,,6.0,N,,,,,,
71.20589782608695,-156.36640206521741,2014-07-10,46,1,31.510606726086966,31.510606726086962,,Schaefer_2020,,18.0,N,,,,,,
71.2040281111111,-156.35301597777774,2014-07-10,45,1,31.783982291111105,35.18398229111111,,Schaefer_2020,,9.0,N,,,,,,
70.93798676923078,-155.7577727692308,2014-04-20,13,1,30.114553738461538,40.8837845076923,,Schaefer_2020,,11.0,N,,,,,,
71.2376084477612,-156.42066634328364,2014-07-20,67,1,34.59283111343283,34.59283111343283,,Schaefer_2020,,58.0,N,,,,,,
70.05780200000001,-153.708087,2013-08-08,4,1,49.175499925,49.175499925,,Schaefer_2020,,42.0,N,,,,,,
71.21454701923078,-156.3603266923077,2014-07-14,52,1,33.34546530384614,33.345465303846154,,Schaefer_2020,,5.0,N,,,,,,
71.2216065,-156.37573808928573,2014-07-16,56,1,42.292275225000004,42.29227522499999,,Schaefer_2020,,14.0,N,,,,,,
71.14430319999998,-156.19761316666663,2014-06-23,30,1,44.628346503333326,44.628346503333326,,Schaefer_2020,,6.0,N,,,,,,
71.08396213636364,-156.05722231818183,2014-06-05,22,1,48.63899629545453,48.72990538636363,,Schaefer_2020,,41.0,N,,,,,,
71.12652248148149,-156.15319566666665,2014-06-18,27,1,49.17880701851852,49.17880701851851,,Schaefer_2020,,40.0,N,,,,,,
71.21790311320754,-156.36315705660385,2014-07-15,53,1,49.114830232075505,49.1148302320755,,Schaefer_2020,,15.0,N,,,,,,
71.04413105555554,-155.98453688888895,2014-05-22,18,1,47.57772763888889,54.52217208333334,,Schaefer_2020,,4.0,N,,,,,,
71.02869205882355,-155.95028570588235,2014-05-17,17,1,45.284510241176484,54.2256867117647,,Schaefer_2020,,14.0,N,,,,,,
71.21190149999998,-156.35701489583334,2014-07-12,48,1,49.60962502604167,49.60962502604167,,Schaefer_2020,,13.0,N,,,,,,
71.05868652631578,-156.01699531578947,2014-05-26,19,1,47.418877842105246,54.20835152631578,,Schaefer_2020,,12.0,N,,,,,,
71.24316694117647,-156.41401027941168,2014-07-21,68,1,47.49111192058823,47.49111192058823,,Schaefer_2020,,19.0,N,,,,,,
71.25808976744187,-156.45141577906978,2014-07-25,86,1,42.078882444186064,44.462603374418606,,Schaefer_2020,,7.0,N,,,,,,
71.24178829850746,-156.41286774626866,2014-07-21,67,1,45.18373546268659,48.16881008955224,,Schaefer_2020,,0.0,N,,,,,,
71.194686775,-156.30024665000002,2014-07-06,40,1,37.55928758750001,37.5592875875,,Schaefer_2020,,5.0,N,,,,,,
71.25870425287357,-156.4534733563219,2014-07-26,87,1,36.6386583402299,36.63865834022988,,Schaefer_2020,,16.0,N,,,,,,
71.1735562647059,-156.25264929411765,2014-06-29,34,1,42.76484086470589,42.88248792352941,,Schaefer_2020,,26.0,N,,,,,,
71.25166277333338,-156.4295421333333,2014-07-23,75,1,36.811431025333334,36.811431025333334,,Schaefer_2020,,5.0,N,,,,,,
71.25397087179489,-156.43482887179488,2014-07-24,78,1,35.89127772371796,37.55794439038462,,Schaefer_2020,,5.0,N,,,,,,
71.15843853333331,-156.19232653333333,2014-06-24,30,1,48.68184330999999,48.68184330999999,,Schaefer_2020,,15.0,N,,,,,,
71.23367334482758,-156.3850050689655,2014-07-17,58,1,48.47728821379308,48.4772882137931,,Schaefer_2020,,0.0,N,,,,,,
71.21261865217393,-156.33130913043476,2014-07-11,46,1,43.824554113043476,45.52020628695653,,Schaefer_2020,,0.0,N,,,,,,
71.1886425,-156.31194023684208,2014-07-04,38,1,48.049107800000016,48.0491078,,Schaefer_2020,,0.0,N,,,,,,
71.22569548148148,-156.39380124074071,2014-07-15,54,1,46.0130904851852,48.05012752222224,,Schaefer_2020,,21.0,N,,,,,,
71.25824849411764,-156.46548083529416,2014-07-25,85,1,46.26706805411765,46.267068054117644,,Schaefer_2020,,41.0,N,,,,,,
71.26556584536083,-156.4816809896907,2014-07-27,97,1,34.69536139381442,34.69536139381443,,Schaefer_2020,,13.0,N,,,,,,
71.27317929565217,-156.49798185217387,2014-07-30,115,1,45.57305568760869,47.05131655717392,,Schaefer_2020,,0.0,N,,,,,,
71.16891828125001,-156.23689662499999,2014-06-27,32,1,33.949562362500004,33.9495623625,,Schaefer_2020,,14.0,N,,,,,,
71.2756266722689,-156.49562905042012,2014-07-30,119,1,29.798306291176466,31.47897856008403,,Schaefer_2020,,0.0,N,,,,,,
71.03970611764707,-155.92245394117646,2014-05-18,17,1,38.06501758823529,38.0650175882353,,Schaefer_2020,,0.0,N,,,,,,
71.21980891836735,-156.36073600000003,2014-07-13,49,1,29.71139791020408,29.711397910204084,,Schaefer_2020,,0.0,N,,,,,,
71.20767949999998,-156.35235363636363,2014-07-09,44,1,28.65571130681818,32.45116585227273,,Schaefer_2020,,0.0,N,,,,,,
71.24980756944444,-156.446409625,2014-07-22,72,1,26.20737203749999,28.74903870416667,,Schaefer_2020,,0.0,N,,,,,,
71.23697671666666,-156.41762586666667,2014-07-18,60,1,28.886251608333325,31.51958494166667,,Schaefer_2020,,0.0,N,,,,,,
71.17662623529412,-156.2827669117647,2014-06-30,34,1,29.24410897941177,34.626461920588234,,Schaefer_2020,,0.0,N,,,,,,
71.24501415151515,-156.43384666666677,2014-07-20,66,1,32.91337862424243,32.913378624242426,,Schaefer_2020,,0.0,N,,,,,,
71.23097394545454,-156.44552898181817,2014-07-16,55,1,38.480756656363624,38.48075665636363,,Schaefer_2020,,15.0,N,,,,,,
71.26479403296703,-156.5208852747253,2014-07-26,91,1,44.62205614285715,44.62205614285714,,Schaefer_2020,,0.0,N,,,,,,
71.23562968965517,-156.45400743103446,2014-07-17,58,1,32.398896489655165,35.554068903448275,,Schaefer_2020,,0.0,N,,,,,,
71.26799948453608,-156.48550902061857,2014-07-27,97,1,35.726252681443306,37.57161350618557,,Schaefer_2020,,0.0,N,,,,,,
71.19290739473686,-156.35211431578946,2014-07-04,38,1,40.591789305263156,40.59178930526315,,Schaefer_2020,,6.0,N,,,,,,
71.27349749541287,-156.5368092201835,2014-07-29,109,1,43.333767884403684,43.333767884403656,,Schaefer_2020,,11.0,N,,,,,,
71.13603176923077,-156.2199411153846,2014-06-16,26,1,56.81735757692309,56.81735757692307,,Schaefer_2020,,0.0,N,,,,,,
71.24433783076924,-156.4290653538462,2014-07-20,65,1,32.70964484307691,32.70964484307692,,Schaefer_2020,,5.0,N,,,,,,
71.2456656969697,-156.4710376060606,2014-07-20,66,1,51.984743022727265,51.98474302272727,,Schaefer_2020,,12.0,N,,,,,,
71.25273593150686,-156.484614890411,2014-07-23,73,1,51.34610946849315,51.34610946849315,,Schaefer_2020,,7.0,N,,,,,,
71.1867786388889,-156.2927066944444,2014-07-02,36,1,35.99196406944444,35.99196406944445,,Schaefer_2020,,8.0,N,,,,,,
71.23739971186441,-156.41024306779656,2014-07-18,59,1,31.394904996610162,34.61524397966102,,Schaefer_2020,,0.0,N,,,,,,
71.1749633939394,-156.30236751515153,2014-06-28,33,1,50.414294048484834,50.41429404848484,,Schaefer_2020,,5.0,N,,,,,,
71.31715403478259,-156.63329188695656,2014-08-12,115,1,55.480673253043555,55.480673253043484,,Schaefer_2020,,,,,,,,,
71.24501227692306,-156.4286548307692,2014-07-20,65,1,34.79916334615385,34.79916334615385,,Schaefer_2020,,6.0,N,,,,,,
71.25088897183099,-156.44176866197176,2014-07-22,71,1,39.61962818169015,39.619628181690146,,Schaefer_2020,,0.0,N,,,,,,
69.74687733333333,-152.89118,2013-04-13,3,1,35.3061002,101.97276686666667,,Schaefer_2020,,0.0,N,,,,,,
71.28370409285715,-156.5524574357143,2014-08-01,140,1,51.5790125632143,51.579012563214285,,Schaefer_2020,,9.0,N,,,,,,
71.31750922222221,-156.63197655555555,2014-08-12,18,1,30.253588894444444,30.253588894444444,,Schaefer_2020,,,,,,,,,
71.31745550793653,-156.59773696825397,2014-08-12,63,1,30.39649238571428,30.396492385714286,,Schaefer_2020,,,,,,,,,
71.31731153968254,-156.5969993650794,2014-08-12,63,1,28.7558350015873,28.7558350015873,,Schaefer_2020,,,,,,,,,
71.31727833333333,-156.59653925,2014-08-12,24,1,34.41419545833333,34.41419545833333,,Schaefer_2020,,,,,,,,,
71.27350361320754,-156.51980399056598,2014-07-29,106,1,43.68618201792454,43.68618201792453,,Schaefer_2020,,0.0,N,,,,,,
71.2203196875,-156.38428866666666,2014-07-12,48,1,43.73173117708333,43.73173117708333,,Schaefer_2020,,0.0,N,,,,,,
71.23553970175438,-156.3913555263158,2014-07-17,57,1,35.17986334912279,35.179863349122805,,Schaefer_2020,,2.0,N,,,,,,
71.23240847272729,-156.3835972545455,2014-07-16,55,1,38.63011628045455,38.63011628045455,,Schaefer_2020,,0.0,N,,,,,,
71.26950614432988,-156.50891747422685,2014-07-28,97,1,41.65428053969072,41.654280539690724,,Schaefer_2020,,7.0,N,,,,,,
71.25634073684209,-156.4745875131579,2014-07-23,76,1,43.426829134210536,45.26893439736842,,Schaefer_2020,,0.0,N,,,,,,
71.26667195555555,-156.46662985555554,2014-07-26,90,1,30.75664217777779,30.756642177777778,,Schaefer_2020,,0.0,N,,,,,,
71.23104713207547,-156.4049202264151,2014-07-15,53,1,47.37977729811321,47.379777298113204,,Schaefer_2020,,0.0,N,,,,,,
71.26748717582419,-156.49852805494507,2014-07-27,91,1,46.80489668461541,46.804896684615386,,Schaefer_2020,,0.0,N,,,,,,
70.16666775,-153.64495725,2013-08-13,4,1,65.43432475,65.43432475,,Schaefer_2020,,16.0,N,,,,,,
71.264462,-156.46598333333327,2014-07-26,87,1,32.53888483908045,34.49290782758621,,Schaefer_2020,,0.0,N,,,,,,
69.75760500000001,-152.72621133333334,2013-04-14,3,1,22.948566433333337,73.94856643333334,,Schaefer_2020,,0.0,N,,,,,,
71.11482134782611,-156.12223899999998,2014-06-09,23,1,41.25343971304347,43.42735275652173,,Schaefer_2020,,0.0,N,,,,,,
71.28526822695036,-156.54602590070917,2014-08-01,141,1,48.17898629751773,48.17898629751773,,Schaefer_2020,,0.0,N,,,,,,
71.1453344074074,-156.19574177777776,2014-06-19,27,1,50.633284837037046,50.633284837037046,,Schaefer_2020,,0.0,N,,,,,,
71.27063398979593,-156.48203564285714,2014-07-28,98,1,33.12538073061225,34.67640113877551,,Schaefer_2020,,0.0,N,,,,,,
71.28661902054793,-156.54769559589042,2014-08-02,146,1,46.430898914840185,47.47199480525115,,Schaefer_2020,,0.0,N,,,,,,
71.25496704109592,-156.46819547945202,2014-07-23,73,1,43.95856052191781,46.040752302739726,,Schaefer_2020,,0.0,N,,,,,,
71.27986641666665,-156.50602063333335,2014-07-30,120,1,32.61153859097224,34.236538590972216,,Schaefer_2020,,0.0,N,,,,,,
70.54092883333334,-154.69830449999998,2013-12-13,6,1,42.96341641666666,42.96341641666666,,Schaefer_2020,,12.0,N,,,,,,
71.23983574576273,-156.43236413559322,2014-07-18,59,1,43.760825203389835,43.76082520338983,,Schaefer_2020,,0.0,N,,,,,,
71.26858769892472,-156.49976207526882,2014-07-27,93,1,48.177576091397796,49.811984693548396,,Schaefer_2020,,0.0,N,,,,,,
71.00542686666667,-155.8229232,2014-05-07,15,1,34.896113199999995,34.896113199999995,,Schaefer_2020,,3.0,N,,,,,,
71.2163310638298,-156.35978953191488,2014-07-10,47,1,34.27473214468086,34.70026405957447,,Schaefer_2020,,2.0,N,,,,,,
71.22457984313728,-156.4020619607843,2014-07-13,51,1,39.43585893823528,43.35742756568628,,Schaefer_2020,,15.0,N,,,,,,
71.28069536000001,-156.53366456800003,2014-07-30,125,1,44.28015948360003,45.080159483600006,,Schaefer_2020,,0.0,N,,,,,,
70.723339375,-155.22857000000002,2014-02-04,8,1,48.23552513749999,48.235525137500005,,Schaefer_2020,,10.0,N,,,,,,
71.24811037313431,-156.435527477612,2014-07-20,67,1,36.37980336268655,36.37980336268656,,Schaefer_2020,,15.0,N,,,,,,
71.28368130075188,-156.5400972781955,2014-07-31,133,1,45.367712848872166,45.36771284887218,,Schaefer_2020,,12.0,N,,,,,,
71.2088293023256,-156.36401060465116,2014-07-07,43,1,45.556358434883734,45.556358434883734,,Schaefer_2020,,7.0,N,,,,,,
71.10301340909092,-156.09572272727272,2014-06-04,22,1,27.592041086363643,31.45567745,,Schaefer_2020,,0.0,N,,,,,,
71.27449962385323,-156.52077752293576,2014-07-29,109,1,46.83424048532116,48.66910287064221,,Schaefer_2020,,0.0,N,,,,,,
71.22816266666666,-156.41016137254906,2014-07-13,51,1,50.83888797450981,50.83888797450981,,Schaefer_2020,,3.0,N,,,,,,
71.1862955142857,-156.29322991428566,2014-06-29,35,1,27.462808497142856,33.177094211428575,,Schaefer_2020,,5.0,N,,,,,,
71.26690617045455,-156.49908048863634,2014-07-25,88,1,49.050475075000016,49.050475075,,Schaefer_2020,,12.0,N,,,,,,
71.23815636206896,-156.43509681034487,2014-07-17,58,1,46.31322104482759,48.38218656206897,,Schaefer_2020,,5.0,N,,,,,,
71.19820425641025,-156.32580082051285,2014-07-04,39,1,31.038548535897437,36.16675366410256,,Schaefer_2020,,4.0,N,,,,,,
70.64096442857144,-155.0589065714286,2014-01-08,7,1,51.75548554285714,51.75548554285714,,Schaefer_2020,,0.0,N,,,,,,
71.25011577380954,-156.48097929761911,2014-07-29,84,1,45.926953691071496,47.97457273869048,,Schaefer_2020,,28.0,N,,,,,,
71.26855247826089,-156.49313004347832,2014-07-30,92,1,45.64468562173913,45.64468562173913,,Schaefer_2020,,35.0,N,,,,,,
70.66570611111109,-155.2953427777778,2014-04-06,9,1,31.58251083333333,31.58251083333333,,Schaefer_2020,,30.0,N,,,,,,
71.21874001724136,-156.4001352758621,2014-07-23,58,1,30.98539852241378,32.27850197068965,,Schaefer_2020,,9.0,N,,,,,,
71.1925335652174,-156.36299404347827,2014-07-18,46,1,45.204558544565245,46.07412376195653,,Schaefer_2020,,16.0,Y,,,,,,
71.2579849680851,-156.49401623404256,2014-07-30,94,1,45.87956010425536,45.87956010425533,,Schaefer_2020,,14.0,N,,,,,,
70.9281128,-155.81632026666662,2014-05-27,15,1,33.231872679999995,33.231872679999995,,Schaefer_2020,,45.0,N,,,,,,
71.08504179999998,-156.12919004,2014-06-27,25,1,26.292404112,26.372404111999998,,Schaefer_2020,,23.0,N,,,,,,
70.66635177777778,-155.2985932222222,2014-04-06,9,1,47.287688788888886,49.287688788888886,,Schaefer_2020,,27.0,N,,,,,,
71.2366492857143,-156.45062972857144,2014-07-28,70,1,51.735029937142855,52.76360136571428,,Schaefer_2020,,7.0,Y,,,,,,
70.47968285714286,-154.917901,2014-03-01,7,1,67.0,67.0,,Schaefer_2020,,33.0,N,,,,,,
70.78577845454544,-155.52500581818182,2014-05-11,11,1,37.71660960909091,41.807518699999996,,Schaefer_2020,,13.0,N,,,,,,
71.26324196078431,-156.4889560098039,2014-07-31,102,1,29.057307895098038,29.74358240490196,,Schaefer_2020,,13.0,N,,,,,,
71.2365251971831,-156.44617845070425,2014-07-27,71,1,27.85075216619717,28.52680850422535,,Schaefer_2020,,8.0,Y,,,,,,
71.15007894285714,-156.29619342857146,2014-07-10,35,1,52.97149984857143,57.314356991428575,,Schaefer_2020,,13.0,N,,,,,,
71.08556068,-156.13878576000002,2014-06-27,25,1,40.135688015999996,42.335688016000006,,Schaefer_2020,,10.0,Y,,,,,,
71.24840206172837,-156.4587983333333,2014-07-28,81,1,28.982363055555563,29.78483219135803,,Schaefer_2020,,12.0,Y,,,,,,
71.25805774193546,-156.4885641612903,2014-07-30,93,1,37.15867764516127,37.6102905483871,,Schaefer_2020,,30.0,Y,,,,,,
70.99416738888891,-155.95239750000002,2014-06-09,18,1,37.20298916666666,37.20298916666667,,Schaefer_2020,,52.0,N,,,,,,
71.2750382519685,-156.51305599212594,2014-08-03,127,1,28.235703654330724,28.235703654330713,,Schaefer_2020,,37.0,N,,,,,,
71.22174822033897,-156.41405971186444,2014-07-23,59,1,36.094209350847464,36.09420935084746,,Schaefer_2020,,19.0,N,,,,,,
71.17104512499999,-156.350203425,2014-07-14,40,1,34.002165045000005,35.502165045000005,,Schaefer_2020,,6.0,N,,,,,,
71.22758001562502,-156.44686001562505,2014-07-25,64,1,33.6840174140625,34.6215174140625,,Schaefer_2020,,3.0,Y,,,,,,
71.24240930263159,-156.4715658026317,2014-07-28,76,1,28.922247188157897,28.922247188157897,,Schaefer_2020,,24.0,N,,,,,,
71.20118006000003,-156.40005390000002,2014-07-20,50,1,26.915179658000014,26.915179658000003,,Schaefer_2020,,19.0,N,,,,,,
71.23838754166664,-156.47129213888886,2014-07-27,72,1,34.05376945694442,34.63710279027779,,Schaefer_2020,,11.0,Y,,,,,,
69.31576066666666,-153.155956,2013-07-30,3,1,44.79640069999999,44.79640069999999,,Schaefer_2020,,23.0,N,,,,,,
71.25434673033706,-156.48212778651688,2014-07-30,89,1,34.64244627752808,35.09188447977528,,Schaefer_2020,,18.0,Y,,,,,,
70.77402554545453,-155.57045209090907,2014-05-01,11,1,28.121190872727276,28.121190872727276,,Schaefer_2020,,18.0,N,,,,,,
71.25943508333333,-156.49562482291662,2014-07-31,96,1,39.102056386458315,39.10205638645834,,Schaefer_2020,,26.0,N,,,,,,
71.22968986153845,-156.43861492307693,2014-07-25,65,1,37.74669066615384,38.669767589230766,,Schaefer_2020,,12.0,N,,,,,,
71.06018600000002,-156.11698139130436,2014-06-23,23,1,31.41786973043478,33.80917407826087,,Schaefer_2020,,13.0,Y,,,,,,
69.80990575,-153.751867,2013-11-01,4,1,32.739974975,33.239974975,,Schaefer_2020,,40.0,N,,,,,,
71.16345613157895,-156.30591494736842,2014-07-13,38,1,32.74474982631579,34.32369719473684,,Schaefer_2020,,26.0,Y,,,,,,
70.1080836,-154.25781568,2013-03-10,5,1,64.95,64.95,,Schaefer_2020,,30.0,N,,,,,,
71.26525206818181,-156.48045137500006,2014-07-31,88,1,35.002811302272725,35.68462948409091,,Schaefer_2020,,30.0,Y,,,,,,
71.20256790196078,-156.3936316666666,2014-07-20,51,1,34.810130900000004,35.692483841176475,,Schaefer_2020,,13.0,Y,,,,,,
69.27796766666665,-152.88092543333332,2012-11-28,3,1,34.166666666666664,55.833333333333336,,Schaefer_2020,,12.0,Y,,,,,,
70.660757,-155.31505433333328,2014-04-08,9,1,38.83853361111111,38.83853361111111,,Schaefer_2020,,7.0,N,,,,,,
71.1620068918919,-156.2973313243243,2014-07-12,37,1,33.36754356756757,33.367543567567566,,Schaefer_2020,,26.0,N,,,,,,
69.84378075,-153.777346325,2013-02-01,4,1,47.125,47.125,,Schaefer_2020,,19.0,N,,,,,,
69.8437425,-153.7760161,2013-02-01,4,1,54.1875,54.1875,,Schaefer_2020,,13.0,N,,,,,,
69.80443025,-153.75257044999998,2013-02-01,4,1,49.125,49.125,,Schaefer_2020,,60.0,N,,,,,,
71.20549144230769,-156.39158659615384,2014-07-21,52,1,30.350799938461527,30.35079993846153,,Schaefer_2020,,29.0,N,,,,,,
69.8330965,-153.540980225,2013-02-01,4,1,40.875,56.375,,Schaefer_2020,,34.0,Y,,,,,,
70.13075160000001,-154.154272,2013-12-29,5,1,23.4492798,33.4492798,,Schaefer_2020,,19.0,Y,,,,,,
71.19380878000001,-156.35072,2014-07-20,50,1,29.89091987800001,29.890919878,,Schaefer_2020,,28.0,N,,,,,,
69.82552675,-153.52319350000002,2013-11-03,4,1,32.235899475,32.235899475,,Schaefer_2020,,42.0,N,,,,,,
71.15612131578946,-156.2726684736842,2014-07-13,38,1,28.944215376315785,28.944215376315785,,Schaefer_2020,,20.0,N,,,,,,
71.2123661016949,-156.39357588135596,2014-07-23,59,1,31.175162681355943,31.870077935593226,,Schaefer_2020,,10.0,Y,,,,,,
71.21903255555556,-156.40672626984127,2014-07-25,63,1,31.276966630158736,31.78490313809524,,Schaefer_2020,,10.0,Y,,,,,,
71.22997866197186,-156.42872547887325,2014-07-27,71,1,29.90662950704226,29.906629507042243,,Schaefer_2020,,16.0,N,,,,,,
71.05493173913042,-156.07570904347827,2014-06-28,23,1,32.39286953043478,32.39286953043479,,Schaefer_2020,,48.0,N,,,,,,
71.14866588888889,-156.26502527777777,2014-07-11,36,1,28.65381097777778,28.65381097777778,,Schaefer_2020,,38.0,N,,,,,,
71.05703543478258,-156.0843512608696,2014-06-24,23,1,38.90752194782608,45.42926107826087,,Schaefer_2020,,5.0,N,,,,,,
71.2536159893617,-156.48377485106377,2014-07-31,94,1,42.07032768297873,42.868200023404256,,Schaefer_2020,,29.0,Y,,,,,,
71.22713825757569,-156.4311918787879,2014-07-25,66,1,41.26016831212122,42.22986528181819,,Schaefer_2020,,30.0,Y,,,,,,
71.19123272340427,-156.3599683191489,2014-07-19,47,1,35.89585112553192,35.89585112553192,,Schaefer_2020,,28.0,N,,,,,,
70.64543222222224,-155.32539044444445,2014-04-21,9,1,33.46288340555555,33.46288340555556,,Schaefer_2020,,59.0,N,,,,,,
71.26768575,-156.51688170192307,2014-08-02,104,1,47.469366528846145,47.46936652884615,,Schaefer_2020,,50.0,N,,,,,,
71.25143877659575,-156.51132669148936,2014-07-31,94,1,46.63359922234044,46.63359922234042,,Schaefer_2020,,38.0,N,,,,,,
71.24541404651167,-156.49978325581398,2014-07-30,86,1,45.9608557534884,46.89108831162791,,Schaefer_2020,,10.0,N,,,,,,
71.24855177777778,-156.50467229999998,2014-07-30,90,1,46.634431421111124,47.07887586555556,,Schaefer_2020,,5.0,Y,,,,,,
71.25707357281553,-156.5191458252428,2014-08-01,103,1,47.79137483398061,47.791374833980576,,Schaefer_2020,,34.0,N,,,,,,
71.23285657534252,-156.47524312328767,2014-07-29,73,1,35.78201118082191,36.53543583835616,,Schaefer_2020,,8.0,Y,,,,,,
71.24292450000002,-156.47673916666665,2014-07-29,84,1,30.077750254761902,30.077750254761902,,Schaefer_2020,,70.0,N,,,,,,
71.21859652380948,-156.4274728730159,2014-07-25,63,1,41.072400228571425,41.072400228571425,,Schaefer_2020,,30.0,N,,,,,,
71.2296784507042,-156.448461084507,2014-07-27,71,1,44.46595108169016,46.60679615211268,,Schaefer_2020,,23.0,N,,,,,,
71.2463847727272,-156.48091389772728,2014-07-30,88,1,47.58505457386363,48.630509119318184,,Schaefer_2020,,9.0,Y,,,,,,
71.25478839999995,-156.49683389,2014-07-31,100,1,48.33750686999995,49.28750686999998,,Schaefer_2020,,6.0,N,,,,,,
71.26218983333334,-156.51722175925923,2014-08-01,108,1,49.45874955277774,49.79208288611109,,Schaefer_2020,,3.0,Y,,,,,,
71.31609874509802,-156.6176030588236,2014-08-12,102,1,51.58511091078431,51.585110910784316,,Schaefer_2020,,,,,,,,,
71.2583292772277,-156.50857797029704,2014-07-31,101,1,49.6845083717822,50.179557876732694,,Schaefer_2020,,3.0,Y,,,,,,
71.31601830927838,-156.61583886597936,2014-08-12,97,1,47.62238347216493,47.622383472164934,,Schaefer_2020,,,,,,,,,
71.26798079508197,-156.5255512868853,2014-08-02,122,1,47.62880791926229,47.997660378278695,,Schaefer_2020,,3.0,Y,,,,,,
71.22153621875,-156.43645512500004,2014-07-27,64,1,48.62976867187503,48.629768671875,,Schaefer_2020,,6.0,N,,,,,,
69.34057633333333,-152.49424133333332,2013-08-06,3,1,30.117399833333334,80.45073316666667,,Schaefer_2020,,0.0,N,,,,,,
71.25170347826086,-156.47329931521733,2014-07-30,92,1,44.79106874021737,46.432373088043484,,Schaefer_2020,,10.0,N,,,,,,
71.2561193838384,-156.48189882828282,2014-07-31,99,1,40.879548544865315,42.40480107011784,,Schaefer_2020,,3.0,N,,,,,,
71.27028117829458,-156.5318686046512,2014-08-03,129,1,46.62940161976746,46.62940161976744,,Schaefer_2020,,22.0,N,,,,,,
71.04586486363635,-156.05270436363637,2014-06-22,22,1,50.00756384090908,50.00756384090909,,Schaefer_2020,,40.0,N,,,,,,
71.25091407692307,-156.477732989011,2014-07-30,91,1,46.1917945967033,47.862124267032975,,Schaefer_2020,,1.0,N,,,,,,
71.26707833333334,-156.52031661788612,2014-08-02,123,1,47.381593259349586,47.38159325934959,,Schaefer_2020,,44.0,N,,,,,,
71.18757393617021,-156.37058906382978,2014-07-19,47,1,45.375117736170225,48.58788369361702,,Schaefer_2020,,6.0,N,,,,,,
71.13297069696968,-156.26499784848485,2014-07-09,33,1,37.076581439393934,41.65233901515151,,Schaefer_2020,,28.0,N,,,,,,
71.26580908333334,-156.513714625,2014-08-02,120,1,44.584171809999994,45.842505143333334,,Schaefer_2020,,3.0,N,,,,,,
71.25997236448599,-156.5211493551402,2014-08-01,107,1,47.09945542990655,48.520016177570085,,Schaefer_2020,,4.0,N,,,,,,
71.25227459574472,-156.50575671276587,2014-07-31,94,1,49.026102432978725,50.63248541170213,,Schaefer_2020,,8.0,N,,,,,,
71.25184842391305,-156.5034348369565,2014-07-30,92,1,49.27499456195652,49.851081518478246,,Schaefer_2020,,3.0,Y,,,,,,
71.24118279746838,-156.46879016455696,2014-07-28,79,1,45.57675069873417,46.310927913924054,,Schaefer_2020,,7.0,Y,,,,,,
71.25198411956522,-156.48865793478262,2014-07-30,92,1,45.099486032065236,46.740790379891315,,Schaefer_2020,,15.0,N,,,,,,
71.25590209183672,-156.49522460204082,2014-07-31,98,1,43.372553221428575,44.91336954795918,,Schaefer_2020,,16.0,N,,,,,,
71.21736805,-156.4216993666667,2014-07-24,60,1,41.33013980166667,42.030139801666664,,Schaefer_2020,,3.0,Y,,,,,,
71.12490819354839,-156.26324796774196,2014-07-07,31,1,48.33541303763442,49.39992916666667,,Schaefer_2020,,10.0,Y,,,,,,
71.13580209090908,-156.28116681818184,2014-07-09,33,1,46.9235638818182,49.46901842727273,,Schaefer_2020,,12.0,Y,,,,,,
71.26338079130434,-156.52776379130432,2014-08-02,115,1,45.76761726695654,45.76761726695652,,Schaefer_2020,,6.0,N,,,,,,
71.17751731818181,-156.3701930681818,2014-07-17,44,1,39.48966794886364,39.48966794886364,,Schaefer_2020,,20.0,N,,,,,,
71.26761742741934,-156.53399788709672,2014-08-03,124,1,47.64571027862907,47.645710278629025,,Schaefer_2020,,36.0,N,,,,,,
71.22031863492062,-156.4449296666666,2014-07-25,63,1,48.605265415873006,51.0020908126984,,Schaefer_2020,,11.0,N,,,,,,
71.2472336321839,-156.49402977011496,2014-07-30,87,1,50.55610805402299,52.291740237931016,,Schaefer_2020,,3.0,N,,,,,,
71.2671071322314,-156.53004502479334,2014-08-02,121,1,52.793231151239645,53.06595842396695,,Schaefer_2020,,22.0,N,,,,,,
71.21920648387098,-156.44084293548386,2014-07-25,62,1,50.06643854516131,52.518051448387105,,Schaefer_2020,,0.0,N,,,,,,
71.31788621367521,-156.6226228888888,2014-08-12,117,1,45.64888880683762,45.64888880683761,,Schaefer_2020,,,,,,,,,
71.31810195081965,-156.62234945901642,2014-08-12,61,1,47.14871490983605,47.14871490983606,,Schaefer_2020,,,,,,,,,
71.21503289285714,-156.4224704642858,2014-07-23,56,1,44.116458823214295,44.11645882321428,,Schaefer_2020,,10.0,N,,,,,,
71.27562534814817,-156.53887433333333,2014-08-03,135,1,44.12731715703703,44.127317157037034,,Schaefer_2020,,16.0,N,,,,,,
70.49298885714286,-155.02471642857145,2014-03-06,7,1,41.59435707142857,41.59435707142857,,Schaefer_2020,,14.0,N,,,,,,
71.26798737719297,-156.52309568421055,2014-08-02,114,1,40.0232640008772,40.16361487807018,,Schaefer_2020,,1.0,Y,,,,,,
71.21195774074073,-156.4138644814815,2014-07-22,54,1,46.96288730555557,46.96288730555556,,Schaefer_2020,,32.0,N,,,,,,
71.22278510000001,-156.43439640000003,2014-07-24,60,1,45.56316668000003,48.09650001333334,,Schaefer_2020,,2.0,N,,,,,,
71.2642526857143,-156.51374908571424,2014-08-01,105,1,47.12386115619048,47.561956394285716,,Schaefer_2020,,13.0,Y,,,,,,
71.27022340983606,-156.5296762704918,2014-08-02,122,1,46.48648787090167,46.90452065778688,,Schaefer_2020,,8.0,Y,,,,,,
71.24061060526316,-156.47502768421052,2014-07-28,76,1,47.15128557105261,47.84865399210526,,Schaefer_2020,,8.0,Y,,,,,,
71.22124152459017,-156.4392776721311,2014-07-24,61,1,52.792368460655766,52.792368460655744,,Schaefer_2020,,10.0,N,,,,,,
71.26481601834863,-156.51843653211012,2014-08-01,109,1,49.88287396788992,51.26819506880734,,Schaefer_2020,,18.0,N,,,,,,
71.17694023809524,-156.35730114285712,2014-07-16,42,1,47.89141190714286,48.67712619285715,,Schaefer_2020,,10.0,Y,,,,,,
71.22326266129032,-156.44187367741935,2014-07-25,62,1,47.80824366129033,47.808243661290334,,Schaefer_2020,,23.0,N,,,,,,
71.12804965625,-156.2970095,2014-07-08,32,1,38.334718809375,38.334718809375005,,Schaefer_2020,,33.0,N,,,,,,
71.27852665000003,-156.57149782499997,2014-08-05,160,1,30.991081306875014,30.991081306875003,,Schaefer_2020,,21.0,N,,,,,,
71.07707936842105,-156.0695544736842,2014-06-15,19,1,39.03173668421052,39.03173668421052,,Schaefer_2020,,4.0,N,,,,,,
71.2177614883721,-156.36113748837204,2014-07-17,43,1,25.642555816279074,29.898369769767438,,Schaefer_2020,,2.0,N,,,,,,
62.852790000000006,-126.587834,2012-04-16,3,1,40.46666666666667,92.8,,Schaefer_2020,,52.0,N,,,,,,
62.87002633333333,-126.82079666666668,2012-04-14,3,1,91.33333333333333,91.33333333333333,,Schaefer_2020,,14.0,N,,,,,,
62.908132,-126.43012900000001,2012-04-03,3,1,78.72222222333333,78.72222222333333,,Schaefer_2020,,18.0,N,,,,,,
62.914009,-126.28620066666667,2012-04-21,3,1,64.66666666666667,94.66666666666667,,Schaefer_2020,,4.0,N,,,,,,
63.35439466666667,-126.260869,2012-12-11,3,1,66.66666666666667,90.66666666666667,,Schaefer_2020,,52.0,N,,,,,,
63.35441900000001,-126.25954733333333,2012-12-11,3,1,49.346666666666664,100.01333333333332,,Schaefer_2020,,15.0,N,,,,,,
63.41685266666667,-126.099036,2012-12-11,3,1,44.666666666666664,75.33333333333333,,Schaefer_2020,,19.0,N,,,,,,
63.424219333333326,-126.45454933333333,2012-12-11,3,1,44.666666666666664,95.33333333333333,,Schaefer_2020,,0.0,N,,,,,,
63.596826666666665,-126.13646899999999,2012-12-11,3,1,85.11111111333332,85.11111111333332,,Schaefer_2020,,22.0,N,,,,,,
63.59718333333334,-126.13794333333333,2012-12-11,3,1,130.8888889,130.8888889,,Schaefer_2020,,14.0,N,,,,,,
63.82188333333334,-123.98091400000003,2012-12-11,3,1,66.5,66.5,,Schaefer_2020,,31.0,N,,,,,,
63.83414566666667,-124.03655466666665,2012-12-10,3,1,82.61111111000001,82.61111111000001,,Schaefer_2020,,12.0,N,,,,,,
63.985014666666665,-123.800052,2012-12-11,3,1,63.666666666666664,63.666666666666664,,Schaefer_2020,,21.0,N,,,,,,
63.986048000000004,-123.79759666666666,2012-12-11,3,1,94.55555555666666,94.55555555666666,,Schaefer_2020,,22.0,N,,,,,,
63.99235266666667,-123.77322066666666,2012-12-11,3,1,63.94444444333334,63.94444444333334,,Schaefer_2020,,19.0,N,,,,,,
63.99225466666667,-123.76300266666665,2013-01-06,3,1,28.0,79.33333333333333,,Schaefer_2020,,38.0,N,,,,,,
63.99363666666667,-123.82253933333332,2012-12-11,3,1,66.88888888999999,66.88888888999999,,Schaefer_2020,,24.0,N,,,,,,
63.832402,-123.31455966666665,2012-12-11,3,1,59.05555555666666,99.05555555666666,,Schaefer_2020,,11.0,N,,,,,,
63.83989,-123.41362,2012-12-11,3,1,70.94444444333334,70.94444444333334,,Schaefer_2020,,16.0,N,,,,,,
63.84061766666667,-123.41430933333334,2012-12-11,3,1,81.33333333333333,81.33333333333333,,Schaefer_2020,,10.0,N,,,,,,
63.843689000000005,-123.41458133333333,2012-12-11,3,1,61.833333333333336,120.16666666666667,,Schaefer_2020,,6.0,N,,,,,,
63.878414,-123.61379033333334,2012-12-12,3,1,51.722222223333326,51.722222223333326,,Schaefer_2020,,10.0,N,,,,,,
64.01905766666665,-124.00533766666666,2012-12-11,3,1,81.94444444333334,81.94444444333334,,Schaefer_2020,,20.0,N,,,,,,
64.02364466666667,-123.895382,2012-12-11,3,1,31.833333333333332,95.16666666666667,,Schaefer_2020,,8.0,N,,,,,,
64.03457533333334,-123.88104599999998,2012-12-11,3,1,41.0,104.33333333333333,,Schaefer_2020,,2.0,N,,,,,,
63.97845536399999,-144.951462905,2018-04-10,20,1,50.5,50.5,,Schaefer_2020,,14.0,N,,,,,,
63.901807093548385,-144.96367104838714,2018-05-25,31,1,53.45161290322581,58.354838709677416,,Schaefer_2020,,0.0,N,,,,,,
63.89685052909091,-144.96297520606058,2018-05-30,33,1,56.121212121212125,61.27272727272727,,Schaefer_2020,,0.0,N,,,,,,
63.94974491150001,-144.96722035,2018-04-11,20,1,52.05,61.55,,Schaefer_2020,,4.0,N,,,,,,
55.866443871250006,-127.50239463749999,2013-05-22,8,1,53.25,53.25,,Schaefer_2020,,14.0,N,,,,,,
63.95948388275861,-149.0868450275862,2013-07-17,29,1,43.9080459770115,43.90804597701149,,Schaefer_2020,,18.0,N,,,,,,
64.2089756857143,-148.55420838571428,2013-04-29,7,1,53.619047619047606,53.619047619047606,,Schaefer_2020,,11.0,N,,,,,,
63.96888360769231,-149.06731660384614,2013-07-14,26,1,46.153846153846146,46.153846153846146,,Schaefer_2020,,8.0,N,,,,,,
63.94597285142856,-149.11566262285712,2013-07-21,35,1,42.419047619047625,47.27619047619048,,Schaefer_2020,,50.0,N,,,,,,
64.00379123740741,-145.3406206074074,2013-07-15,27,1,88.37037037037037,88.37037037037037,,Schaefer_2020,,38.0,N,,,,,,
64.09467545066666,-145.33390409999998,2013-06-23,15,1,93.8,93.8,,Schaefer_2020,,7.0,N,,,,,,
64.01392331892858,-145.3542102857143,2013-07-16,28,1,85.57142857142857,85.57142857142857,,Schaefer_2020,,8.0,N,,,,,,
64.08276276625,-145.33487995625,2013-06-26,16,1,96.6875,96.6875,,Schaefer_2020,,8.0,N,,,,,,
64.0504790095,-145.34319072,2013-07-05,20,1,93.7,93.7,,Schaefer_2020,,32.0,N,,,,,,
64.75267296874998,-148.21225571875,2013-07-19,32,1,42.76041666666666,42.760416666666664,,Schaefer_2020,,43.0,N,,,,,,
64.79227862857144,-148.03177418571428,2013-06-20,14,1,44.19047619047619,44.19047619047619,,Schaefer_2020,,52.0,N,,,,,,
64.84611020777778,-147.86843259999998,2013-05-22,9,1,48.03703703703703,48.03703703703704,,Schaefer_2020,,12.0,N,,,,,,
64.72894710560975,-148.22510003658533,2013-07-24,41,1,45.08943089430894,45.08943089430894,,Schaefer_2020,,84.0,N,,,,,,
64.92650411111111,-163.67914555555558,2013-05-24,9,1,81.8,81.8,,Schaefer_2020,,23.0,N,,,,,,
65.07682380000001,-161.85383000000002,2013-03-22,5,1,78.72,78.72,,Schaefer_2020,,11.0,N,,,,,,
64.88360761538462,-164.48988792307694,2013-06-17,13,1,82.43076923076923,82.43076923076923,,Schaefer_2020,,71.0,N,,,,,,
65.36514733333333,-159.58031233333335,2012-12-17,3,1,85.33333333333333,85.33333333333333,,Schaefer_2020,,43.0,N,,,,,,
65.00750657142856,-163.23591628571427,2013-05-01,7,1,32.31428571428571,57.31428571428571,,Schaefer_2020,,0.0,N,,,,,,
65.05266616666667,-162.78048116666665,2013-04-14,6,1,34.11666666666667,61.61666666666667,,Schaefer_2020,,2.0,N,,,,,,
65.20874475,-161.18451675,2013-02-14,4,1,27.300000000000004,27.300000000000004,,Schaefer_2020,,66.0,N,,,,,,
65.36593020256569,-159.58187060148884,2016-12-20,3,1,82.0,82.0,,Seward,,38.0,N,,,,,,
64.94912322222223,-163.83577311111108,2013-05-24,9,1,57.866666666666674,76.75555555555556,,Schaefer_2020,,2.0,N,,,,,,
65.47980318161632,-159.12827950002134,2016-12-20,3,1,0.0,152.0,,Seward,,42.0,N,,,,,,
65.11047,-162.54572333333334,2013-04-15,6,1,70.63333333333334,70.63333333333334,,Schaefer_2020,,2.0,N,,,,,,
65.47971266666666,-159.132944,2012-12-18,3,1,77.33333333333333,109.0,,Schaefer_2020,,4.0,N,,,,,,
64.98790333333334,-163.68590922222222,2013-05-24,9,1,57.15555555555555,74.04444444444444,,Schaefer_2020,,8.0,N,,,,,,
65.30866664845786,-160.94936749096334,2017-08-19,4,0,0.0,102.0,,Seward,,1.0,N,,,,,,
65.30793525,-160.95029675,2013-02-15,4,1,58.599999999999994,58.599999999999994,,Schaefer_2020,,38.0,N,,,,,,
64.9782769,-163.9619329,2013-06-01,10,1,62.84000000000001,62.839999999999996,,Schaefer_2020,,40.0,N,,,,,,
65.07422942857143,-163.10188528571425,2013-05-02,7,1,89.14285714285714,89.14285714285714,,Schaefer_2020,,8.0,N,,,,,,
65.033967125,-163.458856375,2013-05-14,8,1,76.975,76.975,,Schaefer_2020,,8.0,N,,,,,,
65.2019432,-161.95397399999996,2013-03-22,5,1,67.67999999999999,67.67999999999999,,Schaefer_2020,,2.0,N,,,,,,
65.21481639999999,-160.15966440000003,2013-03-22,5,1,27.6,58.0,,Schaefer_2020,,0.0,N,,,,,,
65.308341,-159.27568000000002,2013-02-15,4,1,31.5,69.5,,Schaefer_2020,,0.0,N,,,,,,
65.2146458,-160.16109120000002,2013-03-22,5,1,29.4,59.8,,Schaefer_2020,,2.0,N,,,,,,
65.30817225,-159.2782445,2013-02-15,4,1,14.25,52.25,,Schaefer_2020,,2.0,N,,,,,,
65.123196,-161.16979557142855,2013-05-02,7,1,44.45714285714286,44.45714285714286,,Schaefer_2020,,3.0,N,,,,,,
65.32128850000001,-159.280975,2013-02-15,4,1,55.075,55.075,,Schaefer_2020,,4.0,N,,,,,,
65.09398533333332,-160.75106966666667,2013-04-15,6,1,51.166666666666664,51.166666666666664,,Schaefer_2020,,6.0,N,,,,,,
65.329002,-157.81298966666668,2012-12-19,3,1,52.0,52.0,,Schaefer_2020,,8.0,N,,,,,,
64.99983720703705,-147.5583939,2016-06-09,27,1,59.370370370370374,66.22222222222223,,Schaefer_2020,,4.0,N,,,,,,
64.99233749843751,-147.56673190624997,2016-06-19,32,1,68.3125,68.3125,,Schaefer_2020,,8.0,N,,,,,,
64.99391430838709,-147.56451605806453,2016-06-17,31,1,70.12903225806451,75.45161290322581,,Schaefer_2020,,2.0,N,,,,,,
65.08226348466667,-147.48857148666667,2016-04-16,15,1,71.06666666666666,81.2,,Schaefer_2020,,22.0,N,,,,,,
65.60090425385775,-160.05678927533287,2017-09-12,4,1,0.0,152.0,,Seward,,12.0,N,,,,,,
65.61023717289618,-160.0333970653223,2017-09-12,4,1,0.0,170.0,,Seward,,2.0,N,,,,,,
65.61054177665886,-160.03375489152018,2017-09-12,4,1,0.0,95.0,,Seward,,11.0,N,,,,,,
65.62515247403559,-160.35133487640434,2017-09-12,4,1,0.0,152.0,,Seward,,28.0,N,,,,,,
65.62480933097734,-160.34932096079424,2017-09-12,4,0,0.0,152.0,,Seward,,12.0,N,,,,,,
65.77852973899239,-158.85862617283922,2017-01-11,3,1,0.0,74.0,,Seward,,4.0,N,,,,,,
65.62368061846239,-160.35142607610803,2017-09-12,4,0,0.0,152.0,,Seward,,22.0,N,,,,,,
65.62266667456288,-160.34983941676703,2017-09-12,4,0,0.0,152.0,,Seward,,20.0,N,,,,,,
65.5292042167381,-161.24468054376808,2018-02-06,5,0,0.0,152.0,,Seward,,12.0,N,,,,,,
65.36684092988772,-160.98170437924523,2018-02-06,5,0,0.0,183.0,,Seward,,17.0,N,,,,,,
65.41781358315049,-160.02035617796417,2017-09-13,4,1,0.0,122.0,,Seward,,9.0,N,,,,,,
65.4179089268105,-160.02029697564163,2017-09-13,4,1,173.0,173.0,,Seward,,8.0,N,,,,,,
65.41807464934722,-160.0202378177193,2017-09-13,4,1,45.0,45.0,,Seward,,28.0,N,,,,,,
65.366904801493,-160.97962444525106,2018-02-06,5,1,110.0,110.0,,Seward,,11.0,N,,,,,,
65.43917822131907,-160.17072497425656,2017-09-13,4,1,0.0,153.0,,Seward,,7.0,N,,,,,,
65.43913454496483,-160.16962394673945,2017-09-13,4,1,110.0,110.0,,Seward,,10.0,N,,,,,,
65.43992409737506,-160.1707451308356,2017-09-13,4,1,120.0,120.0,,Seward,,9.0,N,,,,,,
65.44057473789164,-160.17443615020755,2017-09-13,4,1,0.0,162.0,,Seward,,0.0,N,,,,,,
65.34699503819681,-161.72212883256546,2018-05-15,6,1,89.0,89.0,,Seward,,17.0,N,,,,,,
65.43596152733333,-161.66673514300248,2018-05-15,6,1,129.0,129.0,,Seward,,11.0,N,,,,,,
65.57329789536753,-160.08759525030888,2017-09-13,4,1,171.0,171.0,,Seward,,8.0,N,,,,,,
65.57394839280154,-160.08663312349253,2017-09-26,4,1,169.0,169.0,,Seward,,6.0,N,,,,,,
65.18571002602374,-160.0903929615423,2017-09-26,4,1,33.0,33.0,,Seward,,30.0,N,,,,,,
65.18684727806708,-160.09200045906425,2017-09-26,4,1,48.0,48.0,,Seward,,36.0,N,,,,,,
65.19034576230723,-160.0916636302432,2017-09-26,4,1,0.0,30.0,,Seward,,8.0,Y,,,,,,
65.18926144927167,-160.0899381196689,2017-09-26,4,1,40.0,42.0,,Seward,,40.0,N,,,,,,
65.18928642503136,-160.0866840951121,2017-09-26,4,1,0.0,152.0,,Seward,,5.0,N,,,,,,
65.18917388067538,-160.08662465495814,2017-09-26,4,1,0.0,152.0,,Seward,,48.0,N,,,,,,
65.17040975,-160.02598350000002,2013-02-04,4,1,20.75,38.5,,Schaefer_2020,,11.0,Y,,,,,,
65.17402700000001,-158.42921733333333,2012-12-04,3,1,29.666666666666668,73.0,,Schaefer_2020,,8.0,Y,,,,,,
65.17156189661924,-160.0290657017286,2017-09-01,4,1,0.0,89.0,,Seward,,4.0,Y,,,,,,
65.17256091371917,-160.0292149263737,2017-09-01,4,1,0.0,100.0,,Seward,,4.0,Y,,,,,,
65.17085096985767,-160.02589180757673,2017-09-01,4,1,0.0,152.0,,Seward,,5.0,N,,,,,,
65.16754274525363,-159.5956241479793,2017-09-01,4,1,0.0,64.0,,Seward,,2.0,Y,,,,,,
65.16696987189331,-159.59342220081368,2017-09-01,4,1,0.0,59.0,,Seward,,6.0,Y,,,,,,
65.16654666739515,-157.85306869220952,2016-12-27,3,1,0.0,66.0,,Seward,,5.0,Y,,,,,,
65.16510259507578,-159.58866039279576,2017-09-01,4,1,89.0,89.0,,Seward,,21.0,N,,,,,,
65.16519801715464,-159.58561495468481,2017-09-01,4,1,56.0,56.0,,Seward,,35.0,Y,,,,,,
65.16550208623865,-159.5806252329706,2017-09-01,4,1,0.0,88.0,,Seward,,15.0,Y,,,,,,
65.24802780103153,-160.05882967879222,2017-09-01,4,1,58.0,58.0,,Seward,,2.0,N,,,,,,
65.2308355213631,-161.00858507347323,2018-01-28,5,1,40.0,40.0,,Seward,,22.0,N,,,,,,
65.24746218541097,-160.06084361985816,2017-09-01,4,1,45.0,45.0,,Seward,,27.0,N,,,,,,
65.24741804338288,-160.0638396733194,2017-10-14,4,1,46.0,46.0,,Seward,,23.0,N,,,,,,
65.27600360600185,-158.4856047178536,2016-12-27,3,1,31.0,31.0,,Seward,,20.0,N,,,,,,
65.27574150416015,-158.49374871735867,2016-12-27,3,1,48.0,48.0,,Seward,,29.0,N,,,,,,
65.24784683990472,-160.06195370920642,2017-09-01,4,1,0.0,61.0,,Seward,,1.0,Y,,,,,,
65.21017314285713,-162.11018171428572,2013-04-26,7,1,32.0,41.714285714285715,,Schaefer_2020,,4.0,Y,,,,,,
65.24741198315137,-159.9318347341185,2017-09-01,4,1,0.0,36.0,,Seward,,1.0,Y,,,,,,
65.16192000000001,-164.813964,2013-08-11,5,1,33.8,33.8,,Schaefer_2020,,,,,,,,,
65.1637112803466,-164.83110794273915,2019-09-15,2,0,,,,Seward,,,,,,,,,
65.27845188031112,-158.3136772537778,2016-12-28,3,0,43.0,43.0,,Seward,,43.0,N,,,,,,
65.22134366666667,-161.57113266666667,2013-04-08,6,1,25.333333333333332,34.166666666666664,,Schaefer_2020,,2.0,Y,,,,,,
65.21942899999999,-161.569027,2013-04-08,6,1,39.833333333333336,39.833333333333336,,Schaefer_2020,,23.0,Y,,,,,,
65.27715266666667,-158.31062566666665,2012-12-05,3,1,55.333333333333336,55.333333333333336,,Schaefer_2020,,15.0,N,,,,,,
65.247022,-159.938935,2013-02-05,4,1,40.25,44.0,,Schaefer_2020,,26.0,Y,,,,,,
65.27475502693126,-158.30289754088508,2016-12-28,3,0,0.0,152.0,,Seward,,4.0,N,,,,,,
65.1909841892913,-160.0106507221953,2017-09-02,4,0,44.0,54.0,,Seward,,24.0,N,,,,,,
65.20020654557602,-158.40502770752593,2016-12-28,3,0,44.0,54.0,,Seward,,12.0,N,,,,,,
65.17847893038608,-162.41397366131045,2018-09-08,8,0,80.0,80.0,,Seward,,80.0,N,,,,,,
65.18324311093222,-161.60989262973905,2018-05-07,6,1,33.0,43.0,,Seward,,26.0,N,,,,,,
65.193286,-160.00226700000002,2013-02-05,4,1,30.75,55.75,,Schaefer_2020,,10.0,N,,,,,,
65.19395617241841,-159.99923654886953,2017-09-02,4,1,0.0,152.0,,Seward,,0.0,N,,,,,,
65.19412219414974,-159.9994400362449,2017-09-02,4,1,0.0,152.0,,Seward,,0.0,N,,,,,,
65.16834790200087,-159.74241906140955,2017-09-02,4,1,0.0,60.0,,Seward,,0.0,N,,,,,,
65.16786270347485,-160.7573522519943,2018-01-28,5,1,0.0,76.0,,Seward,,1.0,Y,,,,,,
65.17412252015454,-158.05176235144577,2016-12-28,3,1,0.0,52.0,,Seward,,5.0,Y,,,,,,
65.16803421643448,-160.7572173388291,2018-01-28,5,1,60.0,60.0,,Seward,,35.0,N,,,,,,
65.17016024148221,-158.05263009686107,2016-12-28,3,1,68.0,68.0,,Seward,,58.0,N,,,,,,
65.1705006142682,-159.74205008083538,2017-09-02,4,1,65.0,65.0,,Seward,,27.0,N,,,,,,
65.17209098909977,-158.04873274115576,2016-12-28,3,1,0.0,85.0,,Seward,,7.0,N,,,,,,
65.16771711842738,-161.92061770105065,2018-07-17,7,1,0.0,150.0,,Seward,,5.0,N,,,,,,
65.17041575,-159.7450585,2013-02-05,4,1,54.25,57.75,,Schaefer_2020,,10.0,N,,,,,,
65.16516666666666,-164.82091666666668,2013-08-11,3,1,42.333333333333336,42.333333333333336,,Schaefer_2020,,,,,,,,,
65.16536436382866,-164.82047451017965,2019-09-15,2,1,,,,Seward,,,,,,,,,
65.2216615,-162.43575099999998,2013-05-10,8,1,41.25,41.25,,Schaefer_2020,,18.0,N,,,,,,
65.27771565714829,-160.04938085173183,2017-09-02,4,1,0.0,85.0,,Seward,,20.0,N,,,,,,
65.35087863720001,-146.86315128799998,2013-07-12,25,1,19.16,19.16,,Schaefer_2020,,33.0,N,,,,,,
65.35405275789472,-146.84618150526322,2013-07-02,19,1,17.05263157894737,17.05263157894737,,Schaefer_2020,,30.0,N,,,,,,
65.34698230948715,-146.87918852051283,2013-07-22,39,1,20.53846153846154,22.205128205128204,,Schaefer_2020,,12.0,N,,,,,,
65.31992318571429,-146.81806052857146,2013-06-18,14,1,21.357142857142858,24.5,,Schaefer_2020,,8.0,Y,,,,,,
65.3311178332258,-146.87833347419357,2013-07-18,31,1,35.30107526881721,36.13978494623657,,Schaefer_2020,,1.0,Y,,,,,,
65.3318541718182,-146.8810518121212,2013-07-19,33,1,35.25252525252525,37.91919191919192,,Schaefer_2020,,28.0,Y,,,,,,
65.33130232258064,-146.87817385483868,2013-07-18,31,1,38.462365591397855,38.462365591397855,,Schaefer_2020,,20.0,N,,,,,,
65.5534385,-148.83699596486485,2013-07-23,37,1,34.572072072072075,36.1936936936937,,Schaefer_2020,,6.0,N,,,,,,
65.5159724,-148.59732018,2013-05-28,10,1,34.1,39.9,,Schaefer_2020,,22.0,Y,,,,,,
65.54809970370368,-148.80404973333333,2013-07-16,27,1,35.2716049382716,37.864197530864196,,Schaefer_2020,,9.0,Y,,,,,,
65.55777789130435,-148.72748179130437,2013-07-09,23,1,35.76811594202899,38.5072463768116,,Schaefer_2020,,13.0,Y,,,,,,
65.56029388076924,-148.74918754615385,2013-07-13,26,1,54.01923076923077,54.01923076923077,,Schaefer_2020,,33.0,N,,,,,,
65.55617482105264,-148.67979303157895,2013-07-02,19,1,56.28947368421053,56.921052631578945,,Schaefer_2020,,28.0,Y,,,,,,
65.56254585789476,-148.80213841578947,2013-07-22,38,1,53.56578947368421,53.56578947368421,,Schaefer_2020,,42.0,Y,,,,,,
65.55161238571428,-148.58365638571428,2013-06-19,14,1,57.0,61.5,,Schaefer_2020,,3.0,Y,,,,,,
67.02029915249999,-150.14767282142859,2014-07-03,28,1,41.82142857142857,44.035714285714285,,Schaefer_2020,,3.0,Y,,,,,,
67.0216067267742,-150.18263555483875,2014-07-07,31,1,49.74193548387097,51.96774193548387,,Schaefer_2020,,0.0,Y,,,,,,
67.023484796875,-150.18768825624997,2014-07-08,32,1,50.59375,52.96875,,Schaefer_2020,,4.0,Y,,,,,,
66.95224923857144,-149.97504279285712,2014-05-24,14,1,46.07142857142857,49.5,,Schaefer_2020,,1.0,Y,,,,,,
68.37665529444445,-149.2850353277778,2013-06-30,18,1,41.481481481481474,41.48148148148149,,Schaefer_2020,,34.0,N,,,,,,
68.40912709090908,-149.3286330909091,2013-07-08,22,1,32.727272727272734,39.63636363636363,,Schaefer_2020,,10.0,N,,,,,,
68.46704799026317,-149.4189157131579,2013-07-22,38,1,40.68859649122806,44.004385964912274,,Schaefer_2020,,4.0,Y,,,,,,
68.38435334578946,-149.2804597894737,2013-07-01,19,1,40.54385964912281,44.333333333333336,,Schaefer_2020,,18.0,Y,,,,,,
68.48451203636365,-149.40742412727266,2013-07-24,44,1,30.037878787878796,31.174242424242422,,Schaefer_2020,,12.0,N,,,,,,
68.19347433333334,-148.98447158888888,2013-05-18,9,1,45.07407407407407,46.18518518518519,,Schaefer_2020,,20.0,N,,,,,,
68.4653563542857,-149.3792355542857,2013-07-20,35,1,31.185714285714287,31.757142857142856,,Schaefer_2020,,50.0,N,,,,,,
68.20828077777779,-148.98441263333333,2013-05-18,9,1,31.870370370370374,31.870370370370374,,Schaefer_2020,,25.0,Y,,,,,,
67.56458827333334,-147.8392467,2014-12-02,3,1,37.666666666666664,40.0,,Schaefer_2020,,13.0,N,,,,,,
67.56422960333333,-147.83615310000002,2014-12-02,3,1,38.666666666666664,38.666666666666664,,Schaefer_2020,,10.0,N,,,,,,
67.53474751666667,-147.88689290000002,2014-12-03,3,1,51.333333333333336,51.333333333333336,,Schaefer_2020,,15.0,N,,,,,,
68.49587661818182,-149.18518005454547,2016-05-22,22,1,40.59090909090909,45.27272727272727,,Schaefer_2020,,3.0,N,,,,,,
68.40941166857142,-149.06484215714286,2016-04-03,14,1,55.285714285714285,57.285714285714285,,Schaefer_2020,,7.0,Y,,,,,,
68.28271383111111,-148.91081306666666,2016-01-21,9,1,52.111111111111114,56.0,,Schaefer_2020,,6.0,N,,,,,,
67.56381786,-147.82456026666668,2014-12-03,3,1,32.666666666666664,44.0,,Schaefer_2020,,15.0,Y,,,,,,
68.39820344461538,-149.00541763846155,2016-03-24,13,1,50.61538461538461,54.61538461538461,,Schaefer_2020,,25.0,N,,,,,,
67.58369547,-147.89976246666666,2014-12-03,3,1,43.333333333333336,58.333333333333336,,Schaefer_2020,,13.0,Y,,,,,,
68.50289989636363,-149.18314136818182,2016-05-22,22,1,47.09090909090909,49.68181818181818,,Schaefer_2020,,11.0,Y,,,,,,
68.49762742636364,-149.18782538181816,2016-05-22,22,1,44.68181818181818,44.68181818181818,,Schaefer_2020,,9.0,N,,,,,,
68.49039070428572,-149.18277474285713,2016-05-17,21,1,44.285714285714285,48.57142857142857,,Schaefer_2020,,12.0,N,,,,,,
67.56582196666666,-147.81619406666667,2014-12-01,3,1,34.666666666666664,49.666666666666664,,Schaefer_2020,,20.0,N,,,,,,
68.486098801,-149.14444650500005,2016-05-13,20,1,45.8,47.0,,Schaefer_2020,,21.0,N,,,,,,
68.50089423318181,-149.14502711818184,2016-05-22,22,1,56.27272727272727,59.0,,Schaefer_2020,,11.0,N,,,,,,
68.50105357136363,-149.14420085000003,2016-05-22,22,1,54.81818181818182,57.22727272727273,,Schaefer_2020,,15.0,N,,,,,,
68.50158044954544,-149.14102796363642,2016-05-22,22,1,50.77272727272727,57.68181818181818,,Schaefer_2020,,15.0,N,,,,,,
68.50182426363637,-149.13927691363634,2016-05-22,22,1,65.81818181818181,67.18181818181819,,Schaefer_2020,,22.0,N,,,,,,
67.54456043333333,-147.77771400000003,2014-11-30,3,1,19.333333333333332,38.0,,Schaefer_2020,,12.0,N,,,,,,
67.55052213333333,-147.73333066666666,2013-07-30,3,1,32.0,52.0,,Schaefer_2020,,7.0,N,,,,,,
68.40534594636364,-149.3728735,2014-04-30,11,1,29.818181818181817,33.45454545454545,,Schaefer_2020,,40.0,N,,,,,,
67.58965066666667,-147.56743400000002,2016-04-01,3,1,41.0,61.333333333333336,,Schaefer_2020,,8.0,N,,,,,,
68.15277183333332,-148.29890666666668,2017-06-08,6,1,39.0,44.833333333333336,,Schaefer_2020,,35.0,N,,,,,,
67.60151466666666,-147.78018566666665,2016-04-01,3,1,25.0,45.0,,Schaefer_2020,,17.0,N,,,,,,
68.80176345703704,-150.08650017037039,2018-05-17,27,1,55.18518518518518,57.407407407407405,,Schaefer_2020,,16.0,N,,,,,,
68.69624009,-149.93828570000002,2018-03-01,15,1,52.93333333333333,56.93333333333333,,Schaefer_2020,,15.0,N,,,,,,
68.63677684,-149.85497372499998,2018-01-17,12,1,47.583333333333336,60.25,,Schaefer_2020,,9.0,N,,,,,,
68.74099724,-149.9205058117647,2016-04-26,17,1,58.35294117647059,60.8235294117647,,Schaefer_2020,,32.0,N,,,,,,
68.7725028435,-149.96357562999998,2016-05-12,20,1,55.2,57.95,,Schaefer_2020,,13.0,Y,,,,,,
68.74097504294117,-149.9205724235294,2016-04-26,17,1,54.470588235294116,61.8235294117647,,Schaefer_2020,,0.0,N,,,,,,
68.87984039653847,-150.05160306923074,2018-05-08,26,1,56.61538461538461,62.53846153846154,,Schaefer_2020,,0.0,N,,,,,,
68.91307300607143,-150.0971275607143,2018-05-15,28,1,65.89285714285714,71.32142857142857,,Schaefer_2020,,18.0,N,,,,,,
68.89948440541666,-150.06626613333336,2018-04-30,24,1,80.54166666666667,80.54166666666667,,Schaefer_2020,,0.0,N,,,,,,
68.27827500000001,-148.18487013333333,2014-12-16,3,1,23.233333333333334,77.89999999999999,,Schaefer_2020,,5.0,N,,,,,,
69.2604794675,-150.709709645,2013-07-05,20,1,61.55,62.35,,Schaefer_2020,,10.0,N,,,,,,
69.31055949645159,-150.7813008451613,2013-07-18,31,1,61.12903225806452,61.12903225806452,,Schaefer_2020,,34.0,N,,,,,,
69.18501341999999,-150.60188013076925,2013-06-16,13,1,69.23076923076923,69.23076923076923,,Schaefer_2020,,86.0,N,,,,,,
68.64567566666668,-148.10509266666668,2016-04-20,3,1,55.68253968253968,55.68253968253968,,Schaefer_2020,,9.0,N,,,,,,
69.2559485,-147.5922445,2016-11-20,4,1,40.0,78.0,,Schaefer_2020,,10.0,N,,,,,,
68.947228,-147.30334200000001,2016-04-20,3,1,36.056666666666665,88.39,,Schaefer_2020,,6.0,N,,,,,,
70.31459561199999,-154.30303536000002,2013-03-18,5,1,14.533333333333331,47.93333333333334,,Schaefer_2020,,7.0,N,,,,,,
70.61235781857143,-154.88795009999998,2013-04-29,7,1,18.154761904761905,44.44047619047619,,Schaefer_2020,,0.0,N,,,,,,
70.11620725,-153.57995785,2013-02-10,4,1,24.25,24.25,,Schaefer_2020,,4.0,N,,,,,,
70.365558296,-154.13299634,2013-03-18,5,1,26.3,26.3,,Schaefer_2020,,0.0,N,,,,,,
70.62729804571428,-154.84028872857144,2013-04-29,7,1,21.059523809523814,49.63095238095237,,Schaefer_2020,,0.0,N,,,,,,
70.137821695,-153.520198375,2013-02-10,4,1,16.541666666666668,54.541666666666664,,Schaefer_2020,,0.0,N,,,,,,
70.39201325799999,-154.30377244000002,2013-03-19,5,1,12.633333333333335,46.23333333333333,,Schaefer_2020,,0.0,N,,,,,,
70.64651565142857,-154.9578662857143,2013-04-29,7,1,24.02380952380952,45.738095238095234,,Schaefer_2020,,6.0,N,,,,,,
70.1714426025,-153.723183025,2013-02-10,4,1,12.875,50.875,,Schaefer_2020,,3.0,N,,,,,,
70.227311426,-154.19779704,2013-03-19,5,1,43.61666666666666,43.61666666666666,,Schaefer_2020,,15.0,N,,,,,,
70.52923597428573,-154.8869998142857,2013-05-10,7,1,33.333333333333336,33.333333333333336,,Schaefer_2020,,43.0,N,,,,,,
69.965420135,-153.59013314999999,2013-02-11,4,1,25.125,25.125,,Schaefer_2020,,15.0,N,,,,,,
70.229044138,-154.19318447999999,2013-03-19,5,1,47.75,47.75,,Schaefer_2020,,12.0,N,,,,,,
70.53012023714287,-154.88521264285714,2013-04-29,7,1,23.476190476190474,27.761904761904763,,Schaefer_2020,,30.0,N,,,,,,
70.14306899,-153.92624287499999,2013-02-11,4,1,15.791666666666668,54.041666666666664,,Schaefer_2020,,10.0,N,,,,,,
66.6033654875,-155.72023525,2019-12-08,4,1,65.0,101.25,120.0,Selawik,,11.0,N,,,,,,
66.64471001,-155.688426,2019-12-08,4,0,50.0,106.25,120.0,Selawik,,0.0,N,,,,,,
66.65262432666667,-154.590067,2019-01-05,3,1,70.0,86.66666666666667,120.0,Selawik,,30.0,N,,,,,,
66.54900032666667,-153.885897,2019-01-06,3,0,0.0,96.0,120.0,Selawik,,10.0,N,,,,,,
66.46479600333332,-153.29060133333334,2019-01-06,3,0,35.0,77.66666666666667,120.0,Selawik,,7.0,N,,,,,,
66.43007267666667,-153.93767366666668,2019-01-06,3,1,56.666666666666664,108.33333333333333,120.0,Selawik,,16.0,N,,,,,,
66.42683864666667,-153.93419666666668,2019-01-06,3,0,0.0,100.0,120.0,Selawik,,60.0,N,,,,,,
65.57854891223297,-158.04378264971638,2017-01-05,3,1,95.0,95.0,,Seward,,4.0,N,,,,,,
65.57886074192824,-158.0415365536126,2017-01-05,3,1,163.0,163.0,,Seward,,7.0,N,,,,,,
65.7532935490492,-158.6851471062813,2017-01-09,3,1,0.0,175.0,,Seward,,2.0,N,,,,,,
65.60376663776486,-160.2163088876766,2017-09-11,4,1,0.0,60.0,,Seward,,6.0,N,,,,,,
65.4656288009875,-161.27192985363962,2017-09-11,4,0,0.0,50.0,,Seward,,22.0,N,,,,,,
65.36811232239145,-162.27052498406832,2018-02-04,5,1,0.0,75.0,,Seward,,52.0,N,,,,,,
65.41283756760745,-161.03655657250923,2017-09-11,4,0,0.0,200.0,,Seward,,6.0,N,,,,,,
65.22627760914334,-163.25207841818343,2018-07-22,7,1,0.0,200.0,,Seward,,11.0,N,,,,,,
65.19582645547733,-163.62432269223942,2018-09-13,8,1,110.0,110.0,,Seward,,10.0,N,,,,,,
65.23054769725496,-163.2491259353359,2018-07-22,7,1,140.0,140.0,,Seward,,9.0,N,,,,,,
65.29962700388653,-163.21419993014896,2018-07-22,7,1,0.0,60.0,,Seward,,11.0,N,,,,,,
65.29953986900479,-163.21431103067056,2018-07-22,7,1,38.0,50.0,,Seward,,28.0,N,,,,,,
65.299612526201,-163.2142669677685,2018-07-22,7,0,0.0,60.0,,Seward,,2.0,N,,,,,,
65.42818223606112,-162.01770139939077,2018-02-05,5,0,105.0,105.0,,Seward,,22.0,N,,,,,,
65.72765631259502,-159.22710066867486,2017-01-10,3,0,72.0,75.0,,Seward,,10.0,N,,,,,,
65.30026994204819,-163.21473257233882,2018-07-22,7,0,69.0,75.0,,Seward,,21.0,N,,,,,,
65.29682712948816,-162.69595394971637,2018-05-14,6,0,0.0,200.0,,Seward,,8.0,N,,,,,,
65.29664773598908,-162.69602661964697,2018-05-14,6,0,0.0,115.0,,Seward,,2.0,N,,,,,,
65.45366917636044,-160.94194491401615,2017-09-11,4,0,0.0,140.0,,Seward,,28.0,N,,,,,,
65.6101998370673,-159.1869731885348,2017-01-10,3,0,0.0,100.0,,Seward,,2.0,N,,,,,,
65.45212752344227,-160.9427700955075,2017-09-11,4,0,0.0,180.0,,Seward,,9.0,N,,,,,,
65.61543318999556,-159.5537906950204,2017-01-10,3,0,0.0,50.0,,Seward,,0.0,N,,,,,,
65.61283498904983,-159.55391527666214,2017-01-10,3,0,0.0,60.0,,Seward,,0.0,N,,,,,,
65.35691193150771,-162.21443557505722,2018-02-05,5,1,0.0,150.0,,Seward,,0.0,N,,,,,,
65.2923201229623,-162.88268638948225,2018-05-14,6,1,0.0,200.0,,Seward,,21.0,N,,,,,,
65.24714954000271,-163.35799120444295,2018-07-23,7,1,0.0,200.0,,Seward,,18.0,N,,,,,,
65.45058430671098,-161.2166728843526,2017-09-12,4,1,0.0,105.0,,Seward,,7.0,N,,,,,,
65.40409471645252,-161.1051776776082,2017-09-12,4,1,110.0,110.0,,Seward,,9.0,N,,,,,,
65.22152932147819,-163.29404267512322,2018-07-23,7,1,118.0,118.0,,Seward,,22.0,N,,,,,,
65.22187927603547,-163.2941694097196,2018-07-23,7,1,85.0,95.0,,Seward,,22.0,N,,,,,,
65.3197646957999,-162.12060456734667,2018-02-05,5,1,0.0,183.0,,Seward,,50.0,N,,,,,,
65.2220177323581,-163.288542619392,2018-07-23,7,1,105.0,105.0,,Seward,,22.0,N,,,,,,
65.27276158713461,-163.2748951328144,2018-07-23,7,1,0.0,160.0,,Seward,,11.0,N,,,,,,
65.6657532329106,-159.36245725179882,2017-01-11,3,1,0.0,80.0,,Seward,,17.0,N,,,,,,
65.66610944451321,-159.3614816482407,2017-01-11,3,0,0.0,200.0,,Seward,,16.0,N,,,,,,
65.66515397633377,-159.35856474112396,2017-01-11,3,0,0.0,200.0,,Seward,,26.0,N,,,,,,
65.38819935437566,-162.10413490884395,2018-02-06,5,1,120.0,120.0,,Seward,,2.0,N,,,,,,
65.31986210068301,-162.78936701863333,2018-05-14,6,1,0.0,70.0,,Seward,,2.0,N,,,,,,
65.17839359780874,-163.39328000065413,2018-07-23,7,1,0.0,110.0,,Seward,,37.0,N,,,,,,
65.17862378663149,-163.3936695906027,2018-07-23,7,1,0.0,200.0,,Seward,,17.0,N,,,,,,
65.33072681679725,-161.2734498169594,2017-09-12,4,0,175.0,175.0,,Seward,,7.0,N,,,,,,
65.1783301041557,-163.39493037310072,2018-07-23,7,1,0.0,200.0,,Seward,,0.0,N,,,,,,
65.17772677673446,-163.39568834663683,2018-07-23,7,1,165.0,165.0,,Seward,,4.0,N,,,,,,
65.18344157050065,-162.93630170307074,2018-05-15,6,1,82.0,82.0,,Seward,,7.0,N,,,,,,
65.15397860885163,-163.40615088578255,2018-07-23,7,0,165.0,165.0,,Seward,,3.0,N,,,,,,
65.18279881695877,-162.93798048312797,2018-05-15,6,1,125.0,125.0,,Seward,,8.0,N,,,,,,
65.3882443721844,-159.65459222823554,2017-01-12,3,0,115.0,118.0,,Seward,,4.0,N,,,,,,
65.38812018573672,-159.65261901992355,2017-01-12,3,0,50.0,50.0,,Seward,,18.0,N,,,,,,
65.3877269951149,-159.65051238213417,2017-01-12,3,1,37.0,37.0,,Seward,,37.0,N,,,,,,
65.295949049737,-161.222372204556,2017-09-13,4,0,110.0,110.0,,Seward,,0.0,N,,,,,,
65.19033592957312,-162.88457861222102,2018-05-15,6,0,125.0,125.0,,Seward,,8.0,N,,,,,,
65.19052946778548,-162.88478269117127,2018-05-15,6,0,0.0,200.0,,Seward,,13.0,N,,,,,,
65.2968426675965,-161.2210073154083,2017-09-13,4,0,0.0,200.0,,Seward,,68.0,N,,,,,,
65.23445340333815,-162.22381361236165,2018-02-06,5,0,185.0,185.0,,Seward,,8.0,N,,,,,,
65.13893506690961,-163.71898661856653,2018-09-14,8,1,45.0,45.0,,Seward,,45.0,N,,,,,,
65.21210391163687,-162.9006573475672,2018-05-15,6,0,0.0,100.0,,Seward,,12.0,N,,,,,,
65.32866085375575,-161.24608816434755,2017-09-13,4,1,190.0,190.0,,Seward,,7.0,N,,,,,,
65.1539518129092,-163.73128740950168,2018-09-14,8,0,170.0,170.0,,Seward,,9.0,N,,,,,,
65.1788607171638,-163.37924406036063,2018-07-24,7,1,0.0,200.0,,Seward,,4.0,N,,,,,,
65.4459023225818,-159.5966220554379,2017-01-12,3,0,0.0,200.0,,Seward,,4.0,N,,,,,,
64.9796172183018,-166.2179113896325,2019-09-15,5,0,,,,Seward,,,,,,,,,
64.97949228905102,-166.21728369789346,2019-09-15,4,1,,,,Seward,,,,,,,,,
65.29238570605483,-165.79282269489306,2018-07-28,5,0,55.0,100.0,,Seward,,0.0,N,,,,,,
65.5010779443969,-165.51242617157183,2017-10-25,3,0,29.0,60.0,,Seward,,0.0,N,,,,,,
65.2955066285503,-165.86775187553093,2018-07-28,5,0,36.0,100.0,,Seward,,0.0,N,,,,,,
64.97974854306872,-166.21857844678897,2019-09-15,4,0,,,,Seward,,,,,,,,,
64.9340497779153,-165.3754868269778,2017-10-25,3,1,52.0,100.0,,Seward,,0.0,N,,,,,,
64.13224740643291,-164.5389470348137,2017-12-11,4,1,19.0,148.0,,Seward,,0.0,N,,,,,,
64.49623898528186,-165.25881455737346,2018-09-12,7,1,46.0,78.0,,Seward,,0.0,N,,,,,,
64.11757881945776,-164.35836251487984,2017-12-11,4,1,26.0,105.0,,Seward,,0.0,N,,,,,,
64.1177998679816,-164.3562451420934,2017-12-11,4,1,23.0,50.0,,Seward,,0.0,N,,,,,,
64.40583729493069,-164.98219034194514,2018-07-13,6,1,26.0,61.0,,Seward,,0.0,N,,,,,,
64.49767633945987,-165.26945631899525,2018-09-12,7,1,17.0,134.0,,Seward,,0.0,N,,,,,,
64.12011986050963,-164.74373772740245,2017-12-11,4,1,52.0,58.0,,Seward,,0.0,N,,,,,,
63.834551355532255,-164.25246742372636,2017-05-10,3,0,40.0,47.0,,Seward,,0.0,N,,,,,,
64.4896978900313,-165.38109476847373,2018-09-12,7,1,64.0,70.0,,Seward,,0.0,N,,,,,,
63.82928248095143,-163.72826556122968,2017-05-10,3,1,85.0,107.0,,Seward,,0.0,N,,,,,,
63.82662455001107,-163.7253319252948,2017-05-10,3,1,44.0,105.0,,Seward,,0.0,N,,,,,,
64.35562480398434,-164.5931162529685,2018-04-18,5,0,45.0,85.0,,Seward,,0.0,N,,,,,,
64.41383082126515,-165.08933821583744,2018-07-13,6,0,68.0,80.0,,Seward,,0.0,N,,,,,,
63.848578303521776,-163.97064333533405,2017-05-10,3,0,96.0,200.0,,Seward,,0.0,N,,,,,,
64.13231727231083,-164.52956967732158,2017-12-11,4,0,39.0,96.0,,Seward,,0.0,N,,,,,,
63.850876786988636,-163.9696007179439,2017-05-10,3,1,10.0,85.0,,Seward,,0.0,N,,,,,,
64.28947103782305,-164.7226761418667,2018-04-18,5,0,79.0,107.0,,Seward,,0.0,N,,,,,,
64.4049795863615,-164.9713775695099,2018-07-13,6,0,41.0,100.0,,Seward,,0.0,N,,,,,,
64.11831030985638,-164.35348139999525,2017-12-11,4,0,73.0,90.0,,Seward,,0.0,N,,,,,,
64.2918726902014,-165.02998509048837,2018-04-18,5,0,60.0,105.0,,Seward,,0.0,N,,,,,,
63.834886621244685,-164.24851453005328,2017-05-10,3,0,44.0,70.0,,Seward,,0.0,N,,,,,,
63.943443150648335,-164.5551358310799,2017-11-17,4,1,58.0,75.0,,Seward,,0.0,N,,,,,,
63.67852975988907,-164.087060977541,2017-04-20,3,1,43.0,75.0,,Seward,,0.0,N,,,,,,
63.668127217720546,-163.55212131372835,2017-04-20,3,1,110.0,135.0,,Seward,,0.0,N,,,,,,
64.20354399241558,-164.75627614732943,2018-06-17,6,1,75.0,0.0,,Seward,,0.0,N,,,,,,
63.940283501516035,-164.10353979035807,2017-11-17,4,1,72.0,125.0,,Seward,,0.0,N,,,,,,
63.670923208148544,-163.56747109352176,2017-04-20,3,0,25.0,75.0,,Seward,,0.0,N,,,,,,
64.20356081774828,-164.74506802875771,2018-06-17,6,0,28.0,65.0,,Seward,,0.0,N,,,,,,
63.77504684943892,-163.3313715904167,2017-04-20,3,0,60.0,100.0,,Seward,,0.0,N,,,,,,
64.73778210787941,-165.95662757374436,2019-08-15,4,0,,,,Seward,,,,,,,,,
63.95582063184061,-164.31642968579882,2017-11-17,4,1,65.0,96.0,,Seward,,0.0,N,,,,,,
63.76189996359682,-163.09908692788053,2017-04-20,3,0,50.0,100.0,,Seward,,0.0,N,,,,,,
63.76248008624962,-163.10148814235495,2017-04-20,3,1,44.0,100.0,,Seward,,0.0,N,,,,,,
64.02146332231224,-163.88105939792075,2017-11-17,4,0,63.0,110.0,,Seward,,0.0,N,,,,,,
64.7362506083314,-165.95449932661603,2019-08-15,2,1,,,,Seward,,,,,,,,,
64.15453453725101,-164.36744183472968,2018-03-24,5,0,108.0,110.0,,Seward,,0.0,N,,,,,,
64.41543542594225,-165.07940158877602,2018-11-05,9,0,62.0,105.0,,Seward,,0.0,N,,,,,,
64.2544170405793,-164.64301103606155,2018-06-17,6,0,96.0,130.0,,Seward,,0.0,N,,,,,,
64.73728116923446,-165.9558563429276,2019-08-15,3,0,,,,Seward,,,,,,,,,
63.99489478166036,-163.81577565092812,2017-11-17,4,1,90.0,105.0,,Seward,,0.0,N,,,,,,
64.010977661281,-163.86393850720788,2017-11-17,4,1,70.0,89.0,,Seward,,0.0,N,,,,,,
63.77089243809966,-163.2779708727014,2017-04-20,3,1,80.0,100.0,,Seward,,0.0,N,,,,,,
63.761231612850736,-163.30739429698784,2017-04-20,3,0,143.0,160.0,,Seward,,0.0,N,,,,,,
64.28601063155011,-164.96363573836575,2018-06-17,6,0,77.0,230.0,,Seward,,0.0,N,,,,,,
63.946662806040116,-163.8242277444176,2017-04-20,3,1,85.0,140.0,,Seward,,0.0,N,,,,,,
64.3383629528401,-164.88331181324244,2018-06-17,6,0,100.0,145.0,,Seward,,0.0,N,,,,,,
64.47795640003635,-165.23060921441612,2018-11-05,9,1,75.0,90.0,,Seward,,0.0,N,,,,,,
64.15929346131664,-164.78318376590764,2018-03-24,5,1,50.0,999.0,,Seward,,0.0,N,,,,,,
63.78460798598985,-164.13103469505612,2017-04-20,3,1,60.0,70.0,,Seward,,0.0,N,,,,,,
63.940472821791474,-164.18888916209923,2017-11-17,4,1,74.0,80.0,,Seward,,0.0,N,,,,,,
64.46632716476556,-165.53306271960685,2019-01-31,13,0,79.0,85.0,,Seward,,0.0,N,,,,,,
64.04403469573055,-164.86638100539363,2018-03-24,5,0,65.0,70.0,,Seward,,0.0,N,,,,,,
64.12987381855471,-164.39444821606867,2018-03-24,5,0,160.0,180.0,,Seward,,0.0,N,,,,,,
63.98383198473908,-164.00392575247417,2017-11-17,4,0,85.0,90.0,,Seward,,0.0,N,,,,,,
64.73189463419385,-165.95141837004593,2019-08-15,2,0,,,,Seward,,,,,,,,,
63.71573534991624,-163.37180844705674,2017-04-20,3,0,60.0,68.0,,Seward,,0.0,N,,,,,,
63.95778811949084,-164.03782607231008,2017-11-17,4,1,180.0,200.0,,Seward,,0.0,N,,,,,,
63.699902238076966,-163.40363222116653,2017-04-20,3,0,195.0,200.0,,Seward,,0.0,N,,,,,,
63.59320074551696,-163.9482872021195,2017-04-20,3,0,80.0,100.0,,Seward,,0.0,N,,,,,,
64.04902348392777,-164.74959045277123,2018-03-24,5,0,70.0,80.0,,Seward,,0.0,N,,,,,,
63.59374227017426,-163.9606032156827,2017-04-20,3,0,85.0,90.0,,Seward,,0.0,N,,,,,,
63.59392478532512,-163.96316801213348,2017-04-20,3,1,75.0,85.0,,Seward,,0.0,N,,,,,,
63.878848622239296,-164.46172055156384,2017-11-17,4,1,55.0,60.0,,Seward,,0.0,N,,,,,,
64.16184576244869,-164.98852454150762,2018-06-17,6,0,75.0,80.0,,Seward,,0.0,N,,,,,,
64.16166723238001,-164.9894020540198,2018-06-17,6,1,43.0,100.0,,Seward,,0.0,N,,,,,,
63.5894269317504,-164.0318236189883,2017-04-20,3,1,86.0,90.0,,Seward,,0.0,N,,,,,,
64.04673524123521,-164.80097890175762,2018-03-24,5,1,60.0,80.0,,Seward,,0.0,N,,,,,,
63.587704366540855,-164.03538503444844,2017-04-20,3,1,62.0,70.0,,Seward,,0.0,N,,,,,,
63.87335319097254,-164.5239563677215,2017-11-17,4,0,75.0,80.0,,Seward,,0.0,N,,,,,,
64.04051029707398,-164.56359400730523,2018-03-24,5,0,76.0,85.0,,Seward,,0.0,N,,,,,,
63.86256449862986,-164.22145431900847,2017-11-17,4,0,85.0,90.0,,Seward,,0.0,N,,,,,,
63.57372625881849,-163.64358401009974,2017-04-20,3,0,95.0,100.0,,Seward,,0.0,N,,,,,,
63.57406894449235,-163.6432685047629,2017-04-20,3,0,65.0,80.0,,Seward,,0.0,N,,,,,,
63.57344412082068,-163.64701121360528,2017-04-20,3,0,56.0,75.0,,Seward,,0.0,N,,,,,,
63.57225089314039,-163.6550735678923,2017-04-20,3,0,56.0,60.0,,Seward,,0.0,N,,,,,,
63.57207532185573,-163.65890543869747,2017-04-20,3,0,68.0,80.0,,Seward,,0.0,N,,,,,,
63.57230269513258,-163.65671911401043,2017-04-20,3,1,62.0,80.0,,Seward,,0.0,N,,,,,,
63.74771707142836,-163.87525761499714,2017-04-20,3,0,52.0,75.0,,Seward,,0.0,N,,,,,,
63.753611014110454,-163.8718569803227,2017-04-20,3,0,75.0,80.0,,Seward,,0.0,N,,,,,,
64.00191993800713,-164.39622816207617,2017-11-17,4,1,78.0,82.0,,Seward,,0.0,N,,,,,,
63.74754953232167,-163.85166836624262,2017-04-20,3,0,65.0,86.0,,Seward,,0.0,N,,,,,,
63.75186442688902,-163.85121632548936,2017-04-20,3,0,65.0,70.0,,Seward,,0.0,N,,,,,,
64.00275366105726,-164.39092169543463,2017-11-17,4,0,70.0,75.0,,Seward,,0.0,N,,,,,,
63.74970026971496,-163.84728088055857,2017-04-20,3,0,110.0,120.0,,Seward,,0.0,N,,,,,,
68.15535922704346,-157.64668409653257,2014-08-31,3,0,111.5,124.33333333333333,,Wagner_2019,,0.0,N,,,,,,
68.03612876634237,-157.45396834868566,2014-08-31,3,0,135.0,138.33333333333334,,Wagner_2019,,0.0,N,,,,,,
68.85970198756091,-157.2546082268489,2014-11-30,4,1,162.0,232.0,,Wagner_2019,,0.0,N,,,,,,
69.35335252923127,-157.136066304852,2015-01-24,5,1,157.0,158.4,,Wagner_2019,,0.0,N,,,,,,
68.03330280296278,-157.46035702366552,2014-08-31,3,1,110.33333333333333,113.66666666666667,,Wagner_2019,,0.0,N,,,,,,
68.03326411363427,-157.46311834851443,2014-08-31,3,0,240.66666666666666,241.0,,Wagner_2019,,0.0,N,,,,,,
67.88816566079775,-157.44936568300673,2014-08-31,3,0,159.5,153.0,,Wagner_2019,,0.0,N,,,,,,
68.14815044670111,-157.33484691392277,2014-08-31,3,0,65.0,110.66666666666667,,Wagner_2019,,0.0,N,,,,,,
68.1481222203949,-157.3373029978065,2014-08-31,3,0,155.5,144.66666666666666,,Wagner_2019,,0.0,N,,,,,,
68.14748004693587,-157.3406265296296,2014-08-31,3,1,103.33333333333333,106.33333333333333,,Wagner_2019,,0.0,N,,,,,,
69.4218054944223,-157.06784980735216,2015-01-24,5,0,138.25,134.0,,Wagner_2019,,0.0,N,,,,,,
68.14873490990506,-157.3536635433728,2014-08-31,3,1,120.33333333333333,126.66666666666667,,Wagner_2019,,0.0,N,,,,,,
68.1499060418788,-157.8807263238583,2014-08-31,3,1,190.66666666666666,191.33333333333334,,Wagner_2019,,0.0,N,,,,,,
68.14988468011892,-157.88731784477662,2014-08-31,3,0,277.3333333333333,279.6666666666667,,Wagner_2019,,0.0,N,,,,,,
68.17033952064145,-157.46129853842208,2014-08-31,3,1,105.0,120.66666666666667,,Wagner_2019,,0.0,N,,,,,,
68.95816650249589,-157.25808013713953,2014-11-30,4,1,123.75,125.0,,Wagner_2019,,0.0,N,,,,,,
68.83775072672327,-157.62674024458084,2014-11-30,4,0,138.0,140.5,,Wagner_2019,,0.0,N,,,,,,
68.8371823260209,-157.6302232588538,2014-11-30,4,1,105.0,107.75,,Wagner_2019,,0.0,N,,,,,,
68.93045822679944,-157.04202922519812,2014-11-30,4,0,140.0,359.5,,Wagner_2019,,0.0,N,,,,,,
68.91630881841861,-157.05229102338765,2014-11-30,4,1,133.75,136.25,,Wagner_2019,,0.0,N,,,,,,
68.08646905153093,-157.2508751127888,2014-08-31,3,0,117.0,129.33333333333334,,Wagner_2019,,0.0,N,,,,,,
68.83987152919849,-157.21475378776637,2014-11-30,4,1,77.0,104.5,,Wagner_2019,,0.0,N,,,,,,
68.00945241831103,-157.3943134534794,2014-08-31,3,1,96.0,101.0,,Wagner_2019,,0.0,N,,,,,,
68.96584924084182,-157.26141098091372,2014-11-30,4,0,130.5,133.75,,Wagner_2019,,0.0,N,,,,,,
68.96427367046266,-157.25686564924445,2014-11-30,4,0,122.0,144.0,,Wagner_2019,,0.0,N,,,,,,
68.17239955552061,-157.45725817080498,2014-08-31,3,0,131.33333333333334,138.0,,Wagner_2019,,0.0,N,,,,,,
68.20545503803714,-157.3034990332933,2014-08-31,3,0,80.0,146.66666666666666,,Wagner_2019,,0.0,N,,,,,,
68.1209283729096,-157.53802924770568,2014-08-31,3,1,41.666666666666664,134.0,,Wagner_2019,,0.0,N,,,,,,
68.12226642132397,-157.54701298115228,2014-08-31,3,1,50.666666666666664,171.33333333333334,,Wagner_2019,,0.0,N,,,,,,
68.92471033281305,-157.3295674288111,2014-11-30,4,1,75.5,127.0,,Wagner_2019,,0.0,N,,,,,,
69.40658598285084,-157.19862315622544,2015-01-24,5,1,68.4,142.6,,Wagner_2019,,0.0,N,,,,,,
68.12618101617717,-157.55525449128365,2014-08-31,3,1,66.0,102.0,,Wagner_2019,,0.0,N,,,,,,
68.11636339997223,-157.95021017156932,2014-08-31,3,1,48.0,119.0,,Wagner_2019,,0.0,N,,,,,,
68.11783011509294,-157.9509445196261,2014-08-31,3,1,68.66666666666667,136.0,,Wagner_2019,,0.0,N,,,,,,
68.11963109180613,-157.95113937122514,2014-08-31,3,1,59.5,119.33333333333333,,Wagner_2019,,0.0,N,,,,,,
68.12182926837254,-157.95109782323757,2014-08-31,3,1,45.0,115.0,,Wagner_2019,,0.0,N,,,,,,
68.13472147611881,-157.17955882884013,2014-08-31,3,1,31.0,104.0,,Wagner_2019,,0.0,N,,,,,,
71.32827256453774,-156.66624809473655,2015-09-01,2,0,32.0,156.5,,Wagner_2019,,,,,,,,,
68.01430781688471,-157.66523590408838,2014-08-31,3,0,65.0,112.0,,Wagner_2019,,0.0,N,,,,,,
68.84415251320593,-157.41632380181034,2014-11-30,4,1,80.0,149.75,,Wagner_2019,,0.0,N,,,,,,
68.01567724731429,-157.6644798037461,2014-08-31,3,1,36.0,131.66666666666666,,Wagner_2019,,0.0,N,,,,,,
68.03390647947809,-157.87963939705602,2014-08-31,3,1,54.0,105.0,,Wagner_2019,,0.0,N,,,,,,
68.88123647905832,-157.63949120346896,2014-11-30,4,1,33.5,99.5,,Wagner_2019,,0.0,N,,,,,,
68.0659854109513,-157.96506616140292,2014-08-31,3,1,86.66666666666667,128.66666666666666,,Wagner_2019,,0.0,N,,,,,,
68.06676468184565,-157.96830711685917,2014-08-31,3,1,30.0,110.0,,Wagner_2019,,0.0,N,,,,,,
71.32889394224071,-156.66689546040598,2015-09-01,2,1,60.0,164.0,,Wagner_2019,,,,,,,,,
68.06874527595654,-157.97025385622976,2014-08-31,3,1,28.666666666666668,123.66666666666667,,Wagner_2019,,0.0,N,,,,,,
71.32937983240737,-156.66544615839513,2015-09-01,2,0,107.0,163.0,,Wagner_2019,,,,,,,,,
68.06662768459121,-157.95892857026226,2014-08-31,3,1,63.666666666666664,119.0,,Wagner_2019,,0.0,N,,,,,,
66.96323450000001,-152.6621239,2015-07-11,3,0,50.0,87.0,101.0,Wang_2018,,0.0,N,,,,,,
66.27578036666667,-142.6229865,2015-12-22,3,1,72.89999999999999,100.23333333333333,100.0,Zhang_2019,,7.666666666666667,N,,,,,,
66.68464730000001,-140.26287710000003,2016-05-20,4,1,55.375,70.875,100.0,Zhang_2019,,27.5,N,,,,,,
66.12467356666666,-142.4494821,2015-12-21,3,1,38.63333333333333,41.63333333333333,100.0,Zhang_2019,,23.766666666666666,N,,,,,,
67.40264034285714,-137.31384789999998,2016-11-29,7,1,86.0,92.57142857142857,100.0,Zhang_2019,,3.5714285714285716,N,,,,,,
66.08946686666667,-142.02177433333333,2015-12-21,3,1,51.1,55.1,100.0,Zhang_2019,,11.333333333333334,N,,,,,,
66.10368816666666,-142.02090996666666,2015-12-21,3,0,48.0,84.0,100.0,Zhang_2019,,2.6666666666666665,N,,,,,,
66.2026626,-142.21698566666666,2015-12-21,3,1,38.11666666666667,40.449999999999996,100.0,Zhang_2019,,24.666666666666668,N,,,,,,
66.90868716666667,-141.780311,2015-12-23,3,1,68.66666666666667,70.33333333333333,100.0,Zhang_2019,,3.6666666666666665,N,,,,,,
66.87565783333334,-141.7929965,2015-12-23,3,1,56.53333333333333,59.86666666666667,100.0,Zhang_2019,,2.3333333333333335,N,,,,,,
67.522121225,-139.606526175,2016-05-23,4,1,56.712500000000006,59.212500000000006,100.0,Zhang_2019,,32.0,N,,,,,,
66.89767253333333,-141.80004543333334,2015-12-24,3,1,58.23333333333333,60.23333333333333,100.0,Zhang_2019,,9.0,N,,,,,,
66.7832423,-140.8860549,2015-12-24,3,1,53.96666666666667,54.96666666666667,100.0,Zhang_2019,,16.666666666666668,N,,,,,,
66.5798832,-141.18754066666665,2015-12-24,3,1,76.44333333333333,77.11,100.0,Zhang_2019,,3.0,N,,,,,,
67.31332315,-138.752988,2016-05-22,4,1,54.9375,79.9375,100.0,Zhang_2019,,10.75,N,,,,,,
66.69215546666666,-140.7621816,2015-12-24,3,1,67.10000000000001,68.76666666666667,100.0,Zhang_2019,,34.333333333333336,N,,,,,,
62.1532778,-159.377693,2012-08-30,1,1,44.0,57.0,,Pastick,,0.0,N,,,,,,
62.1527878,-159.3662697,2012-08-30,1,1,64.0,78.0,,Pastick,,0.0,N,,,,,,
61.5195528,-156.5021347,2012-08-30,1,1,118.0,152.0,,Pastick,,0.0,N,,,,,,
61.1452082,-156.3492856,2012-08-30,1,1,88.0,150.0,,Pastick,,0.0,N,,,,,,
61.1600481,-156.3488394,2012-08-30,1,1,80.0,150.0,,Pastick,,0.0,N,,,,,,
61.2050966,-157.3746271,2012-08-30,1,1,88.0,152.0,,Pastick,,0.0,N,,,,,,
61.386814,-156.4083362,2012-08-30,1,1,97.0,152.0,,Pastick,,0.0,N,,,,,,
61.3891119,-156.389473,2012-08-30,1,1,68.0,152.0,,Pastick,,0.0,N,,,,,,
61.6665922,-156.1464802,2012-08-30,1,1,40.0,152.0,,Pastick,,0.0,N,,,,,,
61.6667998,-156.1590478,2012-08-30,1,1,32.0,152.0,,Pastick,,0.0,N,,,,,,
61.6664233,-156.166453,2012-08-30,1,1,58.0,152.0,,Pastick,,0.0,N,,,,,,
61.5077877,-160.6211719,2012-08-30,1,1,68.0,95.0,,Pastick,,0.0,N,,,,,,
61.6994093,-160.1149587,2012-08-30,1,1,65.0,75.0,,Pastick,,0.0,N,,,,,,
62.6719822,-160.5185512,2012-08-30,1,1,70.0,80.0,,Pastick,,0.0,N,,,,,,
62.0945642,-159.3601478,2012-08-30,1,1,110.0,120.0,,Pastick,,0.0,N,,,,,,
62.0895459,-159.3498246,2012-08-30,1,1,78.0,90.0,,Pastick,,0.0,N,,,,,,
61.4750721,-159.22725,2012-08-30,1,1,61.0,83.0,,Pastick,,0.0,N,,,,,,
61.4762296,-159.238108,2012-08-30,1,1,82.0,94.0,,Pastick,,0.0,N,,,,,,
61.476468,-159.2503486,2012-08-30,1,1,43.0,68.0,,Pastick,,0.0,N,,,,,,
64.8053913,-165.4812933,2012-08-30,1,1,78.0,150.0,,Pastick,,0.0,N,,,,,,
64.8022892,-165.4721019,2012-08-30,1,1,120.0,152.0,,Pastick,,0.0,N,,,,,,
64.8846072,-165.4187314,2012-08-30,1,1,33.0,150.0,,Pastick,,0.0,N,,,,,,
64.7963106,-165.42538,2012-08-30,1,1,100.0,150.0,,Pastick,,0.0,N,,,,,,
64.7967958,-165.428271,2012-08-30,1,1,58.0,150.0,,Pastick,,0.0,N,,,,,,
64.7967845,-165.4290917,2012-08-30,1,1,24.0,150.0,,Pastick,,0.0,N,,,,,,
64.8133625,-165.4940713,2012-08-30,1,1,74.0,150.0,,Pastick,,0.0,N,,,,,,
64.7900519,-165.6330662,2012-08-30,1,1,45.0,150.0,,Pastick,,0.0,N,,,,,,
64.8142052,-165.4778282,2012-08-30,1,1,95.0,150.0,,Pastick,,0.0,N,,,,,,
64.7859138,-165.5943215,2012-08-30,1,1,40.0,65.0,,Pastick,,0.0,N,,,,,,
64.8303451,-165.6345181,2012-08-30,1,1,48.0,60.0,,Pastick,,0.0,N,,,,,,
64.8193858,-165.4107884,2012-08-30,1,1,40.0,152.0,,Pastick,,0.0,N,,,,,,
64.8186065,-165.4135358,2012-08-30,1,1,65.0,150.0,,Pastick,,0.0,N,,,,,,
64.8020785,-165.4413852,2012-08-30,1,1,130.0,150.0,,Pastick,,0.0,N,,,,,,
64.7916154,-165.6023591,2012-08-30,1,1,67.0,150.0,,Pastick,,0.0,N,,,,,,
64.79035,-165.5682431,2012-08-30,1,1,74.0,150.0,,Pastick,,0.0,N,,,,,,
64.7521897,-165.6338399,2012-08-30,1,1,79.0,152.0,,Pastick,,0.0,N,,,,,,
64.7608128,-165.633937,2012-08-30,1,1,41.0,150.0,,Pastick,,0.0,N,,,,,,
64.7682249,-165.6339216,2012-08-30,1,1,79.0,150.0,,Pastick,,0.0,N,,,,,,
62.0702782,-160.0623627,2014-02-07,1,1,77.0,230.0,,Pastick,,0.0,N,,,,,,
64.5353317261,-163.418334961,2012-08-30,1,1,64.0,152.0,,Pastick,,0.0,N,,,,,,
61.54475,-164.9143333,2012-08-30,1,1,64.0,152.0,,Pastick,,0.0,N,,,,,,
59.7872222,-159.8325,2013-12-13,1,1,120.0,152.0,,Pastick,,0.0,N,,,,,,
59.1472222,-160.8630556,2013-12-13,1,1,41.0,152.0,,Pastick,,0.0,N,,,,,,
59.0516667,-161.2158333,2013-12-13,1,1,79.0,150.0,,Pastick,,0.0,N,,,,,,
59.05,-161.2208333,2013-12-13,1,1,52.0,152.0,,Pastick,,0.0,N,,,,,,
59.3261111,-159.8816667,2013-12-13,1,1,62.0,152.0,,Pastick,,0.0,N,,,,,,
59.3697222,-157.4422222,2013-11-29,1,1,152.0,183.0,,Pastick,,0.0,N,,,,,,
58.6519444,-158.0677778,2013-11-29,1,1,26.0,58.0,,Pastick,,0.0,N,,,,,,
58.6486111,-158.0663889,2013-11-29,1,1,44.0,74.0,,Pastick,,0.0,N,,,,,,
58.8688889,-157.5588889,2013-11-29,1,1,32.0,80.0,,Pastick,,0.0,N,,,,,,
58.8663889,-157.5658333,2013-11-29,1,1,56.0,75.0,,Pastick,,0.0,N,,,,,,
58.8633333,-157.5944444,2013-11-29,1,1,46.0,70.0,,Pastick,,0.0,N,,,,,,
58.8625,-157.6111111,2013-11-29,1,1,79.0,95.0,,Pastick,,0.0,N,,,,,,
59.1988889,-158.0997222,2013-11-29,1,1,48.0,84.0,,Pastick,,0.0,N,,,,,,
59.2519444,-157.7338889,2013-11-29,1,1,55.0,75.0,,Pastick,,0.0,N,,,,,,
59.2383333,-157.7416667,2013-11-29,1,1,89.0,91.0,,Pastick,,0.0,N,,,,,,
59.2188889,-157.7819444,2013-11-29,1,1,51.0,55.0,,Pastick,,0.0,N,,,,,,
58.8775,-157.1022222,2013-11-29,1,1,35.0,40.0,,Pastick,,0.0,N,,,,,,
58.8811111,-157.1108333,2013-11-29,1,1,60.0,65.0,,Pastick,,0.0,N,,,,,,
58.8819444,-157.1130556,2013-11-29,1,1,32.0,65.0,,Pastick,,0.0,N,,,,,,
58.8841667,-157.1130556,2013-11-29,1,1,75.0,80.0,,Pastick,,0.0,N,,,,,,
58.8877778,-157.1211111,2013-11-29,1,1,40.0,85.0,,Pastick,,0.0,N,,,,,,
58.6525,-158.0675,2013-11-29,1,1,40.0,100.0,,Pastick,,0.0,N,,,,,,
58.6747222,-158.0416667,2013-11-29,1,1,50.0,57.0,,Pastick,,0.0,N,,,,,,
58.78,-157.945,2013-11-29,1,1,51.0,93.0,,Pastick,,0.0,N,,,,,,
58.7880556,-157.9569444,2013-11-29,1,1,60.0,80.0,,Pastick,,0.0,N,,,,,,
59.2019444,-157.9555556,2013-11-29,1,1,68.0,90.0,,Pastick,,0.0,N,,,,,,
58.9894444,-157.0902778,2013-11-29,1,1,100.0,152.0,,Pastick,,0.0,N,,,,,,
58.99,-157.1041667,2013-11-29,1,1,80.0,152.0,,Pastick,,0.0,N,,,,,,
59.1541667,-157.5588889,2013-11-29,1,1,45.0,75.0,,Pastick,,0.0,N,,,,,,
59.0405556,-158.0219444,2013-11-29,1,1,71.0,90.0,,Pastick,,0.0,N,,,,,,
59.6211111,-157.2308333,2013-11-29,1,1,142.0,183.0,,Pastick,,0.0,N,,,,,,
59.5997222,-157.2241667,2013-11-29,1,1,158.0,165.0,,Pastick,,0.0,N,,,,,,
58.6919444,-158.1561111,2013-11-29,1,1,21.0,72.0,,Pastick,,0.0,N,,,,,,
58.69,-158.1627778,2013-11-29,1,1,42.0,152.0,,Pastick,,0.0,N,,,,,,
58.8622222,-157.8133333,2013-11-29,1,1,65.0,152.0,,Pastick,,0.0,N,,,,,,
59.1319444,-157.7772222,2013-11-29,1,1,42.0,74.0,,Pastick,,0.0,N,,,,,,
58.975,-157.9016667,2013-11-29,1,1,62.0,95.0,,Pastick,,0.0,N,,,,,,
59.1869444,-158.0077778,2013-11-29,1,1,85.0,152.0,,Pastick,,0.0,N,,,,,,
59.1808333,-158.0161111,2013-11-29,1,1,85.0,152.0,,Pastick,,0.0,N,,,,,,
59.1052778,-158.3088889,2013-11-29,1,1,92.0,152.0,,Pastick,,0.0,N,,,,,,
59.2019444,-157.1997222,2013-11-29,1,1,85.0,152.0,,Pastick,,0.0,N,,,,,,
59.1936111,-157.2105556,2013-11-29,1,1,89.0,200.0,,Pastick,,0.0,N,,,,,,
59.0672222,-157.2180556,2013-11-29,1,1,125.0,152.0,,Pastick,,0.0,N,,,,,,
58.8005556,-157.8216667,2013-11-29,1,1,85.0,115.0,,Pastick,,0.0,N,,,,,,
58.8186111,-157.8277778,2013-11-29,1,1,70.0,100.0,,Pastick,,0.0,N,,,,,,
58.9013889,-157.3475,2013-11-29,1,1,53.0,190.0,,Pastick,,0.0,N,,,,,,
58.9041667,-157.3591667,2013-11-29,1,1,38.0,77.0,,Pastick,,0.0,N,,,,,,
59.4021861,-157.5475361,2013-11-29,1,1,50.0,120.0,,Pastick,,0.0,N,,,,,,
58.8011111,-158.5475,2013-11-29,1,1,120.0,150.0,,Pastick,,0.0,N,,,,,,
59.7241667,-157.2927778,2013-11-29,1,1,80.0,136.0,,Pastick,,0.0,N,,,,,,
59.7222222,-157.2919444,2013-11-29,1,1,73.0,87.0,,Pastick,,0.0,N,,,,,,
59.8169444,-157.0313889,2013-11-29,1,1,65.0,75.0,,Pastick,,0.0,N,,,,,,
59.9086111,-156.6252778,2013-11-29,1,1,70.0,92.0,,Pastick,,0.0,N,,,,,,
59.9197222,-156.6275,2013-11-29,1,1,50.0,72.0,,Pastick,,0.0,N,,,,,,
60.0238889,-157.2330556,2013-11-29,1,1,68.0,82.0,,Pastick,,0.0,N,,,,,,
60.0772222,-157.1927778,2013-11-29,1,1,69.0,90.0,,Pastick,,0.0,N,,,,,,
59.6636111,-156.8772222,2013-11-29,1,1,40.0,65.0,,Pastick,,0.0,N,,,,,,
59.6586111,-156.8894444,2013-11-29,1,1,55.0,90.0,,Pastick,,0.0,N,,,,,,
59.6613889,-156.8680556,2013-11-29,1,1,44.0,55.0,,Pastick,,0.0,N,,,,,,
59.7027778,-156.8119444,2013-11-29,1,1,48.0,65.0,,Pastick,,0.0,N,,,,,,
59.7291667,-157.2627778,2013-11-29,1,1,32.0,65.0,,Pastick,,0.0,N,,,,,,
60.0436111,-156.7766667,2013-11-29,1,1,90.0,110.0,,Pastick,,0.0,N,,,,,,
59.8132667,-157.0513806,2013-11-29,1,1,31.0,90.0,,Pastick,,0.0,N,,,,,,
60.1816667,-157.3919444,2013-11-29,1,1,112.0,115.0,,Pastick,,0.0,N,,,,,,
60.1663889,-157.4247222,2013-11-29,1,1,85.0,130.0,,Pastick,,0.0,N,,,,,,
60.1661111,-157.4238889,2013-11-29,1,1,100.0,103.0,,Pastick,,0.0,N,,,,,,
60.035,-157.6130556,2013-11-29,1,1,105.0,110.0,,Pastick,,0.0,N,,,,,,
59.0741667,-157.7747222,2013-11-29,1,1,70.0,100.0,,Pastick,,0.0,N,,,,,,
60.3708333,-157.9038889,2013-11-29,1,1,60.0,82.0,,Pastick,,0.0,N,,,,,,
60.725,-154.6705556,2013-11-29,1,1,64.0,70.0,,Pastick,,0.0,N,,,,,,
60.0966667,-156.2466667,2013-11-29,1,1,42.0,59.0,,Pastick,,0.0,N,,,,,,
60.0963889,-156.2497222,2013-11-29,1,1,90.0,98.0,,Pastick,,0.0,N,,,,,,
60.0961111,-156.2513889,2013-11-29,1,1,61.0,69.0,,Pastick,,0.0,N,,,,,,
60.3972222,-156.1627778,2013-11-29,1,1,60.0,74.0,,Pastick,,0.0,N,,,,,,
59.8897222,-156.0227778,2013-11-29,1,1,60.0,75.0,,Pastick,,0.0,N,,,,,,
59.4361111,-157.34,2013-11-29,1,1,75.0,92.0,,Pastick,,0.0,N,,,,,,
59.8816667,-155.6033333,2013-11-29,1,1,65.0,80.0,,Pastick,,0.0,N,,,,,,
58.9275,-157.4519444,2013-11-29,1,1,45.0,100.0,,Pastick,,0.0,N,,,,,,
58.9425,-157.38,2013-11-29,1,1,60.0,85.0,,Pastick,,0.0,N,,,,,,
59.6916667,-157.2588889,2013-11-29,1,1,85.0,123.0,,Pastick,,0.0,N,,,,,,
59.6675,-157.2019444,2013-11-29,1,1,70.0,85.0,,Pastick,,0.0,N,,,,,,
59.6313889,-157.2291667,2013-11-29,1,1,55.0,90.0,,Pastick,,0.0,N,,,,,,
59.6408333,-157.2113889,2013-11-29,1,1,78.0,95.0,,Pastick,,0.0,N,,,,,,
59.5533333,-157.2327778,2013-11-29,1,1,127.0,130.0,,Pastick,,0.0,N,,,,,,
59.5441667,-157.3791667,2013-11-29,1,1,85.0,100.0,,Pastick,,0.0,N,,,,,,
58.9311111,-157.205,2013-11-29,1,1,105.0,0.0,,Pastick,,0.0,N,,,,,,
59.6161111,-157.3669444,2013-11-29,1,1,80.0,120.0,,Pastick,,0.0,N,,,,,,
59.3730556,-157.4388889,2013-11-29,1,1,130.0,0.0,,Pastick,,0.0,N,,,,,,
64.9075012,-163.6734772,2014-01-14,1,0,90.0,110.0,,Pastick,,0.0,N,,,,,,
64.9005814,-163.6649933,2014-01-14,1,0,60.0,80.0,,Pastick,,0.0,N,,,,,,
59.0666656,-158.6000061,2014-01-17,1,0,66.0,91.0,,Pastick,,0.0,N,,,,,,
59.9833336,-154.8500061,2014-01-17,1,0,33.0,76.0,,Pastick,,0.0,N,,,,,,
59.5833321,-159.0666656,2014-01-17,1,0,53.0,53.0,,Pastick,,0.0,N,,,,,,
59.9166679,-159.0333405,2014-01-17,1,0,38.0,46.0,,Pastick,,0.0,N,,,,,,
58.7000008,-156.6833344,2014-01-17,1,0,114.0,137.0,,Pastick,,0.0,N,,,,,,
58.7166672,-156.7666626,2014-01-17,1,0,94.0,114.0,,Pastick,,0.0,N,,,,,,
66.0333328,-154.25,2014-01-17,1,0,47.0,80.0,,Pastick,,0.0,N,,,,,,
64.9166641,-157.6333313,2014-01-17,1,0,75.0,100.0,,Pastick,,0.0,N,,,,,,
61.5833321,-159.5771942,2014-01-17,1,0,230.0,230.0,,Pastick,,0.0,N,,,,,,
61.5266953,-159.7784729,2014-01-17,1,0,114.0,200.0,,Pastick,,0.0,N,,,,,,
61.5659083,-159.5278182,2012-08-30,1,0,15.0,71.0,,Pastick,,0.0,N,,,,,,
61.5667687,-159.5258561,2012-08-30,1,0,145.0,200.0,,Pastick,,0.0,N,,,,,,
61.5671382,-159.5254858,2012-08-30,1,0,140.0,200.0,,Pastick,,0.0,N,,,,,,
61.571774,-159.5563496,2012-08-30,1,0,180.0,200.0,,Pastick,,0.0,N,,,,,,
61.5734826,-159.5444797,2012-08-30,1,0,185.0,220.0,,Pastick,,0.0,N,,,,,,
61.5871612,-159.4931969,2012-08-30,1,0,140.0,999.0,,Pastick,,0.0,N,,,,,,
61.594346,-159.4899006,2013-06-18,1,0,160.0,180.0,,Pastick,,0.0,N,,,,,,
61.5314633,-158.7869679,2012-08-30,1,0,152.0,200.0,,Pastick,,0.0,N,,,,,,
61.6017171,-159.5598644,2012-08-30,1,0,115.0,999.0,,Pastick,,0.0,N,,,,,,
61.5870341,-159.5610878,2012-08-30,1,0,190.0,400.0,,Pastick,,0.0,N,,,,,,
61.5810765,-159.2371223,2012-08-30,1,0,127.0,200.0,,Pastick,,0.0,N,,,,,,
61.5812611,-159.2394027,2012-08-30,1,0,180.0,200.0,,Pastick,,0.0,N,,,,,,
61.5816513,-159.2420802,2012-08-30,1,0,110.0,200.0,,Pastick,,0.0,N,,,,,,
61.5803271,-159.2446878,2012-08-30,1,0,108.0,131.0,,Pastick,,0.0,N,,,,,,
61.580628,-159.2470444,2012-08-30,1,0,70.0,73.0,,Pastick,,0.0,N,,,,,,
61.5400184,-160.3161113,2012-08-30,1,0,140.0,200.0,,Pastick,,0.0,N,,,,,,
61.5410019,-160.3193322,2012-08-30,1,0,32.0,200.0,,Pastick,,0.0,N,,,,,,
61.5453738,-160.328662,2012-08-30,1,0,120.0,150.0,,Pastick,,0.0,N,,,,,,
61.5460996,-160.3269619,2012-08-30,1,0,46.0,57.0,,Pastick,,0.0,N,,,,,,
61.547428,-160.3251558,2012-08-30,1,0,180.0,200.0,,Pastick,,0.0,N,,,,,,
61.5489559,-160.3268392,2012-08-30,1,0,120.0,125.0,,Pastick,,0.0,N,,,,,,
61.5261836,-158.7445138,2012-08-30,1,0,22.0,58.0,,Pastick,,0.0,N,,,,,,
61.5208114,-158.7521522,2012-08-30,1,0,173.0,200.0,,Pastick,,0.0,N,,,,,,
61.5354584,-158.6054937,2012-08-30,1,0,20.0,90.0,,Pastick,,0.0,N,,,,,,
61.5368887,-158.6064912,2012-08-30,1,0,45.0,100.0,,Pastick,,0.0,N,,,,,,
61.5930322,-159.0170138,2012-08-30,1,0,59.0,89.0,,Pastick,,0.0,N,,,,,,
61.5825595,-159.9408528,2012-08-30,1,0,95.0,999.0,,Pastick,,0.0,N,,,,,,
61.8633948,-158.1440122,2012-08-30,1,0,56.0,200.0,,Pastick,,0.0,N,,,,,,
61.8719205,-158.1165847,2012-08-30,1,0,50.0,999.0,,Pastick,,0.0,N,,,,,,
61.8731872,-158.1181264,2012-08-30,1,0,14.0,42.0,,Pastick,,0.0,N,,,,,,
61.5822822,-159.5747517,2012-08-30,1,0,230.0,999.0,,Pastick,,0.0,N,,,,,,
61.5256285,-158.7760095,2012-08-30,1,0,111.0,200.0,,Pastick,,0.0,N,,,,,,
61.8478998,-157.6035803,2012-08-30,1,0,7.0,64.0,,Pastick,,0.0,N,,,,,,
61.8492278,-157.6026269,2012-08-30,1,0,71.0,100.0,,Pastick,,0.0,N,,,,,,
61.8510299,-157.5997324,2012-08-30,1,0,75.0,999.0,,Pastick,,0.0,N,,,,,,
61.8555247,-157.5888653,2012-08-30,1,0,70.0,152.0,,Pastick,,0.0,N,,,,,,
61.7082255,-157.1556941,2012-08-30,1,0,104.0,200.0,,Pastick,,0.0,N,,,,,,
61.7068965,-157.1397514,2012-08-30,1,0,120.0,200.0,,Pastick,,0.0,N,,,,,,
61.8418417,-157.6100109,2012-08-30,1,0,137.0,200.0,,Pastick,,0.0,N,,,,,,
61.8405526,-157.6121588,2012-08-30,1,0,38.0,100.0,,Pastick,,0.0,N,,,,,,
61.8379444,-157.6134923,2012-08-30,1,0,80.0,100.0,,Pastick,,0.0,N,,,,,,
61.8358863,-157.6159594,2012-08-30,1,0,62.0,100.0,,Pastick,,0.0,N,,,,,,
61.5901603,-159.488007,2012-08-30,1,0,22.0,109.0,,Pastick,,0.0,N,,,,,,
61.6004891,-159.4660251,2012-08-30,1,0,72.0,106.0,,Pastick,,0.0,N,,,,,,
61.5977543,-159.4702994,2012-08-30,1,0,100.0,100.0,,Pastick,,0.0,N,,,,,,
61.8334446,-157.6186712,2012-08-30,1,0,28.0,183.0,,Pastick,,0.0,N,,,,,,
61.8316789,-157.6225488,2012-08-30,1,0,57.0,999.0,,Pastick,,0.0,N,,,,,,
61.5986649,-159.4846167,2012-08-30,1,0,93.0,100.0,,Pastick,,0.0,N,,,,,,
61.5864735,-159.5306168,2012-08-30,1,0,160.0,195.0,,Pastick,,0.0,N,,,,,,
61.5870181,-159.5290813,2012-08-30,1,0,80.0,195.0,,Pastick,,0.0,N,,,,,,
61.5866034,-159.5272093,2012-08-30,1,0,160.0,200.0,,Pastick,,0.0,N,,,,,,
61.5815935,-159.5676947,2012-08-30,1,0,80.0,200.0,,Pastick,,0.0,N,,,,,,
61.5829394,-159.5721646,2012-08-30,1,0,160.0,200.0,,Pastick,,0.0,N,,,,,,
61.5669517,-159.5296056,2012-08-30,1,0,120.0,135.0,,Pastick,,0.0,N,,,,,,
61.5658726,-159.5460218,2012-08-30,1,0,120.0,200.0,,Pastick,,0.0,N,,,,,,
61.5679025,-159.5251599,2012-08-30,1,0,135.0,200.0,,Pastick,,0.0,N,,,,,,
61.5789353,-159.5849351,2012-08-30,1,0,175.0,200.0,,Pastick,,0.0,N,,,,,,
61.5789196,-159.5844075,2012-08-30,1,0,16.0,200.0,,Pastick,,0.0,N,,,,,,
61.5789312,-159.5623727,2012-08-30,1,0,135.0,200.0,,Pastick,,0.0,N,,,,,,
61.5873608,-159.4926349,2012-08-30,1,0,60.0,200.0,,Pastick,,0.0,N,,,,,,
61.5907627,-159.4902774,2012-08-30,1,0,127.0,200.0,,Pastick,,0.0,N,,,,,,
61.5899293,-159.4923554,2012-08-30,1,0,100.0,175.0,,Pastick,,0.0,N,,,,,,
61.5931639,-159.4890906,2012-08-30,1,0,90.0,135.0,,Pastick,,0.0,N,,,,,,
61.5348976,-158.7844432,2012-08-30,1,0,110.0,110.0,,Pastick,,0.0,N,,,,,,
61.5318241,-158.7880561,2012-08-30,1,0,46.0,75.0,,Pastick,,0.0,N,,,,,,
61.5996875,-159.5578301,2012-08-30,1,0,100.0,120.0,,Pastick,,0.0,N,,,,,,
61.6015876,-159.5585993,2012-08-30,1,0,72.0,89.0,,Pastick,,0.0,N,,,,,,
61.6016118,-159.5570543,2012-08-30,1,0,98.0,999.0,,Pastick,,0.0,N,,,,,,
61.5804532,-159.23934,2012-08-30,1,0,155.0,200.0,,Pastick,,0.0,N,,,,,,
61.5800529,-159.2423879,2012-08-30,1,0,140.0,200.0,,Pastick,,0.0,N,,,,,,
61.5796356,-159.244833,2012-08-30,1,0,170.0,200.0,,Pastick,,0.0,N,,,,,,
61.5813092,-159.2426238,2012-08-30,1,0,130.0,200.0,,Pastick,,0.0,N,,,,,,
61.5400431,-160.3172787,2012-08-30,1,0,130.0,200.0,,Pastick,,0.0,N,,,,,,
61.5399936,-160.3186875,2012-08-30,1,0,100.0,200.0,,Pastick,,0.0,N,,,,,,
61.5474205,-160.3259269,2012-08-30,1,0,170.0,200.0,,Pastick,,0.0,N,,,,,,
61.5498113,-160.3275155,2012-08-30,1,0,180.0,200.0,,Pastick,,0.0,N,,,,,,
61.5514289,-160.3264367,2012-08-30,1,0,90.0,200.0,,Pastick,,0.0,N,,,,,,
61.5196162,-158.751485,2012-08-30,1,0,76.0,200.0,,Pastick,,0.0,N,,,,,,
61.5201931,-158.752815,2012-08-30,1,0,55.0,200.0,,Pastick,,0.0,N,,,,,,
61.5356305,-158.606037,2012-08-30,1,0,74.0,100.0,,Pastick,,0.0,N,,,,,,
61.5368366,-158.6071313,2012-08-30,1,0,40.0,65.0,,Pastick,,0.0,N,,,,,,
61.5926465,-159.0143381,2012-08-30,1,0,97.0,999.0,,Pastick,,0.0,N,,,,,,
61.5934182,-159.0172778,2012-08-30,1,0,94.0,110.0,,Pastick,,0.0,N,,,,,,
61.5955903,-159.0195967,2012-08-30,1,0,74.0,80.0,,Pastick,,0.0,N,,,,,,
61.5406281,-158.6805923,2012-08-30,1,0,55.0,80.0,,Pastick,,0.0,N,,,,,,
61.5703234,-159.2144282,2012-08-30,1,0,80.0,200.0,,Pastick,,0.0,N,,,,,,
61.5306829,-158.7873681,2012-08-30,1,0,66.0,143.0,,Pastick,,0.0,N,,,,,,
61.5610928,-160.1886019,2012-08-30,1,0,96.0,200.0,,Pastick,,0.0,N,,,,,,
61.5806969,-159.9388563,2012-08-30,1,0,64.0,200.0,,Pastick,,0.0,N,,,,,,
61.5825997,-159.9415321,2012-08-30,1,0,86.0,200.0,,Pastick,,0.0,N,,,,,,
61.5251523,-158.6734378,2012-08-30,1,0,110.0,200.0,,Pastick,,0.0,N,,,,,,
61.5233978,-158.6718019,2012-08-30,1,0,58.0,200.0,,Pastick,,0.0,N,,,,,,
61.8703079,-158.1354917,2012-08-30,1,0,70.0,110.0,,Pastick,,0.0,N,,,,,,
61.8580543,-158.1327011,2012-08-30,1,0,65.0,200.0,,Pastick,,0.0,N,,,,,,
61.8552899,-158.1342235,2012-08-30,1,0,75.0,200.0,,Pastick,,0.0,N,,,,,,
61.8726895,-158.1175133,2012-08-30,1,0,53.0,70.0,,Pastick,,0.0,N,,,,,,
61.8714528,-158.1164461,2012-08-30,1,0,28.0,50.0,,Pastick,,0.0,N,,,,,,
61.6885827,-157.1627082,2012-08-30,1,0,36.0,200.0,,Pastick,,0.0,N,,,,,,
61.690296,-157.1639108,2012-08-30,1,0,152.0,150.0,,Pastick,,0.0,N,,,,,,
61.6935115,-157.1646462,2012-08-30,1,0,90.0,200.0,,Pastick,,0.0,N,,,,,,
61.8481474,-157.6032081,2012-08-30,1,0,24.0,100.0,,Pastick,,0.0,N,,,,,,
61.8510463,-157.595171,2012-08-30,1,0,55.0,80.0,,Pastick,,0.0,N,,,,,,
61.8548886,-157.5925055,2012-08-30,1,0,19.0,50.0,,Pastick,,0.0,N,,,,,,
61.7069474,-157.1521385,2012-08-30,1,0,165.0,200.0,,Pastick,,0.0,N,,,,,,
61.7062836,-157.1389182,2012-08-30,1,0,151.0,200.0,,Pastick,,0.0,N,,,,,,
61.8319831,-157.6224402,2012-08-30,1,0,60.0,78.0,,Pastick,,0.0,N,,,,,,
61.5803488,-159.237437,2012-08-30,1,0,80.0,200.0,,Pastick,,0.0,N,,,,,,
61.5798374,-159.247396,2012-08-30,1,0,47.0,200.0,,Pastick,,0.0,N,,,,,,
61.8504779,-157.5966602,2012-08-30,1,0,61.0,90.0,,Pastick,,0.0,N,,,,,,
61.855774,-157.5904123,2012-08-30,1,0,52.0,75.0,,Pastick,,0.0,N,,,,,,
61.8412793,-157.6112141,2012-08-30,1,0,152.0,200.0,,Pastick,,0.0,N,,,,,,
61.8398924,-157.6125685,2012-08-30,1,0,70.0,120.0,,Pastick,,0.0,N,,,,,,
61.8369615,-157.6148472,2012-08-30,1,0,89.0,100.0,,Pastick,,0.0,N,,,,,,
61.8350011,-157.6172148,2012-08-30,1,0,60.0,80.0,,Pastick,,0.0,N,,,,,,
61.8335068,-157.6195041,2012-08-30,1,0,38.0,60.0,,Pastick,,0.0,N,,,,,,
61.8318049,-157.6216885,2012-08-30,1,0,38.0,38.0,,Pastick,,0.0,N,,,,,,
61.7133155,-157.189938,2012-08-30,1,0,51.0,75.0,,Pastick,,0.0,N,,,,,,
61.7108585,-157.194282,2012-08-30,1,0,80.0,116.0,,Pastick,,0.0,N,,,,,,
61.6790296,-157.1863706,2012-08-30,1,0,65.0,200.0,,Pastick,,0.0,N,,,,,,
61.6735618,-157.1925301,2012-08-30,1,0,120.0,220.0,,Pastick,,0.0,N,,,,,,
61.7429278,-157.2338782,2012-08-30,1,0,55.0,175.0,,Pastick,,0.0,N,,,,,,
61.73257,-157.2356072,2012-08-30,1,0,50.0,50.0,,Pastick,,0.0,N,,,,,,
61.654365,-157.1456482,2012-08-30,1,0,58.0,100.0,,Pastick,,0.0,N,,,,,,
61.7932298,-157.4141309,2012-08-30,1,0,170.0,200.0,,Pastick,,0.0,N,,,,,,
61.7872219,-157.392423,2012-08-30,1,0,111.0,117.0,,Pastick,,0.0,N,,,,,,
61.7778471,-157.3862201,2012-08-30,1,0,41.0,63.0,,Pastick,,0.0,N,,,,,,
61.878134,-157.6563326,2012-08-30,1,0,98.0,200.0,,Pastick,,0.0,N,,,,,,
61.8336307,-157.5641179,2012-08-30,1,0,120.0,175.0,,Pastick,,0.0,N,,,,,,
61.8243704,-157.5715187,2013-06-18,1,0,13.0,50.0,,Pastick,,0.0,N,,,,,,
61.8646787,-157.6612375,2012-08-30,1,0,30.0,62.0,,Pastick,,0.0,N,,,,,,
61.9015798,-157.7965138,2012-08-30,1,0,46.0,46.0,,Pastick,,0.0,N,,,,,,
61.8521087,-157.6292713,2012-08-30,1,0,125.0,130.0,,Pastick,,0.0,N,,,,,,
61.8513768,-157.62881,2012-08-30,1,0,100.0,110.0,,Pastick,,0.0,N,,,,,,
61.8498039,-157.6259349,2012-08-30,1,0,32.0,80.0,,Pastick,,0.0,N,,,,,,
61.8119029,-156.4861336,2012-08-30,1,0,55.0,90.0,,Pastick,,0.0,N,,,,,,
61.821907,-156.4889994,2012-08-30,1,0,120.0,200.0,,Pastick,,0.0,N,,,,,,
61.7916143,-156.4974871,2012-08-30,1,0,120.0,200.0,,Pastick,,0.0,N,,,,,,
61.7899231,-156.6920971,2012-08-30,1,0,23.0,60.0,,Pastick,,0.0,N,,,,,,
61.807533,-156.6936033,2012-08-30,1,0,40.0,200.0,,Pastick,,0.0,N,,,,,,
61.8077209,-156.6951647,2012-08-30,1,0,63.0,200.0,,Pastick,,0.0,N,,,,,,
61.7077047,-156.9563177,2012-08-30,1,0,45.0,140.0,,Pastick,,0.0,N,,,,,,
61.7866928,-156.6006069,2012-08-30,1,0,30.0,200.0,,Pastick,,0.0,N,,,,,,
61.7817707,-156.6062442,2012-08-30,1,0,120.0,160.0,,Pastick,,0.0,N,,,,,,
61.7766294,-156.6075543,2012-08-30,1,0,85.0,200.0,,Pastick,,0.0,N,,,,,,
61.8414749,-158.1063486,2012-08-30,1,0,14.0,200.0,,Pastick,,0.0,N,,,,,,
61.6542574,-157.1503002,2012-08-30,1,0,125.0,125.0,,Pastick,,0.0,N,,,,,,
61.768734,-157.3620019,2012-08-30,1,0,25.0,25.0,,Pastick,,0.0,N,,,,,,
61.7717029,-157.360991,2012-08-30,1,0,175.0,200.0,,Pastick,,0.0,N,,,,,,
61.7915203,-156.5095994,2012-08-30,1,0,160.0,200.0,,Pastick,,0.0,N,,,,,,
61.8821284,-157.7387681,2012-08-30,1,0,49.0,80.0,,Pastick,,0.0,N,,,,,,
61.7768645,-156.7730578,2012-08-30,1,0,53.0,200.0,,Pastick,,0.0,N,,,,,,
61.7121558,-157.1911979,2012-08-30,1,0,125.0,200.0,,Pastick,,0.0,N,,,,,,
61.6827166,-157.1820338,2012-08-30,1,0,58.0,100.0,,Pastick,,0.0,N,,,,,,
61.6796884,-157.1866155,2012-08-30,1,0,44.0,100.0,,Pastick,,0.0,N,,,,,,
61.6719313,-157.1921341,2012-08-30,1,0,90.0,100.0,,Pastick,,0.0,N,,,,,,
61.7279579,-157.1460343,2012-08-30,1,0,155.0,200.0,,Pastick,,0.0,N,,,,,,
61.7380151,-157.1654064,2012-08-30,1,0,130.0,200.0,,Pastick,,0.0,N,,,,,,
61.7321786,-157.2358947,2012-08-30,1,0,195.0,200.0,,Pastick,,0.0,N,,,,,,
61.6545464,-157.1477713,2012-08-30,1,0,50.0,150.0,,Pastick,,0.0,N,,,,,,
61.6539151,-157.1515481,2012-08-30,1,0,30.0,200.0,,Pastick,,0.0,N,,,,,,
61.7693513,-157.3543119,2012-08-30,1,0,60.0,100.0,,Pastick,,0.0,N,,,,,,
61.7689195,-157.3617457,2012-08-30,1,0,89.0,89.0,,Pastick,,0.0,N,,,,,,
61.7756809,-157.3505234,2012-08-30,1,0,80.0,80.0,,Pastick,,0.0,N,,,,,,
61.8056793,-157.513318,2012-08-30,1,0,52.0,200.0,,Pastick,,0.0,N,,,,,,
61.7987001,-157.5172028,2012-08-30,1,0,130.0,130.0,,Pastick,,0.0,N,,,,,,
61.8036767,-157.5099615,2013-06-18,1,0,175.0,200.0,,Pastick,,0.0,N,,,,,,
61.7989685,-157.3659888,2012-08-30,1,0,46.0,100.0,,Pastick,,0.0,N,,,,,,
61.8013974,-157.367131,2012-08-30,1,0,70.0,100.0,,Pastick,,0.0,N,,,,,,
61.8083021,-157.3777333,2012-08-30,1,0,152.0,200.0,,Pastick,,0.0,N,,,,,,
61.8783194,-157.6569331,2012-08-30,1,0,175.0,200.0,,Pastick,,0.0,N,,,,,,
61.8765909,-157.6805724,2012-08-30,1,0,46.0,200.0,,Pastick,,0.0,N,,,,,,
61.8338701,-157.5655502,2012-08-30,1,0,48.0,120.0,,Pastick,,0.0,N,,,,,,
61.82431,-157.5726227,2012-08-30,1,0,80.0,100.0,,Pastick,,0.0,N,,,,,,
61.8640418,-157.6475207,2012-08-30,1,0,70.0,200.0,,Pastick,,0.0,N,,,,,,
61.8649198,-157.6610939,2012-08-30,1,0,90.0,125.0,,Pastick,,0.0,N,,,,,,
61.8869395,-157.7163116,2012-08-30,1,0,54.0,200.0,,Pastick,,0.0,N,,,,,,
61.8861559,-157.7531556,2012-08-30,1,0,99.0,200.0,,Pastick,,0.0,N,,,,,,
61.8389182,-157.9777608,2012-08-30,1,0,190.0,200.0,,Pastick,,0.0,N,,,,,,
61.8329374,-158.0106606,2012-08-30,1,0,85.0,85.0,,Pastick,,0.0,N,,,,,,
61.8985436,-157.7963286,2012-08-30,1,0,83.0,83.0,,Pastick,,0.0,N,,,,,,
61.9092832,-157.7934887,2012-08-30,1,0,60.0,60.0,,Pastick,,0.0,N,,,,,,
61.8525066,-157.6295576,2012-08-30,1,0,134.0,200.0,,Pastick,,0.0,N,,,,,,
61.8508556,-157.6278641,2012-08-30,1,0,30.0,100.0,,Pastick,,0.0,N,,,,,,
61.8501739,-157.6261274,2012-08-30,1,0,50.0,100.0,,Pastick,,0.0,N,,,,,,
61.6714,-157.107631,2012-08-30,1,0,46.0,200.0,,Pastick,,0.0,N,,,,,,
61.8122372,-156.4862392,2012-08-30,1,0,60.0,200.0,,Pastick,,0.0,N,,,,,,
61.8220935,-156.4883954,2012-08-30,1,0,180.0,200.0,,Pastick,,0.0,N,,,,,,
61.7946886,-156.5124547,2012-08-30,1,0,25.0,200.0,,Pastick,,0.0,N,,,,,,
61.7901528,-156.6918711,2012-08-30,1,0,80.0,200.0,,Pastick,,0.0,N,,,,,,
61.7972237,-156.6915113,2012-08-30,1,0,80.0,200.0,,Pastick,,0.0,N,,,,,,
61.8082337,-156.6952211,2012-08-30,1,0,60.0,180.0,,Pastick,,0.0,N,,,,,,
61.7728214,-156.77627,2012-08-30,1,0,38.0,200.0,,Pastick,,0.0,N,,,,,,
61.7710609,-156.7640933,2012-08-30,1,0,140.0,150.0,,Pastick,,0.0,N,,,,,,
61.776571,-156.7726809,2012-08-30,1,0,60.0,200.0,,Pastick,,0.0,N,,,,,,
61.7849503,-156.7771385,2012-08-30,1,0,70.0,200.0,,Pastick,,0.0,N,,,,,,
61.7073125,-156.9559086,2012-08-30,1,0,96.0,999.0,,Pastick,,0.0,N,,,,,,
61.7866293,-156.6000617,2012-08-30,1,0,95.0,140.0,,Pastick,,0.0,N,,,,,,
61.7817934,-156.6054838,2012-08-30,1,0,180.0,200.0,,Pastick,,0.0,N,,,,,,
61.7762862,-156.6079602,2012-08-30,1,0,83.0,150.0,,Pastick,,0.0,N,,,,,,
61.8427706,-158.0930898,2012-08-30,1,0,180.0,200.0,,Pastick,,0.0,N,,,,,,
61.8411449,-158.1066811,2012-08-30,1,0,40.0,200.0,,Pastick,,0.0,N,,,,,,
61.7768263,-156.7432337,2012-08-30,1,0,60.0,90.0,,Pastick,,0.0,N,,,,,,
61.7634111,-157.248016,2012-08-30,1,0,63.0,200.0,,Pastick,,0.0,N,,,,,,
61.7656348,-157.2491782,2012-08-30,1,0,63.0,200.0,,Pastick,,0.0,N,,,,,,
61.7668308,-157.2514224,2012-08-30,1,0,80.0,100.0,,Pastick,,0.0,N,,,,,,
61.7670996,-157.2527907,2012-08-30,1,0,40.0,160.0,,Pastick,,0.0,N,,,,,,
61.7185257,-157.1962366,2012-08-30,1,0,93.0,200.0,,Pastick,,0.0,N,,,,,,
61.7199511,-157.202209,2012-08-30,1,0,73.0,200.0,,Pastick,,0.0,N,,,,,,
61.7846914,-157.315414,2012-08-30,1,0,61.0,200.0,,Pastick,,0.0,N,,,,,,
61.7942098,-157.4283067,2012-08-30,1,0,59.0,200.0,,Pastick,,0.0,N,,,,,,
61.7894592,-157.3956251,2012-08-30,1,0,89.0,117.0,,Pastick,,0.0,N,,,,,,
61.7775045,-157.3861054,2012-08-30,1,0,53.0,80.0,,Pastick,,0.0,N,,,,,,
61.8179581,-157.5704879,2012-08-30,1,0,44.0,84.0,,Pastick,,0.0,N,,,,,,
61.6636176,-156.8979672,2012-08-30,1,0,127.0,127.0,,Pastick,,0.0,N,,,,,,
61.8936939,-157.7577393,2012-08-30,1,0,125.0,200.0,,Pastick,,0.0,N,,,,,,
61.8963616,-157.7548908,2012-08-30,1,0,125.0,200.0,,Pastick,,0.0,N,,,,,,
61.9036242,-157.7558328,2012-08-30,1,0,37.0,60.0,,Pastick,,0.0,N,,,,,,
61.8551379,-157.9464725,2012-08-30,1,0,152.0,200.0,,Pastick,,0.0,N,,,,,,
61.8542603,-157.977687,2012-08-30,1,0,32.0,90.0,,Pastick,,0.0,N,,,,,,
61.8575633,-157.984856,2012-08-30,1,0,65.0,80.0,,Pastick,,0.0,N,,,,,,
61.8231168,-158.0373262,2012-08-30,1,0,80.0,200.0,,Pastick,,0.0,N,,,,,,
61.8393872,-158.0637875,2012-08-30,1,0,110.0,135.0,,Pastick,,0.0,N,,,,,,
61.833009,-158.0384595,2012-08-30,1,0,175.0,200.0,,Pastick,,0.0,N,,,,,,
61.6811734,-157.1059365,2012-08-30,1,0,125.0,200.0,,Pastick,,0.0,N,,,,,,
61.810527,-156.4948842,2012-08-30,1,0,190.0,200.0,,Pastick,,0.0,N,,,,,,
61.8192784,-156.5044442,2012-08-30,1,0,120.0,200.0,,Pastick,,0.0,N,,,,,,
61.8067126,-156.4578947,2012-08-30,1,0,140.0,200.0,,Pastick,,0.0,N,,,,,,
61.8040755,-156.4556642,2012-08-30,1,0,110.0,200.0,,Pastick,,0.0,N,,,,,,
61.7962236,-156.4492738,2012-08-30,1,0,67.0,200.0,,Pastick,,0.0,N,,,,,,
61.7702752,-156.5357569,2012-08-30,1,0,69.0,100.0,,Pastick,,0.0,N,,,,,,
61.767402,-156.5293137,2012-08-30,1,0,152.0,200.0,,Pastick,,0.0,N,,,,,,
61.7658387,-156.5243019,2012-08-30,1,0,1.0,0.0,,Pastick,,0.0,N,,,,,,
61.7687551,-156.7565264,2012-08-30,1,0,86.0,200.0,,Pastick,,0.0,N,,,,,,
61.7759027,-156.7713451,2012-08-30,1,0,130.0,200.0,,Pastick,,0.0,N,,,,,,
61.7871607,-156.7772064,2012-08-30,1,0,156.0,200.0,,Pastick,,0.0,N,,,,,,
61.7337982,-156.8191699,2012-08-30,1,0,108.0,200.0,,Pastick,,0.0,N,,,,,,
61.7368442,-156.8215299,2012-08-30,1,0,43.0,200.0,,Pastick,,0.0,N,,,,,,
61.7449906,-156.785154,2012-08-30,1,0,77.0,150.0,,Pastick,,0.0,N,,,,,,
61.7744135,-156.548168,2012-08-30,1,0,52.0,200.0,,Pastick,,0.0,N,,,,,,
61.7743583,-156.5491015,2012-08-30,1,0,110.0,200.0,,Pastick,,0.0,N,,,,,,
61.7754072,-156.5565461,2012-08-30,1,0,87.0,200.0,,Pastick,,0.0,N,,,,,,
61.7752531,-156.5594975,2012-08-30,1,0,120.0,200.0,,Pastick,,0.0,N,,,,,,
61.7750196,-156.559497,2012-08-30,1,0,162.0,200.0,,Pastick,,0.0,N,,,,,,
61.7762274,-156.5652987,2012-08-30,1,0,40.0,80.0,,Pastick,,0.0,N,,,,,,
61.7995449,-158.1639424,2012-08-30,1,0,80.0,100.0,,Pastick,,0.0,N,,,,,,
61.8045392,-158.1585325,2012-08-30,1,0,72.0,100.0,,Pastick,,0.0,N,,,,,,
61.5990879,-159.4306501,2012-08-30,1,0,190.0,200.0,,Pastick,,0.0,N,,,,,,
61.6009103,-159.4306565,2012-08-30,1,0,175.0,200.0,,Pastick,,0.0,N,,,,,,
61.6048311,-159.4313707,2012-08-30,1,0,80.0,999.0,,Pastick,,0.0,N,,,,,,
61.6086074,-159.4435822,2012-08-30,1,0,73.0,100.0,,Pastick,,0.0,N,,,,,,
61.7879822,-157.3223837,2012-08-30,1,0,62.0,84.0,,Pastick,,0.0,N,,,,,,
61.789871,-157.3233808,2012-08-30,1,0,100.0,200.0,,Pastick,,0.0,N,,,,,,
61.9062205,-157.7471039,2012-08-30,1,0,30.0,999.0,,Pastick,,0.0,N,,,,,,
61.7642121,-156.5192767,2012-08-30,1,0,100.0,200.0,,Pastick,,0.0,N,,,,,,
61.7618897,-156.5160141,2012-08-30,1,0,140.0,200.0,,Pastick,,0.0,N,,,,,,
61.6974502,-156.9946491,2012-08-30,1,0,62.0,100.0,,Pastick,,0.0,N,,,,,,
62.2047141,-159.7796888,2012-08-30,1,0,110.0,110.0,,Pastick,,0.0,N,,,,,,
62.1968835,-159.7753937,2012-08-30,1,0,43.0,70.0,,Pastick,,0.0,N,,,,,,
62.1935604,-159.7708698,2012-08-30,1,0,56.0,195.0,,Pastick,,0.0,N,,,,,,
62.1924877,-159.7716687,2012-08-30,1,0,140.0,160.0,,Pastick,,0.0,N,,,,,,
62.1929207,-159.7888386,2012-08-30,1,0,75.0,175.0,,Pastick,,0.0,N,,,,,,
62.1936935,-159.7855345,2012-08-30,1,0,63.0,195.0,,Pastick,,0.0,N,,,,,,
62.1321787,-159.7358854,2012-08-30,1,0,46.0,195.0,,Pastick,,0.0,N,,,,,,
62.2189392,-159.9044262,2012-08-30,1,0,50.0,70.0,,Pastick,,0.0,N,,,,,,
62.215898,-159.8972202,2012-08-30,1,0,180.0,200.0,,Pastick,,0.0,N,,,,,,
62.2055793,-159.7806723,2012-08-30,1,0,70.0,90.0,,Pastick,,0.0,N,,,,,,
62.2051602,-159.7817763,2012-08-30,1,0,100.0,125.0,,Pastick,,0.0,N,,,,,,
62.20517,-159.7848138,2012-08-30,1,0,99.0,145.0,,Pastick,,0.0,N,,,,,,
62.2049777,-159.7854816,2012-08-30,1,0,140.0,160.0,,Pastick,,0.0,N,,,,,,
62.2045925,-159.7869132,2012-08-30,1,0,50.0,60.0,,Pastick,,0.0,N,,,,,,
62.2057623,-159.7943061,2012-08-30,1,0,140.0,160.0,,Pastick,,0.0,N,,,,,,
62.2060702,-159.7938336,2012-08-30,1,0,140.0,160.0,,Pastick,,0.0,N,,,,,,
62.2063624,-159.7706771,2012-08-30,1,0,40.0,60.0,,Pastick,,0.0,N,,,,,,
62.1884106,-159.8051089,2012-08-30,1,0,140.0,160.0,,Pastick,,0.0,N,,,,,,
62.1880415,-159.811439,2012-08-30,1,0,140.0,160.0,,Pastick,,0.0,N,,,,,,
62.1874037,-159.8145918,2012-08-30,1,0,40.0,60.0,,Pastick,,0.0,N,,,,,,
62.1840196,-159.8160759,2013-06-18,1,0,56.0,180.0,,Pastick,,0.0,N,,,,,,
62.1839953,-159.8095057,2012-08-30,1,0,24.0,34.0,,Pastick,,0.0,N,,,,,,
62.1878101,-159.7956216,2012-08-30,1,0,45.0,180.0,,Pastick,,0.0,N,,,,,,
62.187169,-159.7947018,2012-08-30,1,0,152.0,170.0,,Pastick,,0.0,N,,,,,,
62.0472858,-160.0413337,2012-08-30,1,0,140.0,160.0,,Pastick,,0.0,N,,,,,,
62.0511095,-160.0497269,2012-08-30,1,0,140.0,160.0,,Pastick,,0.0,N,,,,,,
62.0525186,-160.059186,2012-08-30,1,0,140.0,160.0,,Pastick,,0.0,N,,,,,,
62.0493826,-160.0548694,2012-08-30,1,0,140.0,160.0,,Pastick,,0.0,N,,,,,,
62.0999159,-160.0334823,2012-08-30,1,0,80.0,200.0,,Pastick,,0.0,N,,,,,,
62.1008165,-160.0342984,2012-08-30,1,0,175.0,185.0,,Pastick,,0.0,N,,,,,,
62.1002998,-160.0337636,2012-08-30,1,0,140.0,170.0,,Pastick,,0.0,N,,,,,,
62.1142322,-160.076192,2013-06-18,1,0,80.0,80.0,,Pastick,,0.0,N,,,,,,
62.1146953,-160.0766684,2012-08-30,1,0,70.0,90.0,,Pastick,,0.0,N,,,,,,
62.1134481,-160.0731169,2012-08-30,1,0,110.0,140.0,,Pastick,,0.0,N,,,,,,
62.1131058,-160.0732773,2012-08-30,1,0,80.0,120.0,,Pastick,,0.0,N,,,,,,
62.1128755,-160.0693978,2012-08-30,1,0,40.0,60.0,,Pastick,,0.0,N,,,,,,
62.113227,-160.0692186,2012-08-30,1,0,65.0,85.0,,Pastick,,0.0,N,,,,,,
62.1106532,-160.0630339,2012-08-30,1,0,140.0,160.0,,Pastick,,0.0,N,,,,,,
62.110209,-160.0624243,2012-08-30,1,0,140.0,160.0,,Pastick,,0.0,N,,,,,,
62.1064117,-160.0577311,2012-08-30,1,0,140.0,160.0,,Pastick,,0.0,N,,,,,,
62.1047912,-160.052444,2012-08-30,1,0,140.0,160.0,,Pastick,,0.0,N,,,,,,
62.1033155,-160.052891,2012-08-30,1,0,140.0,160.0,,Pastick,,0.0,N,,,,,,
62.0830041,-160.0779774,2012-08-30,1,0,85.0,200.0,,Pastick,,0.0,N,,,,,,
62.1429161,-159.7767758,2012-08-30,1,0,140.0,160.0,,Pastick,,0.0,N,,,,,,
62.1426996,-159.7769621,2012-08-30,1,0,140.0,160.0,,Pastick,,0.0,N,,,,,,
62.0729178,-159.8696495,2012-08-30,1,0,170.0,190.0,,Pastick,,0.0,N,,,,,,
62.0728994,-159.8682901,2012-08-30,1,0,100.0,195.0,,Pastick,,0.0,N,,,,,,
62.3157817,-159.988812,2012-08-30,1,0,100.0,160.0,,Pastick,,0.0,N,,,,,,
62.2978927,-160.067418,2012-08-30,1,0,180.0,200.0,,Pastick,,0.0,N,,,,,,
62.2985489,-160.0719728,2012-08-30,1,0,180.0,200.0,,Pastick,,0.0,N,,,,,,
62.2056709,-160.1152972,2012-08-30,1,0,100.0,110.0,,Pastick,,0.0,N,,,,,,
62.2042272,-160.1228755,2012-08-30,1,0,45.0,55.0,,Pastick,,0.0,N,,,,,,
62.2023739,-160.1299957,2012-08-30,1,0,180.0,200.0,,Pastick,,0.0,N,,,,,,
62.2015817,-160.1313693,2012-08-30,1,0,125.0,145.0,,Pastick,,0.0,N,,,,,,
62.2012961,-160.132262,2012-08-30,1,0,140.0,160.0,,Pastick,,0.0,N,,,,,,
62.1995771,-160.1360802,2012-08-30,1,0,140.0,160.0,,Pastick,,0.0,N,,,,,,
62.2218359,-160.0874078,2012-08-30,1,0,40.0,60.0,,Pastick,,0.0,N,,,,,,
62.2214999,-160.0878958,2012-08-30,1,0,40.0,60.0,,Pastick,,0.0,N,,,,,,
62.1573237,-159.6571367,2012-08-30,1,0,140.0,160.0,,Pastick,,0.0,N,,,,,,
62.1574439,-159.65641,2012-08-30,1,0,37.0,200.0,,Pastick,,0.0,N,,,,,,
62.1546511,-159.6566182,2012-08-30,1,0,140.0,160.0,,Pastick,,0.0,N,,,,,,
62.3806781,-159.5847599,2012-08-30,1,0,70.0,90.0,,Pastick,,0.0,N,,,,,,
62.3828011,-159.5662775,2012-08-30,1,0,100.0,160.0,,Pastick,,0.0,N,,,,,,
62.3830897,-159.5570403,2012-08-30,1,0,140.0,160.0,,Pastick,,0.0,N,,,,,,
62.4670152,-159.5205204,2012-08-30,1,0,60.0,70.0,,Pastick,,0.0,N,,,,,,
62.4631084,-159.511379,2012-08-30,1,0,53.0,125.0,,Pastick,,0.0,N,,,,,,
62.4658704,-159.50718,2012-08-30,1,0,140.0,160.0,,Pastick,,0.0,N,,,,,,
62.475601,-159.5312018,2012-08-30,1,0,40.0,60.0,,Pastick,,0.0,N,,,,,,
62.6475748,-159.5332433,2012-08-30,1,0,140.0,160.0,,Pastick,,0.0,N,,,,,,
62.6527031,-159.5324574,2012-08-30,1,0,140.0,160.0,,Pastick,,0.0,N,,,,,,
62.6452869,-159.5492561,2012-08-30,1,0,140.0,160.0,,Pastick,,0.0,N,,,,,,
62.6451135,-159.5476924,2012-08-30,1,0,140.0,160.0,,Pastick,,0.0,N,,,,,,
62.6448868,-159.5436699,2012-08-30,1,0,80.0,100.0,,Pastick,,0.0,N,,,,,,
62.6450075,-159.5449595,2012-08-30,1,0,140.0,160.0,,Pastick,,0.0,N,,,,,,
62.5406227,-159.5362863,2012-08-30,1,0,40.0,60.0,,Pastick,,0.0,N,,,,,,
62.5421762,-159.5384525,2012-08-30,1,0,100.0,120.0,,Pastick,,0.0,N,,,,,,
62.5437586,-159.5401141,2012-08-30,1,0,110.0,130.0,,Pastick,,0.0,N,,,,,,
62.5452428,-159.539305,2012-08-30,1,0,95.0,115.0,,Pastick,,0.0,N,,,,,,
62.5501451,-159.5750156,2012-08-30,1,0,90.0,110.0,,Pastick,,0.0,N,,,,,,
62.2985026,-159.9354294,2012-08-30,1,0,140.0,160.0,,Pastick,,0.0,N,,,,,,
62.2982512,-159.9327606,2012-08-30,1,0,140.0,150.0,,Pastick,,0.0,N,,,,,,
62.295916,-159.9262292,2012-08-30,1,0,140.0,160.0,,Pastick,,0.0,N,,,,,,
62.2933563,-159.9291195,2012-08-30,1,0,70.0,90.0,,Pastick,,0.0,N,,,,,,
62.5045357,-160.3145332,2012-08-30,1,0,140.0,160.0,,Pastick,,0.0,N,,,,,,
62.5022057,-160.3150519,2012-08-30,1,0,140.0,160.0,,Pastick,,0.0,N,,,,,,
62.498871,-160.3154875,2012-08-30,1,0,140.0,160.0,,Pastick,,0.0,N,,,,,,
62.4967899,-160.3191229,2012-08-30,1,0,63.0,63.0,,Pastick,,0.0,N,,,,,,
62.5073771,-160.3273388,2012-08-30,1,0,90.0,110.0,,Pastick,,0.0,N,,,,,,
62.5117394,-160.3226774,2012-08-30,1,0,140.0,160.0,,Pastick,,0.0,N,,,,,,
62.4014856,-160.0641375,2012-08-30,1,0,140.0,160.0,,Pastick,,0.0,N,,,,,,
62.4016932,-160.0639901,2012-08-30,1,0,140.0,160.0,,Pastick,,0.0,N,,,,,,
62.4007566,-160.0690649,2012-08-30,1,0,140.0,160.0,,Pastick,,0.0,N,,,,,,
62.4016081,-160.071572,2012-08-30,1,0,140.0,160.0,,Pastick,,0.0,N,,,,,,
62.4041038,-160.0854777,2012-08-30,1,0,140.0,160.0,,Pastick,,0.0,N,,,,,,
62.4032883,-160.0864544,2012-08-30,1,0,140.0,160.0,,Pastick,,0.0,N,,,,,,
62.4061883,-160.0909912,2012-08-30,1,0,140.0,160.0,,Pastick,,0.0,N,,,,,,
62.4059031,-160.0884263,2012-08-30,1,0,140.0,160.0,,Pastick,,0.0,N,,,,,,
62.4017484,-160.0602769,2012-08-30,1,0,40.0,60.0,,Pastick,,0.0,N,,,,,,
62.4042253,-160.0906102,2012-08-30,1,0,80.0,100.0,,Pastick,,0.0,N,,,,,,
61.9784764,-160.4750911,2012-08-30,1,0,140.0,160.0,,Pastick,,0.0,N,,,,,,
61.9780014,-160.4741713,2012-08-30,1,0,140.0,160.0,,Pastick,,0.0,N,,,,,,
61.9722554,-160.4750005,2012-08-30,1,0,140.0,160.0,,Pastick,,0.0,N,,,,,,
61.966871,-160.4764382,2012-08-30,1,0,40.0,60.0,,Pastick,,0.0,N,,,,,,
61.9632646,-160.4778469,2012-08-30,1,0,40.0,60.0,,Pastick,,0.0,N,,,,,,
61.961145,-160.4737203,2012-08-30,1,0,50.0,70.0,,Pastick,,0.0,N,,,,,,
61.9595691,-160.4733201,2012-08-30,1,0,80.0,100.0,,Pastick,,0.0,N,,,,,,
61.8761541,-160.1424505,2012-08-30,1,0,152.0,170.0,,Pastick,,0.0,N,,,,,,
61.8767797,-160.1362931,2012-08-30,1,0,75.0,200.0,,Pastick,,0.0,N,,,,,,
61.8256001,-160.1151486,2012-08-30,1,0,40.0,60.0,,Pastick,,0.0,N,,,,,,
61.8225029,-160.112929,2012-08-30,1,0,40.0,60.0,,Pastick,,0.0,N,,,,,,
61.8201469,-160.1111732,2012-08-30,1,0,90.0,110.0,,Pastick,,0.0,N,,,,,,
61.8915248,-160.5079136,2012-08-30,1,0,70.0,90.0,,Pastick,,0.0,N,,,,,,
61.8920152,-160.5065867,2012-08-30,1,0,130.0,170.0,,Pastick,,0.0,N,,,,,,
61.8923851,-160.5047781,2012-08-30,1,0,175.0,190.0,,Pastick,,0.0,N,,,,,,
61.896152,-160.496913,2012-08-30,1,0,145.0,180.0,,Pastick,,0.0,N,,,,,,
61.8977586,-160.4936609,2012-08-30,1,0,140.0,160.0,,Pastick,,0.0,N,,,,,,
61.9188372,-160.3504435,2012-08-30,1,0,140.0,160.0,,Pastick,,0.0,N,,,,,,
61.9179529,-160.3490714,2012-08-30,1,0,140.0,160.0,,Pastick,,0.0,N,,,,,,
61.9955432,-160.4463413,2012-08-30,1,0,140.0,160.0,,Pastick,,0.0,N,,,,,,
61.996262,-160.4479983,2012-08-30,1,0,140.0,160.0,,Pastick,,0.0,N,,,,,,
61.9962642,-160.4426523,2012-08-30,1,0,40.0,60.0,,Pastick,,0.0,N,,,,,,
61.9964837,-160.4388249,2012-08-30,1,0,70.0,90.0,,Pastick,,0.0,N,,,,,,
61.9949192,-160.43646,2012-08-30,1,0,170.0,190.0,,Pastick,,0.0,N,,,,,,
61.9941411,-160.4335787,2012-08-30,1,0,190.0,210.0,,Pastick,,0.0,N,,,,,,
61.9923951,-160.4348521,2012-08-30,1,0,90.0,110.0,,Pastick,,0.0,N,,,,,,
61.9903844,-160.4348148,2012-08-30,1,0,40.0,60.0,,Pastick,,0.0,N,,,,,,
61.9046254,-159.9584964,2012-08-30,1,0,140.0,160.0,,Pastick,,0.0,N,,,,,,
61.9053349,-159.9584615,2012-08-30,1,0,140.0,160.0,,Pastick,,0.0,N,,,,,,
61.907144,-159.9577948,2012-08-30,1,0,152.0,190.0,,Pastick,,0.0,N,,,,,,
61.9104394,-159.9550993,2012-08-30,1,0,140.0,160.0,,Pastick,,0.0,N,,,,,,
61.9137853,-159.9541945,2012-08-30,1,0,125.0,190.0,,Pastick,,0.0,N,,,,,,
61.9291301,-159.7604854,2012-08-30,1,0,40.0,60.0,,Pastick,,0.0,N,,,,,,
61.9294641,-159.7601508,2012-08-30,1,0,140.0,160.0,,Pastick,,0.0,N,,,,,,
61.9337544,-159.7602764,2012-08-30,1,0,50.0,60.0,,Pastick,,0.0,N,,,,,,
61.9133853,-160.6617664,2012-08-30,1,0,170.0,180.0,,Pastick,,0.0,N,,,,,,
61.91537,-160.6617409,2012-08-30,1,0,140.0,160.0,,Pastick,,0.0,N,,,,,,
61.9194034,-160.6623218,2012-08-30,1,0,152.0,190.0,,Pastick,,0.0,N,,,,,,
61.921541,-160.6630093,2012-08-30,1,0,180.0,200.0,,Pastick,,0.0,N,,,,,,
61.978349,-160.901369,2012-08-30,1,0,39.0,50.0,,Pastick,,0.0,N,,,,,,
61.9774106,-160.9010434,2012-08-30,1,0,50.0,140.0,,Pastick,,0.0,N,,,,,,
61.9767883,-160.899936,2012-08-30,1,0,75.0,95.0,,Pastick,,0.0,N,,,,,,
61.9771545,-160.8987756,2012-08-30,1,0,140.0,160.0,,Pastick,,0.0,N,,,,,,
61.9724944,-160.8935438,2012-08-30,1,0,152.0,170.0,,Pastick,,0.0,N,,,,,,
61.972731,-160.8959245,2012-08-30,1,0,140.0,160.0,,Pastick,,0.0,N,,,,,,
61.9742463,-160.8947783,2012-08-30,1,0,140.0,160.0,,Pastick,,0.0,N,,,,,,
61.9507826,-160.0240334,2012-08-30,1,0,180.0,200.0,,Pastick,,0.0,N,,,,,,
61.9342919,-160.0676843,2012-08-30,1,0,140.0,160.0,,Pastick,,0.0,N,,,,,,
61.9525898,-160.1923202,2012-08-30,1,0,140.0,160.0,,Pastick,,0.0,N,,,,,,
61.9461921,-160.3777851,2012-08-30,1,0,140.0,160.0,,Pastick,,0.0,N,,,,,,
62.7558123,-160.1187647,2012-08-30,1,0,40.0,60.0,,Pastick,,0.0,N,,,,,,
62.7555042,-160.1202608,2012-08-30,1,0,140.0,160.0,,Pastick,,0.0,N,,,,,,
62.7556259,-160.1207549,2012-08-30,1,0,140.0,160.0,,Pastick,,0.0,N,,,,,,
62.7484046,-160.1235154,2012-08-30,1,0,80.0,100.0,,Pastick,,0.0,N,,,,,,
62.7549949,-160.1311675,2012-08-30,1,0,140.0,160.0,,Pastick,,0.0,N,,,,,,
62.7522578,-160.1520708,2012-08-30,1,0,140.0,160.0,,Pastick,,0.0,N,,,,,,
62.7502367,-160.1598818,2012-08-30,1,0,140.0,160.0,,Pastick,,0.0,N,,,,,,
62.7502835,-160.1661485,2012-08-30,1,0,140.0,160.0,,Pastick,,0.0,N,,,,,,
62.7494954,-160.1745551,2012-08-30,1,0,140.0,160.0,,Pastick,,0.0,N,,,,,,
62.6835269,-160.2029784,2012-08-30,1,0,140.0,160.0,,Pastick,,0.0,N,,,,,,
62.6847518,-160.2056457,2012-08-30,1,0,160.0,190.0,,Pastick,,0.0,N,,,,,,
62.6929534,-160.244063,2012-08-30,1,0,140.0,160.0,,Pastick,,0.0,N,,,,,,
62.6939979,-160.2457288,2012-08-30,1,0,140.0,160.0,,Pastick,,0.0,N,,,,,,
62.6945135,-160.2462976,2012-08-30,1,0,140.0,160.0,,Pastick,,0.0,N,,,,,,
62.6952802,-160.2479128,2012-08-30,1,0,40.0,60.0,,Pastick,,0.0,N,,,,,,
62.6980121,-160.2485947,2012-08-30,1,0,140.0,160.0,,Pastick,,0.0,N,,,,,,
62.7011973,-160.2507813,2012-08-30,1,0,140.0,160.0,,Pastick,,0.0,N,,,,,,
62.657264,-160.1952386,2012-08-30,1,0,140.0,160.0,,Pastick,,0.0,N,,,,,,
62.6559581,-160.1978401,2012-08-30,1,0,140.0,160.0,,Pastick,,0.0,N,,,,,,
62.645602,-160.2079178,2012-08-30,1,0,140.0,160.0,,Pastick,,0.0,N,,,,,,
62.6451181,-160.2036453,2012-08-30,1,0,140.0,150.0,,Pastick,,0.0,N,,,,,,
62.6461063,-160.1983204,2012-08-30,1,0,140.0,160.0,,Pastick,,0.0,N,,,,,,
62.6457752,-160.1939956,2012-08-30,1,0,140.0,160.0,,Pastick,,0.0,N,,,,,,
62.668247,-160.2187192,2012-08-30,1,0,140.0,160.0,,Pastick,,0.0,N,,,,,,
62.669163,-160.2186788,2012-08-30,1,0,140.0,160.0,,Pastick,,0.0,N,,,,,,
62.6611042,-160.3013237,2012-08-30,1,0,120.0,130.0,,Pastick,,0.0,N,,,,,,
62.6614159,-160.2996586,2012-08-30,1,0,140.0,160.0,,Pastick,,0.0,N,,,,,,
62.883764,-160.0689426,2012-08-30,1,0,140.0,160.0,,Pastick,,0.0,N,,,,,,
62.8833683,-160.0725861,2012-08-30,1,0,140.0,160.0,,Pastick,,0.0,N,,,,,,
62.8833984,-160.0745341,2012-08-30,1,0,140.0,160.0,,Pastick,,0.0,N,,,,,,
62.8835653,-160.0761922,2012-08-30,1,0,40.0,60.0,,Pastick,,0.0,N,,,,,,
62.8828522,-160.077877,2012-08-30,1,0,140.0,160.0,,Pastick,,0.0,N,,,,,,
62.9001308,-160.067374,2012-08-30,1,0,140.0,160.0,,Pastick,,0.0,N,,,,,,
62.9007661,-160.0676333,2012-08-30,1,0,140.0,160.0,,Pastick,,0.0,N,,,,,,
62.9133809,-160.0719704,2012-08-30,1,0,140.0,160.0,,Pastick,,0.0,N,,,,,,
62.9166176,-160.0842166,2012-08-30,1,0,140.0,160.0,,Pastick,,0.0,N,,,,,,
62.9183548,-160.0847534,2012-08-30,1,0,90.0,110.0,,Pastick,,0.0,N,,,,,,
62.9272761,-160.1080287,2012-08-30,1,0,45.0,65.0,,Pastick,,0.0,N,,,,,,
62.9286243,-160.1089462,2012-08-30,1,0,80.0,100.0,,Pastick,,0.0,N,,,,,,
62.9299903,-160.1018675,2013-06-18,1,0,47.0,65.0,,Pastick,,0.0,N,,,,,,
62.9290901,-160.0987413,2012-08-30,1,0,140.0,160.0,,Pastick,,0.0,N,,,,,,
62.1090059,-159.7934029,2012-08-30,1,0,140.0,160.0,,Pastick,,0.0,N,,,,,,
62.0727838,-159.8463916,2012-08-30,1,0,90.0,200.0,,Pastick,,0.0,N,,,,,,
62.2298957,-160.0818876,2012-08-30,1,0,140.0,160.0,,Pastick,,0.0,N,,,,,,
62.2312042,-160.0833198,2012-08-30,1,0,48.0,48.0,,Pastick,,0.0,N,,,,,,
62.2346629,-160.0818467,2012-08-30,1,0,140.0,160.0,,Pastick,,0.0,N,,,,,,
62.2321235,-160.0782347,2012-08-30,1,0,140.0,160.0,,Pastick,,0.0,N,,,,,,
62.2329578,-160.0875196,2012-08-30,1,0,70.0,180.0,,Pastick,,0.0,N,,,,,,
62.230273,-160.0853066,2012-08-30,1,0,140.0,160.0,,Pastick,,0.0,N,,,,,,
61.567684,-158.9176926,2012-08-30,1,0,70.0,80.0,,Pastick,,0.0,N,,,,,,
61.5473203,-158.8502052,2012-08-30,1,0,50.0,200.0,,Pastick,,0.0,N,,,,,,
61.5420201,-158.8469577,2012-08-30,1,0,8.0,44.0,,Pastick,,0.0,N,,,,,,
61.5441935,-158.8477935,2012-08-30,1,0,140.0,160.0,,Pastick,,0.0,N,,,,,,
61.3261229,-160.5719034,2012-08-30,1,0,40.0,60.0,,Pastick,,0.0,N,,,,,,
61.3290296,-160.5736747,2012-08-30,1,0,46.0,200.0,,Pastick,,0.0,N,,,,,,
61.3338766,-160.5815619,2012-08-30,1,0,120.0,200.0,,Pastick,,0.0,N,,,,,,
61.3378046,-160.5812179,2012-08-30,1,0,40.0,60.0,,Pastick,,0.0,N,,,,,,
61.3419377,-160.5840809,2012-08-30,1,0,40.0,60.0,,Pastick,,0.0,N,,,,,,
61.2948327,-160.5716628,2012-08-30,1,0,36.0,200.0,,Pastick,,0.0,N,,,,,,
61.2954972,-160.5685601,2012-08-30,1,0,40.0,60.0,,Pastick,,0.0,N,,,,,,
61.2982765,-160.5619223,2012-08-30,1,0,55.0,65.0,,Pastick,,0.0,N,,,,,,
61.4586018,-160.6367608,2012-08-30,1,0,190.0,210.0,,Pastick,,0.0,N,,,,,,
61.4600538,-160.6392202,2012-08-30,1,0,190.0,210.0,,Pastick,,0.0,N,,,,,,
61.4620543,-160.6416148,2012-08-30,1,0,170.0,190.0,,Pastick,,0.0,N,,,,,,
61.4625365,-160.6448118,2012-08-30,1,0,100.0,200.0,,Pastick,,0.0,N,,,,,,
61.4609194,-160.641161,2012-08-30,1,0,152.0,200.0,,Pastick,,0.0,N,,,,,,
61.4583476,-160.6399749,2012-08-30,1,0,140.0,160.0,,Pastick,,0.0,N,,,,,,
61.4569662,-160.6413471,2012-08-30,1,0,190.0,210.0,,Pastick,,0.0,N,,,,,,
61.4278644,-160.5782944,2012-08-30,1,0,130.0,200.0,,Pastick,,0.0,N,,,,,,
61.4293346,-160.5777313,2012-08-30,1,0,160.0,200.0,,Pastick,,0.0,N,,,,,,
61.4315267,-160.5768484,2012-08-30,1,0,60.0,200.0,,Pastick,,0.0,N,,,,,,
61.4330175,-160.5768299,2012-08-30,1,0,110.0,200.0,,Pastick,,0.0,N,,,,,,
61.433639,-160.5813048,2012-08-30,1,0,160.0,200.0,,Pastick,,0.0,N,,,,,,
61.4718498,-160.3879986,2012-08-30,1,0,140.0,160.0,,Pastick,,0.0,N,,,,,,
61.4717661,-160.3865119,2012-08-30,1,0,140.0,160.0,,Pastick,,0.0,N,,,,,,
61.4918594,-160.4437183,2012-08-30,1,0,170.0,190.0,,Pastick,,0.0,N,,,,,,
61.3884687,-160.5755396,2012-08-30,1,0,140.0,160.0,,Pastick,,0.0,N,,,,,,
61.3847957,-160.5794543,2012-08-30,1,0,140.0,160.0,,Pastick,,0.0,N,,,,,,
61.5033203,-160.1366804,2012-08-30,1,0,140.0,160.0,,Pastick,,0.0,N,,,,,,
61.5009366,-160.1361425,2012-08-30,1,0,40.0,60.0,,Pastick,,0.0,N,,,,,,
61.5003089,-160.1349736,2012-08-30,1,0,140.0,160.0,,Pastick,,0.0,N,,,,,,
61.498033,-160.1322607,2012-08-30,1,0,140.0,160.0,,Pastick,,0.0,N,,,,,,
61.4959922,-160.1282605,2012-08-30,1,0,152.0,170.0,,Pastick,,0.0,N,,,,,,
61.4930351,-160.124303,2012-08-30,1,0,140.0,160.0,,Pastick,,0.0,N,,,,,,
61.4910543,-160.1217147,2012-08-30,1,0,190.0,210.0,,Pastick,,0.0,N,,,,,,
61.4881044,-160.1190545,2012-08-30,1,0,190.0,210.0,,Pastick,,0.0,N,,,,,,
61.485993,-160.1159554,2012-08-30,1,0,190.0,210.0,,Pastick,,0.0,N,,,,,,
61.4990416,-160.1329737,2012-08-30,1,0,140.0,160.0,,Pastick,,0.0,N,,,,,,
61.5671277,-160.3379522,2012-08-30,1,0,80.0,100.0,,Pastick,,0.0,N,,,,,,
61.5689294,-160.3391784,2012-08-30,1,0,190.0,210.0,,Pastick,,0.0,N,,,,,,
61.5657548,-160.3442756,2012-08-30,1,0,40.0,60.0,,Pastick,,0.0,N,,,,,,
61.5710946,-160.3417762,2012-08-30,1,0,40.0,60.0,,Pastick,,0.0,N,,,,,,
61.7257246,-158.1956338,2012-08-30,1,0,60.0,200.0,,Pastick,,0.0,N,,,,,,
61.7257026,-158.1918875,2012-08-30,1,0,60.0,200.0,,Pastick,,0.0,N,,,,,,
61.7266142,-158.1896685,2012-08-30,1,0,55.0,200.0,,Pastick,,0.0,N,,,,,,
61.7253931,-158.1866161,2012-08-30,1,0,80.0,150.0,,Pastick,,0.0,N,,,,,,
61.7513141,-158.1917087,2012-08-30,1,0,30.0,75.0,,Pastick,,0.0,N,,,,,,
61.7513862,-158.1948128,2012-08-30,1,0,125.0,200.0,,Pastick,,0.0,N,,,,,,
61.7516649,-158.1994835,2012-08-30,1,0,50.0,200.0,,Pastick,,0.0,N,,,,,,
61.7530551,-158.2054325,2012-08-30,1,0,45.0,60.0,,Pastick,,0.0,N,,,,,,
61.7530503,-158.2092585,2012-08-30,1,0,60.0,200.0,,Pastick,,0.0,N,,,,,,
61.7393055,-158.1608428,2012-08-30,1,0,22.0,110.0,,Pastick,,0.0,N,,,,,,
61.7423414,-158.1566894,2012-08-30,1,0,90.0,110.0,,Pastick,,0.0,N,,,,,,
61.744286,-158.153209,2012-08-30,1,0,25.0,100.0,,Pastick,,0.0,N,,,,,,
61.7379088,-158.159991,2012-08-30,1,0,70.0,90.0,,Pastick,,0.0,N,,,,,,
61.7380186,-158.1632631,2012-08-30,1,0,160.0,200.0,,Pastick,,0.0,N,,,,,,
61.7388072,-158.1674634,2012-08-30,1,0,10.0,200.0,,Pastick,,0.0,N,,,,,,
61.7069678,-158.2391467,2012-08-30,1,0,40.0,100.0,,Pastick,,0.0,N,,,,,,
61.7083298,-158.2451652,2012-08-30,1,0,130.0,200.0,,Pastick,,0.0,N,,,,,,
61.7099941,-158.2458054,2012-08-30,1,0,152.0,200.0,,Pastick,,0.0,N,,,,,,
61.7145617,-158.2470937,2012-08-30,1,0,130.0,150.0,,Pastick,,0.0,N,,,,,,
61.6807313,-158.219196,2012-08-30,1,0,120.0,150.0,,Pastick,,0.0,N,,,,,,
61.6800598,-158.217947,2012-08-30,1,0,70.0,80.0,,Pastick,,0.0,N,,,,,,
61.6784675,-158.2157955,2012-08-30,1,0,3.0,50.0,,Pastick,,0.0,N,,,,,,
61.6805115,-158.1982463,2012-08-30,1,0,55.0,150.0,,Pastick,,0.0,N,,,,,,
61.6810696,-158.203107,2012-08-30,1,0,76.0,76.0,,Pastick,,0.0,N,,,,,,
61.6320706,-158.293019,2012-08-30,1,0,85.0,200.0,,Pastick,,0.0,N,,,,,,
61.6329155,-158.3001878,2012-08-30,1,0,120.0,200.0,,Pastick,,0.0,N,,,,,,
61.6587189,-158.2747555,2012-08-30,1,0,75.0,200.0,,Pastick,,0.0,N,,,,,,
61.6590975,-158.2784476,2012-08-30,1,0,26.0,200.0,,Pastick,,0.0,N,,,,,,
61.3257041,-157.1768399,2012-08-30,1,0,47.0,200.0,,Pastick,,0.0,N,,,,,,
61.3225838,-157.1785346,2012-08-30,1,0,43.0,43.0,,Pastick,,0.0,N,,,,,,
61.3204419,-157.1822086,2012-08-30,1,0,73.0,73.0,,Pastick,,0.0,N,,,,,,
61.3119657,-157.2011529,2012-08-30,1,0,120.0,120.0,,Pastick,,0.0,N,,,,,,
61.3115259,-157.2147751,2012-08-30,1,0,69.0,200.0,,Pastick,,0.0,N,,,,,,
61.3130953,-157.2242116,2012-08-30,1,0,125.0,200.0,,Pastick,,0.0,N,,,,,,
61.3513014,-157.0761963,2012-08-30,1,0,73.0,200.0,,Pastick,,0.0,N,,,,,,
61.3517984,-157.0834035,2012-08-30,1,0,95.0,200.0,,Pastick,,0.0,N,,,,,,
61.3535007,-157.0978315,2012-08-30,1,0,190.0,200.0,,Pastick,,0.0,N,,,,,,
61.3540512,-157.1018753,2012-08-30,1,0,75.0,200.0,,Pastick,,0.0,N,,,,,,
61.3544721,-157.1114634,2012-08-30,1,0,51.0,125.0,,Pastick,,0.0,N,,,,,,
61.3554335,-157.1166799,2012-08-30,1,0,120.0,150.0,,Pastick,,0.0,N,,,,,,
61.5212014,-156.9501874,2012-08-30,1,0,130.0,150.0,,Pastick,,0.0,N,,,,,,
61.5233918,-156.9429721,2012-08-30,1,0,152.0,200.0,,Pastick,,0.0,N,,,,,,
61.5258673,-156.9391974,2012-08-30,1,0,165.0,200.0,,Pastick,,0.0,N,,,,,,
61.5276502,-156.9341702,2012-08-30,1,0,70.0,200.0,,Pastick,,0.0,N,,,,,,
61.5299654,-156.930499,2012-08-30,1,0,60.0,200.0,,Pastick,,0.0,N,,,,,,
61.5319961,-156.9288026,2012-08-30,1,0,170.0,200.0,,Pastick,,0.0,N,,,,,,
61.5347732,-156.9259838,2012-08-30,1,0,40.0,200.0,,Pastick,,0.0,N,,,,,,
61.3727128,-157.0361792,2012-08-30,1,0,80.0,100.0,,Pastick,,0.0,N,,,,,,
61.3732547,-157.0357709,2012-08-30,1,0,27.0,200.0,,Pastick,,0.0,N,,,,,,
61.374751,-157.0349096,2012-08-30,1,0,152.0,200.0,,Pastick,,0.0,N,,,,,,
61.3750499,-157.0338428,2012-08-30,1,0,90.0,200.0,,Pastick,,0.0,N,,,,,,
61.3754413,-157.031722,2012-08-30,1,0,55.0,180.0,,Pastick,,0.0,N,,,,,,
61.4381244,-157.0455131,2012-08-30,1,0,190.0,200.0,,Pastick,,0.0,N,,,,,,
61.4376032,-157.0486213,2012-08-30,1,0,160.0,200.0,,Pastick,,0.0,N,,,,,,
61.4374752,-157.049717,2012-08-30,1,0,30.0,200.0,,Pastick,,0.0,N,,,,,,
61.3140363,-159.9513399,2012-08-30,1,0,0.0,150.0,,Pastick,,0.0,N,,,,,,
61.3146689,-159.9634981,2012-08-30,1,0,35.0,150.0,,Pastick,,0.0,N,,,,,,
61.3195721,-159.974669,2012-08-30,1,0,100.0,200.0,,Pastick,,0.0,N,,,,,,
61.2989275,-160.184102,2012-08-30,1,0,80.0,100.0,,Pastick,,0.0,N,,,,,,
61.2987774,-160.1868964,2012-08-30,1,0,65.0,80.0,,Pastick,,0.0,N,,,,,,
61.2982885,-160.1935045,2012-08-30,1,0,80.0,150.0,,Pastick,,0.0,N,,,,,,
61.2886259,-160.2308886,2012-08-30,1,0,85.0,130.0,,Pastick,,0.0,N,,,,,,
61.2582652,-159.0290235,2012-08-30,1,0,90.0,100.0,,Pastick,,0.0,N,,,,,,
61.256089,-159.0426842,2012-08-30,1,0,80.0,110.0,,Pastick,,0.0,N,,,,,,
61.7759122,-159.6826269,2012-08-30,1,0,120.0,125.0,,Pastick,,0.0,N,,,,,,
61.7790813,-159.6716838,2012-08-30,1,0,50.0,65.0,,Pastick,,0.0,N,,,,,,
61.4373024,-159.0755896,2012-08-30,1,0,80.0,100.0,,Pastick,,0.0,N,,,,,,
60.9936019,-158.9732886,2012-08-30,1,0,36.0,67.0,,Pastick,,0.0,N,,,,,,
60.9940702,-158.9814589,2012-08-30,1,0,80.0,110.0,,Pastick,,0.0,N,,,,,,
60.9960375,-158.9953228,2012-08-30,1,0,50.0,90.0,,Pastick,,0.0,N,,,,,,
60.9964146,-159.0049545,2012-08-30,1,0,65.0,200.0,,Pastick,,0.0,N,,,,,,
60.9981732,-159.0171754,2012-08-30,1,0,110.0,180.0,,Pastick,,0.0,N,,,,,,
60.9975873,-159.030856,2012-08-30,1,0,38.0,110.0,,Pastick,,0.0,N,,,,,,
60.9984993,-159.044039,2012-08-30,1,0,52.0,150.0,,Pastick,,0.0,N,,,,,,
60.9993683,-159.049402,2012-08-30,1,0,60.0,90.0,,Pastick,,0.0,N,,,,,,
60.9996182,-159.053396,2012-08-30,1,0,47.0,60.0,,Pastick,,0.0,N,,,,,,
61.4630687,-157.4067881,2012-08-30,1,0,20.0,50.0,,Pastick,,0.0,N,,,,,,
61.4618286,-157.4067013,2012-08-30,1,0,60.0,999.0,,Pastick,,0.0,N,,,,,,
61.4611656,-157.401462,2012-08-30,1,0,40.0,60.0,,Pastick,,0.0,N,,,,,,
61.457658,-157.398677,2012-08-30,1,0,70.0,90.0,,Pastick,,0.0,N,,,,,,
61.4549483,-157.3942757,2012-08-30,1,0,60.0,90.0,,Pastick,,0.0,N,,,,,,
61.4504278,-157.3833089,2012-08-30,1,0,50.0,150.0,,Pastick,,0.0,N,,,,,,
61.4492857,-157.3763711,2012-08-30,1,0,31.0,65.0,,Pastick,,0.0,N,,,,,,
61.4452673,-157.3707093,2012-08-30,1,0,60.0,120.0,,Pastick,,0.0,N,,,,,,
61.4428958,-157.3631436,2012-08-30,1,0,35.0,150.0,,Pastick,,0.0,N,,,,,,
61.4388361,-157.360375,2013-06-18,1,0,42.0,999.0,,Pastick,,0.0,N,,,,,,
61.1418449,-157.8065542,2012-08-30,1,0,50.0,200.0,,Pastick,,0.0,N,,,,,,
61.1414866,-157.7995468,2012-08-30,1,0,175.0,999.0,,Pastick,,0.0,N,,,,,,
61.1423538,-157.7900594,2012-08-30,1,0,110.0,200.0,,Pastick,,0.0,N,,,,,,
61.1429264,-157.7808244,2012-08-30,1,0,52.0,120.0,,Pastick,,0.0,N,,,,,,
61.1432683,-157.7729539,2012-08-30,1,0,90.0,105.0,,Pastick,,0.0,N,,,,,,
61.1433127,-157.7650021,2012-08-30,1,0,75.0,200.0,,Pastick,,0.0,N,,,,,,
61.1489396,-158.0019126,2012-08-30,1,0,175.0,999.0,,Pastick,,0.0,N,,,,,,
61.1469616,-157.9942658,2012-08-30,1,0,50.0,70.0,,Pastick,,0.0,N,,,,,,
61.1442961,-157.9895954,2012-08-30,1,0,80.0,100.0,,Pastick,,0.0,N,,,,,,
61.3596661,-157.8199251,2012-08-30,1,0,65.0,90.0,,Pastick,,0.0,N,,,,,,
61.1940372,-158.5711681,2012-08-30,1,0,12.0,60.0,,Pastick,,0.0,N,,,,,,
61.1903226,-158.5690237,2012-08-30,1,0,47.0,65.0,,Pastick,,0.0,N,,,,,,
61.1857515,-158.568584,2012-08-30,1,0,48.0,140.0,,Pastick,,0.0,N,,,,,,
61.1817217,-158.5661658,2012-08-30,1,0,62.0,110.0,,Pastick,,0.0,N,,,,,,
61.1761592,-158.5645317,2012-08-30,1,0,125.0,150.0,,Pastick,,0.0,N,,,,,,
61.1726963,-158.5625345,2012-08-30,1,0,20.0,150.0,,Pastick,,0.0,N,,,,,,
61.1698794,-158.5604172,2012-08-30,1,0,60.0,999.0,,Pastick,,0.0,N,,,,,,
61.1669795,-158.5576324,2012-08-30,1,0,25.0,60.0,,Pastick,,0.0,N,,,,,,
61.1639082,-158.5573594,2012-08-30,1,0,67.0,999.0,,Pastick,,0.0,N,,,,,,
61.1593163,-158.558836,2012-08-30,1,0,49.0,999.0,,Pastick,,0.0,N,,,,,,
61.1577006,-158.5617016,2012-08-30,1,0,47.0,999.0,,Pastick,,0.0,N,,,,,,
61.6991604,-158.3401505,2012-08-30,1,0,63.0,999.0,,Pastick,,0.0,N,,,,,,
61.701627,-158.3378478,2012-08-30,1,0,35.0,95.0,,Pastick,,0.0,N,,,,,,
61.702192,-158.332182,2012-08-30,1,0,66.0,110.0,,Pastick,,0.0,N,,,,,,
61.7066706,-158.3319717,2012-08-30,1,0,89.0,999.0,,Pastick,,0.0,N,,,,,,
61.7088605,-158.3300141,2012-08-30,1,0,79.0,999.0,,Pastick,,0.0,N,,,,,,
61.7103065,-158.3301341,2012-08-30,1,0,48.0,72.0,,Pastick,,0.0,N,,,,,,
61.7138144,-158.3278637,2012-08-30,1,0,98.0,999.0,,Pastick,,0.0,N,,,,,,
61.7155379,-158.3259913,2012-08-30,1,0,48.0,150.0,,Pastick,,0.0,N,,,,,,
61.7176391,-158.3260968,2012-08-30,1,0,68.0,999.0,,Pastick,,0.0,N,,,,,,
61.7209474,-158.3252299,2012-08-30,1,0,47.0,999.0,,Pastick,,0.0,N,,,,,,
61.9166551,-159.0350341,2012-08-30,1,0,52.0,84.0,,Pastick,,0.0,N,,,,,,
61.7779932,-158.7457064,2012-08-30,1,0,152.0,200.0,,Pastick,,0.0,N,,,,,,
61.8600738,-158.4844817,2012-08-30,1,0,85.0,999.0,,Pastick,,0.0,N,,,,,,
61.8633843,-158.4815369,2012-08-30,1,0,60.0,90.0,,Pastick,,0.0,N,,,,,,
61.7152229,-159.1540514,2012-08-30,1,0,40.0,80.0,,Pastick,,0.0,N,,,,,,
61.7191478,-159.1523116,2012-08-30,1,0,85.0,200.0,,Pastick,,0.0,N,,,,,,
61.7243047,-159.1485527,2012-08-30,1,0,65.0,85.0,,Pastick,,0.0,N,,,,,,
61.7268505,-159.1435125,2012-08-30,1,0,40.0,100.0,,Pastick,,0.0,N,,,,,,
61.7265713,-159.1356393,2012-08-30,1,0,65.0,130.0,,Pastick,,0.0,N,,,,,,
61.7826564,-160.3522773,2012-08-30,1,0,120.0,200.0,,Pastick,,0.0,N,,,,,,
61.7821495,-160.3689967,2012-08-30,1,0,70.0,200.0,,Pastick,,0.0,N,,,,,,
61.78098,-160.3764147,2012-08-30,1,0,100.0,200.0,,Pastick,,0.0,N,,,,,,
61.565305,-158.1353498,2012-08-30,1,0,70.0,999.0,,Pastick,,0.0,N,,,,,,
61.7835795,-159.6623216,2012-08-30,1,0,130.0,150.0,,Pastick,,0.0,N,,,,,,
61.7823213,-159.6588821,2012-08-30,1,0,14.0,150.0,,Pastick,,0.0,N,,,,,,
61.7836514,-159.671537,2012-08-30,1,0,56.0,200.0,,Pastick,,0.0,N,,,,,,
61.1378349,-157.9816491,2012-08-30,1,0,24.0,200.0,,Pastick,,0.0,N,,,,,,
61.1251762,-157.9558629,2012-08-30,1,0,60.0,75.0,,Pastick,,0.0,N,,,,,,
61.8440431,-159.0771776,2012-08-30,1,0,0.0,200.0,,Pastick,,0.0,N,,,,,,
61.8694268,-158.4770812,2012-08-30,1,0,90.0,200.0,,Pastick,,0.0,N,,,,,,
61.8731943,-158.4739748,2012-08-30,1,0,130.0,200.0,,Pastick,,0.0,N,,,,,,
61.5738629,-158.134283,2012-08-30,1,0,45.0,999.0,,Pastick,,0.0,N,,,,,,
61.797212,-159.0270839,2012-08-30,1,0,90.0,120.0,,Pastick,,0.0,N,,,,,,
61.7985625,-159.0460712,2012-08-30,1,0,65.0,120.0,,Pastick,,0.0,N,,,,,,
61.8052846,-159.0504446,2012-08-30,1,0,85.0,100.0,,Pastick,,0.0,N,,,,,,
61.8107494,-159.0559752,2012-08-30,1,0,70.0,110.0,,Pastick,,0.0,N,,,,,,
61.8178732,-159.0646426,2012-08-30,1,0,152.0,200.0,,Pastick,,0.0,N,,,,,,
61.8253759,-159.0684362,2012-08-30,1,0,152.0,200.0,,Pastick,,0.0,N,,,,,,
61.5773309,-158.1276324,2012-08-30,1,0,54.0,70.0,,Pastick,,0.0,N,,,,,,
61.5804692,-158.1228166,2012-08-30,1,0,82.0,94.0,,Pastick,,0.0,N,,,,,,
61.1409356,-159.9538541,2012-08-30,1,0,78.0,150.0,,Pastick,,0.0,N,,,,,,
61.1397478,-159.950401,2012-08-30,1,0,112.0,150.0,,Pastick,,0.0,N,,,,,,
61.138216,-159.9434836,2012-08-30,1,0,58.0,96.0,,Pastick,,0.0,N,,,,,,
61.1515388,-159.8046328,2012-08-30,1,0,84.0,150.0,,Pastick,,0.0,N,,,,,,
61.148935,-159.800108,2012-08-30,1,0,105.0,150.0,,Pastick,,0.0,N,,,,,,
61.1488819,-159.7923414,2012-08-30,1,0,165.0,200.0,,Pastick,,0.0,N,,,,,,
61.1459094,-159.7801001,2012-08-30,1,0,65.0,150.0,,Pastick,,0.0,N,,,,,,
61.1386716,-159.764619,2012-08-30,1,0,62.0,150.0,,Pastick,,0.0,N,,,,,,
61.1922718,-159.2163191,2012-08-30,1,0,80.0,150.0,,Pastick,,0.0,N,,,,,,
61.1929348,-159.205646,2012-08-30,1,0,51.0,150.0,,Pastick,,0.0,N,,,,,,
61.1935845,-159.1973908,2012-08-30,1,0,41.0,150.0,,Pastick,,0.0,N,,,,,,
61.1946882,-159.1850452,2012-08-30,1,0,98.0,150.0,,Pastick,,0.0,N,,,,,,
61.1954254,-159.1706131,2012-08-30,1,0,83.0,150.0,,Pastick,,0.0,N,,,,,,
61.1961828,-159.1605524,2012-08-30,1,0,120.0,150.0,,Pastick,,0.0,N,,,,,,
61.1967466,-159.1544159,2012-08-30,1,0,72.0,150.0,,Pastick,,0.0,N,,,,,,
61.1965058,-159.1530194,2012-08-30,1,0,66.0,150.0,,Pastick,,0.0,N,,,,,,
61.550463,-158.8508674,2012-08-30,1,0,22.0,80.0,,Pastick,,0.0,N,,,,,,
61.3509738,-160.5456052,2012-08-30,1,0,60.0,80.0,,Pastick,,0.0,N,,,,,,
61.3491811,-160.5555578,2012-08-30,1,0,40.0,60.0,,Pastick,,0.0,N,,,,,,
61.3480944,-160.5610571,2012-08-30,1,0,40.0,60.0,,Pastick,,0.0,N,,,,,,
61.3477262,-160.5735288,2012-08-30,1,0,40.0,60.0,,Pastick,,0.0,N,,,,,,
61.3483169,-160.5821969,2012-08-30,1,0,140.0,160.0,,Pastick,,0.0,N,,,,,,
61.2734912,-160.5652425,2012-08-30,1,0,140.0,160.0,,Pastick,,0.0,N,,,,,,
61.2750239,-160.5654867,2012-08-30,1,0,40.0,60.0,,Pastick,,0.0,N,,,,,,
61.2767066,-160.5675106,2012-08-30,1,0,50.0,60.0,,Pastick,,0.0,N,,,,,,
61.2793862,-160.5695099,2012-08-30,1,0,50.0,60.0,,Pastick,,0.0,N,,,,,,
61.283113,-160.5725882,2012-08-30,1,0,29.0,54.0,,Pastick,,0.0,N,,,,,,
61.2854481,-160.5733208,2012-08-30,1,0,40.0,60.0,,Pastick,,0.0,N,,,,,,
61.2888989,-160.57773,2012-08-30,1,0,40.0,60.0,,Pastick,,0.0,N,,,,,,
61.4755895,-160.5657653,2012-08-30,1,0,140.0,160.0,,Pastick,,0.0,N,,,,,,
61.4791502,-160.5637661,2012-08-30,1,0,170.0,190.0,,Pastick,,0.0,N,,,,,,
61.4804069,-160.5622331,2012-08-30,1,0,126.0,200.0,,Pastick,,0.0,N,,,,,,
61.4833477,-160.5602584,2012-08-30,1,0,140.0,160.0,,Pastick,,0.0,N,,,,,,
61.4857501,-160.556679,2012-08-30,1,0,66.0,190.0,,Pastick,,0.0,N,,,,,,
61.4879617,-160.5564326,2012-08-30,1,0,140.0,160.0,,Pastick,,0.0,N,,,,,,
61.1415683,-159.7715238,2012-08-30,1,0,53.0,150.0,,Pastick,,0.0,N,,,,,,
61.1402707,-159.7692078,2012-08-30,1,0,82.0,150.0,,Pastick,,0.0,N,,,,,,
61.4225257,-160.5771814,2012-08-30,1,0,100.0,190.0,,Pastick,,0.0,N,,,,,,
61.4169874,-160.5778014,2012-08-30,1,0,17.0,190.0,,Pastick,,0.0,N,,,,,,
61.4198825,-160.5766919,2012-08-30,1,0,100.0,190.0,,Pastick,,0.0,N,,,,,,
61.4185168,-160.5767729,2012-08-30,1,0,152.0,190.0,,Pastick,,0.0,N,,,,,,
61.4173029,-160.5753625,2012-08-30,1,0,152.0,190.0,,Pastick,,0.0,N,,,,,,
61.4747471,-160.380318,2012-08-30,1,0,140.0,160.0,,Pastick,,0.0,N,,,,,,
61.4735979,-160.3794224,2012-08-30,1,0,140.0,160.0,,Pastick,,0.0,N,,,,,,
61.489727,-160.450907,2012-08-30,1,0,140.0,160.0,,Pastick,,0.0,N,,,,,,
61.4889739,-160.4524872,2012-08-30,1,0,140.0,160.0,,Pastick,,0.0,N,,,,,,
61.4020683,-160.6156892,2012-08-30,1,0,140.0,160.0,,Pastick,,0.0,N,,,,,,
61.4003994,-160.6087668,2012-08-30,1,0,140.0,160.0,,Pastick,,0.0,N,,,,,,
61.4667918,-160.2313252,2012-08-30,1,0,170.0,190.0,,Pastick,,0.0,N,,,,,,
61.4660337,-160.2247831,2012-08-30,1,0,140.0,160.0,,Pastick,,0.0,N,,,,,,
61.4629531,-160.2208904,2012-08-30,1,0,40.0,60.0,,Pastick,,0.0,N,,,,,,
61.4606623,-160.216016,2012-08-30,1,0,40.0,60.0,,Pastick,,0.0,N,,,,,,
61.4572751,-160.2132574,2012-08-30,1,0,154.0,200.0,,Pastick,,0.0,N,,,,,,
61.456371,-160.2119465,2012-08-30,1,0,40.0,60.0,,Pastick,,0.0,N,,,,,,
61.4548249,-160.2151695,2012-08-30,1,0,140.0,160.0,,Pastick,,0.0,N,,,,,,
61.5619735,-160.3334192,2012-08-30,1,0,40.0,60.0,,Pastick,,0.0,N,,,,,,
61.5618252,-160.3292901,2012-08-30,1,0,40.0,60.0,,Pastick,,0.0,N,,,,,,
61.5613359,-160.3260501,2012-08-30,1,0,40.0,60.0,,Pastick,,0.0,N,,,,,,
61.5628517,-160.3206553,2012-08-30,1,0,40.0,60.0,,Pastick,,0.0,N,,,,,,
61.5584961,-160.3123762,2012-08-30,1,0,140.0,160.0,,Pastick,,0.0,N,,,,,,
61.718745,-158.2026076,2012-08-30,1,0,60.0,200.0,,Pastick,,0.0,N,,,,,,
61.7177389,-158.1994174,2012-08-30,1,0,100.0,200.0,,Pastick,,0.0,N,,,,,,
61.7165559,-158.1966861,2012-08-30,1,0,100.0,200.0,,Pastick,,0.0,N,,,,,,
61.7155602,-158.193761,2012-08-30,1,0,20.0,40.0,,Pastick,,0.0,N,,,,,,
61.7475277,-158.1920541,2012-08-30,1,0,120.0,200.0,,Pastick,,0.0,N,,,,,,
61.7474141,-158.1956361,2012-08-30,1,0,60.0,200.0,,Pastick,,0.0,N,,,,,,
61.7471765,-158.1995243,2012-08-30,1,0,100.0,200.0,,Pastick,,0.0,N,,,,,,
61.735687,-158.1505299,2012-08-30,1,0,80.0,90.0,,Pastick,,0.0,N,,,,,,
61.735219,-158.1488959,2012-08-30,1,0,70.0,80.0,,Pastick,,0.0,N,,,,,,
61.7336824,-158.1371649,2012-08-30,1,0,140.0,160.0,,Pastick,,0.0,N,,,,,,
61.7333606,-158.1359625,2012-08-30,1,0,40.0,60.0,,Pastick,,0.0,N,,,,,,
61.7330006,-158.1315623,2012-08-30,1,0,50.0,150.0,,Pastick,,0.0,N,,,,,,
61.726882,-158.1350462,2012-08-30,1,0,40.0,60.0,,Pastick,,0.0,N,,,,,,
61.7270151,-158.1362158,2012-08-30,1,0,42.0,80.0,,Pastick,,0.0,N,,,,,,
61.7066293,-158.2380015,2012-08-30,1,0,57.0,100.0,,Pastick,,0.0,N,,,,,,
61.7075856,-158.2420818,2012-08-30,1,0,88.0,200.0,,Pastick,,0.0,N,,,,,,
61.7108369,-158.2488868,2012-08-30,1,0,76.0,90.0,,Pastick,,0.0,N,,,,,,
61.7190682,-158.2503514,2012-08-30,1,0,49.0,100.0,,Pastick,,0.0,N,,,,,,
61.6631946,-158.2506667,2012-08-30,1,0,56.0,200.0,,Pastick,,0.0,N,,,,,,
61.6384508,-158.2702485,2012-08-30,1,0,60.0,80.0,,Pastick,,0.0,N,,,,,,
61.6367964,-158.2680986,2012-08-30,1,0,50.0,70.0,,Pastick,,0.0,N,,,,,,
61.6108074,-158.2991031,2012-08-30,1,0,58.0,200.0,,Pastick,,0.0,N,,,,,,
61.644124,-158.2803252,2012-08-30,1,0,65.0,200.0,,Pastick,,0.0,N,,,,,,
61.6442029,-158.2868158,2012-08-30,1,0,75.0,200.0,,Pastick,,0.0,N,,,,,,
61.6452672,-158.2877728,2012-08-30,1,0,50.0,200.0,,Pastick,,0.0,N,,,,,,
61.6470319,-158.2904879,2012-08-30,1,0,44.0,200.0,,Pastick,,0.0,N,,,,,,
61.6472413,-158.2927859,2012-08-30,1,0,60.0,80.0,,Pastick,,0.0,N,,,,,,
61.5937775,-158.450303,2012-08-30,1,0,30.0,100.0,,Pastick,,0.0,N,,,,,,
61.3238898,-157.1768145,2012-08-30,1,0,52.0,80.0,,Pastick,,0.0,N,,,,,,
61.321179,-157.1822593,2012-08-30,1,0,46.0,70.0,,Pastick,,0.0,N,,,,,,
61.3132863,-157.1836503,2012-08-30,1,0,27.0,999.0,,Pastick,,0.0,N,,,,,,
61.3136668,-157.1913052,2012-08-30,1,0,100.0,140.0,,Pastick,,0.0,N,,,,,,
61.3118681,-157.2093952,2012-08-30,1,0,60.0,100.0,,Pastick,,0.0,N,,,,,,
61.317232,-157.2143945,2012-08-30,1,0,56.0,140.0,,Pastick,,0.0,N,,,,,,
61.4222223,-157.0556738,2012-08-30,1,0,56.0,200.0,,Pastick,,0.0,N,,,,,,
61.4218588,-157.0578895,2012-08-30,1,0,145.0,200.0,,Pastick,,0.0,N,,,,,,
61.4186968,-157.0787022,2012-08-30,1,0,70.0,299.0,,Pastick,,0.0,N,,,,,,
61.4187493,-157.0798797,2012-08-30,1,0,120.0,200.0,,Pastick,,0.0,N,,,,,,
61.4152181,-157.0873865,2012-08-30,1,0,70.0,200.0,,Pastick,,0.0,N,,,,,,
61.4131833,-157.0831823,2012-08-30,1,0,120.0,200.0,,Pastick,,0.0,N,,,,,,
61.4125621,-157.0773366,2012-08-30,1,0,100.0,200.0,,Pastick,,0.0,N,,,,,,
61.4084062,-157.067325,2012-08-30,1,0,54.0,200.0,,Pastick,,0.0,N,,,,,,
61.516489,-157.0017881,2012-08-30,1,0,125.0,180.0,,Pastick,,0.0,N,,,,,,
61.51911,-156.9998712,2012-08-30,1,0,75.0,200.0,,Pastick,,0.0,N,,,,,,
61.5213955,-157.0020184,2012-08-30,1,0,125.0,200.0,,Pastick,,0.0,N,,,,,,
61.5246359,-156.9988577,2012-08-30,1,0,160.0,200.0,,Pastick,,0.0,N,,,,,,
61.5202538,-157.0000985,2012-08-30,1,0,79.0,200.0,,Pastick,,0.0,N,,,,,,
61.3752644,-157.0449842,2012-08-30,1,0,80.0,140.0,,Pastick,,0.0,N,,,,,,
61.3775384,-157.0451229,2012-08-30,1,0,135.0,180.0,,Pastick,,0.0,N,,,,,,
61.3784128,-157.0447314,2012-08-30,1,0,140.0,180.0,,Pastick,,0.0,N,,,,,,
61.3789515,-157.0440987,2012-08-30,1,0,190.0,200.0,,Pastick,,0.0,N,,,,,,
61.380089,-157.0457685,2012-08-30,1,0,125.0,190.0,,Pastick,,0.0,N,,,,,,
61.4466631,-157.0497995,2012-08-30,1,0,70.0,190.0,,Pastick,,0.0,N,,,,,,
61.444979,-157.0526058,2012-08-30,1,0,190.0,200.0,,Pastick,,0.0,N,,,,,,
61.4447689,-157.0536131,2012-08-30,1,0,180.0,200.0,,Pastick,,0.0,N,,,,,,
61.7567332,-159.8761151,2012-08-30,1,0,8.0,50.0,,Pastick,,0.0,N,,,,,,
61.7564723,-159.8776041,2012-08-30,1,0,60.0,100.0,,Pastick,,0.0,N,,,,,,
61.7615531,-159.877673,2012-08-30,1,0,55.0,62.0,,Pastick,,0.0,N,,,,,,
61.7631273,-159.8771874,2012-08-30,1,0,69.0,70.0,,Pastick,,0.0,N,,,,,,
61.7694417,-159.8667739,2012-08-30,1,0,50.0,70.0,,Pastick,,0.0,N,,,,,,
61.769053,-159.8368217,2012-08-30,1,0,50.0,75.0,,Pastick,,0.0,N,,,,,,
61.7714019,-159.8284711,2012-08-30,1,0,42.0,80.0,,Pastick,,0.0,N,,,,,,
61.7743399,-159.8130653,2012-08-30,1,0,60.0,150.0,,Pastick,,0.0,N,,,,,,
61.7745574,-159.8050916,2012-08-30,1,0,90.0,125.0,,Pastick,,0.0,N,,,,,,
61.3585612,-158.9413372,2012-08-30,1,0,51.0,84.0,,Pastick,,0.0,N,,,,,,
61.3597988,-158.9383988,2012-08-30,1,0,32.0,60.0,,Pastick,,0.0,N,,,,,,
61.3624849,-158.9095354,2012-08-30,1,0,42.0,75.0,,Pastick,,0.0,N,,,,,,
60.8938585,-159.1708615,2012-08-30,1,0,45.0,70.0,,Pastick,,0.0,N,,,,,,
60.8994794,-159.1703387,2012-08-30,1,0,45.0,80.0,,Pastick,,0.0,N,,,,,,
60.9067527,-159.169511,2012-08-30,1,0,53.0,85.0,,Pastick,,0.0,N,,,,,,
60.9123079,-159.164009,2012-08-30,1,0,80.0,100.0,,Pastick,,0.0,N,,,,,,
60.924984,-159.1647382,2012-08-30,1,0,86.0,115.0,,Pastick,,0.0,N,,,,,,
60.9340589,-159.1662611,2012-08-30,1,0,37.0,75.0,,Pastick,,0.0,N,,,,,,
60.9398735,-159.1614749,2012-08-30,1,0,30.0,100.0,,Pastick,,0.0,N,,,,,,
60.9453805,-159.1585496,2012-08-30,1,0,50.0,70.0,,Pastick,,0.0,N,,,,,,
61.4383994,-157.599275,2012-08-30,1,0,25.0,75.0,,Pastick,,0.0,N,,,,,,
61.4360491,-157.5986117,2012-08-30,1,0,40.0,70.0,,Pastick,,0.0,N,,,,,,
61.4330367,-157.6007903,2012-08-30,1,0,55.0,80.0,,Pastick,,0.0,N,,,,,,
61.4308081,-157.6032335,2012-08-30,1,0,31.0,75.0,,Pastick,,0.0,N,,,,,,
61.4236967,-157.6075997,2012-08-30,1,0,36.0,110.0,,Pastick,,0.0,N,,,,,,
61.4219635,-157.6093261,2012-08-30,1,0,58.0,58.0,,Pastick,,0.0,N,,,,,,
61.3131432,-157.5295078,2012-08-30,1,0,56.0,153.0,,Pastick,,0.0,N,,,,,,
61.3084975,-157.5200897,2012-08-30,1,0,128.0,150.0,,Pastick,,0.0,N,,,,,,
61.3014308,-157.5143177,2012-08-30,1,0,50.0,152.0,,Pastick,,0.0,N,,,,,,
61.2920177,-157.5026125,2012-08-30,1,0,90.0,160.0,,Pastick,,0.0,N,,,,,,
61.288017,-157.4924272,2012-08-30,1,0,55.0,80.0,,Pastick,,0.0,N,,,,,,
61.2823306,-157.4761126,2012-08-30,1,0,48.0,80.0,,Pastick,,0.0,N,,,,,,
61.2797163,-157.471202,2012-08-30,1,0,19.0,45.0,,Pastick,,0.0,N,,,,,,
60.9996519,-157.9359114,2012-08-30,1,0,135.0,200.0,,Pastick,,0.0,N,,,,,,
61.0008463,-157.9190073,2012-08-30,1,0,72.0,180.0,,Pastick,,0.0,N,,,,,,
61.0006848,-157.9056621,2012-08-30,1,0,38.0,150.0,,Pastick,,0.0,N,,,,,,
61.0007289,-157.8923653,2012-08-30,1,0,35.0,200.0,,Pastick,,0.0,N,,,,,,
60.9989467,-157.8669661,2012-08-30,1,0,78.0,100.0,,Pastick,,0.0,N,,,,,,
60.9989109,-157.8552814,2012-08-30,1,0,100.0,200.0,,Pastick,,0.0,N,,,,,,
60.9972247,-157.8439156,2012-08-30,1,0,125.0,200.0,,Pastick,,0.0,N,,,,,,
61.3611106,-157.8187672,2012-08-30,1,0,70.0,90.0,,Pastick,,0.0,N,,,,,,
61.3594415,-157.8178388,2012-08-30,1,0,175.0,200.0,,Pastick,,0.0,N,,,,,,
61.104123,-158.4516055,2012-08-30,1,0,37.0,75.0,,Pastick,,0.0,N,,,,,,
61.1077416,-158.4539361,2012-08-30,1,0,48.0,102.0,,Pastick,,0.0,N,,,,,,
61.1125082,-158.4537611,2012-08-30,1,0,67.0,125.0,,Pastick,,0.0,N,,,,,,
61.1163613,-158.4563854,2012-08-30,1,0,68.0,125.0,,Pastick,,0.0,N,,,,,,
61.118691,-158.4597231,2012-08-30,1,0,65.0,80.0,,Pastick,,0.0,N,,,,,,
61.122267,-158.462669,2012-08-30,1,0,56.0,90.0,,Pastick,,0.0,N,,,,,,
61.126812,-158.4609582,2012-08-30,1,0,44.0,85.0,,Pastick,,0.0,N,,,,,,
61.1347342,-158.4596162,2012-08-30,1,0,44.0,80.0,,Pastick,,0.0,N,,,,,,
61.1408518,-158.4605146,2012-08-30,1,0,170.0,180.0,,Pastick,,0.0,N,,,,,,
61.690301,-158.5324702,2012-08-30,1,0,79.0,90.0,,Pastick,,0.0,N,,,,,,
61.6883379,-158.5359774,2012-08-30,1,0,49.0,80.0,,Pastick,,0.0,N,,,,,,
61.6866535,-158.5264588,2012-08-30,1,0,47.0,80.0,,Pastick,,0.0,N,,,,,,
61.680151,-158.5229873,2012-08-30,1,0,60.0,95.0,,Pastick,,0.0,N,,,,,,
61.6748259,-158.5250908,2012-08-30,1,0,78.0,100.0,,Pastick,,0.0,N,,,,,,
61.8980311,-159.1806965,2012-08-30,1,0,61.0,80.0,,Pastick,,0.0,N,,,,,,
61.8941218,-159.1699997,2012-08-30,1,0,54.0,70.0,,Pastick,,0.0,N,,,,,,
61.8884967,-159.1597723,2012-08-30,1,0,70.0,150.0,,Pastick,,0.0,N,,,,,,
61.8826098,-159.1501369,2012-08-30,1,0,67.0,102.0,,Pastick,,0.0,N,,,,,,
61.8765095,-159.1378422,2012-08-30,1,0,76.0,115.0,,Pastick,,0.0,N,,,,,,
61.8749957,-159.1345078,2012-08-30,1,0,28.0,60.0,,Pastick,,0.0,N,,,,,,
61.8698091,-159.1228502,2012-08-30,1,0,46.0,70.0,,Pastick,,0.0,N,,,,,,
61.6282193,-158.6886498,2012-08-30,1,0,56.0,85.0,,Pastick,,0.0,N,,,,,,
61.632976,-158.6920922,2012-08-30,1,0,67.0,85.0,,Pastick,,0.0,N,,,,,,
61.6359807,-158.6949303,2012-08-30,1,0,82.0,100.0,,Pastick,,0.0,N,,,,,,
61.6383072,-158.6955678,2012-08-30,1,0,42.0,65.0,,Pastick,,0.0,N,,,,,,
61.6406674,-158.695186,2012-08-30,1,0,52.0,60.0,,Pastick,,0.0,N,,,,,,
61.6414424,-158.6965182,2012-08-30,1,0,25.0,60.0,,Pastick,,0.0,N,,,,,,
61.9427042,-158.6158391,2012-08-30,1,0,55.0,60.0,,Pastick,,0.0,N,,,,,,
61.9386002,-158.6185201,2012-08-30,1,0,71.0,90.0,,Pastick,,0.0,N,,,,,,
61.7092965,-159.2842335,2012-08-30,1,0,62.0,80.0,,Pastick,,0.0,N,,,,,,
61.7105994,-159.2963689,2012-08-30,1,0,70.0,100.0,,Pastick,,0.0,N,,,,,,
61.7181848,-159.3126165,2012-08-30,1,0,47.0,75.0,,Pastick,,0.0,N,,,,,,
61.7032193,-160.5223522,2012-08-30,1,0,125.0,175.0,,Pastick,,0.0,N,,,,,,
61.7090583,-160.5180435,2012-08-30,1,0,51.0,200.0,,Pastick,,0.0,N,,,,,,
61.5132815,-158.2677335,2012-08-30,1,0,36.0,50.0,,Pastick,,0.0,N,,,,,,
61.5105916,-158.2633617,2012-08-30,1,0,49.0,75.0,,Pastick,,0.0,N,,,,,,
61.5058359,-158.2605055,2012-08-30,1,0,60.0,75.0,,Pastick,,0.0,N,,,,,,
61.5034892,-158.2598472,2012-08-30,1,0,60.0,85.0,,Pastick,,0.0,N,,,,,,
61.500131,-158.258086,2012-08-30,1,0,46.0,150.0,,Pastick,,0.0,N,,,,,,
61.5967156,-159.7527212,2012-08-30,1,0,54.0,75.0,,Pastick,,0.0,N,,,,,,
61.7472242,-158.2031021,2012-08-30,1,0,100.0,200.0,,Pastick,,0.0,N,,,,,,
61.7474426,-158.2036077,2012-08-30,1,0,80.0,200.0,,Pastick,,0.0,N,,,,,,
61.4363246,-160.4789321,2012-08-30,1,0,140.0,160.0,,Pastick,,0.0,N,,,,,,
61.3893147,-159.6627234,2012-08-30,1,0,110.0,180.0,,Pastick,,0.0,N,,,,,,
61.4401233,-160.3235067,2012-08-30,1,0,130.0,170.0,,Pastick,,0.0,N,,,,,,
61.4425794,-160.3155844,2012-08-30,1,0,152.0,190.0,,Pastick,,0.0,N,,,,,,
61.4441975,-160.3088635,2012-08-30,1,0,125.0,190.0,,Pastick,,0.0,N,,,,,,
61.445025,-160.3077729,2012-08-30,1,0,160.0,190.0,,Pastick,,0.0,N,,,,,,
61.5460528,-160.5755036,2012-08-30,1,0,75.0,190.0,,Pastick,,0.0,N,,,,,,
61.5511201,-160.5814441,2012-08-30,1,0,40.0,50.0,,Pastick,,0.0,N,,,,,,
62.1571756,-160.6435449,2012-08-30,1,0,60.0,190.0,,Pastick,,0.0,N,,,,,,
62.1526919,-160.6316901,2012-08-30,1,0,100.0,152.0,,Pastick,,0.0,N,,,,,,
62.1600514,-160.6212207,2012-08-30,1,0,152.0,172.0,,Pastick,,0.0,N,,,,,,
62.1604053,-160.613983,2012-08-30,1,0,140.0,190.0,,Pastick,,0.0,N,,,,,,
62.1618827,-160.6011796,2012-08-30,1,0,160.0,182.0,,Pastick,,0.0,N,,,,,,
62.1619888,-160.5919699,2012-08-30,1,0,43.0,182.0,,Pastick,,0.0,N,,,,,,
62.1618574,-160.5799257,2012-08-30,1,0,67.0,182.0,,Pastick,,0.0,N,,,,,,
62.1637469,-160.5772019,2012-08-30,1,0,65.0,182.0,,Pastick,,0.0,N,,,,,,
61.6183985,-159.9538587,2012-08-30,1,0,64.0,90.0,,Pastick,,0.0,N,,,,,,
61.6220068,-159.9526684,2012-08-30,1,0,68.0,89.0,,Pastick,,0.0,N,,,,,,
61.625636,-159.9549303,2012-08-30,1,0,135.0,190.0,,Pastick,,0.0,N,,,,,,
61.6300074,-159.956329,2012-08-30,1,0,75.0,175.0,,Pastick,,0.0,N,,,,,,
61.6340583,-159.9521899,2012-08-30,1,0,57.0,190.0,,Pastick,,0.0,N,,,,,,
61.6395295,-159.9503578,2012-08-30,1,0,130.0,190.0,,Pastick,,0.0,N,,,,,,
61.643014,-159.9502005,2012-08-30,1,0,64.0,120.0,,Pastick,,0.0,N,,,,,,
61.6477425,-159.953177,2012-08-30,1,0,152.0,182.0,,Pastick,,0.0,N,,,,,,
61.4486097,-158.6143371,2012-08-30,1,0,88.0,167.0,,Pastick,,0.0,N,,,,,,
61.4519549,-158.6068495,2012-08-30,1,0,90.0,110.0,,Pastick,,0.0,N,,,,,,
61.4592666,-158.5899664,2012-08-30,1,0,85.0,101.0,,Pastick,,0.0,N,,,,,,
61.4623168,-158.5833406,2012-08-30,1,0,100.0,126.0,,Pastick,,0.0,N,,,,,,
61.4673171,-158.5717142,2012-08-30,1,0,46.0,59.0,,Pastick,,0.0,N,,,,,,
61.4759664,-158.5561469,2012-08-30,1,0,75.0,130.0,,Pastick,,0.0,N,,,,,,
60.9955721,-158.954671,2012-08-30,1,0,40.0,45.0,,Pastick,,0.0,N,,,,,,
60.9951193,-158.9442823,2012-08-30,1,0,78.0,152.0,,Pastick,,0.0,N,,,,,,
60.996288,-158.9284739,2012-08-30,1,0,48.0,152.0,,Pastick,,0.0,N,,,,,,
60.9942595,-158.9139671,2012-08-30,1,0,50.0,70.0,,Pastick,,0.0,N,,,,,,
60.9954121,-158.9057005,2012-08-30,1,0,110.0,190.0,,Pastick,,0.0,N,,,,,,
60.9979373,-158.8966709,2012-08-30,1,0,60.0,80.0,,Pastick,,0.0,N,,,,,,
60.9983767,-158.8850034,2012-08-30,1,0,40.0,45.0,,Pastick,,0.0,N,,,,,,
60.9928565,-158.876206,2012-08-30,1,0,37.0,67.0,,Pastick,,0.0,N,,,,,,
60.9917958,-158.8748608,2012-08-30,1,0,100.0,110.0,,Pastick,,0.0,N,,,,,,
61.884722,-159.262216,2012-08-30,1,0,35.0,52.0,,Pastick,,0.0,N,,,,,,
61.8873232,-159.2679829,2012-08-30,1,0,70.0,94.0,,Pastick,,0.0,N,,,,,,
61.6014657,-156.5582161,2012-08-30,1,0,120.0,125.0,,Pastick,,0.0,N,,,,,,
61.6014656,-156.5551991,2012-08-30,1,0,75.0,80.0,,Pastick,,0.0,N,,,,,,
61.6025193,-156.5659208,2012-08-30,1,0,100.0,122.0,,Pastick,,0.0,N,,,,,,
61.6040421,-156.5732688,2012-08-30,1,0,110.0,152.0,,Pastick,,0.0,N,,,,,,
61.0974019,-156.6919586,2012-08-30,1,0,50.0,55.0,,Pastick,,0.0,N,,,,,,
61.093197,-156.6976635,2012-08-30,1,0,62.0,75.0,,Pastick,,0.0,N,,,,,,
61.0854495,-156.6989314,2012-08-30,1,0,60.0,100.0,,Pastick,,0.0,N,,,,,,
61.0796045,-156.7027493,2012-08-30,1,0,40.0,60.0,,Pastick,,0.0,N,,,,,,
61.0711069,-156.6974143,2012-08-30,1,0,155.0,182.0,,Pastick,,0.0,N,,,,,,
61.0672606,-156.6983424,2012-08-30,1,0,32.0,65.0,,Pastick,,0.0,N,,,,,,
61.2445956,-156.5360121,2012-08-30,1,0,155.0,192.0,,Pastick,,0.0,N,,,,,,
61.2451061,-156.5433544,2012-08-30,1,0,152.0,192.0,,Pastick,,0.0,N,,,,,,
61.2457056,-156.5521627,2012-08-30,1,0,100.0,192.0,,Pastick,,0.0,N,,,,,,
61.2475009,-156.5720833,2012-08-30,1,0,85.0,125.0,,Pastick,,0.0,N,,,,,,
61.2489283,-156.5911766,2012-08-30,1,0,65.0,152.0,,Pastick,,0.0,N,,,,,,
61.2510966,-156.6065979,2012-08-30,1,0,175.0,192.0,,Pastick,,0.0,N,,,,,,
61.2562623,-156.6250582,2012-08-30,1,0,50.0,63.0,,Pastick,,0.0,N,,,,,,
61.2589054,-156.643732,2012-08-30,1,0,125.0,132.0,,Pastick,,0.0,N,,,,,,
61.269519,-156.6461641,2012-08-30,1,0,50.0,60.0,,Pastick,,0.0,N,,,,,,
60.9764945,-157.4748094,2012-08-30,1,0,60.0,90.0,,Pastick,,0.0,N,,,,,,
60.9843628,-157.4789792,2012-08-30,1,0,60.0,93.0,,Pastick,,0.0,N,,,,,,
60.9978194,-157.4834209,2012-08-30,1,0,110.0,192.0,,Pastick,,0.0,N,,,,,,
61.0022482,-157.481989,2012-08-30,1,0,95.0,192.0,,Pastick,,0.0,N,,,,,,
61.0118349,-157.4784973,2012-08-30,1,0,70.0,93.0,,Pastick,,0.0,N,,,,,,
61.0163843,-157.4758188,2012-08-30,1,0,65.0,192.0,,Pastick,,0.0,N,,,,,,
61.0179046,-157.4713051,2012-08-30,1,0,64.0,96.0,,Pastick,,0.0,N,,,,,,
61.3655692,-156.1717493,2012-08-30,1,0,42.0,192.0,,Pastick,,0.0,N,,,,,,
61.363545,-156.1928373,2012-08-30,1,0,185.0,192.0,,Pastick,,0.0,N,,,,,,
61.3637064,-156.2010951,2012-08-30,1,0,75.0,192.0,,Pastick,,0.0,N,,,,,,
61.360507,-156.2273179,2012-08-30,1,0,100.0,192.0,,Pastick,,0.0,N,,,,,,
61.3570935,-156.2441046,2012-08-30,1,0,57.0,100.0,,Pastick,,0.0,N,,,,,,
61.9812243,-156.7547432,2012-08-30,1,0,65.0,125.0,,Pastick,,0.0,N,,,,,,
61.978573,-156.7546138,2012-08-30,1,0,40.0,70.0,,Pastick,,0.0,N,,,,,,
61.9756442,-156.7556499,2012-08-30,1,0,100.0,192.0,,Pastick,,0.0,N,,,,,,
61.9730514,-156.7558023,2012-08-30,1,0,100.0,152.0,,Pastick,,0.0,N,,,,,,
61.969307,-156.7563828,2012-08-30,1,0,45.0,80.0,,Pastick,,0.0,N,,,,,,
61.9673921,-156.7573631,2012-08-30,1,0,70.0,152.0,,Pastick,,0.0,N,,,,,,
61.963861,-156.7550469,2012-08-30,1,0,45.0,152.0,,Pastick,,0.0,N,,,,,,
61.7629124,-156.2630008,2012-08-30,1,0,80.0,192.0,,Pastick,,0.0,N,,,,,,
61.7627572,-156.25928,2012-08-30,1,0,65.0,192.0,,Pastick,,0.0,N,,,,,,
62.6641204,-160.3148086,2012-08-30,1,0,160.0,200.0,,Pastick,,0.0,N,,,,,,
62.6650376,-160.3165672,2012-08-30,1,0,165.0,200.0,,Pastick,,0.0,N,,,,,,
62.6666079,-160.3185502,2013-06-18,1,0,152.0,200.0,,Pastick,,0.0,N,,,,,,
62.6648974,-160.3238232,2012-08-30,1,0,155.0,200.0,,Pastick,,0.0,N,,,,,,
62.6638141,-160.3282647,2012-08-30,1,0,170.0,200.0,,Pastick,,0.0,N,,,,,,
62.6496272,-160.4740692,2012-08-30,1,0,165.0,200.0,,Pastick,,0.0,N,,,,,,
62.6399707,-160.4392002,2012-08-30,1,0,58.0,110.0,,Pastick,,0.0,N,,,,,,
62.6682603,-160.5182044,2012-08-30,1,0,152.0,200.0,,Pastick,,0.0,N,,,,,,
62.6650137,-160.5179015,2012-08-30,1,0,100.0,200.0,,Pastick,,0.0,N,,,,,,
62.663868,-160.5200684,2012-08-30,1,0,115.0,125.0,,Pastick,,0.0,N,,,,,,
62.4937143,-160.5831265,2012-08-30,1,0,90.0,200.0,,Pastick,,0.0,N,,,,,,
62.4971611,-160.594239,2012-08-30,1,0,130.0,200.0,,Pastick,,0.0,N,,,,,,
62.5194876,-160.4362609,2012-08-30,1,0,110.0,200.0,,Pastick,,0.0,N,,,,,,
62.5022348,-160.4473719,2012-08-30,1,0,130.0,200.0,,Pastick,,0.0,N,,,,,,
62.1465659,-159.3421753,2012-08-30,1,0,40.0,70.0,,Pastick,,0.0,N,,,,,,
62.2015317,-160.1559325,2012-08-30,1,0,120.0,200.0,,Pastick,,0.0,N,,,,,,
62.2018157,-160.1552514,2013-06-18,1,0,124.0,170.0,,Pastick,,0.0,N,,,,,,
62.1965049,-160.1981747,2012-08-30,1,0,120.0,170.0,,Pastick,,0.0,N,,,,,,
62.2058697,-160.046002,2012-08-30,1,0,75.0,183.0,,Pastick,,0.0,N,,,,,,
61.7608706,-156.2489463,2012-08-30,1,0,82.0,152.0,,Pastick,,0.0,N,,,,,,
61.7590421,-156.2402009,2012-08-30,1,0,100.0,192.0,,Pastick,,0.0,N,,,,,,
61.7573017,-156.2300648,2012-08-30,1,0,137.0,192.0,,Pastick,,0.0,N,,,,,,
61.7574032,-156.2177734,2012-08-30,1,0,175.0,192.0,,Pastick,,0.0,N,,,,,,
61.7558718,-156.2082835,2012-08-30,1,0,145.0,192.0,,Pastick,,0.0,N,,,,,,
61.754336,-156.1819461,2012-08-30,1,0,80.0,152.0,,Pastick,,0.0,N,,,,,,
62.6618723,-160.5186582,2012-08-30,1,0,145.0,200.0,,Pastick,,0.0,N,,,,,,
61.4962288,-156.5027279,2012-08-30,1,0,18.0,152.0,,Pastick,,0.0,N,,,,,,
61.4993212,-156.5038518,2012-08-30,1,0,59.0,152.0,,Pastick,,0.0,N,,,,,,
61.5009044,-156.5044767,2012-08-30,1,0,62.0,152.0,,Pastick,,0.0,N,,,,,,
61.5100412,-156.5031237,2012-08-30,1,0,120.0,152.0,,Pastick,,0.0,N,,,,,,
61.516993,-156.5016445,2012-08-30,1,0,144.0,152.0,,Pastick,,0.0,N,,,,,,
61.5242293,-156.500988,2012-08-30,1,0,42.0,152.0,,Pastick,,0.0,N,,,,,,
61.1209367,-156.3492957,2012-08-30,1,0,41.0,152.0,,Pastick,,0.0,N,,,,,,
61.1225125,-156.3485694,2012-08-30,1,0,78.0,150.0,,Pastick,,0.0,N,,,,,,
61.1253472,-156.3460844,2012-08-30,1,0,74.0,152.0,,Pastick,,0.0,N,,,,,,
61.1284161,-156.3459197,2012-08-30,1,0,59.0,150.0,,Pastick,,0.0,N,,,,,,
61.1341459,-156.3463118,2012-08-30,1,0,76.0,150.0,,Pastick,,0.0,N,,,,,,
61.1377592,-156.3468817,2012-08-30,1,0,87.0,152.0,,Pastick,,0.0,N,,,,,,
61.1535603,-156.3523955,2012-08-30,1,0,74.0,150.0,,Pastick,,0.0,N,,,,,,
61.1584643,-156.3546617,2012-08-30,1,0,92.0,150.0,,Pastick,,0.0,N,,,,,,
61.1590137,-156.355192,2012-08-30,1,0,134.0,152.0,,Pastick,,0.0,N,,,,,,
61.1614409,-156.3484064,2012-08-30,1,0,40.0,152.0,,Pastick,,0.0,N,,,,,,
61.3219401,-156.9286883,2012-08-30,1,0,72.0,152.0,,Pastick,,0.0,N,,,,,,
61.3219578,-156.9257348,2012-08-30,1,0,46.0,152.0,,Pastick,,0.0,N,,,,,,
61.3244151,-156.9137811,2012-08-30,1,0,38.0,152.0,,Pastick,,0.0,N,,,,,,
61.3227527,-156.9032222,2012-08-30,1,0,70.0,152.0,,Pastick,,0.0,N,,,,,,
61.3262738,-156.8893447,2012-08-30,1,0,45.0,152.0,,Pastick,,0.0,N,,,,,,
61.3273874,-156.8720762,2012-08-30,1,0,54.0,152.0,,Pastick,,0.0,N,,,,,,
61.3282315,-156.8583572,2012-08-30,1,0,86.0,152.0,,Pastick,,0.0,N,,,,,,
61.3299157,-156.8467289,2012-08-30,1,0,82.0,152.0,,Pastick,,0.0,N,,,,,,
61.3310763,-156.8366869,2012-08-30,1,0,38.0,152.0,,Pastick,,0.0,N,,,,,,
61.3324478,-156.8303305,2012-08-30,1,0,76.0,150.0,,Pastick,,0.0,N,,,,,,
61.2076454,-157.3715174,2012-08-30,1,0,110.0,152.0,,Pastick,,0.0,N,,,,,,
61.2031087,-157.3765908,2012-08-30,1,0,110.0,152.0,,Pastick,,0.0,N,,,,,,
61.1996995,-157.3790925,2012-08-30,1,0,108.0,152.0,,Pastick,,0.0,N,,,,,,
61.1950405,-157.3784574,2012-08-30,1,0,81.0,97.0,,Pastick,,0.0,N,,,,,,
61.189768,-157.3805888,2012-08-30,1,0,105.0,152.0,,Pastick,,0.0,N,,,,,,
61.1824445,-157.3876791,2012-08-30,1,0,96.0,152.0,,Pastick,,0.0,N,,,,,,
61.1804474,-157.3896409,2012-08-30,1,0,126.0,152.0,,Pastick,,0.0,N,,,,,,
61.1706917,-157.4059982,2012-08-30,1,0,122.0,152.0,,Pastick,,0.0,N,,,,,,
61.1688219,-157.408119,2012-08-30,1,0,56.0,150.0,,Pastick,,0.0,N,,,,,,
61.3846532,-156.4298443,2012-08-30,1,0,141.0,152.0,,Pastick,,0.0,N,,,,,,
61.3853511,-156.4254237,2012-08-30,1,0,83.0,150.0,,Pastick,,0.0,N,,,,,,
61.3872749,-156.3943832,2012-08-30,1,0,96.0,152.0,,Pastick,,0.0,N,,,,,,
61.3896365,-156.3779856,2012-08-30,1,0,59.0,152.0,,Pastick,,0.0,N,,,,,,
61.390761,-156.3715605,2012-08-30,1,0,46.0,152.0,,Pastick,,0.0,N,,,,,,
61.392179,-156.3515863,2012-08-30,1,0,96.0,150.0,,Pastick,,0.0,N,,,,,,
61.3925566,-156.3423947,2012-08-30,1,0,142.0,152.0,,Pastick,,0.0,N,,,,,,
61.3914792,-156.3346192,2012-08-30,1,0,68.0,152.0,,Pastick,,0.0,N,,,,,,
61.3921451,-156.3282687,2012-08-30,1,0,38.0,150.0,,Pastick,,0.0,N,,,,,,
61.4835598,-156.8202117,2012-08-30,1,0,135.0,150.0,,Pastick,,0.0,N,,,,,,
61.4824588,-156.820439,2012-08-30,1,0,145.0,152.0,,Pastick,,0.0,N,,,,,,
61.9817957,-156.3974621,2012-08-30,1,0,76.0,152.0,,Pastick,,0.0,N,,,,,,
61.9769942,-156.3976616,2012-08-30,1,0,81.0,152.0,,Pastick,,0.0,N,,,,,,
61.9723621,-156.3992208,2012-08-30,1,0,117.0,152.0,,Pastick,,0.0,N,,,,,,
61.9678112,-156.396994,2012-08-30,1,0,61.0,152.0,,Pastick,,0.0,N,,,,,,
61.9601252,-156.3994998,2012-08-30,1,0,144.0,152.0,,Pastick,,0.0,N,,,,,,
61.9525496,-156.403101,2012-08-30,1,0,94.0,152.0,,Pastick,,0.0,N,,,,,,
61.9478941,-156.4038972,2012-08-30,1,0,143.0,152.0,,Pastick,,0.0,N,,,,,,
61.9458929,-156.4049444,2012-08-30,1,0,105.0,152.0,,Pastick,,0.0,N,,,,,,
61.9405716,-156.4085421,2012-08-30,1,0,51.0,152.0,,Pastick,,0.0,N,,,,,,
61.6673209,-156.1413667,2012-08-30,1,0,140.0,152.0,,Pastick,,0.0,N,,,,,,
61.6667868,-156.1515083,2012-08-30,1,0,143.0,152.0,,Pastick,,0.0,N,,,,,,
61.6661837,-156.1691963,2012-08-30,1,0,136.0,152.0,,Pastick,,0.0,N,,,,,,
61.6660358,-156.1837995,2013-06-18,1,0,89.0,152.0,,Pastick,,0.0,N,,,,,,
61.6647456,-156.1953311,2012-08-30,1,0,68.0,152.0,,Pastick,,0.0,N,,,,,,
61.3896164,-160.2239817,2012-08-30,1,0,160.0,190.0,,Pastick,,0.0,N,,,,,,
61.5050731,-160.6016558,2012-08-30,1,0,85.0,200.0,,Pastick,,0.0,N,,,,,,
61.7072494,-160.1179652,2012-08-30,1,0,55.0,80.0,,Pastick,,0.0,N,,,,,,
61.7167024,-160.1224507,2012-08-30,1,0,125.0,200.0,,Pastick,,0.0,N,,,,,,
61.6636158,-159.6122376,2012-08-30,1,0,42.0,75.0,,Pastick,,0.0,N,,,,,,
61.6656718,-159.6221558,2012-08-30,1,0,64.0,85.0,,Pastick,,0.0,N,,,,,,
61.3208501,-158.1690081,2012-08-30,1,0,175.0,190.0,,Pastick,,0.0,N,,,,,,
61.3199744,-158.1682281,2012-08-30,1,0,38.0,75.0,,Pastick,,0.0,N,,,,,,
61.3202322,-158.1751697,2012-08-30,1,0,62.0,100.0,,Pastick,,0.0,N,,,,,,
61.3600927,-158.0446251,2012-08-30,1,0,110.0,140.0,,Pastick,,0.0,N,,,,,,
61.3536723,-158.0521695,2012-08-30,1,0,120.0,170.0,,Pastick,,0.0,N,,,,,,
61.3482,-158.0670669,2012-08-30,1,0,65.0,125.0,,Pastick,,0.0,N,,,,,,
60.959224,-158.6611208,2012-08-30,1,0,35.0,54.0,,Pastick,,0.0,N,,,,,,
60.9605546,-158.6654278,2012-08-30,1,0,42.0,90.0,,Pastick,,0.0,N,,,,,,
60.9702935,-158.6830771,2012-08-30,1,0,39.0,60.0,,Pastick,,0.0,N,,,,,,
60.9712088,-158.6828832,2012-08-30,1,0,130.0,160.0,,Pastick,,0.0,N,,,,,,
60.9731266,-158.6852472,2012-08-30,1,0,100.0,140.0,,Pastick,,0.0,N,,,,,,
62.6654497,-160.3412813,2012-08-30,1,0,65.0,100.0,,Pastick,,0.0,N,,,,,,
62.668457,-160.3403435,2012-08-30,1,0,91.0,120.0,,Pastick,,0.0,N,,,,,,
62.670617,-160.3416517,2012-08-30,1,0,60.0,175.0,,Pastick,,0.0,N,,,,,,
62.6731876,-160.3403816,2012-08-30,1,0,125.0,180.0,,Pastick,,0.0,N,,,,,,
62.6697283,-160.5194316,2012-08-30,1,0,90.0,125.0,,Pastick,,0.0,N,,,,,,
62.6759676,-160.521099,2012-08-30,1,0,80.0,110.0,,Pastick,,0.0,N,,,,,,
62.4931264,-160.580339,2012-08-30,1,0,130.0,200.0,,Pastick,,0.0,N,,,,,,
62.4964486,-160.5921626,2012-08-30,1,0,15.0,52.0,,Pastick,,0.0,N,,,,,,
62.5189536,-160.4375562,2012-08-30,1,0,61.0,200.0,,Pastick,,0.0,N,,,,,,
62.5034473,-160.4481879,2012-08-30,1,0,115.0,200.0,,Pastick,,0.0,N,,,,,,
62.0923693,-159.3584748,2012-08-30,1,0,38.0,110.0,,Pastick,,0.0,N,,,,,,
62.0893469,-159.3468543,2012-08-30,1,0,45.0,110.0,,Pastick,,0.0,N,,,,,,
62.1090031,-159.3369618,2012-08-30,1,0,51.0,80.0,,Pastick,,0.0,N,,,,,,
60.9672468,-158.6742232,2012-08-30,1,0,52.0,75.0,,Pastick,,0.0,N,,,,,,
60.9744198,-158.6892619,2012-08-30,1,0,26.0,40.0,,Pastick,,0.0,N,,,,,,
61.4756759,-159.2311962,2012-08-30,1,0,70.0,190.0,,Pastick,,0.0,N,,,,,,
61.4765349,-159.2481153,2012-08-30,1,0,175.0,200.0,,Pastick,,0.0,N,,,,,,
64.7811743,-165.4889812,2012-08-30,1,0,80.0,150.0,,Pastick,,0.0,N,,,,,,
64.7917995,-165.4859961,2012-08-30,1,0,53.0,150.0,,Pastick,,0.0,N,,,,,,
64.8084932,-165.5661195,2012-08-30,1,0,47.0,150.0,,Pastick,,0.0,N,,,,,,
64.8110143,-165.6115102,2012-08-30,1,0,52.0,150.0,,Pastick,,0.0,N,,,,,,
64.8157873,-165.6160414,2012-08-30,1,0,83.0,150.0,,Pastick,,0.0,N,,,,,,
64.8332303,-165.6375998,2012-08-30,1,0,85.0,150.0,,Pastick,,0.0,N,,,,,,
64.7938587,-165.4134514,2012-08-30,1,0,77.0,150.0,,Pastick,,0.0,N,,,,,,
64.7633804,-165.4943559,2012-08-30,1,0,59.0,152.0,,Pastick,,0.0,N,,,,,,
64.7633328,-165.4897936,2012-08-30,1,0,82.0,152.0,,Pastick,,0.0,N,,,,,,
64.7644699,-165.4823305,2012-08-30,1,0,92.0,150.0,,Pastick,,0.0,N,,,,,,
64.7580892,-165.4656978,2012-08-30,1,0,58.0,150.0,,Pastick,,0.0,N,,,,,,
64.7576071,-165.4706072,2012-08-30,1,0,105.0,150.0,,Pastick,,0.0,N,,,,,,
64.757683,-165.4721217,2012-08-30,1,0,113.0,150.0,,Pastick,,0.0,N,,,,,,
64.798797,-165.5000139,2012-08-30,1,0,54.0,152.0,,Pastick,,0.0,N,,,,,,
64.8039747,-165.6276243,2012-08-30,1,0,92.0,150.0,,Pastick,,0.0,N,,,,,,
64.7998747,-165.6295497,2012-08-30,1,0,130.0,150.0,,Pastick,,0.0,N,,,,,,
64.7986144,-165.6305096,2012-08-30,1,0,65.0,150.0,,Pastick,,0.0,N,,,,,,
64.795229,-165.631083,2012-08-30,1,0,83.0,150.0,,Pastick,,0.0,N,,,,,,
64.7917513,-165.6322643,2012-08-30,1,0,93.0,150.0,,Pastick,,0.0,N,,,,,,
64.7869485,-165.6348449,2012-08-30,1,0,42.0,150.0,,Pastick,,0.0,N,,,,,,
64.7853224,-165.6352905,2012-08-30,1,0,67.0,152.0,,Pastick,,0.0,N,,,,,,
64.7987193,-165.4855524,2012-08-30,1,0,32.0,150.0,,Pastick,,0.0,N,,,,,,
64.8019559,-165.4696752,2012-08-30,1,0,95.0,150.0,,Pastick,,0.0,N,,,,,,
64.7559755,-165.5485232,2012-08-30,1,0,63.0,150.0,,Pastick,,0.0,N,,,,,,
64.7585945,-165.5512665,2012-08-30,1,0,68.0,150.0,,Pastick,,0.0,N,,,,,,
64.7682092,-165.5691653,2012-08-30,1,0,96.0,150.0,,Pastick,,0.0,N,,,,,,
64.8046252,-165.561512,2012-08-30,1,0,85.0,150.0,,Pastick,,0.0,N,,,,,,
64.79259,-165.5500455,2012-08-30,1,0,58.0,152.0,,Pastick,,0.0,N,,,,,,
64.7930884,-165.5487299,2012-08-30,1,0,42.0,150.0,,Pastick,,0.0,N,,,,,,
64.8247024,-165.6299397,2012-08-30,1,0,80.0,150.0,,Pastick,,0.0,N,,,,,,
64.826334,-165.632422,2012-08-30,1,0,71.0,152.0,,Pastick,,0.0,N,,,,,,
64.8284367,-165.633841,2012-08-30,1,0,85.0,150.0,,Pastick,,0.0,N,,,,,,
64.8017586,-165.4433377,2012-08-30,1,0,40.0,150.0,,Pastick,,0.0,N,,,,,,
64.8101235,-165.4211126,2012-08-30,1,0,70.0,150.0,,Pastick,,0.0,N,,,,,,
64.7651377,-165.4755944,2012-08-30,1,0,70.0,150.0,,Pastick,,0.0,N,,,,,,
64.7652195,-165.4724636,2012-08-30,1,0,100.0,150.0,,Pastick,,0.0,N,,,,,,
64.7655551,-165.4656582,2012-08-30,1,0,98.0,152.0,,Pastick,,0.0,N,,,,,,
64.7659428,-165.4621751,2012-08-30,1,0,96.0,150.0,,Pastick,,0.0,N,,,,,,
64.7929171,-165.6044294,2012-08-30,1,0,66.0,150.0,,Pastick,,0.0,N,,,,,,
64.7870591,-165.5906438,2012-08-30,1,0,78.0,150.0,,Pastick,,0.0,N,,,,,,
64.7900129,-165.5529599,2012-08-30,1,0,88.0,150.0,,Pastick,,0.0,N,,,,,,
64.7902806,-165.5557429,2012-08-30,1,0,61.0,150.0,,Pastick,,0.0,N,,,,,,
64.7469492,-165.6380239,2012-08-30,1,0,105.0,150.0,,Pastick,,0.0,N,,,,,,
64.7790418,-165.6351008,2012-08-30,1,0,96.0,150.0,,Pastick,,0.0,N,,,,,,
62.1909439,-159.7780659,2012-08-30,1,0,16.0,27.0,,Pastick,,0.0,N,,,,,,
61.7695395,-157.3542829,2012-08-30,1,0,108.0,130.0,,Pastick,,0.0,N,,,,,,
61.7970562,-157.4251829,2012-08-30,1,0,46.0,74.0,,Pastick,,0.0,N,,,,,,
59.3583603,-157.4730072,2014-02-07,1,0,70.0,100.0,,Pastick,,0.0,N,,,,,,
59.0642634,-158.5049776,2014-02-07,1,0,135.0,183.0,,Pastick,,0.0,N,,,,,,
62.2051697,-159.7848206,2014-02-07,1,0,99.0,145.0,,Pastick,,0.0,N,,,,,,
62.0999184,-160.0334778,2014-02-07,1,0,80.0,200.0,,Pastick,,0.0,N,,,,,,
62.9108315,-160.0621643,2014-02-07,1,0,125.0,190.0,,Pastick,,0.0,N,,,,,,
61.3333056,-165.2449167,2012-08-30,1,0,80.0,152.0,,Pastick,,0.0,N,,,,,,
61.3616389,-165.1388056,2012-08-30,1,0,43.0,152.0,,Pastick,,0.0,N,,,,,,
59.8411111,-160.0447222,2013-12-13,1,0,78.0,152.0,,Pastick,,0.0,N,,,,,,
59.8422222,-160.0230556,2013-12-13,1,0,60.0,90.0,,Pastick,,0.0,N,,,,,,
59.8452778,-160.0238889,2013-12-13,1,0,85.0,120.0,,Pastick,,0.0,N,,,,,,
59.8511111,-160.0291667,2013-12-13,1,0,19.0,60.0,,Pastick,,0.0,N,,,,,,
59.8544444,-160.0361111,2013-12-13,1,0,19.0,67.0,,Pastick,,0.0,N,,,,,,
59.8758333,-160.0180556,2013-12-13,1,0,31.0,52.0,,Pastick,,0.0,N,,,,,,
59.8752778,-160.0191667,2013-12-13,1,0,58.0,152.0,,Pastick,,0.0,N,,,,,,
59.8747222,-160.0191667,2013-12-13,1,0,47.0,100.0,,Pastick,,0.0,N,,,,,,
59.8738889,-160.0222222,2013-12-13,1,0,31.0,51.0,,Pastick,,0.0,N,,,,,,
59.8719444,-160.0413889,2013-12-13,1,0,125.0,157.0,,Pastick,,0.0,N,,,,,,
59.8744444,-160.0430556,2013-12-13,1,0,28.0,70.0,,Pastick,,0.0,N,,,,,,
59.8766667,-160.0425,2013-12-13,1,0,18.0,80.0,,Pastick,,0.0,N,,,,,,
59.8777778,-160.0516667,2013-12-13,1,0,43.0,60.0,,Pastick,,0.0,N,,,,,,
59.7780556,-159.845,2013-12-13,1,0,48.0,152.0,,Pastick,,0.0,N,,,,,,
59.7813889,-159.8594444,2013-12-13,1,0,35.0,75.0,,Pastick,,0.0,N,,,,,,
59.7802778,-159.8366667,2013-12-13,1,0,87.0,120.0,,Pastick,,0.0,N,,,,,,
59.7794444,-159.8530556,2013-12-13,1,0,70.0,100.0,,Pastick,,0.0,N,,,,,,
59.7766667,-159.8688889,2013-12-13,1,0,52.0,152.0,,Pastick,,0.0,N,,,,,,
59.7761111,-159.8566667,2013-12-13,1,0,35.0,80.0,,Pastick,,0.0,N,,,,,,
59.7911111,-159.8194444,2013-12-13,1,0,65.0,152.0,,Pastick,,0.0,N,,,,,,
59.7902778,-159.8194444,2013-12-13,1,0,40.0,85.0,,Pastick,,0.0,N,,,,,,
59.79,-159.8197222,2013-12-13,1,0,48.0,152.0,,Pastick,,0.0,N,,,,,,
59.7891667,-159.8202778,2013-12-13,1,0,65.0,105.0,,Pastick,,0.0,N,,,,,,
59.7883333,-159.8197222,2013-12-13,1,0,18.0,95.0,,Pastick,,0.0,N,,,,,,
59.7758333,-159.8063889,2013-12-13,1,0,11.0,50.0,,Pastick,,0.0,N,,,,,,
59.7844444,-159.8011111,2013-12-13,1,0,22.0,100.0,,Pastick,,0.0,N,,,,,,
59.7869444,-159.7875,2013-12-13,1,0,22.0,70.0,,Pastick,,0.0,N,,,,,,
59.5683333,-159.395,2013-12-13,1,0,105.0,160.0,,Pastick,,0.0,N,,,,,,
59.5608333,-159.4083333,2013-12-13,1,0,78.0,100.0,,Pastick,,0.0,N,,,,,,
59.5652778,-159.3972222,2013-12-13,1,0,40.0,80.0,,Pastick,,0.0,N,,,,,,
59.5591667,-159.3983333,2013-12-13,1,0,57.0,100.0,,Pastick,,0.0,N,,,,,,
59.5569444,-159.3941667,2013-12-13,1,0,29.0,50.0,,Pastick,,0.0,N,,,,,,
59.5736111,-159.3747222,2013-12-13,1,0,65.0,100.0,,Pastick,,0.0,N,,,,,,
59.7791667,-159.8177778,2013-12-13,1,0,58.0,95.0,,Pastick,,0.0,N,,,,,,
59.7805556,-159.8127778,2013-12-13,1,0,16.0,65.0,,Pastick,,0.0,N,,,,,,
59.7797222,-159.8083333,2013-12-13,1,0,65.0,85.0,,Pastick,,0.0,N,,,,,,
59.7777778,-159.8063889,2013-12-13,1,0,46.0,100.0,,Pastick,,0.0,N,,,,,,
59.7830556,-159.8288889,2013-12-13,1,0,58.0,68.0,,Pastick,,0.0,N,,,,,,
59.7855556,-159.8302778,2013-12-13,1,0,30.0,65.0,,Pastick,,0.0,N,,,,,,
59.8605556,-160.0213889,2013-12-13,1,0,57.0,84.0,,Pastick,,0.0,N,,,,,,
59.8566667,-160.0066667,2013-12-13,1,0,40.0,152.0,,Pastick,,0.0,N,,,,,,
59.8555556,-160.0036111,2013-12-13,1,0,50.0,70.0,,Pastick,,0.0,N,,,,,,
59.8541667,-160.0063889,2013-12-13,1,0,58.0,80.0,,Pastick,,0.0,N,,,,,,
59.8477778,-160.0080556,2013-12-13,1,0,50.0,80.0,,Pastick,,0.0,N,,,,,,
59.8491667,-160.0116667,2013-12-13,1,0,66.0,80.0,,Pastick,,0.0,N,,,,,,
59.8494444,-160.0119444,2013-12-13,1,0,45.0,70.0,,Pastick,,0.0,N,,,,,,
59.8641667,-160.0363889,2013-12-13,1,0,80.0,100.0,,Pastick,,0.0,N,,,,,,
59.8611111,-159.9922222,2013-12-13,1,0,28.0,60.0,,Pastick,,0.0,N,,,,,,
59.8613889,-159.9925,2013-12-13,1,0,15.0,20.0,,Pastick,,0.0,N,,,,,,
59.8616667,-159.9936111,2013-12-13,1,0,45.0,70.0,,Pastick,,0.0,N,,,,,,
59.8611111,-159.9947222,2013-12-13,1,0,35.0,60.0,,Pastick,,0.0,N,,,,,,
59.56,-159.3661111,2013-12-13,1,0,40.0,65.0,,Pastick,,0.0,N,,,,,,
59.5594444,-159.3641667,2013-12-13,1,0,100.0,152.0,,Pastick,,0.0,N,,,,,,
59.64,-160.3613889,2013-12-13,1,0,68.0,105.0,,Pastick,,0.0,N,,,,,,
59.6380556,-160.3644444,2013-12-13,1,0,0.0,183.0,,Pastick,,0.0,N,,,,,,
59.6341667,-160.3661111,2013-12-13,1,0,0.0,40.0,,Pastick,,0.0,N,,,,,,
59.6336111,-160.3683333,2013-12-13,1,0,41.0,41.0,,Pastick,,0.0,N,,,,,,
59.6352778,-160.3675,2013-12-13,1,0,60.0,102.0,,Pastick,,0.0,N,,,,,,
59.6422222,-160.3486111,2013-12-13,1,0,68.0,125.0,,Pastick,,0.0,N,,,,,,
59.6425,-160.3463889,2013-12-13,1,0,54.0,92.0,,Pastick,,0.0,N,,,,,,
59.6422222,-160.345,2013-12-13,1,0,165.0,170.0,,Pastick,,0.0,N,,,,,,
59.6430556,-160.3430556,2013-12-13,1,0,170.0,175.0,,Pastick,,0.0,N,,,,,,
59.6430556,-160.3369444,2013-12-13,1,0,70.0,80.0,,Pastick,,0.0,N,,,,,,
59.6427778,-160.3358333,2013-12-13,1,0,60.0,75.0,,Pastick,,0.0,N,,,,,,
59.6588889,-160.3688889,2013-12-13,1,0,78.0,81.0,,Pastick,,0.0,N,,,,,,
59.6580556,-160.37,2013-12-13,1,0,78.0,110.0,,Pastick,,0.0,N,,,,,,
59.6572222,-160.3719444,2013-12-13,1,0,120.0,125.0,,Pastick,,0.0,N,,,,,,
59.6541667,-160.3705556,2013-12-13,1,0,85.0,105.0,,Pastick,,0.0,N,,,,,,
59.6488889,-160.3783333,2013-12-13,1,0,80.0,115.0,,Pastick,,0.0,N,,,,,,
59.6480556,-160.3777778,2013-12-13,1,0,70.0,100.0,,Pastick,,0.0,N,,,,,,
59.4888889,-160.5802778,2013-12-13,1,0,80.0,120.0,,Pastick,,0.0,N,,,,,,
59.4911111,-160.5783333,2013-12-13,1,0,43.0,125.0,,Pastick,,0.0,N,,,,,,
59.4977778,-160.56,2013-12-13,1,0,55.0,125.0,,Pastick,,0.0,N,,,,,,
59.4952778,-160.5630556,2013-12-13,1,0,95.0,140.0,,Pastick,,0.0,N,,,,,,
59.5025,-160.5697222,2013-12-13,1,0,25.0,25.0,,Pastick,,0.0,N,,,,,,
59.5030556,-160.5686111,2013-12-13,1,0,160.0,170.0,,Pastick,,0.0,N,,,,,,
59.4697222,-160.5716667,2013-12-13,1,0,98.0,98.0,,Pastick,,0.0,N,,,,,,
59.4702778,-160.5663889,2013-12-13,1,0,75.0,115.0,,Pastick,,0.0,N,,,,,,
59.4711111,-160.5675,2013-12-13,1,0,115.0,140.0,,Pastick,,0.0,N,,,,,,
59.4713889,-160.5613889,2013-12-13,1,0,105.0,130.0,,Pastick,,0.0,N,,,,,,
59.4711111,-160.5611111,2013-12-13,1,0,72.0,125.0,,Pastick,,0.0,N,,,,,,
59.4727778,-160.5575,2013-12-13,1,0,81.0,100.0,,Pastick,,0.0,N,,,,,,
59.4005556,-160.3808333,2013-12-13,1,0,73.0,95.0,,Pastick,,0.0,N,,,,,,
59.4016667,-160.3816667,2013-12-13,1,0,95.0,110.0,,Pastick,,0.0,N,,,,,,
59.4083333,-160.3611111,2013-12-13,1,0,110.0,125.0,,Pastick,,0.0,N,,,,,,
59.4055556,-160.3591667,2013-12-13,1,0,51.0,110.0,,Pastick,,0.0,N,,,,,,
59.4077778,-160.3591667,2013-12-13,1,0,33.0,90.0,,Pastick,,0.0,N,,,,,,
59.405,-160.36,2013-12-13,1,0,145.0,180.0,,Pastick,,0.0,N,,,,,,
59.4033333,-160.3616667,2013-12-13,1,0,80.0,140.0,,Pastick,,0.0,N,,,,,,
59.4097222,-160.3961111,2013-12-13,1,0,63.0,152.0,,Pastick,,0.0,N,,,,,,
59.4113889,-160.3969444,2013-12-13,1,0,110.0,135.0,,Pastick,,0.0,N,,,,,,
59.4119444,-160.3958333,2013-12-13,1,0,59.0,152.0,,Pastick,,0.0,N,,,,,,
59.4127778,-160.3958333,2013-12-13,1,0,88.0,152.0,,Pastick,,0.0,N,,,,,,
59.6533333,-160.3980556,2013-12-13,1,0,40.0,152.0,,Pastick,,0.0,N,,,,,,
59.6541667,-160.3963889,2013-12-13,1,0,32.0,55.0,,Pastick,,0.0,N,,,,,,
59.6544444,-160.3947222,2013-12-13,1,0,38.0,80.0,,Pastick,,0.0,N,,,,,,
59.6541667,-160.3930556,2013-12-13,1,0,61.0,152.0,,Pastick,,0.0,N,,,,,,
59.6366667,-160.3483333,2013-12-13,1,0,95.0,110.0,,Pastick,,0.0,N,,,,,,
59.6402778,-160.3444444,2013-12-13,1,0,95.0,105.0,,Pastick,,0.0,N,,,,,,
59.6277778,-160.3463889,2013-12-13,1,0,10.0,50.0,,Pastick,,0.0,N,,,,,,
59.6305556,-160.3480556,2013-12-13,1,0,60.0,75.0,,Pastick,,0.0,N,,,,,,
59.6319444,-160.3483333,2013-12-13,1,0,12.0,60.0,,Pastick,,0.0,N,,,,,,
59.6352778,-160.3536111,2013-12-13,1,0,14.0,55.0,,Pastick,,0.0,N,,,,,,
59.6413889,-160.3708333,2013-12-13,1,0,51.0,72.0,,Pastick,,0.0,N,,,,,,
59.6377778,-160.3844444,2013-12-13,1,0,80.0,105.0,,Pastick,,0.0,N,,,,,,
59.6352778,-160.3877778,2013-12-13,1,0,80.0,150.0,,Pastick,,0.0,N,,,,,,
59.6338889,-160.3905556,2013-12-13,1,0,61.0,90.0,,Pastick,,0.0,N,,,,,,
59.6330556,-160.3952778,2013-12-13,1,0,55.0,70.0,,Pastick,,0.0,N,,,,,,
59.6308333,-160.3944444,2013-12-13,1,0,59.0,152.0,,Pastick,,0.0,N,,,,,,
59.4861111,-160.6044444,2013-12-13,1,0,38.0,75.0,,Pastick,,0.0,N,,,,,,
59.4908333,-160.6105556,2013-12-13,1,0,19.0,152.0,,Pastick,,0.0,N,,,,,,
59.4925,-160.6094444,2013-12-13,1,0,40.0,200.0,,Pastick,,0.0,N,,,,,,
59.4930556,-160.6105556,2013-12-13,1,0,120.0,180.0,,Pastick,,0.0,N,,,,,,
59.4936111,-160.6244444,2013-12-13,1,0,48.0,152.0,,Pastick,,0.0,N,,,,,,
59.4930556,-160.63,2013-12-13,1,0,40.0,152.0,,Pastick,,0.0,N,,,,,,
59.4913889,-160.6577778,2013-12-13,1,0,72.0,100.0,,Pastick,,0.0,N,,,,,,
59.4933333,-160.6658333,2013-12-13,1,0,13.0,65.0,,Pastick,,0.0,N,,,,,,
59.4908333,-160.6655556,2013-12-13,1,0,19.0,55.0,,Pastick,,0.0,N,,,,,,
59.4894444,-160.6613889,2013-12-13,1,0,38.0,50.0,,Pastick,,0.0,N,,,,,,
59.3961111,-160.3925,2013-12-13,1,0,85.0,100.0,,Pastick,,0.0,N,,,,,,
59.4083333,-160.3625,2013-12-13,1,0,8.0,52.0,,Pastick,,0.0,N,,,,,,
59.4083333,-160.3636111,2013-12-13,1,0,85.0,152.0,,Pastick,,0.0,N,,,,,,
59.4091667,-160.3661111,2013-12-13,1,0,42.0,152.0,,Pastick,,0.0,N,,,,,,
59.4077778,-160.3680556,2013-12-13,1,0,30.0,60.0,,Pastick,,0.0,N,,,,,,
59.4075,-160.3683333,2013-12-13,1,0,60.0,110.0,,Pastick,,0.0,N,,,,,,
59.3961111,-160.3902778,2013-12-13,1,0,112.0,140.0,,Pastick,,0.0,N,,,,,,
59.3894444,-160.3963889,2013-12-13,1,0,40.0,152.0,,Pastick,,0.0,N,,,,,,
59.3902778,-160.3972222,2013-12-13,1,0,85.0,152.0,,Pastick,,0.0,N,,,,,,
59.3911111,-160.3977778,2013-12-13,1,0,85.0,100.0,,Pastick,,0.0,N,,,,,,
59.3919444,-160.3986111,2013-12-13,1,0,68.0,80.0,,Pastick,,0.0,N,,,,,,
59.1211111,-159.2586111,2013-12-13,1,0,94.0,152.0,,Pastick,,0.0,N,,,,,,
59.1213889,-159.2594444,2013-12-13,1,0,61.0,150.0,,Pastick,,0.0,N,,,,,,
59.1255556,-159.2661111,2013-12-13,1,0,74.0,152.0,,Pastick,,0.0,N,,,,,,
59.1283333,-159.2708333,2013-12-13,1,0,53.0,120.0,,Pastick,,0.0,N,,,,,,
59.145,-160.8580556,2013-12-13,1,0,68.0,152.0,,Pastick,,0.0,N,,,,,,
59.1475,-160.8630556,2013-12-13,1,0,103.0,152.0,,Pastick,,0.0,N,,,,,,
59.1469444,-161.1119444,2013-12-13,1,0,96.0,152.0,,Pastick,,0.0,N,,,,,,
59.1458333,-161.1122222,2013-12-13,1,0,86.0,152.0,,Pastick,,0.0,N,,,,,,
59.1022222,-159.5141667,2013-12-13,1,0,89.0,152.0,,Pastick,,0.0,N,,,,,,
59.1027778,-159.5136111,2013-12-13,1,0,96.0,152.0,,Pastick,,0.0,N,,,,,,
59.1033333,-159.5133333,2013-12-13,1,0,78.0,78.0,,Pastick,,0.0,N,,,,,,
59.1063889,-159.51,2013-12-13,1,0,83.0,152.0,,Pastick,,0.0,N,,,,,,
59.0691667,-159.9591667,2013-12-13,1,0,84.0,152.0,,Pastick,,0.0,N,,,,,,
59.0691667,-159.9586111,2013-12-13,1,0,53.0,152.0,,Pastick,,0.0,N,,,,,,
59.0686111,-159.9566667,2013-12-13,1,0,61.0,152.0,,Pastick,,0.0,N,,,,,,
59.0697222,-159.9605556,2013-12-13,1,0,86.0,152.0,,Pastick,,0.0,N,,,,,,
59.0511111,-161.2205556,2013-12-13,1,0,105.0,152.0,,Pastick,,0.0,N,,,,,,
59.0516667,-161.2222222,2013-12-13,1,0,42.0,156.0,,Pastick,,0.0,N,,,,,,
59.0755556,-160.3158333,2013-12-13,1,0,110.0,152.0,,Pastick,,0.0,N,,,,,,
59.0752778,-160.3163889,2013-12-13,1,0,39.0,150.0,,Pastick,,0.0,N,,,,,,
59.1566667,-160.3130556,2013-12-13,1,0,56.0,150.0,,Pastick,,0.0,N,,,,,,
59.1569444,-160.3133333,2013-12-13,1,0,38.0,152.0,,Pastick,,0.0,N,,,,,,
59.1561111,-160.3125,2013-12-13,1,0,59.0,150.0,,Pastick,,0.0,N,,,,,,
59.3255556,-159.8713889,2013-12-13,1,0,58.0,152.0,,Pastick,,0.0,N,,,,,,
59.3263889,-159.8766667,2013-12-13,1,0,96.0,152.0,,Pastick,,0.0,N,,,,,,
59.3277778,-159.8872222,2013-12-13,1,0,78.0,152.0,,Pastick,,0.0,N,,,,,,
59.375,-157.4430556,2013-11-29,1,0,130.0,133.0,,Pastick,,0.0,N,,,,,,
59.3747222,-157.445,2013-11-29,1,0,60.0,183.0,,Pastick,,0.0,N,,,,,,
59.3736111,-157.4438889,2013-11-29,1,0,100.0,175.0,,Pastick,,0.0,N,,,,,,
59.3761111,-157.4522222,2013-11-29,1,0,47.0,150.0,,Pastick,,0.0,N,,,,,,
59.3730556,-157.4552778,2013-11-29,1,0,65.0,150.0,,Pastick,,0.0,N,,,,,,
59.3736111,-157.4605556,2013-11-29,1,0,25.0,55.0,,Pastick,,0.0,N,,,,,,
59.3754333,-157.4481361,2013-11-29,1,0,27.0,80.0,,Pastick,,0.0,N,,,,,,
59.3527778,-157.4722222,2013-11-29,1,0,105.0,183.0,,Pastick,,0.0,N,,,,,,
59.3511111,-157.4738889,2013-11-29,1,0,150.0,183.0,,Pastick,,0.0,N,,,,,,
59.3488889,-157.4786111,2013-11-29,1,0,50.0,75.0,,Pastick,,0.0,N,,,,,,
59.3475,-157.4855556,2013-11-29,1,0,70.0,112.0,,Pastick,,0.0,N,,,,,,
59.3475,-157.4863889,2013-11-29,1,0,77.0,77.0,,Pastick,,0.0,N,,,,,,
59.3716667,-157.4327778,2013-11-29,1,0,125.0,183.0,,Pastick,,0.0,N,,,,,,
59.3730556,-157.4311111,2013-11-29,1,0,145.0,183.0,,Pastick,,0.0,N,,,,,,
59.3713889,-157.4358333,2013-11-29,1,0,0.0,0.0,,Pastick,,0.0,N,,,,,,
59.3680556,-157.4408333,2013-11-29,1,0,110.0,135.0,,Pastick,,0.0,N,,,,,,
59.3669444,-157.4522222,2013-11-29,1,0,125.0,150.0,,Pastick,,0.0,N,,,,,,
59.3466667,-157.4986111,2013-11-29,1,0,110.0,183.0,,Pastick,,0.0,N,,,,,,
59.3455556,-157.505,2013-11-29,1,0,105.0,150.0,,Pastick,,0.0,N,,,,,,
59.3463889,-157.5186111,2013-11-29,1,0,100.0,183.0,,Pastick,,0.0,N,,,,,,
59.3472222,-157.5188889,2013-11-29,1,0,60.0,80.0,,Pastick,,0.0,N,,,,,,
59.3538889,-157.5166667,2013-11-29,1,0,130.0,183.0,,Pastick,,0.0,N,,,,,,
59.3536111,-157.5022222,2013-11-29,1,0,25.0,60.0,,Pastick,,0.0,N,,,,,,
59.3488889,-157.4963889,2013-11-29,1,0,45.0,100.0,,Pastick,,0.0,N,,,,,,
59.345,-157.5094444,2013-11-29,1,0,130.0,183.0,,Pastick,,0.0,N,,,,,,
59.3505556,-157.5188889,2013-11-29,1,0,40.0,110.0,,Pastick,,0.0,N,,,,,,
59.3541667,-157.5094444,2013-11-29,1,0,80.0,183.0,,Pastick,,0.0,N,,,,,,
59.3519444,-157.5013889,2013-11-29,1,0,120.0,183.0,,Pastick,,0.0,N,,,,,,
59.3513889,-157.4994444,2013-11-29,1,0,100.0,183.0,,Pastick,,0.0,N,,,,,,
59.3494444,-157.4955556,2013-11-29,1,0,15.0,43.0,,Pastick,,0.0,N,,,,,,
59.3405556,-157.4852778,2013-11-29,1,0,47.0,65.0,,Pastick,,0.0,N,,,,,,
59.3511111,-157.4819444,2013-11-29,1,0,34.0,45.0,,Pastick,,0.0,N,,,,,,
59.3513889,-157.4822222,2013-11-29,1,0,70.0,100.0,,Pastick,,0.0,N,,,,,,
59.3558333,-157.4769444,2013-11-29,1,0,47.0,57.0,,Pastick,,0.0,N,,,,,,
59.3575,-157.4758333,2013-11-29,1,0,121.0,121.0,,Pastick,,0.0,N,,,,,,
59.3658333,-157.4805556,2013-11-29,1,0,25.0,70.0,,Pastick,,0.0,N,,,,,,
59.3694444,-157.4766667,2013-11-29,1,0,29.0,45.0,,Pastick,,0.0,N,,,,,,
59.0488889,-158.5372222,2013-11-29,1,0,132.0,190.0,,Pastick,,0.0,N,,,,,,
58.6436111,-158.0638889,2013-11-29,1,0,150.0,183.0,,Pastick,,0.0,N,,,,,,
59.3344444,-158.3088889,2013-11-29,1,0,76.0,95.0,,Pastick,,0.0,N,,,,,,
59.3408333,-158.3058333,2013-11-29,1,0,63.0,90.0,,Pastick,,0.0,N,,,,,,
59.3425,-158.3077778,2014-01-23,1,0,43.0,100.0,,Pastick,,0.0,N,,,,,,
59.3441667,-158.3086111,2013-11-29,1,0,110.0,140.0,,Pastick,,0.0,N,,,,,,
59.3502778,-158.3069444,2013-11-29,1,0,14.0,26.0,,Pastick,,0.0,N,,,,,,
58.8630556,-157.5836111,2013-11-29,1,0,91.0,183.0,,Pastick,,0.0,N,,,,,,
59.1930556,-158.1225,2013-11-29,1,0,80.0,95.0,,Pastick,,0.0,N,,,,,,
59.2011111,-158.0852778,2013-11-29,1,0,165.0,183.0,,Pastick,,0.0,N,,,,,,
59.1983333,-158.0744444,2013-11-29,1,0,62.0,80.0,,Pastick,,0.0,N,,,,,,
59.2419444,-157.7394444,2013-11-29,1,0,63.0,152.0,,Pastick,,0.0,N,,,,,,
59.2313889,-157.7544444,2013-11-29,1,0,20.0,52.0,,Pastick,,0.0,N,,,,,,
59.2227778,-157.7675,2013-11-29,1,0,84.0,183.0,,Pastick,,0.0,N,,,,,,
59.2211111,-157.7744444,2013-11-29,1,0,100.0,183.0,,Pastick,,0.0,N,,,,,,
59.2105556,-157.7794444,2013-11-29,1,0,155.0,183.0,,Pastick,,0.0,N,,,,,,
59.2119444,-157.7802778,2013-11-29,1,0,165.0,183.0,,Pastick,,0.0,N,,,,,,
59.2233333,-158.2341667,2013-11-29,1,0,91.0,100.0,,Pastick,,0.0,N,,,,,,
59.2252778,-158.1830556,2013-11-29,1,0,57.0,70.0,,Pastick,,0.0,N,,,,,,
59.2286111,-158.1697222,2013-11-29,1,0,100.0,183.0,,Pastick,,0.0,N,,,,,,
58.8861111,-158.4477778,2013-11-29,1,0,125.0,190.0,,Pastick,,0.0,N,,,,,,
58.8872222,-158.4419444,2013-11-29,1,0,40.0,190.0,,Pastick,,0.0,N,,,,,,
58.8894444,-158.4355556,2013-11-29,1,0,120.0,190.0,,Pastick,,0.0,N,,,,,,
58.8880556,-158.4163889,2013-11-29,1,0,115.0,150.0,,Pastick,,0.0,N,,,,,,
59.3052778,-157.2936111,2013-11-29,1,0,70.0,130.0,,Pastick,,0.0,N,,,,,,
59.3036111,-157.2961111,2013-11-29,1,0,115.0,150.0,,Pastick,,0.0,N,,,,,,
59.2980556,-157.2969444,2013-11-29,1,0,75.0,110.0,,Pastick,,0.0,N,,,,,,
59.2972222,-157.2836111,2013-11-29,1,0,122.0,150.0,,Pastick,,0.0,N,,,,,,
59.3,-157.2761111,2013-11-29,1,0,70.0,190.0,,Pastick,,0.0,N,,,,,,
59.4980556,-157.9344444,2013-11-29,1,0,113.0,175.0,,Pastick,,0.0,N,,,,,,
59.4938889,-157.9363889,2013-11-29,1,0,180.0,190.0,,Pastick,,0.0,N,,,,,,
59.4913889,-157.9469444,2013-11-29,1,0,150.0,190.0,,Pastick,,0.0,N,,,,,,
59.49,-157.9502778,2013-11-29,1,0,125.0,190.0,,Pastick,,0.0,N,,,,,,
59.49,-157.9513889,2013-11-29,1,0,140.0,165.0,,Pastick,,0.0,N,,,,,,
59.1986417,-158.0742806,2013-11-29,1,0,63.0,90.0,,Pastick,,0.0,N,,,,,,
59.2508333,-157.4402778,2013-11-29,1,0,70.0,183.0,,Pastick,,0.0,N,,,,,,
59.2525,-157.4558333,2013-11-29,1,0,120.0,183.0,,Pastick,,0.0,N,,,,,,
59.2544444,-157.4636111,2013-11-29,1,0,135.0,183.0,,Pastick,,0.0,N,,,,,,
59.2561111,-157.4755556,2013-11-29,1,0,95.0,183.0,,Pastick,,0.0,N,,,,,,
59.26,-157.4827778,2013-11-29,1,0,54.0,183.0,,Pastick,,0.0,N,,,,,,
59.2591667,-157.4844444,2013-11-29,1,0,85.0,183.0,,Pastick,,0.0,N,,,,,,
58.9375,-157.6008333,2013-11-29,1,0,140.0,183.0,,Pastick,,0.0,N,,,,,,
58.9344444,-157.6077778,2013-11-29,1,0,140.0,183.0,,Pastick,,0.0,N,,,,,,
58.9355556,-157.6169444,2013-11-29,1,0,87.0,183.0,,Pastick,,0.0,N,,,,,,
58.9325,-157.645,2013-11-29,1,0,37.0,70.0,,Pastick,,0.0,N,,,,,,
58.9419444,-157.675,2013-11-29,1,0,181.0,200.0,,Pastick,,0.0,N,,,,,,
59.4997222,-158.42,2013-11-29,1,0,55.0,80.0,,Pastick,,0.0,N,,,,,,
59.4952778,-158.4127778,2013-11-29,1,0,49.0,100.0,,Pastick,,0.0,N,,,,,,
59.4886111,-158.3972222,2013-11-29,1,0,160.0,183.0,,Pastick,,0.0,N,,,,,,
59.4802778,-158.3808333,2013-11-29,1,0,150.0,183.0,,Pastick,,0.0,N,,,,,,
59.4766667,-158.3769444,2013-11-29,1,0,170.0,183.0,,Pastick,,0.0,N,,,,,,
59.4738889,-158.3766667,2013-11-29,1,0,170.0,183.0,,Pastick,,0.0,N,,,,,,
59.0647222,-158.4594444,2013-11-29,1,0,100.0,183.0,,Pastick,,0.0,N,,,,,,
59.0636111,-158.4597222,2013-11-29,1,0,170.0,183.0,,Pastick,,0.0,N,,,,,,
59.0580556,-158.4566667,2013-11-29,1,0,30.0,183.0,,Pastick,,0.0,N,,,,,,
59.0591667,-158.4583333,2013-11-29,1,0,30.0,183.0,,Pastick,,0.0,N,,,,,,
59.0577778,-158.5022222,2013-11-29,1,0,100.0,183.0,,Pastick,,0.0,N,,,,,,
59.0591667,-158.5013889,2013-11-29,1,0,105.0,183.0,,Pastick,,0.0,N,,,,,,
59.0605556,-158.5002778,2013-11-29,1,0,81.0,183.0,,Pastick,,0.0,N,,,,,,
59.0611111,-158.4994444,2013-11-29,1,0,150.0,183.0,,Pastick,,0.0,N,,,,,,
59.07,-158.4636111,2013-11-29,1,0,90.0,183.0,,Pastick,,0.0,N,,,,,,
59.0708333,-158.4661111,2013-11-29,1,0,142.0,183.0,,Pastick,,0.0,N,,,,,,
59.0725,-158.4677778,2013-11-29,1,0,160.0,183.0,,Pastick,,0.0,N,,,,,,
59.0716667,-158.4627778,2013-11-29,1,0,90.0,183.0,,Pastick,,0.0,N,,,,,,
58.6605556,-158.0547222,2013-11-29,1,0,110.0,183.0,,Pastick,,0.0,N,,,,,,
58.6741667,-158.0425,2013-11-29,1,0,150.0,180.0,,Pastick,,0.0,N,,,,,,
58.8408333,-158.2483333,2013-11-29,1,0,100.0,183.0,,Pastick,,0.0,N,,,,,,
58.8480556,-158.2466667,2013-11-29,1,0,85.0,183.0,,Pastick,,0.0,N,,,,,,
58.8622222,-158.2422222,2013-11-29,1,0,49.0,183.0,,Pastick,,0.0,N,,,,,,
58.7733333,-157.9288889,2013-11-29,1,0,140.0,183.0,,Pastick,,0.0,N,,,,,,
58.7763889,-157.9402778,2013-11-29,1,0,26.0,90.0,,Pastick,,0.0,N,,,,,,
59.2291667,-157.9738889,2013-11-29,1,0,130.0,183.0,,Pastick,,0.0,N,,,,,,
59.2216667,-157.9722222,2013-11-29,1,0,130.0,183.0,,Pastick,,0.0,N,,,,,,
59.2119444,-157.9661111,2013-11-29,1,0,98.0,183.0,,Pastick,,0.0,N,,,,,,
59.1872222,-158.3163889,2013-11-29,1,0,60.0,183.0,,Pastick,,0.0,N,,,,,,
59.185,-158.2894444,2013-11-29,1,0,125.0,183.0,,Pastick,,0.0,N,,,,,,
59.1841667,-158.2763889,2013-11-29,1,0,63.0,183.0,,Pastick,,0.0,N,,,,,,
58.9894444,-157.0947222,2013-11-29,1,0,150.0,190.0,,Pastick,,0.0,N,,,,,,
58.9886111,-157.1097222,2013-11-29,1,0,50.0,56.0,,Pastick,,0.0,N,,,,,,
59.5938889,-158.0933333,2013-11-29,1,0,31.0,60.0,,Pastick,,0.0,N,,,,,,
59.6108333,-158.1036111,2013-11-29,1,0,11.0,55.0,,Pastick,,0.0,N,,,,,,
59.6138889,-158.0958333,2013-11-29,1,0,41.0,125.0,,Pastick,,0.0,N,,,,,,
59.5938889,-158.0694444,2013-11-29,1,0,61.0,80.0,,Pastick,,0.0,N,,,,,,
59.1661111,-157.5461111,2013-11-29,1,0,115.0,183.0,,Pastick,,0.0,N,,,,,,
59.1661111,-157.5475,2013-11-29,1,0,175.0,183.0,,Pastick,,0.0,N,,,,,,
59.1588889,-157.5566667,2013-11-29,1,0,69.0,183.0,,Pastick,,0.0,N,,,,,,
59.1533333,-157.5586111,2013-11-29,1,0,21.0,90.0,,Pastick,,0.0,N,,,,,,
59.0405556,-158.0230556,2013-11-29,1,0,135.0,150.0,,Pastick,,0.0,N,,,,,,
59.0408333,-158.0111111,2013-11-29,1,0,155.0,190.0,,Pastick,,0.0,N,,,,,,
59.0416667,-157.9997222,2013-11-29,1,0,85.0,190.0,,Pastick,,0.0,N,,,,,,
59.5572222,-157.5702778,2013-11-29,1,0,95.0,190.0,,Pastick,,0.0,N,,,,,,
59.8119444,-157.5483333,2013-11-29,1,0,170.0,185.0,,Pastick,,0.0,N,,,,,,
59.8169444,-157.5611111,2013-11-29,1,0,140.0,170.0,,Pastick,,0.0,N,,,,,,
59.7191667,-157.9744444,2013-11-29,1,0,95.0,105.0,,Pastick,,0.0,N,,,,,,
59.7186111,-157.9730556,2013-11-29,1,0,152.0,185.0,,Pastick,,0.0,N,,,,,,
59.715,-157.9622222,2013-11-29,1,0,170.0,190.0,,Pastick,,0.0,N,,,,,,
59.7105556,-157.95,2013-11-29,1,0,80.0,110.0,,Pastick,,0.0,N,,,,,,
59.7091667,-157.9355556,2013-11-29,1,0,70.0,100.0,,Pastick,,0.0,N,,,,,,
59.71,-157.9333333,2013-11-29,1,0,90.0,125.0,,Pastick,,0.0,N,,,,,,
59.0691667,-157.4333333,2013-11-29,1,0,47.0,190.0,,Pastick,,0.0,N,,,,,,
59.0702778,-157.4177778,2013-11-29,1,0,80.0,190.0,,Pastick,,0.0,N,,,,,,
59.0736111,-157.4041667,2013-11-29,1,0,26.0,130.0,,Pastick,,0.0,N,,,,,,
58.905,-158.095,2013-11-29,1,0,180.0,190.0,,Pastick,,0.0,N,,,,,,
58.9069444,-158.0980556,2013-11-29,1,0,150.0,190.0,,Pastick,,0.0,N,,,,,,
58.9133333,-158.1011111,2013-11-29,1,0,175.0,190.0,,Pastick,,0.0,N,,,,,,
58.9155556,-158.1030556,2013-11-29,1,0,130.0,190.0,,Pastick,,0.0,N,,,,,,
58.9188889,-158.1069444,2013-11-29,1,0,160.0,175.0,,Pastick,,0.0,N,,,,,,
58.9188889,-158.1061111,2013-11-29,1,0,90.0,190.0,,Pastick,,0.0,N,,,,,,
58.9197222,-158.1058333,2013-11-29,1,0,57.0,190.0,,Pastick,,0.0,N,,,,,,
59.8391667,-156.9669444,2013-11-29,1,0,175.0,190.0,,Pastick,,0.0,N,,,,,,
59.49,-156.5622222,2013-11-29,1,0,88.0,150.0,,Pastick,,0.0,N,,,,,,
59.5030556,-156.5791667,2013-11-29,1,0,32.0,130.0,,Pastick,,0.0,N,,,,,,
59.5505556,-156.7755556,2013-11-29,1,0,110.0,145.0,,Pastick,,0.0,N,,,,,,
59.5363889,-156.7816667,2013-11-29,1,0,47.0,85.0,,Pastick,,0.0,N,,,,,,
59.5136111,-156.7966667,2013-11-29,1,0,90.0,110.0,,Pastick,,0.0,N,,,,,,
58.7877778,-158.3152778,2013-11-29,1,0,180.0,190.0,,Pastick,,0.0,N,,,,,,
58.8094444,-158.3791667,2013-11-29,1,0,165.0,190.0,,Pastick,,0.0,N,,,,,,
58.8169444,-158.4477778,2013-11-29,1,0,120.0,150.0,,Pastick,,0.0,N,,,,,,
59.8508333,-158.3197222,2013-11-29,1,0,61.0,115.0,,Pastick,,0.0,N,,,,,,
59.8566667,-158.2530556,2013-11-29,1,0,95.0,100.0,,Pastick,,0.0,N,,,,,,
59.6023028,-157.2240694,2013-11-29,1,0,60.0,180.0,,Pastick,,0.0,N,,,,,,
59.0716667,-158.4672222,2013-11-29,1,0,23.0,85.0,,Pastick,,0.0,N,,,,,,
58.6986111,-158.21,2013-11-29,1,0,30.0,152.0,,Pastick,,0.0,N,,,,,,
59.4197222,-158.1386111,2013-11-29,1,0,170.0,195.0,,Pastick,,0.0,N,,,,,,
59.4225,-158.1369444,2013-11-29,1,0,115.0,170.0,,Pastick,,0.0,N,,,,,,
59.4338889,-158.1277778,2013-11-29,1,0,95.0,152.0,,Pastick,,0.0,N,,,,,,
59.4344444,-158.1233333,2013-11-29,1,0,91.0,185.0,,Pastick,,0.0,N,,,,,,
58.8622222,-157.7997222,2013-11-29,1,0,135.0,190.0,,Pastick,,0.0,N,,,,,,
58.8602778,-157.8247222,2013-11-29,1,0,155.0,175.0,,Pastick,,0.0,N,,,,,,
59.1263889,-157.7472222,2013-11-29,1,0,90.0,190.0,,Pastick,,0.0,N,,,,,,
59.1283333,-157.7575,2013-11-29,1,0,145.0,180.0,,Pastick,,0.0,N,,,,,,
59.1302778,-157.7658333,2013-11-29,1,0,85.0,190.0,,Pastick,,0.0,N,,,,,,
59.1352778,-157.7919444,2013-11-29,1,0,175.0,190.0,,Pastick,,0.0,N,,,,,,
59.0583333,-158.2233333,2013-11-29,1,0,105.0,190.0,,Pastick,,0.0,N,,,,,,
59.055,-158.22,2013-11-29,1,0,95.0,152.0,,Pastick,,0.0,N,,,,,,
58.765,-157.5519444,2013-11-29,1,0,137.0,190.0,,Pastick,,0.0,N,,,,,,
58.7730556,-157.5375,2013-11-29,1,0,115.0,190.0,,Pastick,,0.0,N,,,,,,
59.0027778,-158.3355556,2013-11-29,1,0,155.0,190.0,,Pastick,,0.0,N,,,,,,
58.9966667,-158.2916667,2013-11-29,1,0,160.0,183.0,,Pastick,,0.0,N,,,,,,
58.9783333,-157.8955556,2013-11-29,1,0,66.0,92.0,,Pastick,,0.0,N,,,,,,
58.9780556,-157.8844444,2013-11-29,1,0,51.0,183.0,,Pastick,,0.0,N,,,,,,
58.9725,-157.8702778,2013-11-29,1,0,120.0,183.0,,Pastick,,0.0,N,,,,,,
59.0661111,-158.4366667,2013-11-29,1,0,94.0,180.0,,Pastick,,0.0,N,,,,,,
59.0644444,-158.4347222,2013-11-29,1,0,43.0,180.0,,Pastick,,0.0,N,,,,,,
59.0597222,-158.44,2013-11-29,1,0,110.0,180.0,,Pastick,,0.0,N,,,,,,
59.0566667,-158.4402778,2013-11-29,1,0,135.0,180.0,,Pastick,,0.0,N,,,,,,
59.0480556,-158.5113889,2013-11-29,1,0,170.0,190.0,,Pastick,,0.0,N,,,,,,
59.0538889,-158.5102778,2013-11-29,1,0,93.0,180.0,,Pastick,,0.0,N,,,,,,
59.6808333,-158.0777778,2013-11-29,1,0,90.0,135.0,,Pastick,,0.0,N,,,,,,
59.6811111,-158.1063889,2013-11-29,1,0,16.0,162.0,,Pastick,,0.0,N,,,,,,
59.6694444,-157.5525,2013-11-29,1,0,130.0,160.0,,Pastick,,0.0,N,,,,,,
59.6625,-157.5558333,2013-11-29,1,0,130.0,165.0,,Pastick,,0.0,N,,,,,,
59.6552778,-157.5594444,2013-11-29,1,0,127.0,170.0,,Pastick,,0.0,N,,,,,,
59.8008333,-157.8008333,2013-11-29,1,0,112.0,170.0,,Pastick,,0.0,N,,,,,,
59.7969444,-157.7972222,2013-11-29,1,0,85.0,152.0,,Pastick,,0.0,N,,,,,,
59.7758333,-157.7952778,2013-11-29,1,0,152.0,170.0,,Pastick,,0.0,N,,,,,,
59.9402778,-158.1161111,2013-11-29,1,0,165.0,175.0,,Pastick,,0.0,N,,,,,,
59.9433333,-158.1936111,2013-11-29,1,0,137.0,155.0,,Pastick,,0.0,N,,,,,,
58.7236111,-158.2966667,2013-11-29,1,0,140.0,190.0,,Pastick,,0.0,N,,,,,,
58.7286111,-158.3166667,2013-11-29,1,0,0.0,0.0,,Pastick,,0.0,N,,,,,,
59.1913889,-158.0052778,2013-11-29,1,0,140.0,190.0,,Pastick,,0.0,N,,,,,,
59.1752778,-158.02,2013-11-29,1,0,115.0,190.0,,Pastick,,0.0,N,,,,,,
59.1727778,-158.0219444,2013-11-29,1,0,160.0,190.0,,Pastick,,0.0,N,,,,,,
59.1669444,-158.0272222,2013-11-29,1,0,160.0,190.0,,Pastick,,0.0,N,,,,,,
59.3233333,-157.8708333,2013-11-29,1,0,130.0,190.0,,Pastick,,0.0,N,,,,,,
59.3272222,-157.8708333,2013-11-29,1,0,130.0,150.0,,Pastick,,0.0,N,,,,,,
59.3352778,-157.8725,2013-11-29,1,0,65.0,190.0,,Pastick,,0.0,N,,,,,,
59.3422222,-157.8722222,2013-11-29,1,0,66.0,190.0,,Pastick,,0.0,N,,,,,,
59.345,-157.8727778,2013-11-29,1,0,80.0,190.0,,Pastick,,0.0,N,,,,,,
59.3513889,-157.8788889,2013-11-29,1,0,40.0,190.0,,Pastick,,0.0,N,,,,,,
59.3536111,-157.8805556,2013-11-29,1,0,150.0,190.0,,Pastick,,0.0,N,,,,,,
59.0991667,-158.3061111,2013-11-29,1,0,84.0,190.0,,Pastick,,0.0,N,,,,,,
59.0975,-158.3061111,2013-11-29,1,0,84.0,190.0,,Pastick,,0.0,N,,,,,,
59.0963889,-158.3041667,2013-11-29,1,0,125.0,190.0,,Pastick,,0.0,N,,,,,,
59.2027778,-157.1741667,2013-11-29,1,0,70.0,100.0,,Pastick,,0.0,N,,,,,,
59.2016667,-157.1825,2013-11-29,1,0,100.0,125.0,,Pastick,,0.0,N,,,,,,
59.0644444,-157.1980556,2013-11-29,1,0,90.0,190.0,,Pastick,,0.0,N,,,,,,
59.0713889,-157.2377778,2013-11-29,1,0,115.0,190.0,,Pastick,,0.0,N,,,,,,
59.0708333,-157.2444444,2013-11-29,1,0,110.0,190.0,,Pastick,,0.0,N,,,,,,
59.5680556,-157.77,2013-11-29,1,0,105.0,190.0,,Pastick,,0.0,N,,,,,,
59.5641667,-157.7719444,2013-11-29,1,0,74.0,100.0,,Pastick,,0.0,N,,,,,,
59.5605556,-157.7786111,2013-11-29,1,0,115.0,190.0,,Pastick,,0.0,N,,,,,,
59.5583333,-157.7813889,2013-11-29,1,0,130.0,190.0,,Pastick,,0.0,N,,,,,,
59.0416667,-158.5647222,2013-11-29,1,0,170.0,190.0,,Pastick,,0.0,N,,,,,,
59.3913889,-158.3005556,2013-11-29,1,0,52.0,152.0,,Pastick,,0.0,N,,,,,,
59.3886111,-158.3008333,2013-11-29,1,0,87.0,152.0,,Pastick,,0.0,N,,,,,,
58.8008333,-157.8216667,2013-11-29,1,0,60.0,130.0,,Pastick,,0.0,N,,,,,,
58.8244444,-157.8280556,2013-11-29,1,0,56.0,100.0,,Pastick,,0.0,N,,,,,,
59.2702778,-157.9383333,2013-11-29,1,0,125.0,190.0,,Pastick,,0.0,N,,,,,,
59.2713889,-157.9311111,2013-11-29,1,0,163.0,190.0,,Pastick,,0.0,N,,,,,,
59.2741667,-157.9163889,2013-11-29,1,0,67.0,67.0,,Pastick,,0.0,N,,,,,,
59.2680556,-157.9016667,2013-11-29,1,0,95.0,190.0,,Pastick,,0.0,N,,,,,,
58.9038889,-157.3413889,2013-11-29,1,0,150.0,183.0,,Pastick,,0.0,N,,,,,,
59.5061111,-157.9125,2013-11-29,1,0,60.0,100.0,,Pastick,,0.0,N,,,,,,
59.5058333,-157.9144444,2013-11-29,1,0,175.0,190.0,,Pastick,,0.0,N,,,,,,
59.0433333,-158.5380556,2013-11-29,1,0,120.0,190.0,,Pastick,,0.0,N,,,,,,
59.0261111,-158.5302778,2013-11-29,1,0,125.0,190.0,,Pastick,,0.0,N,,,,,,
59.4257556,-157.5493444,2013-11-29,1,0,170.0,190.0,,Pastick,,0.0,N,,,,,,
59.4245278,-157.5494333,2013-11-29,1,0,130.0,150.0,,Pastick,,0.0,N,,,,,,
59.4218778,-157.5528083,2013-11-29,1,0,115.0,190.0,,Pastick,,0.0,N,,,,,,
59.4170056,-157.5538778,2013-11-29,1,0,100.0,190.0,,Pastick,,0.0,N,,,,,,
59.4098056,-157.5508556,2013-11-29,1,0,53.0,190.0,,Pastick,,0.0,N,,,,,,
59.3974806,-157.5442333,2013-11-29,1,0,80.0,110.0,,Pastick,,0.0,N,,,,,,
59.3076833,-157.2374528,2013-11-29,1,0,72.0,130.0,,Pastick,,0.0,N,,,,,,
59.5073778,-157.9076417,2013-11-29,1,0,150.0,190.0,,Pastick,,0.0,N,,,,,,
59.0761111,-158.4883333,2013-11-29,1,0,120.0,183.0,,Pastick,,0.0,N,,,,,,
59.0733333,-158.5138889,2013-11-29,1,0,49.0,183.0,,Pastick,,0.0,N,,,,,,
59.0207583,-158.5432056,2013-11-29,1,0,31.0,100.0,,Pastick,,0.0,N,,,,,,
59.0230556,-158.5491667,2013-11-29,1,0,95.0,190.0,,Pastick,,0.0,N,,,,,,
59.0238889,-158.5594444,2013-11-29,1,0,120.0,180.0,,Pastick,,0.0,N,,,,,,
59.0683333,-158.5588889,2013-11-29,1,0,160.0,190.0,,Pastick,,0.0,N,,,,,,
59.0594444,-158.5563889,2013-11-29,1,0,105.0,190.0,,Pastick,,0.0,N,,,,,,
58.8191667,-158.5494444,2013-11-29,1,0,140.0,200.0,,Pastick,,0.0,N,,,,,,
58.8397222,-158.5572222,2013-11-29,1,0,80.0,125.0,,Pastick,,0.0,N,,,,,,
58.8233333,-158.5416667,2013-11-29,1,0,165.0,190.0,,Pastick,,0.0,N,,,,,,
58.8297222,-158.5491667,2013-11-29,1,0,48.0,150.0,,Pastick,,0.0,N,,,,,,
58.8319444,-158.5469444,2013-11-29,1,0,75.0,190.0,,Pastick,,0.0,N,,,,,,
58.8327778,-158.5461111,2013-11-29,1,0,75.0,190.0,,Pastick,,0.0,N,,,,,,
58.8372222,-158.5380556,2013-11-29,1,0,150.0,190.0,,Pastick,,0.0,N,,,,,,
58.8411111,-158.5363889,2013-11-29,1,0,95.0,100.0,,Pastick,,0.0,N,,,,,,
59.0638889,-158.5036111,2013-11-29,1,0,155.0,190.0,,Pastick,,0.0,N,,,,,,
59.0705556,-158.5072222,2013-11-29,1,0,45.0,190.0,,Pastick,,0.0,N,,,,,,
59.0744444,-158.4911111,2013-11-29,1,0,65.0,190.0,,Pastick,,0.0,N,,,,,,
59.0802778,-158.4944444,2013-11-29,1,0,23.0,70.0,,Pastick,,0.0,N,,,,,,
59.0572222,-158.5536111,2013-11-29,1,0,155.0,190.0,,Pastick,,0.0,N,,,,,,
59.0536111,-158.5511111,2013-11-29,1,0,140.0,190.0,,Pastick,,0.0,N,,,,,,
59.0461111,-158.5577778,2013-11-29,1,0,58.0,70.0,,Pastick,,0.0,N,,,,,,
59.0394444,-158.5863889,2013-11-29,1,0,140.0,190.0,,Pastick,,0.0,N,,,,,,
59.0352778,-158.5869444,2013-11-29,1,0,120.0,185.0,,Pastick,,0.0,N,,,,,,
59.0538889,-158.5761111,2013-11-29,1,0,170.0,190.0,,Pastick,,0.0,N,,,,,,
59.0730556,-158.5347222,2013-11-29,1,0,95.0,155.0,,Pastick,,0.0,N,,,,,,
59.0683333,-158.5377778,2013-11-29,1,0,75.0,190.0,,Pastick,,0.0,N,,,,,,
59.0547222,-158.5247222,2013-11-29,1,0,95.0,190.0,,Pastick,,0.0,N,,,,,,
59.0630556,-158.5233333,2014-02-06,1,0,125.0,190.0,,Pastick,,0.0,N,,,,,,
59.0436111,-158.5230556,2013-11-29,1,0,135.0,190.0,,Pastick,,0.0,N,,,,,,
59.0413889,-158.4658333,2013-11-29,1,0,66.0,180.0,,Pastick,,0.0,N,,,,,,
58.7972222,-158.5502778,2013-11-29,1,0,150.0,182.0,,Pastick,,0.0,N,,,,,,
58.7963889,-158.5447222,2013-11-29,1,0,68.0,150.0,,Pastick,,0.0,N,,,,,,
58.7988889,-158.545,2013-11-29,1,0,80.0,110.0,,Pastick,,0.0,N,,,,,,
58.8013889,-158.5488889,2013-11-29,1,0,29.0,100.0,,Pastick,,0.0,N,,,,,,
58.8130556,-158.5547222,2013-11-29,1,0,60.0,175.0,,Pastick,,0.0,N,,,,,,
58.8147222,-158.5580556,2013-11-29,1,0,50.0,50.0,,Pastick,,0.0,N,,,,,,
59.8083333,-156.5652778,2013-11-29,1,0,51.0,95.0,,Pastick,,0.0,N,,,,,,
59.8288889,-156.5491667,2013-11-29,1,0,95.0,120.0,,Pastick,,0.0,N,,,,,,
59.8422222,-156.5333333,2013-11-29,1,0,45.0,180.0,,Pastick,,0.0,N,,,,,,
59.8444444,-156.5158333,2013-11-29,1,0,91.0,100.0,,Pastick,,0.0,N,,,,,,
59.7911111,-156.0863889,2013-11-29,1,0,95.0,152.0,,Pastick,,0.0,N,,,,,,
59.795,-156.0769444,2014-01-23,1,0,90.0,115.0,,Pastick,,0.0,N,,,,,,
59.7975,-156.0755556,2013-11-29,1,0,58.0,80.0,,Pastick,,0.0,N,,,,,,
59.9652778,-157.8986111,2013-11-29,1,0,73.0,160.0,,Pastick,,0.0,N,,,,,,
59.9658333,-157.8980556,2013-11-29,1,0,93.0,120.0,,Pastick,,0.0,N,,,,,,
59.9652778,-157.8941667,2013-11-29,1,0,110.0,145.0,,Pastick,,0.0,N,,,,,,
59.9661111,-157.89,2013-11-29,1,0,170.0,180.0,,Pastick,,0.0,N,,,,,,
60.0897222,-158.4547222,2013-11-29,1,0,55.0,100.0,,Pastick,,0.0,N,,,,,,
59.9769444,-157.8294444,2013-11-29,1,0,55.0,170.0,,Pastick,,0.0,N,,,,,,
59.9763889,-157.8413889,2013-11-29,1,0,115.0,160.0,,Pastick,,0.0,N,,,,,,
60.0977778,-158.4686111,2013-11-29,1,0,47.0,80.0,,Pastick,,0.0,N,,,,,,
60.0963889,-158.4661111,2013-11-29,1,0,65.0,150.0,,Pastick,,0.0,N,,,,,,
60.0944444,-158.4630556,2013-11-29,1,0,45.0,80.0,,Pastick,,0.0,N,,,,,,
60.3108333,-158.7519444,2013-11-29,1,0,52.0,90.0,,Pastick,,0.0,N,,,,,,
60.3105556,-158.7505556,2013-11-29,1,0,40.0,85.0,,Pastick,,0.0,N,,,,,,
60.31,-158.7508333,2014-02-07,1,0,68.0,90.0,,Pastick,,0.0,N,,,,,,
60.3108333,-158.7286111,2013-11-29,1,0,18.0,80.0,,Pastick,,0.0,N,,,,,,
60.3116667,-158.7111111,2013-11-29,1,0,29.0,70.0,,Pastick,,0.0,N,,,,,,
60.3052778,-158.6405556,2013-11-29,1,0,80.0,110.0,,Pastick,,0.0,N,,,,,,
60.1877778,-159.5838889,2013-11-29,1,0,60.0,80.0,,Pastick,,0.0,N,,,,,,
60.1897222,-159.5936111,2013-11-29,1,0,72.0,115.0,,Pastick,,0.0,N,,,,,,
60.1902778,-159.5922222,2013-11-29,1,0,10.0,75.0,,Pastick,,0.0,N,,,,,,
60.1830556,-159.5822222,2013-11-29,1,0,70.0,80.0,,Pastick,,0.0,N,,,,,,
60.1886111,-159.5819444,2013-11-29,1,0,55.0,70.0,,Pastick,,0.0,N,,,,,,
59.9544444,-158.9077778,2013-11-29,1,0,140.0,160.0,,Pastick,,0.0,N,,,,,,
59.9733333,-158.815,2013-11-29,1,0,68.0,95.0,,Pastick,,0.0,N,,,,,,
59.9725,-158.8177778,2013-11-29,1,0,81.0,145.0,,Pastick,,0.0,N,,,,,,
59.9825,-158.7269444,2013-11-29,1,0,59.0,95.0,,Pastick,,0.0,N,,,,,,
59.9805556,-158.7263889,2013-11-29,1,0,160.0,170.0,,Pastick,,0.0,N,,,,,,
59.8447222,-156.5166667,2013-11-29,1,0,140.0,160.0,,Pastick,,0.0,N,,,,,,
59.8188889,-156.3266667,2014-02-04,1,0,140.0,183.0,,Pastick,,0.0,N,,,,,,
59.7194444,-157.2822222,2013-11-29,1,0,0.0,0.0,,Pastick,,0.0,N,,,,,,
59.7227778,-157.2919444,2013-11-29,1,0,150.0,180.0,,Pastick,,0.0,N,,,,,,
59.8572222,-157.3047222,2013-11-29,1,0,140.0,190.0,,Pastick,,0.0,N,,,,,,
59.8552778,-157.305,2013-11-29,1,0,95.0,152.0,,Pastick,,0.0,N,,,,,,
59.8544444,-157.305,2013-11-29,1,0,125.0,152.0,,Pastick,,0.0,N,,,,,,
59.8461111,-157.2913889,2013-11-29,1,0,62.0,110.0,,Pastick,,0.0,N,,,,,,
59.8455556,-157.2888889,2013-11-29,1,0,60.0,85.0,,Pastick,,0.0,N,,,,,,
59.8433333,-157.2861111,2013-11-29,1,0,19.0,75.0,,Pastick,,0.0,N,,,,,,
59.7163889,-157.3166667,2013-11-29,1,0,95.0,180.0,,Pastick,,0.0,N,,,,,,
59.7163889,-157.3180556,2013-11-29,1,0,110.0,175.0,,Pastick,,0.0,N,,,,,,
59.8180556,-157.0302778,2013-11-29,1,0,130.0,165.0,,Pastick,,0.0,N,,,,,,
59.7925,-157.1127778,2013-11-29,1,0,135.0,180.0,,Pastick,,0.0,N,,,,,,
59.9461111,-156.6308333,2013-11-29,1,0,203.0,213.0,,Pastick,,0.0,N,,,,,,
59.9369444,-156.5188889,2013-11-29,1,0,110.0,140.0,,Pastick,,0.0,N,,,,,,
59.6652778,-155.9675,2013-11-29,1,0,140.0,150.0,,Pastick,,0.0,N,,,,,,
59.6652778,-155.9683333,2013-11-29,1,0,150.0,160.0,,Pastick,,0.0,N,,,,,,
59.6741667,-155.9916667,2013-11-29,1,0,102.0,118.0,,Pastick,,0.0,N,,,,,,
59.6930556,-156.0222222,2013-11-29,1,0,62.0,105.0,,Pastick,,0.0,N,,,,,,
59.6933333,-156.0202778,2013-11-29,1,0,73.0,115.0,,Pastick,,0.0,N,,,,,,
59.7080556,-156.0438889,2013-11-29,1,0,78.0,105.0,,Pastick,,0.0,N,,,,,,
60.0938889,-158.2422222,2013-11-29,1,0,52.0,145.0,,Pastick,,0.0,N,,,,,,
60.0925,-158.2427778,2013-11-29,1,0,83.0,180.0,,Pastick,,0.0,N,,,,,,
60.0827778,-158.2619444,2013-11-29,1,0,103.0,160.0,,Pastick,,0.0,N,,,,,,
60.0819444,-158.2622222,2013-11-29,1,0,88.0,130.0,,Pastick,,0.0,N,,,,,,
60.0802778,-158.2697222,2013-11-29,1,0,140.0,170.0,,Pastick,,0.0,N,,,,,,
60.0791667,-158.2688889,2013-11-29,1,0,105.0,115.0,,Pastick,,0.0,N,,,,,,
60.0613889,-158.3036111,2013-11-29,1,0,95.0,120.0,,Pastick,,0.0,N,,,,,,
60.0605556,-158.3038889,2013-11-29,1,0,133.0,135.0,,Pastick,,0.0,N,,,,,,
60.1494444,-159.5683333,2013-11-29,1,0,37.0,68.0,,Pastick,,0.0,N,,,,,,
60.1494444,-159.5666667,2013-11-29,1,0,32.0,95.0,,Pastick,,0.0,N,,,,,,
60.1469444,-159.5636111,2013-11-29,1,0,41.0,80.0,,Pastick,,0.0,N,,,,,,
60.1463889,-159.56,2013-11-29,1,0,57.0,105.0,,Pastick,,0.0,N,,,,,,
60.1447222,-159.5186111,2013-11-29,1,0,32.0,100.0,,Pastick,,0.0,N,,,,,,
60.145,-159.5177778,2013-11-29,1,0,35.0,100.0,,Pastick,,0.0,N,,,,,,
60.1466667,-159.5286111,2013-11-29,1,0,12.0,152.0,,Pastick,,0.0,N,,,,,,
60.1469444,-159.5297222,2013-11-29,1,0,60.0,100.0,,Pastick,,0.0,N,,,,,,
59.6802778,-156.4330556,2013-11-29,1,0,65.0,100.0,,Pastick,,0.0,N,,,,,,
59.6780556,-156.4386111,2013-11-29,1,0,85.0,110.0,,Pastick,,0.0,N,,,,,,
59.6633333,-156.4847222,2013-11-29,1,0,95.0,115.0,,Pastick,,0.0,N,,,,,,
59.6611111,-156.4883333,2013-11-29,1,0,93.0,140.0,,Pastick,,0.0,N,,,,,,
59.6491667,-156.505,2013-11-29,1,0,82.0,85.0,,Pastick,,0.0,N,,,,,,
59.6375,-156.5547222,2013-11-29,1,0,85.0,110.0,,Pastick,,0.0,N,,,,,,
60.0555556,-157.2147222,2013-11-29,1,0,55.0,90.0,,Pastick,,0.0,N,,,,,,
60.0955556,-157.1672222,2013-11-29,1,0,138.0,190.0,,Pastick,,0.0,N,,,,,,
60.4102778,-158.8027778,2013-11-29,1,0,72.0,105.0,,Pastick,,0.0,N,,,,,,
60.4147222,-158.7694444,2013-11-29,1,0,54.0,100.0,,Pastick,,0.0,N,,,,,,
60.4,-158.7405556,2013-11-29,1,0,38.0,80.0,,Pastick,,0.0,N,,,,,,
60.39,-158.7091667,2013-11-29,1,0,62.0,115.0,,Pastick,,0.0,N,,,,,,
59.7272222,-157.2975,2013-11-29,1,0,180.0,190.0,,Pastick,,0.0,N,,,,,,
59.7219444,-157.3119444,2013-11-29,1,0,96.0,165.0,,Pastick,,0.0,N,,,,,,
59.7258333,-157.3058333,2013-11-29,1,0,81.0,120.0,,Pastick,,0.0,N,,,,,,
59.7166667,-157.3002778,2013-11-29,1,0,140.0,160.0,,Pastick,,0.0,N,,,,,,
59.7197222,-157.3008333,2013-11-29,1,0,61.0,90.0,,Pastick,,0.0,N,,,,,,
59.9566667,-157.6852778,2013-11-29,1,0,115.0,180.0,,Pastick,,0.0,N,,,,,,
58.8075,-158.5633333,2013-11-29,1,0,11.0,90.0,,Pastick,,0.0,N,,,,,,
58.7963889,-158.5497222,2013-11-29,1,0,105.0,183.0,,Pastick,,0.0,N,,,,,,
58.7977778,-158.5438889,2013-11-29,1,0,115.0,183.0,,Pastick,,0.0,N,,,,,,
58.8013889,-158.5480556,2013-11-29,1,0,125.0,135.0,,Pastick,,0.0,N,,,,,,
58.8016667,-158.5491667,2013-11-29,1,0,80.0,183.0,,Pastick,,0.0,N,,,,,,
58.8022222,-158.5536111,2013-11-29,1,0,32.0,60.0,,Pastick,,0.0,N,,,,,,
58.8175,-158.5555556,2013-11-29,1,0,90.0,160.0,,Pastick,,0.0,N,,,,,,
58.8138889,-158.5605556,2013-11-29,1,0,0.0,100.0,,Pastick,,0.0,N,,,,,,
58.8191667,-158.55,2013-11-29,1,0,76.0,100.0,,Pastick,,0.0,N,,,,,,
58.8397222,-158.5558333,2013-11-29,1,0,62.0,93.0,,Pastick,,0.0,N,,,,,,
58.8394444,-158.5544444,2013-11-29,1,0,170.0,183.0,,Pastick,,0.0,N,,,,,,
58.8230556,-158.5433333,2013-11-29,1,0,55.0,125.0,,Pastick,,0.0,N,,,,,,
58.8311111,-158.5475,2013-11-29,1,0,130.0,183.0,,Pastick,,0.0,N,,,,,,
58.8322222,-158.5486111,2013-11-29,1,0,110.0,183.0,,Pastick,,0.0,N,,,,,,
58.8330556,-158.5463889,2013-11-29,1,0,135.0,183.0,,Pastick,,0.0,N,,,,,,
58.8361111,-158.5388889,2013-11-29,1,0,67.0,183.0,,Pastick,,0.0,N,,,,,,
59.0641667,-158.505,2013-11-29,1,0,135.0,183.0,,Pastick,,0.0,N,,,,,,
59.0869444,-158.5555556,2013-11-29,1,0,60.0,183.0,,Pastick,,0.0,N,,,,,,
59.0711111,-158.505,2013-11-29,1,0,115.0,183.0,,Pastick,,0.0,N,,,,,,
59.9605556,-157.7244444,2013-11-29,1,0,90.0,125.0,,Pastick,,0.0,N,,,,,,
60.2011111,-158.7183333,2013-11-29,1,0,40.0,70.0,,Pastick,,0.0,N,,,,,,
60.2011111,-158.7197222,2013-11-29,1,0,46.0,110.0,,Pastick,,0.0,N,,,,,,
60.1986111,-158.7230556,2013-11-29,1,0,27.0,100.0,,Pastick,,0.0,N,,,,,,
60.1980556,-158.7244444,2013-11-29,1,0,80.0,97.0,,Pastick,,0.0,N,,,,,,
60.1922222,-158.7297222,2013-11-29,1,0,95.0,100.0,,Pastick,,0.0,N,,,,,,
60.1919444,-158.7294444,2013-11-29,1,0,60.0,85.0,,Pastick,,0.0,N,,,,,,
60.1905556,-158.7305556,2013-11-29,1,0,89.0,93.0,,Pastick,,0.0,N,,,,,,
60.1905556,-158.7313889,2013-11-29,1,0,32.0,90.0,,Pastick,,0.0,N,,,,,,
60.0616667,-159.2730556,2013-11-29,1,0,55.0,100.0,,Pastick,,0.0,N,,,,,,
60.0613889,-159.2686111,2013-11-29,1,0,50.0,57.0,,Pastick,,0.0,N,,,,,,
60.0608333,-159.2641667,2013-11-29,1,0,55.0,70.0,,Pastick,,0.0,N,,,,,,
60.0544444,-159.2075,2013-11-29,1,0,70.0,80.0,,Pastick,,0.0,N,,,,,,
60.0533333,-159.2019444,2013-11-29,1,0,69.0,93.0,,Pastick,,0.0,N,,,,,,
59.6994444,-156.8127778,2013-11-29,1,0,85.0,100.0,,Pastick,,0.0,N,,,,,,
59.7294444,-157.2933333,2013-11-29,1,0,140.0,170.0,,Pastick,,0.0,N,,,,,,
59.7272222,-157.2875,2013-11-29,1,0,120.0,165.0,,Pastick,,0.0,N,,,,,,
59.7277778,-157.2813889,2013-11-29,1,0,110.0,180.0,,Pastick,,0.0,N,,,,,,
59.7272222,-157.2697222,2013-11-29,1,0,120.0,160.0,,Pastick,,0.0,N,,,,,,
60.0522222,-156.8063889,2013-11-29,1,0,50.0,85.0,,Pastick,,0.0,N,,,,,,
60.0511111,-156.8016667,2013-11-29,1,0,75.0,125.0,,Pastick,,0.0,N,,,,,,
60.1686111,-158.5025,2013-11-29,1,0,24.0,85.0,,Pastick,,0.0,N,,,,,,
60.1713889,-158.5058333,2013-11-29,1,0,37.0,152.0,,Pastick,,0.0,N,,,,,,
60.1733333,-158.5122222,2013-11-29,1,0,44.0,120.0,,Pastick,,0.0,N,,,,,,
60.1741667,-158.5152778,2013-11-29,1,0,60.0,85.0,,Pastick,,0.0,N,,,,,,
59.7222222,-157.2577778,2013-11-29,1,0,140.0,180.0,,Pastick,,0.0,N,,,,,,
59.7138889,-157.2597222,2013-11-29,1,0,46.0,65.0,,Pastick,,0.0,N,,,,,,
59.7927778,-157.4405556,2013-11-29,1,0,150.0,180.0,,Pastick,,0.0,N,,,,,,
59.7866667,-157.4330556,2013-11-29,1,0,140.0,150.0,,Pastick,,0.0,N,,,,,,
59.7330556,-157.2013889,2013-11-29,1,0,65.0,120.0,,Pastick,,0.0,N,,,,,,
59.7366667,-157.2027778,2013-11-29,1,0,120.0,135.0,,Pastick,,0.0,N,,,,,,
59.7386111,-157.2047222,2013-11-29,1,0,60.0,100.0,,Pastick,,0.0,N,,,,,,
59.5013889,-157.1227778,2013-11-29,1,0,115.0,135.0,,Pastick,,0.0,N,,,,,,
59.5016667,-157.1233333,2013-11-29,1,0,40.0,100.0,,Pastick,,0.0,N,,,,,,
59.5025,-157.1261111,2013-11-29,1,0,60.0,120.0,,Pastick,,0.0,N,,,,,,
59.5030556,-157.1272222,2013-11-29,1,0,41.0,80.0,,Pastick,,0.0,N,,,,,,
59.5044444,-157.1302778,2013-11-29,1,0,125.0,130.0,,Pastick,,0.0,N,,,,,,
59.5058333,-157.1305556,2013-11-29,1,0,37.0,75.0,,Pastick,,0.0,N,,,,,,
59.5061111,-157.1316667,2013-11-29,1,0,105.0,115.0,,Pastick,,0.0,N,,,,,,
59.7291667,-157.2755556,2013-11-29,1,0,45.0,80.0,,Pastick,,0.0,N,,,,,,
59.8161111,-157.51,2013-11-29,1,0,160.0,180.0,,Pastick,,0.0,N,,,,,,
59.7530556,-157.3480556,2013-11-29,1,0,120.0,130.0,,Pastick,,0.0,N,,,,,,
59.7541667,-157.3475,2013-11-29,1,0,47.0,115.0,,Pastick,,0.0,N,,,,,,
59.7555556,-157.3461111,2013-11-29,1,0,44.0,100.0,,Pastick,,0.0,N,,,,,,
59.7572222,-157.3466667,2013-11-29,1,0,76.0,115.0,,Pastick,,0.0,N,,,,,,
59.7266667,-157.1961111,2013-11-29,1,0,4.0,115.0,,Pastick,,0.0,N,,,,,,
59.7258333,-157.2002778,2013-11-29,1,0,41.0,75.0,,Pastick,,0.0,N,,,,,,
59.7219444,-157.2061111,2013-11-29,1,0,140.0,180.0,,Pastick,,0.0,N,,,,,,
59.7236111,-157.2113889,2013-11-29,1,0,120.0,130.0,,Pastick,,0.0,N,,,,,,
59.7238889,-157.215,2013-11-29,1,0,115.0,120.0,,Pastick,,0.0,N,,,,,,
59.7219444,-157.2186111,2013-11-29,1,0,160.0,180.0,,Pastick,,0.0,N,,,,,,
59.6936111,-157.1797222,2013-11-29,1,0,80.0,150.0,,Pastick,,0.0,N,,,,,,
59.6688889,-157.1525,2013-11-29,1,0,130.0,150.0,,Pastick,,0.0,N,,,,,,
59.6686111,-157.1547222,2013-11-29,1,0,72.0,115.0,,Pastick,,0.0,N,,,,,,
59.6683333,-157.1563889,2013-11-29,1,0,95.0,120.0,,Pastick,,0.0,N,,,,,,
59.6675,-157.1636111,2013-11-29,1,0,170.0,175.0,,Pastick,,0.0,N,,,,,,
59.5958333,-157.0741667,2013-11-29,1,0,120.0,180.0,,Pastick,,0.0,N,,,,,,
59.5930556,-157.0772222,2013-11-29,1,0,92.0,180.0,,Pastick,,0.0,N,,,,,,
59.5913889,-157.0788889,2013-11-29,1,0,75.0,160.0,,Pastick,,0.0,N,,,,,,
59.5905556,-157.0794444,2013-11-29,1,0,71.0,180.0,,Pastick,,0.0,N,,,,,,
59.5872222,-157.0822222,2013-11-29,1,0,140.0,180.0,,Pastick,,0.0,N,,,,,,
59.5836111,-157.0861111,2013-11-29,1,0,140.0,180.0,,Pastick,,0.0,N,,,,,,
59.5822222,-157.0883333,2013-11-29,1,0,120.0,180.0,,Pastick,,0.0,N,,,,,,
59.5802778,-157.0927778,2013-11-29,1,0,61.0,115.0,,Pastick,,0.0,N,,,,,,
59.5477778,-157.07,2013-11-29,1,0,75.0,115.0,,Pastick,,0.0,N,,,,,,
59.5472222,-157.0677778,2013-11-29,1,0,160.0,180.0,,Pastick,,0.0,N,,,,,,
59.5452778,-157.06,2013-11-29,1,0,140.0,180.0,,Pastick,,0.0,N,,,,,,
59.5455556,-157.0547222,2013-11-29,1,0,95.0,115.0,,Pastick,,0.0,N,,,,,,
59.5427778,-157.0533333,2013-11-29,1,0,115.0,125.0,,Pastick,,0.0,N,,,,,,
59.5502778,-157.0655556,2013-11-29,1,0,120.0,150.0,,Pastick,,0.0,N,,,,,,
59.4955556,-157.185,2013-11-29,1,0,15.0,110.0,,Pastick,,0.0,N,,,,,,
59.4980556,-157.1805556,2013-11-29,1,0,92.0,170.0,,Pastick,,0.0,N,,,,,,
59.5013889,-157.1852778,2013-11-29,1,0,150.0,170.0,,Pastick,,0.0,N,,,,,,
59.5041667,-157.1877778,2013-11-29,1,0,160.0,180.0,,Pastick,,0.0,N,,,,,,
59.5025,-157.175,2013-11-29,1,0,65.0,145.0,,Pastick,,0.0,N,,,,,,
59.6238889,-157.0697222,2013-11-29,1,0,36.0,70.0,,Pastick,,0.0,N,,,,,,
59.6247222,-157.0738889,2013-11-29,1,0,120.0,150.0,,Pastick,,0.0,N,,,,,,
59.6302778,-157.0938889,2013-11-29,1,0,55.0,120.0,,Pastick,,0.0,N,,,,,,
59.6302778,-157.0958333,2013-11-29,1,0,48.0,90.0,,Pastick,,0.0,N,,,,,,
58.905,-157.7133333,2013-11-29,1,0,140.0,180.0,,Pastick,,0.0,N,,,,,,
58.9358333,-157.6763889,2013-11-29,1,0,95.0,180.0,,Pastick,,0.0,N,,,,,,
58.9388889,-157.6794444,2013-11-29,1,0,140.0,180.0,,Pastick,,0.0,N,,,,,,
58.9402778,-157.6808333,2013-11-29,1,0,130.0,150.0,,Pastick,,0.0,N,,,,,,
58.9394444,-157.6819444,2013-11-29,1,0,100.0,150.0,,Pastick,,0.0,N,,,,,,
58.9044444,-157.7233333,2013-11-29,1,0,65.0,140.0,,Pastick,,0.0,N,,,,,,
58.9041667,-157.7213889,2013-11-29,1,0,150.0,180.0,,Pastick,,0.0,N,,,,,,
58.9058333,-157.7225,2013-11-29,1,0,25.0,180.0,,Pastick,,0.0,N,,,,,,
59.0822222,-158.5938889,2013-11-29,1,0,170.0,180.0,,Pastick,,0.0,N,,,,,,
59.0825,-158.5972222,2013-11-29,1,0,20.0,140.0,,Pastick,,0.0,N,,,,,,
59.0830556,-158.5983333,2013-11-29,1,0,25.0,180.0,,Pastick,,0.0,N,,,,,,
59.0830556,-158.6052778,2013-11-29,1,0,47.0,80.0,,Pastick,,0.0,N,,,,,,
59.0852778,-158.6011111,2013-11-29,1,0,65.0,180.0,,Pastick,,0.0,N,,,,,,
59.0922222,-158.5947222,2013-11-29,1,0,130.0,180.0,,Pastick,,0.0,N,,,,,,
59.1138889,-158.6155556,2013-11-29,1,0,140.0,180.0,,Pastick,,0.0,N,,,,,,
59.1125,-158.6233333,2013-11-29,1,0,145.0,180.0,,Pastick,,0.0,N,,,,,,
59.0744444,-158.5569444,2013-11-29,1,0,80.0,180.0,,Pastick,,0.0,N,,,,,,
59.0780556,-158.5588889,2013-11-29,1,0,100.0,180.0,,Pastick,,0.0,N,,,,,,
59.8322222,-157.4938889,2013-11-29,1,0,80.0,120.0,,Pastick,,0.0,N,,,,,,
59.8316667,-157.4944444,2013-11-29,1,0,42.0,100.0,,Pastick,,0.0,N,,,,,,
59.7888889,-157.4163889,2013-11-29,1,0,125.0,155.0,,Pastick,,0.0,N,,,,,,
59.79,-157.4144444,2013-11-29,1,0,125.0,180.0,,Pastick,,0.0,N,,,,,,
59.7902778,-157.4133333,2013-11-29,1,0,165.0,180.0,,Pastick,,0.0,N,,,,,,
59.7916667,-157.4111111,2013-11-29,1,0,135.0,140.0,,Pastick,,0.0,N,,,,,,
59.7913889,-157.4086111,2013-11-29,1,0,180.0,185.0,,Pastick,,0.0,N,,,,,,
59.7363889,-157.3433333,2013-11-29,1,0,58.0,90.0,,Pastick,,0.0,N,,,,,,
59.7355556,-157.3425,2013-11-29,1,0,52.0,85.0,,Pastick,,0.0,N,,,,,,
59.7361111,-157.3458333,2013-11-29,1,0,95.0,100.0,,Pastick,,0.0,N,,,,,,
59.7327778,-157.35,2013-11-29,1,0,110.0,145.0,,Pastick,,0.0,N,,,,,,
59.7316667,-157.3491667,2013-11-29,1,0,120.0,180.0,,Pastick,,0.0,N,,,,,,
59.7375,-157.2369444,2013-11-29,1,0,51.0,100.0,,Pastick,,0.0,N,,,,,,
59.7408333,-157.2430556,2013-11-29,1,0,83.0,125.0,,Pastick,,0.0,N,,,,,,
59.7413889,-157.2433333,2013-11-29,1,0,110.0,145.0,,Pastick,,0.0,N,,,,,,
59.7427778,-157.2441667,2013-11-29,1,0,140.0,180.0,,Pastick,,0.0,N,,,,,,
59.7433333,-157.2438889,2013-11-29,1,0,50.0,74.0,,Pastick,,0.0,N,,,,,,
59.7177778,-157.1769444,2013-11-29,1,0,92.0,112.0,,Pastick,,0.0,N,,,,,,
59.7186111,-157.1730556,2013-11-29,1,0,170.0,190.0,,Pastick,,0.0,N,,,,,,
59.7191667,-157.1694444,2013-11-29,1,0,135.0,180.0,,Pastick,,0.0,N,,,,,,
59.7205556,-157.1686111,2013-11-29,1,0,172.0,192.0,,Pastick,,0.0,N,,,,,,
59.7222222,-157.1680556,2013-11-29,1,0,130.0,195.0,,Pastick,,0.0,N,,,,,,
59.7158333,-157.1797222,2013-11-29,1,0,50.0,75.0,,Pastick,,0.0,N,,,,,,
59.6641667,-157.1308333,2013-11-29,1,0,57.0,112.0,,Pastick,,0.0,N,,,,,,
59.665,-157.1277778,2013-11-29,1,0,110.0,140.0,,Pastick,,0.0,N,,,,,,
59.6647222,-157.1263889,2013-11-29,1,0,31.0,75.0,,Pastick,,0.0,N,,,,,,
59.6655556,-157.1244444,2013-11-29,1,0,75.0,100.0,,Pastick,,0.0,N,,,,,,
59.6663889,-157.1230556,2013-11-29,1,0,110.0,162.0,,Pastick,,0.0,N,,,,,,
59.6694444,-157.1227778,2013-11-29,1,0,75.0,100.0,,Pastick,,0.0,N,,,,,,
59.6280556,-157.1169444,2013-11-29,1,0,110.0,120.0,,Pastick,,0.0,N,,,,,,
59.6283333,-157.1180556,2013-11-29,1,0,140.0,165.0,,Pastick,,0.0,N,,,,,,
59.6283333,-157.1158333,2013-11-29,1,0,140.0,185.0,,Pastick,,0.0,N,,,,,,
59.6286111,-157.1219444,2013-11-29,1,0,192.0,205.0,,Pastick,,0.0,N,,,,,,
59.6280556,-157.1275,2013-11-29,1,0,2.0,4.0,,Pastick,,0.0,N,,,,,,
59.6275,-157.1297222,2013-11-29,1,0,90.0,180.0,,Pastick,,0.0,N,,,,,,
59.6272222,-157.1302778,2013-11-29,1,0,92.0,190.0,,Pastick,,0.0,N,,,,,,
59.6236111,-157.1275,2013-11-29,1,0,130.0,152.0,,Pastick,,0.0,N,,,,,,
59.6286111,-157.1127778,2013-11-29,1,0,31.0,70.0,,Pastick,,0.0,N,,,,,,
59.5986111,-157.0588889,2013-11-29,1,0,170.0,175.0,,Pastick,,0.0,N,,,,,,
59.6,-157.0563889,2013-11-29,1,0,70.0,180.0,,Pastick,,0.0,N,,,,,,
59.6011111,-157.0547222,2013-11-29,1,0,180.0,182.0,,Pastick,,0.0,N,,,,,,
59.6036111,-157.0497222,2013-11-29,1,0,140.0,180.0,,Pastick,,0.0,N,,,,,,
59.605,-157.0455556,2013-11-29,1,0,75.0,110.0,,Pastick,,0.0,N,,,,,,
59.6030556,-157.0405556,2013-11-29,1,0,115.0,120.0,,Pastick,,0.0,N,,,,,,
59.5486111,-157.0833333,2013-11-29,1,0,100.0,150.0,,Pastick,,0.0,N,,,,,,
59.5486111,-157.0847222,2013-11-29,1,0,120.0,150.0,,Pastick,,0.0,N,,,,,,
59.5486111,-157.0977778,2013-11-29,1,0,60.0,180.0,,Pastick,,0.0,N,,,,,,
59.5508333,-157.1025,2013-11-29,1,0,40.0,120.0,,Pastick,,0.0,N,,,,,,
59.5516667,-157.1041667,2013-11-29,1,0,105.0,180.0,,Pastick,,0.0,N,,,,,,
59.5544444,-157.1186111,2013-11-29,1,0,120.0,150.0,,Pastick,,0.0,N,,,,,,
59.5566667,-157.1194444,2013-11-29,1,0,90.0,170.0,,Pastick,,0.0,N,,,,,,
59.5561111,-157.0905556,2013-11-29,1,0,170.0,180.0,,Pastick,,0.0,N,,,,,,
59.5169444,-157.0947222,2013-11-29,1,0,36.0,165.0,,Pastick,,0.0,N,,,,,,
59.5177778,-157.0927778,2013-11-29,1,0,115.0,140.0,,Pastick,,0.0,N,,,,,,
59.5161111,-157.0872222,2013-11-29,1,0,60.0,125.0,,Pastick,,0.0,N,,,,,,
59.5147222,-157.0836111,2013-11-29,1,0,175.0,180.0,,Pastick,,0.0,N,,,,,,
59.5155556,-157.0766667,2013-11-29,1,0,62.0,120.0,,Pastick,,0.0,N,,,,,,
59.5169444,-157.0713889,2013-11-29,1,0,160.0,180.0,,Pastick,,0.0,N,,,,,,
59.5188889,-157.0711111,2013-11-29,1,0,170.0,180.0,,Pastick,,0.0,N,,,,,,
59.5183333,-157.0761111,2013-11-29,1,0,36.0,80.0,,Pastick,,0.0,N,,,,,,
59.4816667,-157.1577778,2013-11-29,1,0,140.0,180.0,,Pastick,,0.0,N,,,,,,
59.4813889,-157.1591667,2013-11-29,1,0,83.0,85.0,,Pastick,,0.0,N,,,,,,
59.4816667,-157.1602778,2013-11-29,1,0,140.0,180.0,,Pastick,,0.0,N,,,,,,
59.4830556,-157.1627778,2013-11-29,1,0,120.0,130.0,,Pastick,,0.0,N,,,,,,
59.4886111,-157.1730556,2013-11-29,1,0,145.0,170.0,,Pastick,,0.0,N,,,,,,
59.4902778,-157.1747222,2013-11-29,1,0,100.0,120.0,,Pastick,,0.0,N,,,,,,
59.4919444,-157.1811111,2013-11-29,1,0,100.0,180.0,,Pastick,,0.0,N,,,,,,
58.9072222,-157.7191667,2013-11-29,1,0,82.0,180.0,,Pastick,,0.0,N,,,,,,
58.9086111,-157.7166667,2013-11-29,1,0,42.0,180.0,,Pastick,,0.0,N,,,,,,
58.9091667,-157.7163889,2013-11-29,1,0,65.0,180.0,,Pastick,,0.0,N,,,,,,
58.9094444,-157.7161111,2013-11-29,1,0,150.0,180.0,,Pastick,,0.0,N,,,,,,
58.9230556,-157.7,2013-11-29,1,0,165.0,180.0,,Pastick,,0.0,N,,,,,,
58.9202778,-157.6986111,2013-11-29,1,0,140.0,180.0,,Pastick,,0.0,N,,,,,,
58.9177778,-157.7016667,2013-11-29,1,0,145.0,160.0,,Pastick,,0.0,N,,,,,,
58.9161111,-157.7013889,2013-11-29,1,0,30.0,100.0,,Pastick,,0.0,N,,,,,,
58.9180556,-157.7055556,2013-11-29,1,0,50.0,125.0,,Pastick,,0.0,N,,,,,,
58.9122222,-157.71,2013-11-29,1,0,115.0,125.0,,Pastick,,0.0,N,,,,,,
58.9077778,-157.7213889,2013-11-29,1,0,85.0,150.0,,Pastick,,0.0,N,,,,,,
59.0805556,-158.5827778,2013-11-29,1,0,150.0,180.0,,Pastick,,0.0,N,,,,,,
59.0816667,-158.57,2013-11-29,1,0,85.0,182.0,,Pastick,,0.0,N,,,,,,
59.0877778,-158.5830556,2013-11-29,1,0,160.0,180.0,,Pastick,,0.0,N,,,,,,
59.0969444,-158.5880556,2013-11-29,1,0,95.0,180.0,,Pastick,,0.0,N,,,,,,
59.0975,-158.5758333,2013-11-29,1,0,65.0,100.0,,Pastick,,0.0,N,,,,,,
59.5521722,-157.1060333,2013-11-29,1,0,90.0,150.0,,Pastick,,0.0,N,,,,,,
59.5593306,-157.11225,2013-11-29,1,0,160.0,170.0,,Pastick,,0.0,N,,,,,,
59.5600306,-157.105275,2013-11-29,1,0,85.0,100.0,,Pastick,,0.0,N,,,,,,
59.4917972,-157.1770306,2013-11-29,1,0,110.0,180.0,,Pastick,,0.0,N,,,,,,
59.7348944,-157.2024333,2013-11-29,1,0,145.0,210.0,,Pastick,,0.0,N,,,,,,
59.7937222,-157.4323361,2013-11-29,1,0,120.0,180.0,,Pastick,,0.0,N,,,,,,
59.6225444,-157.0584528,2013-11-29,1,0,120.0,140.0,,Pastick,,0.0,N,,,,,,
59.2713889,-157.6386111,2013-11-29,1,0,97.0,140.0,,Pastick,,0.0,N,,,,,,
59.2708333,-157.6352778,2013-11-29,1,0,88.0,120.0,,Pastick,,0.0,N,,,,,,
59.2702778,-157.6341667,2013-11-29,1,0,21.0,105.0,,Pastick,,0.0,N,,,,,,
59.2730556,-157.6225,2013-11-29,1,0,160.0,170.0,,Pastick,,0.0,N,,,,,,
59.2702778,-157.6244444,2013-11-29,1,0,56.0,125.0,,Pastick,,0.0,N,,,,,,
59.2308333,-157.6527778,2013-11-29,1,0,165.0,185.0,,Pastick,,0.0,N,,,,,,
59.2325,-157.6608333,2013-11-29,1,0,37.0,165.0,,Pastick,,0.0,N,,,,,,
59.2325,-157.6566667,2013-11-29,1,0,92.0,170.0,,Pastick,,0.0,N,,,,,,
59.2152778,-157.6277778,2013-11-29,1,0,117.0,130.0,,Pastick,,0.0,N,,,,,,
59.2138889,-157.6363889,2013-11-29,1,0,155.0,170.0,,Pastick,,0.0,N,,,,,,
59.1819444,-157.6994444,2013-11-29,1,0,72.0,120.0,,Pastick,,0.0,N,,,,,,
59.1827778,-157.7016667,2013-11-29,1,0,125.0,180.0,,Pastick,,0.0,N,,,,,,
59.1811111,-157.7058333,2013-11-29,1,0,135.0,170.0,,Pastick,,0.0,N,,,,,,
59.1858333,-157.7033333,2013-11-29,1,0,75.0,120.0,,Pastick,,0.0,N,,,,,,
59.1866667,-157.7111111,2013-11-29,1,0,158.0,170.0,,Pastick,,0.0,N,,,,,,
59.1863889,-157.7161111,2013-11-29,1,0,140.0,170.0,,Pastick,,0.0,N,,,,,,
59.1830556,-157.7116667,2013-11-29,1,0,145.0,155.0,,Pastick,,0.0,N,,,,,,
59.1444444,-157.7252778,2013-11-29,1,0,53.0,110.0,,Pastick,,0.0,N,,,,,,
59.1419444,-157.7338889,2013-11-29,1,0,110.0,170.0,,Pastick,,0.0,N,,,,,,
59.1358333,-157.7441667,2013-11-29,1,0,136.0,180.0,,Pastick,,0.0,N,,,,,,
59.1361111,-157.7455556,2013-11-29,1,0,105.0,155.0,,Pastick,,0.0,N,,,,,,
59.1352778,-157.7433333,2013-11-29,1,0,135.0,150.0,,Pastick,,0.0,N,,,,,,
59.1127778,-157.7422222,2013-11-29,1,0,120.0,180.0,,Pastick,,0.0,N,,,,,,
59.1119444,-157.7405556,2013-11-29,1,0,96.0,125.0,,Pastick,,0.0,N,,,,,,
59.1116667,-157.7377778,2013-11-29,1,0,140.0,155.0,,Pastick,,0.0,N,,,,,,
59.1102778,-157.7355556,2013-11-29,1,0,120.0,145.0,,Pastick,,0.0,N,,,,,,
59.1075,-157.7230556,2013-11-29,1,0,155.0,160.0,,Pastick,,0.0,N,,,,,,
59.1080556,-157.7238889,2013-11-29,1,0,142.0,180.0,,Pastick,,0.0,N,,,,,,
59.1097222,-157.7308333,2014-02-05,1,0,150.0,183.0,,Pastick,,0.0,N,,,,,,
59.0919444,-157.7388889,2013-11-29,1,0,87.0,110.0,,Pastick,,0.0,N,,,,,,
59.0927778,-157.7355556,2013-11-29,1,0,115.0,180.0,,Pastick,,0.0,N,,,,,,
59.0938889,-157.7247222,2013-11-29,1,0,36.0,80.0,,Pastick,,0.0,N,,,,,,
59.0911111,-157.7261111,2013-11-29,1,0,160.0,170.0,,Pastick,,0.0,N,,,,,,
59.0752778,-157.7566667,2013-11-29,1,0,96.0,115.0,,Pastick,,0.0,N,,,,,,
59.0761111,-157.7572222,2013-11-29,1,0,105.0,120.0,,Pastick,,0.0,N,,,,,,
59.0788889,-157.7569444,2013-11-29,1,0,94.0,120.0,,Pastick,,0.0,N,,,,,,
59.0752778,-157.7497222,2013-11-29,1,0,140.0,165.0,,Pastick,,0.0,N,,,,,,
59.0816667,-157.75,2013-11-29,1,0,58.0,110.0,,Pastick,,0.0,N,,,,,,
59.0797222,-157.7486111,2013-11-29,1,0,84.0,120.0,,Pastick,,0.0,N,,,,,,
59.0736111,-157.7563889,2013-11-29,1,0,105.0,140.0,,Pastick,,0.0,N,,,,,,
59.0725,-157.7552778,2013-11-29,1,0,120.0,140.0,,Pastick,,0.0,N,,,,,,
59.0697222,-157.7472222,2013-11-29,1,0,73.0,120.0,,Pastick,,0.0,N,,,,,,
59.0652778,-157.7258333,2013-11-29,1,0,160.0,180.0,,Pastick,,0.0,N,,,,,,
59.0666667,-157.7166667,2013-11-29,1,0,135.0,165.0,,Pastick,,0.0,N,,,,,,
59.0641667,-157.7225,2013-11-29,1,0,150.0,170.0,,Pastick,,0.0,N,,,,,,
59.0636111,-157.7275,2013-11-29,1,0,105.0,165.0,,Pastick,,0.0,N,,,,,,
59.0233333,-157.7613889,2013-11-29,1,0,130.0,180.0,,Pastick,,0.0,N,,,,,,
59.0186111,-157.7444444,2013-11-29,1,0,130.0,150.0,,Pastick,,0.0,N,,,,,,
59.0183333,-157.7480556,2013-11-29,1,0,140.0,180.0,,Pastick,,0.0,N,,,,,,
59.0119444,-157.7447222,2013-11-29,1,0,78.0,120.0,,Pastick,,0.0,N,,,,,,
59.0122222,-157.7436111,2013-11-29,1,0,110.0,120.0,,Pastick,,0.0,N,,,,,,
59.0075,-157.7172222,2013-11-29,1,0,115.0,130.0,,Pastick,,0.0,N,,,,,,
59.0041667,-157.7177778,2013-11-29,1,0,138.0,155.0,,Pastick,,0.0,N,,,,,,
58.9961111,-157.7069444,2013-11-29,1,0,94.0,125.0,,Pastick,,0.0,N,,,,,,
58.9938889,-157.7033333,2013-11-29,1,0,150.0,160.0,,Pastick,,0.0,N,,,,,,
58.9638889,-157.6986111,2013-11-29,1,0,82.0,120.0,,Pastick,,0.0,N,,,,,,
58.9658333,-157.7,2013-11-29,1,0,160.0,170.0,,Pastick,,0.0,N,,,,,,
58.9666667,-157.7013889,2013-11-29,1,0,135.0,160.0,,Pastick,,0.0,N,,,,,,
58.9675,-157.7019444,2013-11-29,1,0,48.0,165.0,,Pastick,,0.0,N,,,,,,
58.9658333,-157.6927778,2013-11-29,1,0,135.0,160.0,,Pastick,,0.0,N,,,,,,
58.9691667,-157.6975,2013-11-29,1,0,110.0,140.0,,Pastick,,0.0,N,,,,,,
58.9688889,-157.6955556,2013-11-29,1,0,84.0,140.0,,Pastick,,0.0,N,,,,,,
60.3888889,-157.6263889,2013-11-29,1,0,38.0,70.0,,Pastick,,0.0,N,,,,,,
60.3888889,-157.6291667,2013-11-29,1,0,82.0,120.0,,Pastick,,0.0,N,,,,,,
60.3825,-157.6486111,2013-11-29,1,0,34.0,100.0,,Pastick,,0.0,N,,,,,,
60.3852778,-157.6580556,2013-11-29,1,0,55.0,85.0,,Pastick,,0.0,N,,,,,,
60.3847222,-157.6625,2013-11-29,1,0,51.0,85.0,,Pastick,,0.0,N,,,,,,
60.2733333,-157.6716667,2013-11-29,1,0,46.0,85.0,,Pastick,,0.0,N,,,,,,
60.4683333,-158.4355556,2013-11-29,1,0,60.0,90.0,,Pastick,,0.0,N,,,,,,
60.4358333,-158.4172222,2013-11-29,1,0,102.0,125.0,,Pastick,,0.0,N,,,,,,
60.415,-158.2677778,2013-11-29,1,0,90.0,108.0,,Pastick,,0.0,N,,,,,,
60.4141667,-158.2675,2013-11-29,1,0,160.0,170.0,,Pastick,,0.0,N,,,,,,
60.3852778,-158.2702778,2013-11-29,1,0,170.0,180.0,,Pastick,,0.0,N,,,,,,
60.4977778,-158.7130556,2013-11-29,1,0,47.0,75.0,,Pastick,,0.0,N,,,,,,
60.4958333,-158.7163889,2013-11-29,1,0,42.0,105.0,,Pastick,,0.0,N,,,,,,
60.4936111,-158.7175,2013-11-29,1,0,72.0,115.0,,Pastick,,0.0,N,,,,,,
60.4925,-158.7183333,2013-11-29,1,0,19.0,80.0,,Pastick,,0.0,N,,,,,,
60.41,-158.5513889,2013-11-29,1,0,28.0,83.0,,Pastick,,0.0,N,,,,,,
60.4063889,-158.5475,2013-11-29,1,0,49.0,80.0,,Pastick,,0.0,N,,,,,,
60.4041667,-158.5452778,2013-11-29,1,0,39.0,145.0,,Pastick,,0.0,N,,,,,,
60.4041667,-158.5463889,2013-11-29,1,0,70.0,105.0,,Pastick,,0.0,N,,,,,,
60.1797222,-157.3866667,2013-11-29,1,0,115.0,165.0,,Pastick,,0.0,N,,,,,,
60.0341667,-157.6125,2013-11-29,1,0,47.0,165.0,,Pastick,,0.0,N,,,,,,
60.6225,-157.3847222,2013-11-29,1,0,23.0,90.0,,Pastick,,0.0,N,,,,,,
60.6222222,-157.3858333,2013-11-29,1,0,45.0,60.0,,Pastick,,0.0,N,,,,,,
60.62,-157.3883333,2013-11-29,1,0,45.0,110.0,,Pastick,,0.0,N,,,,,,
60.6188889,-157.3888889,2013-11-29,1,0,100.0,130.0,,Pastick,,0.0,N,,,,,,
60.6125,-157.3961111,2013-11-29,1,0,55.0,110.0,,Pastick,,0.0,N,,,,,,
60.6133333,-157.3955556,2013-11-29,1,0,100.0,140.0,,Pastick,,0.0,N,,,,,,
60.6097222,-157.3886111,2013-11-29,1,0,78.0,105.0,,Pastick,,0.0,N,,,,,,
60.6080556,-157.3886111,2013-11-29,1,0,160.0,180.0,,Pastick,,0.0,N,,,,,,
60.6277778,-156.9775,2013-11-29,1,0,27.0,71.0,,Pastick,,0.0,N,,,,,,
60.6233333,-156.9805556,2013-11-29,1,0,48.0,88.0,,Pastick,,0.0,N,,,,,,
60.6222222,-156.9861111,2013-11-29,1,0,58.0,74.0,,Pastick,,0.0,N,,,,,,
60.6233333,-156.9858333,2013-11-29,1,0,62.0,115.0,,Pastick,,0.0,N,,,,,,
60.6177778,-156.9919444,2013-11-29,1,0,74.0,80.0,,Pastick,,0.0,N,,,,,,
60.4797222,-158.0544444,2013-11-29,1,0,15.0,18.0,,Pastick,,0.0,N,,,,,,
60.4783333,-158.0530556,2013-11-29,1,0,50.0,100.0,,Pastick,,0.0,N,,,,,,
60.4758333,-158.0502778,2013-11-29,1,0,98.0,115.0,,Pastick,,0.0,N,,,,,,
60.4927778,-158.0508333,2013-11-29,1,0,40.0,110.0,,Pastick,,0.0,N,,,,,,
60.2577778,-157.1586111,2013-11-29,1,0,6.0,78.0,,Pastick,,0.0,N,,,,,,
60.2605556,-157.1586111,2013-11-29,1,0,32.0,80.0,,Pastick,,0.0,N,,,,,,
60.2641667,-157.1575,2013-11-29,1,0,38.0,90.0,,Pastick,,0.0,N,,,,,,
60.2663889,-157.1577778,2013-11-29,1,0,108.0,165.0,,Pastick,,0.0,N,,,,,,
60.2113889,-156.9925,2013-11-29,1,0,59.0,85.0,,Pastick,,0.0,N,,,,,,
60.2144444,-156.99,2013-11-29,1,0,63.0,85.0,,Pastick,,0.0,N,,,,,,
60.2188889,-156.9944444,2013-11-29,1,0,20.0,135.0,,Pastick,,0.0,N,,,,,,
60.2194444,-156.9938889,2013-11-29,1,0,42.0,82.0,,Pastick,,0.0,N,,,,,,
60.2216667,-157.0,2013-11-29,1,0,51.0,76.0,,Pastick,,0.0,N,,,,,,
60.2191667,-157.0052778,2013-11-29,1,0,26.0,80.0,,Pastick,,0.0,N,,,,,,
59.7258333,-157.2802778,2013-11-29,1,0,84.0,140.0,,Pastick,,0.0,N,,,,,,
59.7238889,-157.2791667,2013-11-29,1,0,120.0,160.0,,Pastick,,0.0,N,,,,,,
59.7191667,-157.2808333,2013-11-29,1,0,51.0,62.0,,Pastick,,0.0,N,,,,,,
59.4452778,-157.3147222,2013-11-29,1,0,90.0,90.0,,Pastick,,0.0,N,,,,,,
59.2741667,-157.6469444,2013-11-29,1,0,62.0,130.0,,Pastick,,0.0,N,,,,,,
59.2747222,-157.6477778,2013-11-29,1,0,90.0,175.0,,Pastick,,0.0,N,,,,,,
59.2755556,-157.6491667,2013-11-29,1,0,120.0,130.0,,Pastick,,0.0,N,,,,,,
59.2761111,-157.6547222,2013-11-29,1,0,120.0,180.0,,Pastick,,0.0,N,,,,,,
59.2725,-157.6536111,2013-11-29,1,0,68.0,85.0,,Pastick,,0.0,N,,,,,,
59.26,-157.6316667,2013-11-29,1,0,105.0,120.0,,Pastick,,0.0,N,,,,,,
59.2597222,-157.6202778,2013-11-29,1,0,30.0,180.0,,Pastick,,0.0,N,,,,,,
59.2475,-157.635,2013-11-29,1,0,51.0,85.0,,Pastick,,0.0,N,,,,,,
59.1797222,-157.6902778,2013-11-29,1,0,130.0,155.0,,Pastick,,0.0,N,,,,,,
59.1791667,-157.6897222,2013-11-29,1,0,48.0,92.0,,Pastick,,0.0,N,,,,,,
59.1780556,-157.6855556,2013-11-29,1,0,130.0,180.0,,Pastick,,0.0,N,,,,,,
59.1733333,-157.6608333,2013-11-29,1,0,120.0,122.0,,Pastick,,0.0,N,,,,,,
59.1744444,-157.6969444,2013-11-29,1,0,170.0,180.0,,Pastick,,0.0,N,,,,,,
59.17,-157.7002778,2013-11-29,1,0,105.0,180.0,,Pastick,,0.0,N,,,,,,
59.1422222,-157.7177778,2013-11-29,1,0,90.0,110.0,,Pastick,,0.0,N,,,,,,
59.1191667,-157.7194444,2013-11-29,1,0,62.0,145.0,,Pastick,,0.0,N,,,,,,
59.1183333,-157.7225,2013-11-29,1,0,32.0,85.0,,Pastick,,0.0,N,,,,,,
59.1175,-157.7230556,2013-11-29,1,0,70.0,125.0,,Pastick,,0.0,N,,,,,,
59.1172222,-157.7230556,2013-11-29,1,0,42.0,75.0,,Pastick,,0.0,N,,,,,,
59.1158333,-157.7266667,2013-11-29,1,0,95.0,180.0,,Pastick,,0.0,N,,,,,,
59.105,-157.7644444,2013-11-29,1,0,138.0,160.0,,Pastick,,0.0,N,,,,,,
59.0969444,-157.7736111,2013-11-29,1,0,74.0,100.0,,Pastick,,0.0,N,,,,,,
59.0972222,-157.7725,2013-11-29,1,0,90.0,100.0,,Pastick,,0.0,N,,,,,,
59.0761111,-157.7636111,2013-11-29,1,0,135.0,145.0,,Pastick,,0.0,N,,,,,,
59.0758333,-157.7644444,2013-11-29,1,0,58.0,185.0,,Pastick,,0.0,N,,,,,,
59.0788889,-157.7775,2013-11-29,1,0,140.0,175.0,,Pastick,,0.0,N,,,,,,
59.0791667,-157.7788889,2013-11-29,1,0,110.0,185.0,,Pastick,,0.0,N,,,,,,
59.0783333,-157.7788889,2013-11-29,1,0,110.0,125.0,,Pastick,,0.0,N,,,,,,
59.0769444,-157.7775,2013-11-29,1,0,135.0,185.0,,Pastick,,0.0,N,,,,,,
59.0491667,-157.7630556,2013-11-29,1,0,45.0,90.0,,Pastick,,0.0,N,,,,,,
59.0483333,-157.7694444,2013-11-29,1,0,105.0,185.0,,Pastick,,0.0,N,,,,,,
59.0547222,-157.7669444,2013-11-29,1,0,105.0,190.0,,Pastick,,0.0,N,,,,,,
59.0513889,-157.7608333,2013-11-29,1,0,70.0,185.0,,Pastick,,0.0,N,,,,,,
59.0513889,-157.7591667,2013-11-29,1,0,95.0,180.0,,Pastick,,0.0,N,,,,,,
59.0422222,-157.7325,2013-11-29,1,0,98.0,120.0,,Pastick,,0.0,N,,,,,,
59.0416667,-157.7391667,2013-11-29,1,0,32.0,80.0,,Pastick,,0.0,N,,,,,,
58.9786111,-157.6461111,2013-11-29,1,0,105.0,180.0,,Pastick,,0.0,N,,,,,,
58.9791667,-157.6463889,2013-11-29,1,0,160.0,175.0,,Pastick,,0.0,N,,,,,,
58.9783333,-157.6494444,2013-11-29,1,0,170.0,190.0,,Pastick,,0.0,N,,,,,,
58.9772222,-157.6591667,2013-11-29,1,0,160.0,175.0,,Pastick,,0.0,N,,,,,,
58.9536111,-157.6694444,2013-11-29,1,0,170.0,180.0,,Pastick,,0.0,N,,,,,,
58.9561111,-157.66,2013-11-29,1,0,170.0,180.0,,Pastick,,0.0,N,,,,,,
58.9572222,-157.6613889,2013-11-29,1,0,90.0,180.0,,Pastick,,0.0,N,,,,,,
58.96,-157.6797222,2013-11-29,1,0,90.0,130.0,,Pastick,,0.0,N,,,,,,
58.9616667,-157.6822222,2013-11-29,1,0,70.0,185.0,,Pastick,,0.0,N,,,,,,
58.9625,-157.6833333,2013-11-29,1,0,130.0,180.0,,Pastick,,0.0,N,,,,,,
58.9408333,-157.6911111,2013-11-29,1,0,165.0,180.0,,Pastick,,0.0,N,,,,,,
58.9388889,-157.6919444,2013-11-29,1,0,110.0,180.0,,Pastick,,0.0,N,,,,,,
58.9252778,-157.7108333,2013-11-29,1,0,140.0,175.0,,Pastick,,0.0,N,,,,,,
60.2944444,-158.0269444,2013-11-29,1,0,120.0,130.0,,Pastick,,0.0,N,,,,,,
60.2944444,-158.0247222,2013-11-29,1,0,61.0,83.0,,Pastick,,0.0,N,,,,,,
60.2938889,-158.0136111,2013-11-29,1,0,60.0,135.0,,Pastick,,0.0,N,,,,,,
60.3013889,-158.0011111,2013-11-29,1,0,90.0,100.0,,Pastick,,0.0,N,,,,,,
60.3052778,-158.0016667,2013-11-29,1,0,55.0,90.0,,Pastick,,0.0,N,,,,,,
60.3713889,-157.9072222,2013-11-29,1,0,120.0,140.0,,Pastick,,0.0,N,,,,,,
60.3708333,-157.9088889,2013-11-29,1,0,70.0,120.0,,Pastick,,0.0,N,,,,,,
60.3713889,-157.9008333,2013-11-29,1,0,140.0,140.0,,Pastick,,0.0,N,,,,,,
60.3722222,-157.8975,2013-11-29,1,0,50.0,65.0,,Pastick,,0.0,N,,,,,,
60.3830556,-157.8519444,2013-11-29,1,0,41.0,70.0,,Pastick,,0.0,N,,,,,,
60.3825,-157.8527778,2013-11-29,1,0,55.0,83.0,,Pastick,,0.0,N,,,,,,
60.3808333,-157.8536111,2013-11-29,1,0,100.0,132.0,,Pastick,,0.0,N,,,,,,
60.2430556,-157.7719444,2013-11-29,1,0,85.0,100.0,,Pastick,,0.0,N,,,,,,
60.2455556,-157.7683333,2013-11-29,1,0,35.0,80.0,,Pastick,,0.0,N,,,,,,
60.2488889,-157.7694444,2013-11-29,1,0,17.0,68.0,,Pastick,,0.0,N,,,,,,
60.25,-157.7658333,2013-11-29,1,0,80.0,97.0,,Pastick,,0.0,N,,,,,,
60.2502778,-157.7602778,2013-11-29,1,0,25.0,80.0,,Pastick,,0.0,N,,,,,,
60.2536111,-157.7597222,2013-11-29,1,0,70.0,138.0,,Pastick,,0.0,N,,,,,,
60.2541667,-157.7572222,2013-11-29,1,0,50.0,80.0,,Pastick,,0.0,N,,,,,,
59.94,-157.5372222,2013-11-29,1,0,130.0,165.0,,Pastick,,0.0,N,,,,,,
59.9388889,-157.5369444,2013-11-29,1,0,125.0,165.0,,Pastick,,0.0,N,,,,,,
59.9425,-157.5383333,2013-11-29,1,0,160.0,180.0,,Pastick,,0.0,N,,,,,,
60.7413889,-157.4541667,2013-11-29,1,0,55.0,105.0,,Pastick,,0.0,N,,,,,,
60.7427778,-157.4597222,2013-11-29,1,0,105.0,160.0,,Pastick,,0.0,N,,,,,,
60.7430556,-157.4613889,2013-11-29,1,0,92.0,100.0,,Pastick,,0.0,N,,,,,,
60.7430556,-157.4816667,2013-11-29,1,0,95.0,102.0,,Pastick,,0.0,N,,,,,,
60.3594444,-157.1383333,2013-11-29,1,0,63.0,80.0,,Pastick,,0.0,N,,,,,,
60.3583333,-157.1397222,2013-11-29,1,0,62.0,100.0,,Pastick,,0.0,N,,,,,,
60.3580556,-157.1419444,2013-11-29,1,0,52.0,95.0,,Pastick,,0.0,N,,,,,,
60.3566667,-157.1477778,2013-11-29,1,0,70.0,100.0,,Pastick,,0.0,N,,,,,,
60.3561111,-157.1541667,2013-11-29,1,0,160.0,180.0,,Pastick,,0.0,N,,,,,,
60.4047222,-157.2177778,2013-11-29,1,0,80.0,120.0,,Pastick,,0.0,N,,,,,,
60.4055556,-157.2191667,2013-11-29,1,0,50.0,80.0,,Pastick,,0.0,N,,,,,,
60.0552778,-157.7847222,2013-11-29,1,0,42.0,90.0,,Pastick,,0.0,N,,,,,,
60.055,-157.7833333,2013-11-29,1,0,90.0,91.0,,Pastick,,0.0,N,,,,,,
60.0538889,-157.83,2013-11-29,1,0,160.0,185.0,,Pastick,,0.0,N,,,,,,
60.0533333,-157.8411111,2013-11-29,1,0,150.0,185.0,,Pastick,,0.0,N,,,,,,
60.0527778,-157.845,2013-11-29,1,0,160.0,185.0,,Pastick,,0.0,N,,,,,,
60.0738889,-157.9513889,2013-11-29,1,0,42.0,95.0,,Pastick,,0.0,N,,,,,,
60.0763889,-157.9522222,2013-11-29,1,0,140.0,185.0,,Pastick,,0.0,N,,,,,,
60.0761111,-157.9577778,2013-11-29,1,0,150.0,185.0,,Pastick,,0.0,N,,,,,,
60.5386111,-156.7125,2013-11-29,1,0,59.0,80.0,,Pastick,,0.0,N,,,,,,
60.5363889,-156.7258333,2013-11-29,1,0,120.0,155.0,,Pastick,,0.0,N,,,,,,
60.5375,-156.7327778,2013-11-29,1,0,40.0,90.0,,Pastick,,0.0,N,,,,,,
60.5383333,-156.7405556,2013-11-29,1,0,120.0,185.0,,Pastick,,0.0,N,,,,,,
60.54,-156.7461111,2013-11-29,1,0,32.0,120.0,,Pastick,,0.0,N,,,,,,
59.7241667,-157.2736111,2013-11-29,1,0,42.0,180.0,,Pastick,,0.0,N,,,,,,
59.7252778,-157.275,2013-11-29,1,0,110.0,180.0,,Pastick,,0.0,N,,,,,,
59.7166667,-157.3130556,2013-11-29,1,0,140.0,185.0,,Pastick,,0.0,N,,,,,,
59.7144444,-157.3108333,2013-11-29,1,0,140.0,185.0,,Pastick,,0.0,N,,,,,,
59.7147222,-157.3094444,2013-11-29,1,0,51.0,95.0,,Pastick,,0.0,N,,,,,,
59.7152778,-157.3088889,2013-11-29,1,0,100.0,185.0,,Pastick,,0.0,N,,,,,,
59.9036111,-155.4541667,2013-11-29,1,0,84.0,107.0,,Pastick,,0.0,N,,,,,,
59.9052778,-155.4519444,2013-11-29,1,0,63.0,63.0,,Pastick,,0.0,N,,,,,,
59.9136111,-155.4361111,2013-11-29,1,0,38.0,66.0,,Pastick,,0.0,N,,,,,,
59.915,-155.4305556,2013-11-29,1,0,33.0,72.0,,Pastick,,0.0,N,,,,,,
59.9091667,-155.4469444,2013-11-29,1,0,66.0,114.0,,Pastick,,0.0,N,,,,,,
59.9116667,-155.4408333,2013-11-29,1,0,66.0,98.0,,Pastick,,0.0,N,,,,,,
60.3211111,-155.7680556,2013-11-29,1,0,43.0,43.0,,Pastick,,0.0,N,,,,,,
60.3208333,-155.7666667,2013-11-29,1,0,44.0,75.0,,Pastick,,0.0,N,,,,,,
60.3202778,-155.7625,2013-11-29,1,0,37.0,92.0,,Pastick,,0.0,N,,,,,,
60.3183333,-155.7577778,2013-11-29,1,0,47.0,77.0,,Pastick,,0.0,N,,,,,,
60.3175,-155.7547222,2013-11-29,1,0,39.0,55.0,,Pastick,,0.0,N,,,,,,
60.3152778,-155.7505556,2013-11-29,1,0,60.0,130.0,,Pastick,,0.0,N,,,,,,
60.3147222,-155.7416667,2013-11-29,1,0,55.0,55.0,,Pastick,,0.0,N,,,,,,
60.3136111,-155.7391667,2013-11-29,1,0,52.0,100.0,,Pastick,,0.0,N,,,,,,
60.8172222,-154.7694444,2013-11-29,1,0,10.0,77.0,,Pastick,,0.0,N,,,,,,
60.8208333,-154.7736111,2013-11-29,1,0,48.0,82.0,,Pastick,,0.0,N,,,,,,
60.8308333,-154.7741667,2013-11-29,1,0,59.0,86.0,,Pastick,,0.0,N,,,,,,
60.8216667,-154.8980556,2013-11-29,1,0,57.0,102.0,,Pastick,,0.0,N,,,,,,
60.8183333,-154.9025,2013-11-29,1,0,35.0,63.0,,Pastick,,0.0,N,,,,,,
60.8119444,-154.9047222,2013-11-29,1,0,26.0,78.0,,Pastick,,0.0,N,,,,,,
60.7158333,-154.6294444,2013-11-29,1,0,31.0,73.0,,Pastick,,0.0,N,,,,,,
60.7161111,-154.6338889,2013-11-29,1,0,12.0,68.0,,Pastick,,0.0,N,,,,,,
60.7166667,-154.6394444,2013-11-29,1,0,14.0,62.0,,Pastick,,0.0,N,,,,,,
60.7172222,-154.6416667,2013-11-29,1,0,11.0,65.0,,Pastick,,0.0,N,,,,,,
60.7180556,-154.6444444,2013-11-29,1,0,52.0,71.0,,Pastick,,0.0,N,,,,,,
60.7177778,-154.6477778,2013-11-29,1,0,57.0,69.0,,Pastick,,0.0,N,,,,,,
60.7222222,-154.6638889,2013-11-29,1,0,38.0,57.0,,Pastick,,0.0,N,,,,,,
60.7211111,-154.6625,2013-11-29,1,0,64.0,64.0,,Pastick,,0.0,N,,,,,,
60.255,-156.6269444,2013-11-29,1,0,37.0,50.0,,Pastick,,0.0,N,,,,,,
60.2527778,-156.6280556,2013-11-29,1,0,39.0,97.0,,Pastick,,0.0,N,,,,,,
60.25,-156.6313889,2013-11-29,1,0,41.0,102.0,,Pastick,,0.0,N,,,,,,
60.2458333,-156.6336111,2013-11-29,1,0,90.0,120.0,,Pastick,,0.0,N,,,,,,
60.2422222,-156.6386111,2013-11-29,1,0,63.0,88.0,,Pastick,,0.0,N,,,,,,
60.2402778,-156.6369444,2013-11-29,1,0,48.0,80.0,,Pastick,,0.0,N,,,,,,
60.2369444,-156.6377778,2013-11-29,1,0,129.0,135.0,,Pastick,,0.0,N,,,,,,
60.6669444,-154.73,2013-11-29,1,0,43.0,62.0,,Pastick,,0.0,N,,,,,,
60.6658333,-154.7325,2013-11-29,1,0,67.0,90.0,,Pastick,,0.0,N,,,,,,
60.6655556,-154.7352778,2013-11-29,1,0,38.0,68.0,,Pastick,,0.0,N,,,,,,
60.6652778,-154.7372222,2013-11-29,1,0,65.0,180.0,,Pastick,,0.0,N,,,,,,
60.6591667,-154.7463889,2013-11-29,1,0,51.0,180.0,,Pastick,,0.0,N,,,,,,
60.7313889,-154.7491667,2013-11-29,1,0,31.0,58.0,,Pastick,,0.0,N,,,,,,
60.7280556,-154.7519444,2013-11-29,1,0,58.0,70.0,,Pastick,,0.0,N,,,,,,
60.7241667,-154.7561111,2013-11-29,1,0,42.0,55.0,,Pastick,,0.0,N,,,,,,
60.7202778,-154.7588889,2013-11-29,1,0,34.0,70.0,,Pastick,,0.0,N,,,,,,
60.5927778,-155.035,2013-11-29,1,0,69.0,77.0,,Pastick,,0.0,N,,,,,,
60.5933333,-155.0352778,2013-11-29,1,0,23.0,78.0,,Pastick,,0.0,N,,,,,,
60.5936111,-155.0355556,2013-11-29,1,0,18.0,84.0,,Pastick,,0.0,N,,,,,,
60.5938889,-155.0355556,2013-11-29,1,0,39.0,59.0,,Pastick,,0.0,N,,,,,,
60.5941667,-155.035,2013-11-29,1,0,9.0,20.0,,Pastick,,0.0,N,,,,,,
60.5944444,-155.035,2013-11-29,1,0,7.0,70.0,,Pastick,,0.0,N,,,,,,
60.5969444,-155.1669444,2013-12-06,1,0,36.0,61.0,,Pastick,,0.0,N,,,,,,
60.5966667,-155.1669444,2013-11-29,1,0,2.0,60.0,,Pastick,,0.0,N,,,,,,
60.5958333,-155.1675,2013-11-29,1,0,18.0,200.0,,Pastick,,0.0,N,,,,,,
60.6388889,-155.0305556,2013-11-29,1,0,175.0,180.0,,Pastick,,0.0,N,,,,,,
60.6352778,-155.0338889,2013-11-29,1,0,46.0,73.0,,Pastick,,0.0,N,,,,,,
60.6325,-155.0363889,2013-11-29,1,0,43.0,75.0,,Pastick,,0.0,N,,,,,,
60.5838889,-155.5455556,2013-11-29,1,0,41.0,69.0,,Pastick,,0.0,N,,,,,,
60.585,-155.5425,2013-11-29,1,0,50.0,80.0,,Pastick,,0.0,N,,,,,,
60.5869444,-155.5397222,2013-11-29,1,0,70.0,112.0,,Pastick,,0.0,N,,,,,,
60.3966667,-156.1591667,2013-11-29,1,0,38.0,78.0,,Pastick,,0.0,N,,,,,,
60.3969444,-156.1575,2013-11-29,1,0,59.0,120.0,,Pastick,,0.0,N,,,,,,
60.3977778,-156.1538889,2013-11-29,1,0,68.0,71.0,,Pastick,,0.0,N,,,,,,
59.8636111,-156.3297222,2013-11-29,1,0,105.0,125.0,,Pastick,,0.0,N,,,,,,
59.8638889,-156.3319444,2013-11-29,1,0,150.0,165.0,,Pastick,,0.0,N,,,,,,
59.8652778,-156.3369444,2013-11-29,1,0,18.0,60.0,,Pastick,,0.0,N,,,,,,
59.8686111,-156.3319444,2013-11-29,1,0,110.0,140.0,,Pastick,,0.0,N,,,,,,
59.875,-156.3225,2013-11-29,1,0,110.0,140.0,,Pastick,,0.0,N,,,,,,
59.8772222,-156.3208333,2013-11-29,1,0,59.0,165.0,,Pastick,,0.0,N,,,,,,
59.885,-156.3488889,2013-11-29,1,0,77.0,90.0,,Pastick,,0.0,N,,,,,,
59.9722222,-155.9691667,2013-11-29,1,0,63.0,63.0,,Pastick,,0.0,N,,,,,,
59.9738889,-155.9669444,2013-11-29,1,0,60.0,100.0,,Pastick,,0.0,N,,,,,,
59.9755556,-155.9716667,2013-11-29,1,0,58.0,83.0,,Pastick,,0.0,N,,,,,,
60.0533333,-156.0147222,2013-11-29,1,0,76.0,100.0,,Pastick,,0.0,N,,,,,,
60.0522222,-156.0127778,2013-11-29,1,0,55.0,85.0,,Pastick,,0.0,N,,,,,,
60.0497222,-156.0086111,2013-11-29,1,0,62.0,85.0,,Pastick,,0.0,N,,,,,,
60.0472222,-156.0033333,2013-11-29,1,0,42.0,75.0,,Pastick,,0.0,N,,,,,,
60.0469444,-156.0033333,2013-11-29,1,0,26.0,100.0,,Pastick,,0.0,N,,,,,,
60.6958333,-155.1569444,2013-11-29,1,0,145.0,170.0,,Pastick,,0.0,N,,,,,,
60.6969444,-155.1586111,2013-11-29,1,0,115.0,170.0,,Pastick,,0.0,N,,,,,,
60.7038889,-155.1638889,2013-11-29,1,0,40.0,80.0,,Pastick,,0.0,N,,,,,,
60.8461111,-155.1752778,2013-11-29,1,0,52.0,152.0,,Pastick,,0.0,N,,,,,,
60.8486111,-155.1755556,2013-11-29,1,0,95.0,110.0,,Pastick,,0.0,N,,,,,,
60.8408333,-155.1652778,2013-11-29,1,0,38.0,82.0,,Pastick,,0.0,N,,,,,,
60.8402778,-155.165,2013-11-29,1,0,46.0,100.0,,Pastick,,0.0,N,,,,,,
60.8380556,-155.1625,2013-11-29,1,0,70.0,95.0,,Pastick,,0.0,N,,,,,,
60.8375,-155.1597222,2013-11-29,1,0,78.0,170.0,,Pastick,,0.0,N,,,,,,
60.8372222,-155.1602778,2013-11-29,1,0,70.0,100.0,,Pastick,,0.0,N,,,,,,
60.4675,-154.9980556,2013-11-29,1,0,49.0,49.0,,Pastick,,0.0,N,,,,,,
60.4727778,-154.9997222,2013-11-29,1,0,39.0,85.0,,Pastick,,0.0,N,,,,,,
60.4744444,-154.9994444,2013-11-29,1,0,45.0,82.0,,Pastick,,0.0,N,,,,,,
60.48,-155.0122222,2013-11-29,1,0,75.0,95.0,,Pastick,,0.0,N,,,,,,
60.4794444,-155.0111111,2013-11-29,1,0,30.0,80.0,,Pastick,,0.0,N,,,,,,
59.8891667,-156.0213889,2013-11-29,1,0,115.0,130.0,,Pastick,,0.0,N,,,,,,
59.8875,-156.0161111,2013-11-29,1,0,40.0,80.0,,Pastick,,0.0,N,,,,,,
59.8930556,-156.015,2013-11-29,1,0,50.0,95.0,,Pastick,,0.0,N,,,,,,
60.5866667,-154.5708333,2013-11-29,1,0,78.0,85.0,,Pastick,,0.0,N,,,,,,
60.5861111,-154.5716667,2013-11-29,1,0,55.0,65.0,,Pastick,,0.0,N,,,,,,
60.5841667,-154.5755556,2013-11-29,1,0,62.0,75.0,,Pastick,,0.0,N,,,,,,
60.5825,-154.5775,2013-11-29,1,0,75.0,95.0,,Pastick,,0.0,N,,,,,,
60.5825,-154.5763889,2013-11-29,1,0,170.0,185.0,,Pastick,,0.0,N,,,,,,
60.5811111,-154.5727778,2013-11-29,1,0,47.0,85.0,,Pastick,,0.0,N,,,,,,
60.5766667,-154.56,2013-11-29,1,0,85.0,100.0,,Pastick,,0.0,N,,,,,,
60.4791667,-155.3886111,2013-11-29,1,0,85.0,95.0,,Pastick,,0.0,N,,,,,,
60.4797222,-155.3855556,2013-11-29,1,0,75.0,95.0,,Pastick,,0.0,N,,,,,,
60.4047222,-155.4075,2013-11-29,1,0,115.0,180.0,,Pastick,,0.0,N,,,,,,
60.4072222,-155.4080556,2013-11-29,1,0,62.0,85.0,,Pastick,,0.0,N,,,,,,
60.4069444,-155.4066667,2013-11-29,1,0,30.0,75.0,,Pastick,,0.0,N,,,,,,
60.4033333,-155.4033333,2013-11-29,1,0,45.0,75.0,,Pastick,,0.0,N,,,,,,
60.4038889,-155.4041667,2013-11-29,1,0,68.0,80.0,,Pastick,,0.0,N,,,,,,
60.5225,-156.0002778,2013-11-29,1,0,18.0,45.0,,Pastick,,0.0,N,,,,,,
60.5233333,-155.9947222,2013-11-29,1,0,98.0,110.0,,Pastick,,0.0,N,,,,,,
60.5269444,-155.9980556,2013-11-29,1,0,63.0,63.0,,Pastick,,0.0,N,,,,,,
60.5311111,-155.9944444,2013-11-29,1,0,45.0,100.0,,Pastick,,0.0,N,,,,,,
60.5336111,-155.9930556,2013-11-29,1,0,40.0,80.0,,Pastick,,0.0,N,,,,,,
60.5327778,-155.9922222,2013-11-29,1,0,52.0,75.0,,Pastick,,0.0,N,,,,,,
60.5311111,-155.9905556,2013-11-29,1,0,72.0,90.0,,Pastick,,0.0,N,,,,,,
60.1519444,-158.0244444,2013-11-29,1,0,45.0,80.0,,Pastick,,0.0,N,,,,,,
60.1472222,-158.0186111,2013-11-29,1,0,75.0,110.0,,Pastick,,0.0,N,,,,,,
60.1447222,-158.0144444,2013-11-29,1,0,43.0,90.0,,Pastick,,0.0,N,,,,,,
60.135,-158.0038889,2013-11-29,1,0,60.0,110.0,,Pastick,,0.0,N,,,,,,
60.0886111,-157.4936111,2013-11-29,1,0,60.0,140.0,,Pastick,,0.0,N,,,,,,
60.0861111,-157.4944444,2013-11-29,1,0,96.0,166.0,,Pastick,,0.0,N,,,,,,
60.0827778,-157.4963889,2013-11-29,1,0,110.0,180.0,,Pastick,,0.0,N,,,,,,
60.0822222,-157.4983333,2013-11-29,1,0,33.0,110.0,,Pastick,,0.0,N,,,,,,
60.5738889,-157.6036111,2013-11-29,1,0,30.0,50.0,,Pastick,,0.0,N,,,,,,
60.575,-157.6058333,2013-11-29,1,0,50.0,70.0,,Pastick,,0.0,N,,,,,,
60.5766667,-157.6063889,2013-11-29,1,0,60.0,85.0,,Pastick,,0.0,N,,,,,,
60.5788889,-157.6066667,2013-11-29,1,0,70.0,80.0,,Pastick,,0.0,N,,,,,,
60.2169444,-158.4072222,2013-11-29,1,0,35.0,60.0,,Pastick,,0.0,N,,,,,,
60.2316667,-158.4111111,2013-11-29,1,0,60.0,80.0,,Pastick,,0.0,N,,,,,,
60.2330556,-158.4072222,2013-11-29,1,0,60.0,100.0,,Pastick,,0.0,N,,,,,,
60.2347222,-158.4025,2013-11-29,1,0,65.0,70.0,,Pastick,,0.0,N,,,,,,
60.2391667,-158.3969444,2013-11-29,1,0,20.0,80.0,,Pastick,,0.0,N,,,,,,
60.3230556,-156.8327778,2013-11-29,1,0,50.0,80.0,,Pastick,,0.0,N,,,,,,
60.3238889,-156.8283333,2013-11-29,1,0,80.0,130.0,,Pastick,,0.0,N,,,,,,
60.3269444,-156.8272222,2013-11-29,1,0,110.0,130.0,,Pastick,,0.0,N,,,,,,
60.3280556,-156.8286111,2013-11-29,1,0,38.0,140.0,,Pastick,,0.0,N,,,,,,
60.6019444,-157.3811111,2013-11-29,1,0,150.0,165.0,,Pastick,,0.0,N,,,,,,
60.3966667,-156.1608333,2013-11-29,1,0,7.0,39.0,,Pastick,,0.0,N,,,,,,
60.5797222,-157.6083333,2013-11-29,1,0,65.0,80.0,,Pastick,,0.0,N,,,,,,
60.5369444,-156.7211111,2013-11-29,1,0,71.0,90.0,,Pastick,,0.0,N,,,,,,
60.5344444,-156.7475,2013-11-29,1,0,45.0,102.0,,Pastick,,0.0,N,,,,,,
58.9975,-158.5469444,2013-11-29,1,0,80.0,155.0,,Pastick,,0.0,N,,,,,,
58.9961111,-158.5413889,2013-11-29,1,0,115.0,270.0,,Pastick,,0.0,N,,,,,,
58.9933333,-158.5433333,2013-11-29,1,0,98.0,180.0,,Pastick,,0.0,N,,,,,,
59.0047222,-158.5558333,2013-11-29,1,0,90.0,200.0,,Pastick,,0.0,N,,,,,,
59.0047222,-158.5541667,2013-11-29,1,0,125.0,170.0,,Pastick,,0.0,N,,,,,,
59.0072222,-158.5594444,2013-11-29,1,0,360.0,370.0,,Pastick,,0.0,N,,,,,,
59.0116667,-158.56,2013-11-29,1,0,130.0,175.0,,Pastick,,0.0,N,,,,,,
59.0155556,-158.5622222,2013-11-29,1,0,120.0,190.0,,Pastick,,0.0,N,,,,,,
59.085,-158.535,2013-11-29,1,0,170.0,190.0,,Pastick,,0.0,N,,,,,,
59.0902778,-158.5461111,2013-11-29,1,0,70.0,100.0,,Pastick,,0.0,N,,,,,,
59.0730556,-158.4866667,2013-11-29,1,0,50.0,100.0,,Pastick,,0.0,N,,,,,,
59.0736111,-158.4852778,2013-11-29,1,0,95.0,170.0,,Pastick,,0.0,N,,,,,,
59.0763889,-158.4752778,2013-11-29,1,0,180.0,320.0,,Pastick,,0.0,N,,,,,,
59.0794444,-158.4738889,2013-11-29,1,0,102.0,120.0,,Pastick,,0.0,N,,,,,,
59.0808333,-158.4694444,2013-11-29,1,0,62.0,120.0,,Pastick,,0.0,N,,,,,,
59.0836111,-158.5505556,2013-11-29,1,0,61.0,180.0,,Pastick,,0.0,N,,,,,,
59.0441667,-158.4827778,2013-11-29,1,0,5.0,185.0,,Pastick,,0.0,N,,,,,,
59.0038889,-158.5819444,2013-11-29,1,0,160.0,175.0,,Pastick,,0.0,N,,,,,,
59.0763889,-158.565,2013-11-29,1,0,170.0,190.0,,Pastick,,0.0,N,,,,,,
59.0394444,-158.4611111,2013-11-29,1,0,60.0,190.0,,Pastick,,0.0,N,,,,,,
59.0838889,-158.4941667,2013-11-29,1,0,47.0,190.0,,Pastick,,0.0,N,,,,,,
58.8991667,-157.7533333,2013-11-29,1,0,140.0,170.0,,Pastick,,0.0,N,,,,,,
58.975,-157.7238889,2013-11-29,1,0,34.0,100.0,,Pastick,,0.0,N,,,,,,
58.9747222,-157.7255556,2013-11-29,1,0,52.0,115.0,,Pastick,,0.0,N,,,,,,
58.9522222,-157.7361111,2013-11-29,1,0,42.0,90.0,,Pastick,,0.0,N,,,,,,
58.9538889,-157.7416667,2013-11-29,1,0,78.0,152.0,,Pastick,,0.0,N,,,,,,
58.9147222,-157.8661111,2013-11-29,1,0,85.0,180.0,,Pastick,,0.0,N,,,,,,
58.9152778,-157.8683333,2013-11-29,1,0,125.0,180.0,,Pastick,,0.0,N,,,,,,
58.8941667,-157.8627778,2013-11-29,1,0,170.0,190.0,,Pastick,,0.0,N,,,,,,
58.9394444,-157.7194444,2013-11-29,1,0,125.0,180.0,,Pastick,,0.0,N,,,,,,
58.9227778,-157.7586111,2013-11-29,1,0,125.0,145.0,,Pastick,,0.0,N,,,,,,
58.915,-157.7619444,2013-11-29,1,0,65.0,155.0,,Pastick,,0.0,N,,,,,,
58.8941667,-157.8411111,2013-11-29,1,0,140.0,180.0,,Pastick,,0.0,N,,,,,,
58.8972222,-157.8502778,2013-11-29,1,0,60.0,180.0,,Pastick,,0.0,N,,,,,,
58.8955556,-157.8480556,2013-11-29,1,0,67.0,180.0,,Pastick,,0.0,N,,,,,,
59.0058333,-158.5719444,2013-11-29,1,0,125.0,190.0,,Pastick,,0.0,N,,,,,,
59.0055556,-158.5708333,2013-11-29,1,0,68.0,190.0,,Pastick,,0.0,N,,,,,,
59.0347222,-158.1897222,2013-11-29,1,0,130.0,190.0,,Pastick,,0.0,N,,,,,,
59.0355556,-158.1905556,2013-11-29,1,0,25.0,25.0,,Pastick,,0.0,N,,,,,,
59.4555556,-157.3808333,2013-11-29,1,0,100.0,190.0,,Pastick,,0.0,N,,,,,,
59.455,-157.3811111,2013-11-29,1,0,130.0,180.0,,Pastick,,0.0,N,,,,,,
59.4369444,-157.3669444,2013-11-29,1,0,150.0,185.0,,Pastick,,0.0,N,,,,,,
59.4283333,-157.3566667,2013-11-29,1,0,102.0,145.0,,Pastick,,0.0,N,,,,,,
59.4430556,-157.3608333,2013-11-29,1,0,105.0,140.0,,Pastick,,0.0,N,,,,,,
59.4588889,-157.3383333,2014-02-03,1,0,115.0,190.0,,Pastick,,0.0,N,,,,,,
59.4602778,-157.3405556,2013-11-29,1,0,110.0,155.0,,Pastick,,0.0,N,,,,,,
59.4608333,-157.35,2013-11-29,1,0,78.0,100.0,,Pastick,,0.0,N,,,,,,
59.46,-157.3472222,2013-11-29,1,0,170.0,190.0,,Pastick,,0.0,N,,,,,,
59.4588889,-157.2741667,2013-11-29,1,0,33.0,70.0,,Pastick,,0.0,N,,,,,,
59.4563889,-157.2769444,2013-11-29,1,0,95.0,160.0,,Pastick,,0.0,N,,,,,,
59.4605556,-157.2747222,2013-11-29,1,0,120.0,160.0,,Pastick,,0.0,N,,,,,,
59.3058333,-157.5905556,2014-02-04,1,0,150.0,175.0,,Pastick,,0.0,N,,,,,,
59.3036111,-157.5908333,2013-11-29,1,0,120.0,135.0,,Pastick,,0.0,N,,,,,,
59.3455556,-157.44,2013-11-29,1,0,95.0,115.0,,Pastick,,0.0,N,,,,,,
59.3461111,-157.4386111,2013-11-29,1,0,140.0,150.0,,Pastick,,0.0,N,,,,,,
59.4125,-157.3063889,2013-11-29,1,0,65.0,65.0,,Pastick,,0.0,N,,,,,,
59.4541667,-157.3322222,2013-11-29,1,0,160.0,190.0,,Pastick,,0.0,N,,,,,,
59.4558333,-157.3369444,2013-11-29,1,0,39.0,190.0,,Pastick,,0.0,N,,,,,,
59.8080556,-158.0713889,2013-11-29,1,0,95.0,120.0,,Pastick,,0.0,N,,,,,,
59.8077778,-158.0716667,2013-11-29,1,0,110.0,148.0,,Pastick,,0.0,N,,,,,,
59.8086111,-158.0727778,2013-11-29,1,0,120.0,155.0,,Pastick,,0.0,N,,,,,,
60.545,-154.6316667,2013-11-29,1,0,58.0,58.0,,Pastick,,0.0,N,,,,,,
60.5436111,-154.6313889,2013-11-29,1,0,50.0,105.0,,Pastick,,0.0,N,,,,,,
60.5472222,-154.6319444,2013-11-29,1,0,68.0,85.0,,Pastick,,0.0,N,,,,,,
59.6569444,-156.1877778,2013-11-29,1,0,60.0,140.0,,Pastick,,0.0,N,,,,,,
59.6638889,-156.1922222,2013-11-29,1,0,95.0,120.0,,Pastick,,0.0,N,,,,,,
59.6672222,-156.1961111,2013-11-29,1,0,110.0,190.0,,Pastick,,0.0,N,,,,,,
59.6677778,-156.1944444,2013-11-29,1,0,140.0,190.0,,Pastick,,0.0,N,,,,,,
59.6702778,-156.1977778,2013-11-29,1,0,110.0,120.0,,Pastick,,0.0,N,,,,,,
59.6725,-156.2008333,2013-11-29,1,0,110.0,118.0,,Pastick,,0.0,N,,,,,,
60.435,-155.7333333,2013-11-29,1,0,95.0,110.0,,Pastick,,0.0,N,,,,,,
60.4380556,-155.7372222,2013-11-29,1,0,79.0,110.0,,Pastick,,0.0,N,,,,,,
60.4452778,-155.7452778,2013-11-29,1,0,105.0,150.0,,Pastick,,0.0,N,,,,,,
60.4438889,-155.7452778,2013-11-29,1,0,67.0,100.0,,Pastick,,0.0,N,,,,,,
60.4408333,-155.7413889,2013-11-29,1,0,140.0,160.0,,Pastick,,0.0,N,,,,,,
59.4447222,-157.3283333,2013-11-29,1,0,90.0,115.0,,Pastick,,0.0,N,,,,,,
59.4388889,-157.3275,2013-11-29,1,0,175.0,180.0,,Pastick,,0.0,N,,,,,,
59.4325,-157.3427778,2013-11-29,1,0,100.0,150.0,,Pastick,,0.0,N,,,,,,
59.4361111,-157.325,2013-11-29,1,0,46.0,130.0,,Pastick,,0.0,N,,,,,,
59.7708333,-158.395,2013-11-29,1,0,37.0,85.0,,Pastick,,0.0,N,,,,,,
59.7702778,-158.3783333,2013-11-29,1,0,110.0,115.0,,Pastick,,0.0,N,,,,,,
59.7719444,-158.3747222,2013-11-29,1,0,38.0,100.0,,Pastick,,0.0,N,,,,,,
59.8830556,-155.6005556,2013-11-29,1,0,34.0,152.0,,Pastick,,0.0,N,,,,,,
58.9233333,-157.3836111,2013-11-29,1,0,18.0,100.0,,Pastick,,0.0,N,,,,,,
59.8983333,-157.7525,2013-11-29,1,0,80.0,150.0,,Pastick,,0.0,N,,,,,,
59.9041667,-157.76,2013-11-29,1,0,64.0,80.0,,Pastick,,0.0,N,,,,,,
59.4666667,-157.3219444,2013-11-29,1,0,130.0,190.0,,Pastick,,0.0,N,,,,,,
59.4641667,-157.3336111,2013-11-29,1,0,62.0,180.0,,Pastick,,0.0,N,,,,,,
59.4552778,-157.315,2013-11-29,1,0,24.0,100.0,,Pastick,,0.0,N,,,,,,
59.4652778,-157.2811111,2013-11-29,1,0,95.0,125.0,,Pastick,,0.0,N,,,,,,
59.4661111,-157.2819444,2013-11-29,1,0,90.0,180.0,,Pastick,,0.0,N,,,,,,
59.1180556,-157.6552778,2013-11-29,1,0,120.0,155.0,,Pastick,,0.0,N,,,,,,
59.1175,-157.6525,2013-11-29,1,0,145.0,152.0,,Pastick,,0.0,N,,,,,,
59.0613889,-157.6861111,2013-11-29,1,0,120.0,152.0,,Pastick,,0.0,N,,,,,,
59.065,-157.6897222,2013-11-29,1,0,90.0,165.0,,Pastick,,0.0,N,,,,,,
59.0669444,-157.6980556,2013-11-29,1,0,80.0,95.0,,Pastick,,0.0,N,,,,,,
59.0077778,-157.6894444,2013-11-29,1,0,130.0,180.0,,Pastick,,0.0,N,,,,,,
59.0186111,-157.6852778,2013-11-29,1,0,68.0,130.0,,Pastick,,0.0,N,,,,,,
59.0958333,-157.6738889,2013-11-29,1,0,180.0,190.0,,Pastick,,0.0,N,,,,,,
59.0991667,-157.6713889,2013-11-29,1,0,120.0,185.0,,Pastick,,0.0,N,,,,,,
59.6775,-157.3966667,2014-02-04,1,0,160.0,190.0,,Pastick,,0.0,N,,,,,,
59.6708333,-157.4033333,2013-11-29,1,0,50.0,110.0,,Pastick,,0.0,N,,,,,,
59.5080556,-157.6708333,2014-02-03,1,0,38.0,75.0,,Pastick,,0.0,N,,,,,,
59.5055556,-157.6677778,2013-11-29,1,0,110.0,165.0,,Pastick,,0.0,N,,,,,,
59.5030556,-157.6530556,2013-11-29,1,0,78.0,130.0,,Pastick,,0.0,N,,,,,,
59.4647222,-157.6366667,2013-11-29,1,0,52.0,77.0,,Pastick,,0.0,N,,,,,,
59.4652778,-157.635,2013-11-29,1,0,75.0,83.0,,Pastick,,0.0,N,,,,,,
59.45,-157.6611111,2013-11-29,1,0,38.0,80.0,,Pastick,,0.0,N,,,,,,
59.6805556,-157.2588889,2013-11-29,1,0,150.0,200.0,,Pastick,,0.0,N,,,,,,
59.5736111,-157.2597222,2013-11-29,1,0,85.0,110.0,,Pastick,,0.0,N,,,,,,
59.5733333,-157.2613889,2014-02-04,1,0,45.0,90.0,,Pastick,,0.0,N,,,,,,
59.5730556,-157.2616667,2014-02-04,1,0,73.0,200.0,,Pastick,,0.0,N,,,,,,
59.5241667,-157.3058333,2013-11-29,1,0,155.0,200.0,,Pastick,,0.0,N,,,,,,
59.6458333,-157.5344444,2014-02-04,1,0,80.0,200.0,,Pastick,,0.0,N,,,,,,
59.5769444,-157.4833333,2013-11-29,1,0,73.0,112.0,,Pastick,,0.0,N,,,,,,
59.6011111,-157.4588889,2013-11-29,1,0,120.0,190.0,,Pastick,,0.0,N,,,,,,
59.6086111,-157.4344444,2013-11-29,1,0,94.0,200.0,,Pastick,,0.0,N,,,,,,
59.5794444,-157.4161111,2013-11-29,1,0,170.0,200.0,,Pastick,,0.0,N,,,,,,
59.1280556,-157.6761111,2013-11-29,1,0,160.0,180.0,,Pastick,,0.0,N,,,,,,
59.1283333,-157.6744444,2013-11-29,1,0,65.0,150.0,,Pastick,,0.0,N,,,,,,
59.1241667,-157.6730556,2013-11-29,1,0,45.0,80.0,,Pastick,,0.0,N,,,,,,
59.0577778,-157.6713889,2013-11-29,1,0,125.0,135.0,,Pastick,,0.0,N,,,,,,
59.0588889,-157.6666667,2013-11-29,1,0,94.0,150.0,,Pastick,,0.0,N,,,,,,
59.0577778,-157.665,2013-11-29,1,0,100.0,105.0,,Pastick,,0.0,N,,,,,,
59.0605556,-157.6802778,2013-11-29,1,0,103.0,130.0,,Pastick,,0.0,N,,,,,,
59.0088889,-157.6611111,2013-11-29,1,0,40.0,155.0,,Pastick,,0.0,N,,,,,,
59.0175,-157.6647222,2013-11-29,1,0,80.0,170.0,,Pastick,,0.0,N,,,,,,
59.0138889,-157.665,2013-11-29,1,0,42.0,150.0,,Pastick,,0.0,N,,,,,,
59.0038889,-157.6744444,2013-11-29,1,0,45.0,80.0,,Pastick,,0.0,N,,,,,,
59.0747222,-157.665,2013-11-29,1,0,120.0,165.0,,Pastick,,0.0,N,,,,,,
59.6794444,-157.4891667,2013-11-29,1,0,115.0,190.0,,Pastick,,0.0,N,,,,,,
59.6727778,-157.4788889,2013-11-29,1,0,112.0,150.0,,Pastick,,0.0,N,,,,,,
59.6561111,-157.4719444,2013-11-29,1,0,150.0,190.0,,Pastick,,0.0,N,,,,,,
59.6188889,-157.6488889,2013-11-29,1,0,82.0,160.0,,Pastick,,0.0,N,,,,,,
59.6158333,-157.6447222,2013-11-29,1,0,64.0,180.0,,Pastick,,0.0,N,,,,,,
59.6072222,-157.6341667,2013-11-29,1,0,78.0,98.0,,Pastick,,0.0,N,,,,,,
59.5313889,-157.6261111,2013-11-29,1,0,160.0,180.0,,Pastick,,0.0,N,,,,,,
59.505,-157.6452778,2013-11-29,1,0,95.0,100.0,,Pastick,,0.0,N,,,,,,
59.6286111,-157.24,2013-11-29,1,0,110.0,180.0,,Pastick,,0.0,N,,,,,,
59.555,-157.2294444,2013-11-29,1,0,42.0,105.0,,Pastick,,0.0,N,,,,,,
59.5516667,-157.2336111,2013-11-29,1,0,98.0,190.0,,Pastick,,0.0,N,,,,,,
59.5141667,-157.55,2013-11-29,1,0,105.0,110.0,,Pastick,,0.0,N,,,,,,
59.515,-157.5541667,2013-11-29,1,0,105.0,185.0,,Pastick,,0.0,N,,,,,,
59.5138889,-157.5797222,2013-11-29,1,0,54.0,80.0,,Pastick,,0.0,N,,,,,,
59.5088889,-157.5744444,2013-11-29,1,0,100.0,130.0,,Pastick,,0.0,N,,,,,,
59.5191667,-157.3819444,2013-11-29,1,0,125.0,185.0,,Pastick,,0.0,N,,,,,,
59.2663889,-158.6516667,2013-11-29,1,0,77.0,90.0,,Pastick,,0.0,N,,,,,,
59.2666667,-158.6516667,2013-11-29,1,0,39.0,80.0,,Pastick,,0.0,N,,,,,,
59.265,-158.6519444,2013-11-29,1,0,90.0,100.0,,Pastick,,0.0,N,,,,,,
59.2633333,-158.6516667,2013-11-29,1,0,39.0,75.0,,Pastick,,0.0,N,,,,,,
59.3036111,-158.6119444,2013-11-29,1,0,48.0,105.0,,Pastick,,0.0,N,,,,,,
59.3033333,-158.6105556,2013-11-29,1,0,65.0,95.0,,Pastick,,0.0,N,,,,,,
59.3033333,-158.6236111,2013-11-29,1,0,60.0,100.0,,Pastick,,0.0,N,,,,,,
59.3027778,-158.6183333,2013-11-29,1,0,47.0,80.0,,Pastick,,0.0,N,,,,,,
59.2447222,-158.6616667,2013-11-29,1,0,75.0,120.0,,Pastick,,0.0,N,,,,,,
59.245,-158.6627778,2013-11-29,1,0,45.0,80.0,,Pastick,,0.0,N,,,,,,
58.9308333,-157.205,2013-11-29,1,0,38.0,95.0,,Pastick,,0.0,N,,,,,,
59.4555556,-157.6447222,2013-11-29,1,0,170.0,170.0,,Pastick,,0.0,N,,,,,,
59.4641667,-157.6591667,2013-11-29,1,0,58.0,80.0,,Pastick,,0.0,N,,,,,,
59.4652778,-157.6575,2013-11-29,1,0,140.0,175.0,,Pastick,,0.0,N,,,,,,
60.0105556,-154.9102778,2013-11-29,1,0,38.0,100.0,,Pastick,,0.0,N,,,,,,
60.0027778,-154.9894444,2013-11-29,1,0,140.0,180.0,,Pastick,,0.0,N,,,,,,
59.4491667,-157.6577778,2013-11-29,1,0,3.0,3.0,,Pastick,,0.0,N,,,,,,
59.7105556,-157.0291667,2013-11-29,1,0,131.0,168.0,,Pastick,,0.0,N,,,,,,
59.7116667,-157.0277778,2013-11-29,1,0,155.0,185.0,,Pastick,,0.0,N,,,,,,
58.9169444,-157.9408333,2013-11-29,1,0,50.0,180.0,,Pastick,,0.0,N,,,,,,
58.9175,-157.9419444,2013-11-29,1,0,70.0,130.0,,Pastick,,0.0,N,,,,,,
58.8738889,-157.9869444,2013-11-29,1,0,110.0,185.0,,Pastick,,0.0,N,,,,,,
59.6161111,-157.3675,2013-11-29,1,0,73.0,185.0,,Pastick,,0.0,N,,,,,,
59.2691667,-158.6138889,2013-11-29,1,0,52.0,185.0,,Pastick,,0.0,N,,,,,,
59.2683333,-158.6147222,2013-11-29,1,0,117.0,185.0,,Pastick,,0.0,N,,,,,,
59.2638889,-158.6097222,2013-11-29,1,0,83.0,110.0,,Pastick,,0.0,N,,,,,,
59.2633333,-158.6091667,2013-11-29,1,0,67.0,90.0,,Pastick,,0.0,N,,,,,,
59.2669444,-158.5919444,2013-11-29,1,0,77.0,110.0,,Pastick,,0.0,N,,,,,,
59.2852778,-158.6525,2013-11-29,1,0,85.0,185.0,,Pastick,,0.0,N,,,,,,
59.2866667,-158.6472222,2013-11-29,1,0,48.0,130.0,,Pastick,,0.0,N,,,,,,
59.2861111,-158.6447222,2013-11-29,1,0,26.0,26.0,,Pastick,,0.0,N,,,,,,
59.2875,-158.6388889,2013-11-29,1,0,77.0,77.0,,Pastick,,0.0,N,,,,,,
59.2844444,-158.6280556,2013-11-29,1,0,147.0,175.0,,Pastick,,0.0,N,,,,,,
59.2813889,-158.6255556,2013-11-29,1,0,95.0,135.0,,Pastick,,0.0,N,,,,,,
59.3583333,-157.4727778,2013-11-29,1,0,170.0,170.0,,Pastick,,0.0,N,,,,,,
59.3586111,-157.4738889,2013-11-29,1,0,50.0,183.0,,Pastick,,0.0,N,,,,,,
59.3586111,-157.48,2013-11-29,1,0,67.0,120.0,,Pastick,,0.0,N,,,,,,
59.3611111,-157.4811111,2013-11-29,1,0,35.0,35.0,,Pastick,,0.0,N,,,,,,
59.3616667,-157.4861111,2013-11-29,1,0,19.0,50.0,,Pastick,,0.0,N,,,,,,
59.3588889,-157.4894444,2013-11-29,1,0,21.0,100.0,,Pastick,,0.0,N,,,,,,
59.3586111,-157.4913889,2013-11-29,1,0,90.0,95.0,,Pastick,,0.0,N,,,,,,
59.3577778,-157.4863889,2013-11-29,1,0,60.0,80.0,,Pastick,,0.0,N,,,,,,
59.3725,-157.4411111,2013-11-29,1,0,150.0,200.0,,Pastick,,0.0,N,,,,,,
59.3716667,-157.4405556,2013-11-29,1,0,0.0,183.0,,Pastick,,0.0,N,,,,,,
59.0722222,-158.4541667,2013-11-29,1,0,180.0,185.0,,Pastick,,0.0,N,,,,,,
59.0308333,-158.5225,2013-11-29,1,0,160.0,185.0,,Pastick,,0.0,N,,,,,,
59.0311111,-158.5213889,2013-11-29,1,0,105.0,185.0,,Pastick,,0.0,N,,,,,,
59.0322222,-158.5208333,2013-11-29,1,0,125.0,185.0,,Pastick,,0.0,N,,,,,,
59.0308333,-158.525,2013-11-29,1,0,65.0,185.0,,Pastick,,0.0,N,,,,,,
59.0302778,-158.5283333,2013-11-29,1,0,40.0,185.0,,Pastick,,0.0,N,,,,,,
59.0347222,-158.5169444,2013-11-29,1,0,12.0,185.0,,Pastick,,0.0,N,,,,,,
59.0330556,-158.5158333,2013-11-29,1,0,90.0,185.0,,Pastick,,0.0,N,,,,,,
59.6863889,-158.4258333,2013-11-29,1,0,39.0,70.0,,Pastick,,0.0,N,,,,,,
59.6891667,-158.4219444,2013-11-29,1,0,80.0,120.0,,Pastick,,0.0,N,,,,,,
59.7105556,-158.3805556,2013-11-29,1,0,80.0,90.0,,Pastick,,0.0,N,,,,,,
59.6713889,-157.3211111,2013-11-29,1,0,125.0,185.0,,Pastick,,0.0,N,,,,,,
59.0236111,-158.5502778,2013-11-29,1,0,145.0,183.0,,Pastick,,0.0,N,,,,,,
59.0530556,-158.5525,2013-11-29,1,0,112.0,147.0,,Pastick,,0.0,N,,,,,,
59.0525,-158.5602778,2013-11-29,1,0,110.0,183.0,,Pastick,,0.0,N,,,,,,
59.0341667,-158.5863889,2013-11-29,1,0,100.0,183.0,,Pastick,,0.0,N,,,,,,
59.0544444,-158.5902778,2013-11-29,1,0,65.0,100.0,,Pastick,,0.0,N,,,,,,
59.0683333,-158.5747222,2013-11-29,1,0,44.0,65.0,,Pastick,,0.0,N,,,,,,
59.0688889,-158.5791667,2013-11-29,1,0,125.0,183.0,,Pastick,,0.0,N,,,,,,
59.0538889,-158.5280556,2013-11-29,1,0,110.0,183.0,,Pastick,,0.0,N,,,,,,
59.0569444,-158.5269444,2013-11-29,1,0,135.0,183.0,,Pastick,,0.0,N,,,,,,
59.0597222,-158.5227778,2013-11-29,1,0,40.0,183.0,,Pastick,,0.0,N,,,,,,
59.0427778,-158.5194444,2013-11-29,1,0,150.0,183.0,,Pastick,,0.0,N,,,,,,
59.0416667,-158.4666667,2013-11-29,1,0,145.0,183.0,,Pastick,,0.0,N,,,,,,
59.3922222,-158.3,2013-11-29,1,0,90.0,105.0,,Pastick,,0.0,N,,,,,,
59.0572222,-157.6694444,2013-11-29,1,0,30.0,45.0,,Pastick,,0.0,N,,,,,,
58.7275,-158.3077778,2013-11-29,1,0,53.0,70.0,,Pastick,,0.0,N,,,,,,
59.1277778,-157.7516667,2013-11-29,1,0,44.0,152.0,,Pastick,,0.0,N,,,,,,
59.9661667,-157.8837222,2013-11-29,1,0,102.0,115.0,,Pastick,,0.0,N,,,,,,
59.5661111,-156.9683333,2013-11-29,1,0,37.0,152.0,,Pastick,,0.0,N,,,,,,
58.8586111,-157.8322222,2013-11-29,1,0,33.0,152.0,,Pastick,,0.0,N,,,,,,
58.7205556,-158.29,2013-11-29,1,0,72.0,120.0,,Pastick,,0.0,N,,,,,,
59.4777778,-157.3091667,2013-11-29,1,0,30.0,48.0,,Pastick,,0.0,N,,,,,,
59.0658333,-157.1852778,2013-11-29,1,0,54.0,75.0,,Pastick,,0.0,N,,,,,,
59.0444444,-158.5680556,2013-11-29,1,0,110.0,160.0,,Pastick,,0.0,N,,,,,,
59.7585902,-160.2724478,2013-12-13,1,0,45.0,152.0,,Pastick,,0.0,N,,,,,,
59.7611523,-160.2729897,2013-12-13,1,0,100.0,125.0,,Pastick,,0.0,N,,,,,,
59.7620908,-160.2737345,2013-12-13,1,0,52.0,95.0,,Pastick,,0.0,N,,,,,,
59.7615542,-160.2740559,2013-12-13,1,0,62.0,105.0,,Pastick,,0.0,N,,,,,,
59.7539784,-160.2638318,2013-12-13,1,0,0.0,180.0,,Pastick,,0.0,N,,,,,,
59.7528376,-160.2670995,2013-12-13,1,0,38.0,105.0,,Pastick,,0.0,N,,,,,,
59.7526233,-160.2672288,2013-12-13,1,0,40.0,102.0,,Pastick,,0.0,N,,,,,,
59.751436,-160.2668464,2013-12-13,1,0,60.0,118.0,,Pastick,,0.0,N,,,,,,
59.7513307,-160.2696545,2013-12-13,1,0,43.0,65.0,,Pastick,,0.0,N,,,,,,
59.7512502,-160.2702521,2013-12-13,1,0,45.0,90.0,,Pastick,,0.0,N,,,,,,
60.0326751,-159.8726198,2013-12-13,1,0,80.0,100.0,,Pastick,,0.0,N,,,,,,
60.0096746,-159.8736807,2013-12-13,1,0,38.0,90.0,,Pastick,,0.0,N,,,,,,
60.0169409,-159.8681489,2013-12-13,1,0,42.0,80.0,,Pastick,,0.0,N,,,,,,
60.020436,-159.8682819,2013-12-13,1,0,70.0,95.0,,Pastick,,0.0,N,,,,,,
60.0237737,-159.8769246,2013-12-13,1,0,40.0,90.0,,Pastick,,0.0,N,,,,,,
60.0541547,-159.8703653,2013-12-13,1,0,18.0,51.0,,Pastick,,0.0,N,,,,,,
60.05594,-159.8681026,2013-12-13,1,0,60.0,82.0,,Pastick,,0.0,N,,,,,,
60.0511222,-159.8667687,2013-12-13,1,0,90.0,108.0,,Pastick,,0.0,N,,,,,,
60.048596,-159.8657469,2013-12-13,1,0,75.0,85.0,,Pastick,,0.0,N,,,,,,
60.0481573,-159.8657188,2013-12-13,1,0,23.0,70.0,,Pastick,,0.0,N,,,,,,
59.9201897,-159.538756,2013-12-13,1,0,55.0,95.0,,Pastick,,0.0,N,,,,,,
59.2706144,-159.8610473,2013-12-13,1,0,58.0,87.0,,Pastick,,0.0,N,,,,,,
59.273738,-159.8543533,2013-12-13,1,0,51.0,95.0,,Pastick,,0.0,N,,,,,,
59.2736107,-159.8507991,2013-12-13,1,0,59.0,85.0,,Pastick,,0.0,N,,,,,,
59.2733956,-159.8518519,2013-12-13,1,0,19.0,65.0,,Pastick,,0.0,N,,,,,,
59.2732983,-159.8523878,2013-12-13,1,0,58.0,90.0,,Pastick,,0.0,N,,,,,,
59.7410409,-160.2540977,2013-12-13,1,0,33.0,60.0,,Pastick,,0.0,N,,,,,,
59.7402229,-160.2530727,2013-12-13,1,0,25.0,57.0,,Pastick,,0.0,N,,,,,,
59.7400272,-160.2556987,2013-12-13,1,0,63.0,85.0,,Pastick,,0.0,N,,,,,,
59.7398433,-160.2561222,2013-12-13,1,0,64.0,82.0,,Pastick,,0.0,N,,,,,,
59.7399214,-160.2588746,2013-12-13,1,0,41.0,80.0,,Pastick,,0.0,N,,,,,,
59.7545476,-160.2921537,2013-12-13,1,0,50.0,64.0,,Pastick,,0.0,N,,,,,,
59.7541408,-160.2948127,2013-12-13,1,0,56.0,69.0,,Pastick,,0.0,N,,,,,,
59.7542895,-160.2980211,2013-12-13,1,0,61.0,72.0,,Pastick,,0.0,N,,,,,,
59.7630504,-160.3123681,2013-12-13,1,0,70.0,200.0,,Pastick,,0.0,N,,,,,,
59.7642032,-160.3105831,2013-12-13,1,0,33.0,63.0,,Pastick,,0.0,N,,,,,,
60.032315,-159.8934391,2013-12-13,1,0,24.0,55.0,,Pastick,,0.0,N,,,,,,
60.0299527,-159.8963377,2013-12-13,1,0,77.0,80.0,,Pastick,,0.0,N,,,,,,
60.0264563,-159.9032916,2013-12-13,1,0,28.0,55.0,,Pastick,,0.0,N,,,,,,
60.0419189,-159.8956271,2013-12-13,1,0,40.0,60.0,,Pastick,,0.0,N,,,,,,
60.0399183,-159.872116,2013-12-13,1,0,42.0,152.0,,Pastick,,0.0,N,,,,,,
60.0416036,-159.8720643,2013-12-13,1,0,56.0,88.0,,Pastick,,0.0,N,,,,,,
60.0408551,-159.868526,2013-12-13,1,0,19.0,54.0,,Pastick,,0.0,N,,,,,,
60.0392013,-159.869486,2013-12-13,1,0,27.0,63.0,,Pastick,,0.0,N,,,,,,
60.0380856,-159.8734273,2013-12-13,1,0,70.0,80.0,,Pastick,,0.0,N,,,,,,
60.0348818,-159.8742934,2013-12-13,1,0,34.0,67.0,,Pastick,,0.0,N,,,,,,
59.9383215,-159.4734761,2013-12-13,1,0,4.0,80.0,,Pastick,,0.0,N,,,,,,
59.9368282,-159.4746476,2013-12-13,1,0,0.0,152.0,,Pastick,,0.0,N,,,,,,
59.9233165,-159.4844352,2013-12-13,1,0,56.0,80.0,,Pastick,,0.0,N,,,,,,
59.9212904,-159.4866914,2013-12-13,1,0,37.0,78.0,,Pastick,,0.0,N,,,,,,
59.9099398,-159.4623108,2013-12-13,1,0,0.0,152.0,,Pastick,,0.0,N,,,,,,
59.9101557,-159.4630687,2013-12-13,1,0,50.0,152.0,,Pastick,,0.0,N,,,,,,
59.9104264,-159.4641114,2013-12-13,1,0,0.0,152.0,,Pastick,,0.0,N,,,,,,
59.9081958,-159.4836536,2013-12-13,1,0,38.0,53.0,,Pastick,,0.0,N,,,,,,
59.2990424,-159.8762563,2013-12-13,1,0,61.0,80.0,,Pastick,,0.0,N,,,,,,
59.3007645,-159.8719531,2013-12-13,1,0,37.0,75.0,,Pastick,,0.0,N,,,,,,
59.2979634,-159.8652893,2013-12-13,1,0,66.0,70.0,,Pastick,,0.0,N,,,,,,
59.2935016,-159.8571557,2013-12-13,1,0,21.0,70.0,,Pastick,,0.0,N,,,,,,
59.2921067,-159.8584861,2013-12-13,1,0,64.0,152.0,,Pastick,,0.0,N,,,,,,
59.9097429,-159.4751555,2013-12-13,1,0,42.0,80.0,,Pastick,,0.0,N,,,,,,
59.7455491,-160.2426008,2013-12-13,1,0,38.0,152.0,,Pastick,,0.0,N,,,,,,
59.7485943,-160.2548948,2013-12-13,1,0,9.0,105.0,,Pastick,,0.0,N,,,,,,
59.7507375,-160.222432,2013-12-13,1,0,78.0,152.0,,Pastick,,0.0,N,,,,,,
59.7481497,-160.2242008,2013-12-13,1,0,40.0,65.0,,Pastick,,0.0,N,,,,,,
59.7449374,-160.22586,2013-12-13,1,0,60.0,120.0,,Pastick,,0.0,N,,,,,,
59.7423875,-160.2241127,2013-12-13,1,0,28.0,152.0,,Pastick,,0.0,N,,,,,,
60.0282894,-159.8546478,2013-12-13,1,0,20.0,80.0,,Pastick,,0.0,N,,,,,,
60.0333539,-159.8615243,2013-12-13,1,0,65.0,152.0,,Pastick,,0.0,N,,,,,,
60.0332829,-159.8626999,2013-12-13,1,0,110.0,152.0,,Pastick,,0.0,N,,,,,,
60.033165,-159.8689444,2013-12-13,1,0,110.0,152.0,,Pastick,,0.0,N,,,,,,
60.0300765,-159.8466667,2013-12-13,1,0,32.0,70.0,,Pastick,,0.0,N,,,,,,
60.0315234,-159.8413644,2013-12-13,1,0,60.0,152.0,,Pastick,,0.0,N,,,,,,
59.9932254,-159.8362831,2013-12-13,1,0,43.0,100.0,,Pastick,,0.0,N,,,,,,
59.9955588,-159.8350059,2013-12-13,1,0,8.0,50.0,,Pastick,,0.0,N,,,,,,
59.9979662,-159.8392598,2013-12-13,1,0,43.0,85.0,,Pastick,,0.0,N,,,,,,
59.9991359,-159.840704,2013-12-13,1,0,90.0,95.0,,Pastick,,0.0,N,,,,,,
59.9394578,-159.48546,2013-12-13,1,0,89.0,152.0,,Pastick,,0.0,N,,,,,,
59.9400967,-159.4856965,2013-12-13,1,0,70.0,152.0,,Pastick,,0.0,N,,,,,,
59.9054031,-159.4827082,2013-12-13,1,0,40.0,80.0,,Pastick,,0.0,N,,,,,,
59.903894,-159.4814415,2013-12-13,1,0,48.0,152.0,,Pastick,,0.0,N,,,,,,
59.904834,-159.4840935,2013-12-13,1,0,80.0,100.0,,Pastick,,0.0,N,,,,,,
59.9058423,-159.485171,2013-12-13,1,0,40.0,60.0,,Pastick,,0.0,N,,,,,,
59.9064432,-159.4870463,2013-12-13,1,0,65.0,100.0,,Pastick,,0.0,N,,,,,,
59.9069273,-159.4871505,2013-12-13,1,0,38.0,120.0,,Pastick,,0.0,N,,,,,,
59.3017403,-159.8395292,2013-12-13,1,0,90.0,152.0,,Pastick,,0.0,N,,,,,,
59.3044073,-159.8269002,2013-12-13,1,0,20.0,152.0,,Pastick,,0.0,N,,,,,,
59.3057329,-159.828778,2013-12-13,1,0,70.0,152.0,,Pastick,,0.0,N,,,,,,
59.3067541,-159.8327933,2013-12-13,1,0,70.0,152.0,,Pastick,,0.0,N,,,,,,
59.8308355,-159.5037171,2013-12-13,1,0,60.0,60.0,,Pastick,,0.0,N,,,,,,
59.8303853,-159.5037114,2013-12-13,1,0,80.0,152.0,,Pastick,,0.0,N,,,,,,
59.8285,-159.4994908,2013-12-13,1,0,20.0,152.0,,Pastick,,0.0,N,,,,,,
59.8252467,-159.5058516,2013-12-13,1,0,38.0,100.0,,Pastick,,0.0,N,,,,,,
59.7790574,-159.4819486,2013-12-13,1,0,92.0,152.0,,Pastick,,0.0,N,,,,,,
59.7807287,-159.4850031,2013-12-13,1,0,72.0,152.0,,Pastick,,0.0,N,,,,,,
59.7787211,-159.4917322,2013-12-13,1,0,50.0,100.0,,Pastick,,0.0,N,,,,,,
59.7821102,-159.5020457,2013-12-13,1,0,45.0,80.0,,Pastick,,0.0,N,,,,,,
59.7663482,-159.5366918,2013-12-13,1,0,32.0,80.0,,Pastick,,0.0,N,,,,,,
59.7650088,-159.5311527,2013-12-13,1,0,85.0,100.0,,Pastick,,0.0,N,,,,,,
59.7712349,-159.5613283,2013-12-13,1,0,120.0,152.0,,Pastick,,0.0,N,,,,,,
59.771808,-159.5559008,2013-12-13,1,0,55.0,90.0,,Pastick,,0.0,N,,,,,,
59.7716198,-159.5554077,2013-12-13,1,0,65.0,100.0,,Pastick,,0.0,N,,,,,,
59.7700674,-159.5512747,2013-12-13,1,0,60.0,85.0,,Pastick,,0.0,N,,,,,,
59.7375809,-159.5237604,2013-12-13,1,0,50.0,152.0,,Pastick,,0.0,N,,,,,,
59.7387037,-159.5246599,2013-12-13,1,0,17.0,88.0,,Pastick,,0.0,N,,,,,,
59.7099755,-159.5183381,2013-12-13,1,0,55.0,75.0,,Pastick,,0.0,N,,,,,,
59.7084907,-159.5277131,2013-12-13,1,0,96.0,152.0,,Pastick,,0.0,N,,,,,,
59.7080708,-159.5312583,2013-12-13,1,0,53.0,152.0,,Pastick,,0.0,N,,,,,,
59.7053388,-159.5427355,2013-12-13,1,0,55.0,95.0,,Pastick,,0.0,N,,,,,,
59.5410254,-159.6603929,2013-12-13,1,0,41.0,70.0,,Pastick,,0.0,N,,,,,,
59.5318156,-159.6654097,2013-12-13,1,0,40.0,80.0,,Pastick,,0.0,N,,,,,,
59.5331924,-159.7101305,2013-12-13,1,0,115.0,152.0,,Pastick,,0.0,N,,,,,,
59.5330255,-159.709484,2013-12-13,1,0,100.0,152.0,,Pastick,,0.0,N,,,,,,
59.8152356,-159.509172,2013-12-13,1,0,106.0,110.0,,Pastick,,0.0,N,,,,,,
59.8146563,-159.5136138,2013-12-13,1,0,93.0,152.0,,Pastick,,0.0,N,,,,,,
59.81066,-159.5214693,2013-12-13,1,0,31.0,53.0,,Pastick,,0.0,N,,,,,,
59.8089429,-159.5247568,2013-12-13,1,0,30.0,64.0,,Pastick,,0.0,N,,,,,,
59.8162867,-159.5089719,2013-12-13,1,0,63.0,80.0,,Pastick,,0.0,N,,,,,,
59.7887483,-159.5313903,2013-12-13,1,0,21.0,60.0,,Pastick,,0.0,N,,,,,,
59.7877088,-159.5211879,2013-12-13,1,0,90.0,100.0,,Pastick,,0.0,N,,,,,,
59.7656481,-159.510831,2013-12-13,1,0,66.0,90.0,,Pastick,,0.0,N,,,,,,
59.7629373,-159.5042632,2013-12-13,1,0,38.0,152.0,,Pastick,,0.0,N,,,,,,
59.7595686,-159.5038423,2013-12-13,1,0,36.0,152.0,,Pastick,,0.0,N,,,,,,
59.6874029,-159.5411085,2013-12-13,1,0,37.0,120.0,,Pastick,,0.0,N,,,,,,
59.6837531,-159.5452104,2013-12-13,1,0,44.0,65.0,,Pastick,,0.0,N,,,,,,
59.6849386,-159.5485804,2013-12-13,1,0,10.0,60.0,,Pastick,,0.0,N,,,,,,
59.6899702,-159.5440259,2013-12-13,1,0,32.0,152.0,,Pastick,,0.0,N,,,,,,
59.5504089,-159.6444668,2013-12-13,1,0,111.0,152.0,,Pastick,,0.0,N,,,,,,
59.5498175,-159.6449709,2013-12-13,1,0,37.0,80.0,,Pastick,,0.0,N,,,,,,
59.5500388,-159.6463565,2013-12-13,1,0,60.0,152.0,,Pastick,,0.0,N,,,,,,
59.5507268,-159.6466054,2013-12-13,1,0,80.0,152.0,,Pastick,,0.0,N,,,,,,
59.747152,-160.2384847,2013-12-13,1,0,105.0,152.0,,Pastick,,0.0,N,,,,,,
59.7515982,-160.24534,2013-12-13,1,0,42.0,75.0,,Pastick,,0.0,N,,,,,,
59.9199837,-159.5388248,2013-12-13,1,0,0.0,50.0,,Pastick,,0.0,N,,,,,,
59.9199101,-159.5399167,2013-12-13,1,0,0.0,190.0,,Pastick,,0.0,N,,,,,,
59.9200114,-159.531911,2013-12-13,1,0,85.0,93.0,,Pastick,,0.0,N,,,,,,
59.9185378,-159.5251734,2013-12-13,1,0,51.0,190.0,,Pastick,,0.0,N,,,,,,
59.9162515,-159.5164747,2013-12-13,1,0,100.0,130.0,,Pastick,,0.0,N,,,,,,
59.9171422,-159.5024662,2013-12-13,1,0,66.0,100.0,,Pastick,,0.0,N,,,,,,
59.9109759,-159.4980125,2013-12-13,1,0,150.0,165.0,,Pastick,,0.0,N,,,,,,
59.909972,-159.5050192,2013-12-13,1,0,25.0,90.0,,Pastick,,0.0,N,,,,,,
59.9108323,-159.5062348,2013-12-13,1,0,42.0,85.0,,Pastick,,0.0,N,,,,,,
59.9111041,-159.5064969,2013-12-13,1,0,30.0,85.0,,Pastick,,0.0,N,,,,,,
59.916275,-159.4984891,2013-12-13,1,0,78.0,78.0,,Pastick,,0.0,N,,,,,,
59.4225333,-161.1506,2013-04-08,1,0,102.0,152.0,,Pastick,,0.0,N,,,,,,
59.4226167,-161.1500167,2013-04-08,1,0,119.0,152.0,,Pastick,,0.0,N,,,,,,
59.0836389,-154.2775556,2013-04-09,1,0,50.0,200.0,,Pastick,,0.0,N,,,,,,
59.239036,-160.1543806,2013-12-13,1,0,110.0,152.0,,Pastick,,0.0,N,,,,,,
59.2349389,-160.1545277,2013-12-13,1,0,80.0,152.0,,Pastick,,0.0,N,,,,,,
59.2060458,-160.3649395,2013-12-13,1,0,65.0,152.0,,Pastick,,0.0,N,,,,,,
59.1385498,-160.1130711,2013-12-13,1,0,105.0,152.0,,Pastick,,0.0,N,,,,,,
59.2035099,-160.2544568,2013-12-13,1,0,80.0,152.0,,Pastick,,0.0,N,,,,,,
59.2044748,-160.2579521,2013-12-13,1,0,115.0,152.0,,Pastick,,0.0,N,,,,,,
59.1651719,-159.9207342,2013-12-13,1,0,90.0,152.0,,Pastick,,0.0,N,,,,,,
59.163197,-159.9212496,2013-12-13,1,0,120.0,152.0,,Pastick,,0.0,N,,,,,,
59.1618384,-159.9228002,2013-12-13,1,0,90.0,152.0,,Pastick,,0.0,N,,,,,,
59.1615209,-159.924807,2013-12-13,1,0,32.0,152.0,,Pastick,,0.0,N,,,,,,
59.1296313,-159.6036003,2013-12-13,1,0,45.0,152.0,,Pastick,,0.0,N,,,,,,
59.130615,-159.603515,2013-12-13,1,0,20.0,152.0,,Pastick,,0.0,N,,,,,,
59.2388455,-159.5741574,2013-12-13,1,0,70.0,152.0,,Pastick,,0.0,N,,,,,,
59.2381032,-159.5745063,2013-12-13,1,0,70.0,152.0,,Pastick,,0.0,N,,,,,,
59.2356861,-159.5759589,2013-12-13,1,0,65.0,152.0,,Pastick,,0.0,N,,,,,,
59.2382491,-159.4645765,2013-12-13,1,0,130.0,152.0,,Pastick,,0.0,N,,,,,,
59.2377126,-159.4638672,2013-12-13,1,0,50.0,152.0,,Pastick,,0.0,N,,,,,,
59.2303606,-159.4279105,2013-12-13,1,0,50.0,152.0,,Pastick,,0.0,N,,,,,,
59.2302782,-159.4267994,2013-12-13,1,0,28.0,152.0,,Pastick,,0.0,N,,,,,,
59.2398275,-159.3368047,2013-12-13,1,0,50.0,152.0,,Pastick,,0.0,N,,,,,,
59.2411448,-159.3360908,2013-12-13,1,0,70.0,152.0,,Pastick,,0.0,N,,,,,,
59.173002,-159.3580227,2013-12-13,1,0,40.0,152.0,,Pastick,,0.0,N,,,,,,
59.1733145,-159.3612444,2013-12-13,1,0,80.0,180.0,,Pastick,,0.0,N,,,,,,
59.1883872,-159.105738,2013-12-13,1,0,25.0,152.0,,Pastick,,0.0,N,,,,,,
58.9756213,-159.7732301,2013-12-13,1,0,168.0,168.0,,Pastick,,0.0,N,,,,,,
58.9747117,-159.7802972,2013-12-13,1,0,148.0,205.0,,Pastick,,0.0,N,,,,,,
58.9727617,-159.7887174,2013-12-13,1,0,38.0,120.0,,Pastick,,0.0,N,,,,,,
59.1966571,-159.7542684,2013-12-13,1,0,50.0,97.0,,Pastick,,0.0,N,,,,,,
59.1956229,-159.7515715,2013-12-13,1,0,98.0,148.0,,Pastick,,0.0,N,,,,,,
59.1958564,-159.751995,2013-12-13,1,0,105.0,145.0,,Pastick,,0.0,N,,,,,,
59.0272665,-160.0887089,2013-12-13,1,0,83.0,130.0,,Pastick,,0.0,N,,,,,,
59.0258626,-160.1027244,2013-12-13,1,0,160.0,202.0,,Pastick,,0.0,N,,,,,,
59.0260677,-160.1031798,2013-12-13,1,0,180.0,185.0,,Pastick,,0.0,N,,,,,,
59.2341807,-159.2135262,2013-12-13,1,0,110.0,148.0,,Pastick,,0.0,N,,,,,,
59.2344752,-159.2132018,2013-12-13,1,0,80.0,111.0,,Pastick,,0.0,N,,,,,,
59.2353398,-159.2148575,2013-12-13,1,0,60.0,120.0,,Pastick,,0.0,N,,,,,,
59.2382207,-159.2165853,2013-12-13,1,0,87.0,92.0,,Pastick,,0.0,N,,,,,,
59.238072,-159.2153169,2013-12-13,1,0,53.0,76.0,,Pastick,,0.0,N,,,,,,
59.2078019,-159.1687621,2013-12-13,1,0,52.0,85.0,,Pastick,,0.0,N,,,,,,
59.2075434,-159.1685381,2013-12-13,1,0,130.0,145.0,,Pastick,,0.0,N,,,,,,
59.2079939,-159.1680593,2013-12-13,1,0,50.0,145.0,,Pastick,,0.0,N,,,,,,
59.2031461,-159.1598858,2013-12-13,1,0,19.0,125.0,,Pastick,,0.0,N,,,,,,
59.1980632,-159.1323235,2013-12-13,1,0,16.0,16.0,,Pastick,,0.0,N,,,,,,
59.1845719,-159.09252,2013-12-13,1,0,0.0,200.0,,Pastick,,0.0,N,,,,,,
59.3232542,-158.9568294,2013-12-13,1,0,110.0,115.0,,Pastick,,0.0,N,,,,,,
59.3249055,-158.9363848,2013-12-13,1,0,75.0,120.0,,Pastick,,0.0,N,,,,,,
59.325382,-158.9345669,2013-12-13,1,0,70.0,179.0,,Pastick,,0.0,N,,,,,,
59.3266812,-158.9265009,2013-12-13,1,0,55.0,90.0,,Pastick,,0.0,N,,,,,,
59.2627444,-159.265464,2013-12-13,1,0,48.0,48.0,,Pastick,,0.0,N,,,,,,
59.2633493,-159.2669831,2013-12-13,1,0,105.0,105.0,,Pastick,,0.0,N,,,,,,
59.2676965,-159.275312,2013-12-13,1,0,74.0,100.0,,Pastick,,0.0,N,,,,,,
59.2671245,-159.2768893,2013-12-13,1,0,80.0,200.0,,Pastick,,0.0,N,,,,,,
59.2666312,-159.2775517,2013-12-13,1,0,42.0,107.0,,Pastick,,0.0,N,,,,,,
59.1861835,-158.8353805,2013-12-13,1,0,65.0,110.0,,Pastick,,0.0,N,,,,,,
59.1888751,-158.8360351,2013-12-13,1,0,100.0,160.0,,Pastick,,0.0,N,,,,,,
59.1808459,-158.8064601,2013-12-13,1,0,50.0,120.0,,Pastick,,0.0,N,,,,,,
59.1902737,-158.7913551,2013-12-13,1,0,60.0,80.0,,Pastick,,0.0,N,,,,,,
59.1834594,-158.777084,2013-12-13,1,0,65.0,110.0,,Pastick,,0.0,N,,,,,,
59.3181567,-159.1000192,2013-12-13,1,0,110.0,180.0,,Pastick,,0.0,N,,,,,,
59.3192281,-159.1016066,2013-12-13,1,0,70.0,152.0,,Pastick,,0.0,N,,,,,,
59.3209857,-159.0962606,2013-12-13,1,0,73.0,190.0,,Pastick,,0.0,N,,,,,,
59.0574408,-159.7413647,2013-12-13,1,0,90.0,152.0,,Pastick,,0.0,N,,,,,,
59.0222408,-159.7694703,2013-12-13,1,0,40.0,152.0,,Pastick,,0.0,N,,,,,,
59.0228394,-159.7680716,2013-12-13,1,0,40.0,152.0,,Pastick,,0.0,N,,,,,,
59.1224864,-159.6989393,2013-12-13,1,0,140.0,160.0,,Pastick,,0.0,N,,,,,,
59.1226997,-159.7000177,2013-12-13,1,0,95.0,152.0,,Pastick,,0.0,N,,,,,,
59.229982,-159.6445251,2013-12-13,1,0,35.0,152.0,,Pastick,,0.0,N,,,,,,
59.2300954,-159.6499132,2013-12-13,1,0,100.0,152.0,,Pastick,,0.0,N,,,,,,
59.1968218,-159.6146716,2013-12-13,1,0,65.0,152.0,,Pastick,,0.0,N,,,,,,
59.1947665,-159.6139659,2013-12-13,1,0,30.0,152.0,,Pastick,,0.0,N,,,,,,
59.1558696,-160.1903732,2013-12-13,1,0,50.0,152.0,,Pastick,,0.0,N,,,,,,
59.1896821,-160.1490277,2013-12-13,1,0,65.0,152.0,,Pastick,,0.0,N,,,,,,
59.1888345,-160.146483,2013-12-13,1,0,38.0,152.0,,Pastick,,0.0,N,,,,,,
59.2342986,-160.1540801,2013-12-13,1,0,40.0,152.0,,Pastick,,0.0,N,,,,,,
64.0247754704835,-145.56653637487176,2004-06-21,1,0,0.0,118.0,,Pastick,3.0,0.0,N,,,,,,
64.02448173161844,-145.56587604358174,2004-06-21,1,0,0.0,110.0,,Pastick,4.0,0.0,N,,,,,,
64.02427135604525,-145.56547751022583,2004-06-21,1,0,0.0,95.0,,Pastick,5.0,0.0,N,,,,,,
64.02395292136383,-145.56504359881998,2004-06-21,1,0,0.0,100.0,,Pastick,6.0,0.0,N,,,,,,
63.97088110899652,-145.1183699190152,2004-09-29,1,0,0.0,200.0,,Pastick,1.0,5.0,N,,,,,,
63.81148946594868,-144.9493213043712,2004-06-09,1,1,30.0,50.0,,Pastick,1.0,30.0,N,,,,,,
63.90563679628254,-145.38943890328628,2004-06-10,1,0,0.0,80.0,,Pastick,1.0,27.0,N,,,,,,
63.81815974372021,-144.96645428080603,2004-06-10,1,0,0.0,70.0,,Pastick,3.0,0.0,N,,,,,,
63.82009952025478,-144.92983595733958,2004-06-10,1,0,0.0,190.0,,Pastick,2.0,10.0,N,,,,,,
63.80400917827318,-145.0036470293576,2004-07-08,1,0,0.0,110.0,,Pastick,1.0,26.0,N,,,,,,
63.79521152539903,-145.02784202471867,2004-07-08,1,0,0.0,200.0,,Pastick,2.0,0.0,N,,,,,,
63.8061335840627,-145.01056517538638,2004-07-08,1,0,0.0,59.0,,Pastick,3.0,0.0,N,,,,,,
63.8072929223605,-145.01783654099867,2004-07-08,1,1,63.0,70.0,,Pastick,4.0,21.0,N,,,,,,
63.81017362548496,-145.0289086559216,2004-07-08,1,0,0.0,85.0,,Pastick,5.0,19.0,N,,,,,,
63.810895597845,-145.03511521068694,2004-07-08,1,0,0.0,85.0,,Pastick,6.0,25.0,N,,,,,,
63.8126488080724,-145.0386093491417,2004-07-08,1,0,0.0,85.0,,Pastick,7.0,5.0,N,,,,,,
63.98198832798845,-145.06869337099536,2004-07-13,1,0,0.0,200.0,,Pastick,2.0,0.0,N,,,,,,
63.98192926421778,-145.0737049300936,2004-07-14,1,0,0.0,175.0,,Pastick,1.0,0.0,N,,,,,,
63.98202245163248,-145.07463870034107,2004-07-14,1,0,0.0,160.0,,Pastick,2.0,0.0,N,,,,,,
63.97011136891876,-145.0612790637668,2004-07-14,1,0,0.0,200.0,,Pastick,3.0,4.0,N,,,,,,
63.96499353187412,-145.06996722310623,2004-07-14,1,0,0.0,170.0,,Pastick,5.0,0.0,N,,,,,,
63.82631735766787,-145.09261930807904,2004-07-05,1,0,0.0,200.0,,Pastick,1.0,0.0,N,,,,,,
63.82829798320832,-145.10738496804265,2004-07-05,1,0,0.0,80.0,,Pastick,2.0,0.0,N,,,,,,
63.830155477377645,-145.12523038410265,2004-07-05,1,1,67.0,70.0,,Pastick,3.0,26.0,N,,,,,,
63.82995867995336,-145.1426645418577,2004-07-05,1,0,0.0,135.0,,Pastick,4.0,3.0,N,,,,,,
63.85410351711814,-145.11120465918984,2004-07-20,1,0,0.0,133.0,,Pastick,1.0,5.0,N,,,,,,
63.851380638607175,-145.1171852401717,2004-07-20,1,0,0.0,50.0,,Pastick,2.0,0.0,N,,,,,,
63.84597882745872,-145.12358725657535,2004-07-20,1,0,0.0,195.0,,Pastick,3.0,0.0,N,,,,,,
63.87982253600131,-145.1826652803917,2004-07-21,1,0,0.0,200.0,,Pastick,1.0,10.0,N,,,,,,
63.86152237333389,-145.20092101816772,2004-07-21,1,0,0.0,200.0,,Pastick,2.0,0.0,N,,,,,,
63.87201773791576,-145.2118945247396,2004-07-22,1,0,0.0,170.0,,Pastick,1.0,10.0,N,,,,,,
63.87483433406523,-145.21244842725196,2004-07-22,1,0,0.0,165.0,,Pastick,2.0,30.0,N,,,,,,
63.87468080083895,-145.2174666757713,2004-07-22,1,0,0.0,200.0,,Pastick,3.0,8.0,N,,,,,,
63.94049407480978,-145.20328525089153,2004-07-26,1,0,0.0,70.0,,Pastick,1.0,0.0,N,,,,,,
63.9391367189369,-145.20096422589782,2004-07-26,1,0,0.0,85.0,,Pastick,2.0,0.0,N,,,,,,
63.93780347534786,-145.19625441332505,2004-07-26,1,0,0.0,50.0,,Pastick,3.0,0.0,N,,,,,,
63.92645773952714,-145.1726902838454,2004-07-26,1,0,0.0,64.0,,Pastick,3.0,0.0,N,,,,,,
63.92646216810643,-145.17517849825737,2004-07-26,1,0,0.0,85.0,,Pastick,4.0,0.0,N,,,,,,
63.92281055032174,-145.19036533642,2004-07-28,1,0,0.0,185.0,,Pastick,1.0,7.0,N,,,,,,
63.9267306503701,-145.2060226744789,2004-07-28,1,0,0.0,65.0,,Pastick,5.0,0.0,N,,,,,,
63.92941541167587,-145.2118892709418,2004-07-28,1,0,0.0,200.0,,Pastick,6.0,0.0,N,,,,,,
63.94241825587863,-145.2028150192894,2004-08-19,1,0,0.0,135.0,,Pastick,1.0,0.0,N,,,,,,
63.94531747636204,-145.20569085982785,2004-08-19,1,0,0.0,155.0,,Pastick,2.0,0.0,N,,,,,,
63.94779298560408,-145.2047975699453,2004-08-19,1,0,0.0,82.0,,Pastick,3.0,0.0,N,,,,,,
63.95079479248373,-145.2043603599194,2004-08-19,1,0,0.0,65.0,,Pastick,4.0,8.0,N,,,,,,
63.95413617663824,-145.20524884562963,2004-08-19,1,0,0.0,50.0,,Pastick,5.0,27.0,N,,,,,,
63.906924409996506,-145.3865727457201,2004-08-25,1,0,0.0,73.0,,Pastick,1.0,8.0,N,,,,,,
63.81665995888128,-144.95878002070697,2004-08-26,1,1,54.0,54.0,,Pastick,1.0,25.0,N,,,,,,
63.968144787858016,-145.2400791795712,2004-07-29,1,0,0.0,65.0,,Pastick,1.0,26.0,N,,,,,,
63.95142029784434,-145.2630755659604,2004-09-29,1,0,0.0,200.0,,Pastick,2.0,38.0,N,,,,,,
63.95119793102579,-145.26249730999578,2004-09-29,1,0,0.0,180.0,,Pastick,3.0,0.0,N,,,,,,
63.99587950711483,-145.5232405717472,2004-09-28,1,0,0.0,180.0,,Pastick,1.0,22.0,N,,,,,,
63.99643328092832,-145.52916122793354,2004-09-28,1,0,0.0,55.0,,Pastick,2.0,0.0,N,,,,,,
64.00933882589972,-145.5183977456293,2004-09-28,1,0,0.0,36.0,,Pastick,3.0,0.0,N,,,,,,
64.05772555785444,-145.72360508138877,2004-09-28,1,0,0.0,80.0,,Pastick,4.0,7.0,N,,,,,,
62.99500868038112,-151.63659324221632,1999-07-10,1,0,0.0,100.0,,Pastick,5.0,2.0,N,,,,,,
62.99918885647107,-151.6607043233633,1999-07-10,1,0,0.0,100.0,,Pastick,1.0,1.0,N,,,,,,
63.00093928784306,-151.66259872317863,1999-07-10,1,0,0.0,100.0,,Pastick,2.0,4.0,N,,,,,,
63.00592973584314,-151.65119211503838,1999-07-10,1,0,0.0,100.0,,Pastick,2.0,3.0,N,,,,,,
63.00656781930011,-151.6569296414664,1999-07-10,1,0,0.0,100.0,,Pastick,4.0,2.0,N,,,,,,
63.00946267767069,-151.65266842484417,1999-07-10,1,1,61.0,61.0,,Pastick,1.0,18.0,N,,,,,,
63.0100555389505,-151.65459656127274,1999-07-10,1,1,113.0,113.0,,Pastick,3.0,4.0,N,,,,,,
63.01387152019595,-151.65847055451832,1999-07-10,1,0,0.0,100.0,,Pastick,2.0,0.0,N,,,,,,
63.01637161811072,-151.65422660691348,1999-07-10,1,0,0.0,100.0,,Pastick,1.0,2.0,N,,,,,,
63.1042083633783,-151.64295256177752,1999-08-05,1,0,0.0,150.0,,Pastick,1.0,4.0,N,,,,,,
63.10550182156332,-151.64867882702967,1999-08-05,1,1,83.0,83.0,,Pastick,2.0,12.0,N,,,,,,
63.10625805165616,-151.65552040558427,1999-08-05,1,0,0.0,100.0,,Pastick,2.0,7.0,N,,,,,,
63.10656317212104,-151.6669213295108,1999-08-05,1,0,0.0,100.0,,Pastick,1.0,8.0,N,,,,,,
63.10671513336028,-151.6563910876714,1999-08-05,1,0,0.0,100.0,,Pastick,1.0,3.0,N,,,,,,
63.10752127028045,-151.65431255937557,1999-08-05,1,0,0.0,100.0,,Pastick,3.0,4.0,N,,,,,,
63.10814390535116,-151.67852215374066,1999-08-05,1,0,0.0,100.0,,Pastick,2.0,2.0,N,,,,,,
63.10837993052025,-151.62961790505287,1999-08-05,1,0,0.0,150.0,,Pastick,3.0,5.0,N,,,,,,
63.10926679903816,-151.62386803659857,1999-08-05,1,0,62.0,62.0,,Pastick,1.0,1.0,Y,,,,,,
63.1096227417245,-151.62539715930808,1999-08-05,1,0,58.0,58.0,,Pastick,2.0,2.0,Y,,,,,,
63.16164125292204,-151.5044940701492,2002-08-15,1,0,0.0,150.0,,Pastick,2.0,1.0,N,,,,,,
63.16597530401752,-151.5249241282145,2002-08-15,1,0,0.0,150.0,,Pastick,1.0,2.0,N,,,,,,
63.168109673476,-151.50668297644867,2002-08-15,1,0,0.0,150.0,,Pastick,3.0,15.0,N,,,,,,
63.19247321741376,-151.9574914502772,1999-08-22,1,0,0.0,150.0,,Pastick,1.0,120.0,N,,,,,,
63.19280616887042,-151.95883100496837,1999-08-22,1,0,0.0,100.0,,Pastick,2.0,5.0,N,,,,,,
63.19285020988289,-151.9599424483731,1999-08-22,1,1,42.0,47.0,,Pastick,3.0,21.0,N,,,,,,
63.19650486548437,-151.95891679445205,1999-08-22,1,1,49.0,49.0,,Pastick,1.0,12.0,N,,,,,,
63.19782930804829,-151.95837224553688,1999-08-22,1,1,43.0,43.0,,Pastick,2.0,24.0,N,,,,,,
63.20009830999418,-151.96425481171417,1999-08-22,1,1,53.0,53.0,,Pastick,3.0,18.0,N,,,,,,
63.20254567659229,-151.9700126591475,1999-08-22,1,1,48.0,48.0,,Pastick,4.0,9.0,N,,,,,,
63.2026825329302,-151.97778171164538,1999-08-20,1,1,44.0,90.0,,Pastick,1.0,37.0,N,,,,,,
63.19903423354919,-151.2319829010778,2002-08-30,1,0,0.0,150.0,,Pastick,1.0,1.0,N,,,,,,
63.20459008459823,-151.51941865526146,1999-07-08,1,0,0.0,100.0,,Pastick,1.0,0.0,N,,,,,,
63.20644374361366,-151.6997722935787,1999-07-12,1,0,0.0,100.0,,Pastick,2.0,10.0,N,,,,,,
63.206472545122615,-151.69507792844652,1999-07-12,1,0,0.0,100.0,,Pastick,1.0,12.0,N,,,,,,
63.20764528940918,-151.6888800985626,1999-07-12,1,1,42.0,58.0,,Pastick,3.0,31.0,N,,,,,,
63.20605508911027,-151.52304266507645,1999-07-08,1,0,0.0,150.0,,Pastick,2.0,3.0,N,,,,,,
63.20906406100964,-151.70657557432045,1999-07-12,1,0,0.0,100.0,,Pastick,3.0,9.0,N,,,,,,
63.20907059302016,-151.68575287152171,1999-07-12,1,0,0.0,100.0,,Pastick,2.0,15.0,N,,,,,,
63.20948854936682,-151.68338711945637,1999-07-12,1,1,42.0,49.0,,Pastick,1.0,31.0,N,,,,,,
63.208643359522576,-151.52678889433506,1999-07-08,1,1,112.0,112.0,,Pastick,3.0,10.0,N,,,,,,
63.21043626320635,-151.67910774608592,1999-07-12,1,1,40.0,61.0,,Pastick,5.0,34.0,N,,,,,,
63.2108304750254,-151.67324240374228,1999-07-12,1,1,36.0,48.0,,Pastick,4.0,36.0,N,,,,,,
63.21137179723303,-151.66490383735697,1999-07-12,1,0,0.0,100.0,,Pastick,2.0,10.0,N,,,,,,
63.211458443955166,-151.66840038971185,1999-07-12,1,0,0.0,100.0,,Pastick,3.0,8.0,N,,,,,,
63.21136405798052,-151.53033016620404,1999-07-08,1,0,0.0,100.0,,Pastick,4.0,4.0,N,,,,,,
63.21277165841094,-151.6591307600657,1999-07-12,1,0,0.0,100.0,,Pastick,1.0,3.0,N,,,,,,
63.21437165468766,-151.53558818669657,1999-07-08,1,0,0.0,100.0,,Pastick,1.0,1.0,N,,,,,,
63.21888522975652,-152.02658457106747,1999-08-22,1,0,0.0,100.0,,Pastick,1.0,2.0,N,,,,,,
63.21907340168661,-152.0291643613051,1999-08-22,1,0,0.0,100.0,,Pastick,2.0,11.0,N,,,,,,
63.21818917917259,-151.53931436478612,1999-07-08,1,0,0.0,100.0,,Pastick,2.0,5.0,N,,,,,,
63.21388472591884,-151.11268726496246,1999-07-12,1,0,0.0,100.0,,Pastick,1.0,1.0,N,,,,,,
63.21552722355493,-151.1079246488664,1999-07-12,1,0,0.0,100.0,,Pastick,2.0,3.0,N,,,,,,
63.21778281939608,-151.10135046875442,1999-07-12,1,0,0.0,100.0,,Pastick,1.0,1.0,N,,,,,,
63.22476421867624,-151.53273419081748,1999-07-08,1,0,0.0,100.0,,Pastick,1.0,4.0,N,,,,,,
63.22009425197541,-151.09897020141514,1999-07-12,1,0,0.0,100.0,,Pastick,2.0,5.0,N,,,,,,
63.22659945608557,-151.526173466318,1999-07-08,1,0,0.0,100.0,,Pastick,2.0,8.0,N,,,,,,
63.22928954953356,-151.52070260590375,1999-07-08,1,1,41.0,70.0,,Pastick,3.0,20.0,N,,,,,,
63.225502071806325,-151.11471598558518,1999-07-12,1,1,109.0,109.0,,Pastick,1.0,3.0,N,,,,,,
63.22652062418565,-151.1381948067616,2002-08-30,1,0,0.0,150.0,,Pastick,1.0,3.0,N,,,,,,
63.22867102922997,-151.11944582550828,1999-07-12,1,1,76.0,76.0,,Pastick,2.0,14.0,N,,,,,,
63.23138572690271,-151.12106094310764,1999-07-12,1,0,0.0,150.0,,Pastick,3.0,1.0,N,,,,,,
63.23336965230917,-151.113586142775,1999-07-12,1,0,0.0,100.0,,Pastick,4.0,3.0,N,,,,,,
63.23697266530138,-151.10907046404355,1999-07-12,1,0,0.0,150.0,,Pastick,1.0,10.0,N,,,,,,
63.238509382035474,-151.1071580664406,1999-07-12,1,0,0.0,100.0,,Pastick,2.0,1.0,N,,,,,,
63.24008672182095,-150.95390436653537,1999-07-07,1,0,0.0,100.0,,Pastick,2.0,4.0,N,,,,,,
63.24142711198494,-150.95908684151533,1999-07-07,1,0,0.0,100.0,,Pastick,3.0,0.0,N,,,,,,
63.24833253240568,-151.41511040464252,1999-08-09,1,0,0.0,100.0,,Pastick,3.0,5.0,N,,,,,,
63.24272300075276,-150.9605487671964,1999-07-07,1,0,0.0,100.0,,Pastick,4.0,1.0,N,,,,,,
63.24271652110399,-150.95322039890473,1999-07-07,1,0,0.0,100.0,,Pastick,1.0,1.0,N,,,,,,
63.24895876949111,-151.41652998713965,1999-08-09,1,0,0.0,150.0,,Pastick,2.0,9.0,N,,,,,,
63.25137471775209,-151.4198634322584,1999-08-09,1,0,0.0,100.0,,Pastick,1.0,1.0,N,,,,,,
63.24603033886141,-150.95890132134474,1999-07-07,1,0,78.0,78.0,,Pastick,1.0,1.0,Y,,,,,,
63.24625897206859,-150.95856649671336,1999-07-07,1,0,0.0,100.0,,Pastick,2.0,2.0,N,,,,,,
63.2547518047015,-151.42894186825876,1999-08-09,1,0,0.0,100.0,,Pastick,3.0,10.0,N,,,,,,
63.25479709300512,-151.42248514916278,1999-08-09,1,0,0.0,150.0,,Pastick,1.0,4.0,N,,,,,,
63.2558637528085,-151.42720804291824,1999-08-09,1,0,0.0,100.0,,Pastick,2.0,1.0,N,,,,,,
63.25073741043733,-150.97856935937824,1999-07-07,1,0,0.0,100.0,,Pastick,2.0,4.0,N,,,,,,
63.25692919466252,-151.43754933901735,1999-08-09,1,1,115.0,115.0,,Pastick,1.0,13.0,N,,,,,,
63.25249317722535,-150.9763946145251,1999-07-07,1,0,0.0,100.0,,Pastick,1.0,5.0,N,,,,,,
63.25916489290945,-151.4433258184512,1999-08-09,1,0,0.0,100.0,,Pastick,2.0,5.0,N,,,,,,
63.25938843906312,-151.40673383248463,2002-08-30,1,1,82.0,82.0,,Pastick,2.0,19.0,N,,,,,,
63.25955594145336,-151.4072625440626,2002-08-30,1,0,0.0,150.0,,Pastick,1.0,5.0,N,,,,,,
63.26116036968145,-151.44849840334163,1999-08-09,1,0,0.0,100.0,,Pastick,1.0,4.0,N,,,,,,
63.26889209427486,-151.44626952169784,1999-08-09,1,1,96.0,96.0,,Pastick,2.0,28.0,N,,,,,,
63.261092375064365,-150.82234376604904,2002-08-15,1,0,0.0,150.0,,Pastick,1.0,2.0,N,,,,,,
63.26800947443239,-151.14251712427352,1999-07-14,1,0,0.0,100.0,,Pastick,3.0,4.0,N,,,,,,
63.268233154893565,-151.15073446770396,1999-07-14,1,0,0.0,100.0,,Pastick,4.0,0.0,N,,,,,,
63.26842018566737,-151.12931583086973,1999-07-14,1,0,0.0,150.0,,Pastick,2.0,12.0,N,,,,,,
63.26898180318073,-151.12423661347125,1999-07-14,1,0,0.0,100.0,,Pastick,1.0,5.0,N,,,,,,
63.26975232878982,-151.173838619167,1999-07-14,1,1,47.0,47.0,,Pastick,4.0,20.0,N,,,,,,
63.27358553630057,-151.44284762870726,1999-08-09,1,0,0.0,100.0,,Pastick,3.0,3.0,N,,,,,,
63.27108056874151,-151.16960850361727,1999-07-14,1,0,0.0,100.0,,Pastick,3.0,1.0,N,,,,,,
63.27087537639454,-151.1119541645012,1999-07-14,1,1,88.0,88.0,,Pastick,1.0,8.0,N,,,,,,
63.27107370222333,-151.11879839735553,1999-07-14,1,1,42.0,56.0,,Pastick,2.0,12.0,N,,,,,,
63.27175078738107,-151.1665759539974,1999-07-14,1,0,0.0,100.0,,Pastick,2.0,9.0,N,,,,,,
63.27183586446481,-151.16551405653695,1999-07-14,1,0,0.0,150.0,,Pastick,1.0,3.0,N,,,,,,
63.281622780054406,-151.92865561452678,1999-07-24,1,0,0.0,150.0,,Pastick,1.0,150.0,N,,,,,,
63.28218899945718,-151.9287542283916,1999-07-24,1,0,0.0,100.0,,Pastick,2.0,23.0,N,,,,,,
63.2836560084209,-151.9304742862431,1999-07-24,1,1,29.0,29.0,,Pastick,3.0,21.0,N,,,,,,
63.271351157800616,-150.80687727468475,2002-08-15,1,0,46.0,46.0,,Pastick,1.0,0.0,Y,,,,,,
63.27191704051877,-150.81155926102215,2002-08-15,1,0,68.0,68.0,,Pastick,2.0,6.0,Y,,,,,,
63.27291741646736,-150.8170658621956,2002-08-15,1,1,128.0,128.0,,Pastick,3.0,6.0,N,,,,,,
63.29583026142398,-151.93808147150463,1999-07-24,1,1,39.0,49.0,,Pastick,1.0,23.0,N,,,,,,
63.29689437353736,-151.93754363323546,1999-07-24,1,0,0.0,150.0,,Pastick,2.0,150.0,N,,,,,,
63.29596368584919,-151.6112015892629,1999-08-19,1,0,0.0,100.0,,Pastick,1.0,0.0,N,,,,,,
63.2961249161937,-151.583805017762,1999-08-19,1,0,0.0,100.0,,Pastick,3.0,8.0,N,,,,,,
63.29667354531374,-151.58481541756817,1999-08-19,1,0,0.0,100.0,,Pastick,2.0,38.0,N,,,,,,
63.297074257367626,-151.58992262067474,1999-08-19,1,1,74.0,74.0,,Pastick,1.0,41.0,N,,,,,,
63.29719503145064,-151.59215099789512,1999-08-19,1,1,34.0,49.0,,Pastick,3.0,25.0,N,,,,,,
63.2977288356266,-151.59986526733596,1999-08-19,1,1,52.0,70.0,,Pastick,1.0,26.0,N,,,,,,
63.29785126678736,-151.59862246733007,1999-08-19,1,0,0.0,100.0,,Pastick,2.0,9.0,N,,,,,,
63.29776049948797,-151.57588463493585,1999-08-19,1,1,41.0,59.0,,Pastick,4.0,57.0,N,,,,,,
63.29814949323675,-151.60614890318644,1999-08-19,1,0,0.0,100.0,,Pastick,2.0,10.0,N,,,,,,
63.29782808510038,-151.56740277802808,1999-08-19,1,1,88.0,88.0,,Pastick,4.0,17.0,N,,,,,,
63.29796309833272,-151.56476272926685,1999-08-19,1,0,0.0,100.0,,Pastick,5.0,11.0,N,,,,,,
63.301321550401454,-151.92584935849013,1999-07-24,1,1,43.0,43.0,,Pastick,3.0,20.0,N,,,,,,
63.30243481155568,-151.9223164752525,1999-07-24,1,0,0.0,100.0,,Pastick,1.0,8.0,N,,,,,,
63.3037105099933,-151.9200940569083,1999-07-24,1,0,0.0,100.0,,Pastick,2.0,9.0,N,,,,,,
63.29569178133537,-151.06921151343354,1998-08-19,1,0,0.0,150.0,,Pastick,1.0,3.0,N,,,,,,
63.29203250748584,-150.79660693157837,1998-07-26,1,0,118.0,118.0,,Pastick,1.0,0.0,Y,,,,,,
63.30536278136127,-151.91664017451646,1999-07-24,1,0,0.0,100.0,,Pastick,3.0,9.0,N,,,,,,
63.30664595878641,-151.91659197968113,1999-07-24,1,0,0.0,100.0,,Pastick,1.0,0.0,N,,,,,,
63.3071843548334,-151.91657175663337,1999-07-24,1,0,0.0,150.0,,Pastick,2.0,7.0,N,,,,,,
63.29830624051432,-151.06670204013537,1998-08-19,1,1,109.0,127.0,,Pastick,2.0,23.0,N,,,,,,
63.29895566343176,-151.06560098935353,1998-08-19,1,0,0.0,150.0,,Pastick,3.0,4.0,N,,,,,,
63.30050484957584,-151.06266357024657,1998-08-19,1,0,0.0,150.0,,Pastick,1.0,4.0,N,,,,,,
63.29695654155466,-150.7887281103425,1998-07-26,1,0,0.0,100.0,,Pastick,2.0,2.0,N,,,,,,
63.3010982317795,-151.06206497926593,1998-08-19,1,1,60.0,63.0,,Pastick,2.0,41.0,N,,,,,,
63.297828887842925,-150.7859274489418,1998-07-26,1,0,0.0,100.0,,Pastick,3.0,4.0,N,,,,,,
63.30417138191809,-151.05896471491909,1998-08-19,1,0,0.0,150.0,,Pastick,3.0,2.0,N,,,,,,
63.3012352292547,-150.78498740602905,1998-07-26,1,0,0.0,100.0,,Pastick,4.0,7.0,N,,,,,,
63.30108998168497,-150.7687735380041,1998-07-26,1,0,0.0,100.0,,Pastick,1.0,5.0,N,,,,,,
63.30312563247383,-150.7841436639073,1998-07-26,1,0,0.0,100.0,,Pastick,1.0,1.0,N,,,,,,
63.30795854975456,-150.90601459427052,1998-08-12,1,0,0.0,100.0,,Pastick,1.0,10.0,N,,,,,,
63.30850024195946,-150.9098876253242,1998-08-12,1,0,0.0,100.0,,Pastick,1.0,7.0,N,,,,,,
63.30899713971141,-150.9150016426991,1998-08-12,1,0,0.0,130.0,,Pastick,2.0,10.0,N,,,,,,
63.307353666906906,-150.78407822720277,1998-07-26,1,0,0.0,150.0,,Pastick,2.0,2.0,N,,,,,,
63.32256853566821,-152.20070732477976,2001-09-05,1,1,44.0,44.0,,Pastick,3.0,32.0,N,,,,,,
63.30752301999768,-150.7742042730796,1998-07-26,1,0,0.0,115.0,,Pastick,3.0,6.0,N,,,,,,
63.300086981621824,-150.3046596289278,1998-07-10,1,1,130.0,130.0,,Pastick,1.0,2.0,N,,,,,,
63.30855451241747,-150.78508384561906,1998-07-26,1,0,0.0,100.0,,Pastick,3.0,4.0,N,,,,,,
63.31280735941048,-151.07479278575613,1998-08-19,1,0,0.0,150.0,,Pastick,1.0,10.0,N,,,,,,
63.31089579439199,-150.92821933422746,1998-08-12,1,0,0.0,100.0,,Pastick,6.0,11.0,N,,,,,,
63.31099172167515,-150.92062662122413,1998-08-12,1,1,62.0,62.0,,Pastick,4.0,6.0,N,,,,,,
63.31122131563196,-150.92961330033998,1998-08-12,1,0,0.0,110.0,,Pastick,7.0,4.0,N,,,,,,
63.3113147670155,-150.916311286156,1998-08-12,1,0,0.0,100.0,,Pastick,3.0,2.0,N,,,,,,
63.32547244354779,-152.19359874014316,2001-09-05,1,0,0.0,150.0,,Pastick,2.0,6.0,N,,,,,,
63.31301208445156,-150.9391871936019,1998-08-12,1,0,0.0,150.0,,Pastick,5.0,3.0,N,,,,,,
63.30267944332316,-150.30972723425714,1998-07-10,1,0,72.0,72.0,,Pastick,2.0,3.0,Y,,,,,,
63.31335329117636,-150.95102151366007,1998-08-12,1,0,0.0,100.0,,Pastick,2.0,2.0,N,,,,,,
63.31083647638201,-150.77307003880858,1998-07-26,1,0,0.0,100.0,,Pastick,2.0,3.0,N,,,,,,
63.311134601034624,-150.77606156519312,1998-07-26,1,0,0.0,150.0,,Pastick,1.0,5.0,N,,,,,,
63.31387351611004,-150.94848897473284,1998-08-12,1,0,0.0,100.0,,Pastick,1.0,9.0,N,,,,,,
63.31614411040562,-151.09864780937585,1998-08-19,1,0,0.0,100.0,,Pastick,4.0,1.0,N,,,,,,
63.31607125303313,-151.0851562823022,1998-08-19,1,0,0.0,150.0,,Pastick,1.0,4.0,N,,,,,,
63.31633576710192,-151.0935041252584,1998-08-19,1,0,0.0,100.0,,Pastick,2.0,9.0,N,,,,,,
63.3164245800168,-151.08072047987318,1998-08-19,1,0,0.0,150.0,,Pastick,2.0,11.0,N,,,,,,
63.31669387462087,-151.09611587218805,1998-08-19,1,0,0.0,150.0,,Pastick,3.0,4.0,N,,,,,,
63.30424840210946,-150.31672768477875,1998-07-10,1,0,0.0,150.0,,Pastick,1.0,0.0,N,,,,,,
63.32873870044239,-152.1824249066898,2001-09-05,1,1,58.0,58.0,,Pastick,1.0,18.0,N,,,,,,
63.30635497521904,-150.31842824899445,1998-07-10,1,0,0.0,100.0,,Pastick,2.0,2.0,N,,,,,,
63.330343703172055,-152.17590925380964,2001-09-05,1,1,158.0,158.0,,Pastick,3.0,3.0,N,,,,,,
63.30774686540603,-150.32702374282758,1998-10-10,1,0,0.0,150.0,,Pastick,2.0,0.0,N,,,,,,
63.30758873413743,-150.31765461112403,1998-07-10,1,1,42.0,53.0,,Pastick,3.0,5.0,N,,,,,,
63.331155787777725,-152.17354953064398,2001-09-05,1,0,0.0,150.0,,Pastick,2.0,7.0,N,,,,,,
63.33139489524618,-152.17144579740523,2001-09-05,1,0,0.0,150.0,,Pastick,1.0,2.0,N,,,,,,
63.30858155865338,-150.3169632319902,1998-07-10,1,1,26.0,50.0,,Pastick,1.0,21.0,N,,,,,,
63.30896046923493,-150.32517411929857,1998-10-10,1,0,0.0,100.0,,Pastick,1.0,3.0,N,,,,,,
63.33003812543157,-151.77268393085234,1999-08-20,1,0,0.0,100.0,,Pastick,1.0,5.0,N,,,,,,
63.33008306543634,-151.77477895251636,1999-08-20,1,0,0.0,100.0,,Pastick,2.0,9.0,N,,,,,,
63.31012039926892,-150.3152225956446,1998-07-10,1,0,0.0,100.0,,Pastick,2.0,3.0,N,,,,,,
63.33013848460436,-151.76766696712332,1999-08-20,1,1,44.0,44.0,,Pastick,5.0,18.0,N,,,,,,
63.33021572651308,-151.758976297478,1999-08-20,1,1,54.0,54.0,,Pastick,3.0,22.0,N,,,,,,
63.33041101920986,-151.7618237539499,1999-08-20,1,0,0.0,100.0,,Pastick,4.0,52.0,N,,,,,,
63.331153536030136,-151.778188509561,1999-08-20,1,0,0.0,100.0,,Pastick,3.0,15.0,N,,,,,,
63.33148753487797,-151.7826080770023,1999-08-20,1,0,0.0,100.0,,Pastick,4.0,2.0,N,,,,,,
63.3114550944028,-150.30932742343438,1998-07-10,1,0,0.0,150.0,,Pastick,4.0,0.0,N,,,,,,
63.31214296486017,-150.3105611736566,1998-07-10,1,1,110.0,110.0,,Pastick,3.0,3.0,N,,,,,,
63.332577172821374,-151.79252830486254,1999-08-20,1,0,0.0,100.0,,Pastick,6.0,1.0,N,,,,,,
63.33325186520505,-151.79695398891226,1999-08-20,1,0,0.0,100.0,,Pastick,1.0,0.0,N,,,,,,
63.32545539347319,-150.74345714342928,1998-08-05,1,0,0.0,150.0,,Pastick,1.0,1.0,N,,,,,,
63.326286249008426,-150.7431923151123,1998-08-05,1,0,0.0,150.0,,Pastick,2.0,5.0,N,,,,,,
63.32905391474458,-150.74389439770175,1998-08-05,1,0,0.0,150.0,,Pastick,1.0,18.0,N,,,,,,
63.331881617227374,-150.7410157403169,1998-08-05,1,0,0.0,150.0,,Pastick,2.0,8.0,N,,,,,,
63.3369301680501,-150.74513563385943,1998-08-05,1,1,62.0,79.0,,Pastick,1.0,19.0,N,,,,,,
63.33829536189746,-150.74572812731267,1998-08-05,1,0,0.0,100.0,,Pastick,2.0,5.0,N,,,,,,
63.341275223009205,-150.74565467917958,1998-08-05,1,1,61.0,65.0,,Pastick,3.0,22.0,N,,,,,,
63.34548994236816,-150.74986186451227,1998-08-05,1,0,0.0,150.0,,Pastick,4.0,48.0,N,,,,,,
63.345646296122176,-150.61470635854576,1998-07-22,1,0,0.0,100.0,,Pastick,1.0,0.0,N,,,,,,
63.34686566422511,-150.61298610183664,1998-07-22,1,0,0.0,150.0,,Pastick,2.0,3.0,N,,,,,,
63.3505446611691,-150.7481272102391,1998-08-05,1,0,0.0,100.0,,Pastick,5.0,8.0,N,,,,,,
63.348470147286456,-150.61335279901806,1998-07-22,1,0,0.0,150.0,,Pastick,3.0,3.0,N,,,,,,
63.350970049568,-150.61088625268928,1998-07-22,1,1,48.0,48.0,,Pastick,4.0,18.0,N,,,,,,
63.35366441936316,-150.74952253642743,1998-08-05,1,0,0.0,100.0,,Pastick,1.0,0.0,N,,,,,,
63.35443094976008,-150.75030233779393,1998-08-05,1,0,0.0,100.0,,Pastick,2.0,0.0,N,,,,,,
63.35231035559495,-150.60995521531973,1998-07-22,1,0,0.0,100.0,,Pastick,5.0,2.0,N,,,,,,
63.36101845093752,-151.18298449736272,1999-07-22,1,1,48.0,48.0,,Pastick,3.0,19.0,N,,,,,,
63.36165436502871,-151.21057868323604,1999-07-22,1,0,0.0,100.0,,Pastick,4.0,2.0,N,,,,,,
63.36316296493108,-151.17235057299166,1999-07-22,1,0,0.0,150.0,,Pastick,2.0,7.0,N,,,,,,
63.35078843915943,-150.3533586702673,1998-07-09,1,0,91.0,91.0,,Pastick,1.0,2.0,Y,,,,,,
63.36380911030263,-151.16882994070815,1999-07-22,1,0,0.0,150.0,,Pastick,1.0,8.0,N,,,,,,
63.36507997714303,-151.16432936917997,1999-07-22,1,1,27.0,49.0,,Pastick,2.0,21.0,N,,,,,,
63.3651319690156,-151.14750722809546,1999-07-22,1,1,44.0,44.0,,Pastick,3.0,26.0,N,,,,,,
63.374143970469326,-152.02101326861737,1999-10-10,1,1,96.0,96.0,,Pastick,2.0,24.0,N,,,,,,
63.36581144245932,-151.1563030689093,1999-07-22,1,1,26.0,43.0,,Pastick,1.0,22.0,N,,,,,,
63.35816633767752,-150.60842878516183,1998-07-22,1,1,63.0,63.0,,Pastick,1.0,20.0,N,,,,,,
63.35396382487706,-150.36528491620984,1998-07-09,1,0,0.0,62.0,,Pastick,2.0,4.0,N,,,,,,
63.37509206764907,-152.0363618007169,1999-10-10,1,1,46.0,46.0,,Pastick,3.0,29.0,N,,,,,,
63.36653030547771,-151.1459571924291,1999-07-22,1,0,0.0,150.0,,Pastick,2.0,145.0,N,,,,,,
63.36698066239493,-151.14192816804612,1999-07-22,1,1,49.0,65.0,,Pastick,1.0,38.0,N,,,,,,
63.35557121390403,-150.36673756507986,1998-07-09,1,1,31.0,75.0,,Pastick,1.0,25.0,N,,,,,,
63.35986217299801,-150.60888776105045,1998-07-22,1,0,0.0,120.0,,Pastick,2.0,3.0,N,,,,,,
63.377029365059904,-152.02425544246037,1999-10-10,1,1,56.0,56.0,,Pastick,1.0,30.0,N,,,,,,
63.35667602943764,-150.36577645988072,1998-07-09,1,0,0.0,150.0,,Pastick,2.0,2.0,N,,,,,,
63.3612117846825,-150.6181755905963,1998-07-22,1,0,0.0,42.0,,Pastick,3.0,20.0,N,,,,,,
63.37822563773276,-152.02857555475993,1999-10-10,1,1,88.0,88.0,,Pastick,4.0,8.0,N,,,,,,
63.358368031592846,-150.36792153580157,1998-07-09,1,0,0.0,100.0,,Pastick,3.0,2.0,N,,,,,,
63.36288641480964,-150.62005702309915,1998-07-21,1,0,0.0,150.0,,Pastick,1.0,9.0,N,,,,,,
63.36339407527544,-150.61765483238088,1998-07-21,1,0,0.0,100.0,,Pastick,2.0,1.0,N,,,,,,
63.38020969163404,-152.04999343204375,1999-10-10,1,1,48.0,48.0,,Pastick,2.0,5.0,N,,,,,,
63.38107470303897,-152.06546881002845,1999-10-10,1,1,54.0,70.0,,Pastick,1.0,30.0,N,,,,,,
63.380973906160605,-152.0501882366716,1999-10-10,1,1,53.0,53.0,,Pastick,1.0,23.0,N,,,,,,
63.36495092508056,-150.61624569221755,1998-07-21,1,0,0.0,100.0,,Pastick,3.0,7.0,N,,,,,,
63.36075682671831,-150.37084322311748,1998-07-09,1,1,53.0,53.0,,Pastick,4.0,8.0,N,,,,,,
63.38295814233007,-152.05434404046198,1999-10-10,1,0,84.0,84.0,,Pastick,3.0,21.0,Y,,,,,,
63.38349262639832,-152.05916810347048,1999-10-10,1,1,63.0,63.0,,Pastick,2.0,21.0,N,,,,,,
63.36760245085284,-150.61532572421606,1998-07-21,1,0,0.0,100.0,,Pastick,4.0,2.0,N,,,,,,
63.36354404682911,-150.37150856858784,1998-07-09,1,0,0.0,150.0,,Pastick,5.0,1.0,N,,,,,,
63.36595428316699,-150.36974780477732,1998-07-09,1,1,31.0,96.0,,Pastick,6.0,4.0,N,,,,,,
63.368227428650265,-150.36931976387928,1998-07-09,1,0,0.0,100.0,,Pastick,1.0,0.0,N,,,,,,
63.37118102311991,-150.52333505900307,1998-07-14,1,0,0.0,110.0,,Pastick,1.0,1.0,N,,,,,,
63.36947805348204,-150.37334698449402,1998-07-09,1,0,0.0,100.0,,Pastick,2.0,0.0,N,,,,,,
63.36988251556908,-150.37727166656373,1998-07-09,1,0,0.0,150.0,,Pastick,1.0,1.0,N,,,,,,
63.373001840182816,-150.52683984089768,1998-07-14,1,0,0.0,120.0,,Pastick,2.0,0.0,N,,,,,,
63.37397907536553,-150.53141801970006,1998-07-14,1,1,72.0,72.0,,Pastick,3.0,5.0,N,,,,,,
63.37616870653796,-150.53757350121612,1998-07-14,1,0,0.0,100.0,,Pastick,4.0,2.0,N,,,,,,
63.39428898083572,-152.05491183674457,1999-10-10,1,1,62.0,80.0,,Pastick,1.0,43.0,N,,,,,,
63.37747254488811,-150.54184442671448,1998-07-14,1,1,58.0,58.0,,Pastick,5.0,19.0,N,,,,,,
63.38171869498732,-150.55589193067183,1998-07-14,1,0,0.0,100.0,,Pastick,1.0,1.0,N,,,,,,
63.38248048294056,-150.5584291317052,1998-07-14,1,0,0.0,100.0,,Pastick,2.0,2.0,N,,,,,,
63.38411959133527,-150.56081192550212,1998-07-14,1,0,0.0,100.0,,Pastick,3.0,1.0,N,,,,,,
63.385988040896976,-150.56295533962762,1998-07-14,1,0,0.0,110.0,,Pastick,1.0,4.0,N,,,,,,
63.3872860623174,-150.5632456032277,1998-07-14,1,1,49.0,49.0,,Pastick,2.0,20.0,N,,,,,,
63.38732455983488,-150.56392297288707,1998-07-14,1,0,0.0,100.0,,Pastick,3.0,5.0,N,,,,,,
63.390170059218846,-150.56386184597662,1998-07-14,1,1,78.0,78.0,,Pastick,4.0,10.0,N,,,,,,
63.39173907453493,-150.56266761918306,1998-07-14,1,0,0.0,100.0,,Pastick,1.0,3.0,N,,,,,,
63.40306868759343,-151.34476406349094,1999-09-04,1,0,0.0,100.0,,Pastick,2.0,7.0,N,,,,,,
63.40359190210547,-151.33956766533836,1999-09-04,1,1,48.0,48.0,,Pastick,4.0,35.0,N,,,,,,
63.404882586751405,-151.33785097609456,1999-09-04,1,1,61.0,61.0,,Pastick,3.0,20.0,N,,,,,,
63.40908519002088,-151.33796818470188,1999-09-04,1,1,52.0,52.0,,Pastick,2.0,18.0,N,,,,,,
63.40620870182331,-151.09997600174754,1998-08-21,1,0,0.0,101.0,,Pastick,1.0,5.0,N,,,,,,
63.40722840980864,-151.10036917030723,1998-08-21,1,1,41.0,62.0,,Pastick,2.0,29.0,N,,,,,,
63.412394666398185,-151.33693530309674,1999-09-04,1,1,108.0,108.0,,Pastick,1.0,27.0,N,,,,,,
63.40972441133488,-151.1003842772469,1998-08-21,1,0,0.0,150.0,,Pastick,3.0,5.0,N,,,,,,
63.41360923920753,-151.3371654038384,1999-09-04,1,1,63.0,96.0,,Pastick,6.0,21.0,N,,,,,,
63.410833550038,-151.10075155867963,1998-08-21,1,1,65.0,71.0,,Pastick,4.0,21.0,N,,,,,,
63.41317142426509,-151.10237975351995,1998-08-21,1,1,148.0,148.0,,Pastick,5.0,9.0,N,,,,,,
63.41432940842496,-151.11185903391635,1998-08-21,1,1,57.0,79.0,,Pastick,6.0,48.0,N,,,,,,
63.42249922280107,-151.7694525147415,1999-08-24,1,1,46.0,46.0,,Pastick,2.0,15.0,N,,,,,,
63.42252148573388,-151.7689106112636,1999-08-24,1,0,0.0,150.0,,Pastick,1.0,144.0,N,,,,,,
63.4235258811188,-151.77089114214743,1999-08-24,1,1,106.0,106.0,,Pastick,3.0,41.0,N,,,,,,
63.41920788914742,-151.34309196376893,1999-09-04,1,1,78.0,78.0,,Pastick,5.0,0.0,N,,,,,,
63.41988542122848,-151.34191081812344,1999-09-04,1,1,58.0,86.0,,Pastick,4.0,20.0,N,,,,,,
63.41697131387321,-151.096478598416,1998-08-21,1,0,0.0,100.0,,Pastick,5.0,39.0,N,,,,,,
63.4246928683789,-151.7677755472449,1999-08-24,1,1,62.0,62.0,,Pastick,4.0,20.0,N,,,,,,
63.417430770548265,-151.09390361984785,1998-08-21,1,1,83.0,83.0,,Pastick,7.0,43.0,N,,,,,,
63.42147396730719,-151.33646923294074,1999-09-04,1,1,33.0,47.0,,Pastick,3.0,21.0,N,,,,,,
63.418803485702185,-151.07708197665434,1998-08-21,1,0,0.0,100.0,,Pastick,2.0,4.0,N,,,,,,
63.42249070706037,-151.33512789301807,1999-09-04,1,0,0.0,150.0,,Pastick,2.0,150.0,N,,,,,,
63.42266092165264,-151.33509797926186,1999-09-04,1,0,0.0,100.0,,Pastick,1.0,92.0,N,,,,,,
63.42036535996381,-151.071066200735,1998-08-21,1,0,0.0,150.0,,Pastick,3.0,17.0,N,,,,,,
63.42059993212071,-151.08048823775033,1998-08-21,1,0,0.0,150.0,,Pastick,1.0,16.0,N,,,,,,
63.42108604974992,-151.09265890133477,1998-08-21,1,0,0.0,100.0,,Pastick,8.0,3.0,N,,,,,,
63.42859311795356,-151.76311920996437,1999-08-14,1,0,0.0,150.0,,Pastick,2.0,15.0,N,,,,,,
63.428609353838674,-151.7598120042621,1999-08-14,1,1,38.0,38.0,,Pastick,1.0,11.0,N,,,,,,
63.42106612547811,-151.07043798386405,1998-08-21,1,0,0.0,100.0,,Pastick,4.0,2.0,N,,,,,,
63.41288622284236,-150.5100784831254,2002-08-20,1,0,0.0,150.0,,Pastick,2.0,1.0,N,,,,,,
63.41305956445183,-150.51126566872273,2002-08-20,1,0,0.0,100.0,,Pastick,1.0,2.0,N,,,,,,
63.429643859851495,-151.75593961138387,1999-08-24,1,1,42.0,62.0,,Pastick,4.0,34.0,N,,,,,,
63.430093015843816,-151.7694674843464,1999-08-24,1,1,99.0,99.0,,Pastick,5.0,24.0,N,,,,,,
63.43084611678514,-151.7517590224221,1999-08-24,1,1,40.0,66.0,,Pastick,3.0,23.0,N,,,,,,
63.43157202319513,-151.7464965897747,1999-08-24,1,0,0.0,150.0,,Pastick,1.0,150.0,N,,,,,,
63.43182623986142,-151.7468261907142,1999-08-24,1,1,69.0,69.0,,Pastick,2.0,18.0,N,,,,,,
63.43552197004605,-151.60869735756415,1999-08-08,1,1,34.0,34.0,,Pastick,5.0,15.0,N,,,,,,
63.435929024418485,-151.6062521310239,1999-08-08,1,1,25.0,36.0,,Pastick,4.0,25.0,N,,,,,,
63.43615207800977,-151.598764332071,1999-08-08,1,1,43.0,43.0,,Pastick,3.0,17.0,N,,,,,,
63.436447912450525,-151.6199581631894,1999-08-08,1,1,33.0,33.0,,Pastick,1.0,24.0,N,,,,,,
63.43047570416102,-151.06717910506526,2002-09-01,1,0,0.0,150.0,,Pastick,1.0,16.0,N,,,,,,
63.438233525790594,-151.59774046680874,1999-08-08,1,1,27.0,39.0,,Pastick,2.0,23.0,N,,,,,,
63.43932305872298,-151.6333318506319,1999-08-08,1,1,33.0,51.0,,Pastick,1.0,51.0,N,,,,,,
63.43943007765259,-151.59710056787853,1999-08-08,1,0,0.0,150.0,,Pastick,1.0,130.0,N,,,,,,
63.43996682020126,-151.63777186473928,1999-08-08,1,1,36.0,36.0,,Pastick,3.0,27.0,N,,,,,,
63.4400397428238,-151.6369464321128,1999-08-08,1,0,0.0,100.0,,Pastick,2.0,86.0,N,,,,,,
63.429755956797855,-150.79415082612925,1998-08-24,1,0,0.0,100.0,,Pastick,5.0,9.0,N,,,,,,
63.431679015701896,-150.8335967530478,1998-08-24,1,0,0.0,100.0,,Pastick,4.0,9.0,N,,,,,,
63.44372998511994,-151.7408723451353,1999-08-23,1,0,0.0,100.0,,Pastick,3.0,2.0,N,,,,,,
63.44596623499448,-151.73999211291607,1999-08-23,1,0,0.0,100.0,,Pastick,2.0,8.0,N,,,,,,
63.43693878091881,-150.83823212605262,1998-08-24,1,0,0.0,150.0,,Pastick,3.0,9.0,N,,,,,,
63.4484827071725,-151.73831733140665,1999-08-23,1,0,0.0,100.0,,Pastick,1.0,9.0,N,,,,,,
63.43219109895895,-150.48995561057887,1998-09-09,1,0,0.0,150.0,,Pastick,2.0,2.0,N,,,,,,
63.4341525603106,-150.49068622280456,1998-09-09,1,1,59.0,63.0,,Pastick,1.0,63.0,N,,,,,,
63.44122597647266,-150.83971367231078,1998-08-24,1,0,0.0,150.0,,Pastick,2.0,10.0,N,,,,,,
63.44592741322215,-151.11637596443404,1998-08-20,1,1,38.0,42.0,,Pastick,3.0,42.0,N,,,,,,
63.44849332242079,-151.22216668226935,2002-09-01,1,1,54.0,62.0,,Pastick,1.0,36.0,N,,,,,,
63.44728238565638,-151.11769084577125,1998-08-20,1,0,0.0,100.0,,Pastick,2.0,8.0,N,,,,,,
63.44392060905686,-150.82320509281604,1998-08-24,1,1,88.0,88.0,,Pastick,3.0,20.0,N,,,,,,
63.45997408940608,-152.39739104929222,2000-08-29,1,1,46.0,61.0,,Pastick,2.0,20.0,N,,,,,,
63.46017576832548,-152.4026824765173,2000-08-29,1,0,0.0,100.0,,Pastick,1.0,60.0,N,,,,,,
63.44514333768663,-150.8410831093519,1998-08-24,1,0,0.0,100.0,,Pastick,1.0,3.0,N,,,,,,
63.45596832987673,-151.74031455879714,1999-08-23,1,0,0.0,100.0,,Pastick,4.0,5.0,N,,,,,,
63.44946760065567,-151.11660460563357,1998-08-20,1,0,0.0,100.0,,Pastick,1.0,5.0,N,,,,,,
63.44548361822212,-150.8197167813067,1998-08-24,1,0,0.0,150.0,,Pastick,2.0,16.0,N,,,,,,
63.46105356156516,-152.3916111327567,2000-08-29,1,0,0.0,150.0,,Pastick,1.0,150.0,N,,,,,,
63.4460893942202,-150.8182265509875,1998-08-24,1,0,0.0,100.0,,Pastick,1.0,5.0,N,,,,,,
63.46159771361887,-152.38245204711205,2000-08-29,1,1,49.0,58.0,,Pastick,2.0,31.0,N,,,,,,
63.459789099778135,-152.0042064169498,2000-08-26,1,1,43.0,43.0,,Pastick,3.0,36.0,N,,,,,,
63.46199498915896,-152.37885262470488,2000-08-29,1,0,0.0,150.0,,Pastick,3.0,28.0,N,,,,,,
63.46225025066425,-152.3756373539659,2000-08-29,1,0,0.0,120.0,,Pastick,4.0,21.0,N,,,,,,
63.43372101013599,-150.05306850420388,1998-07-08,1,0,0.0,100.0,,Pastick,1.0,2.0,N,,,,,,
63.45195092275832,-151.11565906718974,1998-08-20,1,1,89.0,89.0,,Pastick,4.0,25.0,N,,,,,,
63.43541705172792,-150.0854067165906,1998-07-08,1,0,0.0,100.0,,Pastick,2.0,0.0,N,,,,,,
63.448727569248746,-150.81812598305305,1998-08-24,1,0,0.0,100.0,,Pastick,4.0,2.0,N,,,,,,
63.43555794799779,-150.05765328182434,1998-07-08,1,1,20.0,45.0,,Pastick,2.0,37.0,N,,,,,,
63.46444397280639,-152.3602417988833,2000-08-29,1,0,0.0,150.0,,Pastick,1.0,35.0,N,,,,,,
63.44984736952903,-150.81796047438493,1998-08-24,1,0,0.0,100.0,,Pastick,3.0,13.0,N,,,,,,
63.46386707162669,-152.01112687202507,2000-08-26,1,1,51.0,70.0,,Pastick,1.0,22.0,N,,,,,,
63.46592321784879,-152.35587505335582,2000-08-29,1,1,41.0,41.0,,Pastick,2.0,20.0,N,,,,,,
63.45530828455285,-151.11632097621947,1998-08-20,1,0,0.0,100.0,,Pastick,3.0,3.0,N,,,,,,
63.46659801927262,-152.3542547636778,2000-08-29,1,0,0.0,100.0,,Pastick,3.0,21.0,N,,,,,,
63.462885826934375,-151.74713292160234,1999-08-23,1,0,0.0,60.0,,Pastick,3.0,4.0,N,,,,,,
63.46715296202943,-152.35193485391898,2000-08-29,1,1,46.0,46.0,,Pastick,4.0,40.0,N,,,,,,
63.43836590176658,-150.05792663916634,1998-07-08,1,0,0.0,100.0,,Pastick,3.0,2.0,N,,,,,,
63.46788013965208,-152.3480258185716,2000-08-29,1,0,0.0,150.0,,Pastick,5.0,3.0,N,,,,,,
63.44031681370545,-150.05888985134922,1998-07-08,1,0,0.0,150.0,,Pastick,4.0,5.0,N,,,,,,
63.4599465916,-151.23507955320449,1999-08-25,1,0,0.0,100.0,,Pastick,1.0,4.0,N,,,,,,
63.46028697297162,-151.235018452548,1999-08-25,1,0,0.0,100.0,,Pastick,2.0,7.0,N,,,,,,
63.46731633993421,-151.7446715959168,1999-08-23,1,0,0.0,150.0,,Pastick,2.0,9.0,N,,,,,,
63.4431904476859,-150.06148389035206,1998-07-08,1,0,0.0,100.0,,Pastick,5.0,1.0,N,,,,,,
63.468763201382615,-151.74486905592866,1999-08-23,1,0,0.0,100.0,,Pastick,1.0,3.0,N,,,,,,
63.47098345807581,-151.74420980762088,1999-08-22,1,1,52.0,63.0,,Pastick,4.0,41.0,N,,,,,,
63.4732007629989,-152.02146151747175,2000-08-26,1,1,56.0,60.0,,Pastick,4.0,19.0,N,,,,,,
63.4651196971986,-151.11760225030088,1998-08-20,1,0,0.0,152.0,,Pastick,5.0,26.0,N,,,,,,
63.47240074112001,-151.74206035654788,1999-08-22,1,1,41.0,66.0,,Pastick,3.0,41.0,N,,,,,,
63.472442229429255,-151.74065362055163,1999-08-22,1,0,0.0,100.0,,Pastick,2.0,29.0,N,,,,,,
63.47269628261719,-151.74096357322168,1999-08-22,1,0,0.0,150.0,,Pastick,1.0,8.0,N,,,,,,
63.47530371123819,-152.02580527783593,2000-08-26,1,1,42.0,42.0,,Pastick,5.0,16.0,N,,,,,,
63.46550747060335,-150.8369787905556,2001-08-16,1,1,115.0,115.0,,Pastick,2.0,3.0,N,,,,,,
63.46564617356224,-150.83843350394127,2001-08-16,1,0,0.0,100.0,,Pastick,1.0,6.0,N,,,,,,
63.47009346144759,-151.11625157988414,1998-08-20,1,0,105.0,105.0,,Pastick,4.0,14.0,Y,,,,,,
63.471156909535296,-151.11588051731204,1998-08-20,1,0,0.0,134.0,,Pastick,3.0,4.0,N,,,,,,
63.4728040355005,-151.131269248564,1998-08-20,1,0,68.0,68.0,,Pastick,1.0,2.0,Y,,,,,,
63.47278824261526,-151.12320054411643,1998-08-20,1,0,125.0,125.0,,Pastick,1.0,8.0,Y,,,,,,
63.47280439042936,-151.1216939345601,1998-08-20,1,0,0.0,126.0,,Pastick,2.0,6.0,N,,,,,,
63.47328048695717,-151.13131844493816,1998-08-20,1,1,110.0,110.0,,Pastick,2.0,22.0,Y,,,,,,
63.45949218497002,-150.1769596275197,1997-09-06,1,0,110.0,110.0,,Pastick,4.0,3.0,Y,,,,,,
63.46033095751312,-150.17713787985602,1997-09-06,1,1,76.0,85.0,,Pastick,3.0,18.0,N,,,,,,
63.462306789833306,-150.17941226263125,1997-09-06,1,0,0.0,120.0,,Pastick,2.0,3.0,N,,,,,,
63.46346867052497,-150.17821370257948,1997-09-06,1,1,107.0,120.0,,Pastick,1.0,5.0,N,,,,,,
63.4649993724997,-150.1775006654867,1997-09-06,1,0,0.0,150.0,,Pastick,3.0,0.0,N,,,,,,
63.484694810858414,-151.34620911186414,1999-08-25,1,1,40.0,52.0,,Pastick,1.0,18.0,N,,,,,,
63.48516073115345,-151.34768827645112,1999-08-25,1,1,88.0,88.0,,Pastick,2.0,11.0,N,,,,,,
63.46707454808924,-150.16934506437627,1998-09-09,1,0,0.0,150.0,,Pastick,1.0,2.0,N,,,,,,
63.47789893549859,-150.45236832706684,2002-08-20,1,0,0.0,150.0,,Pastick,2.0,5.0,N,,,,,,
63.47884435705623,-150.46110087726953,2002-08-20,1,0,0.0,150.0,,Pastick,1.0,1.0,N,,,,,,
63.47331497720733,-150.1647313155959,1997-09-06,1,1,51.0,110.0,,Pastick,4.0,10.0,N,,,,,,
63.4984715915515,-151.91142149410467,1999-09-01,1,0,0.0,150.0,,Pastick,6.0,3.0,N,,,,,,
63.4807167775536,-150.46744222937414,2002-08-20,1,1,88.0,88.0,,Pastick,1.0,6.0,N,,,,,,
63.47518591267228,-150.16215592614324,1997-09-06,1,0,0.0,100.0,,Pastick,2.0,6.0,N,,,,,,
63.481206626556336,-150.46569162283174,2002-08-20,1,0,0.0,150.0,,Pastick,2.0,3.0,N,,,,,,
63.50090905151169,-151.9073711011617,1999-09-01,1,0,0.0,150.0,,Pastick,5.0,14.0,N,,,,,,
63.50175798833403,-151.88244704003526,1999-09-01,1,0,0.0,100.0,,Pastick,2.0,8.0,N,,,,,,
63.50192658336037,-151.88565489309204,1999-09-01,1,0,0.0,150.0,,Pastick,3.0,18.0,N,,,,,,
63.50215414346262,-151.8791568191383,1999-09-01,1,0,0.0,100.0,,Pastick,1.0,1.0,N,,,,,,
63.50222963519956,-151.88769231151713,1999-09-01,1,1,82.0,82.0,,Pastick,4.0,19.0,N,,,,,,
63.49109607909727,-150.8729314495013,1998-09-09,1,0,0.0,150.0,,Pastick,1.0,8.0,N,,,,,,
63.50325399250026,-151.90414729599388,1999-09-01,1,0,0.0,150.0,,Pastick,3.0,20.0,N,,,,,,
63.48026336943791,-150.1600452254087,1997-09-06,1,0,0.0,100.0,,Pastick,1.0,0.0,N,,,,,,
63.50450467645568,-151.8940332713401,1999-09-01,1,1,51.0,53.0,,Pastick,1.0,32.0,N,,,,,,
63.50628844279227,-151.89838479744566,1999-09-01,1,1,48.0,48.0,,Pastick,2.0,29.0,N,,,,,,
63.482916204520926,-150.1597617403681,1997-09-06,1,0,0.0,100.0,,Pastick,3.0,2.0,N,,,,,,
63.484378258929645,-150.16011881327535,1997-09-06,1,0,0.0,120.0,,Pastick,2.0,0.0,N,,,,,,
63.48496431676585,-150.15797116493613,1997-09-06,1,0,0.0,150.0,,Pastick,1.0,0.0,N,,,,,,
63.50896020807421,-151.31393481155297,1999-08-25,1,0,0.0,100.0,,Pastick,3.0,14.0,N,,,,,,
63.49914961203285,-150.57093868949502,1998-08-26,1,0,0.0,100.0,,Pastick,2.0,6.0,N,,,,,,
63.51055990526244,-151.308755330496,1999-08-25,1,1,53.0,67.0,,Pastick,2.0,39.0,N,,,,,,
63.50010503101647,-150.57326921416643,1998-08-26,1,0,0.0,100.0,,Pastick,4.0,6.0,N,,,,,,
63.50098622277292,-150.57440029833194,1998-08-26,1,0,0.0,150.0,,Pastick,3.0,4.0,N,,,,,,
63.501742553052935,-150.5755822384843,1998-08-26,1,0,0.0,100.0,,Pastick,2.0,5.0,N,,,,,,
63.51257199663096,-151.30278695355807,1999-08-25,1,1,44.0,54.0,,Pastick,1.0,23.0,N,,,,,,
63.502762777371785,-150.57644037791945,1998-08-26,1,0,0.0,100.0,,Pastick,1.0,0.0,N,,,,,,
63.513979355531816,-151.2958084697773,1999-08-25,1,1,115.0,115.0,,Pastick,2.0,14.0,N,,,,,,
63.51423712952098,-151.2940844304378,1999-08-25,1,1,58.0,66.0,,Pastick,1.0,25.0,N,,,,,,
63.51462873816245,-151.299086614004,1999-08-25,1,1,39.0,68.0,,Pastick,3.0,39.0,N,,,,,,
63.50795163820043,-150.57477405797394,1998-08-26,1,0,0.0,100.0,,Pastick,6.0,5.0,N,,,,,,
63.50802286824004,-150.57102883512331,1998-08-26,1,0,0.0,100.0,,Pastick,1.0,8.0,N,,,,,,
63.50811446417169,-150.5700761997876,1998-08-26,1,0,0.0,100.0,,Pastick,2.0,5.0,N,,,,,,
63.51265773367808,-150.83369193664865,1998-08-25,1,1,45.0,68.0,,Pastick,3.0,41.0,N,,,,,,
63.50851489361693,-150.56986121971823,1998-08-26,1,0,0.0,110.0,,Pastick,3.0,8.0,N,,,,,,
63.51399973466595,-150.8351583911543,1998-08-25,1,1,96.0,96.0,,Pastick,2.0,39.0,N,,,,,,
63.51060689183228,-150.5740862858114,1998-08-26,1,0,0.0,100.0,,Pastick,4.0,3.0,N,,,,,,
63.51487949022655,-150.8363382891912,1998-08-25,1,0,0.0,150.0,,Pastick,1.0,4.0,N,,,,,,
63.51484754303517,-150.82001484529013,1998-08-24,1,0,0.0,100.0,,Pastick,6.0,7.0,N,,,,,,
63.51535892292407,-150.82057901282633,1998-08-24,1,0,0.0,100.0,,Pastick,7.0,2.0,N,,,,,,
63.5211332493811,-150.92344261290802,1998-08-25,1,0,103.0,103.0,,Pastick,1.0,9.0,Y,,,,,,
63.52240132979061,-150.9235917505418,1998-08-25,1,0,111.0,111.0,,Pastick,2.0,11.0,Y,,,,,,
63.523775814664056,-150.9230292708242,1998-08-25,1,0,79.0,79.0,,Pastick,3.0,9.0,Y,,,,,,
63.53161607834989,-151.50643124886167,1999-09-05,1,0,0.0,150.0,,Pastick,3.0,150.0,N,,,,,,
63.52504214822832,-150.9230578557538,1998-08-25,1,0,96.0,96.0,,Pastick,4.0,9.0,Y,,,,,,
63.53270814320512,-151.50011875874046,1999-09-05,1,1,47.0,47.0,,Pastick,2.0,33.0,N,,,,,,
63.52223976453179,-150.69679051851708,1998-08-26,1,0,0.0,100.0,,Pastick,5.0,6.0,N,,,,,,
63.53295048718852,-151.49497697368983,1999-09-05,1,1,63.0,63.0,,Pastick,1.0,7.0,N,,,,,,
63.53306838087504,-151.49338175049004,1999-09-05,1,1,32.0,32.0,,Pastick,2.0,20.0,N,,,,,,
63.5226277460587,-150.70082191344284,1999-07-23,1,1,33.0,33.0,,Pastick,3.0,22.0,N,,,,,,
63.533183205002494,-151.49234987149583,1999-09-05,1,1,64.0,64.0,,Pastick,1.0,4.0,N,,,,,,
63.52625816291651,-150.92333145787475,1998-08-25,1,0,47.0,47.0,,Pastick,5.0,5.0,Y,,,,,,
63.53378361759329,-151.51808483619,1999-09-05,1,1,51.0,51.0,,Pastick,4.0,21.0,N,,,,,,
63.51807407347458,-150.36296888272796,1997-07-18,1,0,0.0,150.0,,Pastick,4.0,9.0,N,,,,,,
63.53585517976091,-151.52485694898365,1999-09-05,1,1,56.0,71.0,,Pastick,1.0,22.0,N,,,,,,
63.53618654729729,-151.54145567189582,1999-09-05,1,0,0.0,100.0,,Pastick,3.0,2.0,N,,,,,,
63.536392422520414,-151.53963470309307,1999-09-05,1,0,0.0,150.0,,Pastick,2.0,3.0,N,,,,,,
63.529392197008015,-150.92213801000892,1998-08-25,1,0,41.0,41.0,,Pastick,2.0,0.0,Y,,,,,,
63.52038279333873,-150.35959784221563,1997-07-18,1,0,0.0,150.0,,Pastick,3.0,8.0,N,,,,,,
63.520803826917664,-150.37567024760048,1997-07-18,1,0,0.0,150.0,,Pastick,3.0,0.0,N,,,,,,
63.53012739827867,-150.92268798383265,1998-08-25,1,0,53.0,53.0,,Pastick,1.0,1.0,Y,,,,,,
63.53837873623067,-151.5346043027673,1999-09-05,1,0,0.0,150.0,,Pastick,1.0,9.0,N,,,,,,
63.5293140192477,-150.71410385402106,1999-07-23,1,1,42.0,60.0,,Pastick,4.0,23.0,N,,,,,,
63.52347804463489,-150.35894955067954,1997-07-18,1,0,0.0,150.0,,Pastick,2.0,0.0,N,,,,,,
63.52417335695212,-150.37626580696903,1997-07-18,1,0,82.0,82.0,,Pastick,4.0,8.0,Y,,,,,,
63.53246137303034,-150.72342851848177,1999-07-27,1,0,0.0,100.0,,Pastick,1.0,7.0,N,,,,,,
63.52841255385291,-150.37531288285265,1997-07-18,1,0,0.0,150.0,,Pastick,5.0,4.0,N,,,,,,
63.53431721728608,-150.71422635840497,1999-07-27,1,0,78.0,78.0,,Pastick,2.0,7.0,Y,,,,,,
63.53527380901921,-150.7117151092697,1999-07-27,1,0,118.0,118.0,,Pastick,3.0,6.0,Y,,,,,,
63.53181192858016,-150.36725344562356,1997-07-18,1,0,0.0,150.0,,Pastick,6.0,10.0,N,,,,,,
63.58031666867501,-152.3718236711191,2000-08-10,1,0,0.0,150.0,,Pastick,3.0,58.0,N,,,,,,
63.58102478897445,-152.36957203343908,2000-08-10,1,1,42.0,60.0,,Pastick,2.0,23.0,N,,,,,,
63.580002097029634,-151.85220399279757,1999-09-03,1,1,49.0,64.0,,Pastick,2.0,31.0,N,,,,,,
63.58026395316337,-151.85352305613722,1999-09-03,1,1,46.0,58.0,,Pastick,1.0,46.0,N,,,,,,
63.581508779974165,-151.90021255801716,1999-09-03,1,0,0.0,100.0,,Pastick,3.0,3.0,N,,,,,,
63.58193951303978,-151.90372158569858,1999-09-03,1,0,0.0,100.0,,Pastick,4.0,1.0,N,,,,,,
63.58221642178983,-151.8953500211783,1999-09-03,1,0,0.0,100.0,,Pastick,2.0,18.0,N,,,,,,
63.58358502636742,-151.8924158378539,1999-09-03,1,0,0.0,100.0,,Pastick,1.0,8.0,N,,,,,,
63.58333043186601,-151.8598872606481,1999-09-03,1,1,38.0,53.0,,Pastick,3.0,21.0,N,,,,,,
63.58440404748619,-151.86852829564384,1999-09-03,1,1,35.0,49.0,,Pastick,4.0,35.0,N,,,,,,
63.57996911297312,-151.38831189085113,1999-08-18,1,0,0.0,100.0,,Pastick,2.0,2.0,N,,,,,,
63.586802367504696,-151.8859838034804,1999-09-03,1,1,39.0,66.0,,Pastick,5.0,28.0,N,,,,,,
63.58439663365928,-151.32035376110386,1999-08-18,1,0,0.0,100.0,,Pastick,1.0,12.0,N,,,,,,
63.58472168469469,-151.3128583700776,1999-08-18,1,1,48.0,67.0,,Pastick,3.0,23.0,N,,,,,,
63.58524171443243,-151.32661147817487,1999-08-18,1,0,0.0,100.0,,Pastick,2.0,5.0,N,,,,,,
63.5857325531519,-151.36847882507558,1999-08-18,1,0,0.0,100.0,,Pastick,1.0,6.0,N,,,,,,
63.58542583639392,-151.3378253044447,1999-08-18,1,0,0.0,100.0,,Pastick,3.0,18.0,N,,,,,,
63.586142332431855,-151.34701330138188,1999-08-18,1,0,0.0,100.0,,Pastick,4.0,8.0,N,,,,,,
63.58589094270881,-151.31305110746163,1999-08-18,1,1,61.0,61.0,,Pastick,2.0,46.0,N,,,,,,
63.58676984576273,-151.35006027080408,1999-08-18,1,1,58.0,66.0,,Pastick,5.0,20.0,N,,,,,,
63.58684277581482,-151.3130753558893,1999-08-18,1,0,0.0,150.0,,Pastick,1.0,150.0,N,,,,,,
63.57590094401435,-150.5416470090242,2002-08-19,1,0,0.0,150.0,,Pastick,2.0,2.0,N,,,,,,
63.57658996958348,-150.5409830044262,2002-08-19,1,0,0.0,150.0,,Pastick,1.0,11.0,N,,,,,,
63.597464179454896,-152.55611344338092,2000-09-10,1,0,0.0,150.0,,Pastick,1.0,94.0,N,,,,,,
63.57906777463774,-150.6387937128789,1998-08-23,1,0,97.0,97.0,,Pastick,3.0,8.0,Y,,,,,,
63.597918174530434,-152.55781962800162,2000-09-10,1,1,50.0,50.0,,Pastick,3.0,21.0,N,,,,,,
63.59796686119768,-152.5561459211694,2000-09-10,1,0,0.0,150.0,,Pastick,2.0,2.0,N,,,,,,
63.59806358190668,-152.5642874778371,2000-09-10,1,1,44.0,44.0,,Pastick,4.0,44.0,N,,,,,,
63.59812951552622,-152.56531443222065,2000-09-10,1,0,0.0,110.0,,Pastick,5.0,110.0,N,,,,,,
63.598202971723794,-152.5718439147496,2000-09-10,1,0,0.0,150.0,,Pastick,6.0,11.0,N,,,,,,
63.57971723995691,-150.6411582555179,1998-08-23,1,0,81.0,81.0,,Pastick,2.0,6.0,Y,,,,,,
63.58161230392773,-150.64009438576431,1998-08-23,1,0,0.0,100.0,,Pastick,1.0,3.0,N,,,,,,
63.58769882798041,-151.013667221931,2000-08-28,1,1,53.0,68.0,,Pastick,1.0,53.0,N,,,,,,
63.58261276886912,-150.63650450365924,1998-08-23,1,0,0.0,150.0,,Pastick,1.0,5.0,N,,,,,,
63.58833016114384,-151.0119300750649,2000-08-28,1,1,109.0,109.0,,Pastick,2.0,18.0,N,,,,,,
63.57625519361909,-150.25746096512282,1999-07-23,1,0,0.0,100.0,,Pastick,1.0,2.0,N,,,,,,
63.57650846786159,-150.25614669676386,1999-07-23,1,1,34.0,53.0,,Pastick,2.0,22.0,N,,,,,,
63.58916540401591,-151.01195240116783,2000-08-28,1,1,34.0,50.0,,Pastick,3.0,34.0,N,,,,,,
63.58331162792951,-150.5575760174523,2002-08-19,1,0,0.0,150.0,,Pastick,1.0,7.0,N,,,,,,
63.58428404526925,-150.56089917061968,2002-08-19,1,0,86.0,86.0,,Pastick,1.0,15.0,Y,,,,,,
63.585231613273805,-150.5659380715881,2002-08-19,1,0,0.0,150.0,,Pastick,2.0,12.0,N,,,,,,
63.587479079597614,-150.63757223390482,1998-08-23,1,0,0.0,150.0,,Pastick,5.0,19.0,N,,,,,,
63.589258094282144,-150.63927935628092,1998-08-23,1,0,0.0,46.0,,Pastick,4.0,1.0,N,,,,,,
63.608950236182125,-152.0600117208554,2000-09-06,1,0,0.0,150.0,,Pastick,1.0,46.0,N,,,,,,
63.592745270462544,-150.63784097900412,1998-08-23,1,0,160.0,160.0,,Pastick,3.0,7.0,Y,,,,,,
63.60929979640824,-152.05856843863904,2000-09-06,1,0,0.0,150.0,,Pastick,2.0,9.0,N,,,,,,
63.59329283820396,-150.6394690557207,1998-08-23,1,0,0.0,144.0,,Pastick,2.0,7.0,N,,,,,,
63.610337268805,-152.05938110027816,2000-09-06,1,1,73.0,73.0,,Pastick,3.0,29.0,N,,,,,,
63.59451349491113,-150.6421705843696,1998-08-23,1,0,87.0,87.0,,Pastick,1.0,6.0,Y,,,,,,
63.611248181113325,-152.0683251802921,2000-09-06,1,1,47.0,47.0,,Pastick,1.0,33.0,N,,,,,,
63.611552144065605,-152.0764828205808,2000-09-06,1,1,58.0,62.0,,Pastick,2.0,62.0,N,,,,,,
63.61184500858639,-152.09857639896185,2000-09-06,1,0,0.0,150.0,,Pastick,2.0,3.0,N,,,,,,
63.595620677942186,-150.64671667906444,1998-08-23,1,0,62.0,62.0,,Pastick,3.0,0.0,Y,,,,,,
63.6122278274344,-152.09808025997503,2000-09-06,1,0,0.0,100.0,,Pastick,3.0,0.0,N,,,,,,
63.613039086799326,-152.097207501538,2000-09-06,1,0,0.0,150.0,,Pastick,1.0,6.0,N,,,,,,
63.598515131789696,-150.6534952709432,2002-09-03,1,0,110.0,110.0,,Pastick,1.0,10.0,Y,,,,,,
63.59868665424685,-150.64696737336396,1998-08-23,1,0,136.0,136.0,,Pastick,2.0,14.0,Y,,,,,,
63.61568091232552,-152.10200476596873,2000-09-06,1,0,0.0,150.0,,Pastick,4.0,9.0,N,,,,,,
63.59966519845517,-150.64531344175893,1998-08-23,1,0,63.0,63.0,,Pastick,1.0,0.0,Y,,,,,,
63.61922980929528,-152.38807013711198,2000-08-10,1,0,0.0,100.0,,Pastick,1.0,11.0,N,,,,,,
63.61586165511485,-151.60767280711934,1999-08-14,1,1,87.0,87.0,,Pastick,2.0,20.0,N,,,,,,
63.60812721484406,-150.7669804710648,1998-08-11,1,0,0.0,100.0,,Pastick,9.0,1.0,N,,,,,,
63.61885260403327,-151.6023215229996,1999-08-04,1,0,0.0,100.0,,Pastick,1.0,16.0,N,,,,,,
63.60839061126655,-150.75852775732122,1998-08-11,1,1,51.0,82.0,,Pastick,8.0,21.0,N,,,,,,
63.62634476477462,-152.41122087880692,2000-08-10,1,1,58.0,58.0,,Pastick,1.0,33.0,N,,,,,,
63.61034507417738,-150.75891847724105,1998-08-11,1,0,83.0,83.0,,Pastick,7.0,9.0,Y,,,,,,
63.62242994533984,-151.60097550988115,1999-08-04,1,0,0.0,100.0,,Pastick,2.0,15.0,N,,,,,,
63.612486066816935,-150.68500800275592,2002-08-19,1,1,43.0,43.0,,Pastick,1.0,22.0,N,,,,,,
63.63022695359682,-152.40591410378383,2000-08-10,1,0,0.0,150.0,,Pastick,2.0,108.0,N,,,,,,
63.630372163688094,-152.40413529290444,2000-08-10,1,0,0.0,150.0,,Pastick,1.0,1.0,N,,,,,,
63.61445207915958,-150.75915987701663,1998-08-11,1,0,50.0,50.0,,Pastick,4.0,5.0,Y,,,,,,
63.63100840296268,-152.40174075241143,2000-08-10,1,1,62.0,83.0,,Pastick,3.0,26.0,N,,,,,,
63.62641964519119,-151.6004967454331,1999-08-04,1,0,0.0,100.0,,Pastick,3.0,22.0,N,,,,,,
63.63369822438424,-152.3968203822875,2000-08-10,1,1,39.0,39.0,,Pastick,2.0,39.0,N,,,,,,
63.61755834476766,-150.7579869302442,1998-08-11,1,0,115.0,115.0,,Pastick,3.0,5.0,Y,,,,,,
63.6349066725437,-152.58943513057542,2000-09-10,1,1,68.0,68.0,,Pastick,2.0,28.0,N,,,,,,
63.63434169980236,-152.39404178109294,2000-08-10,1,1,43.0,89.0,,Pastick,1.0,89.0,N,,,,,,
63.63503722416177,-152.58489223700812,2000-09-10,1,1,49.0,68.0,,Pastick,1.0,58.0,N,,,,,,
63.635648417758695,-152.58833455526198,2000-09-10,1,0,0.0,150.0,,Pastick,1.0,15.0,N,,,,,,
63.635987468516525,-152.39059572925387,2000-08-10,1,0,0.0,150.0,,Pastick,1.0,150.0,N,,,,,,
63.6197868632986,-150.7552281507621,1998-08-11,1,0,33.0,33.0,,Pastick,3.0,0.0,Y,,,,,,
63.6208476834863,-150.75359046065748,1998-08-11,1,1,130.0,130.0,,Pastick,2.0,17.0,Y,,,,,,
63.63791829852406,-152.58497127927106,2000-09-10,1,1,38.0,61.0,,Pastick,2.0,30.0,N,,,,,,
63.62167602195443,-150.75431211982442,1998-08-11,1,0,64.0,64.0,,Pastick,1.0,3.0,Y,,,,,,
63.633353522886914,-151.60094264555727,1999-08-14,1,1,47.0,108.0,,Pastick,3.0,21.0,N,,,,,,
63.633483680578045,-151.5967984195447,1999-08-14,1,0,0.0,100.0,,Pastick,4.0,2.0,N,,,,,,
63.622926463203925,-150.7550408621611,1998-08-11,1,1,66.0,66.0,,Pastick,2.0,31.0,N,,,,,,
63.63363288016229,-151.59002920541857,1999-08-14,1,0,0.0,100.0,,Pastick,5.0,0.0,N,,,,,,
63.623119025445405,-150.75472291689962,1998-08-11,1,0,81.0,81.0,,Pastick,1.0,2.0,Y,,,,,,
63.634164503907925,-151.58475473110977,1999-08-14,1,0,0.0,100.0,,Pastick,6.0,9.0,N,,,,,,
63.6285303944148,-150.40433216637211,1998-08-09,1,1,47.0,61.0,,Pastick,2.0,25.0,N,,,,,,
63.628569697040064,-150.40253167553797,1998-08-09,1,1,48.0,81.0,,Pastick,1.0,81.0,N,,,,,,
63.62887994842431,-150.40528956099686,1998-08-09,1,0,0.0,150.0,,Pastick,3.0,13.0,N,,,,,,
63.62962906194488,-150.4064931857727,1998-08-09,1,0,63.0,63.0,,Pastick,1.0,3.0,Y,,,,,,
63.63194055556771,-150.40868513068335,1998-08-09,1,0,0.0,100.0,,Pastick,2.0,2.0,N,,,,,,
63.63378449675896,-150.40984976578082,1998-08-09,1,0,0.0,150.0,,Pastick,3.0,9.0,N,,,,,,
63.63505550634792,-150.41011760884572,1998-08-09,1,0,0.0,100.0,,Pastick,1.0,5.0,N,,,,,,
63.63540781309246,-150.4107317294328,1998-08-09,1,0,0.0,150.0,,Pastick,2.0,16.0,N,,,,,,
63.63866418483997,-150.41453496013784,1998-08-09,1,1,49.0,58.0,,Pastick,1.0,28.0,N,,,,,,
63.66058463215349,-151.7581571615215,1999-09-07,1,1,33.0,56.0,,Pastick,4.0,33.0,N,,,,,,
63.6606599264225,-151.75233539444693,1999-09-07,1,0,0.0,150.0,,Pastick,5.0,7.0,N,,,,,,
63.660769117843046,-151.7608159028577,1999-09-07,1,1,41.0,51.0,,Pastick,3.0,51.0,N,,,,,,
63.66072670205887,-151.74865549541207,1999-09-07,1,1,40.0,56.0,,Pastick,6.0,31.0,N,,,,,,
63.66068123235711,-151.74138438302586,1999-09-07,1,0,0.0,150.0,,Pastick,3.0,0.0,N,,,,,,
63.6607837066236,-151.74489519505488,1999-09-07,1,0,0.0,100.0,,Pastick,1.0,58.0,N,,,,,,
63.66091401539509,-151.74234382374402,1999-09-07,1,1,63.0,113.0,,Pastick,2.0,0.0,N,,,,,,
63.66156020134903,-151.76304419173405,1999-09-07,1,0,0.0,100.0,,Pastick,2.0,19.0,N,,,,,,
63.661882910690345,-151.7640403285972,1999-09-07,1,0,0.0,150.0,,Pastick,1.0,150.0,N,,,,,,
63.64461803890018,-150.42304316121658,1998-08-09,1,1,36.0,52.0,,Pastick,2.0,31.0,N,,,,,,
63.6465831830541,-150.4249659252834,1998-08-09,1,0,0.0,100.0,,Pastick,1.0,5.0,N,,,,,,
63.66726776839065,-152.09307909405328,2000-08-11,1,0,0.0,100.0,,Pastick,2.0,63.0,N,,,,,,
63.66735608867356,-152.0885904404413,2000-08-11,1,1,56.0,56.0,,Pastick,1.0,17.0,N,,,,,,
63.65730527345005,-151.05387709567148,1999-07-27,1,1,42.0,56.0,,Pastick,1.0,34.0,N,,,,,,
63.65732967334319,-151.0497132225656,1999-07-27,1,1,52.0,65.0,,Pastick,2.0,52.0,N,,,,,,
63.6576940624186,-151.04415198411954,1999-07-27,1,1,29.0,37.0,,Pastick,2.0,22.0,N,,,,,,
63.65772882090646,-151.0460488780891,1999-07-27,1,0,0.0,100.0,,Pastick,1.0,15.0,N,,,,,,
63.65803861957449,-151.06297984400712,1999-07-27,1,0,0.0,100.0,,Pastick,1.0,3.0,N,,,,,,
63.65853490492943,-151.06116789328124,1999-07-27,1,0,0.0,100.0,,Pastick,2.0,4.0,N,,,,,,
63.65855661244096,-151.05944892914658,1999-07-27,1,0,0.0,100.0,,Pastick,3.0,8.0,N,,,,,,
63.64929159894277,-150.42326562599214,1998-08-09,1,0,0.0,100.0,,Pastick,2.0,1.0,N,,,,,,
63.677359509042674,-152.06975353443386,2000-08-11,1,1,39.0,48.0,,Pastick,4.0,39.0,N,,,,,,
63.67744756753791,-152.06257477658514,2000-08-11,1,0,0.0,150.0,,Pastick,5.0,3.0,N,,,,,,
63.67756587691151,-152.07811527493965,2000-08-11,1,1,81.0,81.0,,Pastick,3.0,15.0,N,,,,,,
63.67378177290294,-151.59450322463616,1999-09-02,1,0,0.0,100.0,,Pastick,5.0,18.0,N,,,,,,
63.67383803177657,-151.59199399945828,1999-09-02,1,0,0.0,100.0,,Pastick,4.0,10.0,N,,,,,,
63.67847445039176,-152.0798444140272,2000-08-11,1,0,0.0,150.0,,Pastick,2.0,24.0,N,,,,,,
63.678960891769655,-152.06066502413202,2000-08-11,1,1,44.0,58.0,,Pastick,1.0,40.0,N,,,,,,
63.67923259358206,-152.08050713964568,2000-08-11,1,0,0.0,150.0,,Pastick,1.0,8.0,N,,,,,,
63.67533461435131,-151.58169130456247,1999-09-02,1,0,0.0,150.0,,Pastick,3.0,5.0,N,,,,,,
63.67732775304106,-151.572656307976,1999-09-02,1,0,0.0,100.0,,Pastick,2.0,2.0,N,,,,,,
63.67857563890768,-151.567256323903,1999-09-02,1,0,0.0,100.0,,Pastick,1.0,2.0,N,,,,,,
63.66105129004339,-150.22331441638218,1998-07-13,1,1,28.0,70.0,,Pastick,1.0,28.0,N,,,,,,
63.66184281612093,-150.22523829653878,1998-07-13,1,1,103.0,103.0,,Pastick,2.0,16.0,N,,,,,,
63.68176979237669,-151.5509804389611,1999-09-02,1,0,0.0,150.0,,Pastick,5.0,19.0,N,,,,,,
63.66297376118101,-150.2108146150798,1998-07-13,1,0,0.0,100.0,,Pastick,3.0,3.0,N,,,,,,
63.68287414144704,-151.54655653650303,1999-09-02,1,0,0.0,100.0,,Pastick,4.0,1.0,N,,,,,,
63.68447324728334,-151.53870971617627,1999-09-02,1,0,0.0,100.0,,Pastick,3.0,4.0,N,,,,,,
63.66601604500632,-150.2111625590335,1998-07-13,1,0,0.0,100.0,,Pastick,4.0,4.0,N,,,,,,
63.68643674380372,-151.53318893333173,1999-09-02,1,0,0.0,150.0,,Pastick,2.0,13.0,N,,,,,,
63.69038593794477,-151.8961546338245,1999-09-06,1,0,0.0,150.0,,Pastick,1.0,0.0,N,,,,,,
63.690727222447215,-151.89735478132397,1999-09-06,1,0,0.0,100.0,,Pastick,2.0,4.0,N,,,,,,
63.6924381494478,-152.10813015501338,2000-08-11,1,1,46.0,58.0,,Pastick,1.0,24.0,N,,,,,,
63.68780938593547,-151.52959905804175,1999-09-02,1,0,0.0,100.0,,Pastick,1.0,8.0,N,,,,,,
63.692003516593175,-151.8975883072867,1999-09-06,1,0,0.0,150.0,,Pastick,3.0,10.0,N,,,,,,
63.66965874825226,-150.20589075018572,1998-07-13,1,1,37.0,43.0,,Pastick,5.0,37.0,N,,,,,,
63.69345770675495,-151.89995887141333,1999-09-06,1,1,56.0,56.0,,Pastick,1.0,18.0,N,,,,,,
63.694984371042665,-151.90360116248888,1999-09-06,1,1,74.0,74.0,,Pastick,2.0,22.0,N,,,,,,
63.695867340692686,-151.90522567481227,1999-09-06,1,1,73.0,73.0,,Pastick,3.0,37.0,N,,,,,,
63.696729664387775,-151.90768043428673,1999-09-06,1,1,66.0,66.0,,Pastick,1.0,42.0,N,,,,,,
63.673637475925226,-150.19989678157728,1998-07-13,1,1,27.0,43.0,,Pastick,1.0,27.0,N,,,,,,
63.68046142536583,-150.56721396118323,1998-09-02,1,0,86.0,86.0,,Pastick,1.0,8.0,Y,,,,,,
63.68070601544726,-150.562035477631,1998-09-02,1,0,53.0,53.0,,Pastick,2.0,6.0,Y,,,,,,
63.67417750647842,-150.17423918185517,2002-09-03,1,0,0.0,150.0,,Pastick,1.0,2.0,N,,,,,,
63.67471104486349,-150.19277277831495,1998-07-13,1,1,31.0,68.0,,Pastick,2.0,31.0,N,,,,,,
63.69826051992612,-151.91071651874734,1999-09-06,1,1,49.0,49.0,,Pastick,4.0,24.0,N,,,,,,
63.6884540031056,-150.97105293196984,1998-09-03,1,1,61.0,80.0,,Pastick,2.0,22.0,N,,,,,,
63.675595753257554,-150.1893277755688,1998-07-13,1,1,49.0,49.0,,Pastick,3.0,21.0,N,,,,,,
63.69936577800917,-151.91326348617662,1999-09-06,1,1,135.0,135.0,,Pastick,5.0,37.0,N,,,,,,
63.68909706820998,-150.9657273822437,1998-09-03,1,1,51.0,74.0,,Pastick,1.0,39.0,N,,,,,,
63.68330209261647,-150.5721889180076,1998-09-02,1,0,92.0,92.0,,Pastick,7.0,8.0,Y,,,,,,
63.67629993671529,-150.17896290462332,1998-07-13,1,1,32.0,72.0,,Pastick,4.0,32.0,N,,,,,,
63.68611491018602,-150.58032299459242,1998-09-02,1,1,186.0,186.0,,Pastick,6.0,19.0,N,,,,,,
63.69603829883309,-151.24412845632455,1999-07-28,1,1,37.0,37.0,,Pastick,1.0,11.0,N,,,,,,
63.68656237985923,-150.58344061502547,1998-09-02,1,0,84.0,84.0,,Pastick,5.0,5.0,Y,,,,,,
63.696871538152855,-151.24399592205816,1999-07-28,1,1,48.0,48.0,,Pastick,2.0,33.0,N,,,,,,
63.69756025818083,-151.24895060993262,1999-07-28,1,1,33.0,33.0,,Pastick,3.0,21.0,N,,,,,,
63.688262214558485,-150.58200096794437,1998-09-02,1,0,0.0,100.0,,Pastick,4.0,3.0,N,,,,,,
63.69832733387241,-151.25371860991038,1999-07-28,1,0,0.0,150.0,,Pastick,1.0,3.0,N,,,,,,
63.69881176665986,-151.2559143997519,1999-07-28,1,0,0.0,150.0,,Pastick,2.0,3.0,N,,,,,,
63.690055493950574,-150.58184801993647,1998-09-02,1,0,0.0,118.0,,Pastick,3.0,9.0,N,,,,,,
63.69038473284779,-150.5822043496953,1998-09-02,1,0,78.0,78.0,,Pastick,2.0,4.0,Y,,,,,,
63.70044256259238,-151.26234969047417,1999-07-28,1,0,0.0,100.0,,Pastick,3.0,2.0,N,,,,,,
63.680402751542026,-150.0302899230933,1998-07-12,1,1,64.0,81.0,,Pastick,3.0,33.0,N,,,,,,
63.68096382632374,-150.03136409698496,1998-07-12,1,0,0.0,100.0,,Pastick,2.0,6.0,N,,,,,,
63.68185921378127,-150.03776471586775,1998-07-12,1,0,0.0,100.0,,Pastick,1.0,0.0,N,,,,,,
63.68174931093918,-150.0246053971621,1998-07-12,1,1,120.0,120.0,,Pastick,4.0,4.0,N,,,,,,
63.69277095309917,-150.5815354423655,1998-09-02,1,0,57.0,57.0,,Pastick,1.0,6.0,Y,,,,,,
63.69310804837876,-150.58342893016902,1998-09-02,1,0,37.0,37.0,,Pastick,2.0,0.0,Y,,,,,,
63.69333126702559,-150.5854940365188,1998-09-02,1,0,45.0,45.0,,Pastick,1.0,1.0,Y,,,,,,
63.704129942473706,-151.26068680026526,1999-07-28,1,0,0.0,150.0,,Pastick,4.0,1.0,N,,,,,,
63.69837804900117,-150.8249318139097,2002-09-03,1,1,66.0,66.0,,Pastick,1.0,20.0,Y,,,,,,
63.68409791679639,-150.01830910361957,1998-07-12,1,0,0.0,150.0,,Pastick,5.0,13.0,N,,,,,,
63.69769022443459,-150.4553968699291,1998-07-25,1,0,0.0,100.0,,Pastick,1.0,13.0,N,,,,,,
63.69880073986234,-150.46082250975678,1998-08-25,1,0,102.0,102.0,,Pastick,4.0,18.0,Y,,,,,,
63.69858064162962,-150.44837483019143,1998-07-25,1,1,47.0,59.0,,Pastick,2.0,22.0,N,,,,,,
63.698151322408286,-150.42426817381602,1998-07-25,1,0,0.0,100.0,,Pastick,2.0,2.0,N,,,,,,
63.69936407675692,-150.46425327186597,1998-08-25,1,0,84.0,84.0,,Pastick,3.0,21.0,Y,,,,,,
63.69893279899435,-150.42729383226072,1998-07-25,1,0,0.0,150.0,,Pastick,1.0,1.0,N,,,,,,
63.712095620431015,-151.24098761586677,1999-07-28,1,0,0.0,100.0,,Pastick,5.0,28.0,N,,,,,,
63.70018905758859,-150.43479026041297,1998-07-25,1,1,41.0,60.0,,Pastick,3.0,31.0,N,,,,,,
63.70125838218964,-150.46626978500456,1998-08-25,1,0,105.0,105.0,,Pastick,2.0,5.0,Y,,,,,,
63.70213295211608,-150.4644305468015,1998-08-25,1,0,0.0,150.0,,Pastick,1.0,4.0,N,,,,,,
63.71426153904411,-151.2419260650135,1999-07-28,1,1,39.0,48.0,,Pastick,1.0,39.0,N,,,,,,
63.69436793287909,-150.02196482380518,1998-07-12,1,1,37.0,50.0,,Pastick,6.0,18.0,N,,,,,,
63.695323336317045,-150.032997169631,2002-09-02,1,0,0.0,100.0,,Pastick,1.0,7.0,N,,,,,,
63.70357591901076,-150.45917998257994,1998-07-25,1,0,0.0,150.0,,Pastick,4.0,3.0,N,,,,,,
63.7058541886145,-150.45954248997893,1998-07-25,1,1,78.0,78.0,,Pastick,3.0,18.0,N,,,,,,
63.71834286468865,-151.2424016252664,1999-07-28,1,0,0.0,100.0,,Pastick,1.0,2.0,N,,,,,,
63.70686754944475,-150.46048411359885,1998-07-25,1,0,44.0,44.0,,Pastick,2.0,0.0,Y,,,,,,
63.719554564289446,-151.2401801483878,1999-07-28,1,0,0.0,100.0,,Pastick,2.0,3.0,N,,,,,,
63.70839057033764,-150.4607929863718,1998-07-25,1,0,110.0,110.0,,Pastick,1.0,1.0,Y,,,,,,
63.70020839629071,-150.0212091537058,1998-07-12,1,1,42.0,62.0,,Pastick,1.0,28.0,N,,,,,,
63.71528544101537,-150.77214236166873,1998-08-10,1,0,24.0,24.0,,Pastick,3.0,1.0,Y,,,,,,
63.71597362142368,-150.7748420709734,1998-08-10,1,1,54.0,70.0,,Pastick,4.0,54.0,N,,,,,,
63.70299685074278,-150.02010603642498,1998-07-12,1,1,26.0,38.0,,Pastick,2.0,38.0,N,,,,,,
63.71721636652739,-150.7745014259978,1998-08-10,1,0,79.0,79.0,,Pastick,5.0,7.0,Y,,,,,,
63.7194651363999,-150.77477021600717,1998-08-10,1,0,85.0,85.0,,Pastick,1.0,28.0,Y,,,,,,
63.72017696674988,-150.7766787047081,1998-08-10,1,1,42.0,42.0,,Pastick,2.0,20.0,N,,,,,,
63.70719846342633,-150.01958294336873,1998-07-12,1,0,0.0,120.0,,Pastick,3.0,17.0,N,,,,,,
63.72336961514172,-150.78284853609532,1998-08-10,1,0,74.0,74.0,,Pastick,3.0,20.0,Y,,,,,,
63.72673608220763,-150.99419547419134,1998-09-03,1,1,49.0,49.0,,Pastick,1.0,34.0,N,,,,,,
63.723725947402144,-150.78383334656723,1998-08-10,1,0,0.0,100.0,,Pastick,4.0,2.0,N,,,,,,
63.72781106817846,-150.9920937472241,1998-09-03,1,1,61.0,76.0,,Pastick,2.0,76.0,N,,,,,,
63.72787160562904,-150.96950432182012,1998-09-03,1,0,0.0,100.0,,Pastick,2.0,9.0,N,,,,,,
63.72798005456862,-150.96828118941184,1998-09-03,1,0,0.0,100.0,,Pastick,1.0,10.0,N,,,,,,
63.72801954694247,-150.9659894345197,1998-09-03,1,1,71.0,71.0,,Pastick,2.0,8.0,N,,,,,,
63.73675684093649,-151.7076366478101,1999-07-26,1,0,0.0,100.0,,Pastick,3.0,4.0,N,,,,,,
63.73690968695551,-151.71771797771703,1999-07-26,1,1,41.0,41.0,,Pastick,1.0,16.0,N,,,,,,
63.72832646527454,-150.97056552583692,1998-09-03,1,0,0.0,100.0,,Pastick,1.0,3.0,N,,,,,,
63.72845856456002,-150.97932698454463,1998-09-03,1,0,0.0,150.0,,Pastick,3.0,0.0,N,,,,,,
63.72864672529589,-150.95891539154772,1998-09-03,1,1,54.0,54.0,,Pastick,3.0,4.0,N,,,,,,
63.72929781961975,-150.98797746452314,1998-09-03,1,1,42.0,68.0,,Pastick,1.0,68.0,N,,,,,,
63.73778496644875,-151.7132012467926,1999-07-26,1,1,56.0,56.0,,Pastick,2.0,12.0,N,,,,,,
63.72996148865503,-150.98150876074962,1998-09-03,1,0,0.0,150.0,,Pastick,3.0,36.0,N,,,,,,
63.72705021537968,-150.77873173299233,1998-08-10,1,0,72.0,72.0,,Pastick,1.0,4.0,Y,,,,,,
63.73013366669296,-150.98611515131844,1998-09-03,1,1,88.0,88.0,,Pastick,2.0,21.0,N,,,,,,
63.73906536069738,-151.7331185432738,1999-07-25,1,1,104.0,104.0,,Pastick,6.0,23.0,N,,,,,,
63.73946564939018,-151.73372866517914,1999-07-25,1,0,0.0,107.0,,Pastick,5.0,107.0,N,,,,,,
63.73971166131451,-151.74338145364374,1999-07-25,1,0,0.0,150.0,,Pastick,1.0,5.0,N,,,,,,
63.740517169990646,-151.73593048857958,1999-07-25,1,1,36.0,36.0,,Pastick,4.0,22.0,N,,,,,,
63.7407654166117,-151.7386545391498,1999-07-25,1,1,130.0,130.0,,Pastick,3.0,19.0,N,,,,,,
63.740958364564925,-151.74121901192962,1999-07-25,1,1,54.0,54.0,,Pastick,2.0,29.0,N,,,,,,
63.73066320630524,-150.78071722002412,1998-08-10,1,1,120.0,120.0,,Pastick,2.0,23.0,Y,,,,,,
63.73174673998953,-150.78344840341882,1998-08-10,1,0,0.0,110.0,,Pastick,3.0,8.0,N,,,,,,
63.75282115247112,-152.14807888962486,2000-09-09,1,1,46.0,46.0,,Pastick,2.0,23.0,N,,,,,,
63.75295906284786,-152.15168233093047,2000-09-09,1,1,42.0,55.0,,Pastick,1.0,31.0,N,,,,,,
63.75318842988643,-152.1571274194626,2000-09-09,1,1,31.0,42.0,,Pastick,3.0,31.0,N,,,,,,
63.753444690436126,-152.1672536311587,2000-09-09,1,1,84.0,84.0,,Pastick,4.0,17.0,N,,,,,,
63.75353647972639,-152.16295416538114,2000-09-09,1,1,83.0,83.0,,Pastick,5.0,21.0,N,,,,,,
63.75361683971214,-152.17221417286072,2000-09-09,1,0,0.0,150.0,,Pastick,3.0,5.0,N,,,,,,
63.75363522715022,-152.15987053234278,2000-09-09,1,1,43.0,43.0,,Pastick,2.0,25.0,N,,,,,,
63.753966168591816,-152.16121866373314,2000-09-09,1,0,0.0,150.0,,Pastick,1.0,53.0,N,,,,,,
63.75632458547025,-151.93390003101285,2000-08-09,1,0,0.0,150.0,,Pastick,1.0,2.0,N,,,,,,
63.75771846588074,-151.93184059727892,2000-08-09,1,0,0.0,150.0,,Pastick,2.0,8.0,N,,,,,,
63.75866735382817,-151.93271700665014,2000-08-09,1,0,0.0,150.0,,Pastick,3.0,2.0,N,,,,,,
63.7601071902405,-151.93323031304584,2000-08-09,1,1,39.0,39.0,,Pastick,4.0,20.0,N,,,,,,
63.76139898043534,-151.93435748029188,2000-08-09,1,1,62.0,83.0,,Pastick,1.0,39.0,N,,,,,,
63.7623155623338,-151.96408635635757,2000-08-09,1,0,0.0,150.0,,Pastick,1.0,7.0,N,,,,,,
63.76254854362164,-151.93567257998808,2000-08-09,1,0,0.0,150.0,,Pastick,2.0,3.0,N,,,,,,
63.76513473553924,-151.94317904179465,2000-08-09,1,0,0.0,150.0,,Pastick,1.0,2.0,N,,,,,,
63.76569440196972,-151.9485315899086,2000-08-09,1,1,39.0,64.0,,Pastick,2.0,64.0,N,,,,,,
63.765980714882346,-151.95211004652566,2000-08-09,1,1,62.0,66.0,,Pastick,3.0,28.0,N,,,,,,
63.76623043331799,-151.95684574765204,2000-08-09,1,0,0.0,150.0,,Pastick,4.0,9.0,N,,,,,,
63.74132199998832,-150.0353488800731,2002-09-03,1,1,72.0,72.0,,Pastick,1.0,47.0,N,,,,,,
63.78431390212166,-151.4668236955065,2000-09-11,1,0,0.0,150.0,,Pastick,5.0,50.0,N,,,,,,
63.78465507044617,-151.46514113243063,2000-09-11,1,0,0.0,150.0,,Pastick,6.0,33.0,N,,,,,,
63.78912751341064,-151.74706848408124,2000-08-13,1,1,39.0,58.0,,Pastick,4.0,58.0,N,,,,,,
63.79052010209848,-151.7451597624304,2000-08-13,1,0,0.0,61.0,,Pastick,1.0,61.0,N,,,,,,
63.77247418163541,-150.34386991279828,2002-08-29,1,1,48.0,56.0,,Pastick,1.0,32.0,N,,,,,,
63.77297313738564,-150.36667353297327,2002-08-29,1,1,38.0,51.0,,Pastick,1.0,29.0,N,,,,,,
63.79292830771573,-151.74444380308643,2000-08-13,1,0,0.0,81.0,,Pastick,3.0,81.0,N,,,,,,
63.79310690593939,-151.74640474788816,2000-08-13,1,1,43.0,43.0,,Pastick,2.0,43.0,N,,,,,,
63.79484503942627,-151.74707863390566,2000-08-13,1,1,42.0,42.0,,Pastick,1.0,31.0,N,,,,,,
63.796264923582086,-151.74831482042833,2000-08-13,1,0,107.0,107.0,,Pastick,3.0,8.0,Y,,,,,,
63.79957684640456,-151.7503809206156,2000-08-13,1,0,73.0,73.0,,Pastick,2.0,7.0,Y,,,,,,
63.802433578448415,-151.7537874128188,2000-08-13,1,0,60.0,60.0,,Pastick,1.0,10.0,Y,,,,,,
63.79126467053258,-150.7993019276185,1998-09-05,1,0,116.0,116.0,,Pastick,2.0,11.0,Y,,,,,,
63.791500290933904,-150.7970908522481,1998-09-05,1,0,64.0,64.0,,Pastick,1.0,8.0,Y,,,,,,
63.79240139491977,-150.79965997567473,1998-09-05,1,1,109.0,122.0,,Pastick,3.0,28.0,N,,,,,,
63.79362902556882,-150.8006810089485,1998-09-05,1,0,43.0,43.0,,Pastick,4.0,0.0,Y,,,,,,
63.80657858621013,-151.75880305800834,2000-08-13,1,1,102.0,102.0,,Pastick,2.0,18.0,N,,,,,,
63.79579479731283,-150.80376117064327,1998-09-05,1,1,142.0,155.0,,Pastick,5.0,38.0,N,,,,,,
63.80897578772768,-151.754717005444,2000-08-13,1,0,71.0,71.0,,Pastick,1.0,8.0,Y,,,,,,
63.7979990491002,-150.80052318859575,1998-09-05,1,0,78.0,78.0,,Pastick,6.0,10.0,Y,,,,,,
63.811725205466864,-151.88470701535715,2002-08-31,1,0,67.0,67.0,,Pastick,1.0,7.0,Y,,,,,,
63.80130222380778,-150.80105777543878,1998-09-05,1,1,107.0,107.0,,Pastick,1.0,11.0,N,,,,,,
63.81394083787308,-151.7497040097134,2000-08-13,1,1,40.0,63.0,,Pastick,3.0,32.0,N,,,,,,
63.80290960521956,-150.79871859183905,1998-09-05,1,0,0.0,170.0,,Pastick,2.0,5.0,N,,,,,,
63.80340404538106,-150.79699416642362,1998-09-05,1,1,54.0,80.0,,Pastick,3.0,33.0,N,,,,,,
63.80502400466173,-150.79371920823004,1998-09-05,1,1,49.0,49.0,,Pastick,4.0,18.0,N,,,,,,
63.81954086812922,-152.10655087373422,2002-08-30,1,0,0.0,150.0,,Pastick,1.0,0.0,N,,,,,,
63.805546245804905,-150.79264240109535,1998-09-05,1,1,51.0,60.0,,Pastick,5.0,23.0,N,,,,,,
63.819871665807696,-152.10489483039598,2002-08-30,1,0,0.0,150.0,,Pastick,2.0,0.0,N,,,,,,
63.8036139011499,-150.44822246811006,2002-09-03,1,0,0.0,150.0,,Pastick,1.0,4.0,N,,,,,,
63.8097932455776,-150.7885515464032,1998-09-05,1,1,53.0,76.0,,Pastick,1.0,58.0,N,,,,,,
63.81113206553236,-150.7868618345211,1998-09-05,1,1,43.0,43.0,,Pastick,2.0,30.0,N,,,,,,
63.812597596309175,-150.7846540548505,1998-09-05,1,1,63.0,86.0,,Pastick,3.0,44.0,N,,,,,,
63.81632890701754,-150.92902057679154,1998-09-08,1,0,0.0,100.0,,Pastick,1.0,6.0,N,,,,,,
63.823759894354346,-151.51889592331753,2000-09-11,1,1,44.0,63.0,,Pastick,3.0,63.0,N,,,,,,
63.82423006899226,-151.52537405887486,2000-09-11,1,0,0.0,150.0,,Pastick,4.0,96.0,N,,,,,,
63.82412065491226,-151.51469078114127,2000-09-11,1,1,89.0,89.0,,Pastick,1.0,89.0,N,,,,,,
63.82420637351876,-151.51255251914952,2000-09-11,1,1,64.0,64.0,,Pastick,1.0,48.0,N,,,,,,
63.82464161129879,-151.51647196603773,2000-09-11,1,0,0.0,150.0,,Pastick,2.0,43.0,N,,,,,,
63.81210679042442,-150.54919777515715,1998-07-27,1,1,36.0,68.0,,Pastick,1.0,36.0,N,,,,,,
63.81265231236411,-150.55012573154804,1998-07-27,1,0,0.0,150.0,,Pastick,2.0,5.0,N,,,,,,
63.81363058624949,-150.55168672726822,1998-07-27,1,1,38.0,60.0,,Pastick,3.0,38.0,N,,,,,,
63.80717631056469,-150.05250757053415,1999-07-23,1,1,42.0,67.0,,Pastick,3.0,51.0,N,,,,,,
63.83252968091434,-151.56699681893284,2000-09-11,1,0,0.0,100.0,,Pastick,1.0,0.0,N,,,,,,
63.83273697933526,-151.5616605359893,2000-09-11,1,0,0.0,150.0,,Pastick,3.0,56.0,N,,,,,,
63.83321199503597,-151.55978647913756,2000-09-11,1,0,0.0,150.0,,Pastick,2.0,0.0,N,,,,,,
63.8200550943895,-150.56096627831226,1998-07-26,1,1,41.0,47.0,,Pastick,4.0,25.0,Y,,,,,,
63.82031085576951,-150.55856604441794,1998-07-26,1,0,23.0,23.0,,Pastick,3.0,14.0,Y,,,,,,
63.8204162144239,-150.5563007588174,1998-07-26,1,1,57.0,85.0,,Pastick,2.0,18.0,N,,,,,,
63.82070513084174,-150.55109257865948,1998-07-26,1,0,35.0,35.0,,Pastick,1.0,0.0,Y,,,,,,
63.821858415936674,-150.5630055204508,1998-07-26,1,0,96.0,96.0,,Pastick,5.0,8.0,Y,,,,,,
63.83212783048759,-151.21266220114734,2000-08-16,1,0,0.0,150.0,,Pastick,6.0,54.0,N,,,,,,
63.83381397132249,-151.21981311931006,2000-08-16,1,0,0.0,100.0,,Pastick,5.0,33.0,N,,,,,,
63.82438683251319,-150.57024746252426,1998-07-27,1,1,33.0,56.0,,Pastick,6.0,33.0,N,,,,,,
63.834220659505256,-151.1860997155763,2000-08-16,1,0,0.0,150.0,,Pastick,1.0,2.0,N,,,,,,
63.82537644901464,-150.57784657409468,1998-07-27,1,0,85.0,85.0,,Pastick,7.0,5.0,Y,,,,,,
63.83471325788124,-151.19605051603384,2000-08-16,1,0,0.0,150.0,,Pastick,2.0,59.0,N,,,,,,
63.83460294557422,-151.18723396927015,2000-08-16,1,1,45.0,45.0,,Pastick,2.0,25.0,N,,,,,,
63.830655914962,-150.89104819571415,1998-09-08,1,0,0.0,150.0,,Pastick,1.0,5.0,N,,,,,,
63.83486772156462,-151.19835836666584,2000-08-16,1,1,54.0,54.0,,Pastick,3.0,23.0,N,,,,,,
63.83487082643419,-151.19213686221835,2000-08-16,1,0,0.0,150.0,,Pastick,1.0,43.0,N,,,,,,
63.830853768144905,-150.88186435173074,1998-09-08,1,1,40.0,40.0,,Pastick,1.0,24.0,N,,,,,,
63.83107957765803,-150.8948589651697,1998-09-08,1,0,0.0,150.0,,Pastick,2.0,5.0,N,,,,,,
63.831219001212574,-150.89950426463332,1998-09-08,1,0,0.0,100.0,,Pastick,3.0,2.0,N,,,,,,
63.83547878631401,-151.20996921135992,2000-08-16,1,0,0.0,150.0,,Pastick,4.0,24.0,N,,,,,,
63.837503204840935,-151.3570063599816,2002-08-30,1,0,0.0,150.0,,Pastick,1.0,61.0,N,,,,,,
63.83777607569033,-151.3589016653122,2002-08-30,1,0,0.0,100.0,,Pastick,2.0,28.0,N,,,,,,
63.83289934781549,-150.87321179848254,1998-09-08,1,1,60.0,77.0,,Pastick,4.0,40.0,N,,,,,,
63.83272965897133,-150.8611067551026,1998-09-08,1,1,68.0,68.0,,Pastick,2.0,46.0,N,,,,,,
63.83284676233068,-150.86416801071508,1998-09-08,1,1,71.0,71.0,,Pastick,1.0,38.0,N,,,,,,
63.83297640757005,-150.86869225259613,1998-09-08,1,1,38.0,42.0,,Pastick,2.0,42.0,N,,,,,,
63.8330490670249,-150.86935771838662,1998-09-08,1,0,0.0,150.0,,Pastick,3.0,119.0,N,,,,,,
63.83367539423767,-150.85707008070557,1998-09-08,1,1,52.0,66.0,,Pastick,1.0,38.0,N,,,,,,
63.82946137539935,-150.57995560786867,1998-07-26,1,0,28.0,28.0,,Pastick,6.0,1.0,Y,,,,,,
63.8290059945613,-150.26836740693332,1998-07-24,1,0,0.0,150.0,,Pastick,2.0,19.0,N,,,,,,
63.82923944755311,-150.2640947584725,1998-07-24,1,0,0.0,150.0,,Pastick,1.0,10.0,N,,,,,,
63.82977830476851,-150.27502351141683,1998-07-24,1,0,0.0,150.0,,Pastick,3.0,2.0,N,,,,,,
63.82986374030216,-150.25392737926393,1998-07-24,1,0,0.0,100.0,,Pastick,3.0,13.0,N,,,,,,
63.8310208908503,-150.24913719887522,1998-07-24,1,0,0.0,100.0,,Pastick,2.0,17.0,N,,,,,,
63.82631138098612,-150.0103432895384,1998-07-23,1,0,0.0,68.0,,Pastick,3.0,0.0,N,,,,,,
63.83179657535575,-150.24554314192832,1998-07-24,1,1,49.0,54.0,,Pastick,1.0,24.0,N,,,,,,
63.83327574590567,-150.23600225978984,1998-07-24,1,1,46.0,53.0,,Pastick,2.0,46.0,N,,,,,,
63.83492587009593,-150.21763646430193,1998-07-24,1,1,91.0,91.0,,Pastick,1.0,32.0,N,,,,,,
63.83538552640669,-150.22098781971786,1998-07-24,1,1,63.0,72.0,,Pastick,2.0,27.0,N,,,,,,
63.83700259839233,-150.2284968147407,1998-07-24,1,1,51.0,51.0,,Pastick,1.0,46.0,N,,,,,,
63.862762179575455,-150.96380659169048,1998-08-22,1,0,0.0,150.0,,Pastick,2.0,7.0,N,,,,,,
63.87388571473912,-151.96539484366525,2002-08-31,1,1,48.0,48.0,,Pastick,1.0,13.0,N,,,,,,
63.85146576795217,-150.1762950687933,2002-08-18,1,0,0.0,150.0,,Pastick,1.0,12.0,N,,,,,,
63.8663378092581,-150.9607998309577,1998-08-22,1,0,0.0,150.0,,Pastick,1.0,6.0,N,,,,,,
63.887179688135625,-151.69068666156815,2000-09-08,1,0,0.0,150.0,,Pastick,2.0,3.0,N,,,,,,
63.88744598753308,-151.692344284472,2000-09-08,1,1,69.0,69.0,,Pastick,1.0,11.0,N,,,,,,
63.87775045081678,-150.82053771383727,1998-09-07,1,1,56.0,74.0,,Pastick,3.0,40.0,N,,,,,,
63.88925814428472,-151.69323763436307,2000-09-08,1,1,91.0,98.0,,Pastick,3.0,8.0,N,,,,,,
63.87878447399212,-150.81231129453425,1998-09-07,1,1,79.0,79.0,,Pastick,1.0,32.0,N,,,,,,
63.88644702192897,-151.39661230673025,2000-08-14,1,1,62.0,62.0,,Pastick,5.0,15.0,N,,,,,,
63.88651833866587,-151.40224992299,2000-08-14,1,0,0.0,150.0,,Pastick,6.0,7.0,N,,,,,,
63.87063595087847,-150.3258457312443,1998-08-06,1,1,49.0,65.0,,Pastick,3.0,28.0,N,,,,,,
63.88667978268711,-151.3820364364391,2000-08-14,1,0,0.0,100.0,,Pastick,3.0,3.0,N,,,,,,
63.87061162374587,-150.30422105120567,1998-08-06,1,0,0.0,100.0,,Pastick,4.0,0.0,N,,,,,,
63.88681079835506,-151.388953807576,2000-08-14,1,0,0.0,100.0,,Pastick,4.0,8.0,N,,,,,,
63.88217211085687,-150.97470262356032,1998-08-22,1,1,89.0,89.0,,Pastick,5.0,18.0,N,,,,,,
63.890781549872464,-151.7019456579364,2000-09-08,1,1,53.0,56.0,,Pastick,1.0,56.0,N,,,,,,
63.87262696320944,-150.32716345021393,1998-08-06,1,1,62.0,91.0,,Pastick,2.0,34.0,N,,,,,,
63.88349916998352,-150.97458665735658,1998-08-22,1,1,39.0,51.0,,Pastick,4.0,22.0,N,,,,,,
63.87483663085186,-150.37326819089392,2002-08-29,1,1,59.0,59.0,,Pastick,1.0,21.0,N,,,,,,
63.893350414693046,-151.70215295625306,2000-09-08,1,0,0.0,150.0,,Pastick,4.0,150.0,N,,,,,,
63.88511350672087,-150.97447034931662,1998-08-22,1,1,86.0,86.0,,Pastick,3.0,28.0,N,,,,,,
63.893684380091,-151.70236161288463,2000-09-08,1,1,43.0,69.0,,Pastick,5.0,69.0,N,,,,,,
63.87525856737738,-150.32864452774973,1998-08-06,1,0,0.0,150.0,,Pastick,1.0,19.0,N,,,,,,
63.88616724031901,-150.97535180167023,1998-08-22,1,0,0.0,150.0,,Pastick,2.0,130.0,N,,,,,,
63.894579331465614,-151.7070871678589,2000-09-08,1,1,53.0,53.0,,Pastick,3.0,22.0,N,,,,,,
63.88620268531132,-150.9759603421907,1998-08-22,1,1,42.0,58.0,,Pastick,1.0,26.0,N,,,,,,
63.89490570434469,-151.7084574148074,2000-09-08,1,0,0.0,66.0,,Pastick,1.0,66.0,N,,,,,,
63.892123387410265,-151.40993716696647,2000-08-14,1,1,47.0,47.0,,Pastick,1.0,28.0,N,,,,,,
63.89523348429655,-151.70797380357877,2000-09-08,1,0,0.0,150.0,,Pastick,2.0,150.0,N,,,,,,
63.876959599883534,-150.32544793446817,1998-08-06,1,0,0.0,100.0,,Pastick,3.0,8.0,N,,,,,,
63.87742138008127,-150.33002781225588,1998-08-06,1,0,0.0,120.0,,Pastick,4.0,8.0,N,,,,,,
63.88829306261809,-150.97650244213654,1998-08-22,1,1,32.0,46.0,,Pastick,2.0,21.0,N,,,,,,
63.88983735911573,-150.97651349678495,1998-08-22,1,1,52.0,60.0,,Pastick,1.0,41.0,N,,,,,,
63.89549595497585,-151.4080757258395,2000-08-14,1,0,0.0,100.0,,Pastick,2.0,63.0,N,,,,,,
63.89610648559746,-151.41873746684996,2000-08-14,1,1,40.0,61.0,,Pastick,1.0,22.0,N,,,,,,
63.90191677551953,-152.03323136305914,2000-09-07,1,0,0.0,92.0,,Pastick,3.0,92.0,N,,,,,,
63.90220480063389,-152.02932975783426,2000-09-07,1,1,39.0,39.0,,Pastick,1.0,39.0,N,,,,,,
63.90265749827472,-152.02858059433143,2000-09-07,1,0,0.0,84.0,,Pastick,2.0,84.0,N,,,,,,
63.89187278461021,-150.9769781631047,1998-08-22,1,1,42.0,81.0,,Pastick,4.0,81.0,N,,,,,,
63.884238355974254,-150.44394070964094,2002-08-29,1,0,74.0,74.0,,Pastick,1.0,9.0,Y,,,,,,
63.88272718533533,-150.33433182995378,1998-08-06,1,0,0.0,150.0,,Pastick,2.0,5.0,N,,,,,,
63.883594918966416,-150.33512559520713,1998-08-06,1,0,79.0,79.0,,Pastick,1.0,6.0,Y,,,,,,
63.89468818693552,-150.97736637852697,1998-08-22,1,0,0.0,150.0,,Pastick,3.0,150.0,N,,,,,,
63.900437706946605,-151.42658340635705,2000-08-14,1,1,93.0,93.0,,Pastick,2.0,37.0,N,,,,,,
63.88504755931957,-150.33549721899607,1998-08-06,1,0,110.0,110.0,,Pastick,3.0,9.0,Y,,,,,,
63.88719606900205,-150.4042861857112,2002-08-29,1,0,56.0,56.0,,Pastick,1.0,8.0,Y,,,,,,
63.89681486832957,-150.97729479899667,1998-08-22,1,0,0.0,150.0,,Pastick,2.0,150.0,N,,,,,,
63.908213903645546,-152.03005960069322,2000-09-07,1,0,0.0,150.0,,Pastick,1.0,150.0,N,,,,,,
63.90848254277599,-152.02996880566707,2000-09-07,1,1,47.0,69.0,,Pastick,2.0,9.0,N,,,,,,
63.89835176672533,-150.97677658191964,1998-08-22,1,1,42.0,66.0,,Pastick,1.0,66.0,N,,,,,,
63.91017395660435,-152.03192813080665,2000-09-07,1,1,44.0,44.0,,Pastick,3.0,9.0,N,,,,,,
63.91087328304186,-152.035858069103,2000-09-07,1,1,34.0,52.0,,Pastick,4.0,34.0,N,,,,,,
63.89542675173151,-150.67111801068012,1998-09-07,1,0,0.0,150.0,,Pastick,4.0,9.0,N,,,,,,
63.89720861746918,-150.67584118176237,1998-09-07,1,0,0.0,150.0,,Pastick,3.0,21.0,N,,,,,,
63.89808513916107,-150.6778678944331,1998-09-07,1,1,58.0,58.0,,Pastick,2.0,14.0,N,,,,,,
63.89961050262001,-150.68004496052492,1998-09-07,1,1,56.0,80.0,,Pastick,1.0,48.0,N,,,,,,
63.918803100512775,-152.0245358166371,2000-09-07,1,0,0.0,100.0,,Pastick,2.0,49.0,N,,,,,,
63.91900022770044,-152.02448819329572,2000-09-07,1,1,81.0,81.0,,Pastick,1.0,57.0,N,,,,,,
63.91974134725421,-152.02525758151148,2000-09-07,1,1,49.0,49.0,,Pastick,3.0,23.0,N,,,,,,
63.9202957392276,-152.02762379159108,2000-09-07,1,1,86.0,86.0,,Pastick,4.0,3.0,N,,,,,,
63.912399836634094,-150.712449953519,1998-09-07,1,1,106.0,106.0,,Pastick,4.0,8.0,N,,,,,,
63.912529650623206,-150.70987010357163,1998-09-07,1,1,52.0,52.0,,Pastick,5.0,20.0,N,,,,,,
63.90269186405167,-150.11794869860273,1997-09-03,1,1,44.0,44.0,,Pastick,2.0,22.0,N,,,,,,
63.90288352415964,-150.11990684465837,1997-09-03,1,1,71.0,71.0,,Pastick,3.0,9.0,N,,,,,,
63.904140144317495,-150.11355874057372,1997-09-03,1,1,84.0,84.0,,Pastick,1.0,22.0,N,,,,,,
63.926901120749086,-151.49432407216926,2000-08-27,1,1,140.0,150.0,,Pastick,4.0,110.0,N,,,,,,
63.93180787138205,-151.9982408817426,2002-08-30,1,1,54.0,54.0,,Pastick,1.0,5.0,N,,,,,,
63.92781721209156,-151.4917865500217,2000-08-27,1,1,60.0,63.0,,Pastick,2.0,20.0,N,,,,,,
63.9278472428533,-151.49294753821172,2000-08-27,1,0,0.0,100.0,,Pastick,3.0,46.0,N,,,,,,
63.92939009516125,-151.4885403782771,2000-08-27,1,0,0.0,150.0,,Pastick,1.0,96.0,N,,,,,,
63.93462113298686,-151.48491272787115,2000-08-27,1,1,97.0,97.0,,Pastick,3.0,23.0,N,,,,,,
63.93509012928735,-151.48684597613396,2000-08-27,1,1,52.0,70.0,,Pastick,2.0,34.0,N,,,,,,
63.93550586739895,-151.48970025185017,2000-08-27,1,0,0.0,150.0,,Pastick,1.0,11.0,N,,,,,,
63.9226718522962,-150.49850034133195,1998-09-06,1,1,43.0,70.0,,Pastick,1.0,22.0,N,,,,,,
63.91840883600012,-150.15336224596018,2002-08-18,1,0,0.0,150.0,,Pastick,3.0,9.0,N,,,,,,
63.92509896239202,-150.50907664439492,1998-09-06,1,1,54.0,54.0,,Pastick,5.0,31.0,N,,,,,,
63.92523991936204,-150.50630983999878,1998-09-06,1,1,42.0,42.0,,Pastick,2.0,20.0,N,,,,,,
63.91929721944369,-150.15378215171486,2002-08-18,1,0,0.0,150.0,,Pastick,1.0,5.0,N,,,,,,
63.919676068074594,-150.15386613117238,2002-08-18,1,0,0.0,150.0,,Pastick,2.0,9.0,N,,,,,,
63.92625279663214,-150.51038199710857,1998-09-06,1,0,0.0,150.0,,Pastick,3.0,6.0,N,,,,,,
63.94118947314766,-151.50198484319478,2000-08-27,1,0,0.0,150.0,,Pastick,3.0,7.0,N,,,,,,
63.9276074947043,-150.51240417675243,1998-09-06,1,1,48.0,60.0,,Pastick,1.0,19.0,N,,,,,,
63.94152316350004,-151.51259874867435,2000-08-27,1,0,89.0,89.0,,Pastick,2.0,10.0,Y,,,,,,
63.93331056117689,-150.7491284062725,2002-09-02,1,1,143.0,150.0,,Pastick,1.0,9.0,N,,,,,,
63.93064727515291,-150.51111429375177,1998-09-06,1,1,54.0,54.0,,Pastick,2.0,3.0,N,,,,,,
63.94465015878547,-151.51906569826187,2000-08-27,1,0,63.0,63.0,,Pastick,1.0,9.0,Y,,,,,,
63.93116356616143,-150.51137457785137,1998-09-06,1,1,116.0,116.0,,Pastick,3.0,17.0,N,,,,,,
63.94606040086567,-151.52268536153628,2000-08-27,1,1,48.0,79.0,,Pastick,1.0,21.0,N,,,,,,
63.93516412227092,-150.50903986819813,1998-09-06,1,1,41.0,48.0,,Pastick,4.0,12.0,N,,,,,,
63.93931774583508,-150.72960343645974,1998-09-07,1,1,47.0,60.0,,Pastick,1.0,30.0,N,,,,,,
63.94012256549518,-150.72882388876462,1998-09-07,1,1,62.0,62.0,,Pastick,2.0,34.0,N,,,,,,
63.93760282196768,-150.50778226563148,1998-09-06,1,1,148.0,148.0,,Pastick,6.0,9.0,N,,,,,,
63.94130210895255,-150.72674839895697,1998-09-07,1,1,148.0,148.0,,Pastick,3.0,8.0,N,,,,,,
63.94367365831484,-150.53196568114123,1998-09-06,1,1,128.0,128.0,,Pastick,2.0,14.0,N,,,,,,
63.94351207059291,-150.5214456304126,1998-09-06,1,1,38.0,70.0,,Pastick,1.0,20.0,N,,,,,,
63.94529274877526,-150.54111262396,1998-09-06,1,1,46.0,62.0,,Pastick,3.0,21.0,N,,,,,,
63.961010442692334,-151.19115069039853,2000-08-28,1,1,105.0,105.0,,Pastick,3.0,18.0,N,,,,,,
63.96115942029803,-151.19014036148835,2000-08-28,1,1,33.0,61.0,,Pastick,2.0,33.0,N,,,,,,
63.96149480754461,-151.18752498429455,2000-08-28,1,1,64.0,64.0,,Pastick,1.0,13.0,N,,,,,,
63.94333320597445,-150.02343284340762,1997-08-20,1,1,44.0,70.0,,Pastick,1.0,70.0,N,,,,,,
63.94344573760796,-150.02585092516557,1997-08-20,1,1,83.0,83.0,,Pastick,2.0,9.0,N,,,,,,
63.94392328716032,-150.03074206919368,1997-08-20,1,1,61.0,61.0,,Pastick,3.0,8.0,N,,,,,,
63.946623188314064,-150.0863112062213,1997-08-21,1,1,96.0,96.0,,Pastick,2.0,43.0,N,,,,,,
63.94684349432536,-150.0825306057168,1997-08-20,1,1,128.0,128.0,,Pastick,8.0,10.0,N,,,,,,
63.94724983980717,-150.09112702647064,1997-08-21,1,1,54.0,54.0,,Pastick,1.0,14.0,N,,,,,,
63.99139370614944,-151.39873852637055,2000-08-15,1,0,141.0,141.0,,Pastick,2.0,6.0,Y,,,,,,
63.99274821441683,-151.40354722081733,2000-08-15,1,0,0.0,150.0,,Pastick,1.0,5.0,N,,,,,,
63.99436025296472,-151.40648118304605,2000-08-15,1,1,45.0,45.0,,Pastick,1.0,24.0,N,,,,,,
63.972909345979446,-150.03966685147333,2002-08-18,1,1,86.0,86.0,,Pastick,2.0,15.0,N,,,,,,
63.97295558283799,-150.04105200361164,2002-08-18,1,0,0.0,150.0,,Pastick,1.0,9.0,N,,,,,,
63.98598695344887,-150.65117396300474,1998-09-04,1,1,58.0,58.0,,Pastick,1.0,23.0,N,,,,,,
63.98629705095772,-150.64703841910068,1998-09-04,1,1,50.0,50.0,,Pastick,4.0,18.0,N,,,,,,
64.00049287743597,-151.7694077519258,2000-08-12,1,1,49.0,49.0,,Pastick,1.0,38.0,N,,,,,,
63.97915840264458,-150.1677314178934,1998-08-07,1,0,76.0,76.0,,Pastick,3.0,8.0,Y,,,,,,
63.987891568012245,-150.6418335865364,1998-09-04,1,1,38.0,51.0,,Pastick,3.0,20.0,N,,,,,,
63.98801477882082,-150.63891977376477,1998-09-04,1,1,84.0,84.0,,Pastick,2.0,7.0,N,,,,,,
64.00269671544343,-151.7699856408123,2000-08-12,1,0,0.0,150.0,,Pastick,3.0,4.0,N,,,,,,
63.98906812075158,-150.63633629263344,1998-09-04,1,1,48.0,61.0,,Pastick,1.0,36.0,N,,,,,,
63.98948992056074,-150.6540288270087,1998-09-04,1,0,0.0,150.0,,Pastick,1.0,137.0,N,,,,,,
63.9902079001013,-150.65400951967544,1998-09-04,1,1,51.0,51.0,,Pastick,2.0,12.0,N,,,,,,
63.9990600461566,-151.24503087280124,2002-09-02,1,0,0.0,150.0,,Pastick,1.0,4.0,N,,,,,,
63.98236168917749,-150.14513997390202,1998-08-07,1,0,95.0,95.0,,Pastick,2.0,3.0,Y,,,,,,
63.99152361008126,-150.65430817078368,1998-09-04,1,1,52.0,52.0,,Pastick,3.0,11.0,N,,,,,,
63.98341441881882,-150.16492862114654,1998-08-07,1,0,40.0,40.0,,Pastick,2.0,0.0,Y,,,,,,
63.98354512672424,-150.1610506717733,1998-08-07,1,1,56.0,65.0,,Pastick,1.0,31.0,N,,,,,,
63.98404064922201,-150.15746278706865,1998-08-07,1,0,97.0,97.0,,Pastick,4.0,7.0,Y,,,,,,
63.9480058982743,-150.0336180921336,1997-08-20,1,1,51.0,51.0,,Pastick,4.0,27.0,N,,,,,,
63.94889725957277,-150.0637106195137,1997-08-20,1,1,61.0,65.0,,Pastick,7.0,38.0,N,,,,,,
63.9501272904004,-150.05130632182394,1997-08-20,1,1,58.0,78.0,,Pastick,3.0,20.0,N,,,,,,
63.95047564466477,-150.04812416545508,1997-08-20,1,1,44.0,69.0,,Pastick,2.0,68.0,N,,,,,,
63.95076820284304,-150.04617334209453,1997-08-20,1,0,0.0,150.0,,Pastick,1.0,5.0,N,,,,,,
63.95075311220167,-150.0441119532903,1997-08-20,1,1,49.0,49.0,,Pastick,6.0,12.0,N,,,,,,
63.95130666109735,-150.03471886439357,1997-08-20,1,1,84.0,84.0,,Pastick,5.0,24.0,N,,,,,,
63.98180175923045,-151.7551895825627,2000-08-12,1,0,0.0,150.0,,Pastick,2.0,63.0,N,,,,,,
63.981890459214206,-151.75402087204017,2000-08-12,1,1,33.0,44.0,,Pastick,1.0,28.0,N,,,,,,
63.98195571037222,-151.75849313455623,2000-08-12,1,1,60.0,60.0,,Pastick,3.0,60.0,N,,,,,,
63.98342978381447,-151.75769208675123,2000-08-12,1,1,61.0,114.0,,Pastick,4.0,17.0,N,,,,,,
63.98471416590955,-151.7577985851084,2000-08-12,1,0,0.0,150.0,,Pastick,1.0,83.0,N,,,,,,
63.97864809633031,-151.1802431254402,2000-08-28,1,1,35.0,70.0,,Pastick,4.0,35.0,N,,,,,,
63.97880233327486,-151.18252188996794,2000-08-28,1,0,0.0,100.0,,Pastick,5.0,51.0,N,,,,,,
63.98585671331507,-151.76126311619737,2000-08-12,1,1,66.0,78.0,,Pastick,2.0,4.0,N,,,,,,
63.98213596904012,-151.359068967731,2000-08-15,1,1,54.0,62.0,,Pastick,3.0,26.0,N,,,,,,
63.98288525867017,-151.1881431145606,2000-08-28,1,0,0.0,150.0,,Pastick,3.0,9.0,N,,,,,,
63.9843260588169,-151.27620457127028,2000-08-15,1,0,0.0,150.0,,Pastick,1.0,2.0,N,,,,,,
63.98446105754875,-151.27396839438936,2000-08-15,1,1,61.0,61.0,,Pastick,1.0,28.0,N,,,,,,
63.9898707833053,-151.76572541328156,2000-08-12,1,1,78.0,78.0,,Pastick,3.0,8.0,N,,,,,,
63.98424052763703,-151.19028329889565,2000-08-28,1,0,0.0,150.0,,Pastick,2.0,3.0,N,,,,,,
63.98648463593855,-151.37459371294815,2000-08-15,1,1,86.0,86.0,,Pastick,2.0,31.0,N,,,,,,
63.98579703882824,-151.19128645565786,2000-08-28,1,0,0.0,150.0,,Pastick,1.0,3.0,N,,,,,,
63.98852167546902,-151.38177299845484,2000-08-15,1,1,49.0,68.0,,Pastick,1.0,20.0,N,,,,,,
63.98961723979487,-151.38988651996436,2000-08-15,1,0,0.0,150.0,,Pastick,3.0,9.0,N,,,,,,
63.99297836005508,-150.65210026807787,1998-09-04,1,1,59.0,68.0,,Pastick,4.0,39.0,N,,,,,,
63.98425055999548,-150.15488536467802,1998-08-07,1,0,89.0,89.0,,Pastick,3.0,7.0,Y,,,,,,
63.98443733660037,-150.14519400935663,1998-08-07,1,0,92.0,92.0,,Pastick,2.0,23.0,Y,,,,,,
63.98466691389888,-150.1472768481841,1998-08-07,1,0,61.0,61.0,,Pastick,1.0,18.0,Y,,,,,,
63.98497808368377,-150.14164197677266,1998-08-07,1,0,0.0,102.0,,Pastick,1.0,16.0,N,,,,,,
63.9949222614607,-150.64960561516153,1998-09-04,1,1,54.0,59.0,,Pastick,2.0,59.0,N,,,,,,
63.9962743584589,-150.64660817203168,1998-09-04,1,1,155.0,160.0,,Pastick,3.0,5.0,N,,,,,,
63.99415564588693,-150.37196751649373,1998-08-08,1,0,0.0,82.0,,Pastick,1.0,25.0,N,,,,,,
63.99482554106671,-150.3767317616822,1998-08-08,1,1,47.0,70.0,,Pastick,2.0,41.0,N,,,,,,
63.99981602141311,-150.6479670094897,1998-09-04,1,1,98.0,98.0,,Pastick,5.0,7.0,N,,,,,,
64.00017470685597,-150.64738454334895,1998-09-04,1,1,35.0,49.0,,Pastick,6.0,22.0,N,,,,,,
63.99625202790581,-150.387111914791,1998-08-08,1,1,43.0,61.0,,Pastick,4.0,21.0,N,,,,,,
63.99656882564082,-150.38276623223695,1998-08-08,1,1,46.0,46.0,,Pastick,3.0,8.0,N,,,,,,
63.99769028300658,-150.3901891479194,1998-08-08,1,1,49.0,78.0,,Pastick,5.0,6.0,N,,,,,,
63.9984423264497,-150.4106164637801,1998-08-08,1,1,38.0,38.0,,Pastick,4.0,10.0,N,,,,,,
63.998418632630894,-150.39374200054465,1998-08-08,1,1,59.0,59.0,,Pastick,1.0,23.0,N,,,,,,
63.99869812817664,-150.400814463186,1998-08-08,1,1,35.0,35.0,,Pastick,3.0,12.0,N,,,,,,
63.99868092021019,-150.39784983035227,1998-08-08,1,0,0.0,150.0,,Pastick,2.0,8.0,N,,,,,,
63.99931934593277,-150.4169996943189,1998-08-08,1,1,58.0,58.0,,Pastick,1.0,22.0,N,,,,,,
64.01731431914398,-151.71874382136284,2001-09-02,1,1,165.0,165.0,,Pastick,2.0,8.0,N,,,,,,
64.01773486407062,-151.72267349453813,2001-09-02,1,1,43.0,43.0,,Pastick,3.0,25.0,N,,,,,,
64.0184817327027,-151.73520265311694,2001-09-02,1,0,0.0,100.0,,Pastick,4.0,41.0,N,,,,,,
64.01908458750891,-151.7179669753982,2001-09-02,1,0,0.0,150.0,,Pastick,1.0,116.0,N,,,,,,
64.02436366156684,-151.75008101285667,2002-09-02,1,1,180.0,180.0,,Pastick,1.0,10.0,N,,,,,,
64.02520191319297,-151.75049377661645,2002-09-02,1,0,0.0,150.0,,Pastick,2.0,150.0,N,,,,,,
64.02633271367053,-151.7940377518841,2001-09-02,1,1,69.0,69.0,,Pastick,1.0,46.0,N,,,,,,
64.02685869028824,-151.79469047000404,2001-09-02,1,1,63.0,63.0,,Pastick,3.0,35.0,N,,,,,,
64.02840087243312,-151.79558595736924,2001-09-02,1,0,0.0,150.0,,Pastick,2.0,16.0,N,,,,,,
64.03089677907481,-151.7956830632837,2001-09-02,1,1,76.0,76.0,,Pastick,1.0,30.0,N,,,,,,
64.03370569723543,-151.79889893821058,2001-09-02,1,1,66.0,80.0,,Pastick,2.0,66.0,N,,,,,,
64.03473973704126,-151.80348136206487,2001-09-02,1,1,53.0,53.0,,Pastick,1.0,38.0,N,,,,,,
64.0718626231527,-151.65760609806102,2002-09-02,1,1,62.0,62.0,,Pastick,1.0,42.0,N,,,,,,
63.74109378330464,-148.9190272085065,1997-09-08,1,0,0.0,120.0,,Pastick,3.0,2.0,N,,,,,,
63.74515035821895,-148.9312196412721,1997-09-08,1,0,0.0,105.0,,Pastick,4.0,4.0,Y,,,,,,
63.71955130796843,-149.07737736704027,1997-09-09,1,0,0.0,150.0,,Pastick,1.0,0.0,N,,,,,,
63.72006272015332,-149.07553157923047,1997-09-09,1,0,0.0,150.0,,Pastick,2.0,4.0,N,,,,,,
63.72219404853019,-149.40768278936653,1997-09-10,1,1,96.0,100.0,,Pastick,1.0,20.0,N,,,,,,
63.72263306563147,-149.40774038194078,1997-09-10,1,0,0.0,150.0,,Pastick,2.0,8.0,N,,,,,,
63.72135741850642,-149.40562671823486,1997-09-10,1,0,0.0,100.0,,Pastick,3.0,0.0,N,,,,,,
63.7346854304356,-149.33336535770854,1997-07-16,1,1,61.0,61.0,,Pastick,1.0,6.0,N,,,,,,
63.57123114344291,-148.99470524780853,1997-07-23,1,0,0.0,100.0,,Pastick,1.0,8.0,N,,,,,,
63.98560425638078,-149.90401845382743,1997-08-21,1,1,64.0,64.0,,Pastick,1.0,37.0,N,,,,,,
63.98682846339054,-149.90925838214284,1997-08-21,1,1,33.0,33.0,,Pastick,2.0,21.0,N,,,,,,
63.71511691807144,-149.16929940320748,1997-08-22,1,0,0.0,100.0,,Pastick,1.0,7.0,N,,,,,,
63.71752901809153,-149.1683096996164,1997-08-22,1,0,0.0,100.0,,Pastick,2.0,10.0,N,,,,,,
63.71129232206607,-149.14108872485954,1997-08-22,1,0,0.0,150.0,,Pastick,3.0,5.0,N,,,,,,
63.70987836729794,-149.14077942077782,1997-08-22,1,0,0.0,150.0,,Pastick,4.0,4.0,N,,,,,,
63.64253921689718,-149.59152670914858,1997-09-02,1,0,0.0,120.0,,Pastick,1.0,8.0,N,,,,,,
63.63943335454088,-149.59096063553991,1997-09-02,1,0,0.0,150.0,,Pastick,2.0,14.0,N,,,,,,
63.50194029506846,-149.75308788328996,1997-07-17,1,0,0.0,100.0,,Pastick,1.0,0.0,N,,,,,,
63.51004952816815,-149.7615102102326,1997-07-17,1,0,0.0,100.0,,Pastick,3.0,0.0,N,,,,,,
63.76926916355555,-149.96644062086818,1998-07-11,1,1,37.0,51.0,,Pastick,1.0,37.0,N,,,,,,
63.77450915085729,-149.97062446794646,1998-07-11,1,1,145.0,145.0,,Pastick,2.0,120.0,N,,,,,,
63.77605545668528,-149.96575295212102,1998-07-11,1,0,0.0,150.0,,Pastick,3.0,12.0,N,,,,,,
63.776824539603325,-149.9855042962606,1998-07-11,1,1,43.0,51.0,,Pastick,4.0,43.0,N,,,,,,
63.77755587872402,-149.9887891137177,1998-07-11,1,1,31.0,46.0,,Pastick,1.0,5.0,N,,,,,,
63.77772659306651,-149.99008612774384,1998-07-11,1,1,32.0,56.0,,Pastick,2.0,21.0,N,,,,,,
63.77625705974474,-149.95286379836176,1998-07-11,1,0,0.0,100.0,,Pastick,1.0,3.0,N,,,,,,
63.77677020871228,-149.9510499078816,1998-07-11,1,1,91.0,91.0,,Pastick,2.0,24.0,N,,,,,,
63.777697262353655,-149.9491979897361,1998-07-11,1,0,0.0,100.0,,Pastick,1.0,2.0,N,,,,,,
63.77806927692189,-149.9490135460032,1998-07-11,1,0,0.0,100.0,,Pastick,2.0,0.0,N,,,,,,
63.78045485198454,-149.9540134689315,1998-07-11,1,0,0.0,100.0,,Pastick,3.0,16.0,N,,,,,,
63.63377262955122,-149.00036458261977,1998-07-15,1,1,22.0,51.0,,Pastick,1.0,22.0,N,,,,,,
63.63481552902473,-149.00154838504872,1998-07-15,1,0,0.0,120.0,,Pastick,2.0,6.0,N,,,,,,
63.57153749259528,-148.96731032624285,1998-07-15,1,0,0.0,110.0,,Pastick,1.0,1.0,N,,,,,,
63.83010200895617,-149.96379508387716,1998-07-23,1,1,38.0,64.0,,Pastick,1.0,38.0,N,,,,,,
63.8311516053274,-149.9704139789944,1998-07-23,1,0,0.0,130.0,,Pastick,2.0,3.0,N,,,,,,
63.82962855580425,-149.9732837069354,1998-07-23,1,1,31.0,57.0,,Pastick,3.0,31.0,N,,,,,,
63.82810253289149,-149.99411030821977,1998-07-22,1,1,120.0,120.0,,Pastick,1.0,17.0,N,,,,,,
63.82789762594148,-149.99532907792033,1998-07-22,1,1,44.0,90.0,,Pastick,2.0,44.0,N,,,,,,
63.82770604777781,-149.9985015779306,1998-07-22,1,0,0.0,100.0,,Pastick,3.0,21.0,N,,,,,,
63.82715096642367,-150.00230640912824,1998-07-23,1,0,0.0,100.0,,Pastick,1.0,4.0,N,,,,,,
63.93039624093847,-149.32998122328172,1998-07-24,1,0,0.0,100.0,,Pastick,1.0,6.0,N,,,,,,
63.92644798641086,-149.3270419407796,1998-07-24,1,1,40.0,60.0,,Pastick,1.0,31.0,N,,,,,,
63.924332826834245,-149.32680532532012,1998-07-24,1,0,0.0,150.0,,Pastick,2.0,16.0,N,,,,,,
63.92225451463734,-149.3265106082744,1998-07-24,1,1,56.0,56.0,,Pastick,3.0,36.0,N,,,,,,
63.919768737829976,-149.32363258399246,1998-07-24,1,0,0.0,100.0,,Pastick,4.0,4.0,N,,,,,,
63.917691470399646,-149.31991186510507,1998-07-24,1,0,0.0,150.0,,Pastick,5.0,14.0,N,,,,,,
63.9144149533573,-149.31032163613793,1998-07-24,1,0,0.0,100.0,,Pastick,6.0,5.0,N,,,,,,
63.91178183063245,-149.3059656440702,1998-07-24,1,0,0.0,100.0,,Pastick,7.0,4.0,N,,,,,,
63.90840415119138,-149.29363885040598,1998-07-24,1,1,48.0,53.0,,Pastick,1.0,37.0,N,,,,,,
63.64794660293219,-149.71645821710695,1999-08-11,1,0,0.0,100.0,,Pastick,1.0,3.0,N,,,,,,
63.64825898535612,-149.72273148844778,1999-08-11,1,0,0.0,100.0,,Pastick,2.0,5.0,N,,,,,,
63.64869111874173,-149.72457121015125,1999-08-11,1,1,43.0,43.0,,Pastick,3.0,19.0,N,,,,,,
63.64952844829901,-149.72398474880612,1999-08-11,1,0,0.0,100.0,,Pastick,4.0,10.0,N,,,,,,
63.65078372725262,-149.72077102018778,1999-08-11,1,1,29.0,47.0,,Pastick,5.0,29.0,N,,,,,,
63.646398458371976,-149.71806786835756,1999-08-11,1,1,165.0,165.0,,Pastick,1.0,2.0,N,,,,,,
63.60298883395237,-149.70556888490606,1999-08-11,1,0,0.0,82.0,,Pastick,1.0,4.0,Y,,,,,,
63.602371801190095,-149.70542952725452,1999-08-11,1,0,0.0,100.0,,Pastick,2.0,3.0,N,,,,,,
63.601811393159785,-149.70705052480693,1999-08-11,1,0,0.0,100.0,,Pastick,3.0,2.0,N,,,,,,
63.60504343482838,-149.70090225693716,1999-08-11,1,0,0.0,100.0,,Pastick,1.0,2.0,N,,,,,,
63.60541451556978,-149.70027172415638,1999-08-11,1,0,0.0,100.0,,Pastick,2.0,0.0,N,,,,,,
63.45467771829483,-149.92304910229933,1999-08-21,1,0,0.0,150.0,,Pastick,1.0,5.0,N,,,,,,
63.45482999835241,-149.92394775530613,1999-08-21,1,0,0.0,84.0,,Pastick,2.0,3.0,Y,,,,,,
63.45583329608581,-149.92144092482403,1999-08-21,1,0,0.0,105.0,,Pastick,3.0,3.0,Y,,,,,,
63.45256492563409,-149.92929571186897,1999-08-21,1,0,0.0,100.0,,Pastick,1.0,0.0,N,,,,,,
63.45273044166233,-149.9312994985763,1999-08-21,1,0,0.0,100.0,,Pastick,2.0,1.0,N,,,,,,
63.47991657149001,-149.5647150158271,1999-08-21,1,0,0.0,100.0,,Pastick,1.0,2.0,N,,,,,,
63.480548496685394,-149.56402851585415,1999-08-21,1,0,0.0,100.0,,Pastick,2.0,4.0,N,,,,,,
63.48122527801211,-149.5573203502877,1999-08-21,1,1,81.0,81.0,,Pastick,3.0,13.0,N,,,,,,
63.51634205066965,-148.8755903356304,2000-06-19,1,0,0.0,86.0,,Pastick,1.0,2.0,Y,,,,,,
63.5146202179681,-148.86926538310777,2000-06-19,1,0,0.0,150.0,,Pastick,2.0,2.0,N,,,,,,
63.51212660060222,-148.86220744727504,2000-06-19,1,0,0.0,100.0,,Pastick,1.0,14.0,N,,,,,,
63.5107300736458,-148.856367702197,2000-06-19,1,0,0.0,100.0,,Pastick,2.0,10.0,N,,,,,,
63.51032655045256,-148.85286415497507,2000-06-19,1,0,0.0,150.0,,Pastick,3.0,8.0,N,,,,,,
63.50973591647565,-148.85063499021777,2000-06-19,1,0,0.0,150.0,,Pastick,4.0,2.0,N,,,,,,
63.50922270632562,-148.8479687393732,2000-06-19,1,0,0.0,54.0,,Pastick,1.0,9.0,Y,,,,,,
63.50845213290616,-148.84297460644848,2000-06-19,1,0,0.0,71.0,,Pastick,2.0,12.0,Y,,,,,,
63.50769838138268,-148.8366553481513,2000-06-19,1,0,0.0,100.0,,Pastick,1.0,12.0,N,,,,,,
63.50670480629098,-148.8357273172497,2000-06-19,1,1,24.0,24.0,,Pastick,2.0,24.0,N,,,,,,
63.38349849675397,-148.982745206264,2000-06-20,1,0,0.0,150.0,,Pastick,1.0,3.0,N,,,,,,
63.38526166561444,-148.988950996039,2000-06-20,1,0,0.0,150.0,,Pastick,2.0,13.0,N,,,,,,
63.38580788998301,-148.9916306539765,2000-06-20,1,0,0.0,150.0,,Pastick,3.0,9.0,N,,,,,,
63.38921626727513,-148.9982921859533,2000-06-20,1,0,0.0,150.0,,Pastick,4.0,66.0,N,,,,,,
63.39038372031749,-149.0014760645765,2000-06-20,1,0,0.0,97.0,,Pastick,1.0,5.0,Y,,,,,,
63.39047760457946,-149.00374456808433,2000-06-20,1,0,0.0,150.0,,Pastick,2.0,6.0,Y,,,,,,
63.39106560540699,-149.0059875358125,2000-06-20,1,0,0.0,67.0,,Pastick,3.0,2.0,Y,,,,,,
63.412059378130586,-149.03497932605097,2000-06-21,1,0,0.0,150.0,,Pastick,1.0,2.0,N,,,,,,
63.4586543693778,-149.00903385577942,2000-06-21,1,0,0.0,56.0,,Pastick,1.0,0.0,Y,,,,,,
63.45749453157783,-149.00915315578038,2000-06-21,1,0,0.0,77.0,,Pastick,3.0,4.0,Y,,,,,,
63.455081150848095,-149.01413998617736,2000-06-21,1,0,0.0,88.0,,Pastick,4.0,3.0,Y,,,,,,
63.45159456724454,-149.00733524262426,2000-06-21,1,1,20.0,20.0,,Pastick,1.0,20.0,N,,,,,,
63.44950712171542,-149.0025354201218,2000-06-21,1,0,0.0,150.0,,Pastick,2.0,8.0,N,,,,,,
63.44559087507376,-149.00523006033583,2000-06-21,1,0,0.0,150.0,,Pastick,3.0,1.0,N,,,,,,
63.44359250849767,-149.0094420851702,2000-06-21,1,0,0.0,150.0,,Pastick,1.0,5.0,N,,,,,,
63.44244441292711,-149.01000332160282,2000-06-21,1,0,0.0,150.0,,Pastick,2.0,4.0,N,,,,,,
63.48238424473136,-149.12886309401105,2000-06-22,1,0,0.0,93.0,,Pastick,1.0,1.0,Y,,,,,,
63.47958988559181,-149.12658691130216,2000-06-22,1,0,0.0,100.0,,Pastick,1.0,2.0,N,,,,,,
63.47676575559301,-149.11904837599113,2000-06-22,1,0,0.0,49.0,,Pastick,2.0,0.0,Y,,,,,,
63.47506170205494,-149.11163413727073,2000-06-22,1,0,0.0,150.0,,Pastick,1.0,4.0,N,,,,,,
63.47487957483824,-149.11119907992685,2000-06-22,1,0,0.0,150.0,,Pastick,2.0,3.0,N,,,,,,
63.47427636932944,-149.10643655153203,2000-06-22,1,1,66.0,66.0,,Pastick,3.0,18.0,N,,,,,,
63.46965812709274,-149.1060566126158,2000-06-22,1,0,0.0,100.0,,Pastick,1.0,2.0,N,,,,,,
63.46930285510856,-149.103962934884,2000-06-22,1,0,0.0,100.0,,Pastick,2.0,4.0,N,,,,,,
63.468986635755016,-149.10287582780757,2000-06-22,1,0,0.0,150.0,,Pastick,3.0,6.0,N,,,,,,
63.46861647042749,-149.10545809828778,2000-06-22,1,0,0.0,100.0,,Pastick,4.0,2.0,N,,,,,,
63.37563222823013,-149.28386379458675,2000-06-23,1,0,0.0,36.0,,Pastick,1.0,0.0,Y,,,,,,
63.375241866611766,-149.28693417178596,2000-06-23,1,0,0.0,118.0,,Pastick,2.0,2.0,Y,,,,,,
63.37489757215408,-149.28880761323498,2000-06-23,1,0,0.0,32.0,,Pastick,3.0,5.0,Y,,,,,,
63.37597486630176,-149.2932954890587,2000-06-23,1,0,0.0,100.0,,Pastick,1.0,8.0,N,,,,,,
63.376354477039705,-149.29760787974632,2000-06-23,1,0,0.0,150.0,,Pastick,2.0,1.0,N,,,,,,
63.37525970824725,-149.29868090390724,2000-06-23,1,0,0.0,150.0,,Pastick,3.0,3.0,N,,,,,,
63.37520415443161,-149.30045726862502,2000-06-23,1,0,0.0,150.0,,Pastick,4.0,7.0,N,,,,,,
63.374924437103125,-149.3072179042259,2000-06-23,1,1,53.0,53.0,,Pastick,5.0,8.0,N,,,,,,
63.37530963076944,-149.3100501115715,2000-06-23,1,0,0.0,100.0,,Pastick,6.0,8.0,N,,,,,,
63.37661346718759,-149.31547759833757,2000-06-23,1,0,0.0,100.0,,Pastick,1.0,58.0,N,,,,,,
63.37692949074118,-149.32310702176574,2000-06-23,1,0,0.0,100.0,,Pastick,2.0,14.0,N,,,,,,
63.3817215076875,-149.64527936804802,2000-06-24,1,0,0.0,150.0,,Pastick,1.0,0.0,N,,,,,,
63.37894381013315,-149.6430021744089,2000-06-24,1,0,0.0,150.0,,Pastick,1.0,2.0,N,,,,,,
63.37783046543976,-149.64201916403636,2000-06-24,1,0,0.0,150.0,,Pastick,2.0,4.0,N,,,,,,
63.37691359710176,-149.63915302065655,2000-06-24,1,0,0.0,150.0,,Pastick,3.0,0.0,N,,,,,,
63.376381070682704,-149.63638235926197,2000-06-24,1,0,0.0,150.0,,Pastick,4.0,0.0,N,,,,,,
63.37604155386752,-149.63336932643767,2000-06-24,1,0,0.0,150.0,,Pastick,5.0,0.0,N,,,,,,
63.37468155691982,-149.62676093663288,2000-06-24,1,0,0.0,150.0,,Pastick,1.0,2.0,N,,,,,,
63.37355557575155,-149.6303600490059,2000-06-24,1,0,0.0,100.0,,Pastick,2.0,0.0,N,,,,,,
63.371379166894144,-149.63928519544064,2000-06-24,1,0,0.0,150.0,,Pastick,3.0,2.0,N,,,,,,
63.36962465229556,-149.64334586069376,2000-06-24,1,0,0.0,150.0,,Pastick,1.0,3.0,N,,,,,,
63.3341253011438,-149.88020325564872,2000-06-25,1,0,0.0,33.0,,Pastick,1.0,0.0,Y,,,,,,
63.33278973863444,-149.8782909747468,2000-06-25,1,0,0.0,150.0,,Pastick,2.0,3.0,N,,,,,,
63.32907438709804,-149.87324370019056,2000-06-25,1,0,0.0,84.0,,Pastick,1.0,3.0,Y,,,,,,
63.32836285391315,-149.86709821043732,2000-06-25,1,0,0.0,58.0,,Pastick,2.0,4.0,Y,,,,,,
63.32646866819924,-149.86437210259913,2000-06-25,1,0,0.0,100.0,,Pastick,3.0,16.0,N,,,,,,
63.32579464459625,-149.8639454237087,2000-06-25,1,0,0.0,150.0,,Pastick,1.0,3.0,N,,,,,,
63.32430021930068,-149.86277789124722,2000-06-25,1,0,0.0,150.0,,Pastick,2.0,3.0,N,,,,,,
63.32061430552734,-149.86295093749922,2000-06-25,1,0,0.0,100.0,,Pastick,1.0,3.0,N,,,,,,
63.31916049116639,-149.86378525089012,2000-06-25,1,0,0.0,100.0,,Pastick,2.0,1.0,N,,,,,,
63.317737067491215,-149.87203304205244,2000-06-25,1,0,0.0,100.0,,Pastick,3.0,2.0,N,,,,,,
63.25138373173979,-149.82388475539958,2000-06-26,1,0,0.0,54.0,,Pastick,1.0,0.0,Y,,,,,,
63.251566897445045,-149.8268719716615,2000-06-26,1,0,0.0,100.0,,Pastick,2.0,0.0,N,,,,,,
63.25248215483593,-149.82917363492433,2000-06-26,1,0,0.0,100.0,,Pastick,3.0,4.0,N,,,,,,
63.25562109110157,-149.83211195364322,2000-06-26,1,0,0.0,88.0,,Pastick,4.0,17.0,Y,,,,,,
63.2567833846079,-149.83192692749753,2000-06-26,1,0,0.0,100.0,,Pastick,1.0,7.0,N,,,,,,
63.25921416295346,-149.8334410061756,2000-06-26,1,0,0.0,150.0,,Pastick,2.0,5.0,N,,,,,,
63.26076324415232,-149.83277565488737,2000-06-26,1,0,0.0,150.0,,Pastick,2.0,4.0,N,,,,,,
63.261297980262206,-149.83027641576885,2000-06-26,1,0,0.0,100.0,,Pastick,3.0,5.0,N,,,,,,
63.2627932668308,-149.8268942751322,2000-06-26,1,0,0.0,100.0,,Pastick,4.0,5.0,N,,,,,,
63.26346741551385,-149.82731912446127,2000-06-26,1,0,0.0,100.0,,Pastick,1.0,5.0,N,,,,,,
63.26413734372304,-149.82750433702282,2000-06-26,1,0,0.0,150.0,,Pastick,2.0,0.0,N,,,,,,
63.261271663477096,-149.40502397303516,2000-07-10,1,0,0.0,100.0,,Pastick,1.0,3.0,N,,,,,,
63.26311687507138,-149.40954277979034,2000-07-10,1,0,0.0,100.0,,Pastick,2.0,8.0,N,,,,,,
63.26708170813486,-149.41455831217633,2000-07-10,1,0,0.0,100.0,,Pastick,3.0,3.0,N,,,,,,
63.27175067404214,-149.4209302430705,2000-07-10,1,0,0.0,100.0,,Pastick,4.0,3.0,N,,,,,,
63.27212483883289,-149.4242714311258,2000-07-10,1,0,0.0,100.0,,Pastick,5.0,2.0,N,,,,,,
63.2801254324959,-149.44006113455274,2000-07-10,1,0,0.0,150.0,,Pastick,1.0,84.0,N,,,,,,
63.28080938873571,-149.440497907882,2000-07-10,1,0,0.0,100.0,,Pastick,2.0,6.0,N,,,,,,
63.28840406954857,-149.44690584987765,2000-07-10,1,0,0.0,100.0,,Pastick,3.0,2.0,N,,,,,,
63.29712974016237,-149.46788172999538,2000-07-10,1,0,0.0,150.0,,Pastick,1.0,5.0,N,,,,,,
63.29774876771861,-149.46843361864222,2000-07-10,1,0,0.0,100.0,,Pastick,2.0,3.0,N,,,,,,
63.25776080928842,-149.38312923902888,2000-07-11,1,0,0.0,150.0,,Pastick,1.0,13.0,N,,,,,,
63.25782113049115,-149.37791297043125,2000-07-11,1,0,0.0,100.0,,Pastick,2.0,8.0,N,,,,,,
63.257636818919856,-149.37712059910416,2000-07-11,1,0,0.0,150.0,,Pastick,3.0,6.0,N,,,,,,
63.31097356345157,-149.27376850593612,2000-07-11,1,0,0.0,150.0,,Pastick,1.0,112.0,N,,,,,,
63.311465316500616,-149.27502513498894,2000-07-11,1,0,0.0,150.0,,Pastick,2.0,41.0,N,,,,,,
63.31201282531133,-149.2767254405295,2000-07-11,1,0,0.0,100.0,,Pastick,3.0,16.0,N,,,,,,
63.460379526352455,-148.8393593025458,2000-07-11,1,0,0.0,100.0,,Pastick,1.0,11.0,N,,,,,,
63.4907967231109,-148.84063188373278,2000-07-11,1,0,0.0,100.0,,Pastick,1.0,3.0,N,,,,,,
63.48902124561602,-148.84256633877035,2000-07-11,1,0,0.0,100.0,,Pastick,2.0,5.0,N,,,,,,
63.49150178356672,-148.83676030791548,2000-07-11,1,0,0.0,150.0,,Pastick,1.0,8.0,N,,,,,,
63.357761895960095,-149.78906105144802,2000-07-12,1,0,0.0,150.0,,Pastick,1.0,8.0,N,,,,,,
63.35696059546952,-149.78824331372192,2000-07-12,1,0,0.0,100.0,,Pastick,2.0,2.0,N,,,,,,
63.35521218800824,-149.78809382847595,2000-07-12,1,0,0.0,100.0,,Pastick,3.0,2.0,N,,,,,,
63.3551950676753,-149.78345224837628,2000-07-12,1,0,0.0,150.0,,Pastick,4.0,0.0,N,,,,,,
63.35529481174116,-149.78156192962146,2000-07-12,1,0,0.0,150.0,,Pastick,5.0,2.0,N,,,,,,
63.34420564461542,-149.78970634994172,2000-07-12,1,0,0.0,78.0,,Pastick,1.0,0.0,Y,,,,,,
63.34431474463428,-149.79055659602236,2000-07-12,1,0,0.0,80.0,,Pastick,2.0,0.0,Y,,,,,,
63.346904991063255,-149.79724585996615,2000-07-12,1,0,0.0,122.0,,Pastick,1.0,6.0,Y,,,,,,
63.348429259637456,-149.80149304353918,2000-07-12,1,0,0.0,150.0,,Pastick,2.0,1.0,N,,,,,,
63.348851011581445,-149.8042534869285,2000-07-12,1,0,0.0,100.0,,Pastick,1.0,4.0,N,,,,,,
63.34969224577672,-149.8030357408046,2000-07-12,1,0,0.0,100.0,,Pastick,2.0,4.0,N,,,,,,
63.35104632884818,-149.80222781647012,2000-07-12,1,0,0.0,150.0,,Pastick,3.0,5.0,N,,,,,,
63.28819622229309,-149.62157712420492,2000-07-13,1,0,0.0,72.0,,Pastick,1.0,0.0,Y,,,,,,
63.28917594473904,-149.6171369953361,2000-07-13,1,0,0.0,150.0,,Pastick,2.0,2.0,N,,,,,,
63.28647725422495,-149.60514148378414,2000-07-13,1,0,0.0,100.0,,Pastick,3.0,0.0,N,,,,,,
63.286548403059136,-149.5992825331127,2000-07-13,1,0,0.0,150.0,,Pastick,1.0,4.0,N,,,,,,
63.2853959189659,-149.59550802210276,2000-07-13,1,0,0.0,150.0,,Pastick,2.0,2.0,N,,,,,,
63.28509021356904,-149.5945429123653,2000-07-13,1,0,0.0,100.0,,Pastick,3.0,0.0,N,,,,,,
63.285708590721455,-149.5941197259116,2000-07-13,1,0,0.0,100.0,,Pastick,4.0,17.0,N,,,,,,
63.28720211180801,-149.5875506067827,2000-07-13,1,0,0.0,150.0,,Pastick,1.0,150.0,N,,,,,,
63.28724540894665,-149.58813305721512,2000-07-13,1,0,0.0,100.0,,Pastick,2.0,67.0,N,,,,,,
63.28616894973706,-149.5791588312838,2000-07-13,1,0,0.0,100.0,,Pastick,3.0,13.0,N,,,,,,
63.28586936115418,-149.57189037136428,2000-07-13,1,0,0.0,100.0,,Pastick,4.0,6.0,N,,,,,,
63.24136469057213,-149.75776460892052,2000-07-14,1,0,0.0,73.0,,Pastick,1.0,5.0,Y,,,,,,
63.24119925663214,-149.75517908957468,2000-07-14,1,0,0.0,127.0,,Pastick,2.0,4.0,Y,,,,,,
63.24120430528865,-149.74888472397862,2000-07-14,1,0,0.0,46.0,,Pastick,3.0,3.0,Y,,,,,,
63.24195524671464,-149.7444141772214,2000-07-14,1,0,0.0,68.0,,Pastick,1.0,4.0,N,,,,,,
63.24242126950335,-149.74400023559144,2000-07-14,1,0,0.0,58.0,,Pastick,2.0,5.0,N,,,,,,
63.24285874704741,-149.73854344903214,2000-07-14,1,0,0.0,48.0,,Pastick,3.0,7.0,Y,,,,,,
63.24468429916536,-149.72813750627628,2000-07-14,1,0,0.0,100.0,,Pastick,1.0,86.0,N,,,,,,
63.24495647433041,-149.7265892997439,2000-07-14,1,0,0.0,100.0,,Pastick,2.0,5.0,N,,,,,,
63.248081498353166,-149.70968902484395,2000-07-14,1,0,0.0,29.0,,Pastick,3.0,4.0,Y,,,,,,
63.24981105965421,-149.69996797148693,2000-07-14,1,0,0.0,150.0,,Pastick,1.0,4.0,N,,,,,,
63.24986819365163,-149.69126572677925,2000-07-14,1,0,0.0,100.0,,Pastick,2.0,0.0,N,,,,,,
63.17450963384463,-149.91549432794238,2000-07-16,1,0,0.0,100.0,,Pastick,1.0,6.0,N,,,,,,
63.173209518127045,-149.91407168209076,2000-07-16,1,0,0.0,101.0,,Pastick,2.0,4.0,N,,,,,,
63.17300090983481,-149.91373271063156,2000-07-16,1,0,0.0,100.0,,Pastick,3.0,6.0,N,,,,,,
63.172914885847874,-149.91135892860805,2000-07-16,1,0,0.0,100.0,,Pastick,4.0,2.0,N,,,,,,
63.17365800963991,-149.91059878306712,2000-07-16,1,0,0.0,120.0,,Pastick,5.0,1.0,Y,,,,,,
63.16837902619834,-149.91310929264864,2000-07-16,1,0,0.0,100.0,,Pastick,1.0,1.0,N,,,,,,
63.16895882058421,-149.9146182273157,2000-07-16,1,0,0.0,100.0,,Pastick,1.0,2.0,N,,,,,,
63.164275522979416,-149.9304999671118,2000-07-16,1,0,0.0,150.0,,Pastick,1.0,2.0,N,,,,,,
63.164057855007805,-149.93147143344697,2000-07-16,1,0,0.0,100.0,,Pastick,2.0,3.0,N,,,,,,
63.16370661722181,-149.91975300679235,2000-07-16,1,0,0.0,100.0,,Pastick,1.0,4.0,N,,,,,,
63.16289750522874,-149.9171681491253,2000-07-16,1,0,0.0,100.0,,Pastick,2.0,7.0,N,,,,,,
63.40733421885689,-149.27955500111744,2000-07-17,1,0,0.0,150.0,,Pastick,1.0,9.0,N,,,,,,
63.40516506205535,-149.28044434014654,2000-07-17,1,0,0.0,150.0,,Pastick,2.0,2.0,N,,,,,,
63.40473908525221,-149.28013009071145,2000-07-17,1,0,0.0,150.0,,Pastick,3.0,23.0,N,,,,,,
63.3941646740831,-149.44443875993372,2000-07-17,1,0,0.0,150.0,,Pastick,1.0,3.0,N,,,,,,
63.39565250212375,-149.44250286986104,2000-07-17,1,0,0.0,150.0,,Pastick,2.0,2.0,N,,,,,,
63.364793233514895,-149.74745008061032,2000-07-17,1,0,0.0,150.0,,Pastick,1.0,2.0,N,,,,,,
63.27017707308448,-149.81142510955132,2000-07-17,1,0,0.0,150.0,,Pastick,1.0,1.0,N,,,,,,
63.50846065602706,-148.84231189458063,2000-07-30,1,0,0.0,100.0,,Pastick,2.0,6.0,N,,,,,,
63.21700284652828,-149.39539452626855,2002-07-22,1,0,0.0,150.0,,Pastick,1.0,120.0,N,,,,,,
63.21600615330604,-149.395391640875,2002-07-22,1,0,0.0,150.0,,Pastick,2.0,4.0,N,,,,,,
63.31921152075994,-149.4766630583713,2002-07-22,1,0,0.0,150.0,,Pastick,1.0,3.0,N,,,,,,
63.31966204468397,-149.4750241340191,2002-07-22,1,0,0.0,150.0,,Pastick,2.0,3.0,N,,,,,,
63.31999742826673,-149.47225683129955,2002-07-22,1,0,0.0,150.0,,Pastick,3.0,4.0,N,,,,,,
63.32351147936821,-149.46378953553804,2002-07-22,1,0,0.0,150.0,,Pastick,1.0,97.0,N,,,,,,
63.32534401884842,-149.45959153975824,2002-07-22,1,0,0.0,150.0,,Pastick,2.0,22.0,N,,,,,,
63.32756072236182,-149.44871340207155,2002-07-22,1,0,0.0,150.0,,Pastick,3.0,7.0,N,,,,,,
63.77209902100658,-149.1991361557014,2002-07-31,1,0,0.0,100.0,,Pastick,1.0,2.0,N,,,,,,
63.7733173971486,-149.19990056446616,2002-07-31,1,0,0.0,150.0,,Pastick,2.0,2.0,N,,,,,,
63.77378340728734,-149.19995714550672,2002-07-31,1,0,0.0,150.0,,Pastick,3.0,0.0,N,,,,,,
63.77052722234339,-149.20152949143653,2002-07-31,1,0,0.0,85.0,,Pastick,1.0,0.0,Y,,,,,,
63.616122739344334,-149.15791311870169,2002-08-01,1,0,0.0,58.0,,Pastick,1.0,10.0,Y,,,,,,
63.61606251692352,-149.1690665461453,2002-08-01,1,0,0.0,41.0,,Pastick,2.0,15.0,Y,,,,,,
63.62215775919381,-149.17389065881434,2002-08-01,1,0,0.0,114.0,,Pastick,3.0,0.0,Y,,,,,,
63.629019696749054,-149.16480659205735,2002-08-01,1,0,0.0,55.0,,Pastick,1.0,4.0,Y,,,,,,
63.629578754065406,-149.16464729462604,2002-08-01,1,0,0.0,88.0,,Pastick,2.0,3.0,Y,,,,,,
63.63497501713403,-149.16164604681774,2002-08-01,1,0,0.0,85.0,,Pastick,3.0,8.0,Y,,,,,,
63.63330213684273,-149.16303303335013,2002-08-01,1,1,96.0,96.0,,Pastick,1.0,14.0,N,,,,,,
63.63403458194458,-149.1614937656343,2002-08-01,1,1,127.0,127.0,,Pastick,2.0,5.0,N,,,,,,
63.79388226380369,-149.23003141988198,2002-08-02,1,1,38.0,54.0,,Pastick,2.0,21.0,N,,,,,,
63.79166972076396,-149.22853690621176,2002-08-02,1,0,0.0,150.0,,Pastick,3.0,0.0,N,,,,,,
63.79635068541616,-149.2583715514855,2002-08-02,1,1,106.0,106.0,,Pastick,4.0,20.0,N,,,,,,
63.804434628621664,-149.47560218915666,2002-08-02,1,0,0.0,150.0,,Pastick,1.0,0.0,N,,,,,,
63.80387194109108,-149.47490275218584,2002-08-02,1,0,0.0,150.0,,Pastick,2.0,2.0,N,,,,,,
63.80313020678447,-149.4746954797351,2002-08-02,1,1,34.0,108.0,,Pastick,3.0,13.0,N,,,,,,
63.7872849189762,-149.51449984162014,2002-08-03,1,0,0.0,150.0,,Pastick,1.0,17.0,N,,,,,,
63.78388304435103,-149.5272701802671,2002-08-03,1,0,0.0,100.0,,Pastick,2.0,5.0,N,,,,,,
63.78670800630211,-149.51771710535982,2002-08-03,1,1,41.0,58.0,,Pastick,1.0,20.0,N,,,,,,
63.78612238077476,-149.5260495295509,2002-08-03,1,0,0.0,150.0,,Pastick,2.0,7.0,N,,,,,,
63.78549409130692,-149.5326927870239,2002-08-03,1,0,0.0,150.0,,Pastick,1.0,2.0,N,,,,,,
63.78535910175616,-149.53424388328511,2002-08-03,1,0,0.0,150.0,,Pastick,2.0,0.0,N,,,,,,
63.782036391619634,-149.53323517127544,2002-08-03,1,0,0.0,150.0,,Pastick,3.0,0.0,N,,,,,,
63.77911684853773,-149.53892025081,2002-08-03,1,0,0.0,150.0,,Pastick,4.0,21.0,N,,,,,,
63.58120045516828,-149.50070543958654,2002-08-04,1,0,0.0,83.0,,Pastick,1.0,0.0,Y,,,,,,
63.58054091334572,-149.50248164237487,2002-08-04,1,0,0.0,64.0,,Pastick,1.0,3.0,Y,,,,,,
63.58007693475596,-149.513102719787,2002-08-04,1,1,89.0,89.0,,Pastick,2.0,18.0,N,,,,,,
63.57962335320799,-149.51336502135538,2002-08-04,1,0,0.0,150.0,,Pastick,3.0,4.0,N,,,,,,
63.58009121544891,-149.5204806349263,2002-08-04,1,0,0.0,150.0,,Pastick,1.0,7.0,N,,,,,,
63.581407387411886,-149.52835707965147,2002-08-04,1,0,0.0,100.0,,Pastick,2.0,0.0,N,,,,,,
63.58361286583074,-149.53619252878082,2002-08-04,1,0,0.0,150.0,,Pastick,1.0,18.0,N,,,,,,
63.58639026778056,-149.53095651461632,2002-08-04,1,0,0.0,150.0,,Pastick,2.0,22.0,N,,,,,,
63.974870792848094,-149.61824271390628,2002-08-05,1,0,0.0,65.0,,Pastick,1.0,3.0,Y,,,,,,
63.97630227163221,-149.62201504369355,2002-08-05,1,0,0.0,124.0,,Pastick,2.0,3.0,Y,,,,,,
63.97623151083245,-149.62294868295615,2002-08-05,1,1,64.0,81.0,,Pastick,3.0,17.0,N,,,,,,
63.97712119785558,-149.6263844243516,2002-08-05,1,0,0.0,57.0,,Pastick,4.0,4.0,Y,,,,,,
63.97763881422478,-149.63003073190364,2002-08-05,1,0,0.0,57.0,,Pastick,1.0,0.0,Y,,,,,,
63.97969517276468,-149.63596852528286,2002-08-05,1,1,76.0,76.0,,Pastick,2.0,19.0,N,,,,,,
63.980474407654434,-149.6365734611344,2002-08-05,1,0,0.0,150.0,,Pastick,3.0,3.0,N,,,,,,
63.981766320752506,-149.6430535199213,2002-08-05,1,1,64.0,64.0,,Pastick,1.0,18.0,N,,,,,,
63.93287153325277,-149.2180369323145,2002-08-06,1,0,0.0,150.0,,Pastick,1.0,0.0,N,,,,,,
63.93265319028357,-149.22583482985343,2002-08-06,1,0,0.0,150.0,,Pastick,2.0,18.0,N,,,,,,
63.933614505201874,-149.23454280659405,2002-08-06,1,1,83.0,83.0,,Pastick,3.0,5.0,N,,,,,,
63.93648687588822,-149.23691450243828,2002-08-06,1,1,40.0,40.0,,Pastick,4.0,14.0,N,,,,,,
63.93050229430368,-149.22382784751076,2002-08-06,1,1,38.0,38.0,,Pastick,1.0,31.0,N,,,,,,
63.929318188429,-149.2243460678571,2002-08-06,1,0,0.0,150.0,,Pastick,2.0,8.0,N,,,,,,
63.93208315303709,-149.21440377916082,2002-08-06,1,1,37.0,37.0,,Pastick,1.0,37.0,N,,,,,,
63.93184510137786,-149.23342243512565,2002-08-06,1,1,62.0,62.0,,Pastick,2.0,62.0,N,,,,,,
63.70711251246709,-149.25609333591314,2002-08-07,1,0,0.0,150.0,,Pastick,1.0,3.0,N,,,,,,
63.71210093049414,-149.1959142904985,2002-08-07,1,1,41.0,60.0,,Pastick,1.0,14.0,N,,,,,,
63.71500990667485,-149.1965042940942,2002-08-07,1,0,0.0,100.0,,Pastick,2.0,7.0,N,,,,,,
63.71633032755441,-149.19646496179698,2002-08-07,1,0,0.0,150.0,,Pastick,3.0,7.0,N,,,,,,
63.52349496607472,-149.12410331776823,2002-08-14,1,0,0.0,150.0,,Pastick,1.0,1.0,N,,,,,,
63.52444406607,-149.1194274420459,2002-08-14,1,0,0.0,150.0,,Pastick,2.0,2.0,N,,,,,,
63.52741955794711,-149.10516608631465,2002-08-14,1,1,93.0,93.0,,Pastick,1.0,6.0,N,,,,,,
63.52806464133884,-149.10342344722082,2002-08-14,1,0,0.0,150.0,,Pastick,2.0,8.0,N,,,,,,
63.531079760594736,-149.1016942448405,2002-08-14,1,0,0.0,100.0,,Pastick,3.0,16.0,N,,,,,,
63.5362358296117,-149.10090686661087,2002-08-14,1,0,0.0,150.0,,Pastick,1.0,5.0,N,,,,,,
63.588962208022274,-148.95621834091543,2002-08-16,1,0,0.0,54.0,,Pastick,1.0,6.0,Y,,,,,,
63.59882523645568,-148.8736627025925,2002-08-16,1,0,0.0,150.0,,Pastick,1.0,4.0,N,,,,,,
63.599124390697376,-148.87344043372474,2002-08-16,1,0,0.0,150.0,,Pastick,2.0,6.0,N,,,,,,
63.598037885267296,-148.87139304161477,2002-08-16,1,0,0.0,100.0,,Pastick,3.0,26.0,N,,,,,,
63.58596354080371,-148.89939956840632,2002-08-15,1,1,48.0,48.0,,Pastick,1.0,35.0,N,,,,,,
63.58728521781602,-148.90331711731983,2002-08-16,1,0,0.0,150.0,,Pastick,1.0,7.0,N,,,,,,
63.66574601112233,-148.8644162336033,2002-08-16,1,0,0.0,78.0,,Pastick,1.0,8.0,Y,,,,,,
63.8856551616578,-149.9447715900901,2002-08-17,1,1,46.0,46.0,,Pastick,1.0,38.0,N,,,,,,
63.88487770951217,-149.94766523767402,2002-08-17,1,0,0.0,150.0,,Pastick,1.0,15.0,N,,,,,,
63.90416768837504,-149.98588579241877,2002-08-17,1,0,0.0,58.0,,Pastick,2.0,3.0,Y,,,,,,
63.90543141959578,-149.9803509779164,2002-08-17,1,0,0.0,67.0,,Pastick,3.0,4.0,Y,,,,,,
63.88476337558408,-149.82879517811563,2002-08-17,1,1,62.0,62.0,,Pastick,1.0,23.0,N,,,,,,
63.88667917958135,-149.82589065534003,2002-08-17,1,0,0.0,150.0,,Pastick,1.0,0.0,N,,,,,,
63.87627133276006,-149.80647075236126,2002-08-17,1,0,0.0,150.0,,Pastick,2.0,0.0,N,,,,,,
63.96573083782243,-149.83174068357178,2002-08-18,1,1,51.0,51.0,,Pastick,1.0,17.0,N,,,,,,
63.51041020439478,-149.33214265692126,2002-08-20,1,0,0.0,150.0,,Pastick,1.0,3.0,N,,,,,,
63.50945230378526,-149.33306964882948,2002-08-20,1,0,0.0,150.0,,Pastick,2.0,4.0,N,,,,,,
63.461166708680736,-149.0838395968783,2002-08-21,1,0,0.0,150.0,,Pastick,1.0,8.0,N,,,,,,
63.4606735851858,-149.08255956360088,2002-08-21,1,0,0.0,150.0,,Pastick,2.0,3.0,N,,,,,,
63.456086161355394,-148.84927519969645,2002-08-21,1,1,56.0,56.0,,Pastick,1.0,22.0,N,,,,,,
63.45044986784021,-148.9465964189846,2002-08-21,1,0,0.0,150.0,,Pastick,1.0,5.0,N,,,,,,
63.4507287691013,-148.94589323927536,2002-08-21,1,0,0.0,150.0,,Pastick,2.0,2.0,N,,,,,,
63.77315850455642,-149.42864469848553,2002-08-28,1,1,56.0,56.0,,Pastick,1.0,23.0,N,,,,,,
63.77247608983544,-149.42704389899993,2002-08-28,1,0,0.0,150.0,,Pastick,2.0,7.0,N,,,,,,
63.7646028410422,-149.43813323893087,2002-08-28,1,0,0.0,56.0,,Pastick,1.0,1.0,Y,,,,,,
63.76380622281548,-149.43532603099877,2002-08-28,1,0,0.0,49.0,,Pastick,2.0,2.0,Y,,,,,,
63.68388593748024,-148.9246810626687,2002-08-29,1,1,46.0,46.0,,Pastick,1.0,20.0,N,,,,,,
63.68427420586138,-148.92317039347265,2002-08-29,1,0,0.0,150.0,,Pastick,1.0,7.0,N,,,,,,
63.501436580071584,-149.2612506962662,2002-09-04,1,0,0.0,150.0,,Pastick,1.0,4.0,N,,,,,,
63.74768775945192,-149.500922164728,2002-09-04,1,0,0.0,150.0,,Pastick,1.0,0.0,N,,,,,,
63.52504768042931,-149.2745043868288,1997-07-14,1,0,0.0,150.0,,Pastick,1.0,3.0,N,,,,,,
63.52355736035429,-149.27788531746546,1997-07-14,1,0,0.0,150.0,,Pastick,1.0,2.0,N,,,,,,
63.52228252500472,-149.28238926706172,1997-07-14,1,0,0.0,150.0,,Pastick,2.0,2.0,N,,,,,,
63.52003069007097,-149.28902674505468,1997-07-14,1,0,0.0,150.0,,Pastick,3.0,96.0,N,,,,,,
63.51853659762903,-149.29598551448174,1997-07-14,1,0,0.0,150.0,,Pastick,1.0,5.0,N,,,,,,
63.5181353581383,-149.30196589405952,1997-07-14,1,0,0.0,150.0,,Pastick,2.0,2.0,N,,,,,,
63.51816334101374,-149.3035768831073,1997-07-14,1,1,30.0,50.0,,Pastick,3.0,21.0,N,,,,,,
63.517420799076525,-149.30898656925316,1997-07-14,1,0,0.0,150.0,,Pastick,5.0,2.0,N,,,,,,
63.50885469255061,-149.37652391001706,1997-07-15,1,0,0.0,150.0,,Pastick,1.0,0.0,N,,,,,,
63.50708432090392,-149.37390414764909,1997-07-15,1,0,0.0,150.0,,Pastick,2.0,5.0,N,,,,,,
63.506013653425285,-149.37132266626196,1997-07-15,1,1,110.0,110.0,,Pastick,3.0,5.0,N,,,,,,
63.50551594217197,-149.36177368183712,1997-07-15,1,0,0.0,150.0,,Pastick,4.0,2.0,N,,,,,,
63.50335095977461,-149.3541982836122,1997-07-15,1,0,0.0,150.0,,Pastick,1.0,3.0,N,,,,,,
63.50198619522296,-149.35310107551888,1997-07-15,1,0,0.0,150.0,,Pastick,3.0,3.0,N,,,,,,
63.50650379681006,-149.27013405876755,1997-07-15,1,0,0.0,80.0,,Pastick,1.0,2.0,N,,,,,,
63.50779812232184,-149.26834731677795,1997-07-15,1,0,0.0,110.0,,Pastick,2.0,3.0,N,,,,,,
63.731862417092,-149.33746848165782,1997-07-16,1,0,0.0,150.0,,Pastick,1.0,8.0,N,,,,,,
63.7341287466722,-149.3361359820429,1997-07-16,1,0,0.0,100.0,,Pastick,2.0,8.0,N,,,,,,
63.735623253306514,-149.33034232813478,1997-07-16,1,0,0.0,100.0,,Pastick,1.0,2.0,N,,,,,,
63.73619634916325,-149.32988292327653,1997-07-16,1,0,0.0,150.0,,Pastick,2.0,8.0,N,,,,,,
63.73789334849206,-149.32710444943447,1997-07-16,1,0,0.0,71.0,,Pastick,3.0,2.0,Y,,,,,,
63.73637960326559,-149.32576408557065,1997-07-16,1,0,0.0,150.0,,Pastick,4.0,10.0,N,,,,,,
63.73305794284116,-149.33904636559717,1997-07-16,1,0,0.0,150.0,,Pastick,5.0,5.0,N,,,,,,
63.50418412991277,-149.74801682123356,1997-07-17,1,1,89.0,105.0,,Pastick,2.0,15.0,N,,,,,,
63.510818809190525,-149.76399756630167,1997-07-17,1,1,80.0,100.0,,Pastick,4.0,15.0,N,,,,,,
63.51221907343336,-149.76682769552198,1997-07-17,1,1,112.0,125.0,,Pastick,5.0,8.0,N,,,,,,
63.51516742609603,-149.77087412368093,1997-07-17,1,0,0.0,110.0,,Pastick,6.0,6.0,N,,,,,,
63.517052149878666,-149.7778953275564,1997-07-17,1,1,65.0,88.0,,Pastick,1.0,5.0,N,,,,,,
63.52416908793061,-149.78739937536278,1997-07-17,1,1,30.0,39.0,,Pastick,2.0,30.0,N,,,,,,
63.52744729483639,-149.7846209321893,1997-07-17,1,1,43.0,43.0,,Pastick,3.0,23.0,N,,,,,,
63.51871159829837,-149.78632361997853,1997-07-17,1,0,0.0,150.0,,Pastick,2.0,2.0,N,,,,,,
63.75432508535852,-149.4262154816204,1997-07-19,1,0,0.0,89.0,,Pastick,1.0,0.0,Y,,,,,,
63.75760241212293,-149.42728772596843,1997-07-19,1,0,0.0,100.0,,Pastick,2.0,0.0,N,,,,,,
63.75935249439394,-149.42893886932185,1997-07-19,1,1,89.0,100.0,,Pastick,3.0,7.0,N,,,,,,
63.76125845520039,-149.42879843067828,1997-07-19,1,0,0.0,90.0,,Pastick,1.0,0.0,Y,,,,,,
63.76485160571856,-149.42604413759437,1997-07-19,1,0,0.0,68.0,,Pastick,2.0,6.0,Y,,,,,,
63.773286469129545,-149.41781994271565,1997-07-19,1,0,0.0,100.0,,Pastick,1.0,8.0,N,,,,,,
63.61141722188659,-149.26242220091257,1997-07-20,1,0,0.0,70.0,,Pastick,2.0,8.0,Y,,,,,,
63.61066924583508,-149.25746039799233,1997-07-20,1,0,0.0,91.0,,Pastick,3.0,9.0,Y,,,,,,
63.611870533655015,-149.25243127076146,1997-07-20,1,0,0.0,150.0,,Pastick,4.0,3.0,N,,,,,,
63.61219204749146,-149.2508225355857,1997-07-20,1,0,0.0,150.0,,Pastick,1.0,8.0,N,,,,,,
63.61195307767947,-149.24658705607507,1997-07-20,1,0,0.0,100.0,,Pastick,2.0,8.0,N,,,,,,
63.613336177609725,-149.24369006396208,1997-07-20,1,0,0.0,150.0,,Pastick,3.0,4.0,N,,,,,,
63.61546935693874,-149.2410536557688,1997-07-20,1,0,0.0,150.0,,Pastick,4.0,8.0,N,,,,,,
63.61581200356916,-149.2357739306005,1997-07-20,1,0,0.0,150.0,,Pastick,5.0,2.0,N,,,,,,
63.58135476222817,-148.99946439604437,1997-07-23,1,0,0.0,110.0,,Pastick,1.0,2.0,N,,,,,,
63.58023053742342,-149.0002519780812,1997-07-23,1,0,0.0,92.0,,Pastick,2.0,0.0,Y,,,,,,
63.57868254002148,-148.99923658631124,1997-07-23,1,0,0.0,113.0,,Pastick,3.0,0.0,Y,,,,,,
63.575764787168325,-148.99794393662913,1997-07-23,1,0,0.0,120.0,,Pastick,4.0,7.0,N,,,,,,
63.57505201846096,-149.0001302729957,1997-07-23,1,0,0.0,150.0,,Pastick,1.0,8.0,N,,,,,,
63.57445667740921,-148.9958174414249,1997-07-23,1,0,0.0,80.0,,Pastick,2.0,8.0,N,,,,,,
63.57257005783536,-148.9946176433631,1997-07-23,1,0,0.0,150.0,,Pastick,3.0,7.0,N,,,,,,
63.68376054586546,-149.2996839763587,1997-07-24,1,1,38.0,48.0,,Pastick,1.0,32.0,N,,,,,,
63.6838477594988,-149.2959086848622,1997-07-24,1,1,32.0,41.0,,Pastick,2.0,29.0,N,,,,,,
63.6838862181832,-149.2918058113155,1997-07-24,1,0,0.0,120.0,,Pastick,3.0,7.0,N,,,,,,
63.683766681462274,-149.2874676984023,1997-07-24,1,1,56.0,56.0,,Pastick,4.0,8.0,N,,,,,,
63.68374944715348,-149.28572683985746,1997-07-24,1,0,0.0,150.0,,Pastick,5.0,8.0,N,,,,,,
63.68378665017773,-149.28281723901793,1997-07-24,1,0,0.0,150.0,,Pastick,6.0,2.0,N,,,,,,
63.683889772065534,-149.28027700907043,1997-07-24,1,0,0.0,100.0,,Pastick,7.0,0.0,N,,,,,,
63.6844950327584,-149.27834344530305,1997-07-24,1,0,0.0,100.0,,Pastick,1.0,7.0,N,,,,,,
63.685196627133,-149.27542639523583,1997-07-24,1,1,81.0,81.0,,Pastick,2.0,9.0,N,,,,,,
63.686047098703845,-149.27274364241026,1997-07-24,1,0,0.0,100.0,,Pastick,3.0,2.0,N,,,,,,
63.68784666240158,-149.2730699447261,1997-07-24,1,0,0.0,100.0,,Pastick,4.0,0.0,N,,,,,,
63.62041279366218,-149.91524660704917,1997-07-25,1,0,0.0,110.0,,Pastick,3.0,4.0,N,,,,,,
63.61981444484865,-149.91330786388815,1997-07-25,1,0,0.0,100.0,,Pastick,4.0,12.0,N,,,,,,
63.61828669452457,-149.91290909163712,1997-07-25,1,0,0.0,150.0,,Pastick,5.0,3.0,N,,,,,,
63.62357058446713,-149.91542912853654,1997-07-25,1,0,0.0,120.0,,Pastick,1.0,3.0,N,,,,,,
63.623872901673046,-149.91513709775646,1997-07-25,1,0,0.0,95.0,,Pastick,2.0,8.0,Y,,,,,,
63.61558537003718,-149.90837355966272,1997-07-25,1,1,38.0,56.0,,Pastick,2.0,10.0,N,,,,,,
63.61394600566351,-149.9059454328268,1997-07-25,1,0,0.0,150.0,,Pastick,3.0,7.0,N,,,,,,
63.612498881560086,-149.90244740872407,1997-07-25,1,1,97.0,97.0,,Pastick,4.0,15.0,N,,,,,,
63.611918806066384,-149.89469917433692,1997-07-25,1,0,0.0,100.0,,Pastick,5.0,4.0,N,,,,,,
63.61203008123461,-149.89051280832945,1997-07-25,1,0,0.0,150.0,,Pastick,1.0,5.0,N,,,,,,
63.61279270741215,-149.88653379600137,1997-07-25,1,0,0.0,150.0,,Pastick,2.0,0.0,N,,,,,,
63.691606912177306,-149.39122504890832,1997-07-26,1,1,41.0,41.0,,Pastick,1.0,9.0,N,,,,,,
63.6901599435068,-149.39939808398162,1997-07-26,1,0,0.0,120.0,,Pastick,4.0,8.0,N,,,,,,
63.69154440703032,-149.40843800246418,1997-07-26,1,0,0.0,150.0,,Pastick,1.0,10.0,N,,,,,,
63.69218699579137,-149.41670740065734,1997-07-26,1,0,0.0,100.0,,Pastick,1.0,5.0,N,,,,,,
63.69102411018384,-149.41911712408637,1997-07-26,1,1,58.0,84.0,,Pastick,2.0,38.0,N,,,,,,
63.68982578739215,-149.42202942419877,1997-07-26,1,0,0.0,100.0,,Pastick,3.0,3.0,N,,,,,,
63.68904991912836,-149.42224638150904,1997-07-26,1,0,0.0,100.0,,Pastick,4.0,59.0,N,,,,,,
63.684100016217634,-149.43302980284864,1997-07-26,1,1,82.0,82.0,,Pastick,2.0,16.0,N,,,,,,
63.68078038869985,-149.43976329851324,1997-07-26,1,0,0.0,100.0,,Pastick,1.0,9.0,N,,,,,,
63.62358389275091,-149.473770953157,1997-07-27,1,0,0.0,100.0,,Pastick,1.0,2.0,N,,,,,,
63.62318973069997,-149.4737164746492,1997-07-27,1,0,0.0,120.0,,Pastick,2.0,0.0,N,,,,,,
63.62582503887505,-149.47085719378018,1997-07-27,1,0,0.0,100.0,,Pastick,3.0,7.0,N,,,,,,
63.629320825760445,-149.46599260995276,1997-07-27,1,1,58.0,58.0,,Pastick,4.0,13.0,N,,,,,,
63.63013108206557,-149.4606318539397,1997-07-27,1,1,72.0,72.0,,Pastick,5.0,23.0,N,,,,,,
63.63178066079564,-149.44183565464735,1997-07-27,1,1,52.0,65.0,,Pastick,2.0,19.0,N,,,,,,
63.63554713979723,-149.44159387051494,1997-07-27,1,0,0.0,100.0,,Pastick,3.0,54.0,N,,,,,,
63.63627746673523,-149.43824384542933,1997-07-27,1,1,48.0,90.0,,Pastick,4.0,38.0,N,,,,,,
63.62915353006567,-149.44952403477555,1997-07-27,1,0,0.0,150.0,,Pastick,1.0,5.0,N,,,,,,
63.63006194732744,-149.44574610708068,1997-07-27,1,0,0.0,150.0,,Pastick,2.0,10.0,N,,,,,,
63.63701792761224,-149.42685716032983,1997-07-27,1,0,0.0,100.0,,Pastick,3.0,0.0,N,,,,,,
63.55819662607632,-149.30270217946585,1997-07-28,1,0,0.0,73.0,,Pastick,1.0,0.0,Y,,,,,,
63.55874104911691,-149.30290724463134,1997-07-28,1,0,0.0,120.0,,Pastick,2.0,3.0,Y,,,,,,
63.56135239756157,-149.30579672859176,1997-07-28,1,0,0.0,150.0,,Pastick,3.0,1.0,N,,,,,,
63.56366895245185,-149.30523885611572,1997-07-28,1,0,0.0,100.0,,Pastick,1.0,8.0,N,,,,,,
63.56392262243976,-149.3050982358017,1997-07-28,1,1,42.0,42.0,,Pastick,2.0,11.0,N,,,,,,
63.56525939520928,-149.3051660400304,1997-07-28,1,0,0.0,150.0,,Pastick,3.0,0.0,N,,,,,,
63.56570364319631,-149.326593638677,1997-07-28,1,1,82.0,82.0,,Pastick,4.0,16.0,N,,,,,,
63.56809275723325,-149.34749738882107,1997-07-28,1,0,0.0,100.0,,Pastick,1.0,7.0,N,,,,,,
63.56746638264187,-149.34736522586883,1997-07-28,1,0,0.0,150.0,,Pastick,2.0,5.0,N,,,,,,
63.56624702462636,-149.3483525633561,1997-07-28,1,0,0.0,150.0,,Pastick,3.0,4.0,N,,,,,,
63.56364215279074,-149.34731218568908,1997-07-28,1,1,29.0,61.0,,Pastick,4.0,20.0,N,,,,,,
63.64866175719213,-149.01743090333554,1997-07-30,1,0,0.0,123.0,,Pastick,1.0,0.0,Y,,,,,,
63.64868347394861,-149.01844240776816,1997-07-30,1,0,0.0,66.0,,Pastick,2.0,2.0,Y,,,,,,
63.645376788377135,-149.0180055154135,1997-07-30,1,0,0.0,120.0,,Pastick,3.0,8.0,N,,,,,,
63.64423622065837,-149.0167531337561,1997-07-30,1,0,0.0,81.0,,Pastick,4.0,5.0,Y,,,,,,
63.64237501816503,-149.01567188069606,1997-07-30,1,0,0.0,150.0,,Pastick,1.0,10.0,N,,,,,,
63.64190618431287,-149.0126094642571,1997-07-30,1,0,0.0,150.0,,Pastick,2.0,9.0,N,,,,,,
63.64104099941522,-149.01220489326653,1997-07-30,1,0,0.0,120.0,,Pastick,3.0,11.0,N,,,,,,
63.63822325592536,-149.00633150966158,1997-07-30,1,0,0.0,150.0,,Pastick,1.0,22.0,N,,,,,,
63.63817851729715,-149.00438994993544,1997-07-30,1,0,0.0,100.0,,Pastick,2.0,2.0,N,,,,,,
63.78378261603733,-149.6868877624009,1997-08-08,1,0,0.0,100.0,,Pastick,1.0,0.0,N,,,,,,
63.78399557055492,-149.68461391568397,1997-08-08,1,1,91.0,91.0,,Pastick,2.0,8.0,N,,,,,,
63.7866283722797,-149.6893514666741,1997-08-08,1,0,0.0,150.0,,Pastick,3.0,2.0,N,,,,,,
63.78636613830255,-149.68944830329016,1997-08-08,1,0,0.0,130.0,,Pastick,4.0,2.0,N,,,,,,
63.78629162127578,-149.69199945843786,1997-08-08,1,1,120.0,120.0,,Pastick,6.0,0.0,N,,,,,,
63.785991672969175,-149.69363573237197,1997-08-08,1,1,55.0,65.0,,Pastick,7.0,12.0,N,,,,,,
63.78249749397152,-149.70280318143307,1997-08-08,1,0,0.0,100.0,,Pastick,2.0,5.0,N,,,,,,
63.7811032182172,-149.70723720752056,1997-08-08,1,0,0.0,110.0,,Pastick,3.0,18.0,N,,,,,,
63.78123142478293,-149.7133192531557,1997-08-08,1,0,0.0,100.0,,Pastick,4.0,3.0,N,,,,,,
63.78010729152255,-149.71674331852745,1997-08-08,1,1,40.0,48.0,,Pastick,1.0,24.0,N,,,,,,
63.77590705460209,-149.75918540402984,1997-08-09,1,0,0.0,150.0,,Pastick,1.0,2.0,N,,,,,,
63.77556814916381,-149.75718351982934,1997-08-09,1,1,54.0,88.0,,Pastick,2.0,20.0,N,,,,,,
63.77439438892323,-149.75234001883769,1997-08-09,1,0,0.0,150.0,,Pastick,3.0,5.0,N,,,,,,
63.77921821616213,-149.74850683104052,1997-08-09,1,1,43.0,52.0,,Pastick,4.0,43.0,N,,,,,,
63.78126647961162,-149.74375290046166,1997-08-09,1,0,0.0,150.0,,Pastick,1.0,4.0,N,,,,,,
63.78285160385186,-149.74067899839164,1997-08-09,1,0,0.0,150.0,,Pastick,1.0,0.0,N,,,,,,
63.78336124336378,-149.7370132117922,1997-08-09,1,1,27.0,51.0,,Pastick,3.0,27.0,N,,,,,,
63.73267833432192,-148.91051530580935,1997-08-10,1,1,86.0,116.0,,Pastick,1.0,12.0,N,,,,,,
63.97707635109949,-149.24919061899982,1997-08-10,1,0,0.0,110.0,,Pastick,3.0,1.0,N,,,,,,
63.973838856355165,-149.2748631686988,1997-08-10,1,0,0.0,150.0,,Pastick,4.0,11.0,N,,,,,,
63.97331044132499,-149.27764029682106,1997-08-10,1,1,53.0,70.0,,Pastick,5.0,26.0,N,,,,,,
63.972452444721725,-149.2865208782089,1997-08-10,1,0,0.0,150.0,,Pastick,6.0,22.0,N,,,,,,
63.97030080069913,-149.2993815503238,1997-08-10,1,1,71.0,71.0,,Pastick,7.0,17.0,N,,,,,,
63.97186620428406,-149.23775825232516,1997-08-10,1,0,0.0,120.0,,Pastick,1.0,7.0,N,,,,,,
63.97374625491437,-149.24101466050467,1997-08-10,1,0,0.0,120.0,,Pastick,2.0,8.0,N,,,,,,
63.97423895543245,-149.24166716377383,1997-08-10,1,0,0.0,120.0,,Pastick,3.0,8.0,N,,,,,,
63.97470258920055,-149.2412955656639,1997-08-10,1,0,0.0,150.0,,Pastick,4.0,18.0,N,,,,,,
63.976209743007765,-149.2402104378891,1997-08-10,1,0,0.0,150.0,,Pastick,5.0,8.0,N,,,,,,
63.977304193428175,-149.24084983853135,1997-08-10,1,0,0.0,100.0,,Pastick,6.0,4.0,N,,,,,,
63.97232102096176,-149.3140561306694,1997-08-11,1,0,0.0,150.0,,Pastick,1.0,1.0,N,,,,,,
63.973279668163286,-149.3192442480494,1997-08-11,1,0,0.0,150.0,,Pastick,2.0,5.0,N,,,,,,
63.95802859047271,-149.4595887931844,1997-08-12,1,0,0.0,150.0,,Pastick,3.0,14.0,N,,,,,,
63.95728455843253,-149.46268938154665,1997-08-12,1,0,0.0,100.0,,Pastick,1.0,0.0,N,,,,,,
63.95726812651834,-149.46524108953517,1997-08-12,1,0,0.0,150.0,,Pastick,2.0,3.0,N,,,,,,
63.93284134667307,-149.64268674672522,1997-08-13,1,1,58.0,58.0,,Pastick,1.0,28.0,N,,,,,,
63.93019750169867,-149.64190705175633,1997-08-13,1,0,0.0,74.0,,Pastick,1.0,7.0,Y,,,,,,
63.92935669109704,-149.6417258232722,1997-08-13,1,0,0.0,100.0,,Pastick,2.0,3.0,N,,,,,,
63.927868525118974,-149.6410959395343,1997-08-13,1,0,0.0,150.0,,Pastick,1.0,6.0,N,,,,,,
63.92607231818559,-149.64160017160353,1997-08-13,1,0,0.0,150.0,,Pastick,2.0,4.0,N,,,,,,
63.92499387008594,-149.64066208346526,1997-08-13,1,0,0.0,50.0,,Pastick,3.0,5.0,N,,,,,,
63.923538903103605,-149.63968864333577,1997-08-13,1,0,0.0,100.0,,Pastick,4.0,10.0,N,,,,,,
63.920410744061655,-149.64035317039983,1997-08-13,1,1,85.0,85.0,,Pastick,5.0,18.0,N,,,,,,
63.91879027123096,-149.6390991583705,1997-08-13,1,1,90.0,100.0,,Pastick,6.0,10.0,N,,,,,,
63.98543495149549,-149.90036072700232,1997-08-21,1,0,0.0,150.0,,Pastick,1.0,0.0,N,,,,,,
63.98547399651823,-149.9020007997144,1997-08-21,1,0,0.0,150.0,,Pastick,2.0,0.0,N,,,,,,
63.98703328141041,-149.91381993084326,1997-08-21,1,1,49.0,49.0,,Pastick,1.0,29.0,N,,,,,,
63.98736284103325,-149.91395651908897,1997-08-21,1,0,0.0,150.0,,Pastick,2.0,3.0,N,,,,,,
63.98539509305494,-149.91444686526538,1997-08-21,1,0,0.0,150.0,,Pastick,3.0,5.0,N,,,,,,
63.98569572139862,-149.92004076197188,1997-08-21,1,1,61.0,61.0,,Pastick,1.0,20.0,N,,,,,,
63.98561758240021,-149.92970577660992,1997-08-21,1,1,55.0,68.0,,Pastick,2.0,46.0,N,,,,,,
63.98592951233259,-149.93648727439216,1997-08-21,1,1,52.0,52.0,,Pastick,3.0,28.0,N,,,,,,
63.98592664427221,-149.94194740793128,1997-08-21,1,0,0.0,100.0,,Pastick,1.0,8.0,N,,,,,,
63.983912241245655,-149.95400539033167,1997-08-21,1,1,68.0,68.0,,Pastick,1.0,51.0,N,,,,,,
63.712556621955606,-149.1699941441172,1997-08-22,1,0,0.0,150.0,,Pastick,1.0,2.0,N,,,,,,
63.71351893256136,-149.16988564890138,1997-08-22,1,0,0.0,100.0,,Pastick,2.0,3.0,N,,,,,,
63.72035026294175,-149.16876875513853,1997-08-22,1,0,0.0,100.0,,Pastick,1.0,5.0,N,,,,,,
63.72837929477989,-149.16920159740562,1997-08-22,1,0,0.0,145.0,,Pastick,4.0,4.0,N,,,,,,
63.72686141326271,-149.16983476147433,1997-08-22,1,1,110.0,120.0,,Pastick,5.0,18.0,N,,,,,,
63.96746270233617,-149.83273329572515,1997-08-22,1,1,51.0,51.0,,Pastick,1.0,18.0,N,,,,,,
63.96665122638093,-149.8292179863624,1997-08-22,1,1,61.0,61.0,,Pastick,2.0,61.0,N,,,,,,
63.96767732355362,-149.82633794283402,1997-08-22,1,1,48.0,48.0,,Pastick,3.0,0.0,N,,,,,,
63.96850043968268,-149.82419339468476,1997-08-22,1,1,70.0,70.0,,Pastick,4.0,19.0,N,,,,,,
63.96631984429904,-149.84843486525585,1997-08-22,1,1,48.0,61.0,,Pastick,5.0,22.0,N,,,,,,
63.9665453277041,-149.85888014147358,1997-08-22,1,1,71.0,71.0,,Pastick,6.0,17.0,N,,,,,,
63.96838313255186,-149.83893711649432,1997-08-22,1,1,49.0,49.0,,Pastick,1.0,21.0,N,,,,,,
63.96759864789952,-149.84368060749264,1997-08-22,1,0,0.0,100.0,,Pastick,1.0,0.0,N,,,,,,
63.966162171793776,-149.85508084888622,1997-08-22,1,0,0.0,100.0,,Pastick,2.0,4.0,N,,,,,,
63.96790418576978,-149.86692803352173,1997-08-22,1,1,42.0,60.0,,Pastick,1.0,20.0,N,,,,,,
63.968249322999256,-149.86945673358534,1997-08-22,1,1,69.0,74.0,,Pastick,2.0,42.0,N,,,,,,
63.972383502788574,-149.88514955956387,1997-08-22,1,1,61.0,61.0,,Pastick,3.0,54.0,N,,,,,,
63.64550151822699,-149.6326052575778,1997-08-24,1,0,0.0,78.0,,Pastick,1.0,2.0,Y,,,,,,
63.64522158407244,-149.6336702257171,1997-08-24,1,0,0.0,120.0,,Pastick,2.0,3.0,Y,,,,,,
63.644184874218176,-149.63290745534917,1997-08-24,1,0,0.0,150.0,,Pastick,3.0,0.0,N,,,,,,
63.64218853713862,-149.63207602368752,1997-08-24,1,0,0.0,120.0,,Pastick,1.0,5.0,N,,,,,,
63.64120665100027,-149.62929855048324,1997-08-24,1,1,120.0,120.0,,Pastick,2.0,22.0,N,,,,,,
63.641342579293074,-149.62185759435,1997-08-24,1,0,0.0,100.0,,Pastick,1.0,5.0,N,,,,,,
63.641409328844006,-149.62016701450452,1997-08-24,1,0,0.0,100.0,,Pastick,2.0,0.0,N,,,,,,
63.64187742975912,-149.61911941083687,1997-08-24,1,0,0.0,100.0,,Pastick,3.0,0.0,N,,,,,,
63.64221493978316,-149.61981712403582,1997-08-24,1,0,0.0,150.0,,Pastick,4.0,1.0,N,,,,,,
63.69668452272299,-148.97334015506073,1997-08-25,1,0,0.0,150.0,,Pastick,1.0,0.0,N,,,,,,
63.696170792629175,-148.97348648860282,1997-08-25,1,0,0.0,150.0,,Pastick,2.0,7.0,N,,,,,,
63.69526564261464,-148.97271535486007,1997-08-25,1,0,0.0,120.0,,Pastick,1.0,6.0,N,,,,,,
63.70664920260069,-148.95824675877557,1997-08-25,1,0,0.0,150.0,,Pastick,2.0,10.0,N,,,,,,
63.697920868307214,-148.97352739394915,1997-08-25,1,1,108.0,108.0,,Pastick,1.0,10.0,N,,,,,,
63.6986314656199,-148.9740827315156,1997-08-25,1,0,0.0,120.0,,Pastick,2.0,8.0,N,,,,,,
63.70025126167896,-148.97445861203835,1997-08-25,1,1,60.0,60.0,,Pastick,3.0,47.0,N,,,,,,
63.70645875836705,-148.9702359299154,1997-08-25,1,1,93.0,93.0,,Pastick,4.0,15.0,N,,,,,,
63.70549825138541,-148.9754718683901,1997-08-25,1,0,0.0,150.0,,Pastick,1.0,18.0,N,,,,,,
63.678554987455215,-148.82603254628833,1997-08-26,1,0,0.0,100.0,,Pastick,1.0,6.0,N,,,,,,
63.67845698487197,-148.82030425007682,1997-08-26,1,0,0.0,100.0,,Pastick,2.0,7.0,N,,,,,,
63.67874293198473,-148.81472187588986,1997-08-26,1,0,0.0,100.0,,Pastick,6.0,4.0,N,,,,,,
63.679040253147306,-148.80964560904354,1997-08-26,1,0,0.0,100.0,,Pastick,7.0,5.0,N,,,,,,
63.68000048682552,-148.80036521040094,1997-08-26,1,0,0.0,100.0,,Pastick,8.0,0.0,N,,,,,,
63.68244242965022,-148.78159271097235,1997-08-26,1,0,0.0,150.0,,Pastick,1.0,0.0,N,,,,,,
63.68304005153212,-148.78407711134324,1997-08-26,1,0,0.0,150.0,,Pastick,2.0,7.0,N,,,,,,
63.684061980707774,-148.78636589239568,1997-08-26,1,0,0.0,100.0,,Pastick,3.0,8.0,N,,,,,,
63.68430770162791,-148.7911539905075,1997-08-26,1,1,78.0,78.0,,Pastick,5.0,31.0,N,,,,,,
63.94909725740034,-149.50295176635072,1997-08-27,1,1,51.0,51.0,,Pastick,1.0,38.0,N,,,,,,
63.94965878962361,-149.49955093143382,1997-08-27,1,1,74.0,74.0,,Pastick,2.0,53.0,N,,,,,,
63.9519984305875,-149.4919585353433,1997-08-12,1,0,0.0,150.0,,Pastick,1.0,7.0,N,,,,,,
63.95745008609647,-149.4719566301623,1997-08-12,1,1,102.0,102.0,,Pastick,2.0,21.0,N,,,,,,
63.956544146884966,-149.47453192149743,1997-08-12,1,0,0.0,150.0,,Pastick,3.0,5.0,N,,,,,,
63.95598034571404,-149.4765245663837,1997-08-12,1,0,0.0,150.0,,Pastick,4.0,7.0,N,,,,,,
63.977547586474856,-149.98193644391745,1997-08-28,1,1,48.0,48.0,,Pastick,1.0,29.0,N,,,,,,
63.97716904757903,-149.9806898440945,1997-08-28,1,1,49.0,49.0,,Pastick,2.0,21.0,N,,,,,,
63.97566213591011,-149.9792822620307,1997-08-28,1,1,48.0,48.0,,Pastick,3.0,22.0,N,,,,,,
63.643786072647295,-149.56808658594147,1997-09-03,1,0,0.0,100.0,,Pastick,1.0,0.0,N,,,,,,
63.64384157901145,-149.5690006271232,1997-09-03,1,0,0.0,100.0,,Pastick,2.0,4.0,N,,,,,,
63.64412600084366,-149.57217766474338,1997-09-03,1,0,0.0,150.0,,Pastick,3.0,12.0,N,,,,,,
63.64387480509266,-149.57867971271696,1997-09-03,1,0,0.0,150.0,,Pastick,4.0,10.0,N,,,,,,
63.64364005469101,-149.58574877741205,1997-09-03,1,0,0.0,100.0,,Pastick,5.0,7.0,N,,,,,,
63.643046233498495,-149.5888055431569,1997-09-03,1,1,72.0,72.0,,Pastick,1.0,22.0,N,,,,,,
63.72694268445189,-149.33132928387934,1997-09-03,1,0,0.0,100.0,,Pastick,1.0,9.0,N,,,,,,
63.5194278815264,-149.93090233409532,1997-09-03,1,0,0.0,150.0,,Pastick,1.0,11.0,N,,,,,,
63.51851689021073,-149.9284553227555,1997-09-03,1,1,48.0,68.0,,Pastick,2.0,32.0,N,,,,,,
63.517018160522895,-149.92443967535888,1997-09-03,1,1,30.0,50.0,,Pastick,3.0,30.0,N,,,,,,
63.51334994764164,-149.9193378371413,1997-09-03,1,1,44.0,80.0,,Pastick,4.0,31.0,N,,,,,,
63.51020706333252,-149.92062541862302,1997-09-03,1,1,27.0,41.0,,Pastick,5.0,27.0,N,,,,,,
63.51935192009683,-149.93198080661784,1997-09-03,1,0,0.0,100.0,,Pastick,6.0,3.0,N,,,,,,
63.509874384024045,-149.90430294384274,1997-09-04,1,0,0.0,100.0,,Pastick,1.0,3.0,N,,,,,,
63.50990761262537,-149.89956056864483,1997-09-04,1,0,0.0,100.0,,Pastick,2.0,9.0,N,,,,,,
63.50368419184151,-149.9070513877597,1997-09-04,1,0,0.0,150.0,,Pastick,1.0,3.0,N,,,,,,
63.50352323908788,-149.9048033951278,1997-09-04,1,0,0.0,100.0,,Pastick,2.0,2.0,N,,,,,,
63.682381105421285,-148.84209237180272,1997-09-05,1,0,0.0,100.0,,Pastick,1.0,4.0,N,,,,,,
63.68232151281408,-148.84324115197907,1997-09-05,1,1,42.0,58.0,,Pastick,2.0,24.0,N,,,,,,
63.68201243713632,-148.84704297527455,1997-09-05,1,1,96.0,96.0,,Pastick,3.0,8.0,N,,,,,,
63.680623387798256,-148.85314009267907,1997-09-05,1,0,0.0,150.0,,Pastick,4.0,7.0,N,,,,,,
63.68026878727533,-148.85766655428455,1997-09-05,1,1,43.0,68.0,,Pastick,1.0,29.0,N,,,,,,
63.67956623401286,-148.8613208264328,1997-09-05,1,1,66.0,66.0,,Pastick,2.0,30.0,N,,,,,,
63.67888125295966,-148.867766388151,1997-09-05,1,0,0.0,100.0,,Pastick,1.0,9.0,N,,,,,,
63.67894900479308,-148.87084424452507,1997-09-05,1,0,0.0,100.0,,Pastick,2.0,5.0,N,,,,,,
63.67569018268773,-148.88734921409647,1997-09-05,1,0,0.0,100.0,,Pastick,3.0,19.0,N,,,,,,
63.6776724081952,-148.88062686361536,1997-09-05,1,0,0.0,100.0,,Pastick,4.0,4.0,N,,,,,,
63.75349079611373,-148.9518600198301,1997-09-08,1,0,0.0,86.0,,Pastick,1.0,0.0,Y,,,,,,
63.75267146832236,-148.9507087245209,1997-09-08,1,0,0.0,120.0,,Pastick,2.0,2.0,N,,,,,,
63.7528566442692,-148.9469709726881,1997-09-08,1,0,0.0,100.0,,Pastick,3.0,20.0,N,,,,,,
63.75081522517006,-148.9425733893663,1997-09-08,1,0,0.0,78.0,,Pastick,4.0,0.0,Y,,,,,,
63.7491969559958,-148.94274602442005,1997-09-08,1,0,0.0,125.0,,Pastick,5.0,21.0,N,,,,,,
63.746951275282754,-148.9388420486496,1997-09-08,1,0,0.0,100.0,,Pastick,6.0,17.0,N,,,,,,
63.74688091871469,-148.93672927611507,1997-09-08,1,0,57.0,57.0,,Pastick,7.0,21.0,Y,,,,,,
63.74415429464072,-148.92649029398754,1997-09-08,1,0,0.0,150.0,,Pastick,1.0,17.0,N,,,,,,
63.74401339515335,-148.92157618286723,1997-09-08,1,1,64.0,64.0,,Pastick,2.0,31.0,N,,,,,,
63.481709776413496,-149.5568414277669,1999-08-21,1,0,0.0,100.0,,Pastick,4.0,5.0,N,,,,,,
63.48084106152301,-149.55318862618006,1999-08-21,1,0,0.0,100.0,,Pastick,1.0,6.0,N,,,,,,
63.96325521282744,-145.52265250068112,2000-06-27,1,0,0.0,92.0,,Pastick,6.0,9.0,N,,,,,,
63.95997247697912,-145.5621946234952,2000-06-28,1,0,0.0,92.0,,Pastick,13.0,8.0,N,,,,,,
63.847191576564654,-145.69079248874033,2000-07-07,1,0,0.0,47.0,,Pastick,1.0,8.0,N,,,,,,
63.84625407132234,-145.69929598800914,2000-07-07,1,0,0.0,47.0,,Pastick,3.0,14.0,N,,,,,,
63.8471381357981,-145.70379030546377,2000-07-07,1,0,0.0,25.0,,Pastick,5.0,4.0,N,,,,,,
63.84383644428527,-145.7119743746025,2000-07-07,1,0,0.0,39.0,,Pastick,7.0,7.0,N,,,,,,
63.85168879445967,-145.72093103563813,2000-07-07,1,0,0.0,108.0,,Pastick,9.0,10.0,N,,,,,,
63.851610942927664,-145.72329402240126,2000-07-07,1,0,0.0,50.0,,Pastick,10.0,9.0,N,,,,,,
63.850334983412274,-145.67817833500646,2000-07-26,1,1,52.0,79.0,,Pastick,8.0,20.0,N,,,,,,
63.78885906377028,-145.8924450928038,2000-08-16,1,0,0.0,40.0,,Pastick,6.0,8.0,N,,,,,,
63.80753855465099,-145.87757788268848,2000-08-17,1,1,85.0,85.0,,Pastick,11.0,20.0,N,,,,,,
63.782644284932736,-145.9084335110136,2000-08-19,1,1,36.0,53.0,,Pastick,8.0,36.0,N,,,,,,
63.78449484383548,-145.86443197243707,2000-08-21,1,1,91.0,95.0,,Pastick,3.0,0.0,N,,,,,,
63.77594922786628,-145.87345737254097,2000-08-21,1,1,48.0,80.0,,Pastick,9.0,48.0,N,,,,,,
64.61697612825532,-146.70317578322852,2000-06-13,1,0,0.0,130.0,,Pastick,4.0,10.0,N,,,,,,
64.62650722825991,-146.70840500005707,2000-06-13,1,0,0.0,60.0,,Pastick,8.0,4.0,N,,,,,,
64.02416460636988,-145.70913401512442,2000-06-20,1,0,0.0,85.0,,Pastick,3.0,12.0,N,,,,,,
63.84680588577009,-145.81246326180602,2000-06-27,1,0,0.0,95.0,,Pastick,2.0,11.0,N,,,,,,
63.8466679868106,-145.83300849141062,2000-06-27,1,0,0.0,95.0,,Pastick,9.0,4.0,N,,,,,,
63.845742511238015,-145.8384560298847,2000-06-27,1,0,0.0,80.0,,Pastick,11.0,4.0,N,,,,,,
63.843174966967965,-145.78380354389247,2000-06-28,1,0,0.0,65.0,,Pastick,13.0,6.0,N,,,,,,
63.87431119619205,-145.7774704313889,2000-06-29,1,0,0.0,75.0,,Pastick,2.0,6.0,N,,,,,,
63.86313546205516,-145.77307229800078,2000-06-29,1,0,0.0,80.0,,Pastick,11.0,8.0,N,,,,,,
63.87139272605873,-145.85746613057768,2000-07-11,1,1,78.0,90.0,,Pastick,2.0,2.0,N,,,,,,
63.8355177949567,-145.7646189074713,2000-07-13,1,0,0.0,100.0,,Pastick,14.0,6.0,N,,,,,,
63.79028817328975,-145.84684652747376,2000-07-18,1,1,78.0,90.0,,Pastick,1.0,7.0,N,,,,,,
63.784429379071135,-145.8459900039099,2000-07-18,1,1,35.0,40.0,,Pastick,4.0,11.0,N,,,,,,
63.7853863748195,-145.86709492894772,2000-07-18,1,0,0.0,130.0,,Pastick,7.0,4.0,N,,,,,,
63.79349931749643,-145.85335270365468,2000-07-19,1,1,65.0,80.0,,Pastick,3.0,6.0,N,,,,,,
63.78142571122518,-145.80663020095542,2000-07-20,1,0,0.0,80.0,,Pastick,11.0,7.0,N,,,,,,
63.79132919059639,-145.7930190765472,2000-07-20,1,1,25.0,40.0,,Pastick,4.0,20.0,Y,,,,,,
63.788147575279126,-145.7925056491473,2000-07-20,1,0,0.0,90.0,,Pastick,6.0,2.0,N,,,,,,
63.78116139760791,-145.7942650864468,2000-07-20,1,0,0.0,90.0,,Pastick,8.0,4.0,Y,,,,,,
63.8334258008217,-145.85841600699405,2000-07-24,1,0,0.0,80.0,,Pastick,3.0,9.0,N,,,,,,
63.83489790365267,-145.85729935248477,2000-07-24,1,0,0.0,70.0,,Pastick,4.0,70.0,N,,,,,,
64.60316829835119,-146.69540647237636,2000-07-31,1,0,0.0,100.0,,Pastick,1.0,17.0,Y,,,,,,
64.60577094479788,-146.69997504904242,2000-07-31,1,0,0.0,115.0,,Pastick,4.0,16.0,Y,,,,,,
63.83167989369918,-145.7135868703765,2000-08-01,1,0,0.0,100.0,,Pastick,6.0,0.0,N,,,,,,
63.8314791199799,-145.90969309613217,2000-08-01,1,0,0.0,55.0,,Pastick,10.0,30.0,N,,,,,,
63.82477991258266,-145.89973124067723,2000-08-01,1,0,0.0,90.0,,Pastick,14.0,3.0,N,,,,,,
63.823460194603655,-145.89029376233228,2000-08-01,1,0,0.0,80.0,,Pastick,17.0,20.0,N,,,,,,
64.60434890620226,-146.6343724853425,2000-08-07,1,0,0.0,180.0,,Pastick,5.0,16.0,N,,,,,,
63.82521786167778,-145.93543702171132,2000-08-15,1,0,0.0,122.0,,Pastick,16.0,7.0,N,,,,,,
63.85696931306538,-145.91934555800748,2000-08-16,1,1,70.0,80.0,,Pastick,24.0,0.0,N,,,,,,
63.79072310368616,-145.80323350727673,2000-08-17,1,1,48.0,60.0,,Pastick,8.0,9.0,N,,,,,,
63.81554196982659,-145.92083141063242,2000-08-21,1,0,0.0,85.0,,Pastick,2.0,25.0,N,,,,,,
63.78737050417178,-145.77062186055394,2000-08-23,1,0,0.0,50.0,,Pastick,2.0,50.0,N,,,,,,
63.788424365168645,-145.7752842669514,2000-08-23,1,1,45.0,60.0,,Pastick,4.0,11.0,N,,,,,,
63.75378967617057,-145.85982742497606,2000-08-24,1,0,0.0,60.0,,Pastick,3.0,0.0,N,,,,,,
63.75348888470664,-145.87179816816186,2000-08-24,1,0,0.0,110.0,,Pastick,9.0,8.0,N,,,,,,
63.753119319660485,-145.87965683292023,2000-08-24,1,0,0.0,60.0,,Pastick,11.0,11.0,Y,,,,,,
63.75655755436868,-145.87858816265438,2000-08-24,1,0,0.0,110.0,,Pastick,13.0,12.0,N,,,,,,
63.73815410775344,-145.87923635293978,2000-08-29,1,0,0.0,145.0,,Pastick,3.0,13.0,N,,,,,,
63.73605850366015,-145.89378230756543,2000-08-29,1,1,56.0,80.0,,Pastick,8.0,12.0,N,,,,,,
64.0066510220389,-145.7250979361691,2000-06-22,1,0,0.0,75.0,,Pastick,3.0,8.0,N,,,,,,
63.9875977660559,-145.71711577169185,2000-06-22,1,0,0.0,125.0,,Pastick,4.0,4.0,N,,,,,,
64.0089119192845,-145.62276242406296,2000-06-29,1,0,0.0,50.0,,Pastick,2.0,5.0,N,,,,,,
63.96045753819215,-145.6792759833251,2000-07-05,1,0,0.0,100.0,,Pastick,3.0,5.0,N,,,,,,
63.93852897515728,-145.67814573581535,2000-07-06,1,0,0.0,100.0,,Pastick,7.0,0.0,N,,,,,,
63.97110375415991,-145.78201098271526,2000-07-14,1,0,0.0,90.0,,Pastick,11.0,0.0,N,,,,,,
63.93756222509304,-145.83543124093828,2000-07-17,1,0,0.0,90.0,,Pastick,6.0,0.0,N,,,,,,
63.9350361235222,-145.62777727437083,2000-07-19,1,0,0.0,80.0,,Pastick,7.0,16.0,N,,,,,,
63.89978663570329,-145.73192481971398,2000-07-20,1,0,0.0,100.0,,Pastick,18.0,0.0,N,,,,,,
63.92652746657719,-145.71899008461506,2000-07-20,1,0,0.0,95.0,,Pastick,11.0,0.0,N,,,,,,
63.885999235164654,-145.65813257305885,2000-07-28,1,0,0.0,100.0,,Pastick,13.0,10.0,N,,,,,,
63.88079050845051,-145.7151893151659,2000-07-31,1,1,90.0,100.0,,Pastick,7.0,30.0,N,,,,,,
63.87955064629544,-145.69498737546814,2000-08-02,1,1,60.0,86.0,,Pastick,7.0,7.0,N,,,,,,
63.89133805884223,-145.6764747265223,2000-08-07,1,1,40.0,60.0,,Pastick,1.0,26.0,N,,,,,,
63.88832337532804,-145.6924009426089,2000-08-07,1,0,0.0,187.0,,Pastick,6.0,8.0,N,,,,,,
63.9049420943413,-145.67222680524063,2000-08-09,1,0,0.0,100.0,,Pastick,7.0,9.0,N,,,,,,
63.85312940871329,-145.8141493104746,2000-09-05,1,0,0.0,80.0,,Pastick,2.0,6.0,N,,,,,,
63.83476396375511,-145.82160988433938,2000-09-05,1,0,0.0,80.0,,Pastick,3.0,4.0,N,,,,,,
63.807004178939,-145.92895584222896,2000-09-06,1,1,50.0,65.0,,Pastick,1.0,14.0,N,,,,,,
63.80211227764104,-145.93618679078102,2000-09-06,1,1,50.0,67.0,,Pastick,2.0,12.0,N,,,,,,
63.79565756580242,-145.93232965367375,2000-09-06,1,1,40.0,60.0,,Pastick,3.0,10.0,N,,,,,,
63.78992851947296,-145.934372787361,2000-09-06,1,1,40.0,50.0,,Pastick,4.0,12.0,N,,,,,,
63.8648211374486,-145.83252040415294,2000-09-07,1,0,0.0,85.0,,Pastick,1.0,5.0,N,,,,,,
63.86792591795987,-145.8279957019421,2000-09-07,1,0,0.0,95.0,,Pastick,4.0,5.0,N,,,,,,
63.85922565990766,-145.82760514654657,2000-09-07,1,0,0.0,90.0,,Pastick,8.0,3.0,N,,,,,,
63.83206698012692,-145.81558432756557,2000-09-08,1,1,90.0,100.0,,Pastick,1.0,30.0,N,,,,,,
63.82286530044125,-145.82304183113328,2000-09-08,1,1,80.0,100.0,,Pastick,2.0,5.0,N,,,,,,
63.936111386930506,-145.66020423009246,2000-08-29,1,0,0.0,185.0,,Pastick,1.0,9.0,N,,,,,,
63.9325641972764,-145.66000642022868,2000-08-29,1,0,0.0,100.0,,Pastick,3.0,17.0,N,,,,,,
63.922978284476585,-145.6619526418972,2000-08-29,1,1,70.0,100.0,,Pastick,6.0,14.0,N,,,,,,
63.92417130308995,-145.6570218543666,2000-08-29,1,1,80.0,95.0,,Pastick,9.0,20.0,N,,,,,,
63.93472673892119,-145.65994394060914,2000-08-29,1,1,60.0,75.0,,Pastick,2.0,50.0,N,,,,,,
63.9178218934043,-145.66050613929838,2000-08-29,1,1,85.0,85.0,,Pastick,7.0,50.0,N,,,,,,
63.950499673592624,-145.53495998154852,2000-06-22,1,0,0.0,110.0,,Pastick,2.0,2.0,N,,,,,,
63.91391348663237,-145.59101426672498,2000-07-05,1,0,0.0,85.0,,Pastick,1.0,5.0,N,,,,,,
63.79004739999322,-145.7162145010489,2000-07-11,1,0,0.0,115.0,,Pastick,10.0,10.0,N,,,,,,
63.79561373605872,-145.73161246951892,2000-07-12,1,0,0.0,62.0,,Pastick,6.0,7.0,N,,,,,,
63.930771162061895,-145.46222861704828,2000-07-18,1,1,90.0,94.0,,Pastick,12.0,16.0,N,,,,,,
63.929256770971136,-145.53792523653013,2000-07-19,1,0,0.0,70.0,,Pastick,16.0,5.0,N,,,,,,
63.88448143735325,-145.60208091129735,2000-07-20,1,1,100.0,104.0,,Pastick,3.0,8.0,N,,,,,,
63.8855500265412,-145.60212961132743,2000-07-20,1,1,57.0,70.0,,Pastick,5.0,30.0,N,,,,,,
63.90325741769567,-145.60473332234125,2000-07-24,1,1,33.0,45.0,,Pastick,2.0,45.0,N,,,,,,
63.90249759883597,-145.60226461883263,2000-07-24,1,1,90.0,100.0,,Pastick,3.0,35.0,N,,,,,,
63.90232147067354,-145.59611939937292,2000-07-24,1,0,0.0,65.0,,Pastick,4.0,6.0,N,,,,,,
63.81134456628612,-145.62622096557422,2000-08-03,1,0,0.0,92.0,,Pastick,1.0,8.0,N,,,,,,
63.8798403286472,-145.85203302044278,2000-08-10,1,1,60.0,100.0,,Pastick,1.0,30.0,N,,,,,,
64.89231261103805,-147.08175217527264,1997-06-02,1,0,0.0,180.0,,Pastick,1.0,7.0,N,,,,,,
64.89231595423225,-147.07541591247332,1997-06-02,1,0,0.0,100.0,,Pastick,3.0,12.0,N,,,,,,
64.89231853431126,-147.0701356921855,1997-06-02,1,0,0.0,180.0,,Pastick,4.0,12.0,N,,,,,,
64.90415963983698,-147.0765056675405,1997-06-02,1,0,0.0,64.0,,Pastick,5.0,4.0,Y,,,,,,
64.90291115597753,-147.05959872437572,1997-06-03,1,0,0.0,150.0,,Pastick,1.0,5.0,N,,,,,,
64.9012956084562,-147.06065153916143,1997-06-03,1,0,0.0,44.0,,Pastick,2.0,8.0,Y,,,,,,
64.89913641328356,-147.07332242597468,1997-06-03,1,0,0.0,47.0,,Pastick,1.0,5.0,Y,,,,,,
64.88027325631028,-147.19508423378562,1997-06-09,1,0,0.0,102.0,,Pastick,1.0,5.0,N,,,,,,
64.88189167174282,-147.1925624389797,1997-06-09,1,1,32.0,45.0,,Pastick,2.0,13.0,N,,,,,,
64.87863595304128,-147.21132724319165,1997-09-23,1,1,73.0,85.0,,Pastick,1.0,15.0,N,,,,,,
64.87865951792847,-147.19401701703742,1997-09-23,1,1,107.0,110.0,,Pastick,2.0,4.0,N,,,,,,
64.64096432227376,-147.1019838644201,1997-06-25,1,0,0.0,130.0,,Pastick,17.0,6.0,N,,,,,,
64.6489586005557,-147.10322789351764,1997-06-26,1,0,0.0,180.0,,Pastick,5.0,7.0,N,,,,,,
64.78000756711643,-147.89610908152963,1997-07-01,1,1,54.0,70.0,,Pastick,4.0,6.0,N,,,,,,
64.77853734165497,-147.81815253839034,1997-07-02,1,1,34.0,55.0,,Pastick,7.0,34.0,N,,,,,,
64.74454468082332,-147.9850138139195,1997-07-03,1,0,0.0,70.0,,Pastick,8.0,4.0,N,,,,,,
64.74737561899514,-147.98843640573267,1997-07-03,1,0,0.0,190.0,,Pastick,11.0,3.0,N,,,,,,
64.37425990139515,-147.3429088439948,1997-07-08,1,0,0.0,190.0,,Pastick,2.0,5.0,N,,,,,,
64.3831471236886,-147.32971141027068,1997-07-08,1,0,0.0,110.0,,Pastick,11.0,4.0,N,,,,,,
64.39650681872588,-147.3100447978793,1997-07-09,1,0,0.0,70.0,,Pastick,7.0,30.0,N,,,,,,
64.37869273382546,-147.45227329267405,1997-07-10,1,0,0.0,170.0,,Pastick,3.0,5.0,N,,,,,,
64.37825189286085,-147.4584216128426,1997-07-10,1,0,0.0,150.0,,Pastick,5.0,26.0,N,,,,,,
64.3531545987021,-147.4026336460389,1997-07-15,1,0,0.0,50.0,,Pastick,4.0,24.0,N,,,,,,
64.6549006356075,-147.04657621892392,1997-07-16,1,0,0.0,130.0,,Pastick,8.0,18.0,N,,,,,,
64.64779848334445,-147.02829154432345,1997-07-17,1,0,0.0,65.0,,Pastick,16.0,7.0,N,,,,,,
64.36650854091071,-147.23203993203674,1997-07-24,1,0,0.0,190.0,,Pastick,11.0,0.0,N,,,,,,
64.44675905141355,-147.43710575664844,1997-07-25,1,1,70.0,80.0,,Pastick,10.0,8.0,N,,,,,,
64.44825791282685,-147.42476634184902,1997-07-25,1,0,0.0,180.0,,Pastick,16.0,4.0,N,,,,,,
64.41308623801109,-147.43229493739997,1997-07-26,1,0,0.0,190.0,,Pastick,7.0,16.0,N,,,,,,
64.73561944796978,-147.91727772074938,1997-07-29,1,0,0.0,130.0,,Pastick,3.0,25.0,N,,,,,,
64.73322926989607,-147.91778469506028,1997-07-29,1,0,0.0,85.0,,Pastick,7.0,56.0,N,,,,,,
64.7332217261572,-147.91900234805354,1997-07-29,1,0,0.0,170.0,,Pastick,8.0,150.0,N,,,,,,
64.73241281870261,-147.9192058669121,1997-07-29,1,0,0.0,60.0,,Pastick,10.0,60.0,N,,,,,,
64.73270614735915,-148.02888964625933,1997-07-30,1,0,0.0,125.0,,Pastick,7.0,5.0,N,,,,,,
64.73472436554798,-148.02123834633267,1997-07-30,1,1,50.0,75.0,,Pastick,10.0,22.0,N,,,,,,
64.7395365709679,-147.99585844002954,1997-07-31,1,0,0.0,175.0,,Pastick,4.0,8.0,N,,,,,,
64.73568684619721,-147.9958428186199,1997-07-31,1,0,0.0,120.0,,Pastick,7.0,18.0,N,,,,,,
64.73322265581574,-147.99930096328373,1997-07-31,1,0,0.0,100.0,,Pastick,10.0,30.0,N,,,,,,
64.69585188689945,-147.9121788876752,1997-08-05,1,0,0.0,125.0,,Pastick,3.0,8.0,N,,,,,,
64.78596870549639,-147.92639319663087,1997-08-05,1,0,0.0,180.0,,Pastick,16.0,12.0,N,,,,,,
64.75181929023367,-147.90965301155305,1997-08-06,1,0,0.0,190.0,,Pastick,4.0,9.0,N,,,,,,
64.75376620750994,-147.9126394807069,1997-08-06,1,1,75.0,100.0,,Pastick,6.0,6.0,N,,,,,,
64.74362146386031,-147.81804204559353,1997-08-12,1,0,0.0,150.0,,Pastick,3.0,15.0,N,,,,,,
64.74313070860951,-147.81590562940988,1997-08-12,1,1,62.0,80.0,,Pastick,4.0,14.0,N,,,,,,
64.73406747686867,-147.81750136676197,1997-08-12,1,1,37.0,65.0,,Pastick,14.0,65.0,N,,,,,,
64.74577836392973,-147.7791168644539,1997-08-13,1,1,50.0,70.0,,Pastick,4.0,7.0,N,,,,,,
64.73970919493605,-147.77110805083473,1997-08-13,1,1,47.0,70.0,,Pastick,4.0,12.0,N,,,,,,
64.77575636687622,-147.96858996283424,1997-08-14,1,0,0.0,150.0,,Pastick,4.0,6.0,N,,,,,,
64.77799374310091,-147.95846897601402,1997-08-14,1,1,60.0,75.0,,Pastick,11.0,14.0,N,,,,,,
64.77506369402491,-147.97159361775212,1997-08-14,1,1,44.0,60.0,,Pastick,13.0,9.0,N,,,,,,
64.65784976547297,-146.97955731215035,1997-08-19,1,0,0.0,190.0,,Pastick,13.0,14.0,N,,,,,,
64.65708157263578,-146.9548721600711,1997-08-21,1,1,48.0,60.0,,Pastick,15.0,20.0,N,,,,,,
64.64358108727613,-146.97178302894525,1997-08-28,1,0,0.0,180.0,,Pastick,4.0,14.0,N,,,,,,
64.7709805076073,-147.80190092095367,1997-09-16,1,1,64.0,80.0,,Pastick,5.0,74.0,N,,,,,,
64.76534874782489,-147.8061907404126,1997-09-16,1,1,82.0,90.0,,Pastick,12.0,7.0,N,,,,,,
64.70506345970942,-147.12097651026966,1997-09-30,1,0,0.0,190.0,,Pastick,12.0,2.0,N,,,,,,
64.745020496805,-147.06387205914345,1997-10-01,1,0,0.0,180.0,,Pastick,1.0,3.0,N,,,,,,
64.6890842951783,-147.02730742502516,1997-10-02,1,0,0.0,150.0,,Pastick,1.0,55.0,N,,,,,,
64.86248140395912,-147.6181360466359,1997-06-03,1,0,0.0,190.0,,Pastick,6.0,8.0,N,,,,,,
64.79095690273664,-147.83426896025222,1997-07-02,1,0,0.0,185.0,,Pastick,1.0,5.0,N,,,,,,
64.74303928441097,-147.95865919404426,1997-07-03,1,0,0.0,150.0,,Pastick,3.0,12.0,N,,,,,,
64.35951108670629,-147.34887648727133,1997-07-08,1,1,18.0,48.0,,Pastick,2.0,18.0,N,,,,,,
64.84747977468747,-147.60901976390713,1997-07-17,1,0,0.0,145.0,,Pastick,2.0,3.0,N,,,,,,
64.79398616733599,-147.6055190301713,1997-07-17,1,0,0.0,75.0,,Pastick,1.0,4.0,N,,,,,,
64.3633925145988,-147.297843898968,1997-07-24,1,0,0.0,125.0,,Pastick,2.0,14.0,N,,,,,,
64.36308668743693,-147.25539731735856,1997-07-24,1,1,38.0,40.0,,Pastick,1.0,38.0,N,,,,,,
64.40469607962048,-147.48942126428875,1997-07-26,1,0,0.0,80.0,,Pastick,2.0,16.0,N,,,,,,
64.73710779698565,-147.95305171440006,1997-07-29,1,0,0.0,49.0,,Pastick,2.0,22.0,N,,,,,,
64.74019431690402,-147.95173213019706,1997-07-29,1,0,0.0,120.0,,Pastick,4.0,15.0,N,,,,,,
64.74097499308338,-147.95453218702517,1997-07-26,1,0,0.0,140.0,,Pastick,7.0,13.0,N,,,,,,
64.73958629273736,-148.043433793599,1997-07-30,1,0,0.0,76.0,,Pastick,7.0,5.0,N,,,,,,
64.72975589247547,-148.0181744835497,1997-07-31,1,1,50.0,52.0,,Pastick,1.0,9.0,N,,,,,,
64.72594309396372,-148.0193117200085,1997-07-31,1,0,0.0,42.0,,Pastick,8.0,40.0,N,,,,,,
64.85424732677795,-147.64066293475096,1997-08-04,1,0,0.0,39.0,,Pastick,3.0,26.0,N,,,,,,
64.78228440772183,-147.73664606942913,1997-08-05,1,1,52.0,99.0,,Pastick,1.0,26.0,N,,,,,,
64.75220109095139,-147.85761657233644,1997-08-07,1,0,0.0,120.0,,Pastick,4.0,16.0,N,,,,,,
64.74139587360747,-147.80163336154766,1997-08-12,1,1,48.0,50.0,,Pastick,5.0,25.0,N,,,,,,
64.73919109047267,-147.80278621642148,1997-08-12,1,1,80.0,80.0,,Pastick,2.0,15.0,N,,,,,,
64.82712804320418,-147.6534614993341,1997-08-18,1,0,0.0,160.0,,Pastick,1.0,0.0,N,,,,,,
64.82702760240876,-147.64770678993673,1997-08-18,1,0,0.0,140.0,,Pastick,2.0,0.0,N,,,,,,
64.82750368447459,-147.63301070545702,1997-08-18,1,0,0.0,170.0,,Pastick,3.0,0.0,N,,,,,,
64.82335255209935,-147.63006911594405,1997-08-18,1,0,0.0,150.0,,Pastick,4.0,0.0,N,,,,,,
64.76557341363792,-147.8511240884261,1997-09-16,1,0,0.0,145.0,,Pastick,7.0,2.0,N,,,,,,
64.76247830375696,-147.86031790352845,1997-09-16,1,0,0.0,150.0,,Pastick,12.0,18.0,N,,,,,,
64.38750146065098,-147.4202201890124,1997-07-08,1,1,50.0,50.0,,Pastick,4.0,25.0,N,,,,,,
64.39535147976889,-147.49298787562884,1997-07-26,1,0,0.0,80.0,,Pastick,4.0,8.0,N,,,,,,
64.753794717773,-147.85825549688286,1997-08-07,1,1,58.0,58.0,,Pastick,6.0,16.0,N,,,,,,
64.86568666992132,-147.64104074271776,1997-08-21,1,0,0.0,59.0,,Pastick,1.0,29.0,Y,,,,,,
64.72956014137748,-147.06316378788287,1997-06-11,1,0,0.0,20.0,,Pastick,4.0,15.0,N,,,,,,
64.74139040264295,-147.0151364110853,1997-06-18,1,1,130.0,130.0,,Pastick,3.0,28.0,N,,,,,,
64.66966553115917,-147.03143551116597,1997-06-26,1,0,0.0,190.0,,Pastick,1.0,8.0,N,,,,,,
64.78287824560125,-147.8827827600687,1997-07-02,1,0,0.0,100.0,,Pastick,2.0,6.0,N,,,,,,
64.77968271910858,-147.8829307572729,1997-07-02,1,1,32.0,39.0,,Pastick,7.0,22.0,N,,,,,,
64.76286001704885,-147.99583451912798,1997-07-03,1,0,0.0,62.0,,Pastick,1.0,7.0,N,,,,,,
64.76495813029824,-147.98939456168216,1997-07-03,1,1,36.0,36.0,,Pastick,7.0,26.0,N,,,,,,
64.3759166321863,-147.37016069267432,1997-07-08,1,0,0.0,100.0,,Pastick,7.0,5.0,N,,,,,,
64.38110296494325,-147.37738157981022,1997-07-08,1,0,0.0,124.0,,Pastick,10.0,7.0,Y,,,,,,
64.37418796388249,-147.45226141920702,1997-07-09,1,0,0.0,57.0,,Pastick,3.0,55.0,N,,,,,,
64.34975451021796,-147.3572416460333,1997-07-15,1,1,28.0,58.0,,Pastick,1.0,58.0,N,,,,,,
64.35072748069915,-147.3519537988345,1997-07-15,1,1,39.0,41.0,,Pastick,3.0,39.0,N,,,,,,
64.34666544177722,-147.34691275405513,1997-07-15,1,0,0.0,80.0,,Pastick,9.0,10.0,Y,,,,,,
64.39635814937581,-147.2995283269581,1997-07-24,1,0,0.0,150.0,,Pastick,7.0,12.0,N,,,,,,
64.42887897718138,-147.41069993217098,1997-07-25,1,0,0.0,140.0,,Pastick,5.0,8.0,N,,,,,,
64.42104904329004,-147.48039229351338,1997-07-26,1,0,0.0,126.0,,Pastick,5.0,8.0,N,,,,,,
64.42890932269297,-147.49678815488184,1997-07-26,1,0,0.0,110.0,,Pastick,11.0,12.0,N,,,,,,
64.43251217845811,-147.5007783067626,1997-07-26,1,0,0.0,89.0,,Pastick,15.0,15.0,N,,,,,,
64.74436156974633,-147.92568278231775,1997-07-29,1,0,0.0,125.0,,Pastick,6.0,15.0,N,,,,,,
64.74517622047864,-147.90858937716598,1997-07-29,1,0,0.0,75.0,,Pastick,4.0,15.0,N,,,,,,
64.73648301406165,-148.03422054839322,1997-07-30,1,0,0.0,125.0,,Pastick,5.0,17.0,N,,,,,,
64.74234166802395,-148.03570479969662,1997-07-31,1,1,160.0,160.0,,Pastick,3.0,8.0,N,,,,,,
64.74441138223429,-148.0297338396285,1997-07-31,1,0,0.0,125.0,,Pastick,8.0,8.0,N,,,,,,
64.77811958859124,-147.76000505285003,1997-08-05,1,1,59.0,62.0,,Pastick,9.0,59.0,N,,,,,,
64.77354657012835,-147.7645659627315,1997-08-05,1,0,0.0,79.0,,Pastick,12.0,56.0,N,,,,,,
64.77523669188409,-147.76047076586147,1997-08-05,1,0,0.0,75.0,,Pastick,11.0,28.0,N,,,,,,
64.75345944962164,-147.98985654298474,1997-08-06,1,0,0.0,175.0,,Pastick,3.0,12.0,N,,,,,,
64.75579840907497,-147.99034145507446,1997-08-06,1,1,60.0,100.0,,Pastick,6.0,10.0,N,,,,,,
64.74723627248034,-147.85023208024958,1997-08-07,1,0,0.0,75.0,,Pastick,1.0,10.0,N,,,,,,
64.74272778794469,-147.85555187972324,1997-08-07,1,1,40.0,40.0,,Pastick,9.0,40.0,N,,,,,,
64.74562603703488,-147.78587691981406,1997-08-13,1,1,50.0,50.0,,Pastick,3.0,8.0,N,,,,,,
64.74707006812227,-147.78770460207812,1997-08-13,1,1,40.0,40.0,,Pastick,5.0,40.0,N,,,,,,
64.91260102127656,-147.75903162475848,1999-06-10,1,0,0.0,52.0,,Pastick,9.0,9.0,N,,,,,,
64.91679343949073,-147.7778179679093,1999-06-11,1,0,0.0,52.0,,Pastick,9.0,12.0,Y,,,,,,
64.67176446592305,-146.81092671829418,1999-06-21,1,0,0.0,85.0,,Pastick,12.0,4.0,Y,,,,,,
64.68784944062212,-146.83783420770686,1999-07-19,1,0,0.0,80.0,,Pastick,4.0,6.0,Y,,,,,,
64.68333063641445,-146.81069942993145,1999-07-20,1,0,0.0,70.0,,Pastick,4.0,2.0,Y,,,,,,
64.75792728772836,-146.8527557803414,1999-08-02,1,0,0.0,50.0,,Pastick,2.0,8.0,Y,,,,,,
64.61290869613579,-146.26723718405572,1999-08-10,1,0,0.0,40.0,,Pastick,1.0,17.0,N,,,,,,
64.61057242751787,-146.25229158093666,1999-08-10,1,0,0.0,60.0,,Pastick,7.0,8.0,Y,,,,,,
64.60344225910696,-146.244253635367,1999-08-10,1,0,0.0,60.0,,Pastick,14.0,5.0,Y,,,,,,
64.61094631946798,-146.25524960730243,1999-08-10,1,1,42.0,50.0,,Pastick,6.0,14.0,N,,,,,,
64.69590542326796,-146.23341623062296,1999-08-11,1,0,0.0,90.0,,Pastick,9.0,11.0,Y,,,,,,
64.6899739009684,-146.21798630131624,1999-08-11,1,0,0.0,65.0,,Pastick,13.0,10.0,N,,,,,,
64.62526747193208,-146.48959825686438,1999-08-16,1,0,0.0,105.0,,Pastick,1.0,17.0,Y,,,,,,
64.61696092625066,-146.482687288623,1999-08-16,1,0,0.0,70.0,,Pastick,5.0,9.0,Y,,,,,,
64.58968992149899,-146.4649083526619,1999-08-17,1,1,76.0,95.0,,Pastick,12.0,5.0,N,,,,,,
64.58125955117063,-146.6603226343938,1999-08-18,1,0,0.0,80.0,,Pastick,2.0,7.0,Y,,,,,,
64.5769055413632,-146.66340396582584,1999-08-18,1,0,0.0,60.0,,Pastick,6.0,5.0,Y,,,,,,
64.57728003681359,-146.674338772845,1999-08-18,1,0,0.0,60.0,,Pastick,10.0,16.0,Y,,,,,,
64.60259040991187,-146.80461585090373,1999-08-19,1,1,70.0,75.0,,Pastick,1.0,6.0,N,,,,,,
64.72185634338246,-146.7080716774519,1999-08-24,1,0,0.0,75.0,,Pastick,13.0,9.0,Y,,,,,,
64.79148113580672,-146.64705432897918,1999-08-25,1,0,0.0,105.0,,Pastick,5.0,18.0,N,,,,,,
64.67641007366281,-146.79553593190747,1999-08-30,1,0,0.0,70.0,,Pastick,3.0,6.0,Y,,,,,,
64.67541827348435,-146.7921282129903,1999-08-30,1,0,0.0,80.0,,Pastick,5.0,16.0,Y,,,,,,
64.69161738263568,-146.7372235451265,1999-08-31,1,0,0.0,100.0,,Pastick,6.0,6.0,N,,,,,,
64.66296826626578,-146.802192114611,1999-09-17,1,0,0.0,70.0,,Pastick,4.0,20.0,Y,,,,,,
64.64209797908964,-146.5462659371041,1999-09-21,1,0,0.0,75.0,,Pastick,2.0,14.0,Y,,,,,,
64.64610921791376,-146.53761775432977,1999-09-21,1,0,0.0,65.0,,Pastick,5.0,15.0,Y,,,,,,
64.66029471198969,-146.93310981456213,1999-06-14,1,0,0.0,50.0,,Pastick,1.0,13.0,Y,,,,,,
64.66717334092996,-146.88351451978312,1999-06-21,1,0,0.0,40.0,,Pastick,1.0,5.0,Y,,,,,,
64.66211969467152,-146.85151622427037,1999-06-22,1,0,0.0,99.0,,Pastick,8.0,4.0,Y,,,,,,
64.57169278776561,-146.7391518306334,1999-07-01,1,1,21.0,40.0,,Pastick,4.0,21.0,N,,,,,,
64.60215522016289,-146.67073983741298,1999-07-08,1,1,33.0,62.0,,Pastick,3.0,11.0,N,,,,,,
64.60407458129517,-146.99729752226884,1999-07-26,1,1,21.0,21.0,,Pastick,8.0,15.0,N,,,,,,
64.68166185788095,-146.20741147100952,1999-08-10,1,0,0.0,72.0,,Pastick,1.0,9.0,Y,,,,,,
64.67975859086869,-146.20558095834798,1999-08-10,1,0,0.0,48.0,,Pastick,2.0,7.0,Y,,,,,,
64.67643388562443,-146.20475628473588,1999-08-10,1,0,0.0,62.0,,Pastick,3.0,5.0,Y,,,,,,
64.67226956285175,-146.2029926907262,1999-08-10,1,1,62.0,62.0,,Pastick,6.0,6.0,N,,,,,,
64.67117429621227,-146.31975726234737,1999-08-11,1,0,0.0,1166.0,,Pastick,1.0,19.0,Y,,,,,,
64.67258742341497,-146.31291286055048,1999-08-11,1,0,0.0,134.0,,Pastick,3.0,12.0,Y,,,,,,
64.6627834662729,-146.28352619001402,1999-08-11,1,0,0.0,89.0,,Pastick,7.0,19.0,Y,,,,,,
64.58303097039426,-146.65036111188067,1999-08-16,1,0,0.0,42.0,,Pastick,10.0,11.0,Y,,,,,,
64.59090018182108,-146.62814055156048,1999-08-18,1,0,0.0,70.0,,Pastick,1.0,56.0,N,,,,,,
64.59260538619564,-146.62118227275974,1999-08-18,1,0,0.0,70.0,,Pastick,4.0,7.0,Y,,,,,,
64.59707094588947,-146.6377919915515,1999-08-18,1,0,0.0,80.0,,Pastick,11.0,7.0,N,,,,,,
64.76592718275909,-146.6515293718432,1999-08-25,1,0,0.0,61.0,,Pastick,1.0,15.0,Y,,,,,,
64.77482553886777,-146.64270851266997,1999-08-25,1,0,0.0,98.0,,Pastick,8.0,8.0,Y,,,,,,
64.65636938446669,-146.38572718321066,1999-09-17,1,0,0.0,60.0,,Pastick,3.0,10.0,Y,,,,,,
64.6588553067617,-146.2049358683234,1999-08-11,1,0,0.0,53.0,,Pastick,1.0,16.0,N,,,,,,
64.61368922116935,-146.57686340411698,1999-08-17,1,0,0.0,61.0,,Pastick,6.0,4.0,Y,,,,,,
64.61223451581264,-146.57650974741412,1999-08-17,1,0,0.0,58.0,,Pastick,7.0,3.0,N,,,,,,
64.62098440966601,-146.5736761414649,1999-08-18,1,0,0.0,26.0,,Pastick,1.0,7.0,N,,,,,,
64.62022820241238,-146.57283068350856,1999-08-18,1,0,0.0,65.0,,Pastick,2.0,14.0,N,,,,,,
64.63562365228853,-146.66579471168006,1999-07-15,1,0,0.0,58.0,,Pastick,3.0,10.0,Y,,,,,,
64.63328091379428,-146.62793777757614,1999-07-20,1,0,0.0,93.0,,Pastick,5.0,9.0,Y,,,,,,
64.64525027172084,-146.7028043037495,1999-07-23,1,0,0.0,58.0,,Pastick,5.0,16.0,Y,,,,,,
64.63860838670666,-146.7349739862872,1999-07-29,1,0,0.0,93.0,,Pastick,4.0,13.0,Y,,,,,,
64.68375431087063,-146.23153780395424,1999-08-10,1,0,0.0,49.0,,Pastick,1.0,15.0,N,,,,,,
64.62701479259404,-146.61290192823589,1999-08-16,1,0,0.0,41.0,,Pastick,2.0,13.0,N,,,,,,
64.61456833914447,-146.59599916866753,1999-08-17,1,0,0.0,45.0,,Pastick,5.0,21.0,N,,,,,,
64.71923350597939,-146.67653689993662,1999-08-26,1,0,0.0,54.0,,Pastick,2.0,5.0,N,,,,,,
64.22410867821176,-146.6267237700043,2002-06-12,1,1,18.0,60.0,,Pastick,1.0,18.0,N,,,,,,
64.22156726877557,-146.62601610792356,2002-06-12,1,1,30.0,80.0,,Pastick,2.0,30.0,N,,,,,,
64.22101169989008,-146.62633272669035,2002-06-12,1,1,22.0,37.0,,Pastick,3.0,22.0,N,,,,,,
64.22034938421957,-146.6235184326277,2002-06-12,1,1,18.0,80.0,,Pastick,4.0,18.0,Y,,,,,,
63.8252990361597,-146.82505510732278,2002-06-12,1,0,0.0,23.0,,Pastick,5.0,23.0,Y,,,,,,
64.22179899723903,-146.62539472294293,2002-06-12,1,1,31.0,80.0,,Pastick,6.0,31.0,N,,,,,,
64.2224406439738,-146.62365488722793,2002-06-12,1,1,16.0,50.0,,Pastick,7.0,16.0,N,,,,,,
64.22111749142684,-146.62210664711353,2002-06-12,1,1,25.0,80.0,,Pastick,1.0,25.0,N,,,,,,
64.20440238273181,-146.61988359104313,2002-06-12,1,1,20.0,70.0,,Pastick,1.0,20.0,N,,,,,,
64.20338479573833,-146.6219776242936,2002-06-12,1,1,55.0,112.0,,Pastick,2.0,4.0,N,,,,,,
64.19768382502043,-146.6423371055909,2002-06-12,1,1,42.0,50.0,,Pastick,4.0,15.0,N,,,,,,
64.17551820489304,-146.65344470107453,2002-06-13,1,1,23.0,44.0,,Pastick,1.0,23.0,N,,,,,,
64.1777211291092,-146.6552690223242,2002-06-13,1,1,32.0,57.0,,Pastick,3.0,27.0,N,,,,,,
64.18388717925598,-146.66338341734615,2002-06-13,1,1,24.0,48.0,,Pastick,4.0,24.0,N,,,,,,
64.18643328463644,-146.66621346413982,2002-06-13,1,0,0.0,100.0,,Pastick,5.0,16.0,N,,,,,,
64.17381984080093,-146.65247839994657,2002-06-13,1,0,0.0,100.0,,Pastick,1.0,20.0,N,,,,,,
64.18461712179209,-146.66471232192444,2002-06-13,1,1,35.0,40.0,,Pastick,2.0,35.0,N,,,,,,
64.18610999876311,-146.66611444272172,2002-06-13,1,1,33.0,37.0,,Pastick,3.0,23.0,N,,,,,,
64.1529645840028,-146.7191808207102,2002-06-14,1,1,25.0,40.0,,Pastick,2.0,29.0,N,,,,,,
64.15369291723363,-146.71993410426285,2002-06-14,1,1,14.0,43.0,,Pastick,3.0,14.0,N,,,,,,
64.15419531927024,-146.7245752158802,2002-06-14,1,1,26.0,40.0,,Pastick,4.0,26.0,N,,,,,,
64.15681974171578,-146.74661032220004,2002-06-14,1,1,21.0,45.0,,Pastick,5.0,21.0,N,,,,,,
64.15689437966724,-146.74825446290535,2002-06-14,1,1,25.0,40.0,,Pastick,6.0,25.0,N,,,,,,
64.1585148169808,-146.74094045930755,2002-06-14,1,0,0.0,100.0,,Pastick,3.0,17.0,N,,,,,,
64.15383161283408,-146.7220707414228,2002-06-14,1,1,34.0,80.0,,Pastick,1.0,30.0,N,,,,,,
64.15716479648479,-146.7437903912689,2002-06-14,1,1,27.0,50.0,,Pastick,2.0,50.0,N,,,,,,
64.1561642444178,-146.75159175308167,2002-06-14,1,0,0.0,80.0,,Pastick,6.0,4.0,N,,,,,,
64.15771020082782,-146.76387332656853,2002-06-14,1,0,0.0,50.0,,Pastick,7.0,0.0,N,,,,,,
64.1532447445942,-146.72020586952968,2002-06-14,1,1,28.0,46.0,,Pastick,2.0,28.0,N,,,,,,
64.1532936207913,-146.72230225569254,2002-06-14,1,1,24.0,34.0,,Pastick,3.0,13.0,N,,,,,,
64.15364383042336,-146.7224221035173,2002-06-14,1,0,0.0,125.0,,Pastick,4.0,13.0,N,,,,,,
64.15511051495119,-146.7391424495592,2002-06-14,1,1,34.0,44.0,,Pastick,5.0,44.0,N,,,,,,
64.04888137310016,-146.42520032187295,2002-06-15,1,1,30.0,42.0,,Pastick,1.0,30.0,N,,,,,,
64.0485072181805,-146.42363099315872,2002-06-15,1,1,25.0,42.0,,Pastick,2.0,25.0,N,,,,,,
64.04796360780294,-146.42233146080017,2002-06-15,1,1,22.0,32.0,,Pastick,3.0,22.0,N,,,,,,
64.04728383375503,-146.4206456814736,2002-06-15,1,1,17.0,47.0,,Pastick,4.0,17.0,N,,,,,,
64.0465837471947,-146.41613423077743,2002-06-15,1,1,23.0,46.0,,Pastick,5.0,23.0,N,,,,,,
64.04694031880761,-146.4110887426534,2002-06-15,1,1,21.0,40.0,,Pastick,6.0,15.0,N,,,,,,
64.04778773447569,-146.40982156241532,2002-06-15,1,1,30.0,45.0,,Pastick,7.0,30.0,N,,,,,,
64.0471565973817,-146.40909762377171,2002-06-15,1,1,20.0,37.0,,Pastick,8.0,17.0,N,,,,,,
64.04763632785436,-146.42127325658444,2002-06-15,1,1,28.0,51.0,,Pastick,1.0,28.0,N,,,,,,
64.04748067937068,-146.42049823570983,2002-06-15,1,1,23.0,70.0,,Pastick,2.0,23.0,N,,,,,,
64.04653961641753,-146.41408720281692,2002-06-15,1,1,17.0,41.0,,Pastick,3.0,17.0,N,,,,,,
64.02238402797337,-146.4329682700473,2002-06-15,1,1,35.0,44.0,,Pastick,1.0,44.0,N,,,,,,
64.02488711844943,-146.4443975613759,2002-06-15,1,1,38.0,52.0,,Pastick,4.0,38.0,N,,,,,,
64.02409198918008,-146.44533420185806,2002-06-15,1,1,34.0,45.0,,Pastick,5.0,6.0,N,,,,,,
64.02361873212159,-146.4459574726666,2002-06-15,1,1,28.0,33.0,,Pastick,6.0,33.0,N,,,,,,
64.0215303868172,-146.4466536200008,2002-06-15,1,1,25.0,45.0,,Pastick,7.0,32.0,N,,,,,,
64.01973509702233,-146.44889881375673,2002-06-15,1,1,15.0,32.0,,Pastick,8.0,32.0,N,,,,,,
63.96734720254277,-146.60082302716927,2002-06-16,1,1,22.0,32.0,,Pastick,1.0,22.0,N,,,,,,
63.96520755612583,-146.60271169744016,2002-06-16,1,1,17.0,25.0,,Pastick,3.0,17.0,N,,,,,,
63.9644174110491,-146.60255954582,2002-06-16,1,1,13.0,25.0,,Pastick,4.0,11.0,N,,,,,,
63.95465967957187,-146.5950637775692,2002-06-16,1,1,47.0,47.0,,Pastick,5.0,47.0,N,,,,,,
63.99260177731394,-146.51034401026894,2002-06-16,1,1,21.0,35.0,,Pastick,2.0,21.0,N,,,,,,
63.99029987455941,-146.51167188019755,2002-06-16,1,0,0.0,60.0,,Pastick,4.0,10.0,N,,,,,,
63.98685768963546,-146.520927954857,2002-06-16,1,1,28.0,45.0,,Pastick,6.0,29.0,N,,,,,,
63.98401638995545,-146.52199824612677,2002-06-16,1,0,0.0,50.0,,Pastick,8.0,6.0,N,,,,,,
63.993483403816526,-146.50832541913823,2002-06-16,1,1,33.0,50.0,,Pastick,1.0,33.0,N,,,,,,
63.991284848655866,-146.51102109162392,2002-06-16,1,1,24.0,34.0,,Pastick,3.0,16.0,N,,,,,,
63.98855880326151,-146.5170158389894,2002-06-16,1,1,23.0,31.0,,Pastick,5.0,23.0,N,,,,,,
63.9845822050162,-146.5221316244354,2002-06-16,1,1,22.0,32.0,,Pastick,7.0,32.0,N,,,,,,
63.96873215583824,-146.6051736613556,2002-06-16,1,1,19.0,42.0,,Pastick,1.0,16.0,N,,,,,,
63.96567835036012,-146.60094889945165,2002-06-16,1,0,0.0,45.0,,Pastick,3.0,30.0,N,,,,,,
63.96537525984095,-146.60168832895056,2002-06-16,1,0,0.0,37.0,,Pastick,4.0,19.0,N,,,,,,
63.96172015801127,-146.60073983199732,2002-06-16,1,1,21.0,42.0,,Pastick,5.0,21.0,N,,,,,,
64.12153807680133,-146.584095084565,2002-06-17,1,1,25.0,30.0,,Pastick,1.0,30.0,N,,,,,,
64.12205236232941,-146.57880997110345,2002-06-17,1,0,0.0,100.0,,Pastick,2.0,15.0,N,,,,,,
64.12658553463856,-146.56399499427582,2002-06-17,1,0,0.0,60.0,,Pastick,3.0,0.0,N,,,,,,
64.1570555079623,-146.59955966820732,2002-06-17,1,1,21.0,37.0,,Pastick,1.0,21.0,N,,,,,,
64.15196687383911,-146.59293146749243,2002-06-17,1,1,20.0,32.0,,Pastick,2.0,17.0,N,,,,,,
64.15046668771531,-146.57973611118257,2002-06-17,1,1,38.0,45.0,,Pastick,3.0,30.0,N,,,,,,
64.14845207671716,-146.5720381740406,2002-06-17,1,1,24.0,34.0,,Pastick,4.0,24.0,N,,,,,,
64.15844772310791,-146.6033023759025,2002-06-17,1,1,21.0,40.0,,Pastick,1.0,12.0,N,,,,,,
64.15457154729806,-146.5969639442065,2002-06-17,1,1,34.0,50.0,,Pastick,2.0,34.0,N,,,,,,
64.15053828653406,-146.58594287372603,2002-06-17,1,1,27.0,35.0,,Pastick,3.0,20.0,N,,,,,,
64.17418165720025,-146.57552997657672,2002-06-17,1,1,27.0,43.0,,Pastick,4.0,27.0,N,,,,,,
64.12150363042504,-146.58146720505866,2002-06-17,1,1,24.0,46.0,,Pastick,1.0,24.0,N,,,,,,
64.12251625695689,-146.5778583361032,2002-06-17,1,0,0.0,115.0,,Pastick,2.0,12.0,N,,,,,,
64.12326120436099,-146.57480776100326,2002-06-17,1,1,22.0,35.0,,Pastick,3.0,22.0,N,,,,,,
64.12606063141705,-146.56552301104313,2002-06-17,1,0,0.0,80.0,,Pastick,4.0,20.0,N,,,,,,
64.08720405527467,-146.63091684768457,2002-06-18,1,0,0.0,80.0,,Pastick,1.0,18.0,N,,,,,,
64.08835333858602,-146.63471645621527,2002-06-18,1,1,30.0,40.0,,Pastick,2.0,13.0,N,,,,,,
64.09091292312553,-146.6391134347002,2002-06-18,1,1,21.0,35.0,,Pastick,3.0,18.0,N,,,,,,
64.10135540034625,-146.7054608363934,2002-06-18,1,1,27.0,41.0,,Pastick,2.0,27.0,N,,,,,,
64.10166648667149,-146.70398014024764,2002-06-18,1,0,0.0,59.0,,Pastick,3.0,12.0,N,,,,,,
64.08948874923715,-146.63658855524233,2002-06-18,1,1,31.0,39.0,,Pastick,3.0,22.0,N,,,,,,
64.09187772579382,-146.64096756952188,2002-06-18,1,0,0.0,75.0,,Pastick,4.0,4.0,N,,,,,,
64.08680639990637,-146.62981464390072,2002-06-18,1,1,50.0,65.0,,Pastick,1.0,54.0,N,,,,,,
64.08773853449131,-146.6328991795227,2002-06-18,1,1,26.0,60.0,,Pastick,2.0,26.0,N,,,,,,
64.24463933387979,-146.72289177578472,2003-06-18,1,0,0.0,50.0,,Pastick,1.0,3.0,N,,,,,,
64.24250546798399,-146.71918021936312,2003-06-18,1,0,0.0,50.0,,Pastick,3.0,12.0,N,,,,,,
64.24140088254569,-146.71875834115878,2003-06-18,1,0,0.0,73.0,,Pastick,4.0,9.0,N,,,,,,
64.2402439319162,-146.72860687155688,2003-06-18,1,0,0.0,75.0,,Pastick,6.0,0.0,N,,,,,,
64.24476626011864,-146.71886852362843,2003-06-18,1,0,0.0,82.0,,Pastick,2.0,4.0,N,,,,,,
64.24395462205003,-146.7262192457136,2003-06-18,1,0,0.0,100.0,,Pastick,1.0,6.0,N,,,,,,
64.24469613435329,-146.7197355067088,2003-06-18,1,0,0.0,60.0,,Pastick,2.0,8.0,N,,,,,,
64.24138043027902,-146.71745929833122,2003-06-18,1,1,18.0,45.0,,Pastick,4.0,11.0,N,,,,,,
64.23895360406408,-146.7296299597907,2003-06-18,1,0,0.0,90.0,,Pastick,6.0,0.0,N,,,,,,
64.2440839889957,-146.71873107825738,2003-06-18,1,0,0.0,41.0,,Pastick,3.0,7.0,N,,,,,,
64.08860697264105,-146.77834412368105,2002-06-19,1,0,0.0,100.0,,Pastick,1.0,15.0,N,,,,,,
64.08652283815722,-146.78285201777425,2002-06-19,1,1,32.0,50.0,,Pastick,2.0,10.0,N,,,,,,
64.08371030099944,-146.78642150582638,2002-06-19,1,1,16.0,37.0,,Pastick,3.0,13.0,N,,,,,,
64.08180883724678,-146.7871127323713,2002-06-19,1,0,0.0,80.0,,Pastick,4.0,10.0,N,,,,,,
64.10092808638042,-146.71166208940258,2002-06-19,1,0,0.0,75.0,,Pastick,1.0,13.0,N,,,,,,
64.10329621222705,-146.69788867984113,2002-06-19,1,1,49.0,55.0,,Pastick,1.0,39.0,N,,,,,,
64.10093205373161,-146.7136729090944,2002-06-19,1,1,36.0,56.0,,Pastick,2.0,36.0,N,,,,,,
64.10118379849953,-146.70938181401732,2002-06-19,1,1,19.0,50.0,,Pastick,3.0,12.0,N,,,,,,
64.10156652275626,-146.70336561864264,2002-06-19,1,1,28.0,35.0,,Pastick,4.0,3.0,N,,,,,,
64.08952791936946,-146.77614217279773,2002-06-19,1,1,27.0,65.0,,Pastick,1.0,33.0,N,,,,,,
64.08751533496394,-146.78044472751537,2002-06-19,1,1,15.0,40.0,,Pastick,2.0,19.0,N,,,,,,
64.08258896140148,-146.78669666688904,2002-06-19,1,1,32.0,40.0,,Pastick,3.0,23.0,N,,,,,,
63.97520742013421,-146.75897851696658,2003-06-19,1,1,31.0,60.0,,Pastick,1.0,31.0,N,,,,,,
63.9733259965337,-146.76087384293476,2003-06-19,1,1,21.0,48.0,,Pastick,2.0,12.0,N,,,,,,
63.970834518002135,-146.7628966210925,2003-06-19,1,0,0.0,60.0,,Pastick,3.0,5.0,N,,,,,,
63.96836399759379,-146.76128378223208,2003-06-19,1,1,32.0,51.0,,Pastick,4.0,51.0,N,,,,,,
63.96115560475941,-146.75995685022562,2003-06-19,1,1,19.0,35.0,,Pastick,5.0,35.0,N,,,,,,
63.96039552634381,-146.75620681514005,2003-06-19,1,1,42.0,48.0,,Pastick,6.0,19.0,N,,,,,,
63.95700845644464,-146.74870367410438,2003-06-19,1,1,21.0,35.0,,Pastick,7.0,21.0,N,,,,,,
63.974377294291095,-146.76168191627102,2003-06-19,1,1,25.0,55.0,,Pastick,1.0,14.0,N,,,,,,
63.97287373866193,-146.76418656792956,2003-06-19,1,1,15.0,31.0,,Pastick,2.0,10.0,N,,,,,,
63.96804809023695,-146.76018370853146,2003-06-19,1,1,21.0,37.0,,Pastick,3.0,21.0,N,,,,,,
63.966866049113925,-146.7617253780634,2003-06-19,1,0,0.0,180.0,,Pastick,4.0,6.0,N,,,,,,
63.96026653843559,-146.75957656173807,2003-06-19,1,1,42.0,49.0,,Pastick,5.0,42.0,N,,,,,,
63.95970387767323,-146.75582493612052,2003-06-19,1,0,0.0,75.0,,Pastick,6.0,0.0,N,,,,,,
63.95674100169346,-146.7497267389147,2003-06-19,1,0,0.0,75.0,,Pastick,7.0,0.0,N,,,,,,
63.93907853369771,-146.73876603207427,2003-06-19,1,1,25.0,40.0,,Pastick,8.0,40.0,N,,,,,,
63.93897311915371,-146.7400318401949,2003-06-19,1,1,32.0,50.0,,Pastick,9.0,25.0,N,,,,,,
63.91636002287277,-146.87730282639723,2003-06-20,1,1,20.0,45.0,,Pastick,1.0,37.0,N,,,,,,
63.918773099774896,-146.87617107227788,2003-06-20,1,1,15.0,42.0,,Pastick,2.0,18.0,N,,,,,,
63.92037113021406,-146.87691833733766,2003-06-20,1,0,0.0,48.0,,Pastick,4.0,0.0,N,,,,,,
63.9208558174966,-146.8770181486199,2003-06-20,1,1,12.0,45.0,,Pastick,5.0,45.0,N,,,,,,
63.92224774821676,-146.87813340157427,2003-06-20,1,1,25.0,45.0,,Pastick,6.0,25.0,N,,,,,,
63.92390802252383,-146.87820775247934,2003-06-20,1,1,20.0,38.0,,Pastick,7.0,38.0,N,,,,,,
63.9259438287153,-146.8766492150934,2003-06-20,1,1,34.0,45.0,,Pastick,8.0,7.0,N,,,,,,
63.92799791657546,-146.8754982171385,2003-06-20,1,1,22.0,40.0,,Pastick,9.0,22.0,N,,,,,,
63.89775259471767,-146.8536321572641,2003-06-20,1,0,0.0,152.0,,Pastick,1.0,0.0,N,,,,,,
63.89816835874437,-146.85658374643495,2003-06-20,1,1,19.0,43.0,,Pastick,2.0,43.0,N,,,,,,
63.89835049848571,-146.85929214002363,2003-06-20,1,0,0.0,45.0,,Pastick,3.0,8.0,N,,,,,,
63.89993822456202,-146.8680848939282,2003-06-20,1,1,34.0,40.0,,Pastick,4.0,40.0,N,,,,,,
63.89946509358204,-146.8708576591062,2003-06-20,1,1,45.0,60.0,,Pastick,5.0,52.0,N,,,,,,
63.897824698357184,-146.88365784383328,2003-06-20,1,1,13.0,21.0,,Pastick,6.0,13.0,N,,,,,,
63.89872542046914,-146.88785056364364,2003-06-20,1,0,0.0,50.0,,Pastick,7.0,6.0,N,,,,,,
63.88702294944631,-146.3885787380823,2003-06-21,1,1,20.0,45.0,,Pastick,1.0,17.0,N,,,,,,
63.88529584740044,-146.38975656320255,2003-06-21,1,0,0.0,65.0,,Pastick,2.0,5.0,N,,,,,,
63.88226071931656,-146.39360934941718,2003-06-21,1,1,18.0,39.0,,Pastick,3.0,7.0,N,,,,,,
63.93470654006615,-146.39557675665503,2003-06-21,1,1,40.0,55.0,,Pastick,4.0,40.0,N,,,,,,
63.87800226299004,-146.40330953544782,2003-06-21,1,0,0.0,76.0,,Pastick,5.0,9.0,N,,,,,,
63.87332293533737,-146.40898558839163,2003-06-21,1,0,0.0,75.0,,Pastick,6.0,5.0,N,,,,,,
63.87325728811001,-146.41049311174672,2003-06-21,1,0,0.0,36.0,,Pastick,7.0,4.0,N,,,,,,
63.8703679281637,-146.47343867510963,2003-06-21,1,1,52.0,52.0,,Pastick,5.0,10.0,N,,,,,,
63.871646274908166,-146.47453411464093,2003-06-21,1,0,0.0,46.0,,Pastick,6.0,4.0,N,,,,,,
63.87293773578647,-146.46938105650096,2003-06-21,1,1,21.0,39.0,,Pastick,7.0,39.0,N,,,,,,
63.85529937303273,-146.2566066628547,2003-06-22,1,1,20.0,36.0,,Pastick,1.0,28.0,N,,,,,,
63.85336048377799,-146.25653580852298,2003-06-22,1,0,0.0,60.0,,Pastick,2.0,2.0,N,,,,,,
63.85373643537113,-146.2633599795169,2003-06-22,1,1,40.0,51.0,,Pastick,3.0,10.0,N,,,,,,
63.85312964563135,-146.26935555136916,2003-06-22,1,1,25.0,53.0,,Pastick,4.0,15.0,N,,,,,,
63.85171777119374,-146.27952053981184,2003-06-22,1,1,20.0,50.0,,Pastick,5.0,28.0,N,,,,,,
63.85156475636703,-146.28304291853496,2003-06-22,1,1,42.0,57.0,,Pastick,6.0,3.0,N,,,,,,
63.85740566539211,-146.3882251903218,2003-06-22,1,1,19.0,46.0,,Pastick,1.0,36.0,N,,,,,,
63.857552275799264,-146.38681840681403,2003-06-22,1,1,30.0,37.0,,Pastick,2.0,19.0,N,,,,,,
63.85762557985617,-146.3829518189904,2003-06-22,1,1,20.0,50.0,,Pastick,3.0,29.0,N,,,,,,
63.8549827204084,-146.3552046919943,2003-06-22,1,1,16.0,55.0,,Pastick,7.0,16.0,N,,,,,,
63.85475235602372,-146.35185385681427,2003-06-22,1,1,24.0,51.0,,Pastick,9.0,51.0,N,,,,,,
63.857078229227085,-146.36636499540856,2003-06-22,1,0,0.0,60.0,,Pastick,4.0,14.0,N,,,,,,
63.85692805047283,-146.36486309631852,2003-06-22,1,1,13.0,57.0,,Pastick,5.0,43.0,N,,,,,,
63.85680549305686,-146.36352332062378,2003-06-22,1,1,32.0,55.0,,Pastick,6.0,8.0,N,,,,,,
63.8224501073309,-146.97433436613102,2003-06-23,1,0,0.0,50.0,,Pastick,1.0,4.0,N,,,,,,
63.82481962023399,-146.97618111810053,2003-06-23,1,1,76.0,76.0,,Pastick,2.0,2.0,N,,,,,,
63.82553759504897,-146.9764040117649,2003-06-23,1,1,23.0,42.0,,Pastick,3.0,27.0,N,,,,,,
63.82842788244262,-146.9803234063052,2003-06-23,1,1,20.0,32.0,,Pastick,4.0,12.0,N,,,,,,
63.831210626320335,-146.98678394974175,2003-06-23,1,1,20.0,40.0,,Pastick,5.0,40.0,N,,,,,,
63.835966399733145,-146.98163931492238,2003-06-23,1,0,0.0,80.0,,Pastick,6.0,3.0,N,,,,,,
63.81750367926932,-147.0335901565464,2003-06-23,1,0,0.0,20.0,,Pastick,1.0,10.0,Y,,,,,,
63.81789853618479,-147.0336312521326,2003-06-23,1,0,0.0,25.0,,Pastick,2.0,19.0,Y,,,,,,
63.82147036090609,-147.03329015182885,2003-06-23,1,0,0.0,80.0,,Pastick,5.0,14.0,N,,,,,,
63.8227990966167,-147.03081314124503,2003-06-23,1,0,0.0,70.0,,Pastick,6.0,13.0,N,,,,,,
63.82328373092546,-147.03069177134392,2003-06-23,1,0,0.0,85.0,,Pastick,7.0,9.0,N,,,,,,
63.82495224373937,-147.0338022066317,2003-06-23,1,1,22.0,30.0,,Pastick,8.0,30.0,N,,,,,,
63.82563392547559,-147.03530657536916,2003-06-23,1,1,24.0,45.0,,Pastick,9.0,5.0,N,,,,,,
63.822744065103294,-146.7329163387466,2003-06-24,1,1,37.0,55.0,,Pastick,1.0,10.0,N,,,,,,
63.8223610969472,-146.73450461660872,2003-06-24,1,0,0.0,43.0,,Pastick,2.0,4.0,Y,,,,,,
63.82148278715221,-146.7351426623515,2003-06-24,1,0,0.0,31.0,,Pastick,3.0,5.0,Y,,,,,,
63.82077962977148,-146.7334224992151,2003-06-24,1,1,18.0,41.0,,Pastick,4.0,15.0,N,,,,,,
63.815674205393854,-146.7339379030067,2003-06-24,1,0,0.0,25.0,,Pastick,5.0,12.0,N,,,,,,
63.81127737808415,-146.73917822595772,2003-06-24,1,0,0.0,60.0,,Pastick,6.0,5.0,N,,,,,,
63.81191366219787,-146.73868493985245,2003-06-24,1,1,16.0,40.0,,Pastick,7.0,10.0,N,,,,,,
63.8050207016142,-146.60421692331002,2003-06-24,1,0,0.0,46.0,,Pastick,1.0,7.0,N,,,,,,
63.80358461454656,-146.61075422081882,2003-06-24,1,0,0.0,37.0,,Pastick,2.0,37.0,Y,,,,,,
63.80103017826294,-146.61196689341207,2003-06-24,1,1,20.0,25.0,,Pastick,3.0,12.0,N,,,,,,
63.79862251806806,-146.6143749815311,2003-06-24,1,1,27.0,50.0,,Pastick,4.0,17.0,N,,,,,,
63.79712750929093,-146.62257550327715,2003-06-24,1,1,70.0,76.0,,Pastick,5.0,4.0,N,,,,,,
63.74241529570529,-146.46277384943787,2003-06-25,1,0,0.0,83.0,,Pastick,1.0,0.0,N,,,,,,
63.74135267233744,-146.46421209930762,2003-06-25,1,0,0.0,55.0,,Pastick,2.0,15.0,N,,,,,,
63.74069040610377,-146.46471082349075,2003-06-25,1,0,0.0,55.0,,Pastick,3.0,0.0,N,,,,,,
63.73428407427691,-146.4627053661066,2003-06-25,1,1,25.0,44.0,,Pastick,4.0,19.0,N,,,,,,
63.73953556021861,-146.45827068723193,2003-06-25,1,1,20.0,29.0,,Pastick,5.0,20.0,N,,,,,,
63.73903883193437,-146.45268936240302,2003-06-25,1,1,40.0,10.0,,Pastick,6.0,31.0,N,,,,,,
63.72865664144374,-146.3674987031865,2003-06-25,1,0,0.0,60.0,,Pastick,1.0,0.0,N,,,,,,
63.72920649016422,-146.36396295619966,2003-06-25,1,1,17.0,35.0,,Pastick,2.0,8.0,N,,,,,,
63.729973354959085,-146.35677710267217,2003-06-25,1,1,28.0,40.0,,Pastick,3.0,15.0,N,,,,,,
63.73100100699482,-146.34581815339698,2003-06-25,1,1,18.0,40.0,,Pastick,4.0,18.0,N,,,,,,
63.73099874036519,-146.3335662623808,2003-06-25,1,1,28.0,54.0,,Pastick,5.0,20.0,N,,,,,,
63.73165466557694,-146.33373308837906,2003-06-25,1,1,27.0,32.0,,Pastick,6.0,5.0,N,,,,,,
64.10332188034101,-146.49631151638593,2002-06-26,1,1,38.0,50.0,,Pastick,3.0,50.0,N,,,,,,
64.10502853881403,-146.48903626328817,2002-06-26,1,1,28.0,40.0,,Pastick,1.0,40.0,N,,,,,,
64.1044379358424,-146.49208434180568,2002-06-26,1,1,25.0,45.0,,Pastick,2.0,25.0,N,,,,,,
64.1482154278369,-146.4625908238809,2002-06-26,1,0,0.0,80.0,,Pastick,1.0,0.0,N,,,,,,
64.14703923050733,-146.46732029372754,2002-06-26,1,1,24.0,50.0,,Pastick,2.0,24.0,N,,,,,,
64.14389309315645,-146.47578596153488,2002-06-26,1,1,34.0,42.0,,Pastick,3.0,34.0,N,,,,,,
64.14387449065936,-146.48314358445162,2002-06-26,1,1,21.0,40.0,,Pastick,4.0,21.0,N,,,,,,
64.14741794267556,-146.4653604363401,2002-06-26,1,1,19.0,60.0,,Pastick,2.0,19.0,N,,,,,,
64.14366516200204,-146.47979768241868,2002-06-26,1,1,31.0,62.0,,Pastick,4.0,31.0,N,,,,,,
64.14646823063372,-146.47070192375082,2002-06-26,1,1,36.0,43.0,,Pastick,3.0,43.0,N,,,,,,
64.14856243526538,-146.461782487739,2002-06-26,1,1,45.0,50.0,,Pastick,1.0,50.0,N,,,,,,
64.10465280237895,-146.48937150997617,2002-06-26,1,1,30.0,70.0,,Pastick,1.0,30.0,N,,,,,,
64.1043347781805,-146.48570393100377,2002-06-26,1,0,0.0,71.0,,Pastick,2.0,25.0,N,,,,,,
64.10219751923857,-146.49815815090687,2002-06-26,1,1,26.0,40.0,,Pastick,3.0,26.0,N,,,,,,
64.10146161635656,-146.508677492896,2002-06-26,1,0,0.0,100.0,,Pastick,4.0,2.0,N,,,,,,
63.98556342965369,-146.82094841589603,2002-06-27,1,0,0.0,65.0,,Pastick,1.0,6.0,N,,,,,,
63.986748524057866,-146.82136997540144,2002-06-27,1,0,0.0,60.0,,Pastick,3.0,12.0,N,,,,,,
63.98855362298637,-146.82244159120813,2002-06-27,1,0,0.0,60.0,,Pastick,4.0,17.0,N,,,,,,
63.9923853504308,-146.82977542466494,2002-06-27,1,0,0.0,54.0,,Pastick,5.0,25.0,N,,,,,,
63.9839991620558,-146.8790498384297,2002-06-27,1,1,40.0,50.0,,Pastick,3.0,50.0,N,,,,,,
63.9772943067667,-146.85787428006887,2002-06-27,1,0,0.0,80.0,,Pastick,1.0,11.0,N,,,,,,
63.98650592459877,-146.82112630336735,2002-06-27,1,1,23.0,52.0,,Pastick,2.0,23.0,N,,,,,,
63.98789872221444,-146.8226092328024,2002-06-27,1,0,0.0,70.0,,Pastick,3.0,20.0,N,,,,,,
63.9902710258419,-146.8252102298426,2002-06-27,1,0,0.0,45.0,,Pastick,4.0,22.0,N,,,,,,
63.97654916350838,-146.85757164547155,2002-06-27,1,0,0.0,95.0,,Pastick,1.0,5.0,N,,,,,,
63.97661290067976,-146.85851099776258,2002-06-27,1,0,0.0,80.0,,Pastick,2.0,9.0,N,,,,,,
63.97667649322757,-146.85930736047834,2002-06-27,1,0,0.0,65.0,,Pastick,3.0,7.0,N,,,,,,
63.979040791741646,-146.86362654114413,2002-06-27,1,1,30.0,45.0,,Pastick,4.0,38.0,N,,,,,,
64.02471580312142,-146.7691105763154,2002-06-28,1,1,34.0,60.0,,Pastick,1.0,25.0,N,,,,,,
64.02335402826373,-146.7763039729742,2002-06-28,1,0,0.0,80.0,,Pastick,2.0,3.0,N,,,,,,
64.02416891030305,-146.7810447633429,2002-06-28,1,1,36.0,46.0,,Pastick,3.0,36.0,N,,,,,,
64.02223978290405,-146.78728005906768,2002-06-28,1,1,46.0,60.0,,Pastick,4.0,21.0,N,,,,,,
64.05750171811407,-146.78940831901576,2002-06-28,1,0,0.0,80.0,,Pastick,1.0,10.0,N,,,,,,
64.05693908027949,-146.79129732819715,2002-06-28,1,1,22.0,40.0,,Pastick,2.0,22.0,N,,,,,,
64.05418788996336,-146.800413034285,2002-06-28,1,0,0.0,80.0,,Pastick,3.0,3.0,N,,,,,,
64.02412144240284,-146.77349446601704,2002-06-28,1,0,0.0,55.0,,Pastick,1.0,18.0,N,,,,,,
64.023508375421,-146.77746907571276,2002-06-28,1,0,0.0,70.0,,Pastick,2.0,5.0,N,,,,,,
64.02393462307347,-146.78642820347255,2002-06-28,1,0,0.0,80.0,,Pastick,3.0,8.0,N,,,,,,
64.020583151041,-146.7897273952152,2002-06-28,1,1,40.0,60.0,,Pastick,4.0,20.0,N,,,,,,
64.05576230171178,-146.796796294197,2002-06-28,1,0,0.0,70.0,,Pastick,3.0,15.0,N,,,,,,
64.05523483878711,-146.79823410568957,2002-06-28,1,0,0.0,152.0,,Pastick,4.0,8.0,N,,,,,,
64.05349636564945,-146.80666560692669,2002-06-28,1,1,31.0,40.0,,Pastick,5.0,31.0,N,,,,,,
64.05790389711188,-146.7821937631531,2002-06-28,1,1,25.0,40.0,,Pastick,1.0,25.0,N,,,,,,
64.0573411359628,-146.79006511019068,2002-06-28,1,1,26.0,33.0,,Pastick,2.0,3.0,N,,,,,,
64.03330639976618,-146.236971471577,2002-06-29,1,0,0.0,80.0,,Pastick,1.0,9.0,N,,,,,,
64.03462873030263,-146.23585037932736,2002-06-29,1,0,0.0,70.0,,Pastick,2.0,10.0,N,,,,,,
64.03668730207663,-146.23309166288996,2002-06-29,1,1,42.0,70.0,,Pastick,3.0,42.0,N,,,,,,
64.03848895693383,-146.22421786277872,2002-06-29,1,1,24.0,46.0,,Pastick,4.0,24.0,N,,,,,,
64.04042821031179,-146.21933177133087,2002-06-29,1,0,0.0,95.0,,Pastick,5.0,20.0,N,,,,,,
64.0175321353686,-146.17035847154924,2002-06-29,1,1,32.0,53.0,,Pastick,1.0,8.0,N,,,,,,
64.02239397155334,-146.16837254393485,2002-06-29,1,0,0.0,50.0,,Pastick,2.0,7.0,N,,,,,,
64.03256108920985,-146.23688947781844,2002-06-29,1,1,30.0,60.0,,Pastick,1.0,30.0,N,,,,,,
64.03420414668369,-146.23702883568905,2002-06-29,1,0,0.0,80.0,,Pastick,2.0,10.0,N,,,,,,
64.035724135663,-146.23424406774447,2002-06-29,1,1,30.0,60.0,,Pastick,3.0,30.0,N,,,,,,
64.03859964799801,-146.22984518702046,2002-06-29,1,1,41.0,70.0,,Pastick,4.0,25.0,N,,,,,,
64.03958609286482,-146.2229588946114,2002-06-29,1,1,40.0,59.0,,Pastick,5.0,27.0,N,,,,,,
64.01575828060965,-146.17247732691354,2002-06-29,1,1,40.0,45.0,,Pastick,1.0,45.0,N,,,,,,
64.02358823550199,-146.17478296505053,2002-06-29,1,1,41.0,68.0,,Pastick,4.0,6.0,N,,,,,,
64.02816357364887,-146.1729081850408,2002-06-29,1,0,0.0,33.0,,Pastick,5.0,6.0,N,,,,,,
64.01666011428037,-146.1700979320816,2002-06-29,1,1,30.0,56.0,,Pastick,2.0,8.0,N,,,,,,
64.01925727004758,-146.16914104368732,2002-06-29,1,1,25.0,80.0,,Pastick,3.0,15.0,N,,,,,,
63.95255023075134,-146.13256093736695,2002-06-30,1,0,0.0,120.0,,Pastick,1.0,7.0,N,,,,,,
63.95335436359362,-146.1349651095038,2002-06-30,1,1,20.0,50.0,,Pastick,2.0,50.0,N,,,,,,
63.95463415126613,-146.13888576632863,2002-06-30,1,1,30.0,63.0,,Pastick,3.0,6.0,N,,,,,,
63.95586691889012,-146.14550286268903,2002-06-30,1,1,22.0,25.0,,Pastick,4.0,18.0,N,,,,,,
63.95907800011124,-146.19701723444632,2002-06-30,1,0,0.0,80.0,,Pastick,1.0,6.0,N,,,,,,
63.956176747211984,-146.19011872914436,2002-06-30,1,1,32.0,53.0,,Pastick,2.0,32.0,N,,,,,,
63.95595754273431,-146.1798568569418,2002-06-30,1,1,29.0,50.0,,Pastick,3.0,29.0,N,,,,,,
63.94719620971605,-146.19227597985068,2002-06-30,1,1,24.0,50.0,,Pastick,4.0,12.0,N,,,,,,
63.959936825443954,-146.19652304460132,2002-06-30,1,1,46.0,53.0,,Pastick,1.0,53.0,N,,,,,,
63.9583115920253,-146.1931398077906,2002-06-30,1,1,26.0,47.0,,Pastick,2.0,26.0,N,,,,,,
63.95643190260114,-146.18760040381494,2002-06-30,1,1,38.0,64.0,,Pastick,3.0,5.0,N,,,,,,
63.9480536602361,-146.19314924200336,2002-06-30,1,1,17.0,38.0,,Pastick,4.0,22.0,N,,,,,,
63.94467253172476,-146.188736849259,2002-06-30,1,1,45.0,56.0,,Pastick,5.0,31.0,N,,,,,,
63.95261199642599,-146.13088527020972,2002-06-30,1,1,40.0,60.0,,Pastick,1.0,60.0,N,,,,,,
63.95257659217613,-146.13396852430787,2002-06-30,1,0,0.0,88.0,,Pastick,2.0,12.0,N,,,,,,
63.95384195023087,-146.1354603791483,2002-06-30,1,1,30.0,65.0,,Pastick,3.0,30.0,N,,,,,,
63.95601637643912,-146.14649859763747,2002-06-30,1,1,29.0,55.0,,Pastick,4.0,15.0,N,,,,,,
63.95633397521458,-146.15475672341395,2002-06-30,1,1,50.0,65.0,,Pastick,5.0,13.0,N,,,,,,
64.07548387977161,-146.56284658802608,2002-07-01,1,1,46.0,65.0,,Pastick,1.0,33.0,N,,,,,,
64.07561382587461,-146.55538234277657,2002-07-01,1,0,0.0,115.0,,Pastick,2.0,11.0,N,,,,,,
64.07660517646022,-146.5480065647736,2002-07-01,1,1,33.0,60.0,,Pastick,3.0,21.0,N,,,,,,
64.04822016646419,-146.51731528787064,2002-07-01,1,1,22.0,64.0,,Pastick,1.0,22.0,N,,,,,,
64.04798297474157,-146.5054817360293,2002-07-01,1,1,30.0,50.0,,Pastick,2.0,5.0,N,,,,,,
64.04808360500414,-146.49300735096503,2002-07-01,1,1,48.0,65.0,,Pastick,3.0,8.0,N,,,,,,
64.04799178164608,-146.48475541022802,2002-07-01,1,1,50.0,65.0,,Pastick,4.0,50.0,N,,,,,,
64.04827242688552,-146.5222706808885,2002-07-01,1,1,27.0,66.0,,Pastick,1.0,40.0,N,,,,,,
64.04836474483125,-146.51223358944324,2002-07-01,1,1,62.0,71.0,,Pastick,2.0,8.0,N,,,,,,
64.04835643822385,-146.49922852053714,2002-07-01,1,1,37.0,65.0,,Pastick,3.0,30.0,N,,,,,,
64.0480791764375,-146.48917758220912,2002-07-01,1,1,24.0,39.0,,Pastick,4.0,39.0,N,,,,,,
64.07497974991635,-146.5653145022761,2002-07-01,1,1,30.0,70.0,,Pastick,1.0,45.0,N,,,,,,
64.0760472487252,-146.55920909941548,2002-07-01,1,1,28.0,60.0,,Pastick,2.0,33.0,N,,,,,,
64.0758392889818,-146.54990504808612,2002-07-01,1,1,30.0,80.0,,Pastick,3.0,22.0,N,,,,,,
63.79756019912314,-146.8780629608867,2003-07-01,1,1,30.0,60.0,,Pastick,4.0,21.0,N,,,,,,
63.79797855476036,-146.86415675798466,2003-07-01,1,1,21.0,35.0,,Pastick,5.0,21.0,N,,,,,,
63.795764196982255,-146.85722590548986,2003-07-01,1,1,33.0,40.0,,Pastick,6.0,25.0,N,,,,,,
63.79556676377248,-146.85722690382312,2003-07-01,1,1,12.0,34.0,,Pastick,7.0,12.0,N,,,,,,
64.1967827397431,-146.74288916180217,2002-07-02,1,0,0.0,85.0,,Pastick,2.0,42.0,N,,,,,,
64.19541615134449,-146.73641634968655,2002-07-02,1,1,40.0,60.0,,Pastick,3.0,28.0,N,,,,,,
64.19733277276211,-146.7443871507197,2002-07-02,1,0,0.0,80.0,,Pastick,1.0,3.0,N,,,,,,
64.10395434128759,-146.6473376730812,2002-07-02,1,1,25.0,60.0,,Pastick,1.0,30.0,N,,,,,,
64.10767241510469,-146.64115389974395,2002-07-02,1,1,37.0,57.0,,Pastick,2.0,25.0,N,,,,,,
64.10709095054312,-146.63467592885956,2002-07-02,1,1,50.0,70.0,,Pastick,3.0,50.0,N,,,,,,
64.1143119813047,-146.62992109998763,2002-07-02,1,1,49.0,69.0,,Pastick,4.0,69.0,N,,,,,,
64.10577316704995,-146.64614485097883,2002-07-02,1,1,42.0,53.0,,Pastick,1.0,47.0,N,,,,,,
64.10803123976619,-146.6374754242511,2002-07-02,1,1,20.0,75.0,,Pastick,2.0,20.0,N,,,,,,
64.1108140682704,-146.6306860163686,2002-07-02,1,1,37.0,74.0,,Pastick,3.0,37.0,N,,,,,,
64.11759811909536,-146.6305754764528,2002-07-02,1,1,27.0,45.0,,Pastick,4.0,20.0,N,,,,,,
64.19739692009617,-146.74514840020143,2002-07-02,1,0,0.0,80.0,,Pastick,1.0,5.0,N,,,,,,
64.1972955786334,-146.7436462458089,2002-07-02,1,0,0.0,80.0,,Pastick,2.0,13.0,N,,,,,,
64.19560234102963,-146.74016177157185,2002-07-02,1,0,0.0,82.0,,Pastick,3.0,24.0,N,,,,,,
64.19532654460875,-146.74662922333883,2002-07-02,1,0,0.0,80.0,,Pastick,4.0,0.0,N,,,,,,
63.82041532387983,-146.91193004452603,2003-07-02,1,1,27.0,54.0,,Pastick,1.0,44.0,N,,,,,,
63.82210326411019,-146.91322498041154,2003-07-02,1,1,30.0,53.0,,Pastick,2.0,4.0,N,,,,,,
63.823726675070034,-146.9116962173742,2003-07-02,1,1,36.0,60.0,,Pastick,3.0,0.0,N,,,,,,
63.825153650160296,-146.91181365642217,2003-07-02,1,1,22.0,50.0,,Pastick,4.0,22.0,N,,,,,,
63.82834719130014,-146.90973100416485,2003-07-02,1,1,36.0,50.0,,Pastick,5.0,19.0,N,,,,,,
63.83408257985816,-146.91111501866803,2003-07-02,1,0,0.0,60.0,,Pastick,6.0,0.0,N,,,,,,
63.83487977690112,-146.90869383661655,2003-07-02,1,0,0.0,80.0,,Pastick,7.0,7.0,N,,,,,,
63.795941925502326,-146.88547832519663,2003-07-02,1,1,20.0,44.0,,Pastick,1.0,20.0,N,,,,,,
63.79586956649106,-146.8847682283864,2003-07-02,1,0,0.0,50.0,,Pastick,2.0,3.0,N,,,,,,
63.79696084304352,-146.88035918418774,2003-07-02,1,0,0.0,42.0,,Pastick,3.0,25.0,Y,,,,,,
63.78661986095821,-146.76223253280986,2003-07-04,1,1,18.0,33.0,,Pastick,1.0,33.0,N,,,,,,
63.78768744003641,-146.76751951398296,2003-07-04,1,0,0.0,70.0,,Pastick,2.0,0.0,N,,,,,,
63.78798533525711,-146.7742740562407,2003-07-04,1,1,18.0,40.0,,Pastick,3.0,40.0,N,,,,,,
63.78824280903777,-146.7841945184804,2003-07-04,1,0,0.0,65.0,,Pastick,4.0,4.0,N,,,,,,
63.79066991384639,-146.78691555281122,2003-07-04,1,1,25.0,54.0,,Pastick,5.0,20.0,N,,,,,,
63.79210139077483,-146.79003006095672,2003-07-04,1,0,0.0,65.0,,Pastick,6.0,16.0,N,,,,,,
63.79403596587199,-146.79356740653714,2003-07-04,1,0,0.0,100.0,,Pastick,7.0,5.0,N,,,,,,
63.82563216019215,-146.83356641501476,2003-07-04,1,1,30.0,50.0,,Pastick,1.0,30.0,N,,,,,,
63.82545192629684,-146.83291729692803,2003-07-04,1,1,41.0,76.0,,Pastick,2.0,23.0,N,,,,,,
63.8249574985245,-146.83218878470024,2003-07-04,1,0,0.0,27.0,,Pastick,3.0,6.0,N,,,,,,
63.82537504128045,-146.82856967269336,2003-07-04,1,1,59.0,76.0,,Pastick,4.0,76.0,N,,,,,,
63.8252990361597,-146.82505510732278,2003-07-04,1,0,0.0,23.0,,Pastick,5.0,23.0,Y,,,,,,
63.84699138906936,-146.59685616035162,2003-07-05,1,0,0.0,69.0,,Pastick,1.0,15.0,N,,,,,,
63.84755901461335,-146.5976614123521,2003-07-05,1,0,0.0,40.0,,Pastick,2.0,0.0,N,,,,,,
63.84815468608184,-146.5988729931298,2003-07-05,1,0,0.0,46.0,,Pastick,3.0,21.0,N,,,,,,
63.84840657768177,-146.59909309111572,2003-07-05,1,0,0.0,62.0,,Pastick,4.0,24.0,N,,,,,,
63.849269206386026,-146.59948752593272,2003-07-05,1,1,30.0,50.0,,Pastick,5.0,3.0,N,,,,,,
63.85023444708129,-146.59805025925343,2003-07-05,1,1,37.0,50.0,,Pastick,6.0,50.0,N,,,,,,
63.8520368586908,-146.59753643377047,2003-07-05,1,0,0.0,50.0,,Pastick,7.0,25.0,N,,,,,,
63.853257488626326,-146.5975800060241,2003-07-05,1,0,0.0,52.0,,Pastick,8.0,20.0,N,,,,,,
63.85504859858538,-146.59623232489645,2003-07-05,1,0,0.0,70.0,,Pastick,9.0,5.0,N,,,,,,
63.859444136554686,-146.59555900219135,2003-07-05,1,0,0.0,105.0,,Pastick,10.0,0.0,N,,,,,,
63.86017704026575,-146.59449061215727,2003-07-05,1,1,23.0,42.0,,Pastick,11.0,23.0,N,,,,,,
63.86165019157385,-146.59178391054198,2003-07-05,1,1,41.0,55.0,,Pastick,12.0,55.0,N,,,,,,
63.8628587699336,-146.59392300174966,2003-07-05,1,0,0.0,60.0,,Pastick,13.0,3.0,N,,,,,,
63.90982580504316,-146.59878744598436,2003-07-06,1,1,25.0,52.0,,Pastick,1.0,38.0,N,,,,,,
63.91014099288625,-146.59595017059564,2003-07-06,1,0,0.0,90.0,,Pastick,2.0,2.0,N,,,,,,
63.91092539749915,-146.5940435257951,2003-07-06,1,0,0.0,200.0,,Pastick,3.0,0.0,N,,,,,,
63.91466581179216,-146.59019823342126,2003-07-06,1,1,41.0,71.0,,Pastick,5.0,21.0,N,,,,,,
63.914790810948574,-146.5868128223023,2003-07-06,1,1,30.0,50.0,,Pastick,6.0,8.0,N,,,,,,
63.91434250260698,-146.57454900602136,2003-07-06,1,0,0.0,70.0,,Pastick,7.0,6.0,N,,,,,,
63.87649116050549,-146.5662262161673,2003-07-06,1,1,28.0,50.0,,Pastick,1.0,28.0,N,,,,,,
63.87373593915725,-146.56024409977238,2003-07-06,1,0,0.0,47.0,,Pastick,2.0,25.0,N,,,,,,
63.86801091956612,-146.53461211842512,2003-07-06,1,1,19.0,37.0,,Pastick,6.0,28.0,N,,,,,,
63.8720237598985,-146.55499965766296,2003-07-06,1,0,0.0,62.0,,Pastick,3.0,10.0,N,,,,,,
63.87091801301348,-146.5514760118076,2003-07-06,1,0,0.0,70.0,,Pastick,4.0,0.0,N,,,,,,
63.86963429078644,-146.5484642606586,2003-07-06,1,0,0.0,52.0,,Pastick,5.0,3.0,N,,,,,,
63.82123148804391,-146.52482013899478,2003-07-07,1,0,0.0,55.0,,Pastick,1.0,5.0,N,,,,,,
63.82122975048139,-146.52429196484343,2003-07-07,1,0,0.0,74.0,,Pastick,2.0,25.0,N,,,,,,
63.82146742577495,-146.52288617328256,2003-07-07,1,1,17.0,50.0,,Pastick,3.0,17.0,N,,,,,,
63.82297755860764,-146.51820808098026,2003-07-07,1,1,46.0,61.0,,Pastick,4.0,61.0,N,,,,,,
63.82403914334437,-146.51630041117548,2003-07-07,1,0,0.0,70.0,,Pastick,5.0,0.0,N,,,,,,
63.827481233621725,-146.50975926804207,2003-07-07,1,0,0.0,43.0,,Pastick,6.0,9.0,N,,,,,,
63.828929790518174,-146.50556825521372,2003-07-07,1,0,0.0,60.0,,Pastick,7.0,7.0,N,,,,,,
63.83233443846184,-146.4987204697551,2003-07-07,1,0,0.0,97.0,,Pastick,8.0,2.0,N,,,,,,
63.97378539550764,-146.04688525542076,2002-07-08,1,1,40.0,65.0,,Pastick,1.0,32.0,N,,,,,,
63.97180809675677,-146.04372523043654,2002-07-08,1,1,72.0,80.0,,Pastick,2.0,10.0,N,,,,,,
63.97234482992869,-146.03802838102268,2002-07-08,1,1,52.0,70.0,,Pastick,3.0,17.0,N,,,,,,
63.8614076672038,-146.9774928772718,2003-07-08,1,1,18.0,37.0,,Pastick,1.0,24.0,N,,,,,,
63.86022325085091,-146.97865338770728,2003-07-08,1,1,15.0,50.0,,Pastick,2.0,27.0,N,,,,,,
63.85809624675704,-146.97784133285336,2003-07-08,1,0,0.0,80.0,,Pastick,3.0,10.0,N,,,,,,
63.856148659365694,-146.97664278901186,2003-07-08,1,0,0.0,71.0,,Pastick,4.0,5.0,N,,,,,,
63.853815356880375,-146.9765633698101,2003-07-08,1,1,22.0,47.0,,Pastick,5.0,41.0,N,,,,,,
63.8517691610991,-146.97607698171754,2003-07-08,1,1,19.0,45.0,,Pastick,6.0,14.0,N,,,,,,
63.84859221428854,-146.97559164408082,2003-07-08,1,1,25.0,50.0,,Pastick,7.0,25.0,N,,,,,,
63.84695013014952,-146.9767724177128,2003-07-08,1,0,0.0,65.0,,Pastick,8.0,14.0,N,,,,,,
63.95873537174643,-145.9899653718105,2002-07-09,1,1,69.0,75.0,,Pastick,1.0,75.0,N,,,,,,
63.95916349445702,-145.98572363576264,2002-07-09,1,1,64.0,69.0,,Pastick,2.0,69.0,N,,,,,,
63.95611899448757,-145.97142096697866,2002-07-09,1,1,50.0,55.0,,Pastick,4.0,10.0,N,,,,,,
63.955602562124,-145.9669487413545,2002-07-09,1,1,57.0,65.0,,Pastick,5.0,18.0,N,,,,,,
63.95940235621653,-145.97883441422383,2002-07-09,1,1,40.0,54.0,,Pastick,3.0,54.0,N,,,,,,
63.85859376805345,-146.95587153261255,2003-07-09,1,0,0.0,65.0,,Pastick,1.0,0.0,N,,,,,,
63.86083570734528,-146.95088382027132,2003-07-09,1,1,20.0,26.0,,Pastick,2.0,20.0,N,,,,,,
63.86316754763845,-146.94679033597544,2003-07-09,1,1,20.0,40.0,,Pastick,3.0,20.0,N,,,,,,
63.86611022864833,-146.94452620293302,2003-07-09,1,1,20.0,40.0,,Pastick,4.0,40.0,N,,,,,,
63.8650419243547,-146.94355166626545,2003-07-09,1,1,40.0,73.0,,Pastick,5.0,57.0,N,,,,,,
63.86622612277058,-146.94255226075296,2003-07-09,1,1,21.0,38.0,,Pastick,6.0,38.0,N,,,,,,
63.86723028200743,-146.940210157753,2003-07-09,1,1,50.0,70.0,,Pastick,7.0,50.0,N,,,,,,
63.86913197679158,-146.9382322001049,2003-07-09,1,1,43.0,52.0,,Pastick,8.0,7.0,N,,,,,,
63.97499903429531,-146.8267558181422,2002-07-10,1,1,29.0,53.0,,Pastick,1.0,29.0,N,,,,,,
63.97078108249893,-146.8266389355667,2002-07-10,1,1,36.0,55.0,,Pastick,2.0,36.0,N,,,,,,
63.96524494706983,-146.82736744585975,2002-07-10,1,1,35.0,60.0,,Pastick,3.0,35.0,N,,,,,,
63.96103550163374,-146.82686254545158,2002-07-10,1,1,36.0,60.0,,Pastick,4.0,36.0,N,,,,,,
63.95809243716376,-146.8272277651481,2002-07-10,1,1,31.0,45.0,,Pastick,5.0,45.0,N,,,,,,
63.94020615617176,-146.85963309018945,2002-07-10,1,1,38.0,60.0,,Pastick,1.0,38.0,N,,,,,,
63.94055853259262,-146.86212030887262,2002-07-10,1,1,33.0,65.0,,Pastick,2.0,15.0,N,,,,,,
63.97406559192532,-146.82663903545932,2002-07-10,1,1,36.0,59.0,,Pastick,1.0,36.0,N,,,,,,
63.9667522161679,-146.82705185167833,2002-07-10,1,1,35.0,60.0,,Pastick,2.0,52.0,N,,,,,,
63.96360275124963,-146.82741839788306,2002-07-10,1,1,31.0,52.0,,Pastick,3.0,31.0,N,,,,,,
63.9591511769488,-146.82705791937903,2002-07-10,1,1,29.0,55.0,,Pastick,4.0,29.0,N,,,,,,
63.9564951827805,-146.82733967416584,2002-07-10,1,1,46.0,60.0,,Pastick,5.0,46.0,N,,,,,,
63.94475369088913,-146.85724340690643,2002-07-10,1,1,25.0,80.0,,Pastick,1.0,31.0,N,,,,,,
63.939695736384415,-146.86077809217264,2002-07-10,1,1,33.0,70.0,,Pastick,2.0,9.0,N,,,,,,
63.94185174399803,-146.86311367191055,2002-07-10,1,1,30.0,50.0,,Pastick,3.0,42.0,N,,,,,,
63.94364671972431,-146.8012203300266,2002-07-11,1,1,32.0,60.0,,Pastick,1.0,32.0,N,,,,,,
63.94197901248235,-146.79582546799722,2002-07-11,1,1,36.0,58.0,,Pastick,2.0,40.0,N,,,,,,
63.93900821510261,-146.78929855656023,2002-07-11,1,1,39.0,65.0,,Pastick,3.0,39.0,N,,,,,,
63.93563962707862,-146.781021879172,2002-07-11,1,1,42.0,60.0,,Pastick,4.0,42.0,N,,,,,,
63.9301084327544,-146.77315218009403,2002-07-11,1,1,31.0,48.0,,Pastick,5.0,31.0,N,,,,,,
63.98638239206152,-146.76583020238436,2002-07-11,1,0,0.0,50.0,,Pastick,2.0,8.0,N,,,,,,
63.98470926109734,-146.76339214865163,2002-07-11,1,0,0.0,40.0,,Pastick,3.0,18.0,N,,,,,,
63.979710768063285,-146.76343437892706,2002-07-11,1,0,0.0,85.0,,Pastick,4.0,13.0,N,,,,,,
63.94292544898567,-146.79879745427877,2002-07-11,1,1,37.0,65.0,,Pastick,1.0,64.0,N,,,,,,
63.940880713430026,-146.79338524914164,2002-07-11,1,1,39.0,70.0,,Pastick,2.0,39.0,N,,,,,,
63.93749410864716,-146.78490367539104,2002-07-11,1,1,29.0,60.0,,Pastick,3.0,29.0,N,,,,,,
63.933659342238215,-146.77710080112257,2002-07-11,1,1,32.0,60.0,,Pastick,4.0,39.0,N,,,,,,
63.98826321762908,-146.76910471667532,2002-07-11,1,0,0.0,100.0,,Pastick,1.0,0.0,N,,,,,,
63.98705010554625,-146.76809295009116,2002-07-11,1,0,0.0,80.0,,Pastick,2.0,6.0,N,,,,,,
63.98620083076906,-146.76454432791326,2002-07-11,1,0,0.0,90.0,,Pastick,3.0,23.0,N,,,,,,
63.982825595781776,-146.76393930601955,2002-07-11,1,1,31.0,70.0,,Pastick,4.0,13.0,N,,,,,,
63.99266352377328,-146.71067261743892,2002-07-12,1,0,0.0,70.0,,Pastick,1.0,7.0,N,,,,,,
63.99069698295658,-146.7056038444066,2002-07-12,1,1,50.0,65.0,,Pastick,2.0,27.0,N,,,,,,
63.99291792060099,-146.7122438498511,2002-07-12,1,0,0.0,77.0,,Pastick,1.0,4.0,N,,,,,,
63.99200030855111,-146.7066325308973,2002-07-12,1,1,32.0,40.0,,Pastick,2.0,7.0,N,,,,,,
63.981495070445,-146.7039026187203,2002-07-12,1,0,0.0,58.0,,Pastick,3.0,9.0,N,,,,,,
63.925328090384056,-146.17371670888468,2002-07-12,1,0,0.0,58.0,,Pastick,2.0,2.0,N,,,,,,
63.924130565029614,-146.1746083698484,2002-07-12,1,1,67.0,80.0,,Pastick,3.0,67.0,N,,,,,,
63.92279617508836,-146.18302782021598,2002-07-12,1,1,27.0,33.0,,Pastick,4.0,27.0,N,,,,,,
63.970358260697246,-146.6995680372383,2002-07-12,1,0,0.0,80.0,,Pastick,4.0,20.0,N,,,,,,
63.92505994136258,-146.17390812502293,2002-07-13,1,0,0.0,90.0,,Pastick,2.0,11.0,N,,,,,,
63.924819292494064,-146.17420068498993,2002-07-13,1,1,48.0,64.0,,Pastick,3.0,18.0,N,,,,,,
63.923524831134685,-146.18015196709626,2002-07-13,1,1,31.0,50.0,,Pastick,4.0,18.0,N,,,,,,
64.03534604794748,-146.7208140639214,2002-07-14,1,0,0.0,160.0,,Pastick,1.0,8.0,Y,,,,,,
64.03459744682787,-146.7235440871706,2002-07-14,1,1,95.0,100.0,,Pastick,2.0,22.0,N,,,,,,
64.04661527518854,-146.7196979213063,2002-07-14,1,0,0.0,85.0,,Pastick,1.0,18.0,N,,,,,,
64.04620613696001,-146.72160655253555,2002-07-14,1,0,0.0,60.0,,Pastick,2.0,0.0,N,,,,,,
64.04388488145412,-146.72318594881116,2002-07-14,1,1,37.0,45.0,,Pastick,3.0,22.0,N,,,,,,
64.0470359394061,-146.7191202762293,2002-07-14,1,0,0.0,58.0,,Pastick,1.0,0.0,N,,,,,,
64.03597480744962,-146.72111484912622,2002-07-14,1,0,0.0,105.0,,Pastick,1.0,8.0,N,,,,,,
64.03474707466462,-146.7220073300961,2002-07-14,1,0,0.0,190.0,,Pastick,2.0,15.0,N,,,,,,
64.03264381223626,-146.71564198613854,2002-07-14,1,1,47.0,90.0,,Pastick,3.0,42.0,N,,,,,,
64.00334410801423,-146.64643904645038,2002-07-15,1,1,47.0,53.0,,Pastick,1.0,27.0,N,,,,,,
64.00284204417929,-146.64296938428936,2002-07-15,1,0,0.0,70.0,,Pastick,2.0,23.0,N,,,,,,
64.00128445640304,-146.63372723559704,2002-07-15,1,1,52.0,70.0,,Pastick,3.0,38.0,N,,,,,,
63.998714583256245,-146.62194418008548,2002-07-15,1,1,53.0,68.0,,Pastick,4.0,22.0,N,,,,,,
64.00742817329932,-146.64311535232898,2002-07-15,1,1,32.0,50.0,,Pastick,1.0,20.0,N,,,,,,
64.01165639974887,-146.64005472425816,2002-07-15,1,0,0.0,85.0,,Pastick,2.0,4.0,N,,,,,,
64.00403906603474,-146.648066101219,2002-07-15,1,1,65.0,82.0,,Pastick,1.0,5.0,N,,,,,,
64.00307125187497,-146.6449498442728,2002-07-15,1,0,0.0,65.0,,Pastick,2.0,30.0,N,,,,,,
64.00145199836825,-146.6361172357166,2002-07-15,1,1,46.0,54.0,,Pastick,3.0,22.0,N,,,,,,
63.99894038339533,-146.62596865212413,2002-07-15,1,1,27.0,55.0,,Pastick,4.0,18.0,N,,,,,,
64.0063413183202,-146.6463807143071,2002-07-15,1,1,27.0,43.0,,Pastick,1.0,16.0,N,,,,,,
64.00895705172937,-146.6408052681259,2002-07-15,1,1,34.0,64.0,,Pastick,2.0,24.0,N,,,,,,
64.0099716838949,-146.63741760461298,2002-07-15,1,0,0.0,49.0,,Pastick,3.0,17.0,N,,,,,,
64.02133441966201,-146.65273846305274,2002-07-16,1,0,0.0,100.0,,Pastick,1.0,11.0,N,,,,,,
64.02137611295213,-146.6551727616483,2002-07-16,1,0,0.0,85.0,,Pastick,2.0,10.0,N,,,,,,
64.02221747486557,-146.6618736737117,2002-07-16,1,1,50.0,60.0,,Pastick,3.0,24.0,N,,,,,,
63.99280076813288,-146.73070207721685,2002-07-16,1,0,0.0,83.0,,Pastick,1.0,7.0,N,,,,,,
63.99429743727438,-146.7296247572464,2002-07-16,1,0,0.0,85.0,,Pastick,2.0,10.0,N,,,,,,
63.9975754979308,-146.73098321985754,2002-07-16,1,1,40.0,55.0,,Pastick,3.0,25.0,N,,,,,,
64.00365487156897,-146.73311265511705,2002-07-16,1,1,27.0,50.0,,Pastick,4.0,27.0,N,,,,,,
63.99181397797545,-146.7308955214787,2002-07-16,1,0,0.0,115.0,,Pastick,1.0,4.0,N,,,,,,
63.99325737543309,-146.7301253641344,2002-07-16,1,0,0.0,60.0,,Pastick,2.0,13.0,N,,,,,,
63.9962372093951,-146.73036237717704,2002-07-16,1,0,0.0,63.0,,Pastick,3.0,10.0,N,,,,,,
64.00099750375001,-146.7325450792529,2002-07-16,1,0,0.0,52.0,,Pastick,4.0,15.0,N,,,,,,
64.02152427973195,-146.6495851481875,2002-07-16,1,1,40.0,64.0,,Pastick,1.0,15.0,N,,,,,,
64.02132696017814,-146.65337283457626,2002-07-16,1,1,34.0,70.0,,Pastick,2.0,34.0,N,,,,,,
64.02146224881686,-146.65744283716066,2002-07-16,1,1,85.0,105.0,,Pastick,3.0,6.0,N,,,,,,
64.0230882853582,-146.66589413091634,2002-07-16,1,0,0.0,90.0,,Pastick,4.0,9.0,N,,,,,,
64.020805267673,-146.61714419876307,2002-07-16,1,1,31.0,63.0,,Pastick,1.0,31.0,N,,,,,,
64.02230952529247,-146.61247886241122,2002-07-16,1,1,60.0,71.0,,Pastick,2.0,23.0,N,,,,,,
64.02477046976206,-146.60988684366248,2002-07-16,1,1,29.0,63.0,,Pastick,3.0,29.0,N,,,,,,
64.02649507567095,-146.60714099817218,2002-07-16,1,1,37.0,70.0,,Pastick,4.0,26.0,N,,,,,,
64.0217182921717,-146.6128758167495,2002-07-17,1,1,40.0,65.0,,Pastick,1.0,29.0,N,,,,,,
64.02415100488604,-146.60979317598873,2002-07-17,1,1,45.0,70.0,,Pastick,2.0,18.0,N,,,,,,
64.00433431347295,-146.50864592860304,2002-07-17,1,1,45.0,63.0,,Pastick,1.0,45.0,N,,,,,,
64.00579976655436,-146.51477548042257,2002-07-17,1,1,42.0,60.0,,Pastick,2.0,42.0,N,,,,,,
64.00440829052887,-146.52003441862078,2002-07-17,1,1,30.0,52.0,,Pastick,3.0,33.0,N,,,,,,
64.00251238071105,-146.508596138388,2002-07-17,1,1,37.0,62.0,,Pastick,1.0,62.0,N,,,,,,
64.00543294477141,-146.5124301846265,2002-07-17,1,1,49.0,55.0,,Pastick,2.0,8.0,N,,,,,,
64.00454992727921,-146.51673977186312,2002-07-17,1,1,28.0,33.0,,Pastick,3.0,33.0,N,,,,,,
64.0050707886018,-146.5195527265054,2002-07-17,1,0,0.0,50.0,,Pastick,4.0,16.0,N,,,,,,
63.92038673027934,-146.68526109102444,2003-07-17,1,1,37.0,40.0,,Pastick,1.0,40.0,N,,,,,,
63.92368287915139,-146.68234923800722,2003-07-17,1,1,41.0,55.0,,Pastick,2.0,55.0,N,,,,,,
63.85926236572077,-146.88326796278287,2003-07-18,1,0,0.0,73.0,,Pastick,1.0,0.0,N,,,,,,
63.860357066103866,-146.88308033399505,2003-07-18,1,1,38.0,60.0,,Pastick,2.0,60.0,N,,,,,,
63.86165841851357,-146.88319699521912,2003-07-18,1,1,27.0,40.0,,Pastick,3.0,27.0,N,,,,,,
63.86369550404292,-146.88312750570924,2003-07-18,1,1,38.0,62.0,,Pastick,4.0,28.0,N,,,,,,
63.86414399818741,-146.88286114463315,2003-07-18,1,1,44.0,50.0,,Pastick,5.0,50.0,N,,,,,,
63.86709473403357,-146.88069195390008,2003-07-18,1,0,0.0,45.0,,Pastick,6.0,7.0,N,,,,,,
63.86884366542433,-146.87944322175588,2003-07-18,1,0,0.0,75.0,,Pastick,7.0,11.0,N,,,,,,
63.87131044905992,-146.8781098220691,2003-07-18,1,1,40.0,45.0,,Pastick,9.0,45.0,N,,,,,,
63.87132558303671,-146.87481285002022,2003-07-18,1,0,0.0,75.0,,Pastick,10.0,0.0,N,,,,,,
63.87138643037797,-146.87255358281718,2003-07-18,1,1,34.0,44.0,,Pastick,11.0,44.0,N,,,,,,
63.870386556245066,-146.87864293912753,2003-07-18,1,1,24.0,27.0,,Pastick,80.0,24.0,N,,,,,,
63.858700234249646,-146.89954400705938,2003-07-19,1,0,0.0,90.0,,Pastick,1.0,5.0,N,,,,,,
63.85783479779148,-146.88243987863598,2003-07-19,1,0,0.0,70.0,,Pastick,2.0,7.0,N,,,,,,
63.8557056453736,-146.87968252941707,2003-07-19,1,1,31.0,54.0,,Pastick,3.0,54.0,N,,,,,,
63.853792372256336,-146.8775754886785,2003-07-19,1,1,29.0,50.0,,Pastick,4.0,45.0,N,,,,,,
63.8519600978736,-146.87577343505066,2003-07-19,1,0,0.0,65.0,,Pastick,5.0,0.0,N,,,,,,
63.852003597671406,-146.87418693279665,2003-07-19,1,0,0.0,55.0,,Pastick,6.0,10.0,N,,,,,,
63.85098612190302,-146.87034786415813,2003-07-19,1,0,0.0,50.0,,Pastick,7.0,4.0,N,,,,,,
63.846752442668894,-146.8629456118865,2003-07-19,1,0,0.0,55.0,,Pastick,8.0,7.0,N,,,,,,
64.04959034225335,-146.75190549560003,2003-07-19,1,0,0.0,30.0,,Pastick,1.0,6.0,N,,,,,,
64.04955796100879,-146.7539743825995,2003-07-19,1,0,0.0,65.0,,Pastick,3.0,24.0,N,,,,,,
64.0498549292962,-146.75446331922518,2003-07-19,1,1,51.0,76.0,,Pastick,4.0,38.0,N,,,,,,
64.05068045566942,-146.75441509481246,2003-07-19,1,1,30.0,40.0,,Pastick,5.0,10.0,N,,,,,,
64.05249206763338,-146.75374369091895,2003-07-19,1,1,29.0,36.0,,Pastick,6.0,23.0,N,,,,,,
64.04880363626344,-146.75367382009964,2003-07-19,1,0,0.0,57.0,,Pastick,2.0,7.0,N,,,,,,
63.878189135078486,-146.78242592174234,2003-07-20,1,0,0.0,53.0,,Pastick,1.0,9.0,N,,,,,,
63.87838136323333,-146.78494863344005,2003-07-20,1,0,0.0,75.0,,Pastick,2.0,44.0,N,,,,,,
63.8793290410275,-146.78860567075483,2003-07-20,1,0,0.0,42.0,,Pastick,3.0,5.0,N,,,,,,
63.88018697301764,-146.79232468986763,2003-07-20,1,1,33.0,44.0,,Pastick,4.0,33.0,N,,,,,,
63.88146693616496,-146.7962851790962,2003-07-20,1,0,0.0,70.0,,Pastick,5.0,29.0,N,,,,,,
63.90093687444944,-146.7696390813346,2003-07-20,1,1,30.0,61.0,,Pastick,1.0,61.0,N,,,,,,
63.86360634338451,-146.4748469681897,2003-07-21,1,1,22.0,40.0,,Pastick,1.0,26.0,N,,,,,,
63.68580115134435,-146.4767658007982,2003-07-21,1,1,47.0,52.0,,Pastick,2.0,8.0,N,,,,,,
63.86753731092256,-146.4748957164625,2003-07-21,1,1,16.0,27.0,,Pastick,3.0,16.0,N,,,,,,
63.86992917465796,-146.47371144446436,2003-07-21,1,1,40.0,40.0,,Pastick,4.0,40.0,N,,,,,,
63.774833411624336,-146.56758442759107,2003-07-22,1,1,32.0,55.0,,Pastick,1.0,28.0,N,,,,,,
63.774192495523536,-146.5693384534306,2003-07-22,1,1,22.0,51.0,,Pastick,2.0,10.0,N,,,,,,
63.77229624190736,-146.57449825182232,2003-07-22,1,1,37.0,50.0,,Pastick,3.0,6.0,N,,,,,,
63.772517935801496,-146.94460856989676,2003-07-22,1,1,30.0,52.0,,Pastick,5.0,52.0,N,,,,,,
63.77052838902947,-146.58066939461696,2003-07-22,1,1,31.0,55.0,,Pastick,6.0,55.0,N,,,,,,
63.7374508026018,-146.23742163759934,2003-07-22,1,0,0.0,80.0,,Pastick,4.0,65.0,N,,,,,,
63.7784790406156,-146.6864573205707,2003-07-22,1,0,0.0,59.0,,Pastick,1.0,11.0,N,,,,,,
63.77644384163234,-146.68325489310263,2003-07-22,1,0,0.0,105.0,,Pastick,2.0,0.0,N,,,,,,
63.77513453788075,-146.6756029185013,2003-07-22,1,0,0.0,152.0,,Pastick,3.0,8.0,N,,,,,,
63.77775569978996,-146.66411234837022,2003-07-22,1,0,0.0,203.0,,Pastick,4.0,10.0,N,,,,,,
63.77897531257624,-146.65610559118974,2003-07-22,1,0,0.0,50.0,,Pastick,5.0,14.0,N,,,,,,
63.78007233646086,-146.65325223869172,2003-07-22,1,0,0.0,110.0,,Pastick,6.0,0.0,N,,,,,,
63.78073808564144,-146.64652933570042,2003-07-22,1,1,47.0,55.0,,Pastick,7.0,55.0,N,,,,,,
63.72754508694652,-146.22276490424844,2003-07-23,1,0,0.0,65.0,,Pastick,1.0,0.0,N,,,,,,
63.7361871671338,-146.23437689800318,2003-07-23,1,0,0.0,60.0,,Pastick,3.0,9.0,N,,,,,,
63.74073580141084,-146.24428175050494,2003-07-23,1,0,0.0,75.0,,Pastick,5.0,6.0,N,,,,,,
63.72981176525671,-146.22703631689453,2003-07-23,1,0,0.0,42.0,,Pastick,2.0,7.0,N,,,,,,
63.74130202164324,-146.24615069664267,2003-07-23,1,1,30.0,47.0,,Pastick,6.0,30.0,N,,,,,,
63.90021810617863,-146.7691152937847,2003-07-23,1,0,0.0,62.0,,Pastick,2.0,7.0,N,,,,,,
63.901712429350525,-146.76639336149452,2003-07-23,1,1,30.0,45.0,,Pastick,3.0,21.0,N,,,,,,
63.90378988142525,-146.76358473563192,2003-07-23,1,0,0.0,50.0,,Pastick,4.0,15.0,N,,,,,,
63.902155711783166,-146.7576289956433,2003-07-23,1,1,22.0,40.0,,Pastick,5.0,32.0,N,,,,,,
63.90111744395776,-146.75393007660057,2003-07-23,1,1,40.0,47.0,,Pastick,6.0,47.0,N,,,,,,
63.900529362116046,-146.75114419217223,2003-07-23,1,0,0.0,50.0,,Pastick,7.0,0.0,N,,,,,,
63.7191903330845,-146.20319643298978,2003-07-23,1,1,25.0,54.0,,Pastick,1.0,25.0,N,,,,,,
63.72077831631239,-146.2014714954004,2003-07-23,1,1,45.0,47.0,,Pastick,2.0,19.0,N,,,,,,
63.72569116546059,-146.19888300086953,2003-07-23,1,1,47.0,47.0,,Pastick,5.0,23.0,N,,,,,,
63.7312219348001,-146.19445340795255,2003-07-23,1,0,0.0,50.0,,Pastick,6.0,3.0,N,,,,,,
64.109167274134,-146.38286394095837,2002-07-24,1,1,80.0,104.0,,Pastick,1.0,20.0,N,,,,,,
64.11565075292553,-146.39023433424038,2002-07-24,1,0,0.0,70.0,,Pastick,3.0,4.0,N,,,,,,
64.11186285550626,-146.3815314781874,2002-07-24,1,0,0.0,145.0,,Pastick,2.0,5.0,N,,,,,,
64.10903096207743,-146.30856420310965,2002-07-24,1,1,40.0,65.0,,Pastick,1.0,32.0,N,,,,,,
64.10603131409252,-146.31188139525847,2002-07-24,1,1,48.0,65.0,,Pastick,2.0,48.0,N,,,,,,
64.10398529177522,-146.3195456028639,2002-07-24,1,1,30.0,60.0,,Pastick,3.0,30.0,N,,,,,,
64.10165860712354,-146.32676401007348,2002-07-24,1,1,42.0,55.0,,Pastick,4.0,55.0,N,,,,,,
64.11024244415286,-146.30855464465645,2002-07-24,1,1,74.0,81.0,,Pastick,1.0,68.0,N,,,,,,
64.10683279076076,-146.31056857261066,2002-07-24,1,1,25.0,55.0,,Pastick,2.0,17.0,N,,,,,,
64.10349993329794,-146.3155557451668,2002-07-24,1,1,36.0,57.0,,Pastick,3.0,20.0,N,,,,,,
64.10281160150672,-146.3257511280909,2002-07-24,1,1,29.0,44.0,,Pastick,4.0,44.0,N,,,,,,
64.11059790224732,-146.38587018041545,2002-07-24,1,0,0.0,80.0,,Pastick,1.0,0.0,N,,,,,,
64.11600729360619,-146.3875164767066,2002-07-24,1,0,0.0,40.0,,Pastick,3.0,4.0,N,,,,,,
64.11045586908374,-146.38199378966434,2002-07-24,1,1,62.0,87.0,,Pastick,2.0,0.0,N,,,,,,
64.07199449636151,-146.1903445251723,2002-07-25,1,1,48.0,68.0,,Pastick,1.0,58.0,N,,,,,,
64.07069793006187,-146.19767939279697,2002-07-25,1,0,0.0,95.0,,Pastick,2.0,12.0,N,,,,,,
64.06993993127003,-146.20182114608423,2002-07-25,1,1,48.0,60.0,,Pastick,3.0,14.0,N,,,,,,
64.07053250519195,-146.21506618117644,2002-07-25,1,0,0.0,60.0,,Pastick,4.0,21.0,N,,,,,,
64.07184730772676,-146.1961704241901,2002-07-25,1,1,33.0,48.0,,Pastick,1.0,27.0,N,,,,,,
64.07009109074423,-146.19993106247838,2002-07-25,1,0,0.0,80.0,,Pastick,2.0,10.0,N,,,,,,
64.07010015592417,-146.2081502462518,2002-07-25,1,0,0.0,165.0,,Pastick,3.0,10.0,N,,,,,,
64.01423069475736,-146.08108131394147,2002-07-26,1,1,42.0,74.0,,Pastick,1.0,42.0,N,,,,,,
64.02165401625435,-146.06999228277755,2002-07-26,1,0,0.0,60.0,,Pastick,5.0,0.0,N,,,,,,
64.0152323215589,-146.07910492846725,2002-07-26,1,0,0.0,100.0,,Pastick,2.0,20.0,N,,,,,,
64.01772977339797,-146.07808153193264,2002-07-26,1,1,49.0,62.0,,Pastick,3.0,40.0,N,,,,,,
64.0188339954078,-146.07108864985395,2002-07-26,1,0,0.0,90.0,,Pastick,4.0,41.0,N,,,,,,
64.01493087431169,-146.07968766198942,2002-07-26,1,1,55.0,80.0,,Pastick,1.0,6.0,N,,,,,,
64.01618774496825,-146.07833696221616,2002-07-26,1,0,0.0,100.0,,Pastick,2.0,18.0,N,,,,,,
64.01816982131831,-146.0738932404076,2002-07-26,1,1,70.0,80.0,,Pastick,3.0,25.0,N,,,,,,
64.02060851779979,-146.07070229685127,2002-07-26,1,0,0.0,150.0,,Pastick,4.0,6.0,N,,,,,,
63.86708845900168,-145.96659707077643,2002-07-27,1,1,70.0,83.0,,Pastick,1.0,13.0,N,,,,,,
63.8707874496936,-145.9642631147034,2002-07-27,1,1,43.0,60.0,,Pastick,2.0,20.0,N,,,,,,
63.86637281710129,-145.9631638994912,2002-07-27,1,0,0.0,200.0,,Pastick,3.0,0.0,N,,,,,,
63.90273184118555,-145.96834281132055,2002-07-28,1,0,0.0,143.0,,Pastick,3.0,8.0,N,,,,,,
63.86648348250532,-145.96232548136925,2002-07-28,1,0,0.0,90.0,,Pastick,1.0,0.0,N,,,,,,
63.86818461266289,-145.96802209085007,2002-07-28,1,0,0.0,150.0,,Pastick,2.0,0.0,N,,,,,,
63.87038418889005,-145.96059413592417,2002-07-28,1,1,107.0,115.0,,Pastick,3.0,13.0,N,,,,,,
63.90031398463271,-145.97415673771863,2002-07-28,1,1,39.0,70.0,,Pastick,1.0,19.0,N,,,,,,
63.902338365828776,-145.96980393388122,2002-07-28,1,1,50.0,61.0,,Pastick,2.0,61.0,N,,,,,,
63.90238707201406,-145.96656240211686,2002-07-28,1,0,0.0,90.0,,Pastick,3.0,11.0,N,,,,,,
63.87373805148354,-146.94394128141158,2002-07-29,1,0,0.0,82.0,,Pastick,1.0,7.0,N,,,,,,
63.87692438498521,-146.9452580271607,2002-07-29,1,0,0.0,83.0,,Pastick,2.0,9.0,N,,,,,,
63.8812223410098,-146.94351919799777,2002-07-29,1,1,47.0,65.0,,Pastick,3.0,47.0,N,,,,,,
63.87128773901978,-146.9430100062953,2002-07-29,1,1,50.0,76.0,,Pastick,1.0,29.0,N,,,,,,
63.87450982155182,-146.94391939023507,2002-07-29,1,0,0.0,83.0,,Pastick,2.0,4.0,N,,,,,,
63.87893435626321,-146.94462305652158,2002-07-29,1,1,47.0,68.0,,Pastick,3.0,47.0,N,,,,,,
64.10990292782613,-146.45239004484816,2002-07-30,1,1,41.0,50.0,,Pastick,1.0,41.0,N,,,,,,
64.11115793192198,-146.44491407796374,2002-07-30,1,1,58.0,77.0,,Pastick,2.0,58.0,N,,,,,,
64.1141362074333,-146.43296830527248,2002-07-30,1,1,42.0,55.0,,Pastick,3.0,44.0,N,,,,,,
64.11215985167482,-146.4210408869367,2002-07-30,1,0,0.0,54.0,,Pastick,4.0,0.0,N,,,,,,
63.96857317130682,-146.1467083809579,2002-07-30,1,1,39.0,50.0,,Pastick,3.0,29.0,N,,,,,,
64.1124846319484,-146.4169695901081,2002-07-30,1,1,87.0,95.0,,Pastick,4.0,24.0,N,,,,,,
64.10982066555611,-146.4567842165929,2002-07-30,1,1,36.0,44.0,,Pastick,1.0,44.0,N,,,,,,
64.11011286258221,-146.44856804710287,2002-07-30,1,0,0.0,106.0,,Pastick,2.0,9.0,N,,,,,,
64.11208562451779,-146.44109796733207,2002-07-30,1,1,33.0,40.0,,Pastick,3.0,40.0,N,,,,,,
63.90286211529157,-146.78439457695666,2003-07-30,1,0,0.0,100.0,,Pastick,1.0,8.0,N,,,,,,
63.74183891931874,-146.5751790614757,2003-07-30,1,0,0.0,90.0,,Pastick,1.0,7.0,N,,,,,,
63.70495184195948,-146.0903318869773,2002-07-31,1,0,0.0,65.0,,Pastick,1.0,3.0,N,,,,,,
63.70534135038603,-146.09232250770626,2002-07-31,1,1,48.0,62.0,,Pastick,2.0,12.0,N,,,,,,
63.706637957948736,-146.09298919221004,2002-07-31,1,0,0.0,65.0,,Pastick,3.0,0.0,N,,,,,,
63.70460153692269,-146.0874498062297,2002-07-31,1,0,0.0,65.0,,Pastick,1.0,6.0,N,,,,,,
63.70568276112785,-146.0909559113266,2002-07-31,1,1,43.0,50.0,,Pastick,2.0,43.0,N,,,,,,
64.02307271353745,-146.7042602777995,2003-07-31,1,0,0.0,125.0,,Pastick,1.0,6.0,N,,,,,,
63.954846727842046,-146.7887508862217,2003-07-31,1,0,0.0,100.0,,Pastick,1.0,8.0,N,,,,,,
63.87646320134347,-146.6340707489334,2003-08-01,1,0,0.0,70.0,,Pastick,1.0,5.0,N,,,,,,
63.8774590557682,-146.63395601615937,2003-08-01,1,0,0.0,64.0,,Pastick,2.0,16.0,N,,,,,,
63.87921883022644,-146.63427919043562,2003-08-01,1,0,0.0,101.0,,Pastick,3.0,63.0,N,,,,,,
63.88222670521286,-146.63487122231996,2003-08-01,1,1,38.0,45.0,,Pastick,4.0,45.0,N,,,,,,
63.88697295958646,-146.63442270422306,2003-08-01,1,1,59.0,80.0,,Pastick,5.0,8.0,N,,,,,,
63.8878999992895,-146.63548991736897,2003-08-01,1,1,29.0,46.0,,Pastick,6.0,46.0,N,,,,,,
63.88977434420003,-146.63856107599997,2003-08-01,1,1,35.0,52.0,,Pastick,7.0,8.0,N,,,,,,
63.890412816684304,-146.63908236657238,2003-08-01,1,1,32.0,50.0,,Pastick,8.0,50.0,N,,,,,,
63.93093971604942,-146.71532681079108,2003-08-01,1,0,0.0,107.0,,Pastick,1.0,18.0,N,,,,,,
63.918889698029695,-146.9131095011102,2003-08-01,1,1,30.0,45.0,,Pastick,2.0,40.0,N,,,,,,
64.0383620892019,-146.53804082051792,2003-08-01,1,1,42.0,130.0,,Pastick,1.0,42.0,N,,,,,,
63.810070659302816,-146.39382094416692,2003-08-02,1,1,38.0,63.0,,Pastick,1.0,38.0,N,,,,,,
63.81007133874734,-146.38971876331038,2003-08-02,1,1,32.0,47.0,,Pastick,2.0,39.0,N,,,,,,
63.8156612876772,-146.37682171266724,2003-08-02,1,1,37.0,55.0,,Pastick,3.0,30.0,N,,,,,,
63.81481830188629,-146.36869553730867,2003-08-02,1,0,0.0,63.0,,Pastick,4.0,22.0,N,,,,,,
63.81476884032775,-146.36355791173787,2003-08-02,1,1,82.0,85.0,,Pastick,5.0,7.0,N,,,,,,
63.81581904445449,-146.36156395742933,2003-08-02,1,1,56.0,60.0,,Pastick,6.0,8.0,N,,,,,,
64.09674073863845,-146.60924869515097,2003-08-02,1,0,0.0,110.0,,Pastick,1.0,23.0,N,,,,,,
64.0751912711689,-146.7258682461498,2003-08-02,1,1,32.0,111.0,,Pastick,2.0,32.0,N,,,,,,
64.10632762362029,-146.42582096296255,2003-08-02,1,1,40.0,113.0,,Pastick,1.0,113.0,N,,,,,,
64.13470272945061,-146.7286715940875,2003-08-02,1,1,29.0,113.0,,Pastick,1.0,17.0,N,,,,,,
64.15667907441765,-146.61985808891225,2003-08-03,1,1,20.0,90.0,,Pastick,1.0,90.0,N,,,,,,
64.18342164128869,-146.57752899613214,2003-08-03,1,1,32.0,87.0,,Pastick,1.0,22.0,N,,,,,,
63.87139922770565,-146.61579983939131,2003-08-03,1,0,0.0,52.0,,Pastick,1.0,0.0,N,,,,,,
63.8717369837582,-146.61121606700755,2003-08-03,1,1,36.0,54.0,,Pastick,2.0,36.0,N,,,,,,
63.87196234922566,-146.60826191404317,2003-08-03,1,1,30.0,51.0,,Pastick,3.0,18.0,N,,,,,,
63.87212310136515,-146.60140101217868,2003-08-03,1,1,50.0,50.0,,Pastick,4.0,50.0,N,,,,,,
63.807191086912255,-146.38141510564884,2003-08-03,1,1,31.0,100.0,,Pastick,1.0,38.0,N,,,,,,
63.76317273305103,-146.38189172943015,2003-08-04,1,1,56.0,70.0,,Pastick,1.0,70.0,N,,,,,,
63.76380474390255,-146.38698709512366,2003-08-04,1,1,26.0,55.0,,Pastick,2.0,15.0,N,,,,,,
63.76402342778668,-146.38988163306797,2003-08-04,1,0,0.0,70.0,,Pastick,3.0,7.0,N,,,,,,
63.76643655813406,-146.4025023010709,2003-08-04,1,0,0.0,70.0,,Pastick,4.0,12.0,N,,,,,,
63.76576719129406,-146.40557810785484,2003-08-04,1,0,0.0,54.0,,Pastick,5.0,7.0,N,,,,,,
63.76267269749237,-146.41478658464914,2003-08-04,1,0,0.0,56.0,,Pastick,6.0,24.0,N,,,,,,
63.76966145759032,-146.4298711644976,2003-08-04,1,0,0.0,110.0,,Pastick,7.0,4.0,N,,,,,,
63.76947564850758,-146.43054410258864,2003-08-04,1,0,0.0,100.0,,Pastick,8.0,2.0,N,,,,,,
63.8729976025485,-146.73166605623,2003-08-04,1,0,0.0,62.0,,Pastick,1.0,5.0,N,,,,,,
63.87530916002298,-146.72018455723764,2003-08-04,1,0,0.0,65.0,,Pastick,2.0,28.0,N,,,,,,
63.87447697540077,-146.7168141230286,2003-08-04,1,0,0.0,65.0,,Pastick,3.0,12.0,N,,,,,,
63.87304854509177,-146.7160347455831,2003-08-04,1,0,0.0,47.0,,Pastick,4.0,8.0,N,,,,,,
63.871448681514536,-146.71478909747276,2003-08-04,1,1,37.0,37.0,,Pastick,5.0,18.0,Y,,,,,,
63.86709773493308,-146.7065921066637,2003-08-04,1,1,42.0,42.0,,Pastick,6.0,27.0,N,,,,,,
63.85026686270206,-146.75236113003376,2003-08-05,1,0,0.0,70.0,,Pastick,1.0,6.0,N,,,,,,
63.85060283554223,-146.74942973615546,2003-08-05,1,0,0.0,60.0,,Pastick,2.0,10.0,N,,,,,,
63.85119980767235,-146.7418794632214,2003-08-05,1,1,43.0,63.0,,Pastick,4.0,43.0,N,,,,,,
63.846741758220446,-146.73317685630062,2003-08-05,1,1,42.0,68.0,,Pastick,7.0,42.0,N,,,,,,
63.85190898038432,-146.73701233892984,2003-08-05,1,0,0.0,50.0,,Pastick,5.0,3.0,N,,,,,,
63.85115590604542,-146.74751315761424,2003-08-05,1,0,0.0,68.0,,Pastick,3.0,11.0,N,,,,,,
63.78036838208566,-146.5668302790614,2003-08-06,1,1,28.0,58.0,,Pastick,1.0,28.0,N,,,,,,
63.77997438058608,-146.56117658700867,2003-08-06,1,0,0.0,43.0,,Pastick,2.0,0.0,N,,,,,,
63.77445600584949,-146.54126438099436,2003-08-06,1,0,0.0,66.0,,Pastick,3.0,13.0,N,,,,,,
63.773513009460125,-146.53823750973015,2003-08-06,1,1,28.0,43.0,,Pastick,4.0,43.0,N,,,,,,
63.7695114538068,-146.52747425363307,2003-08-06,1,1,26.0,55.0,,Pastick,5.0,55.0,N,,,,,,
63.76706586709861,-146.51796485821987,2003-08-06,1,0,0.0,51.0,,Pastick,6.0,5.0,N,,,,,,
63.75796301450615,-146.5476129263905,2003-08-06,1,1,58.0,62.0,,Pastick,1.0,46.0,N,,,,,,
63.756081136219535,-146.54563642774394,2003-08-06,1,1,30.0,52.0,,Pastick,2.0,30.0,N,,,,,,
63.75383519596665,-146.54206496619113,2003-08-06,1,0,0.0,60.0,,Pastick,3.0,10.0,N,,,,,,
63.752311426798045,-146.53984010922056,2003-08-06,1,0,0.0,70.0,,Pastick,4.0,12.0,N,,,,,,
63.748871754389285,-146.53349277985356,2003-08-06,1,0,0.0,50.0,,Pastick,5.0,40.0,N,,,,,,
63.97501824450866,-146.0446574772341,2002-08-08,1,1,57.0,65.0,,Pastick,1.0,14.0,N,,,,,,
63.97205286809768,-146.10750733134003,2002-08-08,1,1,45.0,60.0,,Pastick,2.0,9.0,N,,,,,,
63.97185021402939,-146.04194673173157,2002-08-08,1,1,50.0,62.0,,Pastick,3.0,24.0,N,,,,,,
63.97189937358427,-146.0344691194336,2002-08-08,1,1,84.0,90.0,,Pastick,4.0,49.0,N,,,,,,
63.94426287188884,-146.0711104520766,2002-08-08,1,1,54.0,58.0,,Pastick,1.0,58.0,N,,,,,,
63.94400389330115,-146.0741186519339,2002-08-08,1,1,56.0,75.0,,Pastick,3.0,22.0,N,,,,,,
63.94656786002376,-146.08072764895596,2002-08-08,1,1,62.0,66.0,,Pastick,4.0,66.0,N,,,,,,
63.94307452705226,-146.07053765785122,2002-08-08,1,1,85.0,88.0,,Pastick,1.0,81.0,N,,,,,,
63.94423160627622,-146.07604968184748,2002-08-08,1,0,0.0,76.0,,Pastick,2.0,25.0,N,,,,,,
63.94579545293785,-146.07922245063122,2002-08-08,1,0,0.0,55.0,,Pastick,3.0,9.0,N,,,,,,
63.99172064021403,-146.11552646079355,2002-08-09,1,0,0.0,110.0,,Pastick,1.0,12.0,N,,,,,,
63.9942195587326,-146.0972131426744,2002-08-09,1,1,60.0,60.0,,Pastick,3.0,32.0,N,,,,,,
63.992885649234346,-146.10645467866203,2002-08-09,1,1,72.0,82.0,,Pastick,2.0,41.0,N,,,,,,
63.95878936420036,-145.98741134201856,2002-08-09,1,1,41.0,52.0,,Pastick,1.0,12.0,N,,,,,,
63.95960390452269,-145.98197133520148,2002-08-09,1,1,43.0,55.0,,Pastick,2.0,43.0,N,,,,,,
63.95769031145451,-145.97532399922005,2002-08-09,1,1,41.0,52.0,,Pastick,3.0,25.0,N,,,,,,
63.95597236087864,-145.9684662165032,2002-08-09,1,1,44.0,55.0,,Pastick,4.0,25.0,N,,,,,,
63.99007958592097,-146.1157418278653,2002-08-09,1,1,45.0,55.0,,Pastick,1.0,36.0,N,,,,,,
63.99236529475025,-146.1079430239903,2002-08-09,1,1,55.0,70.0,,Pastick,2.0,19.0,N,,,,,,
63.99336694610231,-146.10445648983213,2002-08-09,1,0,0.0,92.0,,Pastick,3.0,0.0,N,,,,,,
63.81868877464383,-146.09554294719663,2002-08-10,1,0,0.0,100.0,,Pastick,1.0,33.0,N,,,,,,
63.81807020634176,-146.09422203513074,2002-08-10,1,0,0.0,85.0,,Pastick,2.0,0.0,N,,,,,,
63.81701674275424,-146.09082286444828,2002-08-10,1,0,0.0,85.0,,Pastick,3.0,0.0,N,,,,,,
63.81677052100724,-146.08877914314203,2002-08-10,1,1,65.0,87.0,,Pastick,4.0,20.0,N,,,,,,
63.81446384100428,-146.08308510420804,2002-08-10,1,0,0.0,68.0,,Pastick,5.0,0.0,N,,,,,,
63.81334439834781,-146.07501739460827,2002-08-10,1,1,47.0,65.0,,Pastick,6.0,32.0,N,,,,,,
63.81203375588005,-146.07077493681035,2002-08-10,1,0,0.0,60.0,,Pastick,7.0,0.0,N,,,,,,
63.81170359294356,-146.06550524504365,2002-08-10,1,0,0.0,90.0,,Pastick,8.0,17.0,N,,,,,,
63.810475598070674,-146.06574900785623,2002-08-10,1,0,0.0,80.0,,Pastick,9.0,0.0,N,,,,,,
63.72775067723846,-145.98703463677563,2002-08-11,1,0,0.0,70.0,,Pastick,1.0,15.0,N,,,,,,
63.72791373731041,-145.98852730694986,2002-08-11,1,1,52.0,70.0,,Pastick,2.0,40.0,N,,,,,,
63.7272282152148,-145.99316868845173,2002-08-11,1,1,56.0,60.0,,Pastick,3.0,28.0,N,,,,,,
63.724664266750985,-145.99874696333134,2002-08-11,1,1,63.0,80.0,,Pastick,4.0,15.0,N,,,,,,
63.723024987905376,-146.00568872195208,2002-08-11,1,1,40.0,54.0,,Pastick,5.0,27.0,N,,,,,,
63.7243565394386,-146.00355648806098,2002-08-11,1,1,59.0,70.0,,Pastick,6.0,17.0,N,,,,,,
63.727965885692015,-145.98700668814865,2002-08-11,1,0,0.0,80.0,,Pastick,7.0,25.0,N,,,,,,
63.6882776838286,-145.9895971021248,2002-08-11,1,1,46.0,60.0,,Pastick,1.0,28.0,N,,,,,,
63.68958865203337,-145.98584965334177,2002-08-11,1,1,38.0,50.0,,Pastick,2.0,31.0,N,,,,,,
63.69056980785747,-145.9824372655261,2002-08-11,1,0,0.0,100.0,,Pastick,3.0,20.0,N,,,,,,
63.68910950372102,-145.98790924071628,2002-08-11,1,0,0.0,100.0,,Pastick,1.0,24.0,N,,,,,,
63.69348875995486,-145.97638623945832,2002-08-11,1,1,43.0,55.0,,Pastick,2.0,43.0,N,,,,,,
63.69987203964383,-145.97538704211007,2002-08-11,1,1,36.0,49.0,,Pastick,3.0,17.0,N,,,,,,
63.70627233938497,-145.97551990500548,2002-08-12,1,1,74.0,80.0,,Pastick,1.0,8.0,N,,,,,,
63.70812594255986,-145.97618139633713,2002-08-12,1,0,0.0,164.0,,Pastick,2.0,8.0,N,,,,,,
63.71412390057948,-145.98541685286548,2002-08-12,1,0,0.0,70.0,,Pastick,3.0,18.0,N,,,,,,
63.722295248348544,-146.0383507284771,2002-08-12,1,1,43.0,60.0,,Pastick,1.0,11.0,N,,,,,,
63.724512346105016,-146.03973326247768,2002-08-12,1,1,42.0,60.0,,Pastick,2.0,60.0,N,,,,,,
63.72648118479251,-146.04292656211226,2002-08-12,1,1,45.0,50.0,,Pastick,3.0,45.0,N,,,,,,
63.73010997423019,-146.04742122523214,2002-08-12,1,1,80.0,85.0,,Pastick,4.0,12.0,N,,,,,,
63.70550042693963,-145.97425282367072,2002-08-12,1,1,27.0,55.0,,Pastick,1.0,27.0,N,,,,,,
63.70698988695992,-145.97545349845043,2002-08-12,1,0,0.0,60.0,,Pastick,2.0,11.0,N,,,,,,
63.709541664162856,-145.98218109881898,2002-08-12,1,0,0.0,120.0,,Pastick,3.0,9.0,N,,,,,,
63.72117677517027,-146.03751816383556,2002-08-12,1,1,48.0,72.0,,Pastick,1.0,37.0,N,,,,,,
63.72382296951395,-146.03864305476012,2002-08-12,1,1,34.0,57.0,,Pastick,2.0,16.0,N,,,,,,
63.72472155874104,-146.0401513677921,2002-08-12,1,1,42.0,67.0,,Pastick,3.0,40.0,N,,,,,,
63.72759710598792,-146.0460882846698,2002-08-12,1,1,42.0,60.0,,Pastick,4.0,13.0,N,,,,,,
63.73113758932902,-146.04809547649955,2002-08-12,1,0,0.0,100.0,,Pastick,5.0,6.0,N,,,,,,
63.76917316305301,-146.12896595640666,2002-08-12,1,1,49.0,60.0,,Pastick,1.0,49.0,N,,,,,,
63.768484477726616,-146.1234308380315,2002-08-12,1,0,0.0,80.0,,Pastick,2.0,0.0,N,,,,,,
63.7703554105122,-146.28173714035202,2002-08-12,1,0,0.0,72.0,,Pastick,3.0,0.0,N,,,,,,
63.76995334128472,-146.11119718817372,2002-08-12,1,1,54.0,60.0,,Pastick,4.0,30.0,N,,,,,,
63.76853562112829,-146.12446346355716,2002-08-13,1,0,0.0,50.0,,Pastick,1.0,0.0,N,,,,,,
63.76947566973416,-146.12112881395248,2002-08-13,1,0,0.0,85.0,,Pastick,2.0,10.0,N,,,,,,
63.7697390528018,-146.11722695355414,2002-08-13,1,0,0.0,85.0,,Pastick,3.0,0.0,N,,,,,,
63.786786387300495,-146.07625251743823,2002-08-13,1,0,0.0,59.0,,Pastick,1.0,4.0,N,,,,,,
63.79069528536713,-146.07559699017636,2002-08-13,1,0,0.0,43.0,,Pastick,2.0,3.0,N,,,,,,
63.79313909299888,-146.07460364264537,2002-08-13,1,0,0.0,35.0,,Pastick,3.0,3.0,N,,,,,,
63.79526597011305,-146.0759750907624,2002-08-13,1,1,51.0,63.0,,Pastick,4.0,37.0,N,,,,,,
63.78552846432832,-146.07602987375725,2002-08-13,1,1,66.0,80.0,,Pastick,1.0,30.0,N,,,,,,
63.78792272596877,-146.0757080322125,2002-08-13,1,1,47.0,65.0,,Pastick,2.0,33.0,N,,,,,,
63.791064876774776,-146.07444837147526,2002-08-13,1,1,60.0,72.0,,Pastick,3.0,17.0,N,,,,,,
63.79433134425832,-146.0743818903201,2002-08-13,1,0,0.0,120.0,,Pastick,4.0,5.0,N,,,,,,
63.79526597676096,-146.07457452722974,2002-08-13,1,0,0.0,100.0,,Pastick,5.0,0.0,N,,,,,,
63.87855536372622,-146.70099667587152,2003-08-13,1,0,0.0,65.0,,Pastick,1.0,0.0,N,,,,,,
63.88016234694557,-146.7012849618629,2003-08-13,1,1,85.0,100.0,,Pastick,2.0,22.0,N,,,,,,
63.88315730321696,-146.70447003007882,2003-08-13,1,1,24.0,50.0,,Pastick,3.0,13.0,N,,,,,,
63.88711797816722,-146.70157760970972,2003-08-13,1,1,30.0,52.0,,Pastick,4.0,30.0,N,,,,,,
63.88842279553105,-146.09112141503547,2003-08-13,1,1,33.0,58.0,,Pastick,5.0,40.0,N,,,,,,
63.89379801726695,-146.6987978003925,2003-08-13,1,1,50.0,65.0,,Pastick,6.0,13.0,N,,,,,,
63.869521295499176,-146.76596870433943,2003-08-13,1,0,0.0,69.0,,Pastick,2.0,28.0,N,,,,,,
63.87091339780294,-146.7666490630949,2003-08-13,1,0,0.0,60.0,,Pastick,3.0,11.0,N,,,,,,
63.87253754489511,-146.76653383356455,2003-08-13,1,0,0.0,68.0,,Pastick,4.0,20.0,N,,,,,,
63.87754003347819,-146.76893502207722,2003-08-13,1,1,48.0,60.0,,Pastick,7.0,48.0,N,,,,,,
63.87952089428238,-146.76741231305544,2003-08-13,1,1,28.0,44.0,,Pastick,8.0,28.0,N,,,,,,
63.79781307572471,-146.48942773896164,2003-08-13,1,1,35.0,50.0,,Pastick,6.0,50.0,N,,,,,,
63.79789238061003,-146.48648298027462,2003-08-13,1,0,0.0,43.0,,Pastick,7.0,29.0,N,,,,,,
63.80388894906523,-146.47445595144563,2003-08-13,1,0,0.0,100.0,,Pastick,8.0,15.0,N,,,,,,
63.86813776758803,-146.7650441526804,2003-08-13,1,0,0.0,60.0,,Pastick,1.0,0.0,N,,,,,,
63.86361209918432,-146.16022788471147,2002-08-14,1,1,38.0,54.0,,Pastick,1.0,54.0,N,,,,,,
63.866680916822126,-146.15397050207758,2002-08-14,1,1,30.0,54.0,,Pastick,2.0,20.0,N,,,,,,
63.86992430120143,-146.13783592036862,2002-08-14,1,1,44.0,59.0,,Pastick,3.0,12.0,N,,,,,,
63.87185975314948,-146.1328104739365,2002-08-14,1,0,0.0,90.0,,Pastick,4.0,11.0,N,,,,,,
63.85986166897506,-146.16817230493976,2002-08-14,1,1,40.0,62.0,,Pastick,1.0,35.0,N,,,,,,
63.865005005817885,-146.1559132430662,2002-08-14,1,1,35.0,60.0,,Pastick,2.0,55.0,N,,,,,,
63.96231058912986,-146.89263928236286,2002-08-14,1,1,90.0,95.0,,Pastick,2.0,18.0,N,,,,,,
63.59982216637264,-146.15279615266536,2002-08-14,1,1,40.0,70.0,,Pastick,3.0,25.0,N,,,,,,
63.60075235524574,-146.14317279085125,2002-08-14,1,0,0.0,110.0,,Pastick,4.0,6.0,N,,,,,,
63.8216273414833,-146.13126732849815,2002-08-14,1,1,46.0,60.0,,Pastick,1.0,27.0,N,,,,,,
63.8206305676616,-146.1267065965251,2002-08-14,1,0,0.0,60.0,,Pastick,2.0,9.0,N,,,,,,
63.81991160573527,-146.13400183251275,2002-08-14,1,0,0.0,80.0,,Pastick,3.0,7.0,N,,,,,,
63.82301098632652,-146.11818066215417,2002-08-14,1,0,0.0,119.0,,Pastick,4.0,8.0,N,,,,,,
63.79628251192123,-146.41258800189553,2003-08-14,1,1,35.0,40.0,,Pastick,1.0,35.0,N,,,,,,
63.8490291026229,-146.73258580244837,2003-08-14,1,0,0.0,65.0,,Pastick,6.0,7.0,N,,,,,,
63.796525622134006,-146.41944365276174,2003-08-14,1,0,0.0,78.0,,Pastick,2.0,0.0,N,,,,,,
63.79417214823948,-146.42338892256208,2003-08-14,1,0,0.0,70.0,,Pastick,3.0,30.0,N,,,,,,
63.79154456223445,-146.43066736364435,2003-08-14,1,1,55.0,70.0,,Pastick,4.0,70.0,N,,,,,,
63.78779292084136,-146.43977276722498,2003-08-14,1,0,0.0,64.0,,Pastick,5.0,7.0,N,,,,,,
63.787559371792526,-146.44436326857053,2003-08-14,1,1,48.0,65.0,,Pastick,6.0,27.0,N,,,,,,
63.78490915060896,-146.45068486700896,2003-08-14,1,0,0.0,60.0,,Pastick,7.0,15.0,N,,,,,,
63.78386420836799,-146.46397404159654,2003-08-14,1,0,0.0,56.0,,Pastick,8.0,2.0,N,,,,,,
63.79532138590296,-146.50583211602745,2003-08-14,1,0,0.0,63.0,,Pastick,1.0,8.0,N,,,,,,
63.79612567654862,-146.50222538346785,2003-08-14,1,1,32.0,40.0,,Pastick,2.0,32.0,N,,,,,,
63.79704683988489,-146.50129572552927,2003-08-14,1,0,0.0,58.0,,Pastick,3.0,35.0,Y,,,,,,
63.797039817178906,-146.49926603428875,2003-08-14,1,1,58.0,80.0,,Pastick,4.0,58.0,N,,,,,,
63.79767438558584,-146.49336818059416,2003-08-14,1,0,0.0,68.0,,Pastick,5.0,23.0,Y,,,,,,
63.8220457073968,-146.12920241269035,2002-08-15,1,0,0.0,130.0,,Pastick,1.0,8.0,N,,,,,,
63.8203745259887,-146.1244391421252,2002-08-15,1,1,45.0,50.0,,Pastick,2.0,50.0,N,,,,,,
63.82176056489551,-146.1191746585606,2002-08-15,1,1,58.0,70.0,,Pastick,3.0,25.0,N,,,,,,
63.78778472214668,-146.26223971484677,2003-08-15,1,1,39.0,56.0,,Pastick,1.0,33.0,N,,,,,,
63.78694232595347,-146.25897450277773,2003-08-15,1,0,0.0,41.0,,Pastick,2.0,32.0,N,,,,,,
63.77592845804071,-146.25512549003943,2003-08-15,1,1,31.0,55.0,,Pastick,7.0,23.0,N,,,,,,
63.77483344012282,-146.2533694683298,2003-08-15,1,0,0.0,40.0,,Pastick,8.0,30.0,N,,,,,,
63.783014434166375,-146.25781964293333,2003-08-15,1,1,52.0,60.0,,Pastick,3.0,15.0,N,,,,,,
63.78039802429496,-146.2568943233877,2003-08-15,1,1,41.0,60.0,,Pastick,4.0,30.0,N,,,,,,
63.77850543064786,-146.2553618367535,2003-08-15,1,1,38.0,52.0,,Pastick,5.0,38.0,N,,,,,,
63.77634793292032,-146.2564125998538,2003-08-15,1,0,0.0,67.0,,Pastick,6.0,37.0,N,,,,,,
63.77331171416492,-146.24894769747806,2003-08-15,1,0,0.0,80.0,,Pastick,10.0,51.0,N,,,,,,
63.81228639283684,-146.38932559147088,2003-08-16,1,1,36.0,53.0,,Pastick,1.0,33.0,N,,,,,,
63.81477851396507,-146.3886623104619,2003-08-16,1,0,0.0,60.0,,Pastick,2.0,60.0,N,,,,,,
63.81675646388844,-146.38526786844366,2003-08-16,1,1,35.0,45.0,,Pastick,3.0,21.0,N,,,,,,
63.82124462593059,-146.3791768739639,2003-08-16,1,1,42.0,53.0,,Pastick,4.0,42.0,N,,,,,,
63.82301162726218,-146.37686245833663,2003-08-16,1,1,50.0,51.0,,Pastick,5.0,23.0,N,,,,,,
63.825370854531904,-146.37453461509972,2003-08-16,1,1,32.0,52.0,,Pastick,6.0,32.0,N,,,,,,
63.82760213639751,-146.37375358169427,2003-08-16,1,1,39.0,60.0,,Pastick,7.0,39.0,N,,,,,,
63.82785814920165,-146.37484520783482,2003-08-16,1,1,49.0,60.0,,Pastick,8.0,49.0,N,,,,,,
63.81791465426088,-146.32696323742744,2003-08-16,1,1,46.0,60.0,,Pastick,1.0,34.0,N,,,,,,
63.81926893943631,-146.33257835896828,2003-08-16,1,1,34.0,55.0,,Pastick,2.0,21.0,N,,,,,,
63.82537630481314,-146.34141475926208,2003-08-16,1,1,44.0,57.0,,Pastick,3.0,20.0,N,,,,,,
63.82734884354362,-146.34693644930087,2003-08-16,1,1,43.0,59.0,,Pastick,4.0,18.0,N,,,,,,
63.82819136824975,-146.34868485263806,2003-08-16,1,1,69.0,85.0,,Pastick,5.0,32.0,N,,,,,,
63.82976284461069,-146.3469008512763,2003-08-16,1,0,0.0,54.0,,Pastick,6.0,3.0,N,,,,,,
63.83000724367316,-146.34736260043246,2003-08-16,1,1,58.0,67.0,,Pastick,7.0,25.0,N,,,,,,
63.83153989195991,-146.35090402134915,2003-08-16,1,1,41.0,66.0,,Pastick,8.0,21.0,N,,,,,,
63.822189241859455,-146.30477700848328,2003-08-18,1,1,29.0,50.0,,Pastick,1.0,29.0,N,,,,,,
63.82299953612575,-146.28506956483722,2003-08-18,1,0,0.0,85.0,,Pastick,3.0,7.0,N,,,,,,
63.82184831227252,-146.28095418240378,2003-08-18,1,1,40.0,50.0,,Pastick,4.0,22.0,N,,,,,,
63.82164330654143,-146.27943568192094,2003-08-18,1,1,31.0,53.0,,Pastick,5.0,31.0,N,,,,,,
63.82023862638147,-146.27492092909566,2003-08-18,1,1,35.0,40.0,,Pastick,6.0,21.0,N,,,,,,
63.8195300453072,-146.26965728052656,2003-08-18,1,1,37.0,55.0,,Pastick,7.0,30.0,N,,,,,,
63.81956162528123,-146.26880323710597,2003-08-18,1,1,37.0,53.0,,Pastick,8.0,53.0,N,,,,,,
63.82371907162237,-146.29451943390157,2003-08-18,1,0,0.0,70.0,,Pastick,2.0,26.0,N,,,,,,
63.799580902868136,-146.29711218473042,2003-08-18,1,0,0.0,50.0,,Pastick,1.0,0.0,N,,,,,,
63.79920746780823,-146.29783198890718,2003-08-18,1,1,50.0,57.0,,Pastick,2.0,35.0,N,,,,,,
63.801080156745655,-146.2953695241395,2003-08-18,1,1,24.0,50.0,,Pastick,3.0,29.0,N,,,,,,
63.80264061535816,-146.29330030338588,2003-08-18,1,1,24.0,56.0,,Pastick,4.0,24.0,N,,,,,,
63.807458616584725,-146.28753454485573,2003-08-18,1,1,37.0,45.0,,Pastick,5.0,41.0,N,,,,,,
63.809753241846025,-146.28694860352417,2003-08-18,1,1,50.0,60.0,,Pastick,6.0,32.0,N,,,,,,
63.84570036513594,-146.81301341507952,2003-08-19,1,0,0.0,50.0,,Pastick,1.0,50.0,N,,,,,,
63.84657193352953,-146.813841300731,2003-08-19,1,1,42.0,51.0,,Pastick,2.0,51.0,N,,,,,,
63.84739219197562,-146.81666230889277,2003-08-19,1,0,0.0,30.0,,Pastick,3.0,30.0,N,,,,,,
63.84863180786729,-146.81758964694404,2003-08-19,1,0,0.0,42.0,,Pastick,4.0,8.0,N,,,,,,
63.84948227330312,-146.8231357375675,2003-08-19,1,0,0.0,35.0,,Pastick,5.0,35.0,Y,,,,,,
63.85144692011385,-146.8378473422486,2003-08-19,1,1,26.0,34.0,,Pastick,6.0,34.0,N,,,,,,
63.85990006844384,-146.7654383884313,2003-08-19,1,1,31.0,50.0,,Pastick,1.0,40.0,N,,,,,,
63.85817138467346,-146.77316234598962,2003-08-19,1,0,0.0,90.0,,Pastick,2.0,18.0,N,,,,,,
63.85681753308966,-146.7797840298205,2003-08-19,1,0,0.0,50.0,,Pastick,3.0,11.0,N,,,,,,
63.85410345705464,-146.78924249655,2003-08-19,1,1,45.0,55.0,,Pastick,4.0,30.0,N,,,,,,
63.85234471612865,-146.7956416672665,2003-08-19,1,0,0.0,60.0,,Pastick,5.0,15.0,N,,,,,,
63.848296820904935,-146.37986185429494,2003-08-20,1,1,36.0,154.0,,Pastick,1.0,36.0,N,,,,,,
63.84853509640282,-146.3789211751985,2003-08-20,1,1,35.0,170.0,,Pastick,2.0,10.0,N,,,,,,
63.966346871067536,-146.88990792597588,2002-08-23,1,0,0.0,110.0,,Pastick,1.0,8.0,N,,,,,,
63.961575559318376,-146.8937854369659,2002-08-23,1,1,70.0,80.0,,Pastick,2.0,38.0,N,,,,,,
63.96429251103216,-146.89083483997027,2002-08-23,1,0,0.0,105.0,,Pastick,1.0,9.0,N,,,,,,
63.96582659365163,-146.8901958480867,2002-08-23,1,0,0.0,110.0,,Pastick,1.0,4.0,N,,,,,,
63.96394243132309,-146.89071369261094,2002-08-23,1,0,0.0,100.0,,Pastick,1.0,3.0,N,,,,,,
64.06138682307436,-146.6931790354978,2002-08-24,1,1,38.0,60.0,,Pastick,1.0,30.0,N,,,,,,
64.06270444932615,-146.70105353926883,2002-08-24,1,0,0.0,110.0,,Pastick,2.0,18.0,N,,,,,,
64.06038443451934,-146.69021912383795,2002-08-24,1,1,50.0,60.0,,Pastick,1.0,38.0,N,,,,,,
64.06257454858577,-146.69898536117202,2002-08-24,1,1,80.0,100.0,,Pastick,2.0,0.0,N,,,,,,
64.09615609269575,-146.44804418027974,2002-08-25,1,1,47.0,58.0,,Pastick,1.0,47.0,N,,,,,,
64.09587924676453,-146.4095005948859,2002-08-25,1,1,49.0,55.0,,Pastick,2.0,8.0,N,,,,,,
64.09664708732026,-146.40632480271896,2002-08-25,1,1,36.0,45.0,,Pastick,3.0,19.0,N,,,,,,
64.13699296491812,-146.70206326182966,2002-08-25,1,1,55.0,66.0,,Pastick,4.0,37.0,N,,,,,,
64.09625192168842,-146.44728319089413,2002-08-25,1,1,43.0,60.0,,Pastick,2.0,43.0,N,,,,,,
64.09633969995883,-146.4079726427443,2002-08-25,1,0,0.0,100.0,,Pastick,3.0,17.0,N,,,,,,
64.13649106620365,-146.70237681698433,2002-08-25,1,1,45.0,75.0,,Pastick,5.0,25.0,N,,,,,,
64.1365949639917,-146.7005266274242,2002-08-25,1,1,50.0,60.0,,Pastick,4.0,50.0,N,,,,,,
64.0962799673308,-146.4499497130656,2002-08-25,1,1,52.0,60.0,,Pastick,1.0,52.0,N,,,,,,
63.83617163987325,-146.4275911130087,2003-08-27,1,0,0.0,51.0,,Pastick,1.0,4.0,N,,,,,,
63.83422047272086,-146.43578108759002,2003-08-27,1,0,0.0,54.0,,Pastick,3.0,6.0,N,,,,,,
63.83445594306637,-146.4432763785076,2003-08-27,1,0,0.0,33.0,,Pastick,4.0,23.0,N,,,,,,
63.83481355253399,-146.44759863816577,2003-08-27,1,1,33.0,44.0,,Pastick,5.0,42.0,N,,,,,,
63.834939408271175,-146.45952726038013,2003-08-27,1,1,56.0,60.0,,Pastick,6.0,41.0,N,,,,,,
63.85051473854522,-146.99802081612032,2003-08-28,1,0,0.0,40.0,,Pastick,1.0,12.0,N,,,,,,
63.85029032395392,-146.99539748194,2003-08-28,1,0,0.0,57.0,,Pastick,2.0,14.0,N,,,,,,
63.85058647371428,-146.99543810606866,2003-08-28,1,0,0.0,55.0,,Pastick,3.0,12.0,N,,,,,,
63.84208247766612,-147.03988113197235,2003-08-28,1,0,0.0,25.0,,Pastick,5.0,9.0,N,,,,,,
63.84197449754884,-147.04091781155887,2003-08-28,1,0,0.0,39.0,,Pastick,4.0,18.0,N,,,,,,
63.841113523875904,-147.03892427759004,2003-08-28,1,1,44.0,50.0,,Pastick,6.0,25.0,N,,,,,,
63.82306272012551,-146.59898613908538,2003-08-29,1,0,0.0,40.0,,Pastick,1.0,3.0,N,,,,,,
63.82104384925157,-146.5991164213421,2003-08-29,1,0,0.0,70.0,,Pastick,2.0,21.0,N,,,,,,
63.82041921252777,-146.60040513266944,2003-08-29,1,1,60.0,63.0,,Pastick,3.0,63.0,N,,,,,,
63.81826452654944,-146.63752761229023,2003-08-30,1,0,0.0,34.0,,Pastick,3.0,3.0,N,,,,,,
63.75305362406395,-146.1809619739053,2003-08-30,1,0,0.0,44.0,,Pastick,4.0,4.0,N,,,,,,
63.752261663115526,-146.18057956825345,2003-08-30,1,0,0.0,45.0,,Pastick,5.0,25.0,N,,,,,,
63.7767003280042,-146.19656494165224,2003-08-30,1,1,36.0,65.0,,Pastick,6.0,36.0,N,,,,,,
63.77657022000709,-146.19415482156893,2003-08-30,1,1,58.0,75.0,,Pastick,7.0,36.0,N,,,,,,
63.77725148318002,-146.1956161748787,2003-08-30,1,0,0.0,55.0,,Pastick,8.0,21.0,N,,,,,,
63.86821339502524,-146.27777553003392,2003-08-30,1,0,0.0,57.0,,Pastick,9.0,44.0,N,,,,,,
63.86933710238948,-146.4591720180185,2003-08-30,1,1,43.0,50.0,,Pastick,10.0,50.0,N,,,,,,
63.843993722424166,-145.9172812741749,2003-09-01,1,0,0.0,100.0,,Pastick,1.0,15.0,N,,,,,,
63.80940732911986,-145.73651660675165,2003-09-01,1,0,0.0,100.0,,Pastick,1.0,7.0,N,,,,,,
67.13701944440004,-150.862827778,2008-08-10,1,1,98.0,98.0,,Pastick,,7.0,,,,,,,
67.30224999999999,-153.417903333,2008-08-08,1,0,0.0,27.0,,Pastick,,0.0,,,,,,,
67.31228000000002,-153.449271667,2008-08-09,1,1,64.0,64.0,,Pastick,,8.0,,,,,,,
67.31237499999997,-153.442618333,2008-08-09,1,1,31.0,31.0,,Pastick,,30.0,,,,,,,
67.31900859359999,-153.450637888,2008-08-07,1,1,0.0,84.0,,Pastick,,35.0,,,,,,,
67.9293016667,-155.048318333,2008-08-02,1,1,84.0,84.0,,Pastick,,7.0,,,,,,,
67.9298416667,-155.054325,2008-08-02,1,1,24.0,24.0,,Pastick,,24.0,,,,,,,
67.92880999999997,-155.044401667,2008-08-02,1,1,94.5,94.5,,Pastick,,1.0,,,,,,,
67.92938166670001,-155.037776667,2008-08-02,1,1,38.0,38.0,,Pastick,,38.0,,,,,,,
67.92652999999999,-155.032921667,2008-08-04,1,1,0.0,69.0,,Pastick,,2.0,,,,,,,
67.9288716667,-155.033448333,2008-08-04,1,1,38.0,38.0,,Pastick,,18.0,,,,,,,
67.92968499999999,-155.0317,2008-08-04,1,1,41.0,41.0,,Pastick,,21.0,,,,,,,
67.92333329999998,-155.027066667,2008-08-04,1,1,63.0,63.0,,Pastick,,18.0,,,,,,,
67.92794000000006,-155.020718333,2008-08-04,1,1,57.0,57.0,,Pastick,,40.0,,,,,,,
67.92883833329999,-155.014455,2008-08-04,1,1,0.0,37.0,,Pastick,,6.0,,,,,,,
67.9275716667,-155.015678333,2008-08-04,1,1,42.0,42.0,,Pastick,,29.0,,,,,,,
67.93066999999995,-155.050968333,2008-08-06,1,1,0.0,38.0,,Pastick,,10.0,,,,,,,
67.14552705000004,-150.8595301,2009-08-15,1,1,95.0,95.0,,Pastick,,0.0,,,,,,,
67.14534909999999,-150.8563222,2009-08-15,1,1,45.0,50.0,,Pastick,,0.0,,,,,,,
67.14588890000002,-150.8544921,2009-08-16,1,1,60.0,60.0,,Pastick,,0.0,,,,,,,
67.14517064999995,-150.8530993,2009-08-16,1,1,80.0,80.0,,Pastick,,0.0,,,,,,,
67.14445459,-150.8517045,2009-08-16,1,1,44.0,50.0,,Pastick,,0.0,,,,,,,
67.13509417999998,-150.8551407,2009-08-17,1,1,90.0,95.0,,Pastick,,0.0,,,,,,,
67.13459923000002,-150.8532416,2009-08-17,1,1,58.0,65.0,,Pastick,,0.0,,,,,,,
67.13535989,-150.8519992,2009-08-17,1,1,58.0,65.0,,Pastick,,0.0,,,,,,,
67.15352657000003,-150.9087567,2009-08-18,1,1,35.0,40.0,,Pastick,,0.0,,,,,,,
67.15534334999994,-150.9085338,2009-08-18,1,1,50.0,52.0,,Pastick,,0.0,,,,,,,
67.15561684999997,-150.9179555,2009-08-19,1,1,46.0,50.0,,Pastick,,0.0,,,,,,,
67.15742919,-150.9177109,2009-08-19,1,1,62.0,65.0,,Pastick,,0.0,,,,,,,
67.14786627000001,-150.8573122,2009-08-20,1,1,52.0,55.0,,Pastick,,0.0,,,,,,,
68.06926073,-153.0043607,2010-07-18,1,1,42.0,45.0,,Pastick,,0.0,,,,,,,
68.06918561999997,-153.0091608,2010-07-18,1,1,42.0,42.0,,Pastick,,0.0,,,,,,,
68.06911915999999,-153.0139803,2010-07-18,1,1,30.0,30.0,,Pastick,,0.0,,,,,,,
68.07091163,-153.0141887,2010-07-18,1,1,65.0,45.0,,Pastick,,0.0,,,,,,,
68.07271096999996,-153.0143943,2010-07-20,1,1,35.0,35.0,,Pastick,,0.0,,,,,,,
67.71644500000001,-154.704586667,2008-08-05,1,1,0.0,43.0,,Pastick,,3.0,,,,,,,
67.71712500000002,-154.703006667,2008-08-05,1,1,0.0,40.0,,Pastick,,2.5,,,,,,,
67.70162333329999,-154.719268333,2008-08-05,1,1,73.0,73.0,,Pastick,,1.0,,,,,,,
67.89230000000002,-153.2325333,2008-08-02,1,1,54.0,54.0,,Pastick,,5.0,,,,,,,
67.87432777779998,-153.270369444,2008-08-02,1,1,25.0,25.0,,Pastick,,20.0,,,,,,,
67.87735277779998,-153.26761388900002,2008-08-02,1,1,38.0,38.0,,Pastick,,3.0,,,,,,,
67.87883055559996,-153.259391667,2008-08-02,1,1,0.0,30.0,,Pastick,,1.0,,,,,,,
67.87409444439999,-153.282152778,2008-08-04,1,1,0.0,38.0,,Pastick,,4.0,,,,,,,
67.8737305556,-153.285194444,2008-08-04,1,1,29.0,29.0,,Pastick,,5.0,,,,,,,
67.87437500000001,-153.295611111,2008-08-04,1,1,0.0,40.0,,Pastick,,7.0,,,,,,,
67.87516111109998,-153.295719444,2008-08-04,1,1,0.0,38.0,,Pastick,,4.0,,,,,,,
67.8722638889,-153.274663889,2008-08-05,1,1,0.0,40.0,,Pastick,,13.0,,,,,,,
67.87688611110002,-153.263272222,2008-08-05,1,1,0.0,40.0,,Pastick,,12.0,,,,,,,
67.87773888890001,-153.261419444,2008-08-05,1,1,0.0,40.0,,Pastick,,4.0,,,,,,,
67.8708805556,-150.873102778,2008-08-06,1,0,0.0,38.0,,Pastick,,1.5,,,,,,,
67.86650299999997,-150.862556,2008-08-08,1,1,88.0,88.0,,Pastick,,14.0,,,,,,,
67.86790600000003,-150.862447,2008-08-08,1,1,65.0,65.0,,Pastick,,8.0,,,,,,,
67.87070277780002,-150.890136111,2008-08-07,1,1,37.0,50.0,,Pastick,,8.5,,,,,,,
67.87513611110003,-150.897061111,2008-08-07,1,1,39.0,39.0,,Pastick,,14.0,,,,,,,
67.87477777780003,-150.908775,2008-08-07,1,1,0.0,50.0,,Pastick,,13.0,,,,,,,
67.86603299999999,-150.859647,2008-08-09,1,1,0.0,35.0,,Pastick,,20.0,,,,,,,
67.86646100000003,-150.857231,2008-08-09,1,1,0.0,55.0,,Pastick,,28.0,,,,,,,
67.86524999999999,-150.846597,2008-08-09,1,1,0.0,45.0,,Pastick,,14.0,,,,,,,
67.86601399999995,-150.838772,2008-08-09,1,1,0.0,43.0,,Pastick,,4.0,,,,,,,
67.12971111109998,-150.890363889,2008-08-07,1,0,0.0,50.0,,Pastick,,0.0,,,,,,,
67.12911944440005,-150.892891667,2008-08-07,1,0,0.0,130.0,,Pastick,,1.0,,,,,,,
67.12933611110003,-150.893822222,2008-08-07,1,0,0.0,130.0,,Pastick,,3.0,,,,,,,
67.12994999999995,-150.891072222,2008-08-07,1,0,0.0,80.0,,Pastick,,3.0,,,,,,,
67.1307861111,-150.890877778,2008-08-07,1,0,0.0,130.0,,Pastick,,5.0,,,,,,,
67.13174444440001,-150.89102222200003,2008-08-07,1,1,96.0,96.0,,Pastick,,10.0,,,,,,,
67.13560555560004,-150.8846,2008-08-07,1,1,42.0,42.0,,Pastick,,12.0,,,,,,,
67.1328944444,-150.904041667,2008-08-08,1,1,55.0,100.0,,Pastick,,40.0,,,,,,,
67.1326583333,-150.903822222,2008-08-08,1,0,0.0,130.0,,Pastick,,40.0,,,,,,,
67.13400555560003,-150.908294444,2008-08-08,1,0,0.0,130.0,,Pastick,,40.0,,,,,,,
67.13488333329998,-150.91215,2008-08-08,1,1,55.0,55.0,,Pastick,,40.0,,,,,,,
67.13518055560002,-150.913647222,2008-08-08,1,0,0.0,130.0,,Pastick,,40.0,,,,,,,
67.13469722220006,-150.913091667,2008-08-08,1,0,0.0,130.0,,Pastick,,40.0,,,,,,,
67.13625000000003,-150.910652778,2008-08-08,1,1,40.0,40.0,,Pastick,,40.0,,,,,,,
67.1370277778,-150.910411111,2008-08-08,1,0,0.0,130.0,,Pastick,,40.0,,,,,,,
67.13766944439996,-150.905372222,2008-08-08,1,0,0.0,130.0,,Pastick,,2.0,,,,,,,
67.13665833329999,-150.901597222,2008-08-08,1,1,42.0,42.0,,Pastick,,40.0,,,,,,,
67.13757222219998,-150.895830556,2008-08-08,1,0,0.0,130.0,,Pastick,,40.0,,,,,,,
67.12971388890003,-150.851522222,2008-08-09,1,0,0.0,0.0,,Pastick,,0.0,,,,,,,
67.13110833329998,-150.852841667,2008-08-09,1,0,0.0,130.0,,Pastick,,0.0,,,,,,,
67.13093055560005,-150.852113889,2008-08-09,1,0,0.0,60.0,,Pastick,,0.0,,,,,,,
67.13097777779998,-150.851080556,2008-08-09,1,0,0.0,130.0,,Pastick,,4.0,,,,,,,
67.13036111109999,-150.844836111,2008-08-09,1,0,0.0,130.0,,Pastick,,11.0,,,,,,,
67.13272777779997,-150.846255556,2008-08-09,1,1,49.0,49.0,,Pastick,,23.0,,,,,,,
67.1328583333,-150.847805556,2008-08-09,1,1,65.0,65.0,,Pastick,,9.0,,,,,,,
67.13252222219995,-150.848386111,2008-08-09,1,1,69.0,69.0,,Pastick,,12.0,,,,,,,
67.13431111109996,-150.85415,2008-08-09,1,0,0.0,110.0,,Pastick,,4.0,,,,,,,
67.1354555556,-150.856033333,2008-08-09,1,1,56.0,56.0,,Pastick,,21.0,,,,,,,
67.13630833329998,-150.85839722200004,2008-08-09,1,1,43.0,43.0,,Pastick,,21.0,,,,,,,
63.31426515102567,-145.74091618568517,1998-07-24,1,1,28.0,64.0,,Pastick,1.0,13.0,N,,,,,,
63.35675820633763,-145.74193600837887,1997-06-21,1,0,0.0,152.0,,Pastick,1.0,10.0,N,,,,,,
63.33521524457464,-145.75212512572406,1998-07-23,1,0,0.0,76.0,,Pastick,2.0,8.0,N,,,,,,
63.31202492458678,-145.75566349948016,1998-07-24,1,0,0.0,152.0,,Pastick,2.0,0.0,N,,,,,,
63.29619129388316,-145.76498356575837,1999-06-22,1,0,0.0,76.0,,Pastick,1.0,5.0,N,,,,,,
63.409085962239566,-145.76321433561054,1998-07-23,1,0,0.0,152.0,,Pastick,1.0,0.0,N,,,,,,
63.40464781182766,-145.77107415605428,1997-06-21,1,1,36.0,36.0,,Pastick,1.0,25.0,N,,,,,,
63.2311172509557,-145.78306661773792,1997-06-21,1,1,66.0,66.0,,Pastick,3.0,10.0,N,,,,,,
63.20973069103286,-145.7908662818497,1998-07-22,1,1,28.0,28.0,,Pastick,1.0,8.0,N,,,,,,
63.435804232271856,-145.78799978875236,1999-06-24,1,0,0.0,152.0,,Pastick,1.0,0.0,N,,,,,,
63.28235933658847,-145.79647880965263,1997-06-22,1,0,0.0,152.0,,Pastick,1.0,0.0,N,,,,,,
63.27850112893552,-145.801982195141,1997-06-21,1,0,0.0,152.0,,Pastick,1.0,3.0,N,,,,,,
63.28611712780275,-145.80677086737774,1999-06-22,1,0,0.0,152.0,,Pastick,1.0,10.0,N,,,,,,
63.28759002869056,-145.80686951578693,1999-06-22,1,1,0.0,83.0,,Pastick,3.0,8.0,Y,,,,,,
63.22681872058215,-145.8097136211761,1999-06-21,1,0,0.0,152.0,,Pastick,2.0,5.0,N,,,,,,
63.19677290062852,-145.8212449632622,1999-06-20,1,0,0.0,152.0,,Pastick,1.0,5.0,N,,,,,,
63.1968306118417,-145.8227931582281,1999-06-20,1,0,0.0,152.0,,Pastick,2.0,5.0,N,,,,,,
63.20301455228842,-145.82488810377112,1998-07-21,1,0,0.0,152.0,,Pastick,2.0,5.0,N,,,,,,
63.19187518338942,-145.83360782583267,1998-07-21,1,0,0.0,152.0,,Pastick,1.0,13.0,N,,,,,,
63.4390254651221,-145.83100374391466,1998-07-23,1,0,0.0,152.0,,Pastick,1.0,10.0,N,,,,,,
63.194602630863216,-145.84113089668548,1997-06-20,1,0,0.0,152.0,,Pastick,1.0,8.0,N,,,,,,
63.18662816250614,-145.8584200107434,1997-06-20,1,0,0.0,152.0,,Pastick,1.0,10.0,N,,,,,,
63.189142556664414,-145.8879917862327,1997-06-19,1,0,0.0,152.0,,Pastick,1.0,10.0,N,,,,,,
63.190511070488,-145.8908210424398,1998-07-20,1,0,0.0,152.0,,Pastick,3.0,0.0,N,,,,,,
63.182858378485925,-145.92282439161465,1997-06-19,1,0,0.0,152.0,,Pastick,1.0,0.0,N,,,,,,
63.18463021311889,-145.92329506314073,1997-06-19,1,0,0.0,41.0,,Pastick,2.0,8.0,Y,,,,,,
63.17955123154865,-145.9318076653843,1998-07-20,1,0,0.0,152.0,,Pastick,3.0,18.0,N,,,,,,
63.11331614448534,-145.99174173969172,1997-06-18,1,0,0.0,152.0,,Pastick,3.0,5.0,N,,,,,,
63.01537050323735,-146.0356006751588,1999-06-16,1,1,20.0,51.0,,Pastick,1.0,13.0,N,,,,,,
63.02764243124364,-146.04246798763208,1998-06-18,1,0,0.0,152.0,,Pastick,1.0,15.0,N,,,,,,
63.02935116020483,-146.04561367542172,1998-06-18,1,0,0.0,43.0,,Pastick,1.0,3.0,Y,,,,,,
63.02878569158476,-146.0549802343228,1998-06-18,1,0,0.0,152.0,,Pastick,3.0,8.0,N,,,,,,
63.02947508093483,-146.0574086319975,1998-06-18,1,0,0.0,152.0,,Pastick,5.0,0.0,N,,,,,,
63.00847210281224,-146.0848666029068,1999-06-16,1,1,64.0,64.0,,Pastick,4.0,25.0,N,,,,,,
63.01006755738499,-146.0886877488132,1999-06-16,1,0,0.0,152.0,,Pastick,1.0,5.0,N,,,,,,
62.97733705983261,-146.102057307905,1999-06-17,1,1,36.0,36.0,,Pastick,1.0,23.0,N,,,,,,
62.95663244471505,-146.20597557631146,1998-06-17,1,0,0.0,152.0,,Pastick,3.0,64.0,N,,,,,,
62.95858975361552,-146.215721103253,1998-06-17,1,1,56.0,61.0,,Pastick,5.0,56.0,N,,,,,,
62.96149367508539,-146.22307679077727,1998-06-17,1,1,51.0,51.0,,Pastick,3.0,51.0,N,,,,,,
62.96088515263168,-146.22504491914367,1998-06-17,1,0,0.0,152.0,,Pastick,2.0,97.0,N,,,,,,
63.64580414628511,-158.01015277263218,2010-07-16,1,0,77.0,,,Pastick,,,,,,,,,
63.64666958151667,-158.0119128526828,2010-07-16,1,0,55.0,,,Pastick,,,,,,,,,
63.64693586496297,-158.012454437333,2010-07-16,1,0,47.0,,,Pastick,,,,,,,,,
62.90222986791424,-159.42555384624868,2010-07-21,1,0,66.0,,,Pastick,,,,,,,,,
62.90197768931232,-159.42499364916276,2010-07-21,1,0,64.0,,,Pastick,,,,,,,,,
62.90141027926518,-159.4237332409059,2010-07-21,1,0,55.0,,,Pastick,,,,,,,,,
62.90331220437952,-159.48373830079862,2010-07-22,1,0,51.0,,,Pastick,,,,,,,,,
62.9035393000474,-159.48294843277304,2010-07-22,1,0,49.0,,,Pastick,,,,,,,,,
62.90372097340072,-159.4823165295454,2010-07-22,1,0,47.0,,,Pastick,,,,,,,,,
63.00286798368362,-159.1868200867985,2010-07-23,1,0,91.0,,,Pastick,,,,,,,,,
63.00345599963589,-159.1855629997081,2010-07-24,1,0,92.0,,,Pastick,,,,,,,,,
63.0035417544866,-159.18562127230797,2010-07-24,1,0,90.0,,,Pastick,,,,,,,,,
63.00439930160959,-159.18620401713366,2010-07-24,1,0,92.0,,,Pastick,,,,,,,,,
62.91052699973266,-159.51981700094353,2010-07-24,1,0,0.0,,,Pastick,,,,,,,,,
62.91044774254323,-159.52098505702995,2010-07-24,1,0,0.0,,,Pastick,,,,,,,,,
62.91869840267328,-159.4859734032542,2010-07-25,1,0,90.0,,,Pastick,,,,,,,,,
62.91908480392122,-159.48547279356316,2010-07-25,1,0,55.0,,,Pastick,,,,,,,,,
62.928146969637886,-159.49873277659285,2010-07-25,1,0,67.0,,,Pastick,,,,,,,,,
63.02638842235442,-158.9034378318501,2010-07-27,1,0,55.0,,,Pastick,,,,,,,,,
63.02580653200781,-158.9056643797753,2010-07-27,1,0,102.0,,,Pastick,,,,,,,,,
63.02960607858805,-158.90109492734936,2010-07-27,1,0,32.0,,,Pastick,,,,,,,,,
62.951021813874,-159.5730590371088,2010-08-04,1,0,91.0,,,Pastick,,,,,,,,,
62.95082886142472,-159.5737238562188,2010-08-04,1,0,56.0,,,Pastick,,,,,,,,,
62.95049118711979,-159.57488726856573,2010-08-04,1,0,53.0,,,Pastick,,,,,,,,,
62.9731634173438,-159.52715648672236,2010-08-05,1,0,55.0,,,Pastick,,,,,,,,,
62.9556254464142,-159.58222555980322,2010-08-06,1,0,80.0,,,Pastick,,,,,,,,,
62.954873783622894,-159.58287521784644,2010-08-06,1,0,44.0,,,Pastick,,,,,,,,,
62.956068869838006,-159.6336010231893,2010-08-09,1,0,50.0,,,Pastick,,,,,,,,,
62.20588819886457,-159.78228429709992,2003-06-21,1,0,,110.0,,Pastick,2.0,6.0,N,,,,,,
62.19805770660759,-159.77798836642216,2003-06-21,1,0,,70.0,,Pastick,4.0,22.0,N,,,,,,
62.1947346885906,-159.7734640442833,2003-06-21,1,0,,195.0,,Pastick,1.0,8.0,N,,,,,,
62.192873686542406,-159.78196703914847,2003-06-21,1,0,,190.0,,Pastick,4.0,80.0,N,,,,,,
62.19409467417728,-159.79143342705368,2003-06-18,1,0,,175.0,,Pastick,2.0,22.0,N,,,,,,
62.194867544747794,-159.7881292665692,2003-06-18,1,0,,195.0,,Pastick,3.0,19.0,N,,,,,,
62.13335391649235,-159.7384731378846,2003-06-19,1,0,,195.0,,Pastick,1.0,5.0,N,,,,,,
62.206753392431615,-159.78326785627848,2003-06-22,1,0,,90.0,,Pastick,2.0,26.0,N,,,,,,
62.20633422184589,-159.78437195239655,2003-06-22,1,0,,100.0,,Pastick,3.0,8.0,N,,,,,,
62.20634393958037,-159.78740949036745,2003-06-22,1,0,,145.0,,Pastick,4.0,9.0,N,,,,,,
62.18519309939784,-159.81867089861495,2003-06-23,1,0,,180.0,,Pastick,7.0,10.0,N,,,,,,
62.18898390427556,-159.79821621312797,2003-06-23,1,0,,180.0,,Pastick,9.0,180.0,N,,,,,,
62.18834286868545,-159.79729634618897,2003-06-23,1,0,,170.0,,Pastick,10.0,170.0,N,,,,,,
62.10108557868647,-160.0360776434748,2003-06-25,1,0,,200.0,,Pastick,3.0,4.0,N,,,,,,
62.10198616454762,-160.03689383976993,2003-06-25,1,0,,185.0,,Pastick,1.0,18.0,N,,,,,,
62.10146949287176,-160.0363589456535,2003-06-25,1,0,,170.0,,Pastick,2.0,6.0,N,,,,,,
62.11540105514797,-160.0787900691262,2003-06-26,1,0,,80.0,,Pastick,1.0,16.0,Y,,,,,,
62.114617039661454,-160.07571479698709,2003-06-26,1,0,,140.0,,Pastick,3.0,56.0,N,,,,,,
62.11427465599295,-160.07587515837392,2003-06-26,1,0,,120.0,,Pastick,4.0,17.0,N,,,,,,
62.07144773599177,-160.0649435656712,2003-06-27,1,1,77.0,118.0,,Pastick,1.0,25.0,N,,,,,,
62.08417302273683,-160.08057284137385,2003-06-27,1,0,,200.0,,Pastick,2.0,8.0,N,,,,,,
62.0740722899716,-159.87087732659447,2003-06-28,1,0,,195.0,,Pastick,6.0,3.0,N,,,,,,
62.3169513998932,-159.99142442779615,2003-07-13,1,0,,160.0,,Pastick,1.0,0.0,N,,,,,,
62.15862045915257,-159.65899707171553,2003-07-16,1,0,,200.0,,Pastick,2.0,23.0,N,,,,,,
62.38227107965763,-159.58665644108365,2003-07-18,1,1,85.0,110.0,,Pastick,2.0,50.0,N,,,,,,
62.38315508681915,-159.57702505190878,2003-07-18,1,1,100.0,125.0,,Pastick,4.0,100.0,N,,,,,,
62.46564085809386,-159.52153372771622,2003-07-19,1,1,75.0,90.0,,Pastick,2.0,24.0,N,,,,,,
62.46428652588428,-159.51398745138755,2003-07-19,1,0,,125.0,,Pastick,4.0,11.0,N,,,,,,
62.54642007006138,-159.54192163883826,2003-07-21,1,0,,115.0,,Pastick,8.0,10.0,N,,,,,,
62.49795262565032,-160.32176300515974,2003-07-24,1,0,,63.0,,Pastick,5.0,17.0,N,,,,,,
61.87794835614746,-160.13887293017655,2003-08-12,1,0,,200.0,,Pastick,3.0,110.0,N,,,,,,
61.87791654679292,-160.1383772751628,2003-08-12,1,1,50.0,50.0,,Pastick,4.0,24.0,N,,,,,,
61.89317674693642,-160.50918047796057,2003-08-13,1,0,,130.0,,Pastick,2.0,130.0,N,,,,,,
61.894518294323866,-160.5047364276958,2003-08-13,1,0,60.0,70.0,,Pastick,4.0,18.0,N,,,,,,
61.89731377681338,-160.49950676648382,2003-08-13,1,0,,180.0,,Pastick,5.0,100.0,N,,,,,,
61.90831584891145,-159.96037102098867,2003-08-16,1,0,,190.0,,Pastick,3.0,190.0,N,,,,,,
61.91495722163039,-159.95677121713769,2003-08-16,1,0,,190.0,,Pastick,5.0,9.0,N,,,,,,
61.92056188903342,-160.664923163329,2003-08-17,1,0,,190.0,,Pastick,3.0,9.0,N,,,,,,
61.9795026360121,-160.90398361885383,2003-08-18,1,0,,50.0,,Pastick,1.0,4.0,N,,,,,,
61.97856430169651,-160.9036579073771,2003-08-18,1,0,,140.0,,Pastick,2.0,7.0,N,,,,,,
62.68591591209969,-160.20829862245682,2003-08-22,1,0,,190.0,,Pastick,2.0,5.0,N,,,,,,
62.91199094318331,-160.06484095135713,2003-09-09,1,0,,190.0,,Pastick,2.0,8.0,N,,,,,,
62.93115545939146,-160.10453894721513,2003-09-10,1,0,,65.0,,Pastick,6.0,8.0,N,,,,,,
62.07395715001606,-159.8489781038064,2003-06-28,1,0,,200.0,,Pastick,7.0,4.0,N,,,,,,
62.23237239562109,-160.0859282090382,2003-07-15,1,0,,48.0,,Pastick,2.0,20.0,N,,,,,,
62.23412591960522,-160.0901282686595,2003-07-15,1,0,,180.0,,Pastick,5.0,3.0,N,,,,,,
61.76544262160293,-159.68772783694115,2004-08-16,1,1,52.0,75.0,,Pastick,1.0,75.0,N,,,,,,
61.76890312951468,-159.68507635233473,2004-08-16,1,1,75.0,80.0,,Pastick,2.0,21.0,N,,,,,,
61.77254507739573,-159.68743156865818,2004-08-16,1,1,78.0,82.0,,Pastick,3.0,7.0,N,,,,,,
61.77708980591246,-159.6851826450556,2004-08-16,1,0,,125.0,,Pastick,4.0,120.0,N,,,,,,
61.78025906669291,-159.67423942276517,2004-08-16,1,0,,65.0,,Pastick,5.0,50.0,N,,,,,,
61.78475739702522,-159.66487725799337,2004-08-16,1,0,,150.0,,Pastick,6.0,130.0,N,,,,,,
61.7834992518512,-159.661437559427,2004-08-16,1,0,,150.0,,Pastick,7.0,0.0,N,,,,,,
61.784829168455865,-159.6740930384648,2004-08-16,1,0,,200.0,,Pastick,8.0,14.0,N,,,,,,
61.79099258237952,-159.66383623582348,2004-08-17,1,1,65.0,86.0,,Pastick,1.0,50.0,N,,,,,,
61.79331107871624,-159.65774173932095,2004-08-17,1,1,65.0,70.0,,Pastick,2.0,7.0,N,,,,,,
61.79474119746,-159.65151372518775,2004-08-17,1,1,70.0,75.0,,Pastick,3.0,16.0,N,,,,,,
61.79761367019525,-159.64776214744572,2004-08-17,1,1,110.0,120.0,,Pastick,4.0,3.0,N,,,,,,
61.79810457788577,-159.6445480153072,2004-08-17,1,1,70.0,75.0,,Pastick,5.0,3.0,N,,,,,,
61.91784420287162,-159.03757897935722,2004-08-26,1,0,,84.0,,Pastick,1.0,2.0,N,,,,,,
61.79840171144611,-159.02961863060213,2004-08-26,1,0,,120.0,,Pastick,2.0,21.0,N,,,,,,
61.79975180372389,-159.04860670146897,2004-08-26,1,0,,120.0,,Pastick,3.0,25.0,N,,,,,,
61.8064738159293,-159.0529808719148,2004-08-26,1,0,,85.0,,Pastick,4.0,12.0,N,,,,,,
61.811938443435686,-159.0585121049875,2004-08-26,1,0,,110.0,,Pastick,5.0,12.0,N,,,,,,
61.819062052903824,-159.06718041497223,2004-08-26,1,0,,200.0,,Pastick,6.0,39.0,N,,,,,,
61.82656473746608,-159.07097470112197,2004-08-26,1,0,,200.0,,Pastick,7.0,37.0,N,,,,,,
61.83272958532918,-159.07510937296834,2004-08-26,1,1,80.0,85.0,,Pastick,8.0,25.0,N,,,,,,
61.84483745355444,-159.0783112581705,2004-08-26,1,1,65.0,70.0,,Pastick,9.0,12.0,N,,,,,,
61.84523162254304,-159.07971795961612,2004-08-26,1,0,,200.0,,Pastick,10.0,200.0,N,,,,,,
61.78417157155665,-160.34480363025335,2004-08-28,1,1,80.0,82.0,,Pastick,6.0,10.0,N,,,,,,
61.7838213443545,-160.35485656488262,2004-08-28,1,0,,200.0,,Pastick,7.0,5.0,N,,,,,,
61.78422784231787,-160.36638389964978,2004-08-28,1,0,48.0,55.0,,Pastick,8.0,10.0,N,,,,,,
61.78331415373336,-160.37157648720657,2004-08-28,1,0,,200.0,,Pastick,9.0,70.0,N,,,,,,
61.782144494947566,-160.3789946035953,2004-08-28,1,0,,200.0,,Pastick,10.0,8.0,N,,,,,,
61.75790718935912,-159.87867587834316,2004-08-16,1,0,,50.0,,Pastick,1.0,2.0,N,,,,,,
61.75764627790994,-159.88016494596027,2004-08-16,1,0,,100.0,,Pastick,2.0,21.0,N,,,,,,
61.76272706852556,-159.88023428631624,2004-08-16,1,0,,62.0,,Pastick,3.0,5.0,N,,,,,,
61.76430123437773,-159.87974873546028,2004-08-16,1,0,,70.0,,Pastick,4.0,7.0,N,,,,,,
61.7706158759241,-159.86933542453096,2004-08-16,1,0,,70.0,,Pastick,5.0,6.0,N,,,,,,
61.770227754693245,-159.8393822329233,2004-08-17,1,0,,75.0,,Pastick,1.0,7.0,N,,,,,,
61.77257677234378,-159.83103148033172,2004-08-17,1,0,,80.0,,Pastick,2.0,6.0,N,,,,,,
61.77551499289986,-159.81562538344457,2004-08-17,1,0,,150.0,,Pastick,3.0,6.0,N,,,,,,
61.775732705158646,-159.80765149108626,2004-08-17,1,0,,125.0,,Pastick,4.0,18.0,N,,,,,,
61.89921750313983,-159.18324498613117,2004-08-26,1,0,,80.0,,Pastick,1.0,8.0,Y,,,,,,
61.89530850425413,-159.17254748054128,2004-08-26,1,0,,70.0,,Pastick,2.0,12.0,Y,,,,,,
61.8896835699692,-159.16231923383503,2004-08-26,1,0,,150.0,,Pastick,3.0,17.0,N,,,,,,
61.88379689391588,-159.1526830606318,2004-08-26,1,0,,102.0,,Pastick,4.0,7.0,N,,,,,,
61.87769683844503,-159.1403873523341,2004-08-26,1,0,,115.0,,Pastick,5.0,12.0,N,,,,,,
61.87618313338113,-159.13705278358862,2004-08-26,1,0,,60.0,,Pastick,6.0,7.0,N,,,,,,
61.87099672617333,-159.1253943492919,2004-08-26,1,0,,70.0,,Pastick,7.0,15.0,Y,,,,,,
61.86528221208972,-159.11065855530293,2004-08-26,1,1,73.0,95.0,,Pastick,8.0,40.0,N,,,,,,
61.85893839006225,-159.09499507256913,2004-08-26,1,1,55.0,75.0,,Pastick,9.0,26.0,N,,,,,,
61.85108165536677,-159.0844260294066,2004-08-26,1,1,52.0,72.0,,Pastick,10.0,72.0,N,,,,,,
61.9481323948067,-158.62291193613768,2004-08-27,1,1,80.0,90.0,,Pastick,8.0,32.0,N,,,,,,
61.9439008357346,-158.6183712865893,2004-08-27,1,0,55.0,60.0,,Pastick,9.0,34.0,Y,,,,,,
61.939796888178265,-158.62105205742574,2004-08-27,1,0,,90.0,,Pastick,10.0,9.0,N,,,,,,
64.76422287124701,-148.00664840577508,2002-06-11,1,0,0.0,53.0,,Pastick,1.0,5.0,N,,,,,,
64.7925625822335,-148.06454749483905,2002-06-17,1,0,0.0,75.0,,Pastick,7.0,10.0,Y,,,,,,
64.77596529933174,-148.07138103292743,2002-06-24,1,1,50.0,60.0,,Pastick,4.0,27.0,N,,,,,,
64.8019428044932,-148.11079103195888,2002-06-28,1,0,0.0,54.0,,Pastick,1.0,18.0,Y,,,,,,
64.76712487813131,-148.12723179952738,2002-07-09,1,0,0.0,180.0,,Pastick,7.0,21.0,N,,,,,,
64.75755184745327,-148.17887407173637,2002-07-11,1,0,0.0,43.0,,Pastick,3.0,2.0,Y,,,,,,
64.80047086679969,-148.221673374048,2002-07-24,1,0,0.0,160.0,,Pastick,4.0,10.0,Y,,,,,,
64.8170025533327,-148.1984081955014,2002-08-14,1,0,0.0,100.0,,Pastick,6.0,19.0,N,,,,,,
64.80432396286037,-148.08242340224282,2002-06-20,1,0,0.0,78.0,,Pastick,3.0,9.0,Y,,,,,,
64.79900560138095,-148.09178800069662,2002-06-20,1,0,0.0,43.0,,Pastick,5.0,3.0,Y,,,,,,
64.82668256159754,-148.06568393218586,2002-06-24,1,1,48.0,76.0,,Pastick,4.0,18.0,N,,,,,,
64.82674267752445,-148.05978619697032,2002-06-24,1,1,45.0,45.0,,Pastick,5.0,5.0,N,,,,,,
64.82191875979483,-148.07297482341383,2002-07-02,1,1,54.0,54.0,,Pastick,8.0,12.0,N,,,,,,
64.80184425625053,-148.14503968208422,2002-07-03,1,0,0.0,62.0,,Pastick,2.0,23.0,Y,,,,,,
64.80001898107302,-148.15014087747008,2002-07-03,1,0,0.0,66.0,,Pastick,4.0,10.0,Y,,,,,,
64.79843697522922,-148.18920581955882,2002-07-09,1,0,0.0,70.0,,Pastick,1.0,21.0,Y,,,,,,
64.81855163490953,-148.18316203964935,2002-07-09,1,0,0.0,180.0,,Pastick,6.0,7.0,N,,,,,,
64.83478810100776,-148.13923045699207,2002-07-11,1,0,0.0,71.0,,Pastick,3.0,8.0,Y,,,,,,
64.82298349619167,-148.13030397460562,2002-07-11,1,0,0.0,86.0,,Pastick,8.0,15.0,Y,,,,,,
64.84307243109438,-148.0576665037551,2002-07-15,1,0,0.0,42.0,,Pastick,3.0,28.0,Y,,,,,,
64.84620181557915,-148.06681464335458,2002-07-15,1,1,60.0,60.0,,Pastick,6.0,21.0,N,,,,,,
64.84237492490807,-148.10060856843697,2002-07-24,1,1,56.0,70.0,,Pastick,3.0,27.0,N,,,,,,
64.84166018295574,-148.10017877851612,2002-07-24,1,0,0.0,60.0,,Pastick,4.0,12.0,Y,,,,,,
64.73457852515668,-148.24570595303598,2002-08-14,1,1,58.0,58.0,,Pastick,1.0,11.0,N,,,,,,
64.63707386337478,-149.04648386078293,2002-08-14,1,0,0.0,180.0,,Pastick,1.0,0.0,N,,,,,,
64.63979816255339,-149.03902752165965,2002-08-14,1,0,0.0,180.0,,Pastick,2.0,0.0,N,,,,,,
64.63770002188924,-149.05569896450586,2002-09-03,1,1,125.0,125.0,,Pastick,3.0,8.0,N,,,,,,
64.8761914630548,-148.05945416023465,2002-09-05,1,0,0.0,90.0,,Pastick,1.0,17.0,Y,,,,,,
64.87317049462769,-148.09861765508674,2002-09-05,1,0,0.0,33.0,,Pastick,7.0,6.0,Y,,,,,,
64.87125113611941,-148.08992769398793,2002-09-05,1,0,0.0,95.0,,Pastick,9.0,4.0,Y,,,,,,
64.87460666875485,-148.07024193455416,2002-09-05,1,0,0.0,40.0,,Pastick,2.0,2.0,Y,,,,,,
64.86633993717484,-148.07048292101,2002-09-05,1,0,0.0,70.0,,Pastick,5.0,12.0,Y,,,,,,
64.87124135237839,-148.0739916949664,2002-09-05,1,0,0.0,73.0,,Pastick,3.0,6.0,Y,,,,,,
64.87050504512423,-148.07653725314,2002-09-05,1,0,0.0,90.0,,Pastick,4.0,11.0,Y,,,,,,
64.86860826711916,-148.0807034036144,2002-09-05,1,0,0.0,75.0,,Pastick,6.0,10.0,Y,,,,,,
64.8721681331741,-148.10552111394873,2002-09-05,1,0,0.0,53.0,,Pastick,8.0,12.0,Y,,,,,,
64.87488915059859,-148.19805227392226,2002-09-06,1,0,0.0,55.0,,Pastick,1.0,23.0,Y,,,,,,
64.87583285990763,-148.0744283451998,2002-09-06,1,0,0.0,52.0,,Pastick,2.0,11.0,Y,,,,,,
64.88329623203518,-148.06860286529417,2002-09-06,1,0,0.0,60.0,,Pastick,3.0,17.0,Y,,,,,,
64.88798670390872,-148.06775443370515,2002-09-06,1,0,0.0,64.0,,Pastick,4.0,17.0,Y,,,,,,
64.85553059415423,-148.12226201266148,2002-09-09,1,0,0.0,120.0,,Pastick,1.0,6.0,Y,,,,,,
64.8566733605214,-148.11828040825554,2002-09-09,1,0,0.0,85.0,,Pastick,2.0,21.0,Y,,,,,,
64.86014281882677,-148.12350921971162,2002-09-09,1,0,0.0,55.0,,Pastick,3.0,12.0,Y,,,,,,
64.8852772820509,-148.11898427223292,2002-09-10,1,0,0.0,24.0,,Pastick,3.0,8.0,Y,,,,,,
64.88191166612452,-148.10461252764358,2002-09-10,1,1,34.0,48.0,,Pastick,4.0,34.0,N,,,,,,
64.88024614372151,-148.10412183741028,2002-09-10,1,0,0.0,42.0,,Pastick,5.0,14.0,Y,,,,,,
64.87291686354254,-148.09039623495804,2002-09-10,1,1,65.0,80.0,,Pastick,6.0,24.0,N,,,,,,
64.888153030172,-148.05954537751722,2002-09-11,1,0,0.0,48.0,,Pastick,2.0,16.0,Y,,,,,,
64.9335832123101,-148.0513114906885,2002-09-12,1,0,0.0,180.0,,Pastick,1.0,5.0,N,,,,,,
64.93165727134539,-148.09570223222366,2002-09-12,1,0,0.0,150.0,,Pastick,2.0,3.0,N,,,,,,
64.9248921623457,-148.1052603261974,2002-09-12,1,0,0.0,180.0,,Pastick,3.0,7.0,N,,,,,,
64.92623666816438,-148.09452915705697,2002-09-12,1,1,82.0,105.0,,Pastick,4.0,25.0,N,,,,,,
64.92198709556868,-148.0939752270852,2002-09-12,1,1,120.0,120.0,,Pastick,5.0,7.0,N,,,,,,
64.92305734354298,-148.097317867935,2002-09-12,1,1,65.0,75.0,,Pastick,6.0,5.0,N,,,,,,
64.8957038027605,-148.0628006913819,2002-09-17,1,0,0.0,50.0,,Pastick,2.0,16.0,Y,,,,,,
64.89315789363302,-148.06242540687018,2002-09-17,1,0,0.0,55.0,,Pastick,1.0,6.0,Y,,,,,,
64.93778434245358,-148.12847427899305,2002-09-19,1,0,0.0,45.0,,Pastick,7.0,1.0,N,,,,,,
64.91486274247754,-148.13347266027333,2002-09-23,1,1,63.0,70.0,,Pastick,2.0,4.0,N,,,,,,
64.89015188400997,-148.19275493380792,2002-10-03,1,1,65.0,90.0,,Pastick,5.0,10.0,N,,,,,,
64.72836340368312,-148.2344810685249,2002-08-14,1,1,50.0,50.0,,Pastick,8.0,20.0,N,,,,,,
64.76243735571849,-148.0288437016699,2002-06-13,1,1,57.0,83.0,,Pastick,2.0,14.0,N,,,,,,
64.75844247292927,-148.03550169156273,2002-06-13,1,0,0.0,97.0,,Pastick,4.0,8.0,Y,,,,,,
64.81341775173628,-148.10877826950974,2002-06-21,1,1,45.0,65.0,,Pastick,3.0,24.0,N,,,,,,
64.81413227589194,-148.09349546092378,2002-06-21,1,1,39.0,48.0,,Pastick,5.0,39.0,N,,,,,,
64.8370695742457,-148.04996860373956,2002-06-25,1,0,0.0,145.0,,Pastick,7.0,7.0,Y,,,,,,
64.78495173000259,-148.1243148775076,2002-07-02,1,0,0.0,165.0,,Pastick,7.0,8.0,Y,,,,,,
64.79428647139717,-148.14290909680454,2002-07-02,1,0,0.0,50.0,,Pastick,11.0,18.0,Y,,,,,,
64.79860239421687,-148.16264753445404,2002-07-08,1,1,52.0,65.0,,Pastick,4.0,38.0,N,,,,,,
64.80132716017242,-148.1630806992365,2002-07-08,1,1,48.0,48.0,,Pastick,5.0,15.0,N,,,,,,
64.77665660361126,-148.17226179095982,2002-07-10,1,0,0.0,70.0,,Pastick,4.0,13.0,N,,,,,,
64.78271103759334,-148.17833102158284,2002-07-15,1,1,60.0,60.0,,Pastick,3.0,9.0,N,,,,,,
64.78493185921631,-148.18457151559625,2002-07-15,1,0,0.0,77.0,,Pastick,5.0,8.0,Y,,,,,,
64.84112030882582,-148.0746039160709,2002-07-16,1,0,0.0,60.0,,Pastick,2.0,11.0,Y,,,,,,
64.79702853442795,-148.22339097444598,2002-07-19,1,0,0.0,150.0,,Pastick,4.0,7.0,N,,,,,,
64.83866930991238,-148.10897405819784,2002-07-25,1,0,0.0,75.0,,Pastick,3.0,9.0,Y,,,,,,
64.85685081721782,-148.07348085720685,2002-07-26,1,0,0.0,75.0,,Pastick,6.0,7.0,Y,,,,,,
64.85649902231263,-148.06749690259755,2002-07-26,1,0,0.0,90.0,,Pastick,8.0,8.0,Y,,,,,,
64.73852839271974,-148.21200845658032,2002-08-05,1,0,0.0,61.0,,Pastick,9.0,5.0,Y,,,,,,
64.7759984619127,-148.04406148846095,2002-06-12,1,0,0.0,60.0,,Pastick,4.0,13.0,N,,,,,,
64.79253482449191,-148.0469947901329,2002-06-18,1,0,0.0,130.0,,Pastick,1.0,8.0,Y,,,,,,
64.81996405301493,-148.05393716694286,2002-06-28,1,0,0.0,120.0,,Pastick,2.0,19.0,N,,,,,,
64.82125310806208,-148.05565188236784,2002-06-28,1,1,62.0,90.0,,Pastick,3.0,27.0,N,,,,,,
64.75096969367819,-148.11319426125132,2002-07-08,1,0,0.0,180.0,,Pastick,5.0,3.0,N,,,,,,
64.73717109933415,-148.10550697465638,2002-07-08,1,0,0.0,53.0,,Pastick,9.0,1.0,Y,,,,,,
64.82513932548167,-148.1717566813963,2002-07-12,1,0,0.0,75.0,,Pastick,2.0,26.0,Y,,,,,,
64.82329312719631,-148.16573481398663,2002-07-10,1,0,0.0,78.0,,Pastick,4.0,11.0,N,,,,,,
64.93355048973982,-148.09939720389147,2002-07-12,1,0,0.0,55.0,,Pastick,5.0,3.0,N,,,,,,
64.92748358201892,-148.09703353684012,2002-07-12,1,0,0.0,165.0,,Pastick,6.0,12.0,N,,,,,,
64.7920835342291,-148.15159167683032,2002-07-16,1,0,0.0,75.0,,Pastick,3.0,4.0,Y,,,,,,
64.80989939805727,-148.2512045333285,2002-07-31,1,0,0.0,44.0,,Pastick,7.0,6.0,Y,,,,,,
64.85424383941066,-148.486933076819,2003-06-30,1,0,0.0,52.0,,Pastick,1.0,31.0,Y,,,,,,
64.85262736607085,-148.48882666706066,2003-06-30,1,0,0.0,110.0,,Pastick,2.0,13.0,Y,,,,,,
64.82233306828722,-148.38721711545736,2003-07-08,1,1,61.0,70.0,,Pastick,1.0,22.0,N,,,,,,
64.16540266562966,-149.18604129737116,2003-08-06,1,0,0.0,60.0,,Pastick,3.0,9.0,N,,,,,,
64.16576221033974,-149.18481447321926,2003-08-06,1,1,33.0,70.0,,Pastick,2.0,70.0,N,,,,,,
64.3638294982762,-149.03376616976112,2003-07-30,1,0,0.0,52.0,,Pastick,3.0,8.0,N,,,,,,
64.19433161627211,-149.20795107315152,2003-08-11,1,0,0.0,72.0,,Pastick,2.0,17.0,N,,,,,,
64.21418529214233,-149.25413848954415,2003-08-13,1,0,0.0,72.0,,Pastick,19.0,12.0,N,,,,,,
64.21415806726857,-149.25706325488392,2003-08-13,1,0,0.0,90.0,,Pastick,20.0,5.0,N,,,,,,
64.17052793302196,-149.29994377686864,2003-08-18,1,0,0.0,102.0,,Pastick,1.0,18.0,N,,,,,,
64.17114360113578,-149.2990480717097,2003-08-18,1,0,0.0,78.0,,Pastick,2.0,3.0,N,,,,,,
64.17179491290445,-149.30101610181674,2003-08-18,1,0,0.0,88.0,,Pastick,3.0,10.0,N,,,,,,
64.17271423135779,-149.3059085547532,2003-08-18,1,1,75.0,75.0,,Pastick,4.0,21.0,N,,,,,,
64.17283897806153,-149.3065363888153,2003-08-18,1,0,0.0,61.0,,Pastick,5.0,24.0,N,,,,,,
64.17333207926634,-149.30941778197626,2003-08-18,1,1,42.0,50.0,,Pastick,6.0,15.0,N,,,,,,
64.17410145462924,-149.31242521849407,2003-08-18,1,0,0.0,87.0,,Pastick,7.0,12.0,N,,,,,,
64.1749473938254,-149.31513045572325,2003-08-18,1,0,0.0,71.0,,Pastick,8.0,18.0,N,,,,,,
64.17595776384417,-149.31822012175505,2003-08-18,1,0,0.0,104.0,,Pastick,9.0,13.0,N,,,,,,
64.17634709392284,-149.32140215711982,2003-08-18,1,0,0.0,185.0,,Pastick,10.0,7.0,N,,,,,,
64.19977694946446,-149.3646931050806,2003-08-20,1,1,45.0,52.0,,Pastick,1.0,16.0,N,,,,,,
64.20118596325305,-149.3647309044631,2003-08-20,1,1,47.0,54.0,,Pastick,2.0,27.0,N,,,,,,
64.20959787690393,-149.3647893312945,2003-08-20,1,0,0.0,62.0,,Pastick,3.0,10.0,N,,,,,,
64.21311959057877,-149.3646571003177,2003-08-20,1,0,0.0,55.0,,Pastick,4.0,8.0,N,,,,,,
64.21482184762733,-149.34204465818615,2003-08-20,1,0,0.0,75.0,,Pastick,5.0,27.0,N,,,,,,
64.21506187964017,-149.32928431644834,2003-08-20,1,0,0.0,54.0,,Pastick,6.0,2.0,N,,,,,,
64.21676465969482,-149.3119665589496,2003-08-20,1,0,0.0,60.0,,Pastick,7.0,5.0,N,,,,,,
64.22904973096291,-149.31689050005477,2003-08-20,1,0,0.0,55.0,,Pastick,8.0,15.0,N,,,,,,
64.21414249921457,-149.3000601459251,2003-08-20,1,1,45.0,54.0,,Pastick,9.0,29.0,N,,,,,,
64.21351215693936,-149.29332938278247,2003-08-20,1,1,56.0,60.0,,Pastick,10.0,15.0,N,,,,,,
64.21517781540526,-149.29474533250348,2003-08-20,1,1,51.0,55.0,,Pastick,11.0,37.0,N,,,,,,
64.91265853662053,-148.27622185647152,2003-06-02,1,0,0.0,29.0,,Pastick,2.0,10.0,Y,,,,,,
64.88528794732257,-148.4094299111664,2003-06-23,1,0,0.0,63.0,,Pastick,4.0,6.0,Y,,,,,,
64.76130988262153,-148.3751297192656,2003-07-01,1,0,0.0,60.0,,Pastick,2.0,7.0,Y,,,,,,
64.76302777534421,-148.36987708313023,2003-07-01,1,1,41.0,41.0,,Pastick,3.0,15.0,N,,,,,,
64.76890233290806,-148.3457821386332,2003-07-02,1,0,0.0,43.0,,Pastick,1.0,22.0,Y,,,,,,
64.71061146870483,-148.3329197509394,2003-07-08,1,0,0.0,181.0,,Pastick,1.0,13.0,N,,,,,,
64.70181580455859,-148.36158108027996,2003-07-08,1,0,0.0,187.0,,Pastick,8.0,9.0,N,,,,,,
64.73742209923209,-148.33155148587244,2003-07-10,1,0,0.0,47.0,,Pastick,8.0,9.0,Y,,,,,,
64.70455857028635,-148.3152942177826,2003-07-10,1,0,0.0,61.0,,Pastick,11.0,34.0,N,,,,,,
64.35656418444528,-149.1692417443942,2003-07-18,1,0,0.0,80.0,,Pastick,1.0,80.0,N,,,,,,
64.37619460159006,-149.1383013070875,2003-07-16,1,1,70.0,78.0,,Pastick,1.0,15.0,N,,,,,,
64.19262495012356,-149.22867912983585,2003-08-07,1,0,0.0,80.0,,Pastick,4.0,5.0,N,,,,,,
64.20395774757269,-149.25132851345197,2003-08-12,1,0,0.0,70.0,,Pastick,3.0,5.0,N,,,,,,
64.21456244472766,-149.27785344030607,2003-08-14,1,0,0.0,35.0,,Pastick,3.0,3.0,N,,,,,,
64.21595321179404,-149.27848316348985,2003-08-14,1,0,0.0,99.0,,Pastick,4.0,6.0,N,,,,,,
64.22321526874967,-149.28660683726034,2003-08-14,1,0,0.0,50.0,,Pastick,5.0,11.0,N,,,,,,
64.22234723759475,-149.28527740478023,2003-08-14,1,0,0.0,68.0,,Pastick,6.0,6.0,N,,,,,,
64.90410439891404,-148.34674015973357,2003-06-17,1,0,0.0,49.0,,Pastick,2.0,7.0,Y,,,,,,
64.887876184439,-148.3558962798756,2003-06-17,1,1,48.0,90.0,,Pastick,5.0,90.0,N,,,,,,
64.81386910352124,-148.4856968312075,2003-07-03,1,1,85.0,100.0,,Pastick,2.0,15.0,N,,,,,,
64.34514874050704,-149.21280685293976,2003-07-14,1,0,0.0,140.0,,Pastick,1.0,6.0,N,,,,,,
64.3428458185248,-149.201190810228,2003-07-14,1,0,0.0,160.0,,Pastick,2.0,19.0,N,,,,,,
64.34920110351685,-149.1988611513604,2003-07-14,1,0,0.0,54.0,,Pastick,3.0,8.0,N,,,,,,
64.34214303818543,-149.18877212450468,2003-07-14,1,0,0.0,81.0,,Pastick,4.0,6.0,N,,,,,,
64.34147358331441,-149.19391643709827,2003-07-14,1,0,0.0,50.0,,Pastick,5.0,3.0,N,,,,,,
64.3414095612413,-149.1945946749081,2003-07-14,1,0,0.0,134.0,,Pastick,6.0,8.0,N,,,,,,
64.21519524398218,-149.19431918591582,2003-08-07,1,1,75.0,85.0,,Pastick,4.0,24.0,N,,,,,,
64.229337768916,-149.1292401749236,2003-08-11,1,0,0.0,115.0,,Pastick,10.0,7.0,N,,,,,,
64.25786101899602,-149.09182086956994,2003-08-13,1,1,73.0,73.0,,Pastick,1.0,15.0,N,,,,,,
64.25792038654627,-149.09832815651396,2003-08-13,1,1,61.0,61.0,,Pastick,2.0,12.0,N,,,,,,
64.25780518238382,-149.10197335742998,2003-08-13,1,0,0.0,185.0,,Pastick,3.0,5.0,N,,,,,,
64.2579006126891,-149.123326431097,2003-08-13,1,0,0.0,120.0,,Pastick,6.0,9.0,N,,,,,,
64.21341283771461,-149.41910104266853,2003-08-18,1,0,0.0,76.0,,Pastick,1.0,23.0,N,,,,,,
64.21348897579408,-149.3806019461889,2003-08-18,1,0,0.0,89.0,,Pastick,5.0,7.0,N,,,,,,
64.21391278636746,-149.36668308056244,2003-08-18,1,0,0.0,67.0,,Pastick,6.0,6.0,N,,,,,,
64.22768517737882,-149.42960844245337,2003-08-19,1,1,32.0,32.0,,Pastick,1.0,31.0,N,,,,,,
64.22785731501685,-149.4203219956942,2003-08-19,1,0,0.0,120.0,,Pastick,2.0,12.0,N,,,,,,
64.22755277508841,-149.4181092243943,2003-08-19,1,1,70.0,70.0,,Pastick,3.0,16.0,N,,,,,,
64.22777607227857,-149.4094872218073,2003-08-19,1,0,0.0,182.0,,Pastick,4.0,7.0,N,,,,,,
64.22791661977892,-149.4025903629884,2003-08-19,1,1,99.0,103.0,,Pastick,5.0,21.0,N,,,,,,
64.22841327558857,-149.3914756465242,2003-08-19,1,0,0.0,80.0,,Pastick,6.0,9.0,N,,,,,,
64.22472425882694,-149.3782066441749,2003-08-19,1,1,80.0,83.0,,Pastick,8.0,18.0,N,,,,,,
64.22836918596249,-149.37326060601396,2003-08-19,1,0,0.0,60.0,,Pastick,9.0,6.0,N,,,,,,
64.22755521570252,-149.37362391986403,2003-08-19,1,0,0.0,50.0,,Pastick,10.0,3.0,N,,,,,,
64.35558756079303,-149.07102731334015,2003-08-20,1,0,0.0,70.0,,Pastick,5.0,33.0,N,,,,,,
64.355458195987,-149.069380961176,2003-08-20,1,0,0.0,50.0,,Pastick,6.0,50.0,N,,,,,,
64.35505629051296,-149.06541463734837,2003-08-20,1,1,60.0,70.0,,Pastick,7.0,30.0,N,,,,,,
64.35165471951566,-149.20585161549937,2003-08-21,1,0,0.0,136.0,,Pastick,1.0,12.0,N,,,,,,
64.35385484910184,-149.20461917271103,2003-08-21,1,0,0.0,160.0,,Pastick,2.0,10.0,N,,,,,,
64.35408087777611,-149.20092896836664,2003-08-21,1,0,0.0,187.0,,Pastick,4.0,7.0,N,,,,,,
64.7744172362045,-148.26571383699215,2003-07-02,1,0,0.0,43.0,,Pastick,1.0,11.0,Y,,,,,,
64.77317870213089,-148.26887357162016,2003-07-02,1,1,18.0,44.0,,Pastick,2.0,29.0,Y,,,,,,
64.69043057655996,-148.2858842732672,2003-07-07,1,0,0.0,94.0,,Pastick,2.0,0.0,Y,,,,,,
64.72292190786756,-148.34118778471228,2003-07-09,1,1,64.0,64.0,,Pastick,1.0,19.0,N,,,,,,
64.73118064333858,-148.35379721090655,2003-07-09,1,0,0.0,42.0,,Pastick,8.0,6.0,Y,,,,,,
64.73470324182613,-148.27536523307768,2003-07-11,1,0,0.0,186.0,,Pastick,1.0,8.0,N,,,,,,
64.74877131320983,-148.28724889199188,2003-07-11,1,0,0.0,187.0,,Pastick,4.0,13.0,N,,,,,,
64.37550531074345,-149.15106035745575,2003-07-17,1,0,0.0,67.0,,Pastick,1.0,8.0,N,,,,,,
64.37766778914708,-149.15297116823072,2003-07-17,1,0,0.0,119.0,,Pastick,2.0,56.0,N,,,,,,
64.20753109230446,-149.1947220040829,2003-08-06,1,1,66.0,82.0,,Pastick,1.0,15.0,N,,,,,,
64.18554941039444,-149.19139705718908,2003-08-06,1,0,0.0,55.0,,Pastick,8.0,8.0,Y,,,,,,
64.18376330895835,-149.17636987193586,2003-08-06,1,0,0.0,50.0,,Pastick,11.0,5.0,Y,,,,,,
64.23596755607419,-149.0903928732986,2003-08-12,1,0,0.0,110.0,,Pastick,1.0,13.0,N,,,,,,
64.23567127377216,-149.09164937952517,2003-08-12,1,1,65.0,75.0,,Pastick,2.0,12.0,N,,,,,,
64.24189076269028,-149.11361796956925,2003-08-12,1,0,0.0,180.0,,Pastick,5.0,5.0,N,,,,,,
64.2362170838866,-149.0986627601021,2003-08-12,1,0,0.0,100.0,,Pastick,6.0,22.0,N,,,,,,
64.2298334873821,-149.2807805546598,2003-08-14,1,0,0.0,44.0,,Pastick,1.0,6.0,N,,,,,,
64.23063165250989,-149.2785363180117,2003-08-14,1,0,0.0,150.0,,Pastick,2.0,0.0,N,,,,,,
64.23446852890916,-149.07146857822704,2003-08-14,1,0,0.0,57.0,,Pastick,3.0,0.0,N,,,,,,
64.23348832996729,-149.27439854329694,2003-08-14,1,0,0.0,85.0,,Pastick,4.0,5.0,N,,,,,,
64.23492972569267,-149.26773033775046,2003-08-14,1,0,0.0,110.0,,Pastick,5.0,10.0,N,,,,,,
64.2440612464438,-149.26536297941942,2003-08-14,1,0,0.0,50.0,,Pastick,6.0,4.0,N,,,,,,
64.2387741158237,-149.2507773247718,2003-08-14,1,0,0.0,54.0,,Pastick,7.0,14.0,N,,,,,,
64.23858215971832,-149.24983333010522,2003-08-14,1,0,0.0,50.0,,Pastick,8.0,6.0,N,,,,,,
64.22868826080423,-149.36243954056263,2003-08-19,1,0,0.0,67.0,,Pastick,1.0,10.0,N,,,,,,
64.23116659437706,-149.36186727402645,2003-08-19,1,0,0.0,53.0,,Pastick,2.0,5.0,N,,,,,,
64.22819654927608,-149.39483929930603,2003-08-19,1,0,0.0,95.0,,Pastick,5.0,18.0,N,,,,,,
64.24259499055155,-149.43038131288446,2003-08-19,1,0,0.0,50.0,,Pastick,11.0,7.0,N,,,,,,
64.21757128251711,-149.3669750903279,1994-06-15,1,0,0.0,66.0,,Pastick,9.0,11.0,N,,,,,,
64.21204939482783,-149.34304697209643,1994-06-17,1,0,0.0,105.0,,Pastick,6.0,5.0,N,,,,,,
64.22870919362354,-149.36724680334365,1994-06-21,1,0,0.0,42.0,,Pastick,5.0,2.0,N,,,,,,
64.2103204728818,-149.3794434124847,1994-06-22,1,0,0.0,73.0,,Pastick,17.0,3.0,N,,,,,,
64.22459214693654,-149.383556871494,1994-06-23,1,0,0.0,78.0,,Pastick,10.0,18.0,N,,,,,,
64.21497518302643,-149.398416804043,1994-08-23,1,0,0.0,146.0,,Pastick,9.0,6.0,N,,,,,,
64.21498197177051,-149.39307825535695,1994-08-23,1,0,0.0,162.0,,Pastick,7.0,22.0,N,,,,,,
64.20503490380862,-149.30995759826115,1994-08-24,1,0,0.0,108.0,,Pastick,22.0,18.0,N,,,,,,
64.21444597400262,-149.30643420357737,1994-08-24,1,0,0.0,80.0,,Pastick,29.0,5.0,N,,,,,,
65.61707364276918,-143.93770693474858,2008-06-29,1,0,0.0,85.0,,Pastick,,5.0,N,,,,,,
65.64781735238506,-143.81129916808848,2008-06-30,1,1,62.0,70.0,,Pastick,,22.0,N,,,,,,
65.6431614601366,-143.79991990402425,2008-06-30,1,0,0.0,75.0,,Pastick,,3.0,N,,,,,,
65.64258026102148,-143.80306245443552,2008-06-30,1,1,65.0,70.0,,Pastick,,70.0,N,,,,,,
65.64756816207732,-143.80798613874742,2008-06-30,1,1,28.0,52.0,,Pastick,,41.0,N,,,,,,
65.4840442233964,-143.57683782660408,2008-07-01,1,0,0.0,125.0,,Pastick,,8.0,N,,,,,,
65.48567224491993,-143.5830830949856,2008-07-01,1,0,0.0,54.0,,Pastick,,28.0,N,,,,,,
65.49321939807811,-143.60142050505152,2008-07-01,1,0,0.0,60.0,,Pastick,,6.0,N,,,,,,
65.48849317258848,-143.61729882080235,2008-07-01,1,0,0.0,37.0,,Pastick,,26.0,N,,,,,,
65.46443231750979,-143.49323414069903,2008-07-02,1,0,0.0,97.0,,Pastick,,3.0,Y,,,,,,
65.46168162633195,-143.48807274408267,2008-07-02,1,0,0.0,65.0,,Pastick,,7.0,N,,,,,,
65.46015225775562,-143.4961034437721,2008-07-02,1,0,0.0,90.0,,Pastick,,0.0,N,,,,,,
65.45824429064808,-143.50939077526257,2008-07-02,1,0,0.0,66.0,,Pastick,,3.0,N,,,,,,
65.39211438037486,-143.243990714002,2008-07-03,1,1,47.0,65.0,,Pastick,,12.0,N,,,,,,
65.38673781059215,-143.24479487968546,2008-07-03,1,1,29.0,45.0,,Pastick,,20.0,N,,,,,,
65.38381864012705,-143.2450973034778,2008-07-03,1,1,42.0,57.0,,Pastick,,57.0,N,,,,,,
65.38086955135923,-143.24867293689135,2008-07-03,1,0,0.0,119.0,,Pastick,,4.0,N,,,,,,
65.37503876796312,-143.2342602615621,2008-07-03,1,0,0.0,69.0,,Pastick,,3.0,N,,,,,,
65.32743580998451,-143.08734114642485,2008-07-04,1,1,40.0,60.0,,Pastick,,33.0,N,,,,,,
65.31958942804205,-143.07691942590756,2008-07-04,1,0,0.0,81.0,,Pastick,,1.0,N,,,,,,
65.09568077255652,-143.3801172107541,2008-07-13,1,0,0.0,50.0,,Pastick,,2.0,N,,,,,,
65.10420287163936,-143.38166764868413,2008-07-13,1,0,0.0,65.0,,Pastick,,12.0,N,,,,,,
65.10600346620157,-143.3819140451739,2008-07-13,1,0,0.0,80.0,,Pastick,,12.0,N,,,,,,
65.1071019208074,-143.38171415014372,2008-07-13,1,0,0.0,72.0,,Pastick,,2.0,N,,,,,,
65.08846748296648,-143.5142918713317,2008-07-14,1,0,0.0,80.0,,Pastick,,5.0,N,,,,,,
65.09003949900318,-143.49248140252672,2008-07-14,1,0,0.0,60.0,,Pastick,,0.0,N,,,,,,
65.08505494700464,-143.48312904733604,2008-07-14,1,0,0.0,61.0,,Pastick,,0.0,N,,,,,,
65.08191701649575,-143.4816471303015,2008-07-14,1,0,0.0,50.0,,Pastick,,4.0,N,,,,,,
65.07503488670622,-143.4841721864888,2008-07-14,1,0,0.0,61.0,,Pastick,,0.0,N,,,,,,
65.1979714268749,-143.77024174946655,2008-07-15,1,0,0.0,62.0,,Pastick,,0.0,N,,,,,,
65.19691234261639,-143.7705324847511,2008-07-15,1,0,0.0,75.0,,Pastick,,0.0,N,,,,,,
65.19413709271072,-143.77043391682503,2008-07-15,1,0,0.0,82.0,,Pastick,,0.0,N,,,,,,
65.190973262773,-143.77076122918746,2008-07-15,1,0,0.0,66.0,,Pastick,,0.0,N,,,,,,
65.18874714309095,-143.4852798250044,2008-07-16,1,0,0.0,183.0,,Pastick,,0.0,N,,,,,,
65.18968298207594,-143.4823544539379,2008-07-16,1,0,0.0,53.0,,Pastick,,7.0,N,,,,,,
65.19230719076954,-143.47398152293678,2008-07-16,1,0,0.0,85.0,,Pastick,,0.0,N,,,,,,
65.19480768106155,-143.4714180792299,2008-07-16,1,0,0.0,90.0,,Pastick,,6.0,N,,,,,,
65.20052698075412,-143.47028241538277,2008-07-16,1,0,0.0,49.0,,Pastick,,27.0,Y,,,,,,
65.20366122803861,-143.453932501543,2008-07-16,1,0,0.0,46.0,,Pastick,,41.0,N,,,,,,
65.09207401300658,-143.8003905160183,2008-07-17,1,0,0.0,40.0,,Pastick,,0.0,N,,,,,,
65.08908435292646,-143.80101027774555,2008-07-17,1,0,0.0,70.0,,Pastick,,0.0,N,,,,,,
65.08556798283445,-143.80460787243678,2008-07-17,1,0,0.0,70.0,,Pastick,,12.0,N,,,,,,
65.08265258332008,-143.80732235463086,2008-07-17,1,1,73.0,78.0,,Pastick,,7.0,N,,,,,,
65.07999887496982,-143.8149924774698,2008-07-17,1,0,0.0,55.0,,Pastick,,18.0,N,,,,,,
65.26471656763033,-143.72145117904756,2008-07-18,1,1,36.0,63.0,,Pastick,,21.0,N,,,,,,
65.26922846564995,-143.7100445744204,2008-07-18,1,0,0.0,90.0,,Pastick,,4.0,N,,,,,,
65.28234270573157,-143.70399207170098,2008-07-18,1,1,50.0,55.0,,Pastick,,39.0,N,,,,,,
65.28837817656826,-143.71060966682847,2008-07-18,1,0,0.0,50.0,,Pastick,,40.0,N,,,,,,
65.53288089066875,-143.66159951250816,2008-07-28,1,1,55.0,71.0,,Pastick,,55.0,N,,,,,,
65.53245434147722,-143.66683694400444,2008-07-28,1,0,0.0,183.0,,Pastick,,115.0,N,,,,,,
65.53196182271131,-143.67285900277258,2008-07-28,1,1,24.0,55.0,,Pastick,,15.0,N,,,,,,
65.58359884334448,-143.9485591885027,2008-07-29,1,0,0.0,110.0,,Pastick,,0.0,N,,,,,,
65.58526608392201,-143.94978939588646,2008-07-29,1,0,0.0,80.0,,Pastick,,23.0,N,,,,,,
65.58615372363654,-143.95079848560462,2008-07-29,1,0,0.0,90.0,,Pastick,,10.0,N,,,,,,
65.5847271216944,-143.9400964778605,2008-07-29,1,0,0.0,85.0,,Pastick,,22.0,N,,,,,,
65.58487205129323,-143.93530554699427,2008-07-29,1,0,0.0,110.0,,Pastick,,7.0,N,,,,,,
65.50353862784877,-143.70947479047322,2008-07-30,1,1,82.0,85.0,,Pastick,,85.0,N,,,,,,
65.49005407060586,-143.72899751259578,2008-07-30,1,0,0.0,80.0,,Pastick,,11.0,N,,,,,,
65.49103970014156,-143.7274217125966,2008-07-30,1,0,0.0,70.0,,Pastick,,10.0,N,,,,,,
65.49293735972051,-143.72387088965397,2008-07-30,1,1,45.0,60.0,,Pastick,,24.0,N,,,,,,
65.49653294842793,-143.71916243695037,2008-07-30,1,1,41.0,60.0,,Pastick,,46.0,N,,,,,,
65.4976404481704,-143.7168772768761,2008-07-30,1,1,45.0,70.0,,Pastick,,70.0,N,,,,,,
65.49282913771783,-143.65752628441686,2008-07-31,1,0,0.0,80.0,,Pastick,,0.0,N,,,,,,
65.49280315793023,-143.65983088407586,2008-07-31,1,0,0.0,111.0,,Pastick,,0.0,N,,,,,,
65.49558101072478,-143.67270700098484,2008-07-31,1,0,0.0,130.0,,Pastick,,2.0,N,,,,,,
65.49630437114259,-143.67495175009995,2008-07-31,1,1,78.0,86.0,,Pastick,,30.0,N,,,,,,
65.50605738330881,-143.6845324298787,2008-07-31,1,0,0.0,183.0,,Pastick,,0.0,N,,,,,,
65.44933318030309,-143.6253605289631,2008-08-01,1,0,0.0,155.0,,Pastick,,45.0,N,,,,,,
65.47257221156731,-143.8571618545455,2008-08-13,1,1,66.0,76.0,,Pastick,,43.0,N,,,,,,
65.47418170022287,-143.8487371149441,2008-08-13,1,0,0.0,183.0,,Pastick,,12.0,N,,,,,,
65.46995663620255,-143.82437461983912,2008-08-13,1,1,65.0,78.0,,Pastick,,78.0,N,,,,,,
65.46976124529672,-143.82226086956192,2008-08-13,1,1,65.0,75.0,,Pastick,,17.0,N,,,,,,
65.47357535491692,-143.8163551462412,2008-08-13,1,0,0.0,183.0,,Pastick,,7.0,N,,,,,,
65.40084364386341,-143.83311449879744,2008-08-14,1,1,60.0,76.0,,Pastick,,48.0,N,,,,,,
65.40296997366936,-143.83072506677323,2008-08-14,1,1,55.0,65.0,,Pastick,,21.0,N,,,,,,
65.40532520281886,-143.82776147401796,2008-08-14,1,1,69.0,80.0,,Pastick,,18.0,N,,,,,,
65.4111492821258,-143.82129508839347,2008-08-14,1,1,33.0,52.0,,Pastick,,27.0,N,,,,,,
65.4166954223431,-143.8177610130592,2008-08-14,1,1,45.0,70.0,,Pastick,,21.0,N,,,,,,
65.42199119164873,-143.81505214778923,2008-08-14,1,1,65.0,75.0,,Pastick,,56.0,N,,,,,,
65.32336142632099,-143.8687820055562,2008-08-15,1,1,42.0,57.0,,Pastick,,26.0,N,,,,,,
65.32200791536789,-143.86478576527267,2008-08-15,1,1,46.0,72.0,,Pastick,,38.0,N,,,,,,
65.31859882246661,-143.84757386999826,2008-08-15,1,1,80.0,90.0,,Pastick,,61.0,N,,,,,,
65.3186093820713,-143.84487791036338,2008-08-15,1,1,45.0,55.0,,Pastick,,44.0,N,,,,,,
65.34622110291417,-143.6712867511,2008-08-16,1,1,58.0,72.0,,Pastick,,44.0,N,,,,,,
65.34318232502677,-143.6819419924969,2008-08-16,1,1,70.0,82.0,,Pastick,,16.0,N,,,,,,
65.52089068324337,-143.73705568225483,2008-08-27,1,1,45.0,62.0,,Pastick,,59.0,N,,,,,,
65.52099830262523,-143.73408613278417,2008-08-27,1,1,55.0,63.0,,Pastick,,63.0,N,,,,,,
65.52103308201859,-143.72900553087348,2008-08-27,1,1,52.0,64.0,,Pastick,,45.0,N,,,,,,
65.52093083157007,-143.72829298192585,2008-08-27,1,0,0.0,170.0,,Pastick,,160.0,N,,,,,,
65.455971140229,-143.6224006119052,2008-08-01,1,1,58.0,72.0,,Pastick,,28.0,N,,,,,,
65.456839919112,-143.6187332013922,2008-08-01,1,0,0.0,183.0,,Pastick,,183.0,N,,,,,,
65.45203642205986,-143.63447441633363,2008-08-01,1,0,0.0,115.0,,Pastick,,8.0,N,,,,,,
65.45077687013864,-143.62534895683345,2008-08-01,1,1,49.0,64.0,,Pastick,,42.0,N,,,,,,
65.34002218527422,-143.6863792951837,2008-08-16,1,0,0.0,66.0,,Pastick,,13.0,N,,,,,,
65.33887444535249,-143.68935872761116,2008-08-16,1,0,0.0,62.0,,Pastick,,19.0,N,,,,,,
65.51930422836874,-143.71004072455517,2008-08-27,1,1,61.0,73.0,,Pastick,,13.0,N,,,,,,
65.53341859502757,-143.68913767179853,2008-07-28,1,0,0.0,108.0,,Pastick,,3.0,N,,,,,,
65.53337476543668,-143.68989983183184,2008-07-28,1,0,0.0,183.0,,Pastick,,0.0,N,,,,,,
65.33751565671679,-143.69741842695203,2008-08-16,1,1,68.0,72.0,,Pastick,,31.0,N,,,,,,
65.3377359366558,-143.6954382084413,2008-08-16,1,1,93.0,97.0,,Pastick,,68.0,N,,,,,,
65.33753862678027,-143.69601244704674,2008-08-16,1,1,68.0,85.0,,Pastick,,41.0,N,,,,,,
65.19117367053921,-143.7614073593147,2008-07-15,1,0,0.0,88.0,,Pastick,,9.0,N,,,,,,
65.1896939304754,-143.76086556215444,2008-07-15,1,1,68.0,73.0,,Pastick,,24.0,N,,,,,,
65.51899133959758,-143.71611005459988,2008-08-27,1,1,47.0,53.0,,Pastick,,33.0,N,,,,,,
65.0993003785772,-143.3788862542858,2008-07-13,1,1,41.0,60.0,,Pastick,,4.0,N,,,,,,
65.10120468316724,-143.37995101938242,2008-07-13,1,0,0.0,65.0,,Pastick,,8.0,N,,,,,,
65.06953635501435,-143.81558542945385,2008-10-15,1,1,38.0,43.0,,Pastick,,29.0,N,,,,,,
65.63289658642427,-143.9527845383775,2008-06-29,1,1,66.0,70.0,,Pastick,,47.0,N,,,,,,
65.62859348618713,-143.95245169292113,2008-06-29,1,1,58.0,69.0,,Pastick,,13.0,N,,,,,,
65.61951672629957,-143.95725646133437,2008-06-29,1,0,0.0,95.0,,Pastick,,9.0,N,,,,,,
65.61660996792843,-143.96303075430484,2008-06-29,1,0,0.0,71.0,,Pastick,,8.0,N,,,,,,
65.61276698820417,-143.73979545735267,2008-06-30,1,1,71.0,75.0,,Pastick,,71.0,N,,,,,,
65.60793993805405,-143.74140839189292,2008-06-30,1,0,0.0,75.0,,Pastick,,8.0,N,,,,,,
65.60418684853316,-143.7439177761789,2008-06-30,1,0,0.0,58.0,,Pastick,,13.0,N,,,,,,
65.60898474210188,-143.7609476112206,2008-06-30,1,1,48.0,58.0,,Pastick,,22.0,N,,,,,,
65.48602931151187,-143.5633883047929,2008-07-01,1,0,0.0,85.0,,Pastick,,0.0,N,,,,,,
65.48179653022561,-143.55914286945702,2008-07-01,1,1,43.0,50.0,,Pastick,,33.0,N,,,,,,
65.47701784000688,-143.56082353371735,2008-07-01,1,0,0.0,74.0,,Pastick,,6.0,N,,,,,,
65.47132569233267,-143.57568422823135,2008-07-01,1,0,0.0,78.0,,Pastick,,11.0,N,,,,,,
65.46972793289999,-143.57712416119708,2008-07-01,1,0,0.0,82.0,,Pastick,,9.0,N,,,,,,
65.45692057283048,-143.23910340972284,2008-07-02,1,0,0.0,101.0,,Pastick,,2.0,N,,,,,,
65.459294412526,-143.2373067484112,2008-07-02,1,1,31.0,38.0,,Pastick,,28.0,N,,,,,,
65.46236370346277,-143.2415414437212,2008-07-02,1,1,40.0,44.0,,Pastick,,27.0,N,,,,,,
65.4681806569191,-143.25564424769496,2008-07-02,1,1,39.0,41.0,,Pastick,,22.0,N,,,,,,
65.47009441642359,-143.25642141513492,2008-07-02,1,1,51.0,54.0,,Pastick,,28.0,N,,,,,,
65.47784189768845,-143.26057136731947,2008-07-02,1,1,30.0,38.0,,Pastick,,30.0,N,,,,,,
65.47459609003134,-143.27486309957365,2008-07-02,1,1,22.0,39.0,,Pastick,,39.0,N,,,,,,
65.38453192482655,-143.1525229566337,2008-07-03,1,1,43.0,68.0,,Pastick,,32.0,N,,,,,,
65.38650552402768,-143.1482555557047,2008-07-03,1,1,36.0,52.0,,Pastick,,36.0,N,,,,,,
65.38773440316149,-143.14528559352055,2008-07-03,1,1,48.0,52.0,,Pastick,,48.0,N,,,,,,
65.38733676310726,-143.14183585471355,2008-07-03,1,1,45.0,47.0,,Pastick,,29.0,N,,,,,,
65.38736442169252,-143.1376870645165,2008-07-03,1,1,64.0,74.0,,Pastick,,24.0,N,,,,,,
65.37763379394059,-143.210344590917,2008-07-04,1,1,55.0,88.0,,Pastick,,70.0,N,,,,,,
65.37967462479028,-143.21215281844442,2008-07-04,1,0,0.0,101.0,,Pastick,,9.0,N,,,,,,
65.3808091947185,-143.21291213808252,2008-07-04,1,0,0.0,46.0,,Pastick,,25.0,N,,,,,,
65.39532539421766,-143.20446450437137,2008-07-04,1,1,39.0,59.0,,Pastick,,28.0,N,,,,,,
65.07653739659888,-143.30779239301626,2008-07-13,1,0,0.0,67.0,,Pastick,,41.0,N,,,,,,
65.0763980838852,-143.292052184855,2008-07-13,1,0,0.0,66.0,,Pastick,,10.0,N,,,,,,
65.06783396178034,-143.28325890304097,2008-07-13,1,0,0.0,68.0,,Pastick,,17.0,N,,,,,,
65.062903886978,-143.25952278900945,2008-07-13,1,0,0.0,60.0,,Pastick,,24.0,N,,,,,,
65.07884774580789,-143.59002546906234,2008-07-14,1,0,0.0,80.0,,Pastick,,0.0,N,,,,,,
65.08214594527942,-143.58599729488725,2008-07-14,1,0,0.0,71.0,,Pastick,,21.0,N,,,,,,
65.21411406079623,-143.52323774945023,2008-07-16,1,0,0.0,71.0,,Pastick,,2.0,N,,,,,,
65.21438253217995,-143.5311257081691,2008-07-16,1,0,0.0,67.0,,Pastick,,24.0,N,,,,,,
65.21863325246596,-143.53433295304816,2008-07-16,1,1,31.0,54.0,,Pastick,,21.0,N,,,,,,
65.21920523479137,-143.54372295358775,2008-07-16,1,0,0.0,67.0,,Pastick,,0.0,N,,,,,,
65.22427938613218,-143.55022645752555,2008-07-16,1,1,49.0,78.0,,Pastick,,78.0,N,,,,,,
65.22825006821138,-143.56189675268158,2008-07-16,1,1,32.0,47.0,,Pastick,,47.0,N,,,,,,
65.10826590428682,-143.69118796535983,2008-07-17,1,0,0.0,71.0,,Pastick,,16.0,N,,,,,,
65.103958444352,-143.689423918555,2008-07-17,1,0,0.0,72.0,,Pastick,,12.0,N,,,,,,
65.10214526340842,-143.6886992200476,2008-07-17,1,0,0.0,88.0,,Pastick,,23.0,N,,,,,,
65.09897615375168,-143.69120080386926,2008-07-17,1,0,0.0,74.0,,Pastick,,9.0,N,,,,,,
65.09703691317941,-143.68818432605246,2008-07-17,1,1,51.0,61.0,,Pastick,,18.0,N,,,,,,
65.09154693371813,-143.6907853217014,2008-07-17,1,0,0.0,37.0,,Pastick,,13.0,N,,,,,,
65.23532811567222,-143.31680789763993,2008-07-18,1,0,0.0,58.0,,Pastick,,9.0,N,,,,,,
65.2337297754665,-143.31749445856775,2008-07-18,1,1,48.0,52.0,,Pastick,,28.0,N,,,,,,
65.2307215074114,-143.32692066206872,2008-07-18,1,1,42.0,51.0,,Pastick,,33.0,N,,,,,,
65.23246142713921,-143.32812916019893,2008-07-18,1,1,27.0,52.0,,Pastick,,52.0,N,,,,,,
65.23658255540164,-143.31375587638124,2008-07-18,1,0,0.0,45.0,,Pastick,,0.0,N,,,,,,
65.2391366043503,-143.3094650048146,2008-07-18,1,0,0.0,45.0,,Pastick,,4.0,N,,,,,,
65.592095753001,-144.00272864721174,2008-07-27,1,1,150.0,150.0,,Pastick,,1.0,N,,,,,,
65.5910169128811,-144.00376867839435,2008-07-27,1,0,0.0,75.0,,Pastick,,5.0,N,,,,,,
65.590001533018,-144.00455380982095,2008-07-27,1,1,137.0,145.0,,Pastick,,5.0,N,,,,,,
65.58922436331191,-144.00591896932966,2008-07-27,1,0,0.0,94.0,,Pastick,,0.0,N,,,,,,
65.59378277008503,-143.986822726937,2008-07-27,1,0,0.0,183.0,,Pastick,,0.0,N,,,,,,
65.50211479613733,-143.76184961954124,2008-08-13,1,0,0.0,80.0,,Pastick,,8.0,N,,,,,,
65.50042090594363,-143.76050399084983,2008-08-13,1,0,0.0,69.0,,Pastick,,0.0,N,,,,,,
65.50012677640967,-143.75950327260475,2008-08-13,1,0,0.0,70.0,,Pastick,,0.0,N,,,,,,
65.49957935533428,-143.75788933277292,2008-08-13,1,1,45.0,70.0,,Pastick,,70.0,N,,,,,,
65.50254680521304,-143.75426197860384,2008-08-13,1,0,0.0,65.0,,Pastick,,10.0,N,,,,,,
65.47491964015512,-143.79100986675402,2008-08-14,1,0,0.0,183.0,,Pastick,,5.0,N,,,,,,
65.47265475973695,-143.78938201710912,2008-08-14,1,1,63.0,72.0,,Pastick,,32.0,N,,,,,,
65.46885792646322,-143.7732855020508,2008-08-14,1,0,0.0,60.0,,Pastick,,8.0,N,,,,,,
65.46469345499216,-143.7649187672083,2008-08-14,1,0,0.0,92.0,,Pastick,,0.0,N,,,,,,
65.37055933618618,-143.85364918753675,2008-08-15,1,1,59.0,66.0,,Pastick,,34.0,N,,,,,,
65.36984946607105,-143.85257034876818,2008-08-15,1,1,59.0,64.0,,Pastick,,24.0,N,,,,,,
65.36754528496193,-143.85048980189987,2008-08-15,1,1,48.0,57.0,,Pastick,,57.0,N,,,,,,
65.36555240441163,-143.8476534431874,2008-08-15,1,0,0.0,29.0,,Pastick,,12.0,N,,,,,,
65.36446434400268,-143.8450326847057,2008-08-15,1,1,74.0,82.0,,Pastick,,22.0,N,,,,,,
65.35903228295682,-143.83921790975813,2008-08-15,1,1,48.0,58.0,,Pastick,,48.0,N,,,,,,
65.35778614224964,-143.8382716707706,2008-08-15,1,0,0.0,185.0,,Pastick,,72.0,N,,,,,,
65.35574934198647,-143.83493752403726,2008-08-15,1,1,45.0,58.0,,Pastick,,16.0,N,,,,,,
65.35197701515258,-143.5699044397446,2008-08-16,1,1,50.0,62.0,,Pastick,,23.0,N,,,,,,
65.35588734463248,-143.56406979619015,2008-08-16,1,1,47.0,54.0,,Pastick,,42.0,N,,,,,,
65.35619035354974,-143.55876287644904,2008-08-16,1,1,60.0,67.0,,Pastick,,22.0,N,,,,,,
65.35641892211329,-143.54943541510784,2008-08-16,1,1,59.0,70.0,,Pastick,,27.0,N,,,,,,
65.35659150220279,-143.54880894598452,2008-08-16,1,1,43.0,50.0,,Pastick,,34.0,N,,,,,,
65.35649134183386,-143.54749567579083,2008-08-16,1,1,61.0,69.0,,Pastick,,45.0,N,,,,,,
65.37167114977832,-143.64472070621892,2008-08-17,1,1,71.0,81.0,,Pastick,,21.0,N,,,,,,
65.37209301897738,-143.64307541530482,2008-08-17,1,1,152.0,160.0,,Pastick,,5.0,N,,,,,,
65.37209007905508,-143.63961184558713,2008-08-17,1,1,125.0,140.0,,Pastick,,5.0,N,,,,,,
65.37304494597873,-143.62271719573667,2008-08-17,1,0,0.0,106.0,,Pastick,,0.0,N,,,,,,
65.37310772522719,-143.62162956567627,2008-08-17,1,0,0.0,92.0,,Pastick,,3.0,N,,,,,,
65.37108860323612,-143.60849403896796,2008-08-17,1,1,92.0,118.0,,Pastick,,8.0,N,,,,,,
65.2712795729108,-143.57771486975037,2008-08-18,1,1,51.0,57.0,,Pastick,,14.0,N,,,,,,
65.26937462441326,-143.586027621245,2008-08-18,1,1,45.0,52.0,,Pastick,,21.0,N,,,,,,
65.26257135836053,-143.55583835938634,2008-08-18,1,1,51.0,57.0,,Pastick,,45.0,N,,,,,,
65.27587403578515,-143.59107058473114,2008-08-18,1,0,0.0,60.0,,Pastick,,4.0,N,,,,,,
65.27530289463591,-143.58888550551274,2008-08-18,1,0,0.0,70.0,,Pastick,,11.0,N,,,,,,
65.27455874459785,-143.58621595538142,2008-08-18,1,0,0.0,71.0,,Pastick,,13.0,N,,,,,,
65.27690483583216,-143.59183811317632,2008-08-18,1,1,75.0,81.0,,Pastick,,23.0,N,,,,,,
65.5415404290341,-143.76700838998056,2008-08-28,1,1,57.0,75.0,,Pastick,,2.0,N,,,,,,
65.54213000873706,-143.76062765925894,2008-08-28,1,1,35.0,50.0,,Pastick,,35.0,N,,,,,,
65.54545158759699,-143.7542166767213,2008-08-28,1,1,60.0,73.0,,Pastick,,60.0,N,,,,,,
65.45054562404117,-143.6471420662589,2008-08-28,1,0,0.0,140.0,,Pastick,,0.0,N,,,,,,
65.42097191616979,-143.6094195984335,2008-08-29,1,1,82.0,89.0,,Pastick,,89.0,N,,,,,,
65.42073545615646,-143.60932814914602,2008-08-29,1,1,53.0,58.0,,Pastick,,58.0,N,,,,,,
65.42012944476895,-143.604430099417,2008-08-29,1,1,59.0,64.0,,Pastick,,64.0,N,,,,,,
65.41704490375253,-143.59888715268028,2008-08-29,1,1,55.0,69.0,,Pastick,,25.0,N,,,,,,
65.41456830383167,-143.5996851149907,2008-08-29,1,1,49.0,68.0,,Pastick,,32.0,N,,,,,,
65.42382519564228,-143.60490040546898,2008-08-29,1,0,0.0,101.0,,Pastick,,0.0,N,,,,,,
65.06519566465977,-143.24246468744897,2008-07-13,1,0,0.0,50.0,,Pastick,,32.0,N,,,,,,
65.54726576684907,-143.748511023836,2008-08-28,1,1,48.0,70.0,,Pastick,,70.0,N,,,,,,
65.54858733616408,-143.7475577535754,2008-08-28,1,0,0.0,183.0,,Pastick,,0.0,N,,,,,,
65.09017849482842,-143.5829707471726,2008-07-14,1,0,0.0,69.0,,Pastick,,10.0,N,,,,,,
65.09233666500175,-143.58365546595573,2008-07-14,1,0,0.0,69.0,,Pastick,,7.0,N,,,,,,
63.52346706697921,-155.93612353512472,2018-08-16,1,1,113.84,113.84,,Patton_2021,1909.0,,,,,,,,
70.22182835177003,-148.47313601379884,2020-08-15,1,1,47.0,47.0,0.0,Peirce_2020,145.0,,,,,,,,
70.19573250999998,-148.4261357,2020-08-16,1,0,,,0.0,Peirce_2020,0.0,,,,,,,,
61.171239,-162.772446,2016-08-15,1,1,68.19328702,68.19328702,,Schaefer_2020,,,,,,,,,
61.172318,-162.775805,2016-08-15,1,1,79.82283535,79.82283535,,Schaefer_2020,,,,,,,,,
61.182365,-162.777482,2016-08-16,1,1,58.51707881,58.51707881,,Schaefer_2020,,,,,,,,,
61.264135,-163.232137,2014-08-12,1,1,63.44873899,63.44873899,,Schaefer_2020,,,,,,,,,
69.06766167,-148.8005567,2014-08-13,1,1,48.45,48.45,,Schaefer_2020,,,,,,,,,
69.06792167,-148.801315,2014-08-13,1,1,41.21,41.21,,Schaefer_2020,,,,,,,,,
69.10793389,-148.8667317,2014-08-11,1,1,45.38,45.38,,Schaefer_2020,,,,,,,,,
70.1380565,-148.66409,2019-08-09,1,1,42.2900009,42.2900009,,Schaefer_2020,,,,,,,,,
71.259883,-156.82487,2018-08-18,1,1,34.789299,34.789299,,Schaefer_2020,,,,,,,,,
71.273799,-156.631683,2014-08-12,1,1,26.5526009,26.5526009,,Schaefer_2020,,,,,,,,,
71.316179,-156.638674,2014-08-12,1,1,42.1455002,42.1455002,,Schaefer_2020,,,,,,,,,
71.321307,-156.606765,2014-08-12,1,1,33.1016006,33.1016006,,Schaefer_2020,,,,,,,,,
60.52358,-117.02277,2012-08-18,1,1,100.0,100.0,,Schaefer_2020,,,,,,,,,
60.92057,-117.02544,2012-08-18,1,1,120.0,120.0,,Schaefer_2020,,,,,,,,,
60.92098,-117.02484,2012-08-18,1,1,120.0,120.0,,Schaefer_2020,,,,,,,,,
60.92112,-117.0252,2012-08-18,1,1,100.0,100.0,,Schaefer_2020,,,,,,,,,
60.92128,-117.02551,2012-08-18,1,1,120.0,120.0,,Schaefer_2020,,,,,,,,,
60.92305,-117.02248,2012-08-18,1,0,140.0,140.0,,Schaefer_2020,,,,,,,,,
60.92341,-117.02368,2012-08-18,1,1,100.0,100.0,,Schaefer_2020,,,,,,,,,
60.92347,-117.02316,2012-08-18,1,1,120.0,120.0,,Schaefer_2020,,,,,,,,,
60.95,-117.37363,2012-08-16,1,1,54.5,54.5,,Schaefer_2020,,,,,,,,,
60.95718,-117.34132,2009-07-11,1,1,63.16666667,63.16666667,,Schaefer_2020,,,,,,,,,
60.9572,-117.34088,2009-07-11,1,1,52.5,52.5,,Schaefer_2020,,,,,,,,,
60.95723,-117.34177,2009-07-10,1,1,68.33333333,68.33333333,,Schaefer_2020,,,,,,,,,
60.95735,-117.34215,2009-07-10,1,1,81.83333333,81.83333333,,Schaefer_2020,,,,,,,,,
60.95744,-117.34259,2008-06-22,1,1,62.33333333,62.33333333,,Schaefer_2020,,,,,,,,,
60.95774,-117.16016,2012-08-18,1,1,96.66666667,96.66666667,,Schaefer_2020,,,,,,,,,
60.95778,-117.15968,2012-08-18,1,1,88.0,88.0,,Schaefer_2020,,,,,,,,,
60.95794,-117.16035,2012-08-18,1,1,86.66666667,86.66666667,,Schaefer_2020,,,,,,,,,
60.95797,-117.16102,2013-08-10,1,1,100.0,100.0,,Schaefer_2020,,,,,,,,,
60.96547,-117.17677,2013-08-10,1,1,32.16666667,32.16666667,,Schaefer_2020,,,,,,,,,
60.96918,-117.29615,2012-08-18,1,1,59.0,59.0,,Schaefer_2020,,,,,,,,,
61.259892,-163.240349,2014-08-12,1,1,48.7,48.7,,Schaefer_2020,,,,,,,,,
61.261877,-163.237024,2014-08-12,1,1,57.7,57.7,,Schaefer_2020,,,,,,,,,
61.269069,-163.229376,2014-08-12,1,1,69.3,69.3,,Schaefer_2020,,,,,,,,,
61.291686,-162.865586,2013-08-11,1,1,63.0,63.0,,Schaefer_2020,,,,,,,,,
61.61966,-117.12825,2013-08-11,1,1,100.0,100.0,,Schaefer_2020,,,,,,,,,
61.71549,-116.89001,2013-08-11,1,1,110.0,110.0,,Schaefer_2020,,,,,,,,,
61.71562,-116.89039,2013-08-11,1,1,74.0,74.0,,Schaefer_2020,,,,,,,,,
61.71576,-116.8907,2013-08-11,1,1,50.0,50.0,,Schaefer_2020,,,,,,,,,
61.76967,-116.78878,2013-08-11,1,1,82.33333333,82.33333333,,Schaefer_2020,,,,,,,,,
61.77001,-116.78793,2013-08-11,1,1,91.66666667,91.66666667,,Schaefer_2020,,,,,,,,,
61.77019,-116.78865,2013-08-11,1,1,98.33333333,98.33333333,,Schaefer_2020,,,,,,,,,
61.77036,-116.78855,2013-08-11,1,1,82.66666667,82.66666667,,Schaefer_2020,,,,,,,,,
62.02872,-116.31459,2013-08-10,1,1,67.16666667,67.16666667,,Schaefer_2020,,,,,,,,,
62.02911,-116.31076,2013-08-11,1,1,82.66666667,82.66666667,,Schaefer_2020,,,,,,,,,
62.02971,-116.31116,2013-08-11,1,1,87.66666667,87.66666667,,Schaefer_2020,,,,,,,,,
62.07367,-116.3219,2013-08-11,1,1,60.17,60.17,,Schaefer_2020,,,,,,,,,
62.32266,-113.1125,2013-08-10,1,1,59.66666667,59.66666667,,Schaefer_2020,,,,,,,,,
62.3272,-113.1178,2013-08-10,1,1,55.33333333,55.33333333,,Schaefer_2020,,,,,,,,,
62.35011,-113.08338,2013-08-11,1,1,81.33333333,81.33333333,,Schaefer_2020,,,,,,,,,
62.3503,-113.08305,2013-08-11,1,1,93.0,93.0,,Schaefer_2020,,,,,,,,,
62.35035,-113.08373,2013-08-11,1,1,69.0,69.0,,Schaefer_2020,,,,,,,,,
62.35046,-113.08273,2013-08-11,1,1,99.33333333,99.33333333,,Schaefer_2020,,,,,,,,,
62.35056,-113.08344,2013-08-11,1,1,72.5,72.5,,Schaefer_2020,,,,,,,,,
62.35072,-113.08311,2013-08-11,1,1,62.16666667,62.16666667,,Schaefer_2020,,,,,,,,,
62.35429,-113.09391,2013-08-11,1,1,39.0,39.0,,Schaefer_2020,,,,,,,,,
62.35445,-113.09422,2013-08-11,1,1,60.16666667,60.16666667,,Schaefer_2020,,,,,,,,,
62.35463,-113.0943,2013-08-11,1,1,69.0,69.0,,Schaefer_2020,,,,,,,,,
62.35487,-113.09441,2013-08-11,1,1,51.5,51.5,,Schaefer_2020,,,,,,,,,
62.36462,-113.07429,2013-08-11,1,1,55.83333333,55.83333333,,Schaefer_2020,,,,,,,,,
62.36486,-113.07933,2013-08-11,1,1,65.0,65.0,,Schaefer_2020,,,,,,,,,
62.36509,-113.07426,2013-08-11,1,1,52.83333333,52.83333333,,Schaefer_2020,,,,,,,,,
62.36534,-113.07375,2013-08-11,1,1,54.83333333,54.83333333,,Schaefer_2020,,,,,,,,,
62.38114,-113.08012,2013-08-11,1,1,45.16666667,45.16666667,,Schaefer_2020,,,,,,,,,
62.38145,-113.08009,2013-08-11,1,1,48.0,48.0,,Schaefer_2020,,,,,,,,,
62.38164,-113.08014,2013-08-11,1,1,40.83333333,40.83333333,,Schaefer_2020,,,,,,,,,
62.38258,-113.15533,2013-08-10,1,1,71.33333333,71.33333333,,Schaefer_2020,,,,,,,,,
62.38283,-113.15629,2013-08-10,1,1,75.83333333,75.83333333,,Schaefer_2020,,,,,,,,,
62.38295,-113.07664,2013-08-10,1,1,46.83333333,46.83333333,,Schaefer_2020,,,,,,,,,
62.38303,-113.38303,2013-08-10,1,1,74.83333333,74.83333333,,Schaefer_2020,,,,,,,,,
62.38321,-113.15583,2013-08-10,1,1,64.83333333,64.83333333,,Schaefer_2020,,,,,,,,,
62.38335,-113.07713,2013-08-10,1,1,47.0,47.0,,Schaefer_2020,,,,,,,,,
62.39223,-113.04179,2013-08-10,1,1,43.33333333,43.33333333,,Schaefer_2020,,,,,,,,,
62.39255,-113.04245,2013-08-10,1,1,84.5,84.5,,Schaefer_2020,,,,,,,,,
62.39429,-113.1317,2013-08-11,1,1,90.83333333,90.83333333,,Schaefer_2020,,,,,,,,,
62.39437,-113.13132,2013-08-11,1,1,77.33333333,77.33333333,,Schaefer_2020,,,,,,,,,
62.41851,-113.00304,2013-08-10,1,1,66.16666667,66.16666667,,Schaefer_2020,,,,,,,,,
62.41864,-113.0027,2013-08-10,1,1,52.0,52.0,,Schaefer_2020,,,,,,,,,
62.41876,-113.0023,2013-08-10,1,1,67.83333333,67.83333333,,Schaefer_2020,,,,,,,,,
62.42995,-113.15117,2013-08-10,1,1,61.16666667,61.16666667,,Schaefer_2020,,,,,,,,,
62.43047,-113.15057,2013-08-10,1,1,78.33333333,78.33333333,,Schaefer_2020,,,,,,,,,
62.43462,-113.15398,2013-08-10,1,1,71.33333333,71.33333333,,Schaefer_2020,,,,,,,,,
62.43484,-113.15409,2013-08-10,1,1,84.5,84.5,,Schaefer_2020,,,,,,,,,
62.43499,-113.15318,2013-08-10,1,1,77.33333333,77.33333333,,Schaefer_2020,,,,,,,,,
62.43508,-113.15412,2013-08-10,1,1,95.33333333,95.33333333,,Schaefer_2020,,,,,,,,,
62.48995,-113.50768,2013-08-11,1,1,29.16666667,29.16666667,,Schaefer_2020,,,,,,,,,
62.49023,-113.50581,2013-08-11,1,1,21.33333333,21.33333333,,Schaefer_2020,,,,,,,,,
62.49039,-113.5068,2013-08-11,1,1,48.0,48.0,,Schaefer_2020,,,,,,,,,
62.49056,-113.50686,2013-08-11,1,1,55.33333333,55.33333333,,Schaefer_2020,,,,,,,,,
62.49374,-113.43828,2013-08-10,1,1,59.25,59.25,,Schaefer_2020,,,,,,,,,
62.5007,-113.41373,2013-08-10,1,1,50.83333333,50.83333333,,Schaefer_2020,,,,,,,,,
62.50085,-113.41373,2013-08-10,1,1,50.0,50.0,,Schaefer_2020,,,,,,,,,
62.50097,-113.4143,2013-08-10,1,1,59.66666667,59.66666667,,Schaefer_2020,,,,,,,,,
62.50814,-113.39462,2013-08-10,1,1,66.66666667,66.66666667,,Schaefer_2020,,,,,,,,,
62.5083,-113.39568,2013-08-10,1,1,64.16666667,64.16666667,,Schaefer_2020,,,,,,,,,
62.50837,-113.39458,2013-08-10,1,1,76.66666667,76.66666667,,Schaefer_2020,,,,,,,,,
62.50853,-113.39555,2013-08-10,1,1,43.0,43.0,,Schaefer_2020,,,,,,,,,
62.5086,-113.39461,2013-08-10,1,1,75.16666667,75.16666667,,Schaefer_2020,,,,,,,,,
62.50875,-113.39548,2013-08-10,1,1,62.5,62.5,,Schaefer_2020,,,,,,,,,
62.51502,-113.3916,2013-08-10,1,1,59.16666667,59.16666667,,Schaefer_2020,,,,,,,,,
62.51517,-113.39059,2013-08-10,1,1,55.5,55.5,,Schaefer_2020,,,,,,,,,
62.51539,-113.39062,2013-08-10,1,1,61.0,61.0,,Schaefer_2020,,,,,,,,,
62.51563,-113.39072,2013-08-10,1,1,61.5,61.5,,Schaefer_2020,,,,,,,,,
62.54267,-116.4457,2013-08-10,1,1,37.0,37.0,,Schaefer_2020,,,,,,,,,
62.56528,-116.37776,2013-08-11,1,1,100.0,100.0,,Schaefer_2020,,,,,,,,,
64.69613,-148.325408,2013-08-11,1,1,45.333333333333336,45.333333333333336,,Schaefer_2020,,,,,,,,,
64.73914,-165.96214,2013-08-11,1,1,108.5,108.5,,Schaefer_2020,,,,,,,,,
64.73916,-165.97246,2013-08-11,1,1,7.0,7.0,,Schaefer_2020,,,,,,,,,
64.73918,-165.97243,2013-08-11,1,1,51.0,51.0,,Schaefer_2020,,,,,,,,,
64.73946,-165.97284,2013-08-11,1,1,64.0,64.0,,Schaefer_2020,,,,,,,,,
64.73947,-165.97284,2013-08-11,1,1,64.0,64.0,,Schaefer_2020,,,,,,,,,
65.16433,-164.83009,2013-08-11,1,1,51.0,51.0,,Schaefer_2020,,,,,,,,,
65.16532,-164.82021,2013-08-11,1,1,10.0,10.0,,Schaefer_2020,,,,,,,,,
65.16534,-164.82018,2013-08-11,1,1,57.0,57.0,,Schaefer_2020,,,,,,,,,
65.340303,-146.919401,2013-08-11,1,1,39.66666666666666,39.66666666666666,,Schaefer_2020,,,,,,,,,
68.5457033,-149.4938717,2016-08-14,1,1,40.0,40.0,,Schaefer_2020,,,,,,,,,
68.5464773,-149.4866433,2016-08-14,1,1,76.0,76.0,,Schaefer_2020,,,,,,,,,
68.5467217,-149.4897183,2016-08-14,1,1,45.0,45.0,,Schaefer_2020,,,,,,,,,
68.5467567,-149.4879917,2016-08-14,1,1,40.0,40.0,,Schaefer_2020,,,,,,,,,
68.63,-150.27,2013-08-11,1,1,47.7,47.7,,Schaefer_2020,,,,,,,,,
68.632592,-149.473605,2013-08-11,1,1,36.0,36.0,,Schaefer_2020,,,,,,,,,
68.63445,-149.496402,2013-08-11,1,1,59.0,59.0,,Schaefer_2020,,,,,,,,,
68.638995,-149.50384,2013-08-11,1,1,55.0,55.0,,Schaefer_2020,,,,,,,,,
68.640922,-149.490398,2013-08-11,1,1,35.0,35.0,,Schaefer_2020,,,,,,,,,
68.641337,-149.481337,2013-08-11,1,1,47.5,47.5,,Schaefer_2020,,,,,,,,,
68.641595,-149.476437,2013-08-11,1,1,50.0,50.0,,Schaefer_2020,,,,,,,,,
68.641615,-149.470523,2013-08-11,1,1,44.0,44.0,,Schaefer_2020,,,,,,,,,
68.6420467,-149.4654817,2013-08-11,1,1,55.3,55.3,,Schaefer_2020,,,,,,,,,
68.64726,-149.387463,2016-08-14,1,1,53.0,53.0,,Schaefer_2020,,,,,,,,,
68.647335,-149.35935,2016-08-14,1,1,68.0,68.0,,Schaefer_2020,,,,,,,,,
68.647345,-149.3605483,2016-08-14,1,1,22.0,22.0,,Schaefer_2020,,,,,,,,,
68.6473933,-149.36225,2016-08-14,1,1,48.0,48.0,,Schaefer_2020,,,,,,,,,
68.6474083,-149.37531,2016-08-14,1,1,27.0,27.0,,Schaefer_2020,,,,,,,,,
68.6474117,-149.36901,2016-08-14,1,1,29.0,29.0,,Schaefer_2020,,,,,,,,,
68.647438,-149.3660783,2016-08-14,1,1,46.0,46.0,,Schaefer_2020,,,,,,,,,
68.64745913,-149.3902478,2016-08-15,1,1,52.0,52.0,,Schaefer_2020,,,,,,,,,
68.64752353,-149.389599,2016-08-15,1,1,58.0,58.0,,Schaefer_2020,,,,,,,,,
68.6475633,-149.3567683,2016-08-14,1,1,58.0,58.0,,Schaefer_2020,,,,,,,,,
68.64758331,-149.3887383,2016-08-15,1,1,58.0,58.0,,Schaefer_2020,,,,,,,,,
68.64763146,-149.3878272,2016-08-15,1,1,60.0,60.0,,Schaefer_2020,,,,,,,,,
68.6476984,-149.385229,2016-08-15,1,1,95.0,95.0,,Schaefer_2020,,,,,,,,,
68.647705,-149.35495,2016-08-14,1,1,46.0,46.0,,Schaefer_2020,,,,,,,,,
68.64774643,-149.3869029,2016-08-15,1,1,58.0,58.0,,Schaefer_2020,,,,,,,,,
68.6479634,-149.3627255,2016-08-15,1,1,50.0,50.0,,Schaefer_2020,,,,,,,,,
68.64798052,-149.3828748,2016-08-15,1,1,53.0,53.0,,Schaefer_2020,,,,,,,,,
68.64809019,-149.3821133,2016-08-15,1,1,49.0,49.0,,Schaefer_2020,,,,,,,,,
68.64809265,-149.3635072,2016-08-15,1,1,63.0,63.0,,Schaefer_2020,,,,,,,,,
68.64815365,-149.3642306,2016-08-15,1,1,59.0,59.0,,Schaefer_2020,,,,,,,,,
68.64816272,-149.3688446,2016-08-15,1,1,49.0,49.0,,Schaefer_2020,,,,,,,,,
68.64819251,-149.3812087,2016-08-15,1,1,76.0,76.0,,Schaefer_2020,,,,,,,,,
68.64819307,-149.3715857,2016-08-15,1,1,49.0,49.0,,Schaefer_2020,,,,,,,,,
68.64823285,-149.369796,2016-08-15,1,1,48.0,48.0,,Schaefer_2020,,,,,,,,,
68.64823379,-149.373336,2016-08-15,1,1,57.0,57.0,,Schaefer_2020,,,,,,,,,
68.64823906,-149.3724845,2016-08-15,1,1,55.0,55.0,,Schaefer_2020,,,,,,,,,
68.64826179,-149.3672331,2016-08-15,1,1,47.0,47.0,,Schaefer_2020,,,,,,,,,
68.64826427,-149.3740665,2016-08-15,1,1,41.0,41.0,,Schaefer_2020,,,,,,,,,
68.64827998,-149.3653394,2016-08-15,1,1,64.0,64.0,,Schaefer_2020,,,,,,,,,
68.64829239,-149.3663945,2016-08-15,1,1,51.0,51.0,,Schaefer_2020,,,,,,,,,
68.64829296,-149.3680089,2016-08-15,1,1,54.0,54.0,,Schaefer_2020,,,,,,,,,
68.64831246,-149.3780133,2016-08-15,1,1,57.0,57.0,,Schaefer_2020,,,,,,,,,
68.64832699,-149.3773942,2016-08-15,1,1,75.0,75.0,,Schaefer_2020,,,,,,,,,
68.64834688,-149.3749475,2016-08-15,1,1,50.0,50.0,,Schaefer_2020,,,,,,,,,
68.64836101,-149.3767147,2016-08-15,1,1,82.0,82.0,,Schaefer_2020,,,,,,,,,
68.64836347,-149.3757154,2016-08-15,1,1,70.0,70.0,,Schaefer_2020,,,,,,,,,
68.6487183,-149.3404217,2016-08-14,1,1,53.0,53.0,,Schaefer_2020,,,,,,,,,
68.64898,-149.338395,2016-08-14,1,1,29.0,29.0,,Schaefer_2020,,,,,,,,,
68.6497333,-149.3355467,2016-08-14,1,1,53.0,53.0,,Schaefer_2020,,,,,,,,,
68.6498933,-149.2365,2014-08-13,1,1,38.0,38.0,,Schaefer_2020,,,,,,,,,
68.6510883,-149.2523,2014-08-13,1,1,55.0,55.0,,Schaefer_2020,,,,,,,,,
68.6511667,-149.326335,2016-08-14,1,1,62.0,62.0,,Schaefer_2020,,,,,,,,,
68.6513083,-149.2313,2014-08-13,1,1,40.0,40.0,,Schaefer_2020,,,,,,,,,
68.6515117,-149.3205083,2016-08-14,1,1,48.0,48.0,,Schaefer_2020,,,,,,,,,
68.652135,-149.2291,2014-08-13,1,1,37.0,37.0,,Schaefer_2020,,,,,,,,,
68.6529983,-149.2271,2014-08-13,1,1,38.0,38.0,,Schaefer_2020,,,,,,,,,
68.71478,-149.02899,2018-08-15,1,1,46.0,46.0,,Schaefer_2020,,,,,,,,,
68.71492,-149.02911,2018-08-15,1,1,41.0,41.0,,Schaefer_2020,,,,,,,,,
68.78868,-148.85028,2016-08-15,1,1,60.3,60.3,,Schaefer_2020,,,,,,,,,
68.8501,-148.82843,2016-08-15,1,1,53.0,53.0,,Schaefer_2020,,,,,,,,,
68.85013,-148.82936,2016-08-15,1,1,56.0,56.0,,Schaefer_2020,,,,,,,,,
68.877721,-150.485307,2013-08-11,1,1,66.9,66.9,,Schaefer_2020,,,,,,,,,
68.881152,-150.730976,2013-08-11,1,1,55.85,55.85,,Schaefer_2020,,,,,,,,,
68.901161,-150.579065,2013-08-11,1,1,65.1,65.1,,Schaefer_2020,,,,,,,,,
68.906329,-150.233182,2013-08-11,1,1,66.75,66.75,,Schaefer_2020,,,,,,,,,
68.91591,-148.848298,2018-08-16,1,1,33.0,33.0,,Schaefer_2020,,,,,,,,,
68.916377,-148.847545,2018-08-16,1,1,70.0,70.0,,Schaefer_2020,,,,,,,,,
68.916828,-148.847355,2018-08-16,1,1,60.0,60.0,,Schaefer_2020,,,,,,,,,
68.920772,-150.036893,2013-08-11,1,1,52.35,52.35,,Schaefer_2020,,,,,,,,,
68.93,-150.27,2013-08-11,1,1,34.29506172839506,34.29506172839506,,Schaefer_2020,,,,,,,,,
68.9344853,-150.2728053,2013-08-11,1,1,48.76470588235294,48.76470588235294,,Schaefer_2020,,,,,,,,,
68.947777,-150.671791,2013-08-11,1,1,53.1,53.1,,Schaefer_2020,,,,,,,,,
68.948905,-150.439662,2013-08-11,1,1,65.8,65.8,,Schaefer_2020,,,,,,,,,
68.95,-150.21,2013-08-11,1,1,40.28875,40.28875,,Schaefer_2020,,,,,,,,,
68.950556,-150.835485,2013-08-11,1,1,47.05,47.05,,Schaefer_2020,,,,,,,,,
68.95141278,-150.2115191,2013-08-11,1,1,62.431372549019606,62.431372549019606,,Schaefer_2020,,,,,,,,,
68.95215,-148.8761,2016-08-15,1,1,46.3,46.3,,Schaefer_2020,,,,,,,,,
68.98135,-148.83099,2014-08-13,1,1,88.0,88.0,,Schaefer_2020,,,,,,,,,
68.985278,-150.521837,2013-08-11,1,1,67.6,67.6,,Schaefer_2020,,,,,,,,,
68.99,-150.28,2013-08-11,1,1,43.907407407407405,43.907407407407405,,Schaefer_2020,,,,,,,,,
68.99113,-150.625969,2013-08-11,1,1,65.05000000000001,65.05000000000001,,Schaefer_2020,,,,,,,,,
68.99675103,-150.2815055,2013-08-11,1,1,57.64705882352941,57.64705882352941,,Schaefer_2020,,,,,,,,,
68.999,-150.28,2013-08-11,1,1,61.85,61.85,,Schaefer_2020,,,,,,,,,
69.003587,-150.734651,2013-08-11,1,1,63.6,63.6,,Schaefer_2020,,,,,,,,,
69.005575,-150.392413,2013-08-11,1,1,57.1,57.1,,Schaefer_2020,,,,,,,,,
69.017626,-150.915936,2013-08-11,1,1,48.85,48.85,,Schaefer_2020,,,,,,,,,
69.021547,-150.549971,2013-08-11,1,1,62.3,62.3,,Schaefer_2020,,,,,,,,,
69.025704,-150.122863,2013-08-11,1,1,43.4,43.4,,Schaefer_2020,,,,,,,,,
69.032527,-150.796653,2013-08-11,1,1,45.75,45.75,,Schaefer_2020,,,,,,,,,
69.036425,-150.678506,2013-08-11,1,1,57.9,57.9,,Schaefer_2020,,,,,,,,,
69.04042677,-150.4120252,2013-08-11,1,1,50.6078431372549,50.6078431372549,,Schaefer_2020,,,,,,,,,
69.040767,-150.384684,2013-08-11,1,1,61.2,61.2,,Schaefer_2020,,,,,,,,,
69.052827,-150.609415,2013-08-11,1,1,49.3,49.3,,Schaefer_2020,,,,,,,,,
69.065788,-148.779538,2014-08-13,1,1,52.3,52.3,,Schaefer_2020,,,,,,,,,
69.072282,-148.784172,2016-08-13,1,1,46.0,46.0,,Schaefer_2020,,,,,,,,,
69.073889,-150.414931,2013-08-11,1,1,65.85,65.85,,Schaefer_2020,,,,,,,,,
69.0742031,-150.4039689,2013-08-11,1,1,49.10204081632653,49.10204081632653,,Schaefer_2020,,,,,,,,,
69.075018,-150.739097,2013-08-11,1,1,58.95,58.95,,Schaefer_2020,,,,,,,,,
69.083073,-150.192424,2013-08-11,1,1,55.2,55.2,,Schaefer_2020,,,,,,,,,
69.097619,-150.605476,2013-08-11,1,1,57.8,57.8,,Schaefer_2020,,,,,,,,,
69.107448,-148.859077,2014-08-11,1,1,55.7,55.7,,Schaefer_2020,,,,,,,,,
69.117951,-150.522133,2013-08-11,1,1,65.65,65.65,,Schaefer_2020,,,,,,,,,
69.118058,-148.87121,2014-08-11,1,1,37.7,37.7,,Schaefer_2020,,,,,,,,,
69.119455,-148.868207,2014-08-11,1,1,38.7,38.7,,Schaefer_2020,,,,,,,,,
69.1196283,-148.839865,2016-08-17,1,1,36.0,36.0,,Schaefer_2020,,,,,,,,,
69.1204417,-148.836935,2016-08-17,1,1,47.0,47.0,,Schaefer_2020,,,,,,,,,
69.121215,-148.839865,2016-08-17,1,1,37.0,37.0,,Schaefer_2020,,,,,,,,,
69.121265,-148.83793,2016-08-17,1,1,44.7,44.7,,Schaefer_2020,,,,,,,,,
69.125093,-148.148851,2014-08-11,1,1,37.7,37.7,,Schaefer_2020,,,,,,,,,
69.12554,-148.8390967,2016-08-17,1,1,46.0,46.0,,Schaefer_2020,,,,,,,,,
69.1265317,-148.8427617,2016-08-17,1,1,41.0,41.0,,Schaefer_2020,,,,,,,,,
69.1278967,-148.8450817,2016-08-17,1,1,45.3,45.3,,Schaefer_2020,,,,,,,,,
69.131161,-150.776315,2013-08-11,1,1,59.85,59.85,,Schaefer_2020,,,,,,,,,
69.142566,-150.920629,2013-08-11,1,1,42.95,42.95,,Schaefer_2020,,,,,,,,,
69.1467,-148.8383,2018-08-24,1,1,37.07142857142857,37.07142857142857,,Schaefer_2020,,,,,,,,,
69.14941,-148.846,2014-08-13,1,1,43.3,43.3,,Schaefer_2020,,,,,,,,,
69.14942,-150.669112,2013-08-11,1,1,58.8,58.8,,Schaefer_2020,,,,,,,,,
69.1501067,-148.8415917,2014-08-13,1,1,30.0,30.0,,Schaefer_2020,,,,,,,,,
69.15909,-150.372051,2013-08-11,1,1,38.85,38.85,,Schaefer_2020,,,,,,,,,
69.1591,-148.8291,2018-08-24,1,1,41.023809523809526,41.023809523809526,,Schaefer_2020,,,,,,,,,
69.173131,-150.832241,2013-08-11,1,1,58.1,58.1,,Schaefer_2020,,,,,,,,,
69.182426,-150.528724,2013-08-11,1,1,59.65,59.65,,Schaefer_2020,,,,,,,,,
69.214349,-150.955404,2013-08-11,1,1,68.65,68.65,,Schaefer_2020,,,,,,,,,
69.215311,-150.879409,2013-08-11,1,1,58.65,58.65,,Schaefer_2020,,,,,,,,,
69.228117,-150.748094,2013-08-11,1,1,52.9,52.9,,Schaefer_2020,,,,,,,,,
69.233693,-150.601337,2013-08-11,1,1,56.65,56.65,,Schaefer_2020,,,,,,,,,
69.261326,-150.891772,2013-08-11,1,1,54.3,54.3,,Schaefer_2020,,,,,,,,,
69.2796,-150.662435,2013-08-11,1,1,56.75,56.75,,Schaefer_2020,,,,,,,,,
69.281249,-150.478394,2013-08-11,1,1,47.15,47.15,,Schaefer_2020,,,,,,,,,
69.290306,-150.783888,2013-08-11,1,1,59.2,59.2,,Schaefer_2020,,,,,,,,,
69.302733,-150.903301,2013-08-11,1,1,57.1,57.1,,Schaefer_2020,,,,,,,,,
69.312696,-150.701603,2013-08-11,1,1,47.3,47.3,,Schaefer_2020,,,,,,,,,
69.321175,-151.064796,2013-08-11,1,1,45.3,45.3,,Schaefer_2020,,,,,,,,,
69.341872,-150.921334,2013-08-11,1,1,57.150000000000006,57.150000000000006,,Schaefer_2020,,,,,,,,,
69.358039,-150.68531,2013-08-11,1,1,62.8,62.8,,Schaefer_2020,,,,,,,,,
69.364545,-150.596434,2013-08-11,1,1,52.150000000000006,52.150000000000006,,Schaefer_2020,,,,,,,,,
69.384466,-150.928384,2013-08-11,1,1,57.25,57.25,,Schaefer_2020,,,,,,,,,
69.397455,-150.700217,2013-08-11,1,1,63.1,63.1,,Schaefer_2020,,,,,,,,,
69.429722,-150.873225,2013-08-11,1,1,53.1,53.1,,Schaefer_2020,,,,,,,,,
70.03275,-148.641444,2018-08-24,1,1,43.59090909090909,43.59090909090909,,Schaefer_2020,,,,,,,,,
70.1653,-148.4581,2018-08-24,1,1,43.11764705882353,43.11764705882353,,Schaefer_2020,,,,,,,,,
70.17561,-148.45194,2018-08-24,1,1,56.63,56.63,,Schaefer_2020,,,,,,,,,
70.17584,-148.45833,2018-08-24,1,1,54.67,54.67,,Schaefer_2020,,,,,,,,,
70.17591,-148.45426,2018-08-24,1,1,56.0,56.0,,Schaefer_2020,,,,,,,,,
70.17602,-148.46095,2018-08-24,1,1,52.5,52.5,,Schaefer_2020,,,,,,,,,
70.17647,-148.45083,2018-08-24,1,1,56.5,56.5,,Schaefer_2020,,,,,,,,,
70.17655,-148.45404,2018-08-24,1,1,54.33,54.33,,Schaefer_2020,,,,,,,,,
70.17662,-148.45709,2018-08-24,1,1,53.67,53.67,,Schaefer_2020,,,,,,,,,
70.17693,-148.46035,2018-08-24,1,1,54.67,54.67,,Schaefer_2020,,,,,,,,,
70.17728,-148.44989,2018-08-24,1,1,55.5,55.5,,Schaefer_2020,,,,,,,,,
70.17748,-148.45595,2018-08-24,1,1,52.67,52.67,,Schaefer_2020,,,,,,,,,
70.17755,-148.45351,2018-08-24,1,1,53.17,53.17,,Schaefer_2020,,,,,,,,,
70.17785,-148.45966,2018-08-24,1,1,49.83,49.83,,Schaefer_2020,,,,,,,,,
70.17786,-148.45332,2018-08-24,1,1,53.5,53.5,,Schaefer_2020,,,,,,,,,
70.17808,-148.44886,2018-08-24,1,1,70.25,70.25,,Schaefer_2020,,,,,,,,,
70.17831,-148.45505,2018-08-24,1,1,60.67,60.67,,Schaefer_2020,,,,,,,,,
70.1786,-148.4375,2018-08-24,1,1,37.97619047619048,37.97619047619048,,Schaefer_2020,,,,,,,,,
70.17867,-148.45902,2018-08-24,1,1,43.0,43.0,,Schaefer_2020,,,,,,,,,
70.17888,-148.47305,2018-08-24,1,1,52.0,52.0,,Schaefer_2020,,,,,,,,,
70.17892,-148.46649,2018-08-24,1,1,54.33,54.33,,Schaefer_2020,,,,,,,,,
70.17894,-148.4479,2018-08-24,1,1,70.0,70.0,,Schaefer_2020,,,,,,,,,
70.17903,-148.46107,2018-08-24,1,1,56.33,56.33,,Schaefer_2020,,,,,,,,,
70.17911,-148.45237,2018-08-24,1,1,66.33,66.33,,Schaefer_2020,,,,,,,,,
70.17912,-148.47556,2018-08-22,1,1,52.0,52.0,,Schaefer_2020,,,,,,,,,
70.17917,-148.46899,2018-08-24,1,1,38.67,38.67,,Schaefer_2020,,,,,,,,,
70.17917,-148.45411,2018-08-24,1,1,57.83,57.83,,Schaefer_2020,,,,,,,,,
70.17943,-148.46352,2018-08-24,1,1,53.33,53.33,,Schaefer_2020,,,,,,,,,
70.17954,-148.45835,2018-08-24,1,1,53.83,53.83,,Schaefer_2020,,,,,,,,,
70.1797,-148.47202,2018-08-24,1,1,54.67,54.67,,Schaefer_2020,,,,,,,,,
70.17976,-148.46548,2018-08-24,1,1,54.67,54.67,,Schaefer_2020,,,,,,,,,
70.1798,-148.44678,2018-08-24,1,1,51.67,51.67,,Schaefer_2020,,,,,,,,,
70.17987,-148.46011,2018-08-24,1,1,60.33,60.33,,Schaefer_2020,,,,,,,,,
70.17994,-148.45133,2018-08-24,1,1,64.67,64.67,,Schaefer_2020,,,,,,,,,
70.17996,-148.47456,2018-08-22,1,1,49.67,49.67,,Schaefer_2020,,,,,,,,,
70.17997,-148.4679,2018-08-24,1,1,67.0,67.0,,Schaefer_2020,,,,,,,,,
70.17997,-148.45306,2018-08-24,1,1,64.67,64.67,,Schaefer_2020,,,,,,,,,
70.18027,-148.46254,2018-08-24,1,1,54.0,54.0,,Schaefer_2020,,,,,,,,,
70.18039,-148.4576,2018-08-24,1,1,54.17,54.17,,Schaefer_2020,,,,,,,,,
70.18052,-148.47089,2018-08-24,1,1,40.0,40.0,,Schaefer_2020,,,,,,,,,
70.1806,-148.44583,2018-08-24,1,1,59.25,59.25,,Schaefer_2020,,,,,,,,,
70.18061,-148.46448,2018-08-24,1,1,56.67,56.67,,Schaefer_2020,,,,,,,,,
70.18069,-148.45897,2018-08-24,1,1,53.0,53.0,,Schaefer_2020,,,,,,,,,
70.18075,-148.45168,2018-08-24,1,1,56.67,56.67,,Schaefer_2020,,,,,,,,,
70.18075,-148.45027,2018-08-24,1,1,61.5,61.5,,Schaefer_2020,,,,,,,,,
70.1808,-148.47357,2018-08-22,1,1,45.33,45.33,,Schaefer_2020,,,,,,,,,
70.18081,-148.46687,2018-08-24,1,1,53.0,53.0,,Schaefer_2020,,,,,,,,,
70.18105,-148.46127,2018-08-24,1,1,55.0,55.0,,Schaefer_2020,,,,,,,,,
70.18129,-148.45705,2018-08-24,1,1,55.17,55.17,,Schaefer_2020,,,,,,,,,
70.18134,-148.46976,2018-08-24,1,1,47.0,47.0,,Schaefer_2020,,,,,,,,,
70.1814,-148.46349,2018-08-24,1,1,56.0,56.0,,Schaefer_2020,,,,,,,,,
70.18144,-148.44479,2018-08-24,1,1,53.67,53.67,,Schaefer_2020,,,,,,,,,
70.18152,-148.45796,2018-08-24,1,1,50.0,50.0,,Schaefer_2020,,,,,,,,,
70.18157,-148.4494,2018-08-24,1,1,57.83,57.83,,Schaefer_2020,,,,,,,,,
70.1816,-148.45102,2018-08-24,1,1,45.33,45.33,,Schaefer_2020,,,,,,,,,
70.18163,-148.47255,2018-08-22,1,1,44.67,44.67,,Schaefer_2020,,,,,,,,,
70.18166,-148.46588,2018-08-24,1,1,52.33,52.33,,Schaefer_2020,,,,,,,,,
70.18188,-148.46016,2018-08-24,1,1,51.67,51.67,,Schaefer_2020,,,,,,,,,
70.18216,-148.46869,2018-08-24,1,1,62.0,62.0,,Schaefer_2020,,,,,,,,,
70.18224,-148.44378,2018-08-24,1,1,51.33,51.33,,Schaefer_2020,,,,,,,,,
70.18225,-148.46245,2018-08-24,1,1,51.67,51.67,,Schaefer_2020,,,,,,,,,
70.18233,-148.45796,2018-08-24,1,1,51.0,51.0,,Schaefer_2020,,,,,,,,,
70.18244,-148.44828,2018-08-24,1,1,56.38,56.38,,Schaefer_2020,,,,,,,,,
70.18247,-148.45016,2018-08-24,1,1,46.67,46.67,,Schaefer_2020,,,,,,,,,
70.18248,-148.47156,2018-08-22,1,1,48.0,48.0,,Schaefer_2020,,,,,,,,,
70.1825,-148.46497,2018-08-24,1,1,52.67,52.67,,Schaefer_2020,,,,,,,,,
70.18269,-148.45906,2018-08-24,1,1,51.0,51.0,,Schaefer_2020,,,,,,,,,
70.18285,-148.45648,2018-08-24,1,1,47.0,47.0,,Schaefer_2020,,,,,,,,,
70.18297,-148.45567,2018-08-24,1,1,45.17,45.17,,Schaefer_2020,,,,,,,,,
70.18298,-148.46756,2018-08-24,1,1,51.33,51.33,,Schaefer_2020,,,,,,,,,
70.18306,-148.44264,2018-08-24,1,1,47.5,47.5,,Schaefer_2020,,,,,,,,,
70.18307,-148.4614,2018-08-24,1,1,50.67,50.67,,Schaefer_2020,,,,,,,,,
70.18317,-148.45691,2018-08-24,1,1,49.0,49.0,,Schaefer_2020,,,,,,,,,
70.18324,-148.44719,2018-08-24,1,1,62.33,62.33,,Schaefer_2020,,,,,,,,,
70.18327,-148.47046,2018-08-22,1,1,48.67,48.67,,Schaefer_2020,,,,,,,,,
70.18331,-148.46394,2018-08-24,1,1,50.0,50.0,,Schaefer_2020,,,,,,,,,
70.18335,-148.44953,2018-08-24,1,1,52.67,52.67,,Schaefer_2020,,,,,,,,,
70.18351,-148.45789,2018-08-24,1,1,36.67,36.67,,Schaefer_2020,,,,,,,,,
70.18381,-148.46645,2018-08-24,1,1,49.0,49.0,,Schaefer_2020,,,,,,,,,
70.18388,-148.44159,2018-08-22,1,1,55.0,55.0,,Schaefer_2020,,,,,,,,,
70.18389,-148.46037,2018-08-24,1,1,42.67,42.67,,Schaefer_2020,,,,,,,,,
70.18393,-148.44264,2018-08-24,1,1,53.83,53.83,,Schaefer_2020,,,,,,,,,
70.18408,-148.44616,2018-08-24,1,1,54.0,54.0,,Schaefer_2020,,,,,,,,,
70.18409,-148.4442,2018-08-22,1,1,53.33,53.33,,Schaefer_2020,,,,,,,,,
70.18416,-148.46289,2018-08-24,1,1,57.0,57.0,,Schaefer_2020,,,,,,,,,
70.18422,-148.44877,2018-08-24,1,1,62.33,62.33,,Schaefer_2020,,,,,,,,,
70.18435,-148.4568,2018-08-24,1,1,55.33,55.33,,Schaefer_2020,,,,,,,,,
70.18441,-148.43805,2018-08-24,1,1,57.33,57.33,,Schaefer_2020,,,,,,,,,
70.18447,-148.44644,2018-08-22,1,1,65.33,65.33,,Schaefer_2020,,,,,,,,,
70.18461,-148.46964,2018-08-22,1,1,51.33,51.33,,Schaefer_2020,,,,,,,,,
70.18462,-148.46533,2018-08-24,1,1,63.33,63.33,,Schaefer_2020,,,,,,,,,
70.18474,-148.45929,2018-08-24,1,1,54.0,54.0,,Schaefer_2020,,,,,,,,,
70.18485,-148.44901,2018-08-22,1,1,62.67,62.67,,Schaefer_2020,,,,,,,,,
70.184865,-148.437845,2018-08-24,1,1,50.67,50.67,,Schaefer_2020,,,,,,,,,
70.18494,-148.4619,2018-08-24,1,1,46.67,46.67,,Schaefer_2020,,,,,,,,,
70.18498,-148.46864,2018-08-22,1,1,56.67,56.67,,Schaefer_2020,,,,,,,,,
70.18517,-148.45581,2018-08-24,1,1,54.0,54.0,,Schaefer_2020,,,,,,,,,
70.18523,-148.45143,2018-08-22,1,1,48.0,48.0,,Schaefer_2020,,,,,,,,,
70.18532,-148.43764,2018-08-24,1,1,47.25,47.25,,Schaefer_2020,,,,,,,,,
70.18546,-148.46425,2018-08-24,1,1,45.67,45.67,,Schaefer_2020,,,,,,,,,
70.18555,-148.45825,2018-08-24,1,1,55.67,55.67,,Schaefer_2020,,,,,,,,,
70.18561,-148.45384,2018-08-22,1,1,46.0,46.0,,Schaefer_2020,,,,,,,,,
70.1858,-148.46754,2018-08-22,1,1,57.67,57.67,,Schaefer_2020,,,,,,,,,
70.18581,-148.46083,2018-08-24,1,1,49.67,49.67,,Schaefer_2020,,,,,,,,,
70.18599,-148.45622,2018-08-22,1,1,52.33,52.33,,Schaefer_2020,,,,,,,,,
70.18628,-148.46312,2018-08-24,1,1,57.33,57.33,,Schaefer_2020,,,,,,,,,
70.18638,-148.4586,2018-08-22,1,1,51.67,51.67,,Schaefer_2020,,,,,,,,,
70.18665,-148.46661,2018-08-22,1,1,43.33,43.33,,Schaefer_2020,,,,,,,,,
70.18675,-148.46104,2018-08-22,1,1,33.0,33.0,,Schaefer_2020,,,,,,,,,
70.18714,-148.46335,2018-08-22,1,1,44.33,44.33,,Schaefer_2020,,,,,,,,,
71.247006,-156.558768,2014-08-12,1,1,76.0,76.0,,Schaefer_2020,,,,,,,,,
71.247343,-156.558743,2014-08-12,1,1,72.0,72.0,,Schaefer_2020,,,,,,,,,
71.247791,-156.558719,2014-08-12,1,1,60.0,60.0,,Schaefer_2020,,,,,,,,,
71.248365,-156.558694,2014-08-12,1,1,56.0,56.0,,Schaefer_2020,,,,,,,,,
71.27381535,-156.6315784,2013-08-11,1,1,21.83333333333333,21.83333333333333,,Schaefer_2020,,,,,,,,,
71.32233,-156.6099243,2013-08-11,1,1,59.75,59.75,,Schaefer_2020,,,,,,,,,
71.32293,-156.6091461,2013-08-11,1,1,41.0,41.0,,Schaefer_2020,,,,,,,,,
66.562303,-159.004629,2022-09-15,1,1,55.0,55.0,120.0,Selawik,,,,,,,,,
66.56300196,-159.007425,2022-09-15,1,1,45.0,45.0,120.0,Selawik,,,,,,,,,
66.56333397,-159.005475,2022-09-15,1,1,40.0,40.0,120.0,Selawik,,,,,,,,,
66.56200896,-159.004348,2022-09-15,1,1,40.0,40.0,120.0,Selawik,,,,,,,,,
66.56204802,-159.001464,2022-09-15,1,1,50.0,50.0,120.0,Selawik,,,,,,,,,
66.61526296,-158.968133,2022-09-15,1,1,80.0,80.0,120.0,Selawik,,,,,,,,,
66.49031804,-158.082132,2022-09-15,1,0,,120.0,120.0,Selawik,,,,,,,,,
66.49074401,-158.083202,2022-09-15,1,1,100.0,100.0,120.0,Selawik,,,,,,,,,
66.43944802,-159.054696,2022-09-15,1,1,60.0,60.0,120.0,Selawik,,,,,,,,,
66.43615896,-159.046509,2022-09-15,1,1,40.0,40.0,120.0,Selawik,,,,,,,,,
66.43599803,-159.045569,2022-09-15,1,1,80.0,80.0,120.0,Selawik,,,,,,,,,
66.43582804,-159.042654,2022-09-15,1,0,,120.0,120.0,Selawik,,,,,,,,,
66.43543703,-159.043329,2022-09-15,1,0,,120.0,120.0,Selawik,,,,,,,,,
66.43699698,-159.051896,2022-09-15,1,1,100.0,100.0,120.0,Selawik,,,,,,,,,
66.45071698,-158.890106,2022-09-15,1,0,,120.0,120.0,Selawik,,,,,,,,,
65.16376084253609,-164.82991731776065,2019-09-15,1,0,,,,Seward,,,,,,,,,
65.16136985087067,-164.8227555330768,2019-09-15,1,1,,,,Seward,,,,,,,,,
65.16410406130649,-164.8307731634869,2019-09-15,1,0,,,,Seward,,,,,,,,,
65.1583814117758,-164.82193112257417,2019-09-15,1,1,,,,Seward,,,,,,,,,
65.16123779769362,-164.82383539370096,2019-09-15,1,1,,,,Seward,,,,,,,,,
65.16507916547924,-164.82364361905385,2019-09-15,1,0,,,,Seward,,,,,,,,,
65.16652487910758,-164.8182193939321,2019-09-15,1,1,,,,Seward,,,,,,,,,
65.16385260832497,-164.83026069975503,2019-09-15,1,0,,,,Seward,,,,,,,,,
65.16362944425447,-164.83032681899311,2019-09-15,1,1,,,,Seward,,,,,,,,,
65.15861453918185,-164.8223556558069,2019-09-15,1,0,,,,Seward,,,,,,,,,
65.16490124754166,-164.8240490845264,2019-09-15,1,0,,,,Seward,,,,,,,,,
65.16232149549971,-164.808029899511,2019-09-15,1,1,,,,Seward,,,,,,,,,
65.16205928649872,-164.8128966774647,2019-09-15,1,1,,,,Seward,,,,,,,,,
65.16097065568268,-164.83256164535285,2019-09-15,1,1,,,,Seward,,,,,,,,,
65.16641576468155,-164.81588638827486,2019-09-15,1,1,,,,Seward,,,,,,,,,
65.1658594418139,-164.81832256153632,2019-09-15,1,1,,,,Seward,,,,,,,,,
65.16555936382282,-164.81963433290238,2019-09-15,1,1,,,,Seward,,,,,,,,,
65.16529975455056,-164.8207545028198,2019-09-15,1,1,,,,Seward,,,,,,,,,
65.16508468203497,-164.82168991695468,2019-09-15,1,1,,,,Seward,,,,,,,,,
64.97659082669185,-166.2065509749779,2019-09-15,1,0,,,,Seward,,,,,,,,,
64.97795070677151,-166.2159153234093,2019-09-15,1,0,,,,Seward,,,,,,,,,
64.97875645837064,-166.20730553069995,2019-09-15,1,0,,,,Seward,,,,,,,,,
64.9783870482626,-166.22182648142615,2019-09-15,1,0,,,,Seward,,,,,,,,,
64.97805729035784,-166.2127414258137,2019-09-15,1,0,,,,Seward,,,,,,,,,
64.98192849687295,-166.21122124115658,2019-09-15,1,0,,,,Seward,,,,,,,,,
64.97992212808651,-166.2107489869735,2019-09-15,1,0,,,,Seward,,,,,,,,,
64.97925006373845,-166.2128378439735,2019-09-15,1,0,,,,Seward,,,,,,,,,
64.97950399958822,-166.21251026485518,2019-09-15,1,0,,,,Seward,,,,,,,,,
64.97712687766294,-166.21127949516313,2019-09-15,1,1,,,,Seward,,,,,,,,,
64.97742055371653,-166.21379332861184,2019-09-15,1,1,,,,Seward,,,,,,,,,
64.97769675396444,-166.21403895492043,2019-09-15,1,1,,,,Seward,,,,,,,,,
64.97782855936819,-166.21438399429607,2019-09-15,1,1,,,,Seward,,,,,,,,,
64.97783029022088,-166.215274112081,2019-09-15,1,1,,,,Seward,,,,,,,,,
64.97796774771264,-166.2237145860166,2019-09-15,1,1,,,,Seward,,,,,,,,,
64.97853321551494,-166.20716831174562,2019-09-15,1,1,,,,Seward,,,,,,,,,
64.97928191486933,-166.2210408119636,2019-09-15,1,1,,,,Seward,,,,,,,,,
64.97815536822596,-166.22162518271628,2019-09-15,1,1,,,,Seward,,,,,,,,,
64.97729804840347,-166.21891599616723,2019-09-15,1,1,,,,Seward,,,,,,,,,
64.9769951338004,-166.21754599634912,2019-09-15,1,1,,,,Seward,,,,,,,,,
64.9811633206595,-166.20930035014018,2019-09-15,1,1,,,,Seward,,,,,,,,,
64.97978501915566,-166.2121627130001,2019-09-15,1,1,,,,Seward,,,,,,,,,
64.97973951277108,-166.21444948728868,2019-09-15,1,1,,,,Seward,,,,,,,,,
64.97879737156653,-166.2265074974984,2019-09-15,1,1,,,,Seward,,,,,,,,,
64.97798894489816,-166.22002822128806,2019-09-15,1,0,,,,Seward,,,,,,,,,
64.9782825864129,-166.21923631461794,2019-09-15,1,0,,,,Seward,,,,,,,,,
64.97822843740089,-166.21817426130676,2019-09-15,1,0,,,,Seward,,,,,,,,,
64.97824466545136,-166.21728494604244,2019-09-15,1,0,,,,Seward,,,,,,,,,
64.97838130512027,-166.2159348800382,2019-09-15,1,0,,,,Seward,,,,,,,,,
64.97844737252392,-166.21443325569425,2019-09-15,1,0,,,,Seward,,,,,,,,,
64.98096092500052,-166.21653951376362,2019-09-15,1,0,,,,Seward,,,,,,,,,
64.98059139921219,-166.21563258917843,2019-09-15,1,0,,,,Seward,,,,,,,,,
64.98016769830807,-166.21476561811448,2019-09-15,1,0,,,,Seward,,,,,,,,,
64.97956664299197,-166.21363631931908,2019-09-15,1,0,,,,Seward,,,,,,,,,
64.97861898581661,-166.2120887254225,2019-09-15,1,0,,,,Seward,,,,,,,,,
64.9782292565328,-166.2114565211026,2019-09-15,1,0,,,,Seward,,,,,,,,,
64.97804911719865,-166.21043117464953,2019-09-15,1,0,,,,Seward,,,,,,,,,
64.97779006803216,-166.2080672226843,2019-09-15,1,0,,,,Seward,,,,,,,,,
64.97724767775344,-166.20522435807703,2019-09-15,1,0,,,,Seward,,,,,,,,,
64.97722444136926,-166.2036551869818,2019-09-15,1,0,,,,Seward,,,,,,,,,
64.97727312582401,-166.20206805741591,2019-09-15,1,0,,,,Seward,,,,,,,,,
64.97736204729365,-166.2010548830419,2019-09-15,1,0,,,,Seward,,,,,,,,,
64.97994599219294,-166.20112842543887,2019-09-15,1,1,,,,Seward,,,,,,,,,
64.98085627623941,-166.1972908173655,2019-09-15,1,1,,,,Seward,,,,,,,,,
64.98050100903187,-166.1968298655396,2019-09-15,1,1,,,,Seward,,,,,,,,,
64.97960714506758,-166.20085890923397,2019-09-15,1,1,,,,Seward,,,,,,,,,
64.97613931112556,-166.2035640249884,2019-09-15,1,1,,,,Seward,,,,,,,,,
64.97555842403573,-166.20548735362786,2019-09-15,1,1,,,,Seward,,,,,,,,,
64.97607411995945,-166.20940952890018,2019-09-15,1,1,,,,Seward,,,,,,,,,
64.98116345532361,-166.20706127830906,2019-09-15,1,0,,,,Seward,,,,,,,,,
64.97976725129305,-166.21629384330984,2019-09-15,1,1,,,,Seward,,,,,,,,,
64.74236380232338,-165.96333561022345,2019-08-15,1,0,,,,Seward,,,,,,,,,
64.74348634821884,-165.9649146738755,2019-08-15,1,1,,,,Seward,,,,,,,,,
64.73708788701303,-165.95566181077578,2019-08-15,1,0,,,,Seward,,,,,,,,,
64.73846834202088,-165.9576465805516,2019-08-15,1,1,,,,Seward,,,,,,,,,
64.72772545714813,-165.9418121975912,2019-08-15,1,0,,,,Seward,,,,,,,,,
64.736497860363,-165.9611950470767,2019-08-15,1,0,,,,Seward,,,,,,,,,
64.73637832869328,-165.96163910831353,2019-08-15,1,0,,,,Seward,,,,,,,,,
64.7362371798144,-165.96217545893532,2019-08-15,1,0,,,,Seward,,,,,,,,,
64.73376548785876,-165.95162025208123,2019-08-15,1,0,,,,Seward,,,,,,,,,
64.73023259192321,-165.95730271048,2019-08-15,1,0,,,,Seward,,,,,,,,,
64.73247028240674,-165.94931682413835,2019-08-15,1,1,,,,Seward,,,,,,,,,
64.73236992791347,-165.94968098515443,2019-08-15,1,0,,,,Seward,,,,,,,,,
64.7322857164584,-165.94998075100776,2019-08-15,1,0,,,,Seward,,,,,,,,,
64.73216124076257,-165.9504397304274,2019-08-15,1,0,,,,Seward,,,,,,,,,
64.7320634206684,-165.9508014692869,2019-08-15,1,0,,,,Seward,,,,,,,,,
64.73100875924827,-165.9545816437902,2019-08-15,1,0,,,,Seward,,,,,,,,,
64.73034082865311,-165.95692572182742,2019-08-15,1,0,,,,Seward,,,,,,,,,
64.74104057362835,-165.96145917809218,2019-08-15,1,1,,,,Seward,,,,,,,,,
64.74080308534958,-165.961103860403,2019-08-15,1,1,,,,Seward,,,,,,,,,
64.74061170879175,-165.9608143079604,2019-08-15,1,1,,,,Seward,,,,,,,,,
64.74040997815645,-165.96050776735697,2019-08-15,1,0,,,,Seward,,,,,,,,,
64.73874217242816,-165.95800765137528,2019-08-15,1,1,,,,Seward,,,,,,,,,
64.73746268434815,-165.95611939474065,2019-08-15,1,0,,,,Seward,,,,,,,,,
64.73514100118814,-165.95284372423046,2019-08-15,1,0,,,,Seward,,,,,,,,,
64.73347447846153,-165.95024426293136,2019-08-15,1,1,,,,Seward,,,,,,,,,
64.73211439872101,-165.94824092741683,2019-08-15,1,0,,,,Seward,,,,,,,,,
64.72800008686632,-165.94221858678347,2019-08-15,1,0,,,,Seward,,,,,,,,,
64.74209635315118,-165.9629874118261,2019-08-15,1,0,,,,Seward,,,,,,,,,
64.732498612988,-165.94827791001288,2019-08-15,1,0,,,,Seward,,,,,,,,,
64.7425661312304,-165.96364035449963,2019-08-15,1,1,,,,Seward,,,,,,,,,
64.7392978952502,-165.97096743552925,2019-08-15,1,0,,,,Seward,,,,,,,,,
64.7321235762352,-165.9475466948425,2019-08-15,1,0,,,,Seward,,,,,,,,,
64.73054933625122,-165.95802622676575,2019-08-15,1,0,,,,Seward,,,,,,,,,
64.72638084285879,-165.9475721569373,2019-08-15,1,0,,,,Seward,,,,,,,,,
64.74595933132677,-165.966596234349,2019-08-15,1,0,,,,Seward,,,,,,,,,
64.74624420919068,-165.96657405773982,2019-08-15,1,0,,,,Seward,,,,,,,,,
64.7264832084403,-165.94637548023042,2019-08-15,1,0,,,,Seward,,,,,,,,,
64.73185909214749,-165.9487148321628,2019-08-15,1,0,,,,Seward,,,,,,,,,
64.73013646608979,-165.9574884563787,2019-08-15,1,0,,,,Seward,,,,,,,,,
64.74672708525856,-165.96649989709113,2019-08-15,1,0,,,,Seward,,,,,,,,,
64.7300521850238,-165.9576492880418,2019-08-15,1,0,,,,Seward,,,,,,,,,
71.33504035303004,-156.64926311129847,2015-09-01,1,0,173.0,173.0,,Wagner_2019,,,,,,,,,
71.33484851178727,-156.6485310502926,2015-09-01,1,1,142.0,142.0,,Wagner_2019,,,,,,,,,
71.33463837479404,-156.64819502409583,2015-09-01,1,1,142.0,142.0,,Wagner_2019,,,,,,,,,
71.33433299527547,-156.64777580691833,2015-09-01,1,0,183.0,183.0,,Wagner_2019,,,,,,,,,
71.33428450620943,-156.64978247299135,2015-09-01,1,0,346.0,346.0,,Wagner_2019,,,,,,,,,
71.33467241412075,-156.65056712236446,2015-09-01,1,0,,132.0,,Wagner_2019,,,,,,,,,
71.33299186804936,-156.64931397770806,2015-09-01,1,1,121.0,121.0,,Wagner_2019,,,,,,,,,
71.33325417184152,-156.65157325232178,2015-09-01,1,0,184.0,184.0,,Wagner_2019,,,,,,,,,
71.33370205681875,-156.65463218747516,2015-09-01,1,0,,132.0,,Wagner_2019,,,,,,,,,
71.33398754551571,-156.65312124209822,2015-09-01,1,0,,138.0,,Wagner_2019,,,,,,,,,
71.33399591051352,-156.6519566103389,2015-09-01,1,0,158.0,158.0,,Wagner_2019,,,,,,,,,
71.33408249034353,-156.65186800708543,2015-09-01,1,1,141.0,141.0,,Wagner_2019,,,,,,,,,
71.33425802746252,-156.6540894911465,2015-09-01,1,0,,164.0,,Wagner_2019,,,,,,,,,
71.33444751530227,-156.64506878561784,2015-09-01,1,0,,164.0,,Wagner_2019,,,,,,,,,
71.33422501098663,-156.64505937988588,2015-09-01,1,0,157.0,157.0,,Wagner_2019,,,,,,,,,
71.3339863054821,-156.64503648182108,2015-09-01,1,0,167.0,167.0,,Wagner_2019,,,,,,,,,
71.33331339890508,-156.64461347089804,2015-09-01,1,0,189.0,189.0,,Wagner_2019,,,,,,,,,
71.33311281169944,-156.64420433147632,2015-09-01,1,0,168.0,168.0,,Wagner_2019,,,,,,,,,
71.33325212703605,-156.64565797176226,2015-09-01,1,0,218.00000000000003,218.00000000000003,,Wagner_2019,,,,,,,,,
71.33292202592996,-156.64561287616468,2015-09-01,1,0,,171.0,,Wagner_2019,,,,,,,,,
71.32829531540007,-156.66477198860437,2015-09-01,1,1,127.0,155.0,,Wagner_2019,,,,,,,,,
71.32791079059173,-156.66729433163508,2015-09-01,1,1,106.0,195.0,,Wagner_2019,,,,,,,,,
71.32767366920555,-156.6691442986684,2015-09-01,1,1,50.0,154.0,,Wagner_2019,,,,,,,,,
71.32830393512023,-156.66856602927388,2015-09-01,1,1,46.0,180.0,,Wagner_2019,,,,,,,,,
71.32846126792789,-156.66759211373127,2015-09-01,1,1,100.0,179.0,,Wagner_2019,,,,,,,,,
71.32879235858839,-156.66565687238656,2015-09-01,1,0,,193.0,,Wagner_2019,,,,,,,,,
71.32944639069714,-156.66755584681974,2015-09-01,1,1,101.0,134.0,,Wagner_2019,,,,,,,,,
67.4749,-162.2664,2016-12-15,1,0,,100.0,101.0,Wang_2018,,,,,,,,,
69.1704,-158.0067,2004-12-15,1,1,50.0,100.0,101.0,Wang_2018,,,,,,,,,
69.1555,-158.0305,2015-12-15,1,1,75.0,100.0,101.0,Wang_2018,,,,,,,,,
71.309,-156.661,2016-12-15,1,1,50.0,100.0,101.0,Wang_2018,,,,,,,,,
64.707,-148.291,2016-12-15,1,1,100.0,100.0,101.0,Wang_2018,,,,,,,,,
64.715,-148.288,2016-12-15,1,0,,100.0,101.0,Wang_2018,,,,,,,,,
65.314,-143.132,2016-12-15,1,0,,100.0,101.0,Wang_2018,,,,,,,,,
67.7142,-150.585,2016-12-15,1,0,,100.0,101.0,Wang_2018,,,,,,,,,
62.12400000000001,-141.847,2016-12-15,1,0,,100.0,101.0,Wang_2018,,,,,,,,,
61.274,-142.621,2016-12-15,1,0,,100.0,101.0,Wang_2018,,,,,,,,,
69.972,-144.7706,2015-12-15,1,1,50.0,100.0,101.0,Wang_2018,,,,,,,,,
68.069,-149.58,2016-12-15,1,1,75.0,100.0,101.0,Wang_2018,,,,,,,,,
63.26800000000001,-149.539,2016-12-15,1,0,,100.0,101.0,Wang_2018,,,,,,,,,
66.2759,-164.5309,2016-12-15,1,0,,100.0,101.0,Wang_2018,,,,,,,,,
70.161,-148.465,2016-12-15,1,0,,100.0,101.0,Wang_2018,,,,,,,,,
70.8645,-153.90670000000003,2015-12-15,1,1,50.0,100.0,101.0,Wang_2018,,,,,,,,,
65.2752,-163.82,2016-12-15,1,0,,100.0,101.0,Wang_2018,,,,,,,,,
70.5685,-152.965,2015-12-15,1,1,50.0,100.0,101.0,Wang_2018,,,,,,,,,
70.3352,-152.052,2015-12-15,1,1,50.0,100.0,101.0,Wang_2018,,,,,,,,,
64.951,-147.618,2016-12-15,1,1,100.0,100.0,101.0,Wang_2018,,,,,,,,,
69.674,-148.722,2016-12-15,1,0,,100.0,101.0,Wang_2018,,,,,,,,,
69.675,-148.72,2016-12-15,1,0,,100.0,101.0,Wang_2018,,,,,,,,,
61.603,-143.013,2016-12-15,1,0,,100.0,101.0,Wang_2018,,,,,,,,,
62.393,-145.145,2016-12-15,1,1,75.0,100.0,101.0,Wang_2018,,,,,,,,,
62.391,-145.147,2016-12-15,1,0,,100.0,101.0,Wang_2018,,,,,,,,,
68.477,-149.502,2016-12-15,1,1,75.0,100.0,101.0,Wang_2018,,,,,,,,,
68.156,-156.8958,2016-12-15,1,0,,100.0,101.0,Wang_2018,,,,,,,,,
69.156,-148.837,2016-12-15,1,1,75.0,100.0,101.0,Wang_2018,,,,,,,,,
67.5448,-157.0774,2016-12-15,1,0,,100.0,101.0,Wang_2018,,,,,,,,,
70.4416,-154.3656,2015-12-15,1,1,75.0,100.0,101.0,Wang_2018,,,,,,,,,
68.64,-149.352,2016-12-15,1,0,,100.0,101.0,Wang_2018,,,,,,,,,
69.9896,-153.0938,2015-12-15,1,1,75.0,100.0,101.0,Wang_2018,,,,,,,,,
68.479,-155.738,2013-12-15,1,1,75.0,100.0,101.0,Wang_2018,,,,,,,,,
68.48,-155.744,2016-12-15,1,1,100.0,100.0,101.0,Wang_2018,,,,,,,,,
67.5734,-158.4317,2016-12-15,1,0,,100.0,101.0,Wang_2018,,,,,,,,,
67.9835,-155.013,2016-12-15,1,0,,100.0,101.0,Wang_2018,,,,,,,,,
68.3165,-161.4918,2016-12-15,1,0,,100.0,101.0,Wang_2018,,,,,,,,,
69.7516,-154.6176,2015-12-15,1,0,,100.0,101.0,Wang_2018,,,,,,,,,
70.6898,-152.6333,2015-12-15,1,0,,100.0,101.0,Wang_2018,,,,,,,,,
65.8203,-164.5428,2016-12-15,1,0,,100.0,101.0,Wang_2018,,,,,,,,,
67.1414,-162.9945,2016-12-15,1,0,,100.0,101.0,Wang_2018,,,,,,,,,
69.7776,-144.7933,2015-12-15,1,1,75.0,100.0,101.0,Wang_2018,,,,,,,,,
69.8894,-142.9839,2015-12-15,1,1,75.0,100.0,101.0,Wang_2018,,,,,,,,,
67.7663,-152.1642,2016-12-15,1,0,,100.0,101.0,Wang_2018,,,,,,,,,
70.0366,-157.0814,2015-12-15,1,1,75.0,100.0,101.0,Wang_2018,,,,,,,,,
65.085,-164.895,2016-12-15,1,1,100.0,100.0,101.0,Wang_2018,,,,,,,,,
67.6243,-154.3446,2016-12-15,1,0,,100.0,101.0,Wang_2018,,,,,,,,,
62.71,-150.54,2016-12-15,1,0,,100.0,101.0,Wang_2018,,,,,,,,,
68.6816,-144.8421,2015-12-15,1,1,100.0,100.0,101.0,Wang_2018,,,,,,,,,
65.8523,-164.7078,2016-12-15,1,0,,100.0,101.0,Wang_2018,,,,,,,,,
67.4599,-159.8413,2016-12-15,1,0,,100.0,101.0,Wang_2018,,,,,,,,,
67.995,-160.3957,2016-12-15,1,0,,100.0,101.0,Wang_2018,,,,,,,,,
69.433,-148.674,2016-12-15,1,0,,100.0,101.0,Wang_2018,,,,,,,,,
69.428,-148.7,2016-12-15,1,0,,100.0,101.0,Wang_2018,,,,,,,,,
66.606,-160.01899999999998,2016-12-15,1,1,75.0,100.0,101.0,Wang_2018,,,,,,,,,
64.869,-147.861,2016-12-15,1,1,100.0,100.0,101.0,Wang_2018,,,,,,,,,
64.866,-147.857,2016-12-15,1,0,,100.0,101.0,Wang_2018,,,,,,,,,
64.868,-147.859,2016-12-15,1,0,,100.0,101.0,Wang_2018,,,,,,,,,
64.867,-147.858,2016-12-15,1,1,100.0,100.0,101.0,Wang_2018,,,,,,,,,
70.6285,-156.8353,2015-12-15,1,1,50.0,100.0,101.0,Wang_2018,,,,,,,,,
67.5502,-163.5672,2016-12-15,1,0,,100.0,101.0,Wang_2018,,,,,,,,,
60.908,-142.901,2016-12-15,1,0,,100.0,101.0,Wang_2018,,,,,,,,,
61.181,-144.342,2016-12-15,1,0,,100.0,101.0,Wang_2018,,,,,,,,,
63.524,-150.043,2016-12-15,1,0,,100.0,101.0,Wang_2018,,,,,,,,,
70.1959,-161.07809999999998,2015-12-15,1,1,75.0,100.0,101.0,Wang_2018,,,,,,,,,
64.853,-147.857,2016-12-15,1,0,,100.0,101.0,Wang_2018,,,,,,,,,
64.517,-143.202,2016-12-15,1,0,,100.0,101.0,Wang_2018,,,,,,,,,
69.3957,-152.1428,2015-12-15,1,1,50.0,100.0,101.0,Wang_2018,,,,,,,,,
63.814,-150.109,2016-12-15,1,0,,100.0,101.0,Wang_2018,,,,,,,,,
70.374,-148.552,2016-12-15,1,1,50.0,100.0,101.0,Wang_2018,,,,,,,,,
68.318598,-133.53359,2017-08-18,1,1,49.2,49.2,100.0,Zhang_2019,,69.0,,,,,,,
68.317659,-133.53335,2017-08-18,1,0,,,100.0,Zhang_2019,,0.0,,,,,,,
68.35559,-133.69358,2017-08-18,1,1,33.2,33.2,100.0,Zhang_2019,,26.0,,,,,,,
68.331711,-133.6525,2017-08-15,1,1,82.3,82.3,100.0,Zhang_2019,,16.0,,,,,,,
68.316061,-133.46461,2017-08-18,1,1,46.0,46.0,100.0,Zhang_2019,,49.0,,,,,,,
68.317379,-133.43895,2017-08-18,1,1,53.7,53.7,100.0,Zhang_2019,,66.0,,,,,,,
68.339481,-133.69961,2017-08-16,1,1,43.8,43.8,100.0,Zhang_2019,,20.0,,,,,,,
68.332539,-133.6474,2017-08-17,1,1,30.25,30.25,100.0,Zhang_2019,,29.0,,,,,,,
68.316597,-133.46548,2017-08-18,1,1,97.0,97.0,100.0,Zhang_2019,,13.5,,,,,,,
68.34438,-133.69008,2017-08-16,1,0,,120.0,100.0,Zhang_2019,,122.0,,,,,,,
68.344778,-133.69003,2017-08-16,1,1,44.0,44.0,100.0,Zhang_2019,,43.0,,,,,,,
68.308784,-133.52917,2017-08-18,1,1,66.4,66.4,100.0,Zhang_2019,,22.0,,,,,,,
68.319023,-133.53308,2017-08-18,1,1,47.25,47.25,100.0,Zhang_2019,,19.0,,,,,,,
68.355137,-133.6943,2017-08-15,1,1,40.8,40.8,100.0,Zhang_2019,,55.0,,,,,,,
68.33927,-133.70625,2017-08-16,1,0,,100.0,100.0,Zhang_2019,,0.0,,,,,,,
68.333867,-133.6553,2017-08-16,1,1,42.8,42.8,100.0,Zhang_2019,,10.0,,,,,,,
68.333254,-133.65774,2017-08-16,1,1,91.0,91.0,100.0,Zhang_2019,,4.0,,,,,,,
68.362805,-133.70153,2017-08-17,1,1,58.3,58.3,100.0,Zhang_2019,,8.0,,,,,,,
68.363432,-133.69816,2017-08-17,1,1,34.3,34.3,100.0,Zhang_2019,,23.0,,,,,,,
68.413871,-133.76798,2017-08-16,1,1,89.0,89.0,100.0,Zhang_2019,,10.0,,,,,,,
68.414095,-133.76738,2017-08-16,1,1,63.7,63.7,100.0,Zhang_2019,,14.0,,,,,,,
68.414289,-133.76947,2017-08-16,1,0,,,100.0,Zhang_2019,,0.0,,,,,,,
68.415785,-133.77501,2017-08-16,1,1,73.0,73.0,100.0,Zhang_2019,,2.0,,,,,,,
68.416048,-133.77692,2017-08-16,1,1,65.0,65.0,100.0,Zhang_2019,,15.0,,,,,,,
68.385338,-133.75692,2017-08-16,1,1,100.0,100.0,100.0,Zhang_2019,,2.0,,,,,,,
68.363598,-133.70043,2017-08-17,1,1,40.8,40.8,100.0,Zhang_2019,,45.0,,,,,,,
68.39317,-133.76483,2017-08-16,1,0,,100.0,100.0,Zhang_2019,,0.0,,,,,,,
68.39377,-133.76586,2017-08-15,1,0,,100.0,100.0,Zhang_2019,,0.0,,,,,,,
68.353898,-133.67511,2017-08-15,1,1,44.5,44.5,100.0,Zhang_2019,,8.0,,,,,,,
68.354087,-133.67557,2017-08-18,1,1,47.5,47.5,100.0,Zhang_2019,,17.0,,,,,,,
68.354466,-133.67599,2017-08-18,1,1,35.25,35.25,100.0,Zhang_2019,,32.0,,,,,,,
68.354812,-133.67607,2017-08-18,1,0,,,100.0,Zhang_2019,,44.0,,,,,,,
68.355137,-133.67626,2017-08-18,1,1,53.0,53.0,100.0,Zhang_2019,,55.0,,,,,,,
68.35339,-133.67575,2017-08-18,1,1,45.5,45.5,100.0,Zhang_2019,,3.0,,,,,,,
68.353267,-133.67664,2017-08-18,1,0,,100.0,100.0,Zhang_2019,,13.0,,,,,,,
68.367656,-133.72043,2017-08-16,1,1,36.25,36.25,100.0,Zhang_2019,,32.0,,,,,,,
68.370204,-133.71907,2017-08-16,1,1,50.5,50.5,100.0,Zhang_2019,,15.0,,,,,,,
69.417178,-133.02606,2017-08-20,1,1,48.0,48.0,100.0,Zhang_2019,,69.0,,,,,,,
69.417516,-133.02638,2017-08-20,1,1,39.2,39.2,100.0,Zhang_2019,,25.0,,,,,,,
69.430643,-132.99825,2017-08-20,1,0,,100.0,100.0,Zhang_2019,,0.0,,,,,,,
69.431564,-132.99962,2017-08-20,1,1,37.8,37.8,100.0,Zhang_2019,,27.0,,,,,,,
69.387158,-133.02399,2017-08-20,1,1,37.0,37.0,100.0,Zhang_2019,,26.0,,,,,,,
69.38676,-133.02354,2017-08-20,1,1,42.3,42.3,100.0,Zhang_2019,,17.0,,,,,,,
69.386868,-133.02283,2017-08-20,1,1,47.3,47.3,100.0,Zhang_2019,,23.0,,,,,,,
69.386207,-133.02245,2017-08-20,1,1,39.3,39.3,100.0,Zhang_2019,,18.0,,,,,,,
69.386135,-133.02115,2017-08-20,1,1,48.8,48.8,100.0,Zhang_2019,,20.0,,,,,,,
69.386222,-133.02006,2017-08-20,1,1,68.7,68.7,100.0,Zhang_2019,,6.0,,,,,,,
69.386076,-133.01884,2017-08-20,1,1,42.0,42.0,100.0,Zhang_2019,,25.0,,,,,,,
69.388552,-133.02046,2017-08-20,1,1,42.0,42.0,100.0,Zhang_2019,,18.0,,,,,,,
69.368028,-133.04116,2017-08-20,1,1,40.4,40.4,100.0,Zhang_2019,,47.0,,,,,,,
69.367578,-133.03901,2017-08-20,1,1,45.0,45.0,100.0,Zhang_2019,,42.0,,,,,,,
69.366063,-133.03519,2017-08-20,1,1,38.3,38.3,100.0,Zhang_2019,,45.0,,,,,,,
69.365939,-133.03606,2017-08-20,1,1,47.5,47.5,100.0,Zhang_2019,,8.0,,,,,,,
69.37159,-133.04358,2017-08-21,1,1,87.5,87.5,100.0,Zhang_2019,,0.0,,,,,,,
69.282861,-132.90927,2017-08-19,1,1,51.0,51.0,100.0,Zhang_2019,,12.7,,,,,,,
69.28241,-132.91179,2017-08-19,1,1,56.0,56.0,100.0,Zhang_2019,,5.0,,,,,,,
69.282067,-132.91242,2017-08-19,1,1,40.0,40.0,100.0,Zhang_2019,,43.0,,,,,,,
69.290611,-132.92141,2017-08-19,1,1,35.0,35.0,100.0,Zhang_2019,,39.0,,,,,,,
69.291188,-132.92163,2017-08-19,1,1,57.2,57.2,100.0,Zhang_2019,,3.0,,,,,,,
69.29147,-132.92206,2017-08-19,1,1,83.0,83.0,100.0,Zhang_2019,,0.0,,,,,,,
69.296292,-132.9421,2017-08-19,1,1,67.3,67.3,100.0,Zhang_2019,,21.0,,,,,,,
69.304085,-132.96697,2017-08-19,1,1,37.7,37.7,100.0,Zhang_2019,,29.3,,,,,,,
69.319371,-133.01217,2017-08-22,1,1,46.5,46.5,100.0,Zhang_2019,,51.0,,,,,,,
69.319974,-133.01202,2017-08-22,1,1,56.3,56.3,100.0,Zhang_2019,,16.0,,,,,,,
69.320285,-133.0127,2017-08-22,1,1,65.3,65.3,100.0,Zhang_2019,,8.0,,,,,,,
69.357525,-133.03357,2017-08-21,1,1,81.7,81.7,100.0,Zhang_2019,,25.0,,,,,,,
69.350775,-133.0346,2017-08-22,1,1,46.2,46.2,100.0,Zhang_2019,,45.0,,,,,,,
69.349265,-133.0371,2017-08-22,1,1,40.8,40.8,100.0,Zhang_2019,,36.0,,,,,,,
69.349313,-133.0393,2017-08-22,1,1,44.4,44.4,100.0,Zhang_2019,,9.0,,,,,,,
69.32375,-133.02832,2017-08-22,1,1,48.2,48.2,100.0,Zhang_2019,,7.5,,,,,,,
69.309959,-132.99436,2017-08-22,1,1,31.7,31.7,100.0,Zhang_2019,,30.0,,,,,,,
69.311748,-132.99887,2017-08-22,1,1,48.7,48.7,100.0,Zhang_2019,,10.0,,,,,,,
69.339985,-133.02805,2017-08-22,1,1,45.4,45.4,100.0,Zhang_2019,,23.0,,,,,,,
