lat,lon,date,n_grouped,pf_observed,pf_depth,obs_depth,obs_limit,source,transect_point,org_thick,rock,Soil Type,rocky/silty,Wildfire,Widlfire date/name,Burn Year,Canopy and Surface
63.14522898,-117.2591135,2019-08-15,2,0,,,,Bonaventure_Whati,,,,,,,,,
63.161638665000005,-117.14436966666665,2019-08-15,6,1,,,,Bonaventure_Whati,,,,,,,,,
63.160169515,-117.139909,2019-08-15,2,0,,,,Bonaventure_Whati,,,,,,,,,
63.14940866999999,-117.264514,2019-08-15,3,1,,,,Bonaventure_Whati,,,,,,,,,
63.14841834999999,-117.21693699999999,2019-08-15,3,1,,,,Bonaventure_Whati,,,,,,,,,
63.14646799,-117.223798,2019-08-15,4,0,,,,Bonaventure_Whati,,,,,,,,,
63.1445587425,-117.22276225,2019-08-15,4,1,,,,Bonaventure_Whati,,,,,,,,,
63.14489898,-117.218936,2019-08-15,3,0,,,,Bonaventure_Whati,,,,,,,,,
63.15602635,-117.23846833333334,2019-08-15,3,0,,,,Bonaventure_Whati,,,,,,,,,
63.141544960000004,-117.268664,2019-08-15,2,0,,,,Bonaventure_Whati,,,,,,,,,
63.143218356666665,-117.26801499999999,2019-08-15,3,0,,,,Bonaventure_Whati,,,,,,,,,
63.140511974999995,-117.266554,2019-08-15,2,1,,,,Bonaventure_Whati,,,,,,,,,
63.139487,-117.25962849999999,2019-08-15,2,0,,,,Bonaventure_Whati,,,,,,,,,
63.149889525000006,-117.2670215,2019-08-15,2,0,,,,Bonaventure_Whati,,,,,,,,,
63.151009515,-117.2660615,2019-08-15,2,1,,,,Bonaventure_Whati,,,,,,,,,
63.14767,-117.26329050000001,2019-08-15,2,0,,,,Bonaventure_Whati,,,,,,,,,
63.15322502,-117.2263255,2019-08-15,2,0,,,,Bonaventure_Whati,,,,,,,,,
63.17074249,-117.27985799999999,2019-08-15,2,1,,,,Bonaventure_Whati,,,,,,,,,
63.168418020000004,-117.276727,2019-08-15,2,0,,,,Bonaventure_Whati,,,,,,,,,
63.16892747,-117.280862,2019-08-15,2,0,,,,Bonaventure_Whati,,,,,,,,,
63.15937531,-117.26879699999999,2019-08-15,3,0,,,,Bonaventure_Whati,,,,,,,,,
63.14722475,-117.22679550000001,2019-08-15,4,1,,,,Bonaventure_Whati,,,,,,,,,
63.167395004999996,-117.28747425,2019-08-15,4,1,,,,Bonaventure_Whati,,,,,,,,,
63.177833495,-117.295181,2019-08-15,2,1,,,,Bonaventure_Whati,,,,,,,,,
63.159370005,-117.2775575,2019-08-15,2,0,,,,Bonaventure_Whati,,,,,,,,,
63.15491600000001,-117.27217533333334,2019-08-15,3,0,,,,Bonaventure_Whati,,,,,,,,,
63.15420834333333,-117.27050133333334,2019-08-15,3,1,,,,Bonaventure_Whati,,,,,,,,,
63.16831228,-117.14598025000001,2019-08-15,4,1,,,,Bonaventure_Whati,,,,,,,,,
63.1561787625,-117.19631150000001,2019-08-15,4,1,,,,Bonaventure_Whati,,,,,,,,,
63.16638951,-117.1433705,2019-08-15,2,0,,,,Bonaventure_Whati,,,,,,,,,
63.16527698,-117.216297,2019-08-15,2,1,,,,Bonaventure_Whati,,,,,,,,,
63.166705465,-117.2187995,2019-08-15,2,1,,,,Bonaventure_Whati,,,,,,,,,
63.16368048,-117.2134935,2019-08-15,2,1,,,,Bonaventure_Whati,,,,,,,,,
63.149511319999995,-117.25442466666668,2019-08-15,3,1,,,,Bonaventure_Whati,,,,,,,,,
63.150439482500005,-117.2544205,2019-08-15,4,1,,,,Bonaventure_Whati,,,,,,,,,
63.150678975000005,-117.2519315,2019-08-15,2,1,,,,Bonaventure_Whati,,,,,,,,,
63.1652365,-117.1351175,2019-08-15,2,1,,,,Bonaventure_Whati,,,,,,,,,
63.143497025,-117.2771685,2019-08-15,2,0,,,,Bonaventure_Whati,,,,,,,,,
66.2665633,-150.3500663,2016-09-02,10,0,97.6,110.3,132.0,Minsley_2017,,8.8,,,,,,,
66.26743792560767,-150.34950722527236,2016-09-02,13,0,119.8,177.0,143.46153846153845,Minsley_2017,,5.0,,,,,,,
66.267972,-150.3490775,2016-09-02,2,0,,182.5,132.0,Minsley_2017,,4.0,,,,,,,
65.80069180815913,-149.4376586246709,2016-09-03,23,1,53.130434782608695,53.22727272727273,128.47826086956522,Minsley_2017,,7.25,,,,,,,
65.80101985714286,-149.43596557142857,2016-09-03,7,1,63.42857142857143,63.42857142857143,132.0,Minsley_2017,,6.333333333333333,,,,,,,
65.80117999999999,-149.43497133333332,2016-09-03,3,1,55.333333333333336,55.333333333333336,132.0,Minsley_2017,,13.0,,,,,,,
65.08496453036204,-142.59009106138592,2017-04-07,5,0,179.25,169.33333333333334,151.25,Minsley_2017,,1.3333333333333333,,,,,,,
65.41968189171712,-146.94759754515968,2016-11-10,16,1,66.73333333333333,64.0,130.2,Minsley_2017,,7.111111111111111,,,,,,,
65.57220201937501,-148.92739128124998,2017-08-11,16,1,56.625,56.625,132.0,Minsley_2017,,,,,,,,,
65.57201266666667,-148.9261638888889,2016-09-04,9,1,75.66666666666667,75.66666666666667,132.0,Minsley_2017,,8.625,,,,,,,
65.5721842423077,-148.92553280769232,2017-08-11,13,1,62.15384615384615,62.15384615384615,132.0,Minsley_2017,,,,,,,,,
65.3429257777778,-146.914519,2016-08-31,9,1,85.375,85.375,132.0,Minsley_2017,,17.22222222222222,,,,,,,
65.34308882126092,-146.91270322303447,2016-08-31,11,0,70.6,90.25,130.36363636363637,Minsley_2017,,11.333333333333334,,,,,,,
65.34366191212621,-146.9145434667381,2016-08-31,8,1,84.75,82.57142857142857,128.0,Minsley_2017,,21.0,,,,,,,
65.34353876489233,-146.91221694541102,2016-08-31,12,0,87.16666666666667,96.125,131.25,Minsley_2017,,7.636363636363637,,,,,,,
65.22902824538461,-148.12689155384618,2015-08-29,13,1,51.5,51.5,132.0,Minsley_2015,,19.083333333333332,,,,,,,
65.10146479874999,-146.20033067499998,2015-11-27,16,1,49.333333333333336,49.333333333333336,132.0,Minsley_2015,,8.066666666666666,,,,,,,
65.230755,-148.125302,2016-08-30,3,0,,123.0,132.0,Minsley_2017,,4.0,,,,,,,
65.23091685152934,-148.12456407362524,2016-08-30,18,1,64.25,73.38461538461539,128.16666666666666,Minsley_2017,,15.384615384615385,,,,,,,
65.23131727272727,-148.1244220909091,2016-08-30,11,1,56.42857142857143,56.42857142857143,132.0,Minsley_2017,,24.4,,,,,,,
60.274445,-116.56377,1962-08-15,2,1,60.5,60.5,,Holloway_2019,,45.5,,"Wet gravel, clay",,,,,"Spruce, willow; Sphagnum, lichen, and lab tea"
60.274445,-116.56377,2018-08-15,2,1,129.0,129.0,,Holloway_2019,,53.0,,"Wet gravel, clay",,,,,"Spruce, willow, birch, tamarack; moss, lab tea, sedge, wet"
61.00706901,-117.11943733333334,1981-08-14,3,0,66.0,66.0,,Holloway_2019,,91.0,,"Clay, silt",,,,,
61.004885326666674,-117.11515866666667,2018-12-14,3,1,59.0,59.0,,Holloway_2019,,60.0,,"Clay, silt",,,,,
59.618599999999994,-117.17266333333333,1962-08-15,3,1,71.0,71.0,,Holloway_2019,,84.66666666666667,,Sand,,,,,Spruce; sphagnum
60.503691499999995,-117.197796,2018-11-14,4,1,67.0,67.0,,Holloway_2019,,45.0,,Sand,,,,,
64.69587933333334,-148.3255368333333,2013-08-11,93,1,43.35842293906811,43.3584229390681,,Schaefer_2020,,,,,,,,,
64.69598568778278,-148.32249902262436,2018-08-11,221,1,72.85972850678733,,157.0,James_2019,,,,,,,,,
64.6960387142857,-148.3224317142857,2019-08-07,63,1,61.095238095238095,,157.0,James_2019,,,,,,,,,
64.69585541269839,-148.32139429365085,2018-08-09,126,1,144.86507936507937,,157.0,James_2019,,,,,,,,,
64.6958644,-148.32132560000008,2019-08-07,45,1,55.68888888888889,,157.0,James_2019,,,,,,,,,
64.69653101149423,-148.32340778160932,2018-08-07,87,1,60.48275862068966,,157.0,James_2019,,,,,,,,,
64.65410445891895,-147.48315227027035,2019-08-08,37,1,63.22222222222222,,157.0,James_2019,,,,,,,,,
64.81485135529412,-146.02260135294114,2019-09-02,17,1,65.0,53.1875,0.375,James_2020,,,,,,,,,
64.72089699888889,-144.42122677777778,2019-09-02,9,1,94.5,47.95,0.7,James_2020,,,,,,,,,
64.86651187969696,-146.89676993939395,2019-09-03,33,1,96.20833333333333,72.65625,0.5,James_2020,,,,,,,,,
64.92053833333333,-147.82236333333333,2019-09-04,3,1,71.0,71.0,0.0,James_2020,,,,,,,,,
64.76178718363636,-145.03032018181818,2019-09-02,11,1,84.88888888888889,76.6,0.2,James_2020,,,,,,,,,
64.72682489,-144.40968311111112,2019-08-31,9,1,107.5,81.125,0.5,James_2020,,,,,,,,,
64.85587714357143,-146.7237348928571,2019-09-04,28,1,94.5925925925926,94.5925925925926,0.0,James_2020,,,,,,,,,
64.62524083166666,-142.71014016666666,2019-09-01,6,1,121.0,121.0,0.0,James_2020,,,,,,,,,
64.918830875,-147.82024375,2019-09-05,8,0,118.0,31.0,1.5,James_2020,,,,,,,,,
64.7122091,-148.29645580000002,2016-08-29,10,1,108.4,108.4,132.0,Minsley_2017,,,,,,,,,
64.71218188235294,-148.29646323529414,2019-09-02,17,1,69.2,41.529411764705884,0.8235294117647058,James_2020,,,,,,,,,
64.62611069277777,-146.56713349444442,2021-07-31,18,1,72.2,96.82352941176471,132.0,Minsley_2021,,11.235294117647058,,,,,,,
64.60927536,-146.21960244666667,2015-12-03,15,1,101.0,121.57142857142857,132.0,Minsley_2015,,12.7,,,,,,,
64.71272633333332,-148.29702133333333,2016-08-29,3,1,99.66666666666667,99.66666666666667,132.0,Minsley_2017,,,,,,,,,
64.45237316166667,-143.1239198333333,2019-08-30,6,0,87.0,19.0,1.6,James_2020,,,,,,,,,
64.71271793000001,-148.29703238000002,2021-09-12,5,0,77.0,110.0,132.0,Minsley_2021,,10.2,,,,,,,
64.71272019666667,-148.2970437,2015-08-29,3,1,72.66666666666667,72.66666666666667,132.0,Minsley_2015,,9.666666666666666,,,,,,,
65.76522533599999,-156.49020320000002,2018-07-08,5,0,,,,Koyukuk_2018,,,,,,,,,
65.10610773,-146.6634576,2018-10-16,4,1,,,,Koyukuk_2018,,,,,,,,,
64.83007602333333,-143.34602270000002,2018-11-19,3,0,,,,Koyukuk_2018,,,,,,,,,
65.66125315,-156.447109,2018-07-08,2,0,,,,Koyukuk_2018,,,,,,,,,
65.70266266,-156.40980820000001,2018-07-08,3,1,,,,Koyukuk_2018,,,,,,,,,
64.80036827666667,-143.38882733333332,2018-11-19,3,1,,,,Koyukuk_2018,,,,,,,,,
65.8713525,-156.26309575,2018-07-08,2,1,,,,Koyukuk_2018,,,,,,,,,
65.78006988,-156.43720115000002,2018-07-08,2,1,,,,Koyukuk_2018,,,,,,,,,
64.86023020333333,-143.32884923333333,2018-11-19,3,1,,,,Koyukuk_2018,,,,,,,,,
65.50171000272726,-152.82830554545458,2018-08-13,11,1,67.57142857142857,67.57142857142857,100.0,Koyukuk_2018,,,,,,,,,
65.73560865666667,-156.38702733333332,2018-07-08,3,0,,,100.0,Koyukuk_2018,,,,,,,,,
64.83615116666668,-143.46358106666665,2018-11-19,3,1,,,,Koyukuk_2018,,,,,,,,,
65.660351495,-156.43249405,2018-07-08,2,0,,,,Koyukuk_2018,,,,,,,,,
65.66129208666666,-156.43281473333334,2018-07-08,3,0,,,,Koyukuk_2018,,,,,,,,,
65.57507706,-153.91590974117645,2018-07-31,17,1,55.107142857142854,55.107142857142854,100.0,Koyukuk_2018,,,,,,,,,
65.46907370900001,-152.31426993,2018-08-17,10,1,71.75,71.75,100.0,Koyukuk_2018,,,,,,,,,
64.85771311999999,-143.2668997,2018-11-19,3,1,,,,Koyukuk_2018,,,,,,,,,
65.77778899333335,-156.433715,2018-07-08,3,0,,,,Koyukuk_2018,,,,,,,,,
64.85100387,-143.3567644,2018-11-19,3,1,,,,Koyukuk_2018,,,,,,,,,
65.72057511999999,-156.51371173333334,2018-07-08,3,0,,,,Koyukuk_2018,,,,,,,,,
65.719707505,-156.5215435,2018-07-08,2,0,,,,Koyukuk_2018,,,,,,,,,
65.72061733000001,-156.5189905,2018-07-08,2,0,,,,Koyukuk_2018,,,,,,,,,
65.72062983666667,-156.5169107,2018-07-08,3,0,,,,Koyukuk_2018,,,,,,,,,
65.61520987,-156.518427,2018-07-08,2,0,,,,Koyukuk_2018,,,,,,,,,
64.75194250740746,-148.10734774938277,2015-08-29,81,1,100.81428571428572,121.20987654320987,132.0,Minsley_2015,,12.1875,,,,,,,
64.75237219470588,-148.1071056529412,2015-08-29,17,1,90.70588235294117,90.70588235294117,132.0,Minsley_2015,,11.0,,,,,,,
65.76033624114756,-149.38423637049183,2015-08-29,61,1,106.05084745762711,106.05084745762711,132.0,Minsley_2015,,9.88888888888889,,,,,,,
65.7041380602174,-148.68625313043475,2015-09-29,46,0,199.86363636363637,199.86363636363637,132.0,Minsley_2015,,6.733333333333333,,,,,,,
65.67334555526315,-147.87961301578952,2015-11-13,19,1,110.70588235294117,110.88888888888889,132.0,Minsley_2015,,5.111111111111111,,,,,,,
65.43278792857143,-144.9636412,2016-03-22,7,0,145.2,137.83333333333334,132.0,Minsley_2015,,3.0,,,,,,,
65.57152755818181,-146.64319478181818,2016-01-07,11,1,52.3,52.3,132.0,Minsley_2015,,10.2,,,,,,,
65.54244214727272,-146.51446430000001,2016-01-07,11,0,137.22222222222223,136.6,132.0,Minsley_2015,,8.0,,,,,,,
65.59457201857143,-147.14198389285716,2015-12-10,14,1,52.36363636363637,52.36363636363637,132.0,Minsley_2015,,14.857142857142858,,,,,,,
65.84447682999999,-149.65417493636366,2015-08-29,11,0,113.71428571428571,161.45454545454547,132.0,Minsley_2015,,12.818181818181818,,,,,,,
65.84407305,-149.652866775,2015-08-29,4,1,44.5,44.5,132.0,Minsley_2015,,20.5,,,,,,,
64.95049616333334,-138.8179736333333,2016-12-23,3,0,,245.0,132.0,Minsley_2015,,9.5,,,,,,,
66.17119285333334,-150.20720348888887,2015-08-29,9,0,185.125,191.77777777777777,132.0,Minsley_2015,,5.222222222222222,,,,,,,
66.17208223090908,-150.2074004818182,2015-08-29,11,0,69.0,149.0,132.0,Minsley_2015,,10.636363636363637,,,,,,,
66.41946793958334,-150.554938825,2015-08-29,24,1,42.125,42.125,132.0,Minsley_2015,,51.0,,,,,,,
66.420168642,-150.553931685,2015-08-29,20,1,40.35,40.35,132.0,Minsley_2015,,40.0,,,,,,,
66.01190388250001,-146.39173158749998,2016-02-25,8,1,35.857142857142854,35.857142857142854,132.0,Minsley_2015,,40.0,,,,,,,
66.095005656,-147.22466171,2016-01-20,10,1,41.888888888888886,41.888888888888886,132.0,Minsley_2015,,40.0,,,,,,,
67.12284564000001,-150.3404554652174,2015-08-29,23,1,48.130434782608695,48.130434782608695,132.0,Minsley_2015,,40.0,,,,,,,
66.79292855083332,-147.57485282500002,2015-12-27,12,1,47.36363636363637,47.36363636363637,132.0,Minsley_2015,,40.0,,,,,,,
68.64218311026313,-149.5713856631579,2015-08-29,76,1,61.125,61.125,132.0,Minsley_2015,,15.263157894736842,,,,,,,
67.54026438999999,-143.10401833999998,2016-06-13,5,1,58.0,58.0,132.0,Minsley_2015,,13.0,,,,,,,
64.28153233000002,-146.12386406363638,2016-01-07,11,1,119.42857142857143,157.1,132.0,Minsley_2015,,14.5,,,,,,,
64.397486358,-149.01047019,2015-08-29,10,1,92.5,135.375,132.0,Minsley_2015,,8.142857142857142,,,,,,,
64.715113995,-148.2876586,2015-08-29,2,1,70.0,70.0,132.0,Minsley_2015,,11.0,,,,,,,
64.20124598666666,-137.90641553333333,2016-12-23,3,1,70.5,70.5,132.0,Minsley_2015,,13.0,,,,,,,
64.603014795,-146.07284801428574,2015-12-10,14,1,86.5,147.46153846153845,132.0,Minsley_2015,,8.076923076923077,,,,,,,
66.45454625000002,-150.57717145000004,2016-09-05,20,1,58.45,58.45,132.0,Minsley_2017,,24.0,,,,,,,
66.45514,-150.576819125,2016-09-05,8,1,52.125,52.125,132.0,Minsley_2017,,30.0,,,,,,,
65.654650511875,-149.09004210625005,2017-08-12,16,1,62.3125,62.3125,132.0,Minsley_2017,,,,,,,,,
65.53344255142858,-147.5751690952381,2017-09-16,21,1,70.65,70.65,132.0,Minsley_2017,,,,,,,,,
65.6543825,-149.0916674166667,2016-09-06,12,1,106.72727272727273,118.66666666666667,132.0,Minsley_2017,,9.0,,,,,,,
65.65429477843749,-149.09156053750002,2017-08-12,32,1,74.89285714285714,80.90625,132.0,Minsley_2017,,,,,,,,,
65.65517371428572,-149.0906834285714,2016-09-06,7,0,156.25,142.0,132.0,Minsley_2017,,6.428571428571429,,,,,,,
65.65520099999999,-149.09143860000003,2017-08-13,18,0,82.5,118.5,132.0,Minsley_2017,,,,,,,,,
65.65530450000001,-149.0896362857143,2016-09-06,14,1,108.63636363636364,115.78571428571429,132.0,Minsley_2017,,9.583333333333334,,,,,,,
65.65499717624999,-149.0892309125,2017-08-12,8,1,56.25,56.25,132.0,Minsley_2017,,,,,,,,,
66.89756117647059,-150.52004252941177,2016-09-07,17,1,78.16666666666667,128.7058823529412,132.0,Minsley_2017,,30.0,,,,,,,
66.898332125,-150.51936824999999,2016-09-07,8,0,58.75,154.375,132.0,Minsley_2017,,30.0,,,,,,,
65.28533227272727,-148.13811963636363,2016-09-08,11,0,64.0,96.77777777777777,132.0,Minsley_2017,,7.75,,,,,,,
65.28564883333333,-148.13646566666668,2016-09-08,6,1,53.333333333333336,53.333333333333336,132.0,Minsley_2017,,18.5,,,,,,,
65.65117072277779,-149.08335249444448,2017-08-14,18,1,86.3529411764706,88.38888888888889,132.0,Minsley_2017,,,,,,,,,
65.65089033636364,-149.08159638181817,2017-08-14,11,1,94.5,97.0909090909091,132.0,Minsley_2017,,,,,,,,,
64.67318634749999,-145.0462372,2021-06-12,12,1,66.75,88.5,132.0,Minsley_2021,,85.0,,,,,,,
64.41341424285714,-143.15499605714285,2021-04-06,7,1,61.2,73.0,132.0,Minsley_2021,,36.0,,,,,,,
64.167293652,-141.33817754,2021-01-31,5,1,74.4,74.4,132.0,Minsley_2021,,25.0,,,,,,,
64.79800726972223,-146.9600835166667,2021-08-15,36,1,58.24242424242424,62.457142857142856,132.0,Minsley_2021,,30.0,,,,,,,
63.89637466666667,-138.76693566666668,2011-11-07,3,1,66.66666666666667,133.33333333333334,,Pastick,,24.666666666666668,N,,,,,,
63.88778533333333,-138.78602366666667,2011-11-08,3,0,65.0,132.5,,Pastick,,9.5,N,,,,,,
63.876397999999995,-138.80526733333332,2011-11-08,3,0,0.0,160.0,,Pastick,,12.0,N,,,,,,
64.51717060000001,-143.37088359999998,2010-07-02,5,0,31.25,113.75,,Pastick,,7.2,N,,,,,,
63.85730266666667,-138.80102933333333,2011-11-10,3,0,0.0,195.0,,Pastick,,11.0,N,,,,,,
63.852263,-138.87398166666665,2011-11-10,3,0,25.0,77.5,,Pastick,,21.333333333333332,N,,,,,,
63.96667666666667,-138.610531,2011-11-19,3,0,35.0,95.0,,Pastick,,16.333333333333332,N,,,,,,
63.954079666666665,-138.63387933333334,2011-11-19,3,0,0.0,115.0,,Pastick,,13.666666666666666,N,,,,,,
63.943813999999996,-138.62420166666666,2011-11-20,3,0,47.666666666666664,134.33333333333334,,Pastick,,18.0,N,,,,,,
64.16600533333333,-138.15566966666668,2011-11-26,3,1,51.5,64.5,,Pastick,,39.0,N,,,,,,
64.17543133333334,-138.180352,2011-11-27,3,0,35.0,140.0,,Pastick,,27.0,N,,,,,,
64.17024466666668,-138.13569033333332,2011-11-28,3,1,79.33333333333333,149.33333333333334,,Pastick,,25.0,N,,,,,,
64.6140735,-140.8850225,2011-01-27,4,0,62.666666666666664,133.33333333333334,,Pastick,,5.75,N,,,,,,
64.12733899999999,-138.15372533333334,2011-12-07,3,1,63.666666666666664,113.66666666666667,,Pastick,,20.0,N,,,,,,
64.5675405,-141.105203,2011-02-06,4,0,45.666666666666664,86.33333333333333,,Pastick,,33.25,N,,,,,,
66.03367499999999,-149.2674985,2008-09-14,2,1,38.5,65.0,,Pastick,,30.0,N,,,,,,
63.97265733333333,-138.82593566666665,2011-12-15,3,0,0.0,80.0,,Pastick,,17.666666666666668,N,,,,,,
65.842917,-149.9275,2008-08-16,2,0,0.0,137.5,,Pastick,,4.0,Y,,,,,,
63.99422366666666,-138.66916899999998,2011-12-16,3,1,75.0,82.5,,Pastick,,19.0,N,,,,,,
63.94359466666666,-138.58780466666667,2011-12-17,3,1,43.5,65.0,,Pastick,,15.0,N,,,,,,
64.40120766666666,-135.90127199999998,2013-03-11,3,1,38.0,38.0,,Pastick,,24.0,N,,,,,,
64.43001199999999,-136.1517213333333,2013-03-12,3,1,53.666666666666664,73.33333333333333,,Pastick,,47.666666666666664,N,,,,,,
64.24891866666667,-135.736348,2013-03-28,3,0,18.0,83.33333333333333,,Pastick,,37.333333333333336,N,,,,,,
64.178262,-136.65062166666667,2013-03-22,3,1,34.666666666666664,61.333333333333336,,Pastick,,26.333333333333332,N,,,,,,
64.78415799999999,-139.1244695,2012-08-08,4,0,0.0,109.0,,Pastick,,11.333333333333334,N,,,,,,
64.386066,-136.74395333333334,2013-03-24,3,0,18.666666666666668,79.33333333333333,,Pastick,,19.333333333333332,N,,,,,,
64.41471233333334,-136.71949099999998,2013-03-25,3,0,0.0,117.0,,Pastick,,23.666666666666668,N,,,,,,
66.653611,-146.56138850000002,2010-07-15,2,0,0.0,102.0,,Pastick,,9.5,N,,,,,,
66.467917,-145.2706945,2010-07-27,2,0,36.0,89.5,,Pastick,,5.5,N,,,,,,
64.28009833333333,-135.86007766666668,2013-04-02,3,0,29.5,54.5,,Pastick,,30.0,N,,,,,,
64.9702645,-137.81306475000002,2012-08-11,4,0,0.0,85.0,,Pastick,,5.5,N,,,,,,
64.35763133333334,-136.38209033333334,2013-04-14,3,1,75.0,141.66666666666666,,Pastick,,13.666666666666666,N,,,,,,
64.38012533333334,-136.37704366666665,2013-04-14,3,1,80.33333333333333,147.0,,Pastick,,21.0,N,,,,,,
64.36793733333333,-136.13117866666667,2013-04-15,3,0,70.5,135.5,,Pastick,,9.0,N,,,,,,
64.35092200000001,-136.10696199999998,2013-04-30,3,1,38.0,104.66666666666667,,Pastick,,48.333333333333336,N,,,,,,
64.37116666666667,-135.61180133333335,2013-04-17,3,0,17.666666666666668,151.0,,Pastick,,23.0,N,,,,,,
64.366754,-135.81074166666667,2013-04-19,3,1,83.66666666666667,83.66666666666667,,Pastick,,29.333333333333332,N,,,,,,
64.91517400000001,-138.24382425,2012-09-27,4,1,121.33333333333333,121.33333333333333,,Pastick,,4.5,N,,,,,,
64.07876399999999,-135.54391066666668,2013-05-02,3,1,73.66666666666667,140.33333333333334,,Pastick,,41.0,N,,,,,,
64.18818533333332,-135.6178886666667,2013-05-02,3,0,45.5,125.0,,Pastick,,13.333333333333334,N,,,,,,
64.32923699999999,-135.777522,2013-03-10,3,0,36.666666666666664,148.33333333333334,,Pastick,,15.333333333333334,N,,,,,,
66.545556,-145.4375,2010-06-24,2,0,0.0,108.5,,Pastick,,3.0,N,,,,,,
66.545833,-145.916944,2010-06-26,2,1,67.5,135.0,,Pastick,,16.0,N,,,,,,
66.24375,-146.5159725,2010-07-10,2,1,59.0,59.0,,Pastick,,41.0,N,,,,,,
64.33397333333333,-136.76181333333335,2013-03-24,3,0,24.333333333333332,88.33333333333333,,Pastick,,12.666666666666666,N,,,,,,
64.32784866666667,-136.75444466666667,2013-03-24,3,0,0.0,117.5,,Pastick,,11.0,N,,,,,,
64.24905700000001,-136.71451000000002,2013-03-25,3,1,23.5,109.5,,Pastick,,26.0,N,,,,,,
64.13027699999999,-135.92316933333333,2013-04-02,3,0,21.0,121.0,,Pastick,,22.333333333333332,N,,,,,,
64.10453133333334,-136.47097300000001,2013-04-03,3,1,94.0,94.0,,Pastick,,54.666666666666664,N,,,,,,
64.09813466666667,-136.23546299999998,2013-04-03,3,0,0.0,146.5,,Pastick,,10.0,N,,,,,,
63.99869066666667,-135.82377533333332,2013-04-03,3,1,115.5,115.5,,Pastick,,14.0,N,,,,,,
63.996582,-135.82569933333335,2013-04-03,3,1,68.33333333333333,69.0,,Pastick,,43.666666666666664,N,,,,,,
64.152934,-135.93697433333332,2013-04-05,3,1,85.33333333333333,153.66666666666666,,Pastick,,35.333333333333336,N,,,,,,
64.10932466666667,-135.97079566666665,2013-04-05,3,1,112.0,112.0,,Pastick,,15.333333333333334,N,,,,,,
64.17159733333334,-135.70866033333334,2013-04-11,3,1,118.33333333333333,118.33333333333333,,Pastick,,21.666666666666668,N,,,,,,
64.080721,-136.58397133333332,2013-04-12,3,1,117.66666666666667,117.66666666666667,,Pastick,,27.666666666666668,N,,,,,,
64.06147533333333,-136.59276466666665,2013-04-12,3,1,40.0,76.66666666666667,,Pastick,,47.333333333333336,N,,,,,,
64.09449466666666,-136.04356366666664,2013-04-13,3,1,135.0,135.0,,Pastick,,0.0,N,,,,,,
64.07767466666667,-136.5612623333333,2013-04-14,3,0,0.0,181.0,,Pastick,,0.0,N,,,,,,
64.055677,-136.40238833333333,2013-04-15,3,1,89.5,89.5,,Pastick,,30.333333333333332,N,,,,,,
64.017696,-136.27149899999998,2013-04-15,3,1,136.33333333333334,136.33333333333334,,Pastick,,31.666666666666668,N,,,,,,
64.45394474999999,-138.3735455,2012-08-16,4,1,114.0,114.0,,Pastick,,28.5,N,,,,,,
63.66599133333333,-136.17511433333334,2013-04-16,3,1,115.5,115.5,,Pastick,,9.0,N,,,,,,
63.68948066666667,-135.88061233333335,2013-04-18,3,0,100.0,185.0,,Pastick,,0.6666666666666666,N,,,,,,
64.69821466666667,-135.24956366666666,1994-08-18,3,0,0.0,101.5,,Pastick,,0.0,N,,,,,,
64.691108,-135.26505899999998,1994-08-18,3,0,0.0,152.0,,Pastick,,0.0,N,,,,,,
64.628764,-135.81932966666668,1994-07-13,3,0,28.0,134.66666666666666,,Pastick,,33.333333333333336,N,,,,,,
63.857000666666664,-135.06088499999998,1995-03-18,3,0,0.0,60.0,,Pastick,,11.0,Y,,,,,,
63.811546666666665,-135.025137,1995-03-23,3,1,44.666666666666664,55.333333333333336,,Pastick,,13.0,,,,,,,
63.811027333333335,-135.03608133333333,1995-03-23,3,0,19.0,94.0,,Pastick,,21.5,N,,,,,,
64.28443374999999,-138.263466,1999-04-30,4,0,0.0,72.0,,Pastick,,22.0,Y,,,,,,
63.806673999999994,-135.58102366666665,1995-04-03,3,0,18.0,118.66666666666667,,Pastick,,27.333333333333332,N,,,,,,
63.90028666666666,-135.64804533333336,1995-04-05,3,1,34.5,34.5,,Pastick,,30.333333333333332,N,,,,,,
64.3058375,-138.1070075,1999-05-04,4,1,20.666666666666668,20.666666666666668,,Pastick,,13.333333333333334,N,,,,,,
64.68063599999999,-135.894085,1995-04-14,3,1,76.0,126.66666666666667,,Pastick,,42.666666666666664,N,,,,,,
64.98411466666667,-135.5073153333333,1995-05-11,3,0,30.0,107.0,,Pastick,,36.0,N,,,,,,
64.62519533333334,-134.67571633333333,1995-04-16,3,0,47.5,107.5,,Pastick,,14.0,N,,,,,,
64.294912,-134.97239766666667,1995-04-18,3,1,129.5,129.5,,Pastick,,9.5,N,,,,,,
64.57742533333334,-136.64401666666666,1995-04-27,3,1,43.666666666666664,98.66666666666667,,Pastick,,43.0,N,,,,,,
64.63683866666666,-136.11011399999998,1995-04-29,3,0,0.0,152.0,,Pastick,,0.0,N,,,,,,
64.28737533333333,-135.8322036666667,1995-05-02,3,0,55.0,146.5,,Pastick,,29.666666666666668,N,,,,,,
64.69570733333335,-136.03087566666667,1995-05-03,3,1,120.0,120.0,,Pastick,,26.666666666666668,N,,,,,,
63.66376433333334,-136.041604,1995-06-07,3,0,0.0,152.0,,Pastick,,26.5,N,,,,,,
64.231685,-138.4436275,1999-04-30,4,1,45.5,60.75,,Pastick,,29.0,N,,,,,,
63.782276,-135.67665933333333,1995-04-02,3,1,58.333333333333336,58.333333333333336,,Pastick,,88.66666666666667,N,,,,,,
65.17527799999999,-144.5163885,2011-07-28,2,0,0.0,68.0,,Pastick,,0.5,N,,,,,,
63.547657333333326,-135.198806,1995-04-03,3,0,50.0,128.33333333333334,,Pastick,,14.0,N,,,,,,
65.616667,-145.758056,2011-07-29,2,1,71.5,71.5,,Pastick,,21.5,N,,,,,,
63.441538666666666,-135.96620633333333,1995-04-04,3,0,0.0,35.0,,Pastick,,4.5,Y,,,,,,
63.65840866666667,-135.37123033333333,1995-03-18,3,0,12.5,103.5,,Pastick,,18.5,N,,,,,,
64.84917066666667,-135.762383,1995-04-28,3,1,71.5,77.5,,Pastick,,25.0,N,,,,,,
64.59454866666665,-136.444221,1995-04-29,3,0,20.0,121.66666666666667,,Pastick,,54.0,N,,,,,,
64.163826,-136.48782966666667,1995-05-02,3,1,98.33333333333333,98.33333333333333,,Pastick,,33.0,N,,,,,,
64.23233599999999,-136.563214,1995-05-03,3,1,180.0,180.0,,Pastick,,8.0,N,,,,,,
64.22434146666667,-148.8139012,1996-11-24,3,1,42.666666666666664,145.33333333333334,,Pastick,,0.0,N,,,,,,
64.34582153333334,-148.40614376666664,1996-11-24,3,1,48.0,73.33333333333333,,Pastick,,20.333333333333332,N,,,,,,
64.35773233333333,-148.64673,1996-11-24,3,1,41.333333333333336,61.666666666666664,,Pastick,,30.333333333333332,N,,,,,,
61.03918653333333,-145.33804619999998,1995-12-25,3,1,57.5,174.0,,Pastick,,20.333333333333332,N,,,,,,
61.179138775000006,-148.873905325,2000-02-25,4,0,58.333333333333336,103.0,,Pastick,,15.25,N,,,,,,
61.53019085,-158.77442535,2012-08-30,2,1,52.5,106.0,,Pastick,,0.0,N,,,,,,
61.532414700000004,-158.78117895,2012-08-30,2,1,33.5,80.5,,Pastick,,0.0,N,,,,,,
61.035181566666665,-145.38678789999997,1995-12-25,3,0,93.5,544.0,,Pastick,,25.333333333333332,N,,,,,,
60.9931038,-145.88828123333334,1995-12-25,3,1,56.0,81.5,,Pastick,,10.0,N,,,,,,
60.982271233333336,-144.8407157,1995-12-25,3,1,85.33333333333333,101.0,,Pastick,,30.333333333333332,N,,,,,,
60.972839766666674,-144.84894,1995-12-25,3,0,64.0,153.66666666666666,,Pastick,,20.0,N,,,,,,
60.975062900000005,-144.86956826666668,1995-12-25,3,1,114.0,136.33333333333334,,Pastick,,0.0,N,,,,,,
60.97088846666667,-145.9007425,1995-12-25,3,1,84.66666666666667,100.33333333333333,,Pastick,,61.0,N,,,,,,
60.9678782,-145.90329533333332,1995-12-25,3,1,50.0,64.33333333333333,,Pastick,,20.333333333333332,N,,,,,,
60.94920103333334,-144.84996429999998,1995-12-25,3,1,52.666666666666664,39.666666666666664,,Pastick,,20.333333333333332,N,,,,,,
61.1533672,-144.40708896666666,1995-12-25,3,1,61.0,102.5,,Pastick,,0.0,N,,,,,,
61.14496176666666,-144.419951,1995-12-25,3,1,52.0,83.0,,Pastick,,7.666666666666667,N,,,,,,
61.1383167,-144.3678472,1995-12-25,3,0,70.5,105.0,,Pastick,,0.0,N,,,,,,
61.12803650000001,-144.34807806666666,1995-12-25,3,1,97.66666666666667,120.33333333333333,,Pastick,,30.333333333333332,N,,,,,,
62.38088605,-159.58440625,2012-08-30,2,1,77.5,115.0,,Pastick,,0.0,N,,,,,,
61.8767638,-160.13604529999998,2012-08-30,2,1,62.5,599.5,,Pastick,,0.0,N,,,,,,
61.7228695,-158.2510538,2012-08-30,2,1,62.5,105.0,,Pastick,,0.0,N,,,,,,
61.090703999999995,-145.11446286666668,1995-12-25,3,1,42.0,110.33333333333333,,Pastick,,20.333333333333332,N,,,,,,
60.96741876666667,-144.56562540000002,1995-12-25,3,1,169.0,220.33333333333334,,Pastick,,0.0,N,,,,,,
60.9823209,-146.07655593333334,1995-12-25,3,0,90.5,125.0,,Pastick,,25.333333333333332,N,,,,,,
60.98254876666667,-146.07405483333332,1995-12-25,3,1,58.0,113.66666666666667,,Pastick,,37.333333333333336,N,,,,,,
61.1728095,-147.96069872500001,2000-02-25,4,1,67.75,125.25,,Pastick,,19.0,N,,,,,,
60.699940166666664,-146.1537756,1995-12-25,3,1,58.5,80.0,,Pastick,,0.0,N,,,,,,
60.826067466666665,-146.14867686666665,1995-12-25,3,1,43.0,49.5,,Pastick,,0.0,N,,,,,,
62.990923433333336,-149.3880609,1995-12-25,3,1,47.666666666666664,120.33333333333333,,Pastick,,20.333333333333332,N,,,,,,
60.560277066666664,-145.27565,1995-12-25,3,1,60.0,120.33333333333333,,Pastick,,94.0,N,,,,,,
62.934955699999996,-149.4718143,1995-12-25,3,1,77.0,120.33333333333333,,Pastick,,20.333333333333332,N,,,,,,
61.23710984,-148.93071144,2002-08-27,5,0,57.0,90.0,,Pastick,,0.0,N,,,,,,
60.859449266666665,-144.0086892,1995-12-25,3,1,93.33333333333333,106.66666666666667,,Pastick,,26.333333333333332,N,,,,,,
61.1628864,-145.7441984666667,1995-12-25,3,1,102.0,133.0,,Pastick,,20.333333333333332,N,,,,,,
59.055420733333335,-144.14578593333331,1996-10-24,3,1,70.33333333333333,103.66666666666667,,Pastick,,35.666666666666664,N,,,,,,
58.9177674,-143.95987333333332,1996-10-24,3,1,43.0,110.0,,Pastick,,0.0,N,,,,,,
59.0735474,-146.4221104,1996-11-02,3,0,72.0,152.0,,Pastick,,40.666666666666664,N,,,,,,
58.69825146666667,-144.51020259999999,1996-10-24,3,1,42.333333333333336,73.0,,Pastick,,38.0,N,,,,,,
58.451092966666664,-144.42787556666667,1996-10-24,3,1,92.0,104.33333333333333,,Pastick,,61.0,N,,,,,,
58.7522874,-144.53955886666665,1996-10-24,3,1,72.0,110.33333333333333,,Pastick,,30.333333333333332,N,,,,,,
58.62320706666667,-144.57851000000002,1996-10-24,3,1,96.66666666666667,108.0,,Pastick,,28.0,N,,,,,,
58.727665824999995,-147.929139725,2001-02-01,4,1,72.5,124.0,,Pastick,,31.75,N,,,,,,
59.5561111,-157.6116667,2013-11-29,2,1,92.5,120.0,,Pastick,,0.0,N,,,,,,
58.6952778,-158.1891667,2013-11-29,2,1,24.0,121.5,,Pastick,,0.0,N,,,,,,
58.9763889,-157.9244444,2013-11-29,2,1,48.5,120.0,,Pastick,,0.0,N,,,,,,
58.975,-157.9125,2013-11-29,2,1,28.0,112.5,,Pastick,,0.0,N,,,,,,
59.6813889,-158.0844444,2013-11-29,2,1,117.0,159.5,,Pastick,,0.0,N,,,,,,
59.2038889,-157.1686111,2013-11-29,2,1,75.0,116.0,,Pastick,,0.0,N,,,,,,
58.80069445,-157.8216667,2013-11-29,2,1,72.5,122.5,,Pastick,,0.0,N,,,,,,
58.8014815,-158.54870373333333,2013-11-29,3,0,78.0,139.33333333333334,,Pastick,,0.0,N,,,,,,
59.7225,-157.2919444,2013-11-29,2,1,111.5,133.5,,Pastick,,0.0,N,,,,,,
60.166250000000005,-157.42430554999999,2013-11-29,2,1,92.5,116.5,,Pastick,,0.0,N,,,,,,
60.09625,-156.25055555,2013-11-29,2,1,75.5,83.5,,Pastick,,0.0,N,,,,,,
59.88944445,-156.02208335,2013-11-29,2,1,87.5,102.5,,Pastick,,0.0,N,,,,,,
58.9309722,-157.205,2013-11-29,2,1,71.5,47.5,,Pastick,,0.0,N,,,,,,
59.6161111,-157.36722220000001,2013-11-29,2,1,76.5,152.5,,Pastick,,0.0,N,,,,,,
59.3736111,-157.435,2013-11-29,2,1,72.5,91.5,,Pastick,,0.0,N,,,,,,
59.6416667,-157.2563889,2013-11-29,2,1,52.5,125.0,,Pastick,,0.0,N,,,,,,
59.818375,-156.984425,2013-04-08,2,1,79.5,152.0,,Pastick,,0.0,N,,,,,,
61.56695345,-159.52567095,2012-08-30,2,0,142.5,200.0,,Pastick,,0.0,N,,,,,,
61.5688176,-159.51588420000002,2012-08-30,2,0,82.5,200.0,,Pastick,,0.0,N,,,,,,
61.587261,-159.4929159,2012-08-30,2,0,100.0,599.5,,Pastick,,0.0,N,,,,,,
61.5310731,-158.787168,2012-08-30,2,0,109.0,171.5,,Pastick,,0.0,N,,,,,,
61.58071265,-159.23727965,2012-08-30,2,0,103.5,200.0,,Pastick,,0.0,N,,,,,,
61.58148025,-159.24235199999998,2012-08-30,2,0,120.0,200.0,,Pastick,,0.0,N,,,,,,
61.57998135,-159.24476040000002,2012-08-30,2,0,139.0,165.5,,Pastick,,0.0,N,,,,,,
61.580232699999996,-159.24722020000002,2012-08-30,2,0,58.5,136.5,,Pastick,,0.0,N,,,,,,
61.54001835,-160.3179831,2012-08-30,2,0,115.0,200.0,,Pastick,,0.0,N,,,,,,
61.54742425,-160.32554135,2012-08-30,2,0,175.0,200.0,,Pastick,,0.0,N,,,,,,
61.53554445,-158.60576535,2012-08-30,2,0,47.0,95.0,,Pastick,,0.0,N,,,,,,
61.53686265,-158.60681125,2012-08-30,2,0,42.5,82.5,,Pastick,,0.0,N,,,,,,
61.593225200000006,-159.01714579999998,2012-08-30,2,0,76.5,99.5,,Pastick,,0.0,N,,,,,,
61.5825796,-159.94119245,2012-08-30,2,0,90.5,599.5,,Pastick,,0.0,N,,,,,,
61.87168665,-158.1165154,2012-08-30,2,0,39.0,524.5,,Pastick,,0.0,N,,,,,,
61.848023600000005,-157.6033942,2012-08-30,2,0,15.5,82.0,,Pastick,,0.0,N,,,,,,
61.85564934999999,-157.5896388,2012-08-30,2,0,61.0,113.5,,Pastick,,0.0,N,,,,,,
61.70659005,-157.1393348,2012-08-30,2,0,135.5,200.0,,Pastick,,0.0,N,,,,,,
61.840222499999996,-157.61236365000002,2012-08-30,2,0,54.0,110.0,,Pastick,,0.0,N,,,,,,
61.8334757,-157.61908764999998,2012-08-30,2,0,33.0,121.5,,Pastick,,0.0,N,,,,,,
61.8318223,-157.62222583333335,2012-08-30,3,0,51.666666666666664,371.6666666666667,,Pastick,,0.0,N,,,,,,
61.57123935,-159.5486956,2012-08-30,2,0,135.0,200.0,,Pastick,,0.0,N,,,,,,
61.58071805,-159.58160675,2012-08-30,2,0,40.0,200.0,,Pastick,,0.0,N,,,,,,
61.578927449999995,-159.5846713,2012-08-30,2,0,95.5,200.0,,Pastick,,0.0,N,,,,,,
61.57664405,-159.5811915,2012-08-30,2,0,145.0,200.0,,Pastick,,0.0,N,,,,,,
61.71337823333334,-157.18925320000002,2012-08-30,3,0,50.666666666666664,78.0,,Pastick,,0.0,N,,,,,,
61.7118748,-157.19168103333334,2012-08-30,3,0,88.33333333333333,175.0,,Pastick,,0.0,N,,,,,,
61.681869175,-157.181951325,2012-08-30,4,0,109.75,165.0,,Pastick,,0.0,N,,,,,,
61.679359000000005,-157.18649305,2012-08-30,2,0,54.5,150.0,,Pastick,,0.0,N,,,,,,
61.7278737,-157.1484434,2012-08-30,2,0,94.5,162.0,,Pastick,,0.0,N,,,,,,
61.73574563333333,-157.1662546,2012-08-30,3,0,97.33333333333333,137.66666666666666,,Pastick,,0.0,N,,,,,,
61.7375719,-157.16471956666666,2012-08-30,3,0,89.33333333333333,200.0,,Pastick,,0.0,N,,,,,,
61.739438899999996,-157.16176174999998,2012-08-30,2,0,87.0,175.0,,Pastick,,0.0,N,,,,,,
61.74318462,-157.2340188,2012-08-30,5,0,75.6,178.0,,Pastick,,0.0,N,,,,,,
61.73648335,-157.23757965,2012-08-30,2,0,62.5,200.0,,Pastick,,0.0,N,,,,,,
61.732374300000004,-157.23575095,2012-08-30,2,0,122.5,125.0,,Pastick,,0.0,N,,,,,,
61.7776758,-157.38616274999998,2012-08-30,2,0,47.0,71.5,,Pastick,,0.0,N,,,,,,
61.8782267,-157.65663285,2012-08-30,2,0,136.5,200.0,,Pastick,,0.0,N,,,,,,
61.8337504,-157.56483405,2012-08-30,2,0,84.0,147.5,,Pastick,,0.0,N,,,,,,
61.864799250000004,-157.6611657,2012-08-30,2,0,60.0,93.5,,Pastick,,0.0,N,,,,,,
61.904392650000005,-157.7968411,2012-08-30,2,0,73.5,95.0,,Pastick,,0.0,N,,,,,,
61.8534896,-157.630901,2012-08-30,2,0,140.0,200.0,,Pastick,,0.0,N,,,,,,
61.8511162,-157.62833705,2012-08-30,2,0,65.0,105.0,,Pastick,,0.0,N,,,,,,
61.85230765,-157.62941445,2012-08-30,2,0,129.5,165.0,,Pastick,,0.0,N,,,,,,
61.8499889,-157.62603115000002,2012-08-30,2,0,41.0,90.0,,Pastick,,0.0,N,,,,,,
61.81207005,-156.4861864,2012-08-30,2,0,57.5,145.0,,Pastick,,0.0,N,,,,,,
61.82200025,-156.4886974,2012-08-30,2,0,150.0,200.0,,Pastick,,0.0,N,,,,,,
61.79003795,-156.6919841,2012-08-30,2,0,51.5,130.0,,Pastick,,0.0,N,,,,,,
61.80782919999999,-156.69466303333334,2012-08-30,3,0,54.333333333333336,193.33333333333334,,Pastick,,0.0,N,,,,,,
61.7075086,-156.95611315,2012-08-30,2,0,70.5,569.5,,Pastick,,0.0,N,,,,,,
61.78820745,-156.5981175,2012-08-30,2,0,40.5,77.5,,Pastick,,0.0,N,,,,,,
61.78666105,-156.6003343,2012-08-30,2,0,62.5,170.0,,Pastick,,0.0,N,,,,,,
61.781782050000004,-156.605864,2012-08-30,2,0,150.0,180.0,,Pastick,,0.0,N,,,,,,
61.7764578,-156.60775725000002,2012-08-30,2,0,84.0,175.0,,Pastick,,0.0,N,,,,,,
61.8413099,-158.10651485,2012-08-30,2,0,27.0,200.0,,Pastick,,0.0,N,,,,,,
61.5983827,-159.41188015,2012-08-30,2,0,79.5,134.5,,Pastick,,0.0,N,,,,,,
61.65443676666666,-157.14807373333335,2012-08-30,3,0,85.0,183.33333333333334,,Pastick,,0.0,N,,,,,,
61.65408625,-157.15092415,2012-08-30,2,0,77.5,162.5,,Pastick,,0.0,N,,,,,,
61.76882675,-157.3618738,2012-08-30,2,0,57.0,57.0,,Pastick,,0.0,N,,,,,,
61.8758354,-157.6757554,2012-08-30,2,0,27.5,69.0,,Pastick,,0.0,N,,,,,,
61.77671775,-156.77286935,2012-08-30,2,0,56.5,200.0,,Pastick,,0.0,N,,,,,,
61.769445399999995,-157.3542974,2012-08-30,2,0,84.0,115.0,,Pastick,,0.0,N,,,,,,
61.7669652,-157.25210655,2012-08-30,2,0,60.0,130.0,,Pastick,,0.0,N,,,,,,
61.7743859,-156.54863475000002,2012-08-30,2,0,81.0,200.0,,Pastick,,0.0,N,,,,,,
61.77513635,-156.55949725,2012-08-30,2,0,141.0,200.0,,Pastick,,0.0,N,,,,,,
62.20536975,-159.7812243,2012-08-30,2,0,85.0,107.5,,Pastick,,0.0,N,,,,,,
62.204785099999995,-159.7861974,2012-08-30,2,0,95.0,110.0,,Pastick,,0.0,N,,,,,,
62.20591625,-159.79406985,2012-08-30,2,0,140.0,160.0,,Pastick,,0.0,N,,,,,,
62.187489549999995,-159.7951617,2012-08-30,2,0,98.5,175.0,,Pastick,,0.0,N,,,,,,
62.10127753577912,-160.03621829456415,2003-06-25,2,0,,185.0,,Pastick,3.0,5.0,N,,,,,,
62.10010785,-160.03362295,2012-08-30,2,0,110.0,185.0,,Pastick,,0.0,N,,,,,,
62.1144458478272,-160.07579497768052,2003-06-26,2,0,,130.0,,Pastick,3.0,36.5,N,,,,,,
62.11327695,-160.07319710000002,2012-08-30,2,0,95.0,130.0,,Pastick,,0.0,N,,,,,,
62.11305125,-160.0693082,2012-08-30,2,0,52.5,72.5,,Pastick,,0.0,N,,,,,,
62.1104311,-160.0627291,2012-08-30,2,0,140.0,160.0,,Pastick,,0.0,N,,,,,,
62.14280785,-159.77686895,2012-08-30,2,0,140.0,160.0,,Pastick,,0.0,N,,,,,,
62.0729086,-159.8689698,2012-08-30,2,0,135.0,192.5,,Pastick,,0.0,N,,,,,,
62.2014389,-160.13181565,2012-08-30,2,0,132.5,152.5,,Pastick,,0.0,N,,,,,,
62.2216679,-160.0876518,2012-08-30,2,0,40.0,60.0,,Pastick,,0.0,N,,,,,,
62.1573838,-159.65677334999998,2012-08-30,2,0,88.5,180.0,,Pastick,,0.0,N,,,,,,
62.645200200000005,-159.54847425,2012-08-30,2,0,140.0,160.0,,Pastick,,0.0,N,,,,,,
62.64494715,-159.5443147,2012-08-30,2,0,110.0,130.0,,Pastick,,0.0,N,,,,,,
62.4015894,-160.06406379999999,2012-08-30,2,0,140.0,160.0,,Pastick,,0.0,N,,,,,,
61.978238899999994,-160.47463119999998,2012-08-30,2,0,140.0,160.0,,Pastick,,0.0,N,,,,,,
61.89177,-160.50725015,2012-08-30,2,0,100.0,130.0,,Pastick,,0.0,N,,,,,,
61.90498015,-159.95847895,2012-08-30,2,0,140.0,160.0,,Pastick,,0.0,N,,,,,,
61.9292971,-159.7603181,2012-08-30,2,0,90.0,110.0,,Pastick,,0.0,N,,,,,,
61.97709945,-160.90048969999998,2012-08-30,2,0,62.5,117.5,,Pastick,,0.0,N,,,,,,
62.75556505,-160.12050785000002,2012-08-30,2,0,140.0,160.0,,Pastick,,0.0,N,,,,,,
62.6942557,-160.2460132,2012-08-30,2,0,140.0,160.0,,Pastick,,0.0,N,,,,,,
62.661260049999996,-160.30049115,2012-08-30,2,0,130.0,145.0,,Pastick,,0.0,N,,,,,,
62.91090165,-160.06211639999998,2012-08-30,2,0,132.5,175.0,,Pastick,,0.0,N,,,,,,
62.883481849999995,-160.07536315,2012-08-30,2,0,90.0,110.0,,Pastick,,0.0,N,,,,,,
62.90044845,-160.06750365,2012-08-30,2,0,140.0,160.0,,Pastick,,0.0,N,,,,,,
61.47180795,-160.38725525,2012-08-30,2,0,140.0,160.0,,Pastick,,0.0,N,,,,,,
61.500622750000005,-160.13555805,2012-08-30,2,0,90.0,110.0,,Pastick,,0.0,N,,,,,,
61.70679855,-158.2385741,2012-08-30,2,0,48.5,100.0,,Pastick,,0.0,N,,,,,,
61.68039555,-158.2185715,2012-08-30,2,0,95.0,115.0,,Pastick,,0.0,N,,,,,,
61.320810449999996,-157.18223395,2012-08-30,2,0,59.5,71.5,,Pastick,,0.0,N,,,,,,
61.37298375,-157.03597505,2012-08-30,2,0,53.5,150.0,,Pastick,,0.0,N,,,,,,
61.37490045,-157.0343762,2012-08-30,2,0,121.0,200.0,,Pastick,,0.0,N,,,,,,
61.4375392,-157.04916915,2012-08-30,2,0,95.0,200.0,,Pastick,,0.0,N,,,,,,
61.1966262,-159.15371765,2012-08-30,2,0,69.0,150.0,,Pastick,,0.0,N,,,,,,
61.733521499999995,-158.1365637,2012-08-30,2,0,90.0,110.0,,Pastick,,0.0,N,,,,,,
61.72694855,-158.135631,2012-08-30,2,0,41.0,70.0,,Pastick,,0.0,N,,,,,,
61.41872305,-157.07929095,2012-08-30,2,0,95.0,249.5,,Pastick,,0.0,N,,,,,,
61.37868215,-157.04441505,2012-08-30,2,0,165.0,190.0,,Pastick,,0.0,N,,,,,,
61.44487395,-157.05310945000002,2012-08-30,2,0,185.0,200.0,,Pastick,,0.0,N,,,,,,
61.75660275,-159.8768596,2012-08-30,2,0,34.0,75.0,,Pastick,,0.0,N,,,,,,
61.686475099999996,-158.5320083,2012-08-30,2,0,63.0,97.5,,Pastick,,0.0,N,,,,,,
62.5192206,-160.43690855,2012-08-30,2,0,85.5,200.0,,Pastick,,0.0,N,,,,,,
62.15554965,-159.37407515,2012-08-30,2,0,69.0,127.5,,Pastick,,0.0,N,,,,,,
61.158739,-156.35492685,2012-08-30,2,0,113.0,151.0,,Pastick,,0.0,N,,,,,,
64.75764505000001,-165.47136445,2012-08-30,2,0,109.0,150.0,,Pastick,,0.0,N,,,,,,
64.7928392,-165.5493877,2012-08-30,2,0,50.0,151.0,,Pastick,,0.0,N,,,,,,
64.7898088,-165.55833174999998,2012-08-30,2,0,66.0,150.0,,Pastick,,0.0,N,,,,,,
59.358472199999994,-157.47333335,2013-11-29,2,0,110.0,176.5,,Pastick,,0.0,N,,,,,,
59.0394444,-157.9919444,2013-11-29,2,0,38.0,100.0,,Pastick,,0.0,N,,,,,,
59.55722219999999,-157.6091667,2013-11-29,3,0,115.0,177.33333333333334,,Pastick,,0.0,N,,,,,,
59.5569444,-157.5994444,2013-11-29,2,0,110.0,190.0,,Pastick,,0.0,N,,,,,,
59.5655556,-157.5369444,2013-11-29,2,0,22.0,183.0,,Pastick,,0.0,N,,,,,,
59.8005556,-157.5247222,2013-11-29,2,0,170.0,190.0,,Pastick,,0.0,N,,,,,,
59.79999999999999,-157.5225,2013-11-29,3,0,98.33333333333333,154.0,,Pastick,,0.0,N,,,,,,
59.0791667,-157.3672222,2013-11-29,2,0,80.0,105.0,,Pastick,,0.0,N,,,,,,
59.0686111,-158.4630556,2013-11-29,5,0,62.0,139.4,,Pastick,,0.0,N,,,,,,
59.0730556,-158.4655556,2013-11-29,2,0,175.0,195.0,,Pastick,,0.0,N,,,,,,
58.8569444,-157.8488889,2013-11-29,2,0,155.0,190.0,,Pastick,,0.0,N,,,,,,
58.8561111,-157.8544444,2013-11-29,2,0,73.0,100.0,,Pastick,,0.0,N,,,,,,
59.0680556,-158.1927778,2013-11-29,2,0,80.0,190.0,,Pastick,,0.0,N,,,,,,
59.0677778,-158.1875,2013-11-29,2,0,150.0,190.0,,Pastick,,0.0,N,,,,,,
59.0502778,-158.5077778,2013-11-29,2,0,115.0,155.0,,Pastick,,0.0,N,,,,,,
59.5572222,-157.7822222,2013-11-29,2,0,120.0,150.0,,Pastick,,0.0,N,,,,,,
59.0436111,-158.5666667,2013-11-29,2,0,160.0,190.0,,Pastick,,0.0,N,,,,,,
59.0391667,-158.5547222,2013-11-29,2,0,130.0,170.0,,Pastick,,0.0,N,,,,,,
59.0330556,-158.5413889,2013-11-29,2,0,125.0,190.0,,Pastick,,0.0,N,,,,,,
59.0430556,-158.5422222,2013-11-29,2,0,100.0,190.0,,Pastick,,0.0,N,,,,,,
59.3433333,-157.4830556,2013-11-29,2,0,95.0,152.0,,Pastick,,0.0,N,,,,,,
58.6355556,-158.0694444,2013-11-29,2,0,170.0,183.0,,Pastick,,0.0,N,,,,,,
59.1966667,-158.1136111,2013-11-29,2,0,150.0,183.0,,Pastick,,0.0,N,,,,,,
59.2233333,-158.2166667,2013-11-29,2,0,170.0,175.0,,Pastick,,0.0,N,,,,,,
59.2230556,-158.2011111,2013-11-29,2,0,92.0,105.0,,Pastick,,0.0,N,,,,,,
59.2275,-158.1769444,2013-11-29,2,0,70.0,130.0,,Pastick,,0.0,N,,,,,,
58.8875,-158.4044444,2013-11-29,2,0,95.0,150.0,,Pastick,,0.0,N,,,,,,
59.2569444,-157.4883333,2013-11-29,2,0,47.0,80.0,,Pastick,,0.0,N,,,,,,
59.0625,-158.46180555,2013-11-29,4,0,96.5,183.0,,Pastick,,0.0,N,,,,,,
59.064027800000005,-158.50430555,2013-11-29,2,0,145.0,186.5,,Pastick,,0.0,N,,,,,,
59.8494444,-160.0263889,2013-12-13,2,0,53.0,85.0,,Pastick,,0.0,N,,,,,,
59.875,-160.0191667,2013-12-13,2,0,52.5,126.0,,Pastick,,0.0,N,,,,,,
59.78958335,-159.82,2013-12-13,2,0,56.5,128.5,,Pastick,,0.0,N,,,,,,
59.84930555,-160.01180555000002,2013-12-13,2,0,55.5,75.0,,Pastick,,0.0,N,,,,,,
59.8613889,-159.99416665,2013-12-13,2,0,40.0,65.0,,Pastick,,0.0,N,,,,,,
59.86125,-159.99236109999998,2013-12-13,2,0,21.5,40.0,,Pastick,,0.0,N,,,,,,
59.6401852,-160.36194443333332,2013-12-08,3,0,100.66666666666667,142.33333333333334,,Pastick,,0.0,N,,,,,,
59.6423611,-160.34569445,2013-12-13,2,0,109.5,131.0,,Pastick,,0.0,N,,,,,,
59.6429167,-160.33638885,2013-12-13,2,0,65.0,77.5,,Pastick,,0.0,N,,,,,,
59.502777800000004,-160.56916665,2013-12-13,2,0,92.5,97.5,,Pastick,,0.0,N,,,,,,
59.47125,-160.56125,2013-12-13,2,0,88.5,127.5,,Pastick,,0.0,N,,,,,,
59.4083333,-160.36305555,2013-12-13,2,0,46.5,102.0,,Pastick,,0.0,N,,,,,,
59.4052778,-160.35958335,2013-12-13,2,0,98.0,145.0,,Pastick,,0.0,N,,,,,,
59.41166665,-160.39638885,2013-12-13,2,0,84.5,143.5,,Pastick,,0.0,N,,,,,,
59.654305550000004,-160.39555554999998,2013-12-13,2,0,35.0,67.5,,Pastick,,0.0,N,,,,,,
59.6538889,-160.3854167,2013-12-13,2,0,63.5,121.0,,Pastick,,0.0,N,,,,,,
59.4927778,-160.61,2013-12-13,2,0,80.0,190.0,,Pastick,,0.0,N,,,,,,
59.407638899999995,-160.36819444999998,2013-12-13,2,0,45.0,85.0,,Pastick,,0.0,N,,,,,,
59.12125,-159.25902775,2013-12-13,2,0,77.5,151.0,,Pastick,,0.0,N,,,,,,
59.1025,-159.51388889999998,2013-12-13,2,0,92.5,152.0,,Pastick,,0.0,N,,,,,,
59.0691667,-159.9588889,2013-12-13,2,0,68.5,152.0,,Pastick,,0.0,N,,,,,,
59.075416700000005,-160.3161111,2013-12-13,2,0,74.5,151.0,,Pastick,,0.0,N,,,,,,
59.156388899999996,-160.3127778,2013-12-13,2,0,57.5,150.0,,Pastick,,0.0,N,,,,,,
59.3475,-157.48597225,2013-11-29,2,0,73.5,94.5,,Pastick,,0.0,N,,,,,,
59.34916665,-157.49597225,2013-11-29,2,0,30.0,71.5,,Pastick,,0.0,N,,,,,,
59.35125,-157.4820833,2013-11-29,2,0,52.0,72.5,,Pastick,,0.0,N,,,,,,
59.0477778,-158.5347222,2013-11-29,2,0,90.0,171.0,,Pastick,,0.0,N,,,,,,
59.346354149999996,-158.3070111,2013-11-29,2,0,71.0,92.0,,Pastick,,0.0,N,,,,,,
59.1984875,-158.0743625,2013-11-29,2,0,62.5,85.0,,Pastick,,0.0,N,,,,,,
58.8894444,-158.4277778,2013-11-29,2,0,78.0,120.0,,Pastick,,0.0,N,,,,,,
59.49,-157.95083335,2013-11-29,2,0,132.5,177.5,,Pastick,,0.0,N,,,,,,
59.060833349999996,-158.49986109999998,2013-11-29,2,0,115.5,183.0,,Pastick,,0.0,N,,,,,,
59.07120369999999,-158.4661111,2013-11-29,3,0,76.0,145.0,,Pastick,,0.0,N,,,,,,
59.07208335,-158.4675,2013-11-29,2,0,91.5,134.0,,Pastick,,0.0,N,,,,,,
58.8611111,-158.2408333,2013-11-29,2,0,97.0,167.5,,Pastick,,0.0,N,,,,,,
58.7713889,-157.9230556,2013-11-29,2,0,113.5,167.5,,Pastick,,0.0,N,,,,,,
59.1872222,-158.3144444,2013-11-29,2,0,129.0,167.5,,Pastick,,0.0,N,,,,,,
59.1855556,-158.2977778,2013-11-29,2,0,100.0,129.0,,Pastick,,0.0,N,,,,,,
58.9877778,-157.0858333,2013-11-29,2,0,77.5,171.0,,Pastick,,0.0,N,,,,,,
59.5930556,-158.0947222,2013-11-29,2,0,100.0,121.0,,Pastick,,0.0,N,,,,,,
59.5944444,-158.0886111,2013-11-29,2,0,38.5,80.0,,Pastick,,0.0,N,,,,,,
59.5947222,-158.0827778,2013-11-29,2,0,107.5,130.0,,Pastick,,0.0,N,,,,,,
59.1694444,-157.5419444,2013-11-29,2,0,41.5,121.5,,Pastick,,0.0,N,,,,,,
59.1730556,-157.5416667,2013-11-29,2,0,115.0,180.0,,Pastick,,0.0,N,,,,,,
59.1661111,-157.54680555,2013-11-29,2,0,145.0,183.0,,Pastick,,0.0,N,,,,,,
59.718888899999996,-157.97375,2013-11-29,2,0,123.5,145.0,,Pastick,,0.0,N,,,,,,
59.0777778,-157.3972222,2013-11-29,2,0,117.5,140.0,,Pastick,,0.0,N,,,,,,
58.9188889,-158.10652775,2013-11-29,2,0,125.0,182.5,,Pastick,,0.0,N,,,,,,
59.5105556,-156.5883333,2013-11-29,2,0,88.5,100.0,,Pastick,,0.0,N,,,,,,
59.4244444,-158.1363889,2013-11-29,2,0,56.0,161.0,,Pastick,,0.0,N,,,,,,
59.0588889,-158.2072222,2013-11-29,2,0,93.0,171.0,,Pastick,,0.0,N,,,,,,
58.7641667,-157.5508333,2013-11-29,2,0,48.5,171.0,,Pastick,,0.0,N,,,,,,
59.0013889,-158.33,2013-11-29,2,0,110.0,167.5,,Pastick,,0.0,N,,,,,,
58.9961111,-158.305,2013-11-29,2,0,47.0,151.5,,Pastick,,0.0,N,,,,,,
58.9938889,-158.2941667,2013-11-29,2,0,94.0,150.0,,Pastick,,0.0,N,,,,,,
58.9958333,-158.2925,2013-11-29,2,0,58.0,167.5,,Pastick,,0.0,N,,,,,,
59.0613889,-158.4377778,2013-11-29,2,0,83.0,166.0,,Pastick,,0.0,N,,,,,,
59.0536111,-158.5086111,2013-11-29,2,0,49.5,110.0,,Pastick,,0.0,N,,,,,,
59.0488889,-158.5130556,2013-11-29,2,0,108.5,180.0,,Pastick,,0.0,N,,,,,,
59.0516667,-158.5116667,2013-11-29,2,0,82.5,163.5,,Pastick,,0.0,N,,,,,,
59.6811111,-158.0694444,2013-11-29,2,0,101.5,150.0,,Pastick,,0.0,N,,,,,,
59.6736111,-157.5494444,2013-11-29,2,0,84.0,156.0,,Pastick,,0.0,N,,,,,,
59.6566667,-157.5591667,2013-11-29,2,0,87.0,156.0,,Pastick,,0.0,N,,,,,,
59.8041667,-157.8041667,2013-11-29,2,0,89.0,163.5,,Pastick,,0.0,N,,,,,,
59.9594444,-158.0388889,2013-11-29,2,0,47.0,121.0,,Pastick,,0.0,N,,,,,,
59.9605556,-158.0505556,2013-11-29,2,0,105.0,165.0,,Pastick,,0.0,N,,,,,,
59.9422222,-158.115,2013-11-29,2,0,45.0,152.0,,Pastick,,0.0,N,,,,,,
59.1938889,-158.0,2013-11-29,2,0,51.5,77.5,,Pastick,,0.0,N,,,,,,
59.1836111,-158.0144444,2013-11-29,2,0,57.0,87.5,,Pastick,,0.0,N,,,,,,
59.3235185,-157.8710185,2013-11-29,3,0,90.33333333333333,153.33333333333334,,Pastick,,0.0,N,,,,,,
59.1083333,-158.3197222,2013-11-29,2,0,60.0,130.0,,Pastick,,0.0,N,,,,,,
59.1077778,-158.3163889,2013-11-29,2,0,45.0,171.0,,Pastick,,0.0,N,,,,,,
59.2036111,-157.1705556,2013-11-29,2,0,85.0,135.0,,Pastick,,0.0,N,,,,,,
59.0647222,-157.1875,2013-11-29,2,0,106.0,152.0,,Pastick,,0.0,N,,,,,,
58.9072222,-157.3644444,2013-11-29,2,0,74.5,171.0,,Pastick,,0.0,N,,,,,,
59.02333335,-158.54972225,2013-11-29,2,0,120.0,186.5,,Pastick,,0.0,N,,,,,,
58.8191667,-158.54972220000002,2013-11-29,2,0,108.0,150.0,,Pastick,,0.0,N,,,,,,
58.8397222,-158.55652775,2013-11-29,2,0,71.0,109.0,,Pastick,,0.0,N,,,,,,
58.8230556,-158.5395833,2013-11-29,2,0,152.5,186.5,,Pastick,,0.0,N,,,,,,
58.8329167,-158.54625,2013-11-29,2,0,105.0,186.5,,Pastick,,0.0,N,,,,,,
58.837592599999994,-158.5380556,2013-11-29,3,0,64.33333333333333,185.33333333333334,,Pastick,,0.0,N,,,,,,
59.0415278,-158.46625,2013-11-29,2,0,105.5,181.5,,Pastick,,0.0,N,,,,,,
59.8445833,-156.51625,2013-11-29,2,0,115.5,130.0,,Pastick,,0.0,N,,,,,,
59.965555550000005,-157.89833335,2013-11-29,2,0,83.0,140.0,,Pastick,,0.0,N,,,,,,
60.19,-159.59291665,2013-11-29,2,0,41.0,95.0,,Pastick,,0.0,N,,,,,,
59.9555556,-158.9069444,2013-11-29,2,0,52.5,105.0,,Pastick,,0.0,N,,,,,,
59.71930555,-157.28152775,2013-11-29,2,0,25.5,31.0,,Pastick,,0.0,N,,,,,,
59.7163889,-157.31736115,2013-11-29,2,0,102.5,177.5,,Pastick,,0.0,N,,,,,,
59.6652778,-155.96791665,2013-11-29,2,0,145.0,155.0,,Pastick,,0.0,N,,,,,,
60.1494444,-159.5675,2013-11-29,2,0,34.5,81.5,,Pastick,,0.0,N,,,,,,
60.1448611,-159.51819445,2013-11-29,2,0,33.5,100.0,,Pastick,,0.0,N,,,,,,
60.146805549999996,-159.52916665,2013-11-29,2,0,36.0,126.0,,Pastick,,0.0,N,,,,,,
60.2011111,-158.71902775,2013-11-29,2,0,43.0,90.0,,Pastick,,0.0,N,,,,,,
60.19833335,-158.72375,2013-11-29,2,0,53.5,98.5,,Pastick,,0.0,N,,,,,,
60.1920833,-158.7295833,2013-11-29,2,0,77.5,92.5,,Pastick,,0.0,N,,,,,,
60.1905556,-158.73097225,2013-11-29,2,0,60.5,91.5,,Pastick,,0.0,N,,,,,,
59.73,-157.24819445,2013-11-29,2,0,89.5,107.5,,Pastick,,0.0,N,,,,,,
59.7947222,-157.4355556,2013-11-29,2,0,85.0,155.0,,Pastick,,0.0,N,,,,,,
59.501527800000005,-157.12305555,2013-11-29,2,0,77.5,117.5,,Pastick,,0.0,N,,,,,,
59.502777800000004,-157.12666665,2013-11-29,2,0,50.5,100.0,,Pastick,,0.0,N,,,,,,
59.5059722,-157.13111115,2013-11-29,2,0,71.0,95.0,,Pastick,,0.0,N,,,,,,
59.8180556,-157.5094444,2013-11-29,2,0,80.5,107.5,,Pastick,,0.0,N,,,,,,
59.6684722,-157.15555555,2013-11-29,2,0,83.5,117.5,,Pastick,,0.0,N,,,,,,
59.5002778,-157.1829167,2013-11-29,2,0,113.5,135.0,,Pastick,,0.0,N,,,,,,
59.0827778,-158.59777775,2013-11-29,2,0,22.5,160.0,,Pastick,,0.0,N,,,,,,
59.831944449999995,-157.49416665,2013-11-29,2,0,61.0,110.0,,Pastick,,0.0,N,,,,,,
59.7901389,-157.41388885,2013-11-29,2,0,145.0,180.0,,Pastick,,0.0,N,,,,,,
59.7411111,-157.24319444999998,2013-11-29,2,0,96.5,135.0,,Pastick,,0.0,N,,,,,,
59.74305555,-157.2440278,2013-11-29,2,0,95.0,127.0,,Pastick,,0.0,N,,,,,,
59.664861099999996,-157.12708335,2013-11-29,2,0,70.5,107.5,,Pastick,,0.0,N,,,,,,
59.62819445,-157.1175,2013-11-29,2,0,125.0,142.5,,Pastick,,0.0,N,,,,,,
59.6273611,-157.13,2013-11-29,2,0,91.0,185.0,,Pastick,,0.0,N,,,,,,
59.5486111,-157.08402775,2013-11-29,2,0,110.0,150.0,,Pastick,,0.0,N,,,,,,
59.481527799999995,-157.15972225,2013-11-29,2,0,111.5,132.5,,Pastick,,0.0,N,,,,,,
58.9088889,-157.7165278,2013-11-29,2,0,53.5,180.0,,Pastick,,0.0,N,,,,,,
59.9659167,-157.8818889,2013-11-29,2,0,60.0,85.0,,Pastick,,0.0,N,,,,,,
59.27055555,-157.63472225,2013-11-29,2,0,54.5,112.5,,Pastick,,0.0,N,,,,,,
59.1077778,-157.72347225,2013-11-29,2,0,148.5,170.0,,Pastick,,0.0,N,,,,,,
59.0236111,-157.75875,2013-11-29,2,0,94.0,117.5,,Pastick,,0.0,N,,,,,,
59.0120833,-157.74416665,2013-11-29,2,0,94.0,120.0,,Pastick,,0.0,N,,,,,,
60.4683333,-158.4397222,2013-11-29,2,0,50.5,100.0,,Pastick,,0.0,N,,,,,,
60.4041667,-158.54583335,2013-11-29,2,0,54.5,125.0,,Pastick,,0.0,N,,,,,,
60.622361100000006,-157.38527775,2013-11-29,2,0,34.0,75.0,,Pastick,,0.0,N,,,,,,
60.219166650000005,-156.99416665,2013-11-29,2,0,31.0,108.5,,Pastick,,0.0,N,,,,,,
59.274444450000004,-157.6473611,2013-11-29,2,0,76.0,152.5,,Pastick,,0.0,N,,,,,,
59.179444450000005,-157.69,2013-11-29,2,0,89.0,123.5,,Pastick,,0.0,N,,,,,,
59.1173611,-157.7230556,2013-11-29,2,0,56.0,100.0,,Pastick,,0.0,N,,,,,,
59.097083299999994,-157.77305555,2013-11-29,2,0,82.0,100.0,,Pastick,,0.0,N,,,,,,
59.075972199999995,-157.76402775,2013-11-29,2,0,96.5,165.0,,Pastick,,0.0,N,,,,,,
59.0786111,-157.77819445,2013-11-29,2,0,125.0,150.0,,Pastick,,0.0,N,,,,,,
58.9788889,-157.64625,2013-11-29,2,0,132.5,177.5,,Pastick,,0.0,N,,,,,,
60.3827778,-157.8523611,2013-11-29,2,0,48.0,76.5,,Pastick,,0.0,N,,,,,,
60.742916699999995,-157.46055554999998,2013-11-29,2,0,98.5,130.0,,Pastick,,0.0,N,,,,,,
60.0551389,-157.78402775,2013-11-29,2,0,66.0,90.5,,Pastick,,0.0,N,,,,,,
59.7145833,-157.31013885,2013-11-29,2,0,95.5,140.0,,Pastick,,0.0,N,,,,,,
60.3209722,-155.76736115,2013-11-29,2,0,43.5,59.0,,Pastick,,0.0,N,,,,,,
60.59305555,-155.0351389,2013-11-29,2,0,46.0,77.5,,Pastick,,0.0,N,,,,,,
60.594027775,-155.0352778,2013-11-29,4,0,18.25,58.25,,Pastick,,0.0,N,,,,,,
60.59680555,-155.1669444,2013-12-02,2,0,19.0,60.5,,Pastick,,0.0,N,,,,,,
60.3966667,-156.16,2013-11-29,2,0,22.5,58.5,,Pastick,,0.0,N,,,,,,
60.0470833,-156.0033333,2013-11-29,2,0,34.0,87.5,,Pastick,,0.0,N,,,,,,
60.840555550000005,-155.1651389,2013-11-29,2,0,42.0,91.0,,Pastick,,0.0,N,,,,,,
60.837361099999995,-155.16,2013-11-29,2,0,74.0,135.0,,Pastick,,0.0,N,,,,,,
60.4797222,-155.01166665,2013-11-29,2,0,52.5,87.5,,Pastick,,0.0,N,,,,,,
60.5863889,-154.57125000000002,2013-11-29,2,0,66.5,75.0,,Pastick,,0.0,N,,,,,,
60.5825,-154.57694444999998,2013-11-29,2,0,122.5,140.0,,Pastick,,0.0,N,,,,,,
60.4070833,-155.40736114999999,2013-11-29,2,0,46.0,80.0,,Pastick,,0.0,N,,,,,,
60.4036111,-155.40375,2013-11-29,2,0,56.5,77.5,,Pastick,,0.0,N,,,,,,
59.00569445,-158.57138885,2013-11-29,2,0,96.5,190.0,,Pastick,,0.0,N,,,,,,
59.4552778,-157.3809722,2013-11-29,2,0,115.0,185.0,,Pastick,,0.0,N,,,,,,
59.8079167,-158.0715278,2013-11-29,2,0,102.5,134.0,,Pastick,,0.0,N,,,,,,
59.57319445,-157.2615278,2014-02-04,2,0,59.0,145.0,,Pastick,,0.0,N,,,,,,
59.266527800000006,-158.6516667,2013-11-29,2,0,58.0,85.0,,Pastick,,0.0,N,,,,,,
59.3034722,-158.61124999999998,2013-11-29,2,0,56.5,100.0,,Pastick,,0.0,N,,,,,,
59.244861099999994,-158.66222225,2013-11-29,2,0,60.0,100.0,,Pastick,,0.0,N,,,,,,
58.9172222,-157.94138885,2013-11-29,2,0,60.0,155.0,,Pastick,,0.0,N,,,,,,
59.2636111,-158.60944445,2013-11-29,2,0,75.0,100.0,,Pastick,,0.0,N,,,,,,
59.0691667,-158.4463889,2013-11-29,2,0,120.0,152.5,,Pastick,,0.0,N,,,,,,
59.0727778,-158.4502778,2013-11-29,2,0,95.0,171.5,,Pastick,,0.0,N,,,,,,
59.0736111,-158.4522222,2013-11-29,2,0,86.0,131.5,,Pastick,,0.0,N,,,,,,
59.030972199999994,-158.52194445,2013-11-29,2,0,132.5,185.0,,Pastick,,0.0,N,,,,,,
59.0330556,-158.5202778,2013-11-29,2,0,65.0,130.0,,Pastick,,0.0,N,,,,,,
59.7055556,-158.3844444,2013-11-29,2,0,52.0,80.0,,Pastick,,0.0,N,,,,,,
59.6708333,-157.3255556,2013-11-29,2,0,94.0,168.5,,Pastick,,0.0,N,,,,,,
59.6436111,-157.2561111,2013-11-29,2,0,95.0,131.5,,Pastick,,0.0,N,,,,,,
59.76135325,-160.27352280000002,2013-12-13,2,0,81.0,115.0,,Pastick,,0.0,N,,,,,,
59.75273045,-160.26716414999999,2013-12-13,2,0,39.0,103.5,,Pastick,,0.0,N,,,,,,
59.75129045,-160.2699533,2013-12-13,2,0,44.0,77.5,,Pastick,,0.0,N,,,,,,
60.00953663333333,-159.87408639999998,2013-12-13,3,0,74.33333333333333,111.66666666666667,,Pastick,,0.0,N,,,,,,
60.04837665,-159.86573285,2013-12-13,2,0,49.0,77.5,,Pastick,,0.0,N,,,,,,
59.920027833333336,-159.53916583333333,2013-12-13,3,0,18.333333333333332,111.66666666666667,,Pastick,,0.0,N,,,,,,
59.27343486666666,-159.8516796,2013-12-13,3,0,45.333333333333336,80.0,,Pastick,,0.0,N,,,,,,
59.73993525,-160.25591045,2013-12-13,2,0,63.5,83.5,,Pastick,,0.0,N,,,,,,
59.91029105,-159.46359005,2013-12-13,2,0,25.0,152.0,,Pastick,,0.0,N,,,,,,
60.0333184,-159.8621121,2013-12-13,2,0,87.5,152.0,,Pastick,,0.0,N,,,,,,
59.93977725,-159.48557825,2013-12-13,2,0,79.5,152.0,,Pastick,,0.0,N,,,,,,
59.90511855,-159.48340085,2013-12-13,2,0,60.0,90.0,,Pastick,,0.0,N,,,,,,
59.906685249999995,-159.4870984,2013-12-13,2,0,51.5,110.0,,Pastick,,0.0,N,,,,,,
59.8306104,-159.50371424999997,2013-12-13,2,0,70.0,106.0,,Pastick,,0.0,N,,,,,,
59.7717139,-159.55565424999998,2013-12-13,2,0,60.0,95.0,,Pastick,,0.0,N,,,,,,
59.53310895,-159.70980724999998,2013-12-13,2,0,107.5,152.0,,Pastick,,0.0,N,,,,,,
59.54992815,-159.6456637,2013-12-13,2,0,48.5,116.0,,Pastick,,0.0,N,,,,,,
59.9109682,-159.50636585,2013-12-13,2,0,36.0,85.0,,Pastick,,0.0,N,,,,,,
59.127883350000005,-159.083375,2013-04-08,2,0,63.0,152.0,,Pastick,,0.0,N,,,,,,
59.422574999999995,-161.15030835,2013-04-08,2,0,110.5,152.0,,Pastick,,0.0,N,,,,,,
59.23461875,-160.1543039,2013-12-13,2,0,60.0,152.0,,Pastick,,0.0,N,,,,,,
59.207814600000006,-160.36777685,2013-12-13,2,0,85.0,152.0,,Pastick,,0.0,N,,,,,,
59.23847435,-159.57433185,2013-12-13,2,0,70.0,152.0,,Pastick,,0.0,N,,,,,,
59.23798085,-159.46422185,2013-12-13,2,0,90.0,152.0,,Pastick,,0.0,N,,,,,,
59.2303194,-159.42735495,2013-12-13,2,0,39.0,152.0,,Pastick,,0.0,N,,,,,,
59.19573964999999,-159.75178325000002,2013-12-13,2,0,101.5,146.5,,Pastick,,0.0,N,,,,,,
59.026888299999996,-160.09429775,2013-12-13,2,0,80.5,115.0,,Pastick,,0.0,N,,,,,,
59.025965150000005,-160.10295209999998,2013-12-13,2,0,170.0,193.5,,Pastick,,0.0,N,,,,,,
59.23432795,-159.213364,2013-12-13,2,0,95.0,129.5,,Pastick,,0.0,N,,,,,,
59.23814635,-159.21595109999998,2013-12-13,2,0,70.0,84.0,,Pastick,,0.0,N,,,,,,
59.20777973333333,-159.1684531666667,2013-12-13,3,0,77.33333333333333,125.0,,Pastick,,0.0,N,,,,,,
59.26687785,-159.2772205,2013-12-13,2,0,61.0,153.5,,Pastick,,0.0,N,,,,,,
59.05338715,-159.74459695000002,2013-12-13,2,0,117.5,152.0,,Pastick,,0.0,N,,,,,,
59.12259305,-159.6994785,2013-12-13,2,0,117.5,156.0,,Pastick,,0.0,N,,,,,,
64.02437654383183,-145.56567677690379,2004-06-21,2,0,0.0,102.5,,Pastick,4.0,0.0,N,,,,,,
64.02493799657975,-145.56693737853416,2004-06-21,3,0,0.0,108.33333333333333,,Pastick,1.0,0.0,N,,,,,,
63.97912439345114,-145.0599294405563,2004-07-13,2,0,0.0,260.0,,Pastick,3.0,4.5,N,,,,,,
63.981975857925136,-145.07417181521734,2004-07-14,2,0,0.0,167.5,,Pastick,1.0,0.0,N,,,,,,
63.92678606737974,-145.17167620511714,2004-07-26,3,0,0.0,154.66666666666666,,Pastick,2.0,3.0,N,,,,,,
63.95130911443506,-145.2627864379781,2004-09-29,2,0,0.0,190.0,,Pastick,2.0,19.0,N,,,,,,
63.10648659250822,-151.65595574662785,1999-08-05,2,0,0.0,100.0,,Pastick,2.0,5.0,N,,,,,,
63.10944477038133,-151.62463259795334,1999-08-05,2,0,60.0,60.0,,Pastick,1.0,1.5,Y,,,,,,
63.192828189376655,-151.95938672667074,1999-08-22,2,0,21.0,73.5,,Pastick,2.0,13.0,N,,,,,,
63.2486456509484,-151.4158201958911,1999-08-09,2,0,0.0,125.0,,Pastick,3.0,7.0,N,,,,,,
63.246144655465,-150.95873390902904,1999-07-07,2,0,39.0,89.0,,Pastick,1.0,1.5,Y,,,,,,
63.259472190258236,-151.40699818827363,2002-08-30,2,1,41.0,116.0,,Pastick,2.0,12.0,N,,,,,,
63.27179332592294,-151.16604500526716,1999-07-14,2,0,0.0,125.0,,Pastick,2.0,6.0,N,,,,,,
63.28190588975579,-151.9287049214592,1999-07-24,2,0,0.0,125.0,,Pastick,1.0,86.5,N,,,,,,
63.29639923075372,-151.58431021766506,1999-08-19,2,0,0.0,100.0,,Pastick,3.0,23.0,N,,,,,,
63.29779005120698,-151.59924386733303,1999-08-19,2,1,26.0,85.0,,Pastick,1.0,17.5,N,,,,,,
63.30691515680991,-151.91658186815727,1999-07-24,2,0,0.0,125.0,,Pastick,1.0,3.5,N,,,,,,
63.29863095197304,-151.06615151474443,1998-08-19,2,1,54.5,138.5,,Pastick,2.0,13.5,N,,,,,,
63.30080154067767,-151.06236427475625,1998-08-19,2,0,30.0,106.5,,Pastick,1.0,22.5,N,,,,,,
63.311058555011975,-150.92891631728372,1998-08-12,2,0,0.0,105.0,,Pastick,6.0,7.5,N,,,,,,
63.33070442875575,-151.75120637118508,1999-08-20,2,1,21.5,105.5,,Pastick,1.0,35.5,N,,,,,,
63.31179902963149,-150.30994429854547,1998-07-10,2,0,55.0,130.0,,Pastick,4.0,1.5,N,,,,,,
63.35404768456162,-150.74991243711068,1998-08-05,2,0,0.0,100.0,,Pastick,1.0,0.0,N,,,,,,
63.38059179889733,-152.05009083435766,1999-10-10,2,1,50.5,50.5,,Pastick,2.0,14.0,N,,,,,,
63.394327969871725,-152.0608247904815,1999-10-10,2,0,14.0,69.5,,Pastick,2.0,14.5,N,,,,,,
63.38730531107614,-150.56358428805737,1998-07-14,2,1,24.5,74.5,,Pastick,2.0,12.5,N,,,,,,
63.42251035426747,-151.76918156300255,1999-08-24,2,1,23.0,98.0,,Pastick,2.0,79.5,N,,,,,,
63.41954665518795,-151.34250139094618,1999-09-04,2,1,68.0,82.0,,Pastick,5.0,10.0,N,,,,,,
63.422575814356506,-151.33511293613998,1999-09-04,2,0,0.0,125.0,,Pastick,2.0,121.0,N,,,,,,
63.42071574272096,-151.07075209229953,1998-08-21,2,0,0.0,125.0,,Pastick,3.0,9.5,N,,,,,,
63.412972893647094,-150.51067207592405,2002-08-20,2,0,0.0,125.0,,Pastick,2.0,1.5,N,,,,,,
63.431699131528276,-151.74666139024444,1999-08-24,2,0,34.5,109.5,,Pastick,1.0,84.0,N,,,,,,
63.44000328151253,-151.63735914842604,1999-08-08,2,1,18.0,68.0,,Pastick,3.0,56.5,N,,,,,,
63.456870014312244,-151.99620433906685,2000-08-26,2,1,63.0,67.5,,Pastick,2.0,15.5,N,,,,,,
63.46424295546469,-152.01183618128823,2000-08-26,3,1,63.666666666666664,74.0,,Pastick,1.0,18.666666666666668,N,,,,,,
63.451277947214706,-150.81786155760386,1998-08-24,2,0,0.0,100.0,,Pastick,2.0,9.5,N,,,,,,
63.46011678228581,-151.23504900287622,1999-08-25,2,0,0.0,100.0,,Pastick,1.0,5.5,N,,,,,,
63.45926028414551,-151.11578020068828,1998-08-20,2,0,21.5,92.5,,Pastick,1.0,19.0,N,,,,,,
63.47251308438882,-151.74122585010704,1999-08-22,3,0,13.666666666666666,105.33333333333333,,Pastick,3.0,26.0,N,,,,,,
63.465576822082795,-150.83770614724844,2001-08-16,2,1,57.5,107.5,,Pastick,2.0,4.5,N,,,,,,
63.47304226122884,-151.13129384675108,1998-08-20,2,0,89.0,89.0,,Pastick,1.0,12.0,Y,,,,,,
63.472796316522306,-151.12244723933827,1998-08-20,2,0,62.5,125.5,,Pastick,1.0,7.0,Y,,,,,,
63.48492777100593,-151.34694869415762,1999-08-25,2,1,64.0,70.0,,Pastick,1.0,14.5,N,,,,,,
63.4900241079281,-150.69183148943503,1999-07-23,2,1,19.0,81.5,,Pastick,2.0,20.0,N,,,,,,
63.5141082425264,-151.29494645010755,1999-08-25,2,1,86.5,90.5,,Pastick,2.0,19.5,N,,,,,,
63.510811723946176,-150.73749710496364,1999-07-23,4,1,42.5,49.0,,Pastick,2.0,39.0,N,,,,,,
63.50821740867622,-150.57032208487638,1998-08-26,3,0,0.0,103.33333333333333,,Pastick,1.0,7.0,N,,,,,,
63.51510323297962,-150.82029692905823,1998-08-24,2,0,0.0,100.0,,Pastick,6.0,4.5,N,,,,,,
63.51651010786291,-150.36460148584214,1997-07-18,2,0,0.0,125.0,,Pastick,2.0,2.5,N,,,,,,
63.53300943403178,-151.49417936208994,1999-09-05,2,1,47.5,47.5,,Pastick,1.0,13.5,N,,,,,,
63.53628948490885,-151.54054518749444,1999-09-05,2,0,0.0,125.0,,Pastick,3.0,2.5,N,,,,,,
63.529759797643344,-150.9224129969208,1998-08-25,2,0,47.0,47.0,,Pastick,2.0,0.5,Y,,,,,,
63.5801330250965,-151.8528635244674,1999-09-03,2,1,47.5,61.0,,Pastick,2.0,38.5,N,,,,,,
63.58279407158088,-151.85564755287302,1999-09-03,2,0,28.5,70.0,,Pastick,2.0,70.0,N,,,,,,
63.576245456798915,-150.5413150067252,2002-08-19,2,0,0.0,150.0,,Pastick,2.0,6.5,N,,,,,,
63.59778307172767,-152.55669299751733,2000-09-10,3,0,16.666666666666668,116.66666666666667,,Pastick,1.0,39.0,N,,,,,,
63.59809654871645,-152.5648009550289,2000-09-10,2,1,22.0,77.0,,Pastick,4.0,77.0,N,,,,,,
63.576381830740345,-150.25680383094334,1999-07-23,2,0,17.0,76.5,,Pastick,1.0,12.0,N,,,,,,
63.57856639480475,-150.25152423464766,1999-07-23,2,0,0.0,110.0,,Pastick,4.0,4.0,N,,,,,,
63.60912501629518,-152.05929007974723,2000-09-06,2,0,0.0,150.0,,Pastick,1.0,27.5,N,,,,,,
63.6120364180104,-152.09832832946844,2000-09-06,2,0,0.0,125.0,,Pastick,2.0,1.5,N,,,,,,
63.615699959238526,-151.60395901436786,1999-08-04,2,1,48.0,48.0,,Pastick,1.0,42.5,N,,,,,,
63.612812596543094,-150.75708988176916,1998-08-11,2,0,68.5,68.5,,Pastick,5.0,4.0,Y,,,,,,
63.630299558642456,-152.40502469834414,2000-08-10,2,0,0.0,150.0,,Pastick,2.0,54.5,N,,,,,,
63.6352775451512,-152.5888848429187,2000-09-10,2,1,34.0,109.0,,Pastick,2.0,21.5,N,,,,,,
63.623022744324665,-150.75488188953037,1998-08-11,2,1,73.5,73.5,,Pastick,2.0,16.5,N,,,,,,
63.628705171419554,-150.40481086368447,1998-08-09,2,1,23.5,105.5,,Pastick,2.0,19.0,N,,,,,,
63.63523165972019,-150.41042466913927,1998-08-09,2,0,0.0,125.0,,Pastick,1.0,10.5,N,,,,,,
63.66079762387611,-151.74186410338496,1999-09-07,2,0,31.5,131.5,,Pastick,3.0,0.0,N,,,,,,
63.661721556019685,-151.76354226016562,1999-09-07,2,0,0.0,125.0,,Pastick,2.0,84.5,N,,,,,,
63.65771144166253,-151.04510043110432,1999-07-27,2,1,14.5,68.5,,Pastick,2.0,18.5,N,,,,,,
63.65854575868519,-151.0603084112139,1999-07-27,2,0,0.0,100.0,,Pastick,2.0,6.0,N,,,,,,
63.67885352198691,-152.08017577683643,2000-08-11,2,0,0.0,150.0,,Pastick,2.0,16.0,N,,,,,,
63.69055658019599,-151.89675470757425,1999-09-06,2,0,0.0,125.0,,Pastick,1.0,2.0,N,,,,,,
63.67660849936065,-150.17157991051943,1998-07-13,2,0,0.0,100.0,,Pastick,1.0,1.0,N,,,,,,
63.69022011339918,-150.5820261848159,1998-09-02,2,0,39.0,98.0,,Pastick,3.0,6.5,N,,,,,,
63.68068328893288,-150.03082701003913,1998-07-12,2,1,32.0,90.5,,Pastick,3.0,19.5,N,,,,,,
63.69142301040355,-150.02505710130396,1998-07-12,2,0,0.0,55.5,,Pastick,2.0,8.0,N,,,,,,
63.7141147035432,-150.77220408053785,1998-08-10,2,0,72.5,90.0,,Pastick,1.0,12.0,Y,,,,,,
63.72354778127193,-150.7833409413313,1998-08-10,2,0,37.0,87.0,,Pastick,3.0,11.0,Y,,,,,,
63.72809903545179,-150.9700349238285,1998-09-03,2,0,0.0,100.0,,Pastick,2.0,6.0,N,,,,,,
63.73926550504378,-151.73342360422646,1999-07-25,2,1,52.0,105.5,,Pastick,6.0,65.0,N,,,,,,
63.753751324159104,-152.16208641455714,2000-09-09,2,1,41.5,116.5,,Pastick,5.0,37.0,N,,,,,,
63.754161673843726,-152.17410343643775,2000-09-09,2,0,0.0,150.0,,Pastick,2.0,1.0,N,,,,,,
63.784484486283915,-151.46598241396856,2000-09-11,2,0,0.0,150.0,,Pastick,5.0,41.5,N,,,,,,
63.80528512523332,-150.7931808046627,1998-09-05,2,1,50.0,54.5,,Pastick,4.0,20.5,N,,,,,,
63.81970626696845,-152.1057228520651,2002-08-30,2,0,0.0,150.0,,Pastick,1.0,0.0,N,,,,,,
63.812379551394265,-150.5496617533526,1998-07-27,2,1,18.0,109.0,,Pastick,1.0,20.5,N,,,,,,
63.80834138261411,-150.05106482872924,1999-07-23,2,1,47.5,50.5,,Pastick,1.0,46.0,N,,,,,,
63.81859594310795,-150.5535318308436,1998-07-27,2,1,63.0,73.0,,Pastick,5.0,15.0,N,,,,,,
63.834411802539734,-151.18666684242322,2000-08-16,2,0,22.5,97.5,,Pastick,1.0,13.5,N,,,,,,
63.837639640265635,-151.3579540126469,2002-08-30,2,0,0.0,125.0,,Pastick,1.0,44.5,N,,,,,,
63.83301273729748,-150.86902498549136,1998-09-08,2,1,19.0,96.0,,Pastick,2.0,80.5,N,,,,,,
63.88731283783435,-151.69151547302008,2000-09-08,2,0,34.5,109.5,,Pastick,2.0,7.0,N,,,,,,
63.87825159484053,-150.8198335992291,1998-09-07,3,1,35.0,101.33333333333333,,Pastick,3.0,86.0,N,,,,,,
63.886524747686394,-151.3790106446902,2000-08-14,2,0,0.0,125.0,,Pastick,2.0,1.0,N,,,,,,
63.893517397392024,-151.70225728456884,2000-09-08,2,0,21.5,109.5,,Pastick,4.0,109.5,N,,,,,,
63.886184962815165,-150.97565607193047,1998-08-22,2,0,21.0,104.0,,Pastick,2.0,78.0,N,,,,,,
63.89490617336895,-151.7078394620817,2000-09-08,3,0,17.666666666666668,89.66666666666667,,Pastick,3.0,79.33333333333333,N,,,,,,
63.9024311494543,-152.02895517608283,2000-09-07,2,1,19.5,61.5,,Pastick,1.0,61.5,N,,,,,,
63.885439435151795,-150.33662144369399,1998-08-06,3,0,36.666666666666664,126.66666666666667,,Pastick,3.0,5.0,N,,,,,,
63.908348223210766,-152.03001420318014,2000-09-07,2,0,23.5,109.5,,Pastick,1.0,79.5,N,,,,,,
63.918901664106606,-152.02451200496643,2000-09-07,2,0,40.5,90.5,,Pastick,2.0,53.0,N,,,,,,
63.92783222747243,-151.4923670441167,2000-08-27,2,1,30.0,81.5,,Pastick,2.0,33.0,N,,,,,,
63.91948664375914,-150.15382414144364,2002-08-18,2,0,0.0,150.0,,Pastick,1.0,7.0,N,,,,,,
63.93090542065717,-150.5112444358016,1998-09-06,2,1,85.0,85.0,,Pastick,2.0,10.0,N,,,,,,
63.96108493149518,-151.19064552594344,2000-08-28,2,1,69.0,83.0,,Pastick,3.0,25.5,N,,,,,,
63.972932464408714,-150.04035942754248,2002-08-18,2,1,43.0,118.0,,Pastick,2.0,12.0,N,,,,,,
64.00157254868098,-151.76601687514727,2000-08-12,2,0,28.5,98.0,,Pastick,1.0,93.5,N,,,,,,
63.98984891033102,-150.65401917334208,1998-09-04,2,0,25.5,100.5,,Pastick,1.0,74.5,N,,,,,,
63.98136599291429,-150.16649586497635,1998-08-07,2,1,14.0,68.0,,Pastick,5.0,14.0,Y,,,,,,
63.98184610922233,-151.75460522730145,2000-08-12,2,0,16.5,97.0,,Pastick,2.0,45.5,N,,,,,,
63.99999536413454,-150.6476757764193,1998-09-04,2,1,66.5,73.5,,Pastick,5.0,14.5,N,,,,,,
64.02659570197937,-151.79436411094406,2001-09-02,2,1,66.0,66.0,,Pastick,1.0,40.5,N,,,,,,
63.71935827325692,-149.13328446048104,1997-09-09,2,0,0.0,100.0,,Pastick,1.0,11.0,N,,,,,,
63.72241355708083,-149.40771158565366,1997-09-10,2,1,48.0,125.0,,Pastick,1.0,14.0,N,,,,,,
63.98545447400686,-149.90118076335835,1997-08-21,2,0,0.0,150.0,,Pastick,1.0,0.0,N,,,,,,
63.77764123589527,-149.98943762073077,1998-07-11,2,1,31.5,51.0,,Pastick,1.0,13.0,N,,,,,,
63.77788326963777,-149.94910576786964,1998-07-11,2,0,0.0,100.0,,Pastick,1.0,1.0,N,,,,,,
63.69508430373433,-150.00156305657745,1998-07-12,2,1,77.0,86.0,,Pastick,9.0,17.5,N,,,,,,
63.57268298104293,-148.9705219371715,1998-07-15,2,1,48.0,98.0,,Pastick,1.0,11.0,N,,,,,,
63.83088660910773,-149.98044357394076,1998-07-23,2,1,19.5,78.5,,Pastick,1.0,62.0,N,,,,,,
63.82800007941648,-149.99471969307007,1998-07-22,2,1,82.0,105.0,,Pastick,1.0,30.5,N,,,,,,
63.60268031757123,-149.70549920608028,1999-08-11,2,0,0.0,91.0,,Pastick,1.0,3.5,Y,,,,,,
63.60522897519908,-149.70058699054675,1999-08-11,2,0,0.0,100.0,,Pastick,1.0,1.0,N,,,,,,
63.45475385832362,-149.92349842880273,1999-08-21,2,0,0.0,117.0,,Pastick,1.0,4.0,N,,,,,,
63.480232534087705,-149.56437176584063,1999-08-21,2,0,0.0,100.0,,Pastick,1.0,3.0,N,,,,,,
63.4814675272128,-149.5570808890273,1999-08-21,2,1,40.5,90.5,,Pastick,3.0,9.0,N,,,,,,
63.508456394466606,-148.84264325051456,2000-07-09,2,0,0.0,85.5,,Pastick,2.0,9.0,Y,,,,,,
63.442076554286736,-149.01041201679354,2000-06-21,3,0,0.0,150.0,,Pastick,2.0,7.0,N,,,,,,
63.47497063844659,-149.1114166085988,2000-06-22,2,0,0.0,150.0,,Pastick,1.0,3.5,N,,,,,,
63.46914474543179,-149.1034193813458,2000-06-22,2,0,0.0,125.0,,Pastick,2.0,5.0,N,,,,,,
63.37523193133943,-149.29956908626613,2000-06-23,2,0,0.0,150.0,,Pastick,3.0,5.0,N,,,,,,
63.32613165639775,-149.8641587631539,2000-06-25,2,0,0.0,125.0,,Pastick,3.0,9.5,N,,,,,,
63.26313034117233,-149.82710669979673,2000-06-26,2,0,0.0,100.0,,Pastick,4.0,5.0,N,,,,,,
63.280467410615806,-149.44027952121735,2000-07-10,2,0,0.0,125.0,,Pastick,1.0,45.0,N,,,,,,
63.29743925394049,-149.4681576743188,2000-07-10,2,0,0.0,125.0,,Pastick,1.0,4.0,N,,,,,,
63.2577289747055,-149.3775167847677,2000-07-11,2,0,0.0,125.0,,Pastick,2.0,7.0,N,,,,,,
63.31121943997609,-149.27439682046253,2000-07-11,2,0,0.0,150.0,,Pastick,1.0,76.5,N,,,,,,
63.35524493970823,-149.78250708899887,2000-07-12,2,0,0.0,150.0,,Pastick,4.0,1.0,N,,,,,,
63.34426019462485,-149.79013147298204,2000-07-12,2,0,0.0,79.0,,Pastick,1.0,0.0,Y,,,,,,
63.28539824108547,-149.5947235534599,2000-07-13,3,0,0.0,116.66666666666667,,Pastick,2.0,6.333333333333333,N,,,,,,
63.28722376037733,-149.5878418319989,2000-07-13,2,0,0.0,125.0,,Pastick,1.0,108.5,N,,,,,,
63.242188258108996,-149.74420720640643,2000-07-14,2,0,0.0,63.0,,Pastick,1.0,4.5,N,,,,,,
63.24482038674788,-149.7273634030101,2000-07-14,2,0,0.0,100.0,,Pastick,1.0,45.5,N,,,,,,
63.17310521398093,-149.91390219636116,2000-07-16,2,0,0.0,100.5,,Pastick,2.0,5.0,N,,,,,,
63.17328644774389,-149.91097885583758,2000-07-16,2,0,0.0,110.0,,Pastick,4.0,1.5,N,,,,,,
63.16866892339127,-149.91386375998218,2000-07-16,2,0,0.0,100.0,,Pastick,1.0,1.5,N,,,,,,
63.16416668899361,-149.9309857002794,2000-07-16,2,0,0.0,125.0,,Pastick,1.0,2.5,N,,,,,,
63.40495207365378,-149.28028721542898,2000-07-17,2,0,0.0,150.0,,Pastick,2.0,12.5,N,,,,,,
63.31943678272196,-149.4758435961952,2002-07-22,2,0,0.0,150.0,,Pastick,1.0,3.0,N,,,,,,
63.77355040221797,-149.19992885498644,2002-07-31,2,0,0.0,150.0,,Pastick,2.0,1.0,N,,,,,,
63.62929922540723,-149.1647269433417,2002-08-01,2,0,0.0,71.5,,Pastick,1.0,3.5,Y,,,,,,
63.80350107393778,-149.47479911596048,2002-08-02,2,0,17.0,129.0,,Pastick,2.0,7.5,N,,,,,,
63.785426596531536,-149.5334683351545,2002-08-03,2,0,0.0,150.0,,Pastick,1.0,1.0,N,,,,,,
63.57985014398197,-149.51323387057118,2002-08-04,2,1,44.5,119.5,,Pastick,2.0,11.0,N,,,,,,
63.97626689123233,-149.62248186332485,2002-08-05,2,0,32.0,102.5,,Pastick,2.0,10.0,Y,,,,,,
63.98008479020956,-149.63627099320863,2002-08-05,2,1,38.0,113.0,,Pastick,2.0,11.0,N,,,,,,
63.71969840703994,-149.19874122196399,2002-08-07,2,0,45.5,120.5,,Pastick,1.0,9.5,N,,,,,,
63.59897481357653,-148.87355156815863,2002-08-16,2,0,0.0,150.0,,Pastick,1.0,5.0,N,,,,,,
63.46092014693327,-149.08319958023958,2002-08-21,2,0,0.0,150.0,,Pastick,1.0,5.5,N,,,,,,
63.45058931847076,-148.94624482912997,2002-08-21,2,0,0.0,150.0,,Pastick,1.0,3.5,N,,,,,,
63.684080071670806,-148.92392572807069,2002-08-29,2,1,23.0,98.0,,Pastick,1.0,13.5,N,,,,,,
63.51814934957602,-149.3027713885834,1997-07-14,2,0,15.0,100.0,,Pastick,2.0,11.5,N,,,,,,
63.73590980123488,-149.33011262570565,1997-07-16,2,0,0.0,125.0,,Pastick,1.0,5.0,N,,,,,,
63.76647576039449,-149.4239723293053,1997-07-19,2,1,41.0,113.0,,Pastick,3.0,1.0,N,,,,,,
63.77431711734619,-149.4174008576606,1997-07-19,2,1,93.5,103.5,,Pastick,2.0,37.0,N,,,,,,
63.61203129057324,-149.2516269031736,1997-07-20,2,0,0.0,150.0,,Pastick,4.0,5.5,N,,,,,,
63.68375806430788,-149.28659726912989,1997-07-24,2,1,28.0,103.0,,Pastick,4.0,8.0,N,,,,,,
63.62372174307009,-149.9152831131465,1997-07-25,2,0,0.0,107.5,,Pastick,1.0,5.5,N,,,,,,
63.69136554863385,-149.39602008433073,1997-07-26,2,1,78.5,78.5,,Pastick,2.0,27.5,N,,,,,,
63.68943785326026,-149.4221379028539,1997-07-26,2,0,0.0,100.0,,Pastick,3.0,31.0,N,,,,,,
63.681133545314324,-149.44514342680213,1997-07-26,2,0,0.0,125.0,,Pastick,2.0,0.5,N,,,,,,
63.62338681172544,-149.4737437139031,1997-07-27,2,0,0.0,110.0,,Pastick,1.0,1.0,N,,,,,,
63.558468837596614,-149.3028047120486,1997-07-28,2,0,0.0,96.5,,Pastick,1.0,1.5,Y,,,,,,
63.563795787445805,-149.3051685459587,1997-07-28,2,0,21.0,71.0,,Pastick,1.0,9.5,N,,,,,,
63.56398077009077,-149.3331602295196,1997-07-28,2,1,73.5,77.5,,Pastick,5.0,10.0,N,,,,,,
63.56777956993756,-149.34743130734495,1997-07-28,2,0,0.0,125.0,,Pastick,1.0,6.0,N,,,,,,
63.64867261557037,-149.01793665555186,1997-07-30,2,0,0.0,94.5,,Pastick,1.0,1.0,Y,,,,,,
63.786497255291124,-149.68939988498215,1997-08-08,2,0,0.0,140.0,,Pastick,3.0,2.0,N,,,,,,
63.78614164712248,-149.6928175954049,1997-08-08,2,1,87.5,92.5,,Pastick,6.0,6.0,N,,,,,,
63.78504651694468,-149.6985603250948,1997-08-08,2,0,0.0,110.0,,Pastick,8.0,2.0,N,,,,,,
63.969970589029195,-149.23521618118747,1997-08-10,2,0,16.0,94.0,,Pastick,1.0,17.0,N,,,,,,
63.97399260517341,-149.24134091213926,1997-08-10,2,0,0.0,120.0,,Pastick,2.0,8.0,N,,,,,,
63.962124589044365,-149.4560567806788,1997-08-12,2,1,102.0,102.0,,Pastick,1.0,21.0,N,,,,,,
63.93260403908471,-149.6414194422541,1997-08-13,3,1,71.0,71.0,,Pastick,1.0,16.333333333333332,N,,,,,,
63.98719806122183,-149.91388822496612,1997-08-21,2,1,24.5,99.5,,Pastick,1.0,16.0,N,,,,,,
63.72192211675001,-149.17021570417788,1997-08-22,2,0,18.0,78.0,,Pastick,2.0,10.0,N,,,,,,
63.64536155114972,-149.63313774164746,1997-08-24,2,0,0.0,99.0,,Pastick,1.0,2.5,Y,,,,,,
63.63947710267023,-149.63057254240448,1997-08-24,2,1,22.5,102.5,,Pastick,4.0,11.0,N,,,,,,
63.641375954068536,-149.62101230442727,1997-08-24,2,0,0.0,100.0,,Pastick,1.0,2.5,N,,,,,,
63.69642765767608,-148.97341332183177,1997-08-25,2,0,0.0,150.0,,Pastick,1.0,3.5,N,,,,,,
63.69827616696355,-148.97380506273237,1997-08-25,2,1,54.0,114.0,,Pastick,1.0,9.0,N,,,,,,
63.6788780688678,-148.8191282113376,1997-08-26,4,0,0.0,125.0,,Pastick,2.0,7.25,N,,,,,,
63.97735831702694,-149.98131314400598,1997-08-28,2,1,48.5,48.5,,Pastick,1.0,25.0,N,,,,,,
63.64381382582937,-149.56854360653233,1997-09-03,2,0,0.0,100.0,,Pastick,1.0,2.0,N,,,,,,
63.51938990081162,-149.93144157035658,1997-09-03,2,0,0.0,125.0,,Pastick,1.0,7.0,N,,,,,,
63.68235130911768,-148.84266676189088,1997-09-05,2,0,21.0,79.0,,Pastick,1.0,14.0,N,,,,,,
64.73322549802663,-147.9183935215569,1997-07-29,2,0,0.0,127.5,,Pastick,7.0,103.0,N,,,,,,
64.62060630603919,-146.57325341248674,1999-08-18,2,0,0.0,45.5,,Pastick,1.0,10.5,N,,,,,,
64.22145932196823,-146.6259145191856,2002-06-12,3,1,27.666666666666668,65.66666666666667,,Pastick,2.0,27.666666666666668,N,,,,,,
64.177725188467,-146.655721639513,2002-06-13,3,1,35.0,60.0,,Pastick,2.0,27.333333333333332,N,,,,,,
64.18627164169978,-146.66616395343078,2002-06-13,2,0,16.5,68.5,,Pastick,5.0,19.5,N,,,,,,
64.15304846861426,-146.71924850142594,2002-06-14,3,1,26.666666666666668,40.333333333333336,,Pastick,2.0,27.333333333333332,N,,,,,,
64.15685706069151,-146.7474323925527,2002-06-14,2,1,23.0,42.5,,Pastick,5.0,23.0,N,,,,,,
64.15358968801625,-146.7222650335442,2002-06-14,3,1,19.333333333333332,79.66666666666667,,Pastick,1.0,18.666666666666668,N,,,,,,
64.04779996782865,-146.4218023586923,2002-06-15,2,1,25.0,41.5,,Pastick,3.0,25.0,N,,,,,,
64.04738225656286,-146.42057195859172,2002-06-15,2,1,20.0,58.5,,Pastick,4.0,20.0,N,,,,,,
64.04869429564033,-146.42441565751585,2002-06-15,2,1,27.5,42.0,,Pastick,1.0,27.5,N,,,,,,
64.02425601716654,-146.44013331515785,2002-06-15,2,1,22.5,29.5,,Pastick,2.0,22.5,N,,,,,,
64.02385536065083,-146.44564583726233,2002-06-15,2,1,31.0,39.0,,Pastick,5.0,19.5,N,,,,,,
63.964812483587465,-146.60263562163007,2002-06-16,2,1,15.0,25.0,,Pastick,3.0,14.0,N,,,,,,
63.96574387349075,-146.6011164294358,2002-06-16,4,0,6.5,36.0,,Pastick,2.0,21.0,N,,,,,,
63.984299297485826,-146.5220649352811,2002-06-16,2,0,11.0,41.0,,Pastick,8.0,19.0,N,,,,,,
64.12228430964315,-146.57833415360332,2002-06-17,2,0,0.0,107.5,,Pastick,2.0,13.5,N,,,,,,
64.12632308302781,-146.56475900265946,2002-06-17,2,0,0.0,70.0,,Pastick,3.0,10.0,N,,,,,,
64.08700522759051,-146.63036574579263,2002-06-18,2,0,25.0,72.5,,Pastick,1.0,36.0,N,,,,,,
64.10151094350887,-146.7047204883205,2002-06-18,2,1,13.5,50.0,,Pastick,2.0,19.5,N,,,,,,
64.24139065641236,-146.718108819745,2003-06-18,2,0,9.0,59.0,,Pastick,4.0,10.0,N,,,,,,
64.24001849111978,-146.71853523263925,2003-06-18,2,0,0.0,54.0,,Pastick,5.0,7.0,N,,,,,,
64.24451546115587,-146.71911170286486,2003-06-18,3,0,0.0,61.0,,Pastick,2.0,6.333333333333333,N,,,,,,
64.08219889932414,-146.78690469963016,2002-06-19,2,0,16.0,60.0,,Pastick,4.0,16.5,N,,,,,,
63.96820604391537,-146.76073374538177,2003-06-19,2,1,26.5,44.0,,Pastick,4.0,36.0,N,,,,,,
63.96004970200852,-146.75601587563028,2003-06-19,2,1,21.0,61.5,,Pastick,6.0,9.5,N,,,,,,
63.95687472906905,-146.74921520650952,2003-06-19,2,1,10.5,55.0,,Pastick,7.0,10.5,N,,,,,,
63.939025826425706,-146.7393989361346,2003-06-19,2,1,28.5,45.0,,Pastick,8.0,32.5,N,,,,,,
63.920613473855326,-146.87696824297876,2003-06-20,2,0,6.0,46.5,,Pastick,4.0,22.5,N,,,,,,
63.87329011172369,-146.40973935006917,2003-06-21,2,0,0.0,55.5,,Pastick,6.0,4.5,N,,,,,,
63.870148551410836,-146.47357505978698,2003-07-06,2,1,46.0,46.0,,Pastick,5.0,25.0,N,,,,,,
63.857478970595686,-146.38752179856792,2003-06-22,2,1,24.5,41.5,,Pastick,1.0,27.5,N,,,,,,
63.85700313984996,-146.36561404586354,2003-06-22,2,0,6.5,58.5,,Pastick,4.0,28.5,N,,,,,,
64.19059040509433,-147.2567073766218,2008-11-15,3,1,58.333333333333336,64.66666666666667,0.0,Pastick,,14.5,N,,,,,,
63.81770110772706,-147.0336107043395,2003-06-23,2,0,0.0,22.5,,Pastick,1.0,14.5,Y,,,,,,
63.81862993631842,-147.0336321241291,2003-06-23,2,1,8.0,46.0,,Pastick,3.0,18.5,Y,,,,,,
63.82304141377108,-147.03075245629446,2003-06-23,2,0,0.0,77.5,,Pastick,6.0,11.0,N,,,,,,
63.82255258102525,-146.73371047767768,2003-06-24,2,1,18.5,49.0,,Pastick,1.0,7.0,N,,,,,,
63.81159552014101,-146.73893158290508,2003-06-24,2,0,8.0,50.0,,Pastick,6.0,7.5,N,,,,,,
63.741021539220604,-146.4644614613992,2003-06-25,2,0,0.0,55.0,,Pastick,2.0,7.5,N,,,,,,
63.73132670297106,-146.33364967537995,2003-06-25,2,1,27.5,43.0,,Pastick,5.0,12.5,N,,,,,,
64.10484067059649,-146.48920388663217,2002-06-26,2,1,29.0,55.0,,Pastick,1.0,35.0,N,,,,,,
64.14838893155114,-146.46218665580994,2002-06-26,2,0,22.5,65.0,,Pastick,1.0,25.0,N,,,,,,
63.98585395757453,-146.82124626542767,2002-06-27,3,0,0.0,58.333333333333336,,Pastick,1.0,14.0,N,,,,,,
63.986627224328316,-146.8212481393844,2002-06-27,2,0,11.5,56.0,,Pastick,3.0,17.5,N,,,,,,
63.988226172600406,-146.82252541200526,2002-06-27,2,0,0.0,65.0,,Pastick,4.0,18.5,N,,,,,,
63.976783216045604,-146.8583160709453,2002-06-27,4,0,0.0,80.0,,Pastick,1.0,8.0,N,,,,,,
64.02343120184236,-146.77688652434347,2002-06-28,2,0,0.0,75.0,,Pastick,2.0,4.0,N,,,,,,
64.05726064478546,-146.79025691913452,2002-06-28,3,1,16.0,51.0,,Pastick,2.0,11.666666666666666,N,,,,,,
64.05549857024945,-146.7975151999433,2002-06-28,2,0,0.0,111.0,,Pastick,3.0,11.5,N,,,,,,
64.03293374448802,-146.23693047469771,2002-06-29,2,0,15.0,70.0,,Pastick,1.0,19.5,N,,,,,,
63.95359815691224,-146.13521274432605,2002-06-30,2,1,25.0,57.5,,Pastick,2.0,40.0,N,,,,,,
63.95594164766462,-146.14600073016325,2002-06-30,2,1,25.5,40.0,,Pastick,4.0,16.5,N,,,,,,
63.795665480377366,-146.8572264046565,2003-07-01,2,1,22.5,37.0,,Pastick,6.0,18.5,N,,,,,,
64.1973417571639,-146.74439393224336,2002-07-02,3,0,0.0,80.0,,Pastick,1.0,7.0,N,,,,,,
63.79590574599669,-146.88512327679152,2003-07-02,2,1,10.0,47.0,,Pastick,1.0,11.5,N,,,,,,
63.8253471950045,-146.83289083221433,2003-07-04,3,1,23.666666666666668,51.0,,Pastick,1.0,19.666666666666668,N,,,,,,
63.82581561765349,-146.82184158690592,2003-07-04,2,1,30.0,38.5,,Pastick,6.0,38.5,Y,,,,,,
63.848280631881806,-146.59898304212277,2003-07-05,2,0,0.0,54.0,,Pastick,3.0,22.5,N,,,,,,
63.85981058841021,-146.5950248071743,2003-07-05,2,0,11.5,73.5,,Pastick,10.0,11.5,N,,,,,,
63.82130955476675,-146.52399942570693,2003-07-07,3,0,5.666666666666667,59.666666666666664,,Pastick,1.0,15.666666666666666,N,,,,,,
63.97182915539308,-146.04283598108407,2002-07-23,2,1,61.0,71.0,,Pastick,2.0,17.0,N,,,,,,
63.95897642932869,-145.9865674888906,2002-07-24,2,1,52.5,60.5,,Pastick,2.0,40.5,N,,,,,,
63.955787461501316,-145.96770747892884,2002-07-24,2,1,50.5,60.0,,Pastick,5.0,21.5,N,,,,,,
63.93995094627809,-146.86020559118106,2002-07-10,2,1,35.5,65.0,,Pastick,1.0,23.5,N,,,,,,
63.98629161141529,-146.76518726514882,2002-07-11,2,0,0.0,70.0,,Pastick,2.0,15.5,N,,,,,,
63.99279072218714,-146.711458233645,2002-07-12,2,0,0.0,73.5,,Pastick,1.0,5.5,N,,,,,,
63.92538283462878,-146.17702875142388,2002-07-12,2,0,20.0,76.0,,Pastick,1.0,14.0,N,,,,,,
63.92447492876184,-146.17440452741914,2002-07-12,2,1,57.5,72.0,,Pastick,3.0,42.5,N,,,,,,
63.925194015873316,-146.1738124169538,2002-07-12,2,0,0.0,74.0,,Pastick,2.0,6.5,N,,,,,,
64.03467226074625,-146.72277570863335,2002-07-14,2,1,47.5,145.0,,Pastick,2.0,18.5,N,,,,,,
64.04682560729732,-146.7194090987678,2002-07-14,2,0,0.0,71.5,,Pastick,1.0,9.0,N,,,,,,
64.00320767994461,-146.64569444536158,2002-07-15,2,1,23.5,59.0,,Pastick,1.0,28.5,N,,,,,,
64.02135153656513,-146.6542727981123,2002-07-16,2,0,17.0,77.5,,Pastick,2.0,22.0,N,,,,,,
63.993029071782985,-146.73041372067564,2002-07-16,2,0,0.0,71.5,,Pastick,1.0,10.0,N,,,,,,
64.02201390873208,-146.61267733958036,2002-07-16,2,1,50.0,68.0,,Pastick,2.0,26.0,N,,,,,,
64.02446073732405,-146.6098400098256,2002-07-16,2,1,37.0,66.5,,Pastick,3.0,23.5,N,,,,,,
64.00473953956534,-146.5197935725631,2002-07-17,2,1,15.0,51.0,,Pastick,3.0,24.5,N,,,,,,
63.86391975111516,-146.88299432517118,2003-07-18,2,1,41.0,56.0,,Pastick,4.0,39.0,N,,,,,,
63.85198184777251,-146.87498018392364,2003-07-19,2,0,0.0,60.0,,Pastick,5.0,5.0,N,,,,,,
64.04918079863612,-146.75382410134955,2003-07-19,2,0,0.0,61.0,,Pastick,3.0,15.5,N,,,,,,
63.88154036445846,-146.79745188184964,2003-07-20,3,0,14.0,60.0,,Pastick,5.0,38.666666666666664,N,,,,,,
63.900577490314035,-146.76937718755966,2003-07-21,2,1,15.0,61.5,,Pastick,1.0,34.0,N,,,,,,
63.722017717132786,-146.20000927541514,2003-07-23,2,1,18.5,64.0,,Pastick,3.0,17.0,N,,,,,,
64.07001551100713,-146.2008761042813,2002-07-25,2,1,24.0,70.0,,Pastick,3.0,12.0,N,,,,,,
64.01508159793529,-146.07939629522832,2002-07-26,2,0,27.5,90.0,,Pastick,2.0,13.0,N,,,,,,
63.86642814980331,-145.9627446904302,2002-07-27,2,0,0.0,145.0,,Pastick,3.0,0.0,N,,,,,,
63.90053397685954,-145.9731164001199,2002-07-28,3,1,42.333333333333336,64.33333333333333,,Pastick,2.0,45.666666666666664,N,,,,,,
63.90253510350716,-145.9690733726009,2002-07-28,2,0,25.0,102.0,,Pastick,3.0,34.5,N,,,,,,
63.87412393651768,-146.94393033582332,2002-07-29,2,0,0.0,82.5,,Pastick,1.0,5.5,N,,,,,,
63.70551205575694,-146.09163920951642,2002-07-31,2,1,45.5,56.0,,Pastick,2.0,27.5,N,,,,,,
63.89009358044217,-146.63882172128618,2003-08-01,2,1,33.5,51.0,,Pastick,7.0,29.0,N,,,,,,
63.76956855304895,-146.43020763354312,2003-08-04,2,0,0.0,105.0,,Pastick,7.0,3.0,N,,,,,,
63.94411774978869,-146.0750841668907,2002-08-08,2,1,28.0,75.5,,Pastick,3.0,23.5,N,,,,,,
63.9926254719923,-146.10719885132616,2002-08-09,2,1,63.5,76.0,,Pastick,2.0,30.0,N,,,,,,
63.818379490492795,-146.09488249116367,2002-08-10,2,0,0.0,92.5,,Pastick,1.0,16.5,N,,,,,,
63.72787676674696,-145.98752287729138,2002-08-11,3,0,17.333333333333332,73.33333333333333,,Pastick,1.0,26.666666666666668,N,,,,,,
63.70663111317244,-145.97548670172796,2002-08-12,2,1,37.0,70.0,,Pastick,1.0,9.5,N,,,,,,
63.72416765780948,-146.0391881586189,2002-08-12,2,1,38.0,58.5,,Pastick,2.0,38.0,N,,,,,,
63.76851004942745,-146.12394715079432,2002-08-12,2,0,0.0,65.0,,Pastick,2.0,0.0,N,,,,,,
63.79088008107095,-146.0750226808258,2002-08-13,2,0,30.0,57.5,,Pastick,2.0,10.0,N,,,,,,
63.795265973437004,-146.07527480899608,2002-08-13,2,1,25.5,81.5,,Pastick,4.0,18.5,N,,,,,,
63.874621809447916,-146.76793112391425,2003-08-13,2,1,17.5,35.5,,Pastick,5.0,11.5,N,,,,,,
63.961943074224116,-146.8932123596644,2002-08-18,2,1,80.0,87.5,,Pastick,2.0,28.0,N,,,,,,
63.77613819548051,-146.25576904494662,2003-08-15,2,1,15.5,61.0,,Pastick,7.0,30.0,N,,,,,,
63.77361554080912,-146.24984555364892,2003-08-15,3,1,22.0,61.333333333333336,,Pastick,9.0,39.0,N,,,,,,
63.82773014279958,-146.37429939476453,2003-08-16,2,1,44.0,60.0,,Pastick,7.0,44.0,N,,,,,,
63.829885044141925,-146.34713172585438,2003-08-16,2,0,29.0,60.5,,Pastick,6.0,14.0,N,,,,,,
63.82174580940698,-146.28019493216237,2003-08-18,2,1,35.5,51.5,,Pastick,4.0,26.5,N,,,,,,
63.819545835294214,-146.26923025881626,2003-08-18,2,1,37.0,54.0,,Pastick,7.0,41.5,N,,,,,,
63.79939418533819,-146.2974720868188,2003-08-18,2,0,25.0,53.5,,Pastick,1.0,17.5,N,,,,,,
63.848415958653874,-146.37939151474671,2003-08-20,2,1,35.5,162.0,,Pastick,1.0,23.0,N,,,,,,
63.966086732359585,-146.8900518870313,2002-08-23,2,0,0.0,110.0,,Pastick,1.0,6.0,N,,,,,,
63.96411747117763,-146.8907742662906,2002-08-23,2,0,0.0,102.5,,Pastick,1.0,6.0,N,,,,,,
64.0639518733945,-146.70326353448434,2002-08-24,2,0,0.0,95.0,,Pastick,3.0,6.0,N,,,,,,
64.09621803001328,-146.44899694667265,2002-08-25,2,1,49.5,59.0,,Pastick,1.0,49.5,N,,,,,,
64.09610947336168,-146.4087366188151,2002-08-25,2,1,24.5,77.5,,Pastick,2.0,12.5,N,,,,,,
64.13669299837115,-146.70165556874608,2002-08-25,3,1,50.0,67.0,,Pastick,4.0,37.333333333333336,N,,,,,,
63.8504383988341,-146.9954177940043,2003-08-28,2,0,0.0,56.0,,Pastick,2.0,13.0,N,,,,,,
63.84202848760748,-147.04039947176562,2003-08-28,2,0,0.0,32.0,,Pastick,5.0,13.5,N,,,,,,
63.78832904907007,-146.84846714182953,2003-08-28,2,0,0.0,51.0,,Pastick,7.0,12.0,N,,,,,,
63.820731530889674,-146.59976077700577,2003-08-29,2,0,30.0,66.5,,Pastick,2.0,42.0,N,,,,,,
63.81867460787109,-146.63465813914172,2003-08-30,2,0,0.0,41.0,,Pastick,1.0,2.0,Y,,,,,,
63.75265764358974,-146.18077077107938,2003-08-30,2,0,0.0,44.5,,Pastick,4.0,14.5,N,,,,,,
63.77697590559211,-146.19609055826547,2003-08-30,2,1,18.0,60.0,,Pastick,6.0,28.5,N,,,,,,
67.13698333330002,-150.86171851866666,2008-08-10,3,1,88.66666666666667,88.66666666666667,,Pastick,,11.333333333333334,,,,,,,
67.14561900000001,-150.85540715,2009-08-15,2,1,52.5,55.0,,Pastick,,0.0,,,,,,,
67.87476805554999,-153.2956652775,2008-08-04,2,1,0.0,39.0,,Pastick,,5.5,,,,,,,
67.8698841665,-150.8775214245,2008-08-06,2,0,0.0,12.5,,Pastick,,0.0,,,,,,,
67.12983055554997,-150.8907180555,2008-08-07,2,0,0.0,65.0,,Pastick,,1.5,,,,,,,
67.12922777775003,-150.8933569445,2008-08-07,2,0,0.0,130.0,,Pastick,,2.0,,,,,,,
67.13277638885,-150.90393194450002,2008-08-08,2,1,27.5,115.0,,Pastick,,40.0,,,,,,,
67.13492037036669,-150.912962963,2008-08-08,3,0,18.333333333333332,105.0,,Pastick,,40.0,,,,,,,
67.13663888890002,-150.9105319445,2008-08-08,2,1,20.0,85.0,,Pastick,,40.0,,,,,,,
67.13100555556666,-150.85201203733334,2008-08-09,3,0,0.0,106.66666666666667,,Pastick,,1.3333333333333333,,,,,,,
67.13270277776665,-150.84748240766666,2008-08-09,3,1,61.0,61.0,,Pastick,,14.666666666666666,,,,,,,
63.196801756235104,-145.82201906074516,1999-06-20,2,0,0.0,152.0,,Pastick,1.0,5.0,N,,,,,,
63.64623686625002,-158.0110328009278,2010-07-16,8,0,68.25,,,Pastick,,,,,,,,,
63.64580414615814,-158.01015277326619,2010-07-16,5,0,57.2,,,Pastick,,,,,,,,,
63.6467361523148,-158.01204824916235,2010-07-16,7,0,51.142857142857146,,,Pastick,,,,,,,,,
62.90182007618061,-159.42464353245,2010-07-21,8,0,47.625,,,Pastick,,,,,,,,,
62.90141027912514,-159.42373324150736,2010-07-21,5,0,50.0,,,Pastick,,,,,,,,,
62.90226138987765,-159.42562387243825,2010-07-21,6,0,60.333333333333336,,,Pastick,,,,,,,,,
62.90310781344805,-159.48444916864779,2010-07-22,12,0,49.18181818181818,,,Pastick,,,,,,,,,
62.9035165904217,-159.4830274194125,2010-07-22,6,0,45.333333333333336,,,Pastick,,,,,,,,,
62.90369826436411,-159.4823955178158,2010-07-22,2,0,47.0,,,Pastick,,,,,,,,,
63.00301397394982,-159.18731779434574,2010-07-23,9,0,50.111111111111114,,,Pastick,,,,,,,,,
63.002600328597445,-159.1859076406938,2010-07-23,8,0,53.25,,,Pastick,,,,,,,,,
63.00330595110046,-159.18831321901192,2010-07-23,3,1,53.0,,,Pastick,,,,,,,,,
63.00375614143727,-159.18576695620376,2010-07-24,8,0,89.42857142857143,,,Pastick,,,,,,,,,
63.00452793335709,-159.1862914332222,2010-07-24,10,0,110.125,,,Pastick,,,,,,,,,
62.910348656361165,-159.52244511747517,2010-07-24,10,0,60.0,,,Pastick,,,,,,,,,
62.91047416178529,-159.52059570511878,2010-07-24,9,0,0.0,,,Pastick,,,,,,,,,
62.91869840231632,-159.48597340061963,2010-07-25,11,0,81.36363636363636,,,Pastick,,,,,,,,,
62.919432563330844,-159.48502223219472,2010-07-25,8,0,58.25,,,Pastick,,,,,,,,,
62.92721763871231,-159.4990760483675,2010-07-25,10,0,48.1,,,Pastick,,,,,,,,,
62.92810271577207,-159.49874912258753,2010-07-25,10,0,67.3,,,Pastick,,,,,,,,,
63.025896054845404,-158.90532183709036,2010-07-27,11,0,72.36363636363636,,,Pastick,,,,,,,,,
63.0262989026313,-158.90378038240928,2010-07-27,7,0,67.0,,,Pastick,,,,,,,,,
63.02650032029534,-158.9030096393203,2010-07-27,2,0,52.0,,,Pastick,,,,,,,,,
63.028769346648026,-158.90145598019058,2010-07-27,10,0,29.77777777777778,,,Pastick,,,,,,,,,
63.029650117033555,-158.9010759229978,2010-07-27,10,0,24.428571428571427,,,Pastick,,,,,,,,,
62.95061178502072,-159.5744717639735,2010-08-04,12,0,55.75,,,Pastick,,,,,,,,,
62.95102181367871,-159.5730590365609,2010-08-04,5,0,74.6,,,Pastick,,,,,,,,,
62.95121476313341,-159.57239420904918,2010-08-04,3,0,77.66666666666667,,,Pastick,,,,,,,,,
62.95036548905468,-159.70934179946966,2010-08-04,10,0,83.5,,,Pastick,,,,,,,,,
62.95031274323096,-159.7073743501641,2010-08-04,10,0,97.7,,,Pastick,,,,,,,,,
62.9832614788648,-159.51536415217535,2010-08-05,9,0,67.55555555555556,,,Pastick,,,,,,,,,
62.98415315966076,-159.51513938683158,2010-08-05,11,0,61.18181818181818,,,Pastick,,,,,,,,,
62.97305740058751,-159.52841720092223,2010-08-05,10,0,50.6,,,Pastick,,,,,,,,,
62.97320418890687,-159.52667159328456,2010-08-05,8,0,59.625,,,Pastick,,,,,,,,,
62.968630617912346,-159.5895933013189,2010-08-06,10,0,43.0,,,Pastick,,,,,,,,,
62.96940036317387,-159.58878746501205,2010-08-06,9,0,43.888888888888886,,,Pastick,,,,,,,,,
62.954748506041916,-159.58298348925982,2010-08-06,10,0,48.2,,,Pastick,,,,,,,,,
62.95554192835126,-159.5822977443039,2010-08-06,9,0,66.77777777777777,,,Pastick,,,,,,,,,
62.98488338099874,-159.20329368440184,2010-08-07,7,0,108.42857142857143,,,Pastick,,,,,,,,,
62.98447216229679,-159.20238390841845,2010-08-07,6,1,107.33333333333333,,,Pastick,,,,,,,,,
62.98532622540524,-159.2042734714049,2010-08-07,7,1,117.57142857142857,,,Pastick,,,,,,,,,
62.95612036610977,-159.634281627125,2010-08-09,10,0,37.8,,,Pastick,,,,,,,,,
62.95597322204061,-159.63233705303927,2010-08-09,10,0,40.4,,,Pastick,,,,,,,,,
62.20654380713876,-159.78381990433752,2003-06-22,2,0,,95.0,,Pastick,2.0,17.0,N,,,,,,
63.352095590987005,-158.735734186439,2008-06-27,3,0,,175.0,,Pastick,,175.0,N,,,,,,
61.87793245147019,-160.13862510266966,2003-08-12,2,0,50.0,125.0,,Pastick,3.0,67.0,N,,,,,,
61.845034538048736,-159.07901460889332,2004-08-26,2,1,65.0,135.0,,Pastick,9.0,106.0,N,,,,,,
61.75777673363453,-159.87942041215172,2004-08-16,2,0,,75.0,,Pastick,1.0,11.5,N,,,,,,
64.8420175539319,-148.10039367347656,2002-07-24,2,1,28.0,65.0,,Pastick,3.0,19.5,N,,,,,,
64.88948167628018,-148.11837779930195,2002-09-10,2,0,0.0,52.0,,Pastick,2.0,13.0,Y,,,,,,
64.82087607729268,-148.39042890056157,2003-07-08,2,1,53.5,72.0,,Pastick,2.0,37.0,N,,,,,,
64.1655824379847,-149.1854278852952,2003-08-06,2,0,16.5,65.0,,Pastick,3.0,39.5,N,,,,,,
64.17083576707887,-149.29949592428918,2003-08-18,2,0,0.0,90.0,,Pastick,1.0,10.5,N,,,,,,
64.17277660470967,-149.30622247178422,2003-08-18,2,1,37.5,68.0,,Pastick,4.0,22.5,N,,,,,,
64.34144157227786,-149.19425555600318,2003-07-14,2,0,0.0,92.0,,Pastick,5.0,5.5,N,,,,,,
64.35688011509556,-149.08307874963924,2003-08-20,2,1,21.5,94.0,,Pastick,2.0,58.5,N,,,,,,
64.35552287839002,-149.0702041372581,2003-08-20,2,0,0.0,60.0,,Pastick,5.0,41.5,N,,,,,,
64.35470025523259,-149.0575365369799,2003-08-20,2,1,61.5,67.5,,Pastick,8.0,10.0,N,,,,,,
64.23581941492317,-149.09102112641187,2003-08-12,2,0,32.5,92.5,,Pastick,1.0,12.5,N,,,,,,
64.24418358112342,-149.11771354016128,2003-08-12,2,1,38.5,53.5,,Pastick,3.0,16.0,N,,,,,,
64.23867813777102,-149.25030532743853,2003-08-14,2,0,0.0,52.0,,Pastick,7.0,10.0,N,,,,,,
65.4603776538101,-143.500291753728,2008-07-02,2,0,0.0,85.0,,Pastick,,3.0,N,,,,,,
65.09284823637364,-143.38765491426147,2008-07-08,2,0,0.0,69.0,,Pastick,,1.5,N,,,,,,
65.32136669453823,-143.85821376761425,2008-08-15,2,1,31.5,66.5,,Pastick,,14.5,N,,,,,,
65.52098195679433,-143.72864925639965,2008-08-27,2,1,26.0,117.0,,Pastick,,102.5,N,,,,,,
65.4524704397486,-143.62405130527645,2008-08-01,2,1,31.5,66.5,,Pastick,,42.5,N,,,,,,
65.53339668023213,-143.68951875181517,2008-07-28,2,0,0.0,145.5,,Pastick,,1.5,N,,,,,,
65.33759674005096,-143.69628969414669,2008-08-16,3,1,76.33333333333333,84.66666666666667,,Pastick,,46.666666666666664,N,,,,,,
65.61236689164299,-143.73994253480564,2008-06-30,3,0,23.666666666666668,97.33333333333333,,Pastick,,45.666666666666664,N,,,,,,
65.3702044011286,-143.85310976815248,2008-08-15,2,1,59.0,65.0,,Pastick,,29.0,N,,,,,,
65.35650058871664,-143.54858001229442,2008-08-16,3,1,54.333333333333336,63.0,,Pastick,,35.333333333333336,N,,,,,,
65.37188208437786,-143.64389806076187,2008-08-17,2,1,111.5,120.5,,Pastick,,13.0,N,,,,,,
65.37307633560296,-143.62217338070647,2008-08-17,2,0,0.0,99.0,,Pastick,,1.5,N,,,,,,
65.42085368616313,-143.60937387378976,2008-08-29,2,1,67.5,73.5,,Pastick,,73.5,N,,,,,,
65.08753119369756,-143.5769274799893,2008-07-14,2,1,32.0,69.0,,Pastick,,31.0,N,,,,,,
63.462850191849355,-150.2204212620644,2018-08-14,7006,1,63.67608906651434,63.67608906651442,,Patton_2021,0.0,,,,,,,,
63.52331344434519,-155.93678005746898,2018-08-16,4199,1,100.63090497737613,100.63090497737558,,Patton_2021,402.0,,,,,,,,
63.52382222170566,-155.9372512549413,2018-08-16,402,1,74.16825870646775,74.16825870646765,,Patton_2021,0.0,,,,,,,,
70.23677000000626,-148.45990500030777,2020-08-17,41,1,37.26829268292683,37.26829268292683,0.0,Peirce_2020,0.0,,,,,,,,
70.23574000000163,-148.46226499991013,2020-08-17,41,1,37.65853658536585,37.65853658536585,0.0,Peirce_2020,0.0,,,,,,,,
70.23430146362489,-148.46704682769627,2020-08-17,41,1,40.90243902439025,40.90243902439025,0.0,Peirce_2020,0.0,,,,,,,,
70.2292596852912,-148.42375342140423,2020-08-15,100,1,50.91,50.91,0.0,Peirce_2020,150.0,,,,,,,,
70.18554378519661,-148.49741628043688,2020-08-07,105,1,50.81730769230769,50.81730769230769,0.0,Peirce_2020,,,,,,,,,
70.13169659858745,-148.58968932776153,2020-07-29,47,1,44.891304347826086,44.891304347826086,0.0,Peirce_2020,,,,,,,,,
70.23979150262385,-148.45884450725194,2020-08-17,101,1,43.40594059405941,43.40594059405941,0.0,Peirce_2020,0.0,,,,,,,,
70.22176799680334,-148.47322367793706,2020-08-15,20,1,54.7,54.7,0.0,Peirce_2020,105.0,,,,,,,,
70.17741303922628,-148.55086808051647,2020-08-07,101,1,53.92,53.92,0.0,Peirce_2020,,,,,,,,,
70.22312431556003,-148.4712479440898,2020-08-15,4,1,71.75,71.75,0.0,Peirce_2020,0.0,,,,,,,,
70.22353623272657,-148.47065735531882,2020-08-15,98,1,52.255102040816325,52.255102040816325,0.0,Peirce_2020,4.0,,,,,,,,
70.22436310881012,-148.46947174563013,2020-08-15,19,1,48.26315789473684,48.26315789473684,0.0,Peirce_2020,110.0,,,,,,,,
70.19654134400263,-148.42380479820278,2020-08-16,31,1,54.666666666666664,54.666666666666664,0.0,Peirce_2020,0.0,,,,,,,,
70.1961981566534,-148.42293250796868,2020-08-16,70,1,56.614285714285714,56.614285714285714,0.0,Peirce_2020,31.0,,,,,,,,
70.15323272267207,-148.50459615887613,2020-08-08,102,1,60.83870967741935,65.41584158415841,9.396039603960396,Peirce_2020,,,,,,,,,
70.19595634556822,-148.4275553454141,2020-08-16,82,1,50.74074074074074,50.74074074074074,0.0,Peirce_2020,0.0,,,,,,,,
61.16853936956516,-162.77722154515055,2016-08-15,598,1,64.66315480187889,64.66315480187876,,Schaefer_2020,,,,,,,,,
61.168714191406266,-162.7759814453125,2016-08-15,256,1,75.8659203875195,75.86592038751954,,Schaefer_2020,,,,,,,,,
61.182218280694876,-162.7549108377643,2016-08-17,331,1,80.8339566767576,80.83395667675758,,Schaefer_2020,,,,,,,,,
61.16848645772058,-162.77230044301479,2016-08-15,544,1,73.32960937128074,73.32960937128064,,Schaefer_2020,,,,,,,,,
61.16975957009346,-162.78153014953278,2016-08-17,107,1,67.248102253014,67.24810225301401,,Schaefer_2020,,,,,,,,,
61.16913548461538,-162.77661423076916,2016-08-15,130,1,54.03109851615384,54.031098516153854,,Schaefer_2020,,,,,,,,,
61.23228320555555,-162.68933218611116,2016-08-24,72,1,63.499525555352115,63.499525555352115,,Schaefer_2020,,,,,,,,,
61.18069305907961,-162.7561372064676,2016-08-16,402,1,66.53476716081674,66.5347671608167,,Schaefer_2020,,,,,,,,,
61.183232960085476,-162.76390381538454,2016-08-18,351,1,57.4367345994225,57.43673459942245,,Schaefer_2020,,,,,,,,,
61.18480798003207,-162.75588180705122,2016-08-17,312,1,64.02118578506696,64.02118578506699,,Schaefer_2020,,,,,,,,,
61.492625011428586,-162.32181951428566,2016-10-03,14,1,48.08313335096154,48.08313335096154,,Schaefer_2020,,,,,,,,,
61.18589830467352,-162.7487554477663,2016-08-17,291,1,66.63289489690806,66.63289489690806,,Schaefer_2020,,,,,,,,,
61.20230189768708,-162.74145770476196,2016-08-21,147,1,65.59164485109595,65.59164485109588,,Schaefer_2020,,,,,,,,,
61.1857689789491,-162.76306672866238,2016-08-19,314,1,60.41539275137381,60.41539275137381,,Schaefer_2020,,,,,,,,,
61.18640571367002,-162.7605969434344,2016-08-19,297,1,56.47499324268581,56.47499324268581,,Schaefer_2020,,,,,,,,,
61.17938219552773,-162.76467166153824,2016-08-16,559,1,68.72902077903666,68.72902077903673,,Schaefer_2020,,,,,,,,,
61.18104956318078,-162.7600020246189,2016-08-16,459,1,85.74420754745643,85.74420754745634,,Schaefer_2020,,,,,,,,,
61.177873431920254,-162.76296950531767,2016-08-16,677,1,65.39386449804849,65.39386449804857,,Schaefer_2020,,,,,,,,,
61.21431227317308,-162.70991755480767,2016-08-21,104,1,73.53531504349517,73.53531504349515,,Schaefer_2020,,,,,,,,,
61.18399074592207,-162.76991797013014,2016-08-18,385,1,58.98209133322391,58.98209133322396,,Schaefer_2020,,,,,,,,,
61.192751629490736,-162.75565318194438,2016-08-20,216,1,62.52591483423255,62.52591483423256,,Schaefer_2020,,,,,,,,,
61.180780164931804,-162.76329090175435,2016-08-16,513,1,74.62989847958006,74.62989847958008,,Schaefer_2020,,,,,,,,,
61.17888186201206,-162.76349325900898,2016-08-16,666,1,64.87429604363724,64.87429604363729,,Schaefer_2020,,,,,,,,,
61.18196767932407,-162.7737761500996,2016-08-18,503,1,58.41195641716002,58.41195641716003,,Schaefer_2020,,,,,,,,,
61.191688642723584,-162.75124956666667,2016-08-17,246,1,62.44805167508166,62.448051675081636,,Schaefer_2020,,,,,,,,,
61.19174248288062,-162.74907604362133,2016-08-17,243,1,66.66995637698349,66.66995637698348,,Schaefer_2020,,,,,,,,,
61.17908170536158,-162.7653376504774,2016-08-15,733,1,67.74874458416672,67.74874458416666,,Schaefer_2020,,,,,,,,,
61.1907751387121,-162.7623329912879,2016-08-19,264,1,58.09341248212925,58.09341248212928,,Schaefer_2020,,,,,,,,,
61.23180283397438,-162.7018453243589,2016-08-25,78,1,59.053495075324655,59.05349507532466,,Schaefer_2020,,,,,,,,,
61.318740531612924,-162.5730945225807,2016-09-06,31,1,62.14935298049999,62.14935298049999,,Schaefer_2020,,,,,,,,,
61.18942795878469,-162.7561369680555,2016-08-17,288,1,67.83908394411736,67.8390839441173,,Schaefer_2020,,,,,,,,,
61.19451101655966,-162.74627179541287,2016-08-18,218,1,58.10826193184334,58.108261931843316,,Schaefer_2020,,,,,,,,,
61.186185816580306,-162.76863156502588,2016-08-18,386,1,65.29923878961034,65.2992387896104,,Schaefer_2020,,,,,,,,,
61.184170111404235,-162.76973359978726,2016-08-18,470,1,60.80255028571423,60.80255028571428,,Schaefer_2020,,,,,,,,,
61.182645791134405,-162.7665987322864,2016-08-16,573,1,68.2431998334615,68.24319983346153,,Schaefer_2020,,,,,,,,,
61.200848971893514,-162.73946451005915,2016-08-19,169,1,56.73868986467267,56.73868986467263,,Schaefer_2020,,,,,,,,,
61.192597554697,-162.7589223715909,2016-08-19,264,1,71.7891721642585,71.78917216425855,,Schaefer_2020,,,,,,,,,
61.18519749118506,-162.7680921205823,2016-08-18,481,1,74.81196346085719,74.81196346085714,,Schaefer_2020,,,,,,,,,
61.176078059113316,-162.77996522660098,2016-08-17,203,1,77.21412620788182,77.21412620788176,,Schaefer_2020,,,,,,,,,
61.18210630300417,-162.76868265577184,2016-08-16,719,1,68.28850327020207,68.28850327020194,,Schaefer_2020,,,,,,,,,
61.186094962815666,-162.76594842008294,2016-08-18,483,1,76.55683219502085,76.55683219502075,,Schaefer_2020,,,,,,,,,
61.18131030878528,-162.77130158483908,2016-08-16,996,1,66.49525577577221,66.4952557757722,,Schaefer_2020,,,,,,,,,
61.245033654347814,-162.68552727971016,2016-08-26,69,1,57.88863738823529,57.88863738823528,,Schaefer_2020,,,,,,,,,
61.182929800658236,-162.77062544341788,2016-08-16,866,1,67.45599072602784,67.45599072602793,,Schaefer_2020,,,,,,,,,
61.18384349669856,-162.77119683253866,2016-08-16,839,1,64.56725191392762,64.56725191392765,,Schaefer_2020,,,,,,,,,
61.19391149832777,-162.75630020000006,2016-08-18,299,1,72.52372175478536,72.52372175478536,,Schaefer_2020,,,,,,,,,
61.18675556419356,-162.7705158908066,2016-08-17,620,1,68.15665777514135,68.15665777514134,,Schaefer_2020,,,,,,,,,
61.18908551853251,-162.76600390482176,2016-08-17,477,1,61.444072059266034,61.44407205926598,,Schaefer_2020,,,,,,,,,
61.21076313333332,-162.73429873469385,2016-08-20,147,1,77.43234643095889,77.4323464309589,,Schaefer_2020,,,,,,,,,
61.18992024548453,-162.76953218350522,2016-08-18,485,1,73.63838711265672,73.63838711265667,,Schaefer_2020,,,,,,,,,
61.202290411875005,-162.7507010096154,2016-08-20,208,1,67.03138913304349,67.03138913304348,,Schaefer_2020,,,,,,,,,
61.18930405664688,-162.76705583057216,2016-08-17,507,1,85.21774080834729,85.21774080834732,,Schaefer_2020,,,,,,,,,
61.1948713208517,-162.75747290063097,2016-08-18,317,1,69.33606770344942,69.33606770344937,,Schaefer_2020,,,,,,,,,
61.20380045009615,-162.75318698846164,2016-08-20,208,1,61.75982398609902,61.75982398609903,,Schaefer_2020,,,,,,,,,
61.19117796801746,-162.76931462723294,2016-08-18,459,1,75.93451402582869,75.93451402582878,,Schaefer_2020,,,,,,,,,
61.19462619401734,-162.7608897684971,2016-08-17,346,1,85.31542673194204,85.31542673194203,,Schaefer_2020,,,,,,,,,
61.19619352618589,-162.75621399230778,2016-08-18,312,1,72.3432124502572,72.34321245025723,,Schaefer_2020,,,,,,,,,
61.196199671721075,-162.76719482611284,2016-08-19,337,1,61.43748174757936,61.43748174757936,,Schaefer_2020,,,,,,,,,
61.18922617240721,-162.7747666495371,2016-08-18,648,1,65.361053320998,65.36105332099793,,Schaefer_2020,,,,,,,,,
61.19971420655304,-162.75432189545455,2016-08-18,264,1,71.73420408602664,71.73420408602662,,Schaefer_2020,,,,,,,,,
61.19165583544714,-162.7641118668699,2016-08-17,492,1,66.89657255885766,66.89657255885777,,Schaefer_2020,,,,,,,,,
61.19341155127802,-162.77369147085207,2016-08-18,446,1,65.73898559841572,65.73898559841572,,Schaefer_2020,,,,,,,,,
61.19220246454364,-162.7741491626981,2016-08-18,504,1,58.301806073422725,58.301806073422796,,Schaefer_2020,,,,,,,,,
61.188116037642,-162.78229002026518,2016-08-17,1056,1,66.0807211008066,66.08072110080666,,Schaefer_2020,,,,,,,,,
61.3651749216,-162.536942284,2016-09-13,25,1,65.17078995625,65.17078995625,,Schaefer_2020,,,,,,,,,
61.2404551062195,-162.71324348048785,2016-08-25,82,1,64.33612896506173,64.33612896506173,,Schaefer_2020,,,,,,,,,
61.189909802822605,-162.78172596013815,2016-08-17,868,1,60.930463881660934,60.9304638816609,,Schaefer_2020,,,,,,,,,
61.196113688692634,-162.77551750940373,2016-08-18,436,1,67.5139422642184,67.51394226421839,,Schaefer_2020,,,,,,,,,
61.19469716655934,-162.77688253521126,2016-08-18,497,1,76.82502874402725,76.82502874402722,,Schaefer_2020,,,,,,,,,
61.192566952791545,-162.78226812280465,2016-08-17,763,1,57.92903415659709,57.92903415659711,,Schaefer_2020,,,,,,,,,
61.198044413880964,-162.77586926499998,2016-08-18,420,1,58.12513159156324,58.12513159156324,,Schaefer_2020,,,,,,,,,
61.205483833305806,-162.77418894297526,2013-08-14,484,1,68.59500573765708,68.595005737657,,Schaefer_2020,,,,,,,,,
61.230561515606084,-162.73925018939394,2013-08-24,132,1,68.71374133480917,68.71374133480914,,Schaefer_2020,,,,,,,,,
61.20605480308763,-162.7790222406375,2013-08-14,502,1,71.36436741241528,71.36436741241516,,Schaefer_2020,,,,,,,,,
61.20560754702045,-162.7778321154564,2013-08-14,537,1,65.01416617151447,65.01416617151462,,Schaefer_2020,,,,,,,,,
61.20175431409188,-162.78109971506413,2013-08-12,936,1,65.34141162268448,65.34141162268449,,Schaefer_2020,,,,,,,,,
61.24520548574468,-162.71999862978723,2013-08-30,94,1,58.25114080766744,58.25114080766743,,Schaefer_2020,,,,,,,,,
61.20626057374773,-162.78019824058487,2013-08-14,547,1,70.95219611418713,70.95219611418737,,Schaefer_2020,,,,,,,,,
61.23864216570175,-162.73250652719298,2013-08-26,114,1,70.51194758068583,70.51194758068584,,Schaefer_2020,,,,,,,,,
61.2096465366746,-162.77633474641132,2013-08-15,418,1,71.70566742695358,71.70566742695364,,Schaefer_2020,,,,,,,,,
61.31787738262502,-163.15564977125004,2014-08-29,80,1,58.2755429696203,58.27554296962025,,Schaefer_2020,,,,,,,,,
61.28842470478529,-163.19968807975457,2014-08-20,163,1,60.29062021409048,60.29062021409054,,Schaefer_2020,,,,,,,,,
61.304901939313716,-163.17081564803922,2014-08-25,102,1,52.83123870872939,52.83123870872937,,Schaefer_2020,,,,,,,,,
61.27249412104972,-163.21902927403298,2014-08-15,362,1,62.9930828229501,62.99308282295013,,Schaefer_2020,,,,,,,,,
61.28148773814975,-163.21828212555073,2014-08-18,227,1,66.7202201753983,66.72022017539824,,Schaefer_2020,,,,,,,,,
61.281654609111115,-163.216190776,2014-08-18,225,1,75.26973472812499,75.26973472812499,,Schaefer_2020,,,,,,,,,
61.27336627466304,-163.22699685795146,2014-08-15,371,1,60.76231551572972,60.76231551572973,,Schaefer_2020,,,,,,,,,
61.27272703762534,-163.225715776781,2014-08-15,379,1,56.26027768080243,56.260277680802474,,Schaefer_2020,,,,,,,,,
61.27357144389501,-163.21832334143627,2014-08-15,362,1,65.68713041565559,65.68713041565557,,Schaefer_2020,,,,,,,,,
61.271879651648575,-163.23584533665948,2014-08-15,461,1,49.61207515707969,49.612075157079715,,Schaefer_2020,,,,,,,,,
61.296524035572546,-163.196633227481,2014-08-22,131,1,64.37734421623075,64.37734421623077,,Schaefer_2020,,,,,,,,,
61.274498849545466,-163.22804233977283,2014-08-16,352,1,79.31851938331909,79.3185193833191,,Schaefer_2020,,,,,,,,,
61.37928052205125,-163.05876806923075,2014-09-17,39,1,62.22772205315791,62.22772205315788,,Schaefer_2020,,,,,,,,,
61.27822052185709,-163.21155263142853,2014-08-17,280,1,55.56529057729389,55.5652905772939,,Schaefer_2020,,,,,,,,,
61.312566754835146,-163.158713667033,2014-08-27,91,1,58.34783785577778,58.347837855777776,,Schaefer_2020,,,,,,,,,
61.273894969484026,-163.23473760958225,2014-08-15,407,1,49.3310382370948,49.33103823709483,,Schaefer_2020,,,,,,,,,
61.2732389294966,-163.21827483890175,2014-08-15,437,1,73.19452786141758,73.1945278614176,,Schaefer_2020,,,,,,,,,
61.68005632818183,-162.6068911,2014-12-19,11,1,83.71320352900001,83.71320352900001,,Schaefer_2020,,,,,,,,,
61.288211852941174,-163.21526611229962,2014-08-19,187,1,51.479431937043,51.479431937043,,Schaefer_2020,,,,,,,,,
61.272932000899836,-163.218721793865,2014-08-14,489,1,70.83422522746314,70.83422522746311,,Schaefer_2020,,,,,,,,,
61.28117594817206,-163.22633900107525,2014-08-17,279,1,63.819846967581014,63.81984696758094,,Schaefer_2020,,,,,,,,,
61.27774478792507,-163.21211533025937,2014-08-16,347,1,65.3373482401986,65.3373482401987,,Schaefer_2020,,,,,,,,,
61.30713633825686,-163.18714403761467,2014-08-25,109,1,62.78729273166669,62.78729273166667,,Schaefer_2020,,,,,,,,,
61.283708882509956,-163.22279223745025,2014-08-17,251,1,67.21966009674001,67.21966009674,,Schaefer_2020,,,,,,,,,
61.27617404875879,-163.21597130960197,2014-08-15,427,1,69.50462176954225,69.50462176954225,,Schaefer_2020,,,,,,,,,
61.27627140279346,-163.21484187582163,2014-08-15,426,1,66.78382052280084,66.78382052280078,,Schaefer_2020,,,,,,,,,
61.27997775104427,-163.20772815632898,2014-08-16,316,1,65.04171578387304,65.04171578387302,,Schaefer_2020,,,,,,,,,
61.31838872295459,-163.17238738977275,2014-08-28,88,1,57.913141806331446,57.91314180633142,,Schaefer_2020,,,,,,,,,
61.285917216379325,-163.2206971435346,2014-08-18,232,1,63.755580881190475,63.755580881190475,,Schaefer_2020,,,,,,,,,
61.278512912565446,-163.218027026178,2014-08-15,382,1,55.10214621742782,55.10214621742782,,Schaefer_2020,,,,,,,,,
61.27397002045019,-163.22325892166666,2014-08-14,600,1,63.28546427450254,63.28546427450251,,Schaefer_2020,,,,,,,,,
61.2860829538428,-163.20316804890825,2014-08-18,229,1,69.36465529772842,69.36465529772845,,Schaefer_2020,,,,,,,,,
61.27790297324807,-163.21368636496175,2014-08-15,391,1,68.83252824038878,68.83252824038888,,Schaefer_2020,,,,,,,,,
61.282043197881926,-163.20568253159726,2014-08-16,288,1,62.13970760655056,62.13970760655053,,Schaefer_2020,,,,,,,,,
61.40487342030303,-163.04199079999995,2014-09-24,33,1,49.397543227187484,49.3975432271875,,Schaefer_2020,,,,,,,,,
61.278469296407735,-163.23289308616512,2014-08-15,412,1,69.93829547492706,69.93829547492699,,Schaefer_2020,,,,,,,,,
61.28699895287555,-163.21846143218892,2014-08-18,233,1,66.64022999902586,66.64022999902586,,Schaefer_2020,,,,,,,,,
61.38374467487178,-163.06024716410255,2014-09-17,39,1,53.42645180791979,53.42645180791979,,Schaefer_2020,,,,,,,,,
61.2827574820548,-163.20942288150687,2014-08-16,292,1,68.83543187464487,68.83543187464491,,Schaefer_2020,,,,,,,,,
61.27302628422487,-163.2218420813953,2014-08-13,774,1,67.99796501729529,67.99796501729517,,Schaefer_2020,,,,,,,,,
61.8380226425,-162.3718226625,2015-02-06,8,1,61.857142857142854,61.857142857142854,,Schaefer_2020,,,,,,,,,
61.29165529579487,-163.2103748389744,2014-08-19,195,1,52.895559967113435,52.8955599671134,,Schaefer_2020,,,,,,,,,
61.29398683421347,-163.20549187808993,2014-08-20,178,1,52.640980124465216,52.640980124465166,,Schaefer_2020,,,,,,,,,
61.27544295528272,-163.2216061528271,2014-08-14,619,1,64.09723802135112,64.09723802135113,,Schaefer_2020,,,,,,,,,
61.29676526125003,-163.188734845,2014-08-20,160,1,64.82498652927677,64.82498652927673,,Schaefer_2020,,,,,,,,,
61.35067129600001,-163.10485945636358,2014-09-06,55,1,65.66666666666667,65.66666666666667,,Schaefer_2020,,,,,,,,,
61.28707521341365,-163.21592249598396,2014-08-17,249,1,58.58052511598789,58.5805251159879,,Schaefer_2020,,,,,,,,,
61.32562950037036,-163.15771988888892,2014-08-29,81,1,59.395151943562496,59.395151943562496,,Schaefer_2020,,,,,,,,,
61.276499578956944,-163.22320712698684,2014-08-14,604,1,63.03972925198176,63.039729251981775,,Schaefer_2020,,,,,,,,,
61.57253239533335,-162.77659029999998,2014-11-15,15,1,58.74854571357143,58.74854571357143,,Schaefer_2020,,,,,,,,,
61.284242802248336,-163.208117404027,2014-08-16,298,1,66.01034844771043,66.01034844771044,,Schaefer_2020,,,,,,,,,
61.30203132107913,-163.1797030539568,2014-08-22,139,1,58.07229105528986,58.07229105528985,,Schaefer_2020,,,,,,,,,
61.28170236741026,-163.22402685974353,2014-08-15,390,1,59.151881394533646,59.151881394533596,,Schaefer_2020,,,,,,,,,
61.2876516503475,-163.2143981714286,2014-08-17,259,1,55.695421924534834,55.695421924534884,,Schaefer_2020,,,,,,,,,
61.451422807200004,-162.96269810799998,2014-10-08,25,1,66.44936026250001,66.44936026250001,,Schaefer_2020,,,,,,,,,
61.297228707784456,-163.19090417544916,2014-08-20,167,1,65.28814467376509,65.28814467376506,,Schaefer_2020,,,,,,,,,
61.28670197744273,-163.2060138011449,2014-08-17,262,1,66.15220275390804,66.15220275390804,,Schaefer_2020,,,,,,,,,
61.28293187818183,-163.2091449431084,2014-08-16,341,1,70.07226686269117,70.07226686269117,,Schaefer_2020,,,,,,,,,
61.288854540041214,-163.21407321111116,2014-08-17,243,1,55.68544855487605,55.68544855487603,,Schaefer_2020,,,,,,,,,
61.281414209633304,-163.22385702493898,2014-08-15,409,1,57.89767889502456,57.89767889502451,,Schaefer_2020,,,,,,,,,
61.275430569029844,-163.2293879531983,2014-08-13,938,1,66.06886721344729,66.06886721344735,,Schaefer_2020,,,,,,,,,
61.27676981130135,-163.2254754809589,2014-08-13,730,1,68.18286066615921,68.18286066615913,,Schaefer_2020,,,,,,,,,
61.286555448260856,-163.208723017029,2014-08-17,276,1,61.2570215856254,61.25702158562545,,Schaefer_2020,,,,,,,,,
61.28801563178989,-163.20221304474714,2014-08-17,257,1,65.36852477218747,65.3685247721875,,Schaefer_2020,,,,,,,,,
61.360286404200004,-163.09297625,2014-09-09,50,1,43.62064521632653,43.62064521632653,,Schaefer_2020,,,,,,,,,
61.28674207923586,-163.21929859900325,2014-08-16,301,1,62.01689341826493,62.016893418265,,Schaefer_2020,,,,,,,,,
61.2964478007865,-163.20238599157298,2014-08-20,178,1,54.363087782579996,54.36308778258004,,Schaefer_2020,,,,,,,,,
61.28122823683186,-163.2219816478447,2014-08-15,464,1,63.873020736166225,63.8730207361663,,Schaefer_2020,,,,,,,,,
61.56827631400001,-162.7831254466667,2014-11-15,15,1,79.20055232214284,79.20055232214284,,Schaefer_2020,,,,,,,,,
61.28591967092653,-163.21156537252386,2014-08-16,313,1,64.77184339928726,64.77184339928725,,Schaefer_2020,,,,,,,,,
61.285308681437506,-163.20608673531248,2014-08-16,320,1,66.250551085862,66.25055108586207,,Schaefer_2020,,,,,,,,,
61.282748202708355,-163.22646624629644,2014-08-15,432,1,58.50290194346278,58.50290194346288,,Schaefer_2020,,,,,,,,,
61.28448085581524,-163.2181138239131,2014-08-15,368,1,63.44479531088549,63.44479531088557,,Schaefer_2020,,,,,,,,,
61.28607862975463,-163.21142933987727,2014-08-16,326,1,67.7239036061693,67.72390360616923,,Schaefer_2020,,,,,,,,,
61.284328615603265,-163.20893258150136,2014-08-15,373,1,68.73032855380376,68.73032855380377,,Schaefer_2020,,,,,,,,,
61.287049492305286,-163.22057612305295,2014-08-16,321,1,65.75366006985305,65.75366006985313,,Schaefer_2020,,,,,,,,,
61.28557401475805,-163.22197204811832,2014-08-15,372,1,63.14463491291772,63.144634912917795,,Schaefer_2020,,,,,,,,,
61.28480886768457,-163.22101859592877,2014-08-15,393,1,62.81869834958852,62.81869834958865,,Schaefer_2020,,,,,,,,,
61.29441595622012,-163.20441840287077,2014-08-18,209,1,66.28719069002399,66.28719069002403,,Schaefer_2020,,,,,,,,,
61.49444899300001,-162.88969688500003,2014-10-22,20,1,71.50998806210526,71.50998806210526,,Schaefer_2020,,,,,,,,,
61.28480608342709,-163.21330742634274,2014-08-15,391,1,71.16714992174353,71.16714992174359,,Schaefer_2020,,,,,,,,,
61.28801844157885,-163.20645844342098,2014-08-16,304,1,61.37868751627068,61.378687516270624,,Schaefer_2020,,,,,,,,,
61.321762644725275,-163.152769621978,2014-08-27,91,1,60.82632682544445,60.82632682544445,,Schaefer_2020,,,,,,,,,
61.350528641206886,-163.11221396206898,2014-09-05,58,1,66.30796234938596,66.30796234938597,,Schaefer_2020,,,,,,,,,
61.329545923,-163.14434425874995,2014-08-29,80,1,72.09616726240509,72.09616726240506,,Schaefer_2020,,,,,,,,,
61.51621734222221,-162.85543539444444,2013-11-18,18,1,66.94117647058823,66.94117647058823,,Schaefer_2020,,,,,,,,,
61.2764330302274,-163.2267490938919,2014-08-14,704,1,66.0757651267919,66.07576512679185,,Schaefer_2020,,,,,,,,,
61.71310182200001,-162.55046972000005,2014-02-06,10,1,66.0,66.0,,Schaefer_2020,,,,,,,,,
61.30122183107143,-163.18649014142855,2014-08-22,140,1,65.02339285726619,65.02339285726619,,Schaefer_2020,,,,,,,,,
61.43485518148149,-162.98457674444447,2013-10-16,27,1,60.76923076923077,60.76923076923077,,Schaefer_2020,,,,,,,,,
61.27758665836507,-163.22741187444458,2014-08-14,630,1,60.76972240999999,60.76972241000001,,Schaefer_2020,,,,,,,,,
61.28060669898556,-162.62668376038414,2014-08-12,1666,1,68.07074534269108,68.07074534269096,,Schaefer_2020,,,,,,,,,
61.28193341471267,-162.62364033386373,2014-08-13,1131,1,70.39132025043337,70.39132025043341,,Schaefer_2020,,,,,,,,,
61.29382673139287,-162.60534627857155,2014-08-17,280,1,71.01776411788526,71.0177641178853,,Schaefer_2020,,,,,,,,,
61.32861267522726,-162.55884534545453,2014-08-28,88,1,76.07723242266282,76.07723242266283,,Schaefer_2020,,,,,,,,,
61.297133888644055,-162.60258211144074,2014-08-18,236,1,73.12836070049904,73.12836070049904,,Schaefer_2020,,,,,,,,,
61.294791282559835,-162.84964034641163,2013-08-15,418,1,68.07747608880103,68.07747608880096,,Schaefer_2020,,,,,,,,,
61.29635159271281,-162.8472512130319,2013-08-15,376,1,73.0392388452467,73.03923884524667,,Schaefer_2020,,,,,,,,,
61.449110408888906,-162.62367466666663,2013-10-16,27,1,72.73192482865383,72.73192482865383,,Schaefer_2020,,,,,,,,,
61.29400918970354,-162.85129679999994,2013-08-14,506,1,76.70797018818793,76.70797018818813,,Schaefer_2020,,,,,,,,,
61.3001364668025,-162.84701813322877,2013-08-16,319,1,76.26524113556611,76.26524113556604,,Schaefer_2020,,,,,,,,,
61.29700676271348,-162.84946957311558,2013-08-15,398,1,77.21019161191052,77.21019161191057,,Schaefer_2020,,,,,,,,,
61.31949379408758,-162.82125336715336,2013-08-24,137,1,69.75065117541175,69.75065117541178,,Schaefer_2020,,,,,,,,,
61.30468842613817,-162.84212660040652,2013-08-18,246,1,78.15240148518367,78.15240148518367,,Schaefer_2020,,,,,,,,,
61.30051149364938,-162.85064772614956,2013-08-16,348,1,72.22807577481414,72.22807577481412,,Schaefer_2020,,,,,,,,,
61.306313828275876,-162.84502420689657,2013-08-17,261,1,63.313033043288456,63.313033043288456,,Schaefer_2020,,,,,,,,,
61.28988113223142,-162.87085099173564,2013-08-11,242,1,65.62472896204896,65.62472896204889,,Schaefer_2020,,,,,,,,,
61.323184549548884,-162.8221384451128,2013-08-24,133,1,71.9654596100758,71.96545961007574,,Schaefer_2020,,,,,,,,,
61.29823722737365,-162.86079043451167,2013-08-14,594,1,73.70479983925951,73.70479983925952,,Schaefer_2020,,,,,,,,,
61.30177531751847,-162.8538552805896,2013-08-15,407,1,78.01636658482762,78.0163665848276,,Schaefer_2020,,,,,,,,,
61.313478819848456,-162.835546670202,2013-08-20,198,1,72.02426423109644,72.02426423109644,,Schaefer_2020,,,,,,,,,
61.319025019813665,-162.82785372484472,2013-08-22,161,1,77.53029745624995,77.53029745625,,Schaefer_2020,,,,,,,,,
61.312792844265395,-162.8361291407582,2013-08-19,211,1,74.36188125398407,74.36188125398414,,Schaefer_2020,,,,,,,,,
61.39946674567009,-163.03643471340214,2014-08-27,97,1,65.60559802531247,65.6055980253125,,Schaefer_2020,,,,,,,,,
61.36808304673137,-163.08168879935263,2014-08-17,309,1,70.38512078024351,70.3851207802435,,Schaefer_2020,,,,,,,,,
61.36735241736687,-163.08039348463956,2014-08-17,319,1,69.57093716164253,69.57093716164256,,Schaefer_2020,,,,,,,,,
61.36925080099637,-163.0758363811388,2014-08-18,281,1,66.01072169494638,66.01072169494644,,Schaefer_2020,,,,,,,,,
61.3629308837052,-163.08349776610527,2014-08-16,475,1,63.88615000787871,63.88615000787873,,Schaefer_2020,,,,,,,,,
61.36604618944749,-163.07749331491715,2014-08-16,362,1,66.8555463871503,66.85554638715027,,Schaefer_2020,,,,,,,,,
61.382757035519454,-163.04481500259735,2014-08-22,154,1,71.52242145050656,71.52242145050654,,Schaefer_2020,,,,,,,,,
61.378857538131854,-163.06928685934065,2014-08-20,182,1,63.323479336312175,63.32347933631216,,Schaefer_2020,,,,,,,,,
61.35458480924855,-163.09466380924852,2014-08-13,173,1,68.56502334034676,68.56502334034681,,Schaefer_2020,,,,,,,,,
61.37510115723505,-163.0628924138248,2014-08-19,217,1,64.38703060402777,64.38703060402777,,Schaefer_2020,,,,,,,,,
61.37188700841082,-163.06570767635668,2014-08-18,258,1,76.54778312791463,76.54778312791464,,Schaefer_2020,,,,,,,,,
61.36767186293407,-163.0699648407185,2014-08-17,334,1,71.62497824444455,71.62497824444443,,Schaefer_2020,,,,,,,,,
61.37271697847456,-163.0602158444915,2014-08-19,236,1,74.3126459054893,74.31264590548936,,Schaefer_2020,,,,,,,,,
61.37167257394836,-163.07280090627302,2014-08-18,271,1,67.01116820801853,67.01116820801853,,Schaefer_2020,,,,,,,,,
61.37314458786011,-163.0681996049383,2014-08-18,243,1,58.96425190134305,58.964251901342976,,Schaefer_2020,,,,,,,,,
61.369120452322505,-163.07265014774188,2014-08-17,310,1,66.78469515289919,66.78469515289913,,Schaefer_2020,,,,,,,,,
61.376361988623835,-163.07062012981655,2014-08-19,218,1,67.90470408032265,67.90470408032259,,Schaefer_2020,,,,,,,,,
61.36633802692305,-163.08426952895923,2014-08-16,442,1,67.35436534083057,67.35436534083058,,Schaefer_2020,,,,,,,,,
61.4137635377027,-163.00914616621625,2014-09-01,74,1,69.29723442164384,69.29723442164384,,Schaefer_2020,,,,,,,,,
62.7253295376923,-141.29075051249995,2018-08-12,104,1,56.090401721618115,56.09040172161812,,Schaefer_2020,,,,,,,,,
64.40029179313726,-146.97614026960787,2014-08-25,102,1,64.43083368942241,64.43083368942244,,Schaefer_2020,,,,,,,,,
64.87397021519335,-147.7876658132597,2014-08-19,181,1,60.49855910415741,60.498559104157394,,Schaefer_2020,,,,,,,,,
64.87718954482456,-147.816574154386,2014-08-24,114,1,64.55807214528761,64.55807214528761,,Schaefer_2020,,,,,,,,,
64.87119142111112,-147.73980326666666,2014-08-12,9,1,68.33333333333333,68.33333333333333,,Schaefer_2020,,,,,,,,,
64.88208846303924,-147.76810330882358,2014-08-25,102,1,63.17993821059405,63.17993821059407,,Schaefer_2020,,,,,,,,,
68.46977603379574,-149.51662484816958,2014-08-14,519,1,48.12254826254809,48.12254826254827,,Schaefer_2020,,,,,,,,,
68.46713319103128,-149.52490602312503,2014-08-16,320,1,50.81677115987456,50.816771159874605,,Schaefer_2020,,,,,,,,,
68.47102695562383,-149.5133158629423,2014-08-14,537,1,46.34227611940299,46.34227611940298,,Schaefer_2020,,,,,,,,,
68.47262378381993,-149.51063120341615,2014-08-14,644,1,50.26060653188185,50.260606531881805,,Schaefer_2020,,,,,,,,,
68.45870063701987,-149.54833404039735,2014-08-22,151,1,58.26866666666666,58.26866666666665,,Schaefer_2020,,,,,,,,,
68.47162207703707,-149.51527735315887,2014-08-16,459,1,59.78502183406116,59.78502183406114,,Schaefer_2020,,,,,,,,,
68.47030759011659,-149.52090483236162,2014-08-17,343,1,55.75377192982451,55.753771929824566,,Schaefer_2020,,,,,,,,,
68.4655727023293,-149.53037435863456,2014-08-18,249,1,50.06750000000006,50.06750000000001,,Schaefer_2020,,,,,,,,,
68.52772936141102,-149.53395113006133,2016-08-18,163,1,45.29271604938276,45.29271604938272,,Schaefer_2020,,,,,,,,,
68.5406916565124,-149.5023076661921,2016-08-15,562,1,37.19534759358278,37.19534759358289,,Schaefer_2020,,,,,,,,,
68.49279107592592,-149.61635217592593,2016-08-26,54,1,38.117358490566026,38.11735849056603,,Schaefer_2020,,,,,,,,,
67.58731754333333,-151.78320096666667,2017-04-02,3,1,58.0,58.0,,Schaefer_2020,,,,,,,,,
68.62257049552058,-149.50738126682808,2013-08-15,413,1,47.89594660194174,47.89594660194175,,Schaefer_2020,,,,,,,,,
68.6250038464276,-149.4991440998507,2013-08-13,669,1,41.58654191616766,41.58654191616766,,Schaefer_2020,,,,,,,,,
68.61896705202898,-149.51172080289854,2013-08-17,276,1,50.04901818181824,50.04901818181818,,Schaefer_2020,,,,,,,,,
68.61097223987092,-149.52855517419368,2013-08-22,155,1,47.840259740259754,47.84025974025974,,Schaefer_2020,,,,,,,,,
68.62174621060791,-149.51179843404248,2013-08-17,329,1,51.22234756097569,51.222347560975614,,Schaefer_2020,,,,,,,,,
68.61185963354032,-149.5259494062113,2013-08-22,161,1,45.66812500000002,45.668124999999996,,Schaefer_2020,,,,,,,,,
68.62209861412097,-149.50109831988465,2013-08-16,347,1,48.92289017341038,48.9228901734104,,Schaefer_2020,,,,,,,,,
68.61883930681644,-149.50729119387756,2013-08-19,245,1,51.41524590163936,51.415245901639345,,Schaefer_2020,,,,,,,,,
68.62339093726067,-149.50894270132986,2013-08-16,376,1,47.51325333333332,47.51325333333334,,Schaefer_2020,,,,,,,,,
68.6134264582143,-149.5192344946428,2013-08-22,168,1,49.5462874251497,49.5462874251497,,Schaefer_2020,,,,,,,,,
68.6035861993458,-149.5417872056075,2013-08-28,107,1,58.92396226415093,58.92396226415094,,Schaefer_2020,,,,,,,,,
68.60980396231342,-149.54215578432832,2013-08-25,134,1,42.47466165413533,42.474661654135346,,Schaefer_2020,,,,,,,,,
68.58686283476922,-149.59546882000004,2013-09-10,65,1,36.66203124999999,36.66203125,,Schaefer_2020,,,,,,,,,
68.62553505239362,-149.5091427457447,2013-08-18,376,1,46.80295999999999,46.80296,,Schaefer_2020,,,,,,,,,
68.56814803695652,-149.6394137739131,2013-09-21,46,1,51.034444444444425,51.034444444444446,,Schaefer_2020,,,,,,,,,
68.62707908587811,-149.50993056756099,2013-08-18,410,1,46.053105134474336,46.05310513447432,,Schaefer_2020,,,,,,,,,
68.61095812184617,-149.54504877923074,2013-08-27,130,1,49.35914728682171,49.3591472868217,,Schaefer_2020,,,,,,,,,
68.62690675627115,-149.51465461723174,2013-08-19,354,1,51.44283286118986,51.4428328611898,,Schaefer_2020,,,,,,,,,
68.62375418367188,-149.52170581289062,2013-08-20,256,1,46.06678431372556,46.066784313725485,,Schaefer_2020,,,,,,,,,
68.63071294467157,-149.5092134563867,2013-08-17,548,1,48.07100548446061,48.07100548446069,,Schaefer_2020,,,,,,,,,
68.61450805335936,-149.55256207578122,2013-08-27,128,1,50.300472440944866,50.30047244094488,,Schaefer_2020,,,,,,,,,
68.62030800045453,-149.53703837102265,2013-08-24,176,1,49.1677142857143,49.167714285714275,,Schaefer_2020,,,,,,,,,
68.52707603153847,-149.76955310000005,2013-10-21,26,1,61.436800000000005,61.43679999999999,,Schaefer_2020,,,,,,,,,
68.61212433628572,-149.52394205357132,2013-08-26,140,1,40.3354676258993,40.335467625899284,,Schaefer_2020,,,,,,,,,
68.61680995612717,-149.51310257052023,2013-08-24,173,1,45.29703488372093,45.29703488372093,,Schaefer_2020,,,,,,,,,
68.62524216504956,-149.49466653366335,2013-08-19,303,1,41.42927152317883,41.429271523178805,,Schaefer_2020,,,,,,,,,
68.62963347431683,-149.48483790297033,2013-08-17,505,1,42.7846626984127,42.7846626984127,,Schaefer_2020,,,,,,,,,
68.62971161899542,-149.48595196141554,2013-08-18,438,1,44.3587414187643,44.3587414187643,,Schaefer_2020,,,,,,,,,
68.62908308881347,-149.4888847680792,2013-08-19,354,1,46.35855524079317,46.35855524079321,,Schaefer_2020,,,,,,,,,
68.63075942931123,-149.4861437489797,2013-08-18,392,1,44.26923273657286,44.26923273657289,,Schaefer_2020,,,,,,,,,
68.62623513253331,-149.4987389422222,2013-08-21,225,1,44.92160714285712,44.921607142857134,,Schaefer_2020,,,,,,,,,
68.6116175107767,-149.53571253203881,2013-08-31,103,1,49.62578431372549,49.62578431372549,,Schaefer_2020,,,,,,,,,
68.63013383489577,-149.49112940069432,2013-08-20,288,1,39.5190592334495,39.519059233449475,,Schaefer_2020,,,,,,,,,
68.58492883826922,-149.6025665307692,2013-09-17,52,1,46.07450980392156,46.074509803921565,,Schaefer_2020,,,,,,,,,
68.6016854987013,-149.59923152597403,2013-09-06,77,1,62.32999999999998,62.33,,Schaefer_2020,,,,,,,,,
68.63867995198753,-149.50587014782607,2013-08-14,161,1,45.94204968944098,45.94204968944099,,Schaefer_2020,,,,,,,,,
68.62222934732954,-149.54394342784087,2013-08-24,176,1,60.932057142857104,60.93205714285715,,Schaefer_2020,,,,,,,,,
68.48400158473683,-149.86522783157895,2013-11-16,19,1,74.6211111111111,74.62111111111112,,Schaefer_2020,,,,,,,,,
68.63957945670886,-149.51089851645574,2013-08-14,79,1,71.6573417721519,71.6573417721519,,Schaefer_2020,,,,,,,,,
68.57591315586959,-149.6580523021739,2013-09-21,46,1,56.73288888888889,56.73288888888888,,Schaefer_2020,,,,,,,,,
68.6405235554687,-149.5026580265626,2013-08-14,512,1,57.23853515625002,57.23853515625,,Schaefer_2020,,,,,,,,,
68.6405386556845,-149.5001395456274,2013-08-14,526,1,61.94395437262349,61.94395437262357,,Schaefer_2020,,,,,,,,,
68.62567330403934,-149.53274772660097,2013-08-22,203,1,47.59876237623769,47.59876237623763,,Schaefer_2020,,,,,,,,,
68.63290704570528,-149.48829069811921,2014-08-15,319,1,41.84650943396225,41.84650943396227,,Schaefer_2020,,,,,,,,,
68.64180003103894,-149.46970704675329,2014-08-11,231,1,47.3919480519481,47.391948051948056,,Schaefer_2020,,,,,,,,,
68.62219226980137,-149.51166574503313,2014-08-20,151,1,41.40986666666664,41.409866666666666,,Schaefer_2020,,,,,,,,,
68.64155214088099,-149.47805480666668,2014-08-11,420,1,42.227452380952364,42.22745238095238,,Schaefer_2020,,,,,,,,,
68.63552717799601,-149.49367740404847,2014-08-13,494,1,55.503813387423925,55.50381338742394,,Schaefer_2020,,,,,,,,,
68.62414197099407,-149.51575868187135,2014-08-19,171,1,35.83982352941174,35.83982352941177,,Schaefer_2020,,,,,,,,,
68.62518371481755,-149.44389045182484,2016-08-19,137,1,39.97411764705886,39.97411764705882,,Schaefer_2020,,,,,,,,,
68.63788219993829,-149.41161268703704,2016-08-16,324,1,44.958513931888525,44.95851393188855,,Schaefer_2020,,,,,,,,,
68.62462824333333,-149.44129096818187,2016-08-19,132,1,54.7107633587786,54.71076335877863,,Schaefer_2020,,,,,,,,,
68.5443024934483,-149.62894222068968,2016-09-06,29,1,54.89857142857144,54.89857142857144,,Schaefer_2020,,,,,,,,,
68.59662440220339,-149.502794261017,2016-08-25,59,1,55.96482758620691,55.964827586206894,,Schaefer_2020,,,,,,,,,
68.60263028014924,-149.48579169552232,2016-08-24,67,1,46.62863636363637,46.62863636363636,,Schaefer_2020,,,,,,,,,
68.63363598728505,-149.4100352846153,2016-08-17,221,1,47.41713636363637,47.41713636363637,,Schaefer_2020,,,,,,,,,
68.58557711836734,-149.52202491836738,2016-08-28,49,1,45.767500000000005,45.767500000000005,,Schaefer_2020,,,,,,,,,
68.54966102709679,-149.60438991935482,2016-09-05,31,1,42.06733333333334,42.06733333333333,,Schaefer_2020,,,,,,,,,
68.62351638070861,-149.42641761653542,2016-08-19,127,1,40.52079365079367,40.52079365079364,,Schaefer_2020,,,,,,,,,
68.57527154761904,-149.5367211285714,2016-08-30,42,1,36.75390243902439,36.75390243902439,,Schaefer_2020,,,,,,,,,
67.69999956333332,-151.69415370000002,2017-04-02,3,1,45.0,45.0,,Schaefer_2020,,,,,,,,,
68.51335623954546,-149.70871844545454,2016-09-15,22,1,59.19047619047619,59.19047619047619,,Schaefer_2020,,,,,,,,,
68.27805529250001,-150.2686986,2016-11-09,8,1,53.0,53.0,,Schaefer_2020,,,,,,,,,
68.49246532947369,-149.75553558421052,2016-09-20,19,1,48.05555555555556,48.05555555555556,,Schaefer_2020,,,,,,,,,
68.64827513666665,-149.37993029999998,2016-08-15,3,1,60.0,60.0,,Schaefer_2020,,,,,,,,,
68.52350041956521,-149.68625981739135,2016-09-14,23,1,50.40909090909091,50.40909090909091,,Schaefer_2020,,,,,,,,,
68.64844740913044,-149.3747439130435,2016-08-15,23,1,47.43478260869565,47.43478260869565,,Schaefer_2020,,,,,,,,,
68.64822197333332,-149.37246873333333,2016-08-15,3,1,53.666666666666664,53.666666666666664,,Schaefer_2020,,,,,,,,,
68.64835519227273,-149.3703539727273,2016-08-15,22,1,44.95454545454545,44.95454545454545,,Schaefer_2020,,,,,,,,,
68.64823915666666,-149.36802886666666,2016-08-15,3,1,50.0,50.0,,Schaefer_2020,,,,,,,,,
68.64824200666666,-149.36532150000002,2016-08-15,3,1,58.0,58.0,,Schaefer_2020,,,,,,,,,
68.64827495249999,-149.36308015,2016-08-15,16,1,56.3125,56.3125,,Schaefer_2020,,,,,,,,,
68.64811880335844,-149.35155998716982,2016-08-14,265,1,47.75683018867922,47.756830188679245,,Schaefer_2020,,,,,,,,,
68.64836366405905,-149.34879977158656,2016-08-14,271,1,54.00900369003692,54.0090036900369,,Schaefer_2020,,,,,,,,,
68.64822120072292,-149.34682295662648,2016-08-14,249,1,55.56518072289153,55.56518072289156,,Schaefer_2020,,,,,,,,,
68.64839925788574,-149.3439683662858,2016-08-14,175,1,43.57994285714291,43.57994285714286,,Schaefer_2020,,,,,,,,,
68.64851028057467,-149.342059810345,2016-08-14,87,1,47.89896551724139,47.89896551724137,,Schaefer_2020,,,,,,,,,
68.64911723133332,-149.33758207333332,2016-08-15,30,1,52.59666666666667,52.59666666666667,,Schaefer_2020,,,,,,,,,
68.64848100976744,-149.24855662480613,2014-08-13,129,1,34.65162790697675,34.65162790697675,,Schaefer_2020,,,,,,,,,
68.65006358109375,-149.251964465625,2014-08-13,64,1,54.32671874999998,54.32671875,,Schaefer_2020,,,,,,,,,
68.64967554728571,-149.2509757871429,2014-08-13,70,1,36.87457142857143,36.87457142857143,,Schaefer_2020,,,,,,,,,
68.65083570725352,-149.25557541619713,2014-08-13,284,1,48.41169014084506,48.41169014084507,,Schaefer_2020,,,,,,,,,
68.65031724325108,-149.25299614238682,2014-08-13,486,1,57.374115226337466,57.374115226337445,,Schaefer_2020,,,,,,,,,
68.6511728429582,-149.2563444209004,2014-08-13,311,1,46.183633440514484,46.18363344051446,,Schaefer_2020,,,,,,,,,
68.64893992283015,-149.24207475047177,2014-08-13,212,1,42.905990566037715,42.90599056603774,,Schaefer_2020,,,,,,,,,
68.64909762968747,-149.24103059624994,2014-08-13,160,1,40.62899999999998,40.629,,Schaefer_2020,,,,,,,,,
68.64989665285714,-149.33456791428574,2016-08-14,14,1,61.84785714285714,61.847857142857144,,Schaefer_2020,,,,,,,,,
68.65045165000001,-149.33171,2016-08-14,2,1,29.0,29.0,,Schaefer_2020,,,,,,,,,
68.65015191842521,-149.23542606062995,2014-08-13,127,1,34.43362204724409,34.4336220472441,,Schaefer_2020,,,,,,,,,
68.65051772870629,-149.2336266538462,2014-08-13,286,1,45.587587412587396,45.58758741258741,,Schaefer_2020,,,,,,,,,
68.65089899208178,-149.23252181486995,2014-08-13,269,1,38.70431226765803,38.704312267658,,Schaefer_2020,,,,,,,,,
68.65176791714285,-149.23011029999998,2014-08-13,14,1,25.495,25.495,,Schaefer_2020,,,,,,,,,
68.65241685393258,-149.22831511573028,2014-08-13,89,1,42.0587640449438,42.05876404494382,,Schaefer_2020,,,,,,,,,
68.65277763985071,-149.22751515298503,2014-08-13,268,1,42.73462686567166,42.73462686567164,,Schaefer_2020,,,,,,,,,
68.6542172591111,-149.22931138444443,2014-08-13,45,1,52.54244444444444,52.54244444444445,,Schaefer_2020,,,,,,,,,
68.65380786937253,-149.22838897078438,2014-08-13,510,1,44.1111764705882,44.111176470588234,,Schaefer_2020,,,,,,,,,
68.65477558191604,-149.23044410967148,2014-08-13,548,1,42.1365875912409,42.13658759124088,,Schaefer_2020,,,,,,,,,
68.6557749526288,-149.23220212680414,2014-08-13,388,1,39.72234536082473,39.72234536082475,,Schaefer_2020,,,,,,,,,
68.65530854408047,-149.23144156954015,2014-08-13,174,1,48.005517241379344,48.00551724137931,,Schaefer_2020,,,,,,,,,
68.65685868833333,-149.2344386597223,2014-08-13,144,1,45.76680555555553,45.76680555555556,,Schaefer_2020,,,,,,,,,
68.65639828968133,-149.23342892230383,2014-08-13,408,1,53.758627450980406,53.75862745098039,,Schaefer_2020,,,,,,,,,
68.65716760968458,-149.23502536719235,2014-08-13,317,1,37.679242902208195,37.6792429022082,,Schaefer_2020,,,,,,,,,
68.65144846047617,-149.3242130357143,2016-08-14,42,1,68.76952380952379,68.76952380952382,,Schaefer_2020,,,,,,,,,
68.65147870403585,-149.32291662286997,2016-08-14,223,1,74.74816143497758,74.74816143497759,,Schaefer_2020,,,,,,,,,
68.65924295249998,-149.26174902163467,2014-08-13,208,1,44.75572115384613,44.755721153846146,,Schaefer_2020,,,,,,,,,
68.65930915814288,-149.25972093000004,2014-08-13,140,1,42.4402857142857,42.44028571428571,,Schaefer_2020,,,,,,,,,
68.65942444839283,-149.25646346500002,2014-08-13,280,1,39.765857142857136,39.76585714285714,,Schaefer_2020,,,,,,,,,
68.65951889584439,-149.25388665281505,2014-08-13,373,1,42.56109919571046,42.561099195710455,,Schaefer_2020,,,,,,,,,
68.65961399580861,-149.25158040858074,2014-08-13,303,1,45.39831683168316,45.39831683168317,,Schaefer_2020,,,,,,,,,
68.65971106346366,-149.24909961355414,2014-08-13,332,1,43.13180722891566,43.13180722891566,,Schaefer_2020,,,,,,,,,
68.65978054888116,-149.24669406404755,2014-08-13,420,1,42.412857142857156,42.41285714285715,,Schaefer_2020,,,,,,,,,
68.65984936212938,-149.24433920665382,2014-08-13,526,1,50.61458174904944,50.61458174904942,,Schaefer_2020,,,,,,,,,
68.659895038674,-149.24176168674018,2014-08-13,362,1,43.544558011049745,43.54455801104972,,Schaefer_2020,,,,,,,,,
68.65979982834538,-149.2393726956835,2014-08-13,139,1,40.157697841726616,40.157697841726616,,Schaefer_2020,,,,,,,,,
68.91618670160403,-148.8474357410881,2016-08-13,1066,1,52.043611632270334,52.043611632270164,,Schaefer_2020,,,,,,,,,
68.9161435,-148.84792149999998,2018-08-16,2,1,51.5,51.5,,Schaefer_2020,,,,,,,,,
68.91695103138365,-148.84795206750525,2016-08-13,477,1,50.108113207547255,50.10811320754717,,Schaefer_2020,,,,,,,,,
68.91696833333333,-148.84788533333335,2018-08-16,3,1,44.5,44.5,,Schaefer_2020,,,,,,,,,
69.06103686689653,-148.7807689931035,2014-08-13,29,1,49.73689655172411,49.73689655172413,,Schaefer_2020,,,,,,,,,
69.06183689289162,-148.78569728843368,2014-08-13,415,1,75.29226506024105,75.29226506024096,,Schaefer_2020,,,,,,,,,
69.06131153519999,-148.7843121048,2014-08-13,125,1,43.69072,43.690719999999985,,Schaefer_2020,,,,,,,,,
69.06283171890624,-148.7888181578125,2014-08-13,64,1,46.124687500000014,46.1246875,,Schaefer_2020,,,,,,,,,
69.06219898642462,-148.78626373743023,2014-08-13,179,1,44.48217877094966,44.482178770949716,,Schaefer_2020,,,,,,,,,
69.06339123378787,-148.79080565303028,2014-08-13,132,1,40.55484848484847,40.554848484848485,,Schaefer_2020,,,,,,,,,
69.06307771653846,-148.78971854519233,2014-08-13,104,1,41.44519230769228,41.44519230769231,,Schaefer_2020,,,,,,,,,
69.0644541254268,-148.79327136890237,2014-08-13,328,1,41.35399390243905,41.35399390243903,,Schaefer_2020,,,,,,,,,
69.06402372999999,-148.79234195714284,2014-08-13,21,1,37.111428571428576,37.111428571428576,,Schaefer_2020,,,,,,,,,
69.0654410994475,-148.79531585193368,2014-08-13,181,1,43.84629834254143,43.84629834254144,,Schaefer_2020,,,,,,,,,
69.06505974192837,-148.7945389487603,2014-08-13,363,1,37.034683195592294,37.03468319559229,,Schaefer_2020,,,,,,,,,
69.06644903866668,-148.79778246619054,2014-08-13,210,1,49.312523809523796,49.31252380952382,,Schaefer_2020,,,,,,,,,
69.0660366499815,-148.79678009852384,2014-08-13,542,1,52.59747232472321,52.59747232472325,,Schaefer_2020,,,,,,,,,
69.0670583822321,-148.7993451857142,2014-08-13,336,1,39.509553571428555,39.509553571428576,,Schaefer_2020,,,,,,,,,
69.0681192673699,-148.80866762774576,2014-08-13,346,1,43.05841040462429,43.05841040462428,,Schaefer_2020,,,,,,,,,
69.0682074063268,-148.80620496812278,2014-08-13,618,1,62.122200647249166,62.12220064724919,,Schaefer_2020,,,,,,,,,
69.0683421446068,-148.80403246292133,2014-08-13,89,1,38.942022471910114,38.94202247191011,,Schaefer_2020,,,,,,,,,
69.0679042165663,-148.80126646867467,2014-08-13,498,1,45.43935742971886,45.439357429718875,,Schaefer_2020,,,,,,,,,
69.06896894478263,-148.81311491594207,2014-08-14,69,1,38.40217391304348,38.40217391304347,,Schaefer_2020,,,,,,,,,
69.06861625809397,-148.81124454621428,2014-08-14,766,1,43.01523498694522,43.01523498694517,,Schaefer_2020,,,,,,,,,
69.06839119000001,-148.81001413695648,2014-08-14,46,1,37.65934782608694,37.65934782608696,,Schaefer_2020,,,,,,,,,
69.06838013100001,-148.80403851131575,2014-08-13,380,1,52.61336842105269,52.61336842105263,,Schaefer_2020,,,,,,,,,
69.07007758088234,-148.8181995698529,2016-08-02,136,1,50.9720588235294,50.972058823529416,,Schaefer_2020,,,,,,,,,
69.06934887604652,-148.81470788023253,2014-08-14,86,1,41.361395348837185,41.361395348837206,,Schaefer_2020,,,,,,,,,
69.07033270713667,-148.81904309563953,2016-08-13,688,1,54.178997093023334,54.17899709302325,,Schaefer_2020,,,,,,,,,
69.07025151612511,-148.81708534333336,2016-08-13,240,1,57.70549999999995,57.7055,,Schaefer_2020,,,,,,,,,
69.06998756863632,-148.8176217772727,2016-07-26,22,1,42.657272727272726,42.657272727272726,,Schaefer_2020,,,,,,,,,
69.06954424655879,-148.8160540744118,2014-08-14,340,1,48.524235294117695,48.52423529411764,,Schaefer_2020,,,,,,,,,
69.0699854525,-148.81761352499998,2015-07-28,4,1,36.6525,36.6525,,Schaefer_2020,,,,,,,,,
69.061949782572,-148.77352179014417,2014-08-13,416,1,70.52615384615395,70.52615384615385,,Schaefer_2020,,,,,,,,,
69.0616340436522,-148.7713803508694,2014-08-13,460,1,72.01969565217395,72.01969565217391,,Schaefer_2020,,,,,,,,,
69.06141005086707,-148.7681497942197,2014-08-13,173,1,56.64404624277462,56.64404624277456,,Schaefer_2020,,,,,,,,,
69.06177950559656,-148.76685931250003,2014-08-13,352,1,43.721448863636326,43.72144886363637,,Schaefer_2020,,,,,,,,,
69.062118576,-148.76617266333332,2014-08-13,30,1,41.415,41.415,,Schaefer_2020,,,,,,,,,
69.06306036428572,-148.76468526785717,2014-08-13,56,1,72.78178571428569,72.7817857142857,,Schaefer_2020,,,,,,,,,
69.06484089798562,-148.7599738604316,2014-08-13,139,1,79.02697841726616,79.02697841726619,,Schaefer_2020,,,,,,,,,
69.06578462136366,-148.75953845454544,2014-08-13,22,1,58.90590909090909,58.90590909090909,,Schaefer_2020,,,,,,,,,
69.06680133755556,-148.7599784066667,2014-08-13,135,1,94.53177777777778,94.53177777777779,,Schaefer_2020,,,,,,,,,
69.0681447222727,-148.7612818590909,2014-08-13,22,1,97.98318181818182,97.98318181818182,,Schaefer_2020,,,,,,,,,
69.06749797239999,-148.760361263,2014-08-13,100,1,80.74360000000003,80.7436,,Schaefer_2020,,,,,,,,,
69.06896957999999,-148.76654713359994,2014-08-14,125,1,54.81927999999998,54.81928000000001,,Schaefer_2020,,,,,,,,,
69.06861243645504,-148.76433934973545,2014-08-14,189,1,72.41068783068785,72.41068783068782,,Schaefer_2020,,,,,,,,,
69.06830100629394,-148.76240726581477,2014-08-13,313,1,68.71955271565504,68.71955271565496,,Schaefer_2020,,,,,,,,,
69.06991753181816,-148.77388786363633,2014-08-14,44,1,70.91568181818184,70.91568181818182,,Schaefer_2020,,,,,,,,,
69.06983982326925,-148.77343761025642,2014-08-14,156,1,68.63724358974359,68.63724358974359,,Schaefer_2020,,,,,,,,,
69.06947513803138,-148.7697921863534,2014-08-14,447,1,57.96818791946312,57.96818791946309,,Schaefer_2020,,,,,,,,,
69.06918782473284,-148.7679400765903,2014-08-14,393,1,63.08145038167944,63.081450381679396,,Schaefer_2020,,,,,,,,,
69.0706242776147,-148.77672337247702,2016-08-13,109,1,57.7567889908257,57.75678899082568,,Schaefer_2020,,,,,,,,,
69.07091365764701,-148.77789308823526,2016-08-13,136,1,63.6158088235294,63.61580882352941,,Schaefer_2020,,,,,,,,,
69.07025441644674,-148.77501222512694,2016-08-10,394,1,66.83403553299469,66.83403553299492,,Schaefer_2020,,,,,,,,,
69.06997194499999,-148.77403811250002,2014-08-25,16,1,73.04124999999999,73.04124999999999,,Schaefer_2020,,,,,,,,,
69.069984885,-148.77407671666668,2015-07-05,6,1,73.105,73.105,,Schaefer_2020,,,,,,,,,
69.07014061163262,-148.81171751020406,2016-08-13,49,1,47.25775510204084,47.25775510204081,,Schaefer_2020,,,,,,,,,
69.07064049432843,-148.80661142417915,2016-08-13,335,1,44.769880597014875,44.769880597014925,,Schaefer_2020,,,,,,,,,
69.07080410160926,-148.80327584597703,2016-08-13,174,1,43.42908045977008,43.42908045977011,,Schaefer_2020,,,,,,,,,
69.07093289355214,-148.80115625559853,2016-08-13,259,1,46.266718146718134,46.26671814671815,,Schaefer_2020,,,,,,,,,
69.07104094876358,-148.79864084436358,2016-08-13,275,1,53.708290909090884,53.708290909090906,,Schaefer_2020,,,,,,,,,
69.07097306065536,-148.7963214398876,2016-08-13,534,1,62.49640449438189,62.49640449438201,,Schaefer_2020,,,,,,,,,
69.07112103408156,-148.7935253671429,2016-08-13,490,1,57.014387755101836,57.01438775510204,,Schaefer_2020,,,,,,,,,
69.07131491756166,-148.7914257547946,2016-08-13,365,1,47.83835616438352,47.83835616438356,,Schaefer_2020,,,,,,,,,
69.07149550803918,-148.79026797549028,2016-08-13,204,1,74.7117647058823,74.71176470588235,,Schaefer_2020,,,,,,,,,
69.07167022886276,-148.7891203819608,2016-08-13,255,1,50.52662745098038,50.52662745098039,,Schaefer_2020,,,,,,,,,
69.07201009823528,-148.78742903529408,2016-08-13,17,1,47.326470588235296,47.32647058823529,,Schaefer_2020,,,,,,,,,
69.07203854423423,-148.78406201891895,2016-08-13,111,1,46.91009009009005,46.91009009009009,,Schaefer_2020,,,,,,,,,
69.0715729628896,-148.78137942792202,2016-08-13,308,1,45.73922077922076,45.73922077922077,,Schaefer_2020,,,,,,,,,
69.10663978052634,-148.86343807368422,2014-08-11,19,1,25.522105263157897,25.522105263157897,,Schaefer_2020,,,,,,,,,
69.10631260166664,-148.86201006190473,2014-08-11,84,1,34.08988095238096,34.08988095238095,,Schaefer_2020,,,,,,,,,
69.10624080286715,-148.8591108839161,2014-08-11,143,1,34.0992307692308,34.099230769230765,,Schaefer_2020,,,,,,,,,
69.10603158915494,-148.8571069230046,2014-08-11,213,1,38.864788732394366,38.864788732394366,,Schaefer_2020,,,,,,,,,
69.10611134694268,-148.854446777707,2014-08-11,157,1,32.66687898089172,32.66687898089172,,Schaefer_2020,,,,,,,,,
69.10655315270272,-148.8530484081081,2014-08-11,37,1,23.871891891891885,23.871891891891888,,Schaefer_2020,,,,,,,,,
69.10715564145164,-148.86467881021494,2014-08-11,186,1,35.230591397849466,35.230591397849466,,Schaefer_2020,,,,,,,,,
69.1073755904116,-148.85192545278437,2014-08-11,413,1,45.50665859564171,45.506658595641646,,Schaefer_2020,,,,,,,,,
69.10807970714286,-148.8670371114285,2014-08-11,210,1,38.65819047619049,38.65819047619047,,Schaefer_2020,,,,,,,,,
69.107682014,-148.85096448666664,2014-08-11,30,1,39.125,39.125,,Schaefer_2020,,,,,,,,,
69.10821865867649,-148.84958610882353,2014-08-11,68,1,39.70808823529412,39.70808823529411,,Schaefer_2020,,,,,,,,,
69.10901516904762,-148.86901135367964,2014-08-11,693,1,43.56330447330447,43.56330447330447,,Schaefer_2020,,,,,,,,,
69.10858203499996,-148.84858665930236,2014-08-11,86,1,49.30302325581396,49.30302325581396,,Schaefer_2020,,,,,,,,,
69.11002239747684,-148.87085156597246,2014-08-11,864,1,70.16870370370371,70.16870370370371,,Schaefer_2020,,,,,,,,,
69.10956030251839,-148.870305159375,2014-08-11,544,1,71.30062499999997,71.300625,,Schaefer_2020,,,,,,,,,
69.11075896344828,-148.87112979122247,2014-08-11,957,1,70.94652037617554,70.94652037617556,,Schaefer_2020,,,,,,,,,
69.1116230198847,-148.87206294649496,2014-08-11,1127,1,70.70449866903269,70.70449866903283,,Schaefer_2020,,,,,,,,,
69.1126386525838,-148.87346389760773,2014-08-11,209,1,55.65822966507176,55.65822966507177,,Schaefer_2020,,,,,,,,,
69.11231776115939,-148.87290680555557,2014-08-11,414,1,60.425579710145065,60.425579710144916,,Schaefer_2020,,,,,,,,,
69.11340723933174,-148.87471778317405,2014-08-11,838,1,46.18483293556096,46.184832935560856,,Schaefer_2020,,,,,,,,,
69.11432733104797,-148.8747845040155,2014-08-11,1021,1,63.49359451518109,63.493594515181194,,Schaefer_2020,,,,,,,,,
69.11537990965861,-148.87476345679084,2014-08-11,1259,1,38.43922954725965,38.43922954725973,,Schaefer_2020,,,,,,,,,
69.11548304899424,-148.87264405899407,2014-08-11,517,1,36.575860735009684,36.57586073500968,,Schaefer_2020,,,,,,,,,
69.11571263632652,-148.873507977551,2014-08-11,49,1,32.583265306122456,32.58326530612245,,Schaefer_2020,,,,,,,,,
69.11619969909448,-148.8721400240157,2014-08-11,508,1,38.52600393700797,38.52600393700787,,Schaefer_2020,,,,,,,,,
69.11706218930911,-148.87179376527268,2014-08-11,550,1,42.268290909090965,42.26829090909091,,Schaefer_2020,,,,,,,,,
69.1177095570115,-148.87144250766278,2014-08-11,261,1,35.18773946360156,35.18773946360153,,Schaefer_2020,,,,,,,,,
69.12005699061855,-148.83833512061864,2016-08-17,194,1,28.446701030927894,28.446701030927834,,Schaefer_2020,,,,,,,,,
69.1203403589635,-148.83757432012192,2016-08-18,164,1,27.090121951219523,27.090121951219512,,Schaefer_2020,,,,,,,,,
69.12124,-148.8388975,2016-08-17,2,1,40.85,40.85,,Schaefer_2020,,,,,,,,,
69.12081154454548,-148.8368948475757,2016-08-17,330,1,27.763909090909124,27.76390909090909,,Schaefer_2020,,,,,,,,,
69.12150213850393,-148.83844247007877,2017-06-08,127,1,28.83866141732282,28.838661417322832,,Schaefer_2020,,,,,,,,,
69.12345181502444,-148.839320944878,2017-08-09,205,1,26.55273170731708,26.55273170731708,,Schaefer_2020,,,,,,,,,
69.12468904330511,-148.84083491271193,2017-08-17,118,1,29.195762711864397,29.195762711864408,,Schaefer_2020,,,,,,,,,
69.12486120724138,-148.84014675172415,2017-08-18,29,1,21.29931034482759,21.299310344827585,,Schaefer_2020,,,,,,,,,
69.12562953379121,-148.84225191318686,2017-08-18,182,1,28.963076923076922,28.963076923076922,,Schaefer_2020,,,,,,,,,
69.12663117845064,-148.8435206150235,2017-08-19,213,1,33.437417840375566,33.43741784037559,,Schaefer_2020,,,,,,,,,
69.12720421176523,-148.84421388507064,2017-08-21,1065,1,35.32806572769956,35.32806572769953,,Schaefer_2020,,,,,,,,,
69.122968,-148.8389717,2016-08-17,2,1,34.85,34.85,,Schaefer_2020,,,,,,,,,
69.12263158444443,-148.83877178888892,2017-08-06,9,1,22.08888888888889,22.08888888888889,,Schaefer_2020,,,,,,,,,
69.12613846640623,-148.84258237812497,2017-08-19,64,1,22.124843749999982,22.12484375,,Schaefer_2020,,,,,,,,,
69.12792203689295,-148.84522277119348,2017-08-31,486,1,33.503600823045254,33.50360082304527,,Schaefer_2020,,,,,,,,,
69.12098883736842,-148.8634575094737,2014-08-12,475,1,33.6697052631578,33.669705263157894,,Schaefer_2020,,,,,,,,,
69.12137317193549,-148.86243286774192,2014-08-12,31,1,32.219032258064516,32.21903225806451,,Schaefer_2020,,,,,,,,,
69.12186722921953,-148.8612695717074,2014-08-12,205,1,33.41468292682927,33.414682926829265,,Schaefer_2020,,,,,,,,,
69.1223585781026,-148.86022978102557,2014-08-12,195,1,43.86758974358971,43.86758974358975,,Schaefer_2020,,,,,,,,,
69.12260861070737,-148.85928838585215,2014-08-11,311,1,47.29372990353696,47.29372990353697,,Schaefer_2020,,,,,,,,,
69.12304764255323,-148.85700888085105,2014-08-12,47,1,33.271276595744666,33.27127659574467,,Schaefer_2020,,,,,,,,,
69.12333701498518,-148.8561761225519,2014-08-12,337,1,37.091543026706155,37.09154302670623,,Schaefer_2020,,,,,,,,,
69.12422068260001,-148.85365039,2014-08-12,50,1,38.074799999999996,38.074799999999996,,Schaefer_2020,,,,,,,,,
69.124798045625,-148.85198889999998,2014-08-12,16,1,41.17125,41.17125,,Schaefer_2020,,,,,,,,,
69.12524153837839,-148.85097894324326,2014-08-12,37,1,37.44513513513514,37.44513513513514,,Schaefer_2020,,,,,,,,,
69.14842224062728,-148.847391102214,2014-08-13,271,1,23.244317343173407,23.24431734317343,,Schaefer_2020,,,,,,,,,
69.14840508798399,-148.84373545280636,2014-08-13,873,1,27.95602520045814,27.95602520045819,,Schaefer_2020,,,,,,,,,
69.14871316,-148.8430252524391,2014-08-13,164,1,28.33231707317074,28.33231707317073,,Schaefer_2020,,,,,,,,,
69.14942439382112,-148.84444798211382,2014-08-13,123,1,26.64731707317073,26.64731707317073,,Schaefer_2020,,,,,,,,,
69.14951290831902,-148.84178195689665,2014-08-13,464,1,23.652844827586218,23.652844827586208,,Schaefer_2020,,,,,,,,,
69.14962027711408,-148.839935603752,2014-08-13,693,1,20.676291486291483,20.67629148629149,,Schaefer_2020,,,,,,,,,
70.13665992325582,-148.6518907,2018-08-26,86,1,55.069883745348854,55.06988374534883,,Schaefer_2020,,,,,,,,,
70.13638353209876,-148.6493413765432,2018-08-26,81,1,56.31370365432099,56.31370365432099,,Schaefer_2020,,,,,,,,,
70.13623881219513,-148.64653678414638,2018-08-25,82,1,92.02231700426829,92.02231700426829,,Schaefer_2020,,,,,,,,,
70.13603636119407,-148.64392417462685,2018-08-24,67,1,62.668059676119405,62.668059676119405,,Schaefer_2020,,,,,,,,,
70.1360654549296,-148.6412977676057,2018-08-24,71,1,45.66690133380283,45.66690133380281,,Schaefer_2020,,,,,,,,,
70.13612986250001,-148.639853125,2018-08-24,8,1,47.54374980000001,47.5437498,,Schaefer_2020,,,,,,,,,
70.13762593181819,-148.65897719999998,2018-08-26,22,1,55.86727316818181,55.867273168181825,,Schaefer_2020,,,,,,,,,
70.13741806931817,-148.65717540000009,2018-08-26,88,1,55.226591021590934,55.22659102159091,,Schaefer_2020,,,,,,,,,
70.1369713317073,-148.65469182439028,2018-08-26,82,1,51.78865846219512,51.78865846219512,,Schaefer_2020,,,,,,,,,
70.13778789999998,-148.66020851403508,2018-08-26,57,1,85.89964963157897,85.89964963157894,,Schaefer_2020,,,,,,,,,
70.13817550166667,-148.66512530333333,2019-08-28,60,1,40.61533339916665,40.61533339916666,,Schaefer_2020,,,,,,,,,
70.13825252,-148.66560701999998,2020-08-08,5,1,37.472999599999994,37.472999599999994,,Schaefer_2020,,,,,,,,,
70.13780095116282,-148.66203473023253,2018-08-26,43,1,90.32325585581394,90.32325585581394,,Schaefer_2020,,,,,,,,,
70.13793016470588,-148.6633878352941,2019-06-22,17,1,57.15823565882353,57.158235658823536,,Schaefer_2020,,,,,,,,,
71.2467025,-156.56127859999998,2014-08-12,10,1,40.01196995,40.01196995,,Schaefer_2020,,,,,,,,,
71.246528128,-156.55973104,2014-08-12,250,1,51.16126232679999,51.1612623268,,Schaefer_2020,,,,,,,,,
71.24623414685314,-156.55747397902093,2014-08-12,143,1,45.49388822307685,45.49388822307692,,Schaefer_2020,,,,,,,,,
71.24597891780819,-156.55401442922368,2014-08-12,219,1,40.11883376575339,40.11883376575343,,Schaefer_2020,,,,,,,,,
71.24600917741928,-156.55130056854847,2014-08-12,248,1,33.00122611028224,33.00122611028225,,Schaefer_2020,,,,,,,,,
71.24618165538463,-156.54818723692296,2014-08-12,325,1,46.25906545984614,46.259065459846155,,Schaefer_2020,,,,,,,,,
71.2466567628866,-156.54674425773194,2014-08-12,97,1,51.84219063711343,51.842190637113404,,Schaefer_2020,,,,,,,,,
71.24727995081965,-156.56420122950823,2014-08-12,61,1,28.267520386885245,28.267520386885252,,Schaefer_2020,,,,,,,,,
71.24700626397511,-156.56262557763972,2014-08-12,322,1,37.043780845031044,37.04378084503105,,Schaefer_2020,,,,,,,,,
71.24703766666666,-156.55876766666668,2014-08-12,3,1,76.66666666666667,76.66666666666667,,Schaefer_2020,,,,,,,,,
71.24713583922829,-156.54565509324738,2014-08-12,311,1,41.370828771864915,41.37082877186495,,Schaefer_2020,,,,,,,,,
71.248078,-156.5587065,2014-08-12,2,1,58.0,58.0,,Schaefer_2020,,,,,,,,,
71.24810437313431,-156.5454521044776,2014-08-12,268,1,38.188002136940334,38.1880021369403,,Schaefer_2020,,,,,,,,,
71.24931822619047,-156.56465451190473,2014-08-12,168,1,39.45789866964282,39.45789866964286,,Schaefer_2020,,,,,,,,,
71.24931017770037,-156.56246452961673,2014-08-12,287,1,44.190503381591164,44.19050338159118,,Schaefer_2020,,,,,,,,,
71.24937633632288,-156.55999140807165,2014-08-12,223,1,49.387536585425984,49.387536585426005,,Schaefer_2020,,,,,,,,,
71.24943897222226,-156.55750438888896,2014-08-12,72,1,50.68360820416667,50.68360820416667,,Schaefer_2020,,,,,,,,,
71.24898961224488,-156.54582632993194,2014-08-12,294,1,35.75026763537419,35.75026763537414,,Schaefer_2020,,,,,,,,,
71.24945445045046,-156.5586511801802,2014-08-12,111,1,49.78921250360355,49.789212503603586,,Schaefer_2020,,,,,,,,,
71.2495512464183,-156.55663508309456,2014-08-12,349,1,53.271663546275015,53.271663546275065,,Schaefer_2020,,,,,,,,,
71.2498271846689,-156.55406897386763,2014-08-12,574,1,54.56650920487806,54.566509204878045,,Schaefer_2020,,,,,,,,,
71.25017557494405,-156.55161823042502,2014-08-12,447,1,53.52590683078294,53.52590683078301,,Schaefer_2020,,,,,,,,,
71.25003454642857,-156.54817362500012,2014-08-12,280,1,40.97458201446432,40.97458201446429,,Schaefer_2020,,,,,,,,,
71.24964774834437,-156.54649383443714,2014-08-12,151,1,39.604931001986756,39.604931001986756,,Schaefer_2020,,,,,,,,,
71.25038505142858,-156.55026665142856,2014-08-12,175,1,54.71626668399999,54.716266684000004,,Schaefer_2020,,,,,,,,,
71.25077274043716,-156.54884657650263,2014-08-12,732,1,44.52481784098362,44.52481784098361,,Schaefer_2020,,,,,,,,,
71.25113581250002,-156.54641878750002,2014-08-12,160,1,40.59253217781254,40.592532177812494,,Schaefer_2020,,,,,,,,,
71.25166824662817,-156.551288736031,2014-08-12,519,1,42.689783404463654,42.68978340446371,,Schaefer_2020,,,,,,,,,
71.25130392982456,-156.5497054035088,2014-08-12,57,1,40.33796845964914,40.337968459649126,,Schaefer_2020,,,,,,,,,
71.25133510791363,-156.54492623741004,2014-08-12,139,1,36.45353599999999,36.45353600000001,,Schaefer_2020,,,,,,,,,
71.25151203858525,-156.54282858842438,2014-08-12,311,1,42.542512321864976,42.542512321864955,,Schaefer_2020,,,,,,,,,
71.25162771764707,-156.54035908823522,2014-08-12,510,1,41.63607752949677,41.63607752949673,,Schaefer_2020,,,,,,,,,
71.25259603021979,-156.55154121428538,2014-08-12,364,1,41.64328481208795,41.64328481208791,,Schaefer_2020,,,,,,,,,
71.25264611899796,-156.53925854697295,2014-08-12,479,1,49.488327323590866,49.488327323590816,,Schaefer_2020,,,,,,,,,
71.2534993430233,-156.5514312877907,2014-08-12,344,1,40.25598072223837,40.25598072223837,,Schaefer_2020,,,,,,,,,
71.25324742142857,-156.53886142857138,2014-08-12,140,1,41.31616713428574,41.31616713428571,,Schaefer_2020,,,,,,,,,
71.25367840170941,-156.53845338888905,2014-08-12,234,1,47.755708841666646,47.75570884166667,,Schaefer_2020,,,,,,,,,
71.25477415000002,-156.55279620000005,2014-08-12,60,1,42.57071456666665,42.570714566666666,,Schaefer_2020,,,,,,,,,
71.25439270158101,-156.55159867984185,2014-08-12,506,1,41.19016318050629,41.19016318050623,,Schaefer_2020,,,,,,,,,
71.2546810415584,-156.54272365714291,2014-08-12,385,1,45.150103258946636,45.15010325894661,,Schaefer_2020,,,,,,,,,
71.25426938967134,-156.5402576502348,2014-08-12,426,1,45.81707110046953,45.81707110046948,,Schaefer_2020,,,,,,,,,
71.25397313580244,-156.5384460617284,2014-08-12,81,1,40.948311169547324,40.94831116954733,,Schaefer_2020,,,,,,,,,
71.25533357446804,-156.55316914255303,2014-08-12,470,1,42.960250794972254,42.96025079497214,,Schaefer_2020,,,,,,,,,
71.25563272881354,-156.55053368644062,2014-08-12,236,1,42.97590426186444,42.97590426186441,,Schaefer_2020,,,,,,,,,
71.25541116426517,-156.5485977550432,2014-08-12,347,1,38.80275904697401,38.80275904697406,,Schaefer_2020,,,,,,,,,
71.25505018095235,-156.54563112698418,2014-08-12,315,1,37.397585811054405,37.39758581105443,,Schaefer_2020,,,,,,,,,
71.25488223636364,-156.54402414545447,2014-08-12,55,1,31.586361825454542,31.586361825454542,,Schaefer_2020,,,,,,,,,
71.25623638861386,-156.56212358168312,2014-08-12,808,1,52.12949545920984,52.12949545920999,,Schaefer_2020,,,,,,,,,
71.25591071672355,-156.55999855972712,2014-08-12,586,1,54.243782871769405,54.24378287176946,,Schaefer_2020,,,,,,,,,
71.25592593430663,-156.55681486496343,2014-08-12,274,1,52.69102219160582,52.69102219160584,,Schaefer_2020,,,,,,,,,
71.2560544771689,-156.5538463047947,2014-08-12,876,1,43.771090207876476,43.77109020787671,,Schaefer_2020,,,,,,,,,
71.25579756790125,-156.5520405617284,2014-08-12,162,1,49.32646739444442,49.32646739444444,,Schaefer_2020,,,,,,,,,
71.25751698039217,-156.59211662745093,2014-08-12,51,1,46.8451315862745,46.84513158627451,,Schaefer_2020,,,,,,,,,
71.257532875,-156.59180099999998,2014-08-12,8,1,53.43198871249999,53.4319887125,,Schaefer_2020,,,,,,,,,
71.25750575000002,-156.56953756249996,2014-08-12,16,1,28.362106325000003,28.362106325,,Schaefer_2020,,,,,,,,,
71.25739148797253,-156.56786219931269,2014-08-12,582,1,45.28733159495993,45.28733159495991,,Schaefer_2020,,,,,,,,,
71.2570690556391,-156.5651695338347,2014-08-12,665,1,45.302703372481396,45.302703372481204,,Schaefer_2020,,,,,,,,,
71.25676863344049,-156.56329085209006,2014-08-12,311,1,44.133732975884165,44.13373297588424,,Schaefer_2020,,,,,,,,,
71.25665616666669,-156.5539368888889,2014-08-12,18,1,41.67249468333334,41.67249468333333,,Schaefer_2020,,,,,,,,,
71.25798243019943,-156.59297262393176,2014-08-12,351,1,32.63131485641026,32.631314856410256,,Schaefer_2020,,,,,,,,,
71.25769586601304,-156.59046559477125,2014-08-12,306,1,44.3836120968954,44.383612096895426,,Schaefer_2020,,,,,,,,,
71.25783777049192,-156.58770912786883,2014-08-12,305,1,46.065053856065504,46.065053856065575,,Schaefer_2020,,,,,,,,,
71.25803252103553,-156.58489369255665,2014-08-12,309,1,41.29756488689321,41.297564886893205,,Schaefer_2020,,,,,,,,,
71.25826019933542,-156.58209543853815,2014-08-12,301,1,39.99198154358805,39.99198154358805,,Schaefer_2020,,,,,,,,,
71.25833729289964,-156.57925421597636,2014-08-12,338,1,40.17954476568042,40.179544765680475,,Schaefer_2020,,,,,,,,,
71.25826266352213,-156.5763731037736,2014-08-12,318,1,30.27751182405659,30.2775118240566,,Schaefer_2020,,,,,,,,,
71.2579193681462,-156.57372772323762,2014-08-12,383,1,31.17985815709315,31.179858157093122,,Schaefer_2020,,,,,,,,,
71.25768431024096,-156.57102905722903,2014-08-12,332,1,33.18388474683734,33.18388474683735,,Schaefer_2020,,,,,,,,,
71.25888101183432,-156.59341891124262,2014-08-12,338,1,40.913069447041416,40.913069447041416,,Schaefer_2020,,,,,,,,,
71.26014925000001,-156.6063179444444,2014-08-12,108,1,39.17808341759257,39.178083417592596,,Schaefer_2020,,,,,,,,,
71.26004474349442,-156.6041834423792,2014-08-12,269,1,30.639106947026,30.63910694702603,,Schaefer_2020,,,,,,,,,
71.26009951282049,-156.60162777655668,2014-08-12,273,1,28.693239790109878,28.69323979010989,,Schaefer_2020,,,,,,,,,
71.25985673780487,-156.5989023109755,2014-08-12,328,1,30.43392563429877,30.43392563429878,,Schaefer_2020,,,,,,,,,
71.25982115517247,-156.5961425517241,2014-08-12,290,1,33.5131487206896,33.51314872068966,,Schaefer_2020,,,,,,,,,
71.2596908806366,-156.59371412997348,2014-08-12,377,1,29.657910497877968,29.657910497877985,,Schaefer_2020,,,,,,,,,
71.26083232312922,-156.6098583231292,2014-08-12,294,1,43.30722133010206,43.30722133010204,,Schaefer_2020,,,,,,,,,
71.26040138157894,-156.60770029824567,2014-08-12,228,1,44.07267011973682,44.072670119736834,,Schaefer_2020,,,,,,,,,
71.26198617391302,-156.62309451086955,2014-08-12,92,1,41.93458880217388,41.934588802173906,,Schaefer_2020,,,,,,,,,
71.26180853086417,-156.62121685185193,2014-08-12,243,1,37.25969206172842,37.2596920617284,,Schaefer_2020,,,,,,,,,
71.26169420833331,-156.61830202243584,2014-08-12,312,1,47.89094582989681,47.89094582989672,,Schaefer_2020,,,,,,,,,
71.26164647492614,-156.61568344542772,2014-08-12,339,1,39.80518374970505,39.805183749705016,,Schaefer_2020,,,,,,,,,
71.2615385089285,-156.6128175446428,2014-08-12,224,1,30.554686556249987,30.55468655625,,Schaefer_2020,,,,,,,,,
71.26129024401918,-156.61093406220095,2014-08-12,209,1,43.609361877352434,43.60936187735248,,Schaefer_2020,,,,,,,,,
71.26279946195652,-156.6290245108696,2014-08-12,184,1,36.079116551086976,36.079116551086955,,Schaefer_2020,,,,,,,,,
71.26242292187503,-156.62656302343746,2014-08-12,256,1,35.57595484160157,35.57595484160156,,Schaefer_2020,,,,,,,,,
71.26214553110044,-156.62440267464115,2014-08-12,209,1,37.201713689952136,37.20171368995215,,Schaefer_2020,,,,,,,,,
71.26322461616164,-156.6305827239057,2014-08-12,297,1,41.13996793434346,41.13996793434344,,Schaefer_2020,,,,,,,,,
71.25986691712713,-156.82803861878446,2018-08-17,181,1,35.57796040276244,35.57796040276243,,Schaefer_2020,,,,,,,,,
71.25977272727273,-156.82534577272725,2018-08-17,220,1,35.30893263954545,35.30893263954545,,Schaefer_2020,,,,,,,,,
71.26019675510206,-156.82368510204083,2018-08-18,49,1,35.232292138775506,35.23229213877551,,Schaefer_2020,,,,,,,,,
71.26105366071428,-156.8300067857143,2018-08-20,56,1,32.52172515714285,32.52172515714285,,Schaefer_2020,,,,,,,,,
71.26059699346402,-156.8291436601307,2018-08-19,153,1,35.324811681699344,35.324811681699344,,Schaefer_2020,,,,,,,,,
71.22177660878785,-156.77219129090906,2018-08-10,132,1,34.98087799469695,34.98087799469697,132.0,Schaefer_2020,,23.0,,,,,,,
71.26049670303031,-156.81965109090913,2018-08-19,165,1,33.58653739999998,33.5865374,,Schaefer_2020,,,,,,,,,
71.260864528169,-156.81735154929578,2018-08-20,142,1,33.67751634859158,33.67751634859155,,Schaefer_2020,,,,,,,,,
71.26155059444443,-156.83146455555556,2018-08-20,180,1,38.069240075555534,38.069240075555555,,Schaefer_2020,,,,,,,,,
71.2611665,-156.815724,2018-08-20,10,1,22.80548974,22.805489740000002,,Schaefer_2020,,,,,,,,,
71.2614283970588,-156.8143151470589,2018-08-20,136,1,23.305092569117644,23.305092569117647,,Schaefer_2020,,,,,,,,,
71.2618693786408,-156.81226281553396,2018-08-21,103,1,26.03336703106795,26.033367031067957,,Schaefer_2020,,,,,,,,,
71.26206066666667,-156.83208,2018-08-21,3,1,41.4451345,41.4451345,,Schaefer_2020,,,,,,,,,
71.26234252727275,-156.81074745454546,2018-08-21,55,1,32.958792692727286,32.95879269272727,,Schaefer_2020,,,,,,,,,
71.26291102439022,-156.80984951219514,2018-08-21,41,1,29.12775141219512,29.12775141219512,,Schaefer_2020,,,,,,,,,
71.26348841880343,-156.81133247863247,2018-08-21,117,1,28.59950041367521,28.599500413675216,,Schaefer_2020,,,,,,,,,
71.26387275,-156.8122175,2018-08-21,8,1,28.412475099999998,28.412475099999998,,Schaefer_2020,,,,,,,,,
71.26864590090089,-156.82044662162164,2018-08-21,222,1,30.627429379729733,30.62742937972973,,Schaefer_2020,,,,,,,,,
71.26956239237055,-156.82315288828332,2018-08-21,367,1,36.348163873160786,36.348163873160765,,Schaefer_2020,,,,,,,,,
71.26910561904762,-156.8214023809524,2018-08-21,21,1,33.720856995238094,33.720856995238094,,Schaefer_2020,,,,,,,,,
71.27257091275166,-156.6405149306487,2014-08-12,447,1,35.68574926942577,35.6857492694258,,Schaefer_2020,,,,,,,,,
71.27239622772287,-156.63765551155106,2014-08-12,303,1,35.18143660264026,35.18143660264026,,Schaefer_2020,,,,,,,,,
71.27229878275853,-156.63487333448273,2014-08-12,290,1,33.50209817327587,33.50209817327586,,Schaefer_2020,,,,,,,,,
71.27221089781035,-156.63205123722628,2014-08-12,274,1,32.87276970291972,32.87276970291972,,Schaefer_2020,,,,,,,,,
71.27227365619842,-156.62907190743812,2014-08-12,605,1,35.33483312528918,35.33483312528925,,Schaefer_2020,,,,,,,,,
71.272053375,-156.62768966666667,2014-08-12,24,1,43.61852073333333,43.618520733333334,,Schaefer_2020,,,,,,,,,
71.27328613375795,-156.6400535392781,2014-08-12,471,1,38.0636262092144,38.063626209214426,,Schaefer_2020,,,,,,,,,
71.27369684375,-156.63878903124998,2014-08-12,64,1,33.95223064687501,33.952230646874995,,Schaefer_2020,,,,,,,,,
71.27339415625,-156.63113493359378,2014-08-12,256,1,32.60966886449216,32.609668864492185,,Schaefer_2020,,,,,,,,,
71.27297817777779,-156.63026064444438,2014-08-12,90,1,33.410232689444435,33.41023268944445,,Schaefer_2020,,,,,,,,,
71.27393898622593,-156.6373389559229,2014-08-12,363,1,36.1545890557851,36.154589055785124,,Schaefer_2020,,,,,,,,,
71.27439781250003,-156.63514472265626,2014-08-12,256,1,38.76484062174482,38.764840621744796,,Schaefer_2020,,,,,,,,,
71.27407106076922,-156.63043530000002,2013-08-11,13,1,18.826923076923077,18.826923076923077,,Schaefer_2020,,,,,,,,,
71.27475649999998,-156.63371658904111,2014-08-12,146,1,35.229744877054785,35.22974487705479,,Schaefer_2020,,,,,,,,,
71.27467340625002,-156.633269,2014-08-12,32,1,28.72315795000001,28.72315795,,Schaefer_2020,,,,,,,,,
71.27408408538462,-156.63154415384616,2013-08-11,13,1,19.96153846153846,19.96153846153846,,Schaefer_2020,,,,,,,,,
71.27418265483873,-156.63241060645166,2014-08-12,310,1,31.672631296774142,31.672631296774195,,Schaefer_2020,,,,,,,,,
71.30443851226995,-156.61072742638046,2014-08-12,652,1,33.714272782592055,33.714272782592026,,Schaefer_2020,,,,,,,,,
71.30569460000001,-156.61530168,2014-08-12,25,1,42.08725556,42.087255559999996,,Schaefer_2020,,,,,,,,,
71.30526653257796,-156.61377258640232,2014-08-12,353,1,40.101865850566625,40.101865850566575,,Schaefer_2020,,,,,,,,,
71.30522682513663,-156.61149729234972,2014-08-12,366,1,31.90174692786888,31.90174692786885,,Schaefer_2020,,,,,,,,,
71.30631870731705,-156.62478508943084,2014-08-12,492,1,44.70721174883123,44.70721174883129,,Schaefer_2020,,,,,,,,,
71.30609560856274,-156.62229765749234,2014-08-12,327,1,40.313387927472014,40.313387927471965,,Schaefer_2020,,,,,,,,,
71.30624722140232,-156.61948207749074,2014-08-12,271,1,33.16565536014762,33.165655360147596,,Schaefer_2020,,,,,,,,,
71.30600112080536,-156.61659754362418,2014-08-12,298,1,35.430180657718125,35.430180657718125,,Schaefer_2020,,,,,,,,,
71.30619234507041,-156.61322168309863,2014-08-12,284,1,31.651227814788726,31.651227814788733,,Schaefer_2020,,,,,,,,,
71.30576851612904,-156.61232632258066,2014-08-12,31,1,29.34679683548388,29.34679683548388,,Schaefer_2020,,,,,,,,,
71.30716628900258,-156.62738973401537,2014-08-12,391,1,42.28169897442466,42.28169897442455,,Schaefer_2020,,,,,,,,,
71.30673263076925,-156.62613964615383,2014-08-12,130,1,45.83461208326921,45.83461208326923,,Schaefer_2020,,,,,,,,,
71.30708107619047,-156.61339113650783,2014-08-12,315,1,28.78151892698412,28.781518926984127,,Schaefer_2020,,,,,,,,,
71.30737672316384,-156.60827809039543,2014-08-12,177,1,42.335061564538584,42.335061564538606,,Schaefer_2020,,,,,,,,,
71.30734198918915,-156.59040155135136,2014-08-12,185,1,35.89061047216212,35.890610472162166,,Schaefer_2020,,,,,,,,,
71.30748255737704,-156.58982124590165,2014-08-12,61,1,37.566816203278705,37.56681620327869,,Schaefer_2020,,,,,,,,,
71.30777197348482,-156.6269623560606,2014-08-12,264,1,45.50356291458334,45.503562914583334,,Schaefer_2020,,,,,,,,,
71.30823168674699,-156.62573797991973,2014-08-12,249,1,50.282216340963785,50.28221634096386,,Schaefer_2020,,,,,,,,,
71.30760390163934,-156.61254450819678,2014-08-12,61,1,26.697247531147546,26.69724753114754,,Schaefer_2020,,,,,,,,,
71.30797444932422,-156.6110735439189,2014-08-12,296,1,28.452269148986478,28.45226914898649,,Schaefer_2020,,,,,,,,,
71.30786241061449,-156.60859335474854,2014-08-12,358,1,34.82308815903167,34.823088159031656,,Schaefer_2020,,,,,,,,,
71.30839493750003,-156.60407709375,2014-08-12,32,1,32.323059384375,32.323059384375,,Schaefer_2020,,,,,,,,,
71.30829057425737,-156.60258937953796,2014-08-12,303,1,44.721864033333375,44.72186403333333,,Schaefer_2020,,,,,,,,,
71.30836261403508,-156.60095031578953,2014-08-12,57,1,45.96592813157893,45.96592813157895,,Schaefer_2020,,,,,,,,,
71.3079201229508,-156.58894256762304,2014-08-12,488,1,35.03368813545087,35.033688135450824,,Schaefer_2020,,,,,,,,,
71.30888666842105,-156.6254242078946,2014-08-12,380,1,50.09449980131583,50.09449980131578,,Schaefer_2020,,,,,,,,,
71.30863845200011,-156.60789391600002,2014-08-12,250,1,36.07528205919999,36.0752820592,,Schaefer_2020,,,,,,,,,
71.30858018954243,-156.60545007516347,2014-08-12,306,1,36.177826183823534,36.177826183823534,,Schaefer_2020,,,,,,,,,
71.30874593574298,-156.59988204819274,2014-08-12,249,1,46.31393598393574,46.31393598393574,,Schaefer_2020,,,,,,,,,
71.30921662000002,-156.59750269999998,2014-08-12,50,1,43.86847183599999,43.868471836000005,,Schaefer_2020,,,,,,,,,
71.30887043939394,-156.58868433333333,2014-08-12,198,1,36.21206154646465,36.212061546464646,,Schaefer_2020,,,,,,,,,
71.3090449767442,-156.58608591472864,2014-08-12,129,1,34.86266864186046,34.862668641860466,,Schaefer_2020,,,,,,,,,
71.30995201444041,-156.6270687509025,2014-08-12,277,1,43.077824091696755,43.07782409169675,,Schaefer_2020,,,,,,,,,
71.30952401970443,-156.62605821182262,2014-08-12,203,1,46.930085600246315,46.93008560024631,,Schaefer_2020,,,,,,,,,
71.30999879104473,-156.59440558955222,2014-08-12,134,1,27.099346232089555,27.09934623208955,,Schaefer_2020,,,,,,,,,
71.30978722619048,-156.58798368650795,2014-08-12,252,1,35.66633768412704,35.66633768412699,,Schaefer_2020,,,,,,,,,
71.30955844117648,-156.5848123235294,2014-08-12,34,1,32.76918515882353,32.76918515882353,,Schaefer_2020,,,,,,,,,
71.31013705555556,-156.5832371388889,2014-08-12,36,1,32.21001369722222,32.21001369722222,,Schaefer_2020,,,,,,,,,
71.31090504347827,-156.6295993188406,2014-08-12,207,1,39.867803218115945,39.867803218115945,,Schaefer_2020,,,,,,,,,
71.31047640438871,-156.6284875642633,2014-08-12,319,1,45.369093423981234,45.369093423981184,,Schaefer_2020,,,,,,,,,
71.31065096245739,-156.59454703071674,2014-08-12,293,1,30.68318037904436,30.683180379044362,,Schaefer_2020,,,,,,,,,
71.31068750595236,-156.58853900297618,2014-08-12,336,1,33.261579836904765,33.261579836904765,,Schaefer_2020,,,,,,,,,
71.31037608510637,-156.58258117021282,2014-08-12,47,1,35.45411898297875,35.45411898297873,,Schaefer_2020,,,,,,,,,
71.31096122549019,-156.58114850000007,2014-08-12,102,1,37.397193182352936,37.39719318235294,,Schaefer_2020,,,,,,,,,
71.31187135204082,-156.63272444897956,2014-08-12,196,1,46.516717281632715,46.516717281632644,,Schaefer_2020,,,,,,,,,
71.31142196859903,-156.63086914734293,2014-08-12,414,1,41.28140872463767,41.28140872463768,,Schaefer_2020,,,,,,,,,
71.31156036190477,-156.59447605714283,2014-08-12,105,1,30.01355242190475,30.01355242190476,,Schaefer_2020,,,,,,,,,
71.31174336734692,-156.5908186428572,2014-08-12,196,1,32.81203583290817,32.812035832908165,,Schaefer_2020,,,,,,,,,
71.31133994202897,-156.5894100797101,2014-08-12,138,1,36.26408589130434,36.264085891304354,,Schaefer_2020,,,,,,,,,
71.31155777142857,-156.57974264285716,2014-08-12,70,1,46.287222889999924,46.28722288999999,,Schaefer_2020,,,,,,,,,
71.31272209952607,-156.63532780094783,2014-08-12,211,1,49.28679234146923,49.286792341469194,,Schaefer_2020,,,,,,,,,
71.31227531428574,-156.63421717959176,2014-08-12,245,1,52.04786555095231,52.04786555095239,,Schaefer_2020,,,,,,,,,
71.31279162499999,-156.59629978125002,2014-08-12,64,1,29.335373282812508,29.335373282812498,,Schaefer_2020,,,,,,,,,
71.31218520731706,-156.5948784512195,2014-08-12,82,1,31.781984254878044,31.781984254878054,,Schaefer_2020,,,,,,,,,
71.31247132490974,-156.59222899638988,2014-08-12,277,1,34.52242291046938,34.52242291046931,,Schaefer_2020,,,,,,,,,
71.31287581250001,-156.58171225,2014-08-12,16,1,49.94026135624999,49.940261356250005,,Schaefer_2020,,,,,,,,,
71.31253582089555,-156.58052182587062,2014-08-12,201,1,47.94972081119403,47.94972081119403,,Schaefer_2020,,,,,,,,,
71.31375559523809,-156.63778388095238,2014-08-12,42,1,25.471568966666673,25.471568966666663,,Schaefer_2020,,,,,,,,,
71.31324154444448,-156.63666784444442,2014-08-12,360,1,42.715918912083374,42.71591891208334,,Schaefer_2020,,,,,,,,,
71.31344128571429,-156.59725093877543,2014-08-12,196,1,31.23012641530612,31.23012641530612,,Schaefer_2020,,,,,,,,,
71.31335897872336,-156.59243033191473,2014-08-12,235,1,35.25915699996689,35.2591569999669,,Schaefer_2020,,,,,,,,,
71.31374765263159,-156.5876789368421,2014-08-12,95,1,41.368226229473684,41.368226229473684,,Schaefer_2020,,,,,,,,,
71.31352541199996,-156.58572833199995,2014-08-12,250,1,37.17060064339999,37.1706006434,,Schaefer_2020,,,,,,,,,
71.31310527717392,-156.58341105434786,2014-08-12,184,1,42.075673694565225,42.07567369456522,,Schaefer_2020,,,,,,,,,
71.3142523480826,-156.63857013864316,2014-08-12,339,1,41.64694605103244,41.646946051032444,,Schaefer_2020,,,,,,,,,
71.31391935526317,-156.59808171052632,2014-08-12,76,1,28.44116439342105,28.44116439342105,,Schaefer_2020,,,,,,,,,
71.3146779375,-156.59281687499998,2014-08-12,16,1,27.27864384375,27.27864384375,,Schaefer_2020,,,,,,,,,
71.31425255128205,-156.59231320085473,2014-08-12,234,1,30.61799762200854,30.61799762200855,,Schaefer_2020,,,,,,,,,
71.31433398833822,-156.58920183673467,2014-08-12,343,1,46.40071396290085,46.40071396290087,,Schaefer_2020,,,,,,,,,
71.3150877490909,-156.63903406181834,2014-08-12,275,1,38.35874858090911,38.358748580909094,,Schaefer_2020,,,,,,,,,
71.31507326,-156.59306272499995,2014-08-12,200,1,33.119189970250005,33.11918997025,,Schaefer_2020,,,,,,,,,
71.31496682708935,-156.59129175792498,2014-08-12,347,1,30.83474004308359,30.834740043083574,,Schaefer_2020,,,,,,,,,
71.31471989999999,-156.58991120000002,2014-08-12,10,1,39.32397975,39.32397975,,Schaefer_2020,,,,,,,,,
71.31610615120277,-156.63951608247427,2014-08-12,291,1,34.76543065773193,34.76543065773196,,Schaefer_2020,,,,,,,,,
71.3163969878788,-156.63690201212117,2014-08-12,165,1,38.05532728787881,38.05532728787879,,Schaefer_2020,,,,,,,,,
71.31620245879122,-156.62752448626372,2014-08-12,364,1,46.872839219093365,46.8728392190934,,Schaefer_2020,,,,,,,,,
71.3160833812707,-156.62500584280946,2014-08-12,299,1,47.236636261203934,47.23663626120401,,Schaefer_2020,,,,,,,,,
71.31605319341564,-156.62231367489719,2014-08-12,243,1,35.7312693728395,35.731269372839506,,Schaefer_2020,,,,,,,,,
71.31610668370605,-156.61931436421725,2014-08-12,313,1,48.76795638817893,48.76795638817891,,Schaefer_2020,,,,,,,,,
71.31605496407178,-156.61659524550896,2014-08-12,334,1,49.46589388997005,49.46589388997007,,Schaefer_2020,,,,,,,,,
71.3161610293255,-156.61379102052783,2014-08-12,341,1,47.71989127521995,47.719891275219936,,Schaefer_2020,,,,,,,,,
71.31643867213118,-156.61116724918034,2014-08-12,305,1,45.52445370606554,45.52445370606557,,Schaefer_2020,,,,,,,,,
71.3162424285714,-156.6082031547619,2014-08-12,336,1,43.44193068333338,43.44193068333334,,Schaefer_2020,,,,,,,,,
71.31580005839412,-156.60569598540152,2014-08-12,274,1,41.586920538838214,41.5869205388382,,Schaefer_2020,,,,,,,,,
71.31571768965517,-156.60362903448274,2014-08-12,29,1,32.23148133965517,32.23148133965517,,Schaefer_2020,,,,,,,,,
71.31605141516248,-156.5938951155234,2014-08-12,277,1,32.73281192202168,32.73281192202166,,Schaefer_2020,,,,,,,,,
71.31663385135137,-156.6355865135135,2014-08-12,148,1,45.19553479662166,45.195534796621615,,Schaefer_2020,,,,,,,,,
71.31709927142857,-156.63353241714285,2014-08-12,350,1,52.76651315714282,52.76651315714285,,Schaefer_2020,,,,,,,,,
71.31663572826085,-156.62705126086956,2014-08-12,184,1,49.14413663134057,49.14413663134059,,Schaefer_2020,,,,,,,,,
71.31696796620282,-156.62493883896622,2014-08-12,503,1,47.22229062226629,47.22229062226641,,Schaefer_2020,,,,,,,,,
71.31652406382979,-156.61068568085105,2014-08-12,47,1,46.66584257234044,46.66584257234043,,Schaefer_2020,,,,,,,,,
71.31725477248682,-156.59645894708999,2014-08-12,189,1,33.08505188359789,33.085051883597885,,Schaefer_2020,,,,,,,,,
71.31683834254144,-156.5949524530387,2014-08-12,181,1,32.911426058563514,32.911426058563535,,Schaefer_2020,,,,,,,,,
71.31744870212766,-156.63220042553195,2014-08-12,47,1,51.51618632446809,51.51618632446808,,Schaefer_2020,,,,,,,,,
71.31785861200925,-156.6306431062356,2014-08-12,433,1,42.3592790072748,42.35927900727483,,Schaefer_2020,,,,,,,,,
71.31827015384616,-156.62910010256414,2014-08-12,39,1,45.58656438717951,45.58656438717949,,Schaefer_2020,,,,,,,,,
71.31744453658537,-156.62368473170733,2014-08-12,41,1,52.52249508536585,52.522495085365854,,Schaefer_2020,,,,,,,,,
71.31784517249419,-156.6227685687644,2014-08-12,429,1,48.71556726270391,48.715567262703956,,Schaefer_2020,,,,,,,,,
71.31799724882629,-156.59908996244133,2014-08-12,213,1,31.99906943568074,31.99906943568075,,Schaefer_2020,,,,,,,,,
71.31754085950413,-156.59800753719003,2014-08-12,121,1,33.10208359690084,33.102083596900826,,Schaefer_2020,,,,,,,,,
71.31864182325585,-156.627671755814,2014-08-12,430,1,46.23461331841085,46.23461331841086,,Schaefer_2020,,,,,,,,,
71.31905759895834,-156.62583977083327,2014-08-12,192,1,44.60460504244796,44.60460504244792,,Schaefer_2020,,,,,,,,,
71.31857383529415,-156.62137504705888,2014-08-12,255,1,42.733933392156864,42.733933392156864,,Schaefer_2020,,,,,,,,,
71.31903907857142,-156.62044560714287,2014-08-12,140,1,46.364357188571425,46.364357188571425,,Schaefer_2020,,,,,,,,,
71.3189520212766,-156.60148729787235,2014-08-12,141,1,32.653789108628885,32.653789108628835,,Schaefer_2020,,,,,,,,,
71.31854107471267,-156.60062335057466,2014-08-12,174,1,32.657382780459784,32.65738278045978,,Schaefer_2020,,,,,,,,,
71.31941748461541,-156.62442552307684,2014-08-12,260,1,44.95529631596157,44.95529631596153,,Schaefer_2020,,,,,,,,,
71.31986071180555,-156.62279929166664,2014-08-12,288,1,47.710634098958394,47.71063409895834,,Schaefer_2020,,,,,,,,,
71.31967497336564,-156.6197320871671,2014-08-12,413,1,48.857390662106475,48.85739066210654,,Schaefer_2020,,,,,,,,,
71.31960114953272,-156.60212003738312,2014-08-12,107,1,32.3632981953271,32.3632981953271,,Schaefer_2020,,,,,,,,,
71.32027732065215,-156.6213383152174,2014-08-12,184,1,46.395643074184726,46.39564307418479,,Schaefer_2020,,,,,,,,,
71.32052957402595,-156.6195666311688,2014-08-12,385,1,48.010025382207765,48.01002538220779,,Schaefer_2020,,,,,,,,,
71.32086812871289,-156.60497552475255,2014-08-12,202,1,28.821378224257433,28.821378224257426,,Schaefer_2020,,,,,,,,,
71.32029429906541,-156.60308907476636,2014-08-12,107,1,31.297435560747694,31.29743556074766,,Schaefer_2020,,,,,,,,,
71.32105581249999,-156.61818062499998,2014-08-12,16,1,63.4375,63.4375,,Schaefer_2020,,,,,,,,,
71.32145010280372,-156.61711464018697,2014-08-12,214,1,39.02973772336447,39.02973772336449,,Schaefer_2020,,,,,,,,,
71.32184591304348,-156.60984978260868,2014-08-12,23,1,31.51426085217391,31.51426085217391,,Schaefer_2020,,,,,,,,,
71.32160330563802,-156.6078747863501,2014-08-12,337,1,29.663066018694362,29.66306601869436,,Schaefer_2020,,,,,,,,,
71.32113807526882,-156.6064097311828,2014-08-12,93,1,30.744681882795724,30.744681882795703,,Schaefer_2020,,,,,,,,,
71.32202042028983,-156.61548504347826,2014-08-12,69,1,34.24203333623186,34.24203333623187,,Schaefer_2020,,,,,,,,,
71.32248230337079,-156.6142713370787,2014-08-12,267,1,37.134038921722826,37.13403892172284,,Schaefer_2020,,,,,,,,,
71.32266333333332,-156.60949706666665,2013-08-11,3,1,63.833333333333336,63.833333333333336,,Schaefer_2020,,,,,,,,,
71.32306072661868,-156.61312345323745,2014-08-12,139,1,32.830531696402886,32.830531696402886,,Schaefer_2020,,,,,,,,,
71.322965,-156.609375,2013-08-11,4,1,42.875,42.875,,Schaefer_2020,,,,,,,,,
71.32229666666666,-156.61052279999998,2013-08-11,9,1,54.361111111111114,54.361111111111114,,Schaefer_2020,,,,,,,,,
71.32217600574714,-156.61114759195402,2014-08-12,174,1,33.28345119195401,33.28345119195402,,Schaefer_2020,,,,,,,,,
71.32328749999999,-156.60981752499998,2013-08-11,4,1,47.75,47.75,,Schaefer_2020,,,,,,,,,
71.32360245454547,-156.6123753636364,2014-08-12,11,1,27.292436418181822,27.292436418181822,,Schaefer_2020,,,,,,,,,
60.9209875,-117.02524749999999,2012-08-18,4,1,115.0,115.0,,Schaefer_2020,,,,,,,,,
60.923159999999996,-117.02311999999999,2012-08-18,5,1,96.28,96.28,,Schaefer_2020,,,,,,,,,
60.94967280000001,-117.3738926,2012-08-09,5,1,66.133333334,66.133333334,,Schaefer_2020,,,,,,,,,
60.95724,-117.34152999999999,2009-07-10,4,1,66.4583333325,66.4583333325,,Schaefer_2020,,,,,,,,,
60.957764,-117.160314,2012-08-21,5,1,93.066666668,93.066666668,,Schaefer_2020,,,,,,,,,
61.619664799999995,-117.12878859999998,2013-08-11,5,1,89.608,89.608,,Schaefer_2020,,,,,,,,,
61.715430000000005,-116.89058600000001,2013-08-11,5,1,73.6,73.6,,Schaefer_2020,,,,,,,,,
61.77001833333333,-116.78871333333335,2013-08-11,6,1,81.5,81.5,,Schaefer_2020,,,,,,,,,
62.02930833333334,-116.311415,2013-08-11,6,1,87.22222223,87.22222223,,Schaefer_2020,,,,,,,,,
62.35041666666667,-113.08324,2013-08-11,6,1,79.555555555,79.555555555,,Schaefer_2020,,,,,,,,,
62.354560000000006,-113.09420999999999,2013-08-11,4,1,54.916666667499996,54.916666667499996,,Schaefer_2020,,,,,,,,,
62.36514,-113.07406399999999,2013-08-11,5,1,59.599999998,59.599999998,,Schaefer_2020,,,,,,,,,
62.381409999999995,-113.08011666666668,2013-08-11,3,1,44.666666666666664,44.666666666666664,,Schaefer_2020,,,,,,,,,
62.38287799999999,-113.15553400000002,2013-08-10,5,1,69.96666666400002,69.96666666400002,,Schaefer_2020,,,,,,,,,
62.38301666666666,-113.07727666666666,2013-08-10,6,1,54.75,54.75,,Schaefer_2020,,,,,,,,,
62.392313333333334,-113.04256833333335,2013-08-10,6,1,55.44444444333334,55.44444444333334,,Schaefer_2020,,,,,,,,,
62.394267500000005,-113.131965,2013-08-11,4,1,77.2083333325,77.2083333325,,Schaefer_2020,,,,,,,,,
62.418512,-113.00306600000002,2013-08-10,5,1,72.633333334,72.633333334,,Schaefer_2020,,,,,,,,,
62.430184999999994,-113.15129166666667,2013-08-10,6,1,69.88888888833334,69.88888888833334,,Schaefer_2020,,,,,,,,,
62.434821666666664,-113.15369500000001,2013-08-10,6,1,85.666666665,85.666666665,,Schaefer_2020,,,,,,,,,
62.490283999999996,-113.50732,2013-08-11,5,1,43.533333334,43.533333334,,Schaefer_2020,,,,,,,,,
62.49567,-113.57884,2013-08-10,2,1,56.416666665,56.416666665,,Schaefer_2020,,,,,,,,,
62.500802,-113.41396999999999,2013-08-10,5,1,51.2,51.2,,Schaefer_2020,,,,,,,,,
62.50844833333334,-113.39508666666667,2013-08-10,6,1,64.69444444666667,64.69444444666667,,Schaefer_2020,,,,,,,,,
62.51531333333333,-113.39106500000001,2013-08-10,6,1,60.02777777833333,60.02777777833333,,Schaefer_2020,,,,,,,,,
63.815675021999986,-144.95610356111118,2018-08-16,90,1,54.7,54.7,,Schaefer_2020,,,,,,,,,
63.816117489,-144.95585509000003,2018-08-17,10,1,54.2,54.2,,Schaefer_2020,,,,,,,,,
63.84736442428572,-145.71702244285714,2013-08-11,7,1,44.714285714285715,44.714285714285715,,Schaefer_2020,,,,,,,,,
63.880266999999996,-149.25613499999997,2013-08-11,93,1,42.75627240143369,42.756272401433684,,Schaefer_2020,,,,,,,,,
63.92047600544554,-145.37822706534652,2013-08-11,101,1,89.41584158415841,89.41584158415841,,Schaefer_2020,,,,,,,,,
64.73888777777778,-165.96224370370368,2013-08-11,27,1,78.69999999999999,78.7,,Schaefer_2020,,,,,,,,,
64.73939466984511,-165.97052242684023,2019-08-15,3,0,,,,Seward,,,,,,,,,
64.73915051474299,-165.97157636057952,2019-08-15,3,0,,,,Seward,,,,,,,,,
64.73928777777778,-165.97292555555555,2013-08-11,18,1,36.67222222222222,36.672222222222224,,Schaefer_2020,,,,,,,,,
64.72830235614097,-165.94265187466874,2019-08-15,5,0,,,,Seward,,,,,,,,,
64.72933277074463,-165.94414958280436,2019-08-15,2,0,,,,Seward,,,,,,,,,
64.72891507464047,-165.94354127727323,2019-08-15,10,0,,,,Seward,,,,,,,,,
64.73003737020402,-165.95774510621953,2019-08-15,7,0,,,,Seward,,,,,,,,,
64.72975052161127,-165.9448723602032,2019-08-15,20,1,,,,Seward,,,,,,,,,
64.73044859582929,-165.95762138876336,2019-08-15,3,0,,,,Seward,,,,,,,,,
64.73080444084732,-165.9552933727119,2019-08-15,5,0,,,,Seward,,,,,,,,,
64.73083318277953,-165.94636729556532,2019-08-15,17,0,,,,Seward,,,,,,,,,
64.73045076238863,-165.9458003161323,2019-08-15,3,1,,,,Seward,,,,,,,,,
64.73140577398478,-165.95316543877613,2019-08-15,4,0,,,,Seward,,,,,,,,,
64.73183830466874,-165.9516221865459,2019-08-15,6,0,,,,Seward,,,,,,,,,
64.73185841788388,-165.94885478401193,2019-08-15,4,0,,,,Seward,,,,,,,,,
64.7314649183049,-165.94729291592424,2019-08-15,5,0,,,,Seward,,,,,,,,,
64.73258417749167,-165.94890797656396,2019-08-15,15,0,,,,Seward,,,,,,,,,
64.73259678391973,-165.9478719936071,2019-08-15,3,0,,,,Seward,,,,,,,,,
64.73376766975483,-165.9508328233553,2019-08-15,7,1,,,,Seward,,,,,,,,,
64.73323562899195,-165.94987850927598,2019-08-15,5,1,,,,Seward,,,,,,,,,
64.73428965068705,-165.95148639490515,2019-08-15,13,1,,,,Seward,,,,,,,,,
64.73528421500707,-165.95306953349876,2019-08-15,10,0,,,,Seward,,,,,,,,,
64.73647167723138,-165.95476461437858,2019-08-15,5,0,,,,Seward,,,,,,,,,
64.73604332650248,-165.95427563666766,2019-08-15,4,0,,,,Seward,,,,,,,,,
64.7369481086678,-165.95541543053622,2019-08-15,18,0,,,,Seward,,,,,,,,,
64.73810288952488,-165.95711028129418,2019-08-15,9,0,,,,Seward,,,,,,,,,
64.7377477013477,-165.95654560861573,2019-08-15,2,0,,,,Seward,,,,,,,,,
64.73924733165565,-165.95875594362553,2019-08-15,2,0,,,,Seward,,,,,,,,,
64.7389320913449,-165.9583010507876,2019-08-15,9,1,,,,Seward,,,,,,,,,
64.73971517137963,-165.95944106102996,2019-08-15,9,0,,,,Seward,,,,,,,,,
64.74081845592322,-165.96112578215187,2019-08-15,3,1,,,,Seward,,,,,,,,,
64.7403248788724,-165.960380258315,2019-08-15,2,0,,,,Seward,,,,,,,,,
64.74255728155352,-165.96362556482936,2019-08-15,5,1,,,,Seward,,,,,,,,,
64.74204,-165.961778,2013-08-11,5,1,73.6,73.6,,Schaefer_2020,,,,,,,,,
64.74320861487476,-165.9645290252987,2019-08-15,2,1,,,,Seward,,,,,,,,,
64.74161582091106,-165.9622821811977,2019-08-15,7,1,,,,Seward,,,,,,,,,
64.7417361904762,-165.96181476190472,2013-08-11,21,1,60.400000000000006,60.400000000000006,,Schaefer_2020,,,,,,,,,
64.75335230769231,-165.9659261538462,2013-08-11,26,1,64.4846153846154,64.48461538461538,,Schaefer_2020,,,,,,,,,
64.84117285714287,-163.69635142857143,2013-08-11,14,1,33.42857142857143,33.42857142857143,,Schaefer_2020,,,,,,,,,
64.8593125,-163.69170625,2013-08-11,16,1,27.09375,27.09375,,Schaefer_2020,,,,,,,,,
64.95095338904763,-147.61628072857144,2016-08-20,21,1,64.52380952380952,64.52380952380952,101.0,Schaefer_2020,,,,,,,,,
64.95099468148149,-147.61513453209875,2016-08-15,81,1,70.23456790123457,70.23456790123457,,Schaefer_2020,,,,,,,,,
65.16087752046694,-164.83414592565848,2019-09-15,10,1,,,,Seward,,,,,,,,,
65.161000476766,-164.83203314391577,2019-09-15,10,1,,,,Seward,,,,,,,,,
65.16106341145769,-164.82987806960313,2019-09-15,15,0,,,,Seward,,,,,,,,,
65.16124074027444,-164.82769825556971,2019-09-15,11,1,,,,Seward,,,,,,,,,
65.1613630675557,-164.82547761661763,2019-09-15,10,1,,,,Seward,,,,,,,,,
65.16142134518361,-164.82340437573959,2019-09-15,16,1,,,,Seward,,,,,,,,,
65.16157203746658,-164.82178050183177,2019-09-15,5,1,,,,Seward,,,,,,,,,
65.1616297912349,-164.82072295409353,2019-09-15,5,1,,,,Seward,,,,,,,,,
65.16171700483268,-164.8191368501038,2019-09-15,10,1,,,,Seward,,,,,,,,,
65.16183427856616,-164.81702191383775,2019-09-15,10,1,,,,Seward,,,,,,,,,
65.16206422262336,-164.81279064969044,2019-09-15,10,1,,,,Seward,,,,,,,,,
65.16218497658929,-164.81056918788275,2019-09-15,11,1,,,,Seward,,,,,,,,,
65.16212526368811,-164.8082396312754,2019-09-15,15,1,,,,Seward,,,,,,,,,
65.16194956855986,-164.81490647632899,2019-09-15,10,1,,,,Seward,,,,,,,,,
65.16186312500001,-164.814455625,2013-08-11,16,1,35.3125,35.3125,,Schaefer_2020,,,,,,,,,
65.16447000000001,-164.83083333333332,2013-08-11,3,1,40.333333333333336,40.333333333333336,,Schaefer_2020,,,,,,,,,
65.16382814475608,-164.83070458085092,2019-09-15,8,0,,,,Seward,,,,,,,,,
65.16426,-164.8305169230769,2013-08-11,13,1,32.30769230769231,32.30769230769231,,Schaefer_2020,,,,,,,,,
65.16485739316093,-164.82296686605338,2019-09-15,18,0,,,,Seward,,,,,,,,,
65.16581392334705,-164.81864697679035,2019-09-15,14,1,,,,Seward,,,,,,,,,
65.16615082494333,-164.81709211926466,2019-09-15,8,1,,,,Seward,,,,,,,,,
65.1663940237473,-164.81597960470276,2019-09-15,4,1,,,,Seward,,,,,,,,,
65.1665654546278,-164.81523070171397,2019-09-15,4,1,,,,Seward,,,,,,,,,
65.16516353174828,-164.82128862808,2019-09-15,13,1,,,,Seward,,,,,,,,,
65.16529,-164.8209290909091,2013-08-11,11,1,43.45454545454545,43.45454545454545,,Schaefer_2020,,,,,,,,,
65.16545157105548,-164.82010163336747,2019-09-15,2,1,,,,Seward,,,,,,,,,
65.16551000000001,-164.82046142857143,2013-08-11,7,1,40.0,40.0,,Schaefer_2020,,,,,,,,,
65.34004100000001,-146.91024716666664,2013-08-11,93,1,19.516129032258064,19.516129032258064,,Schaefer_2020,,,,,,,,,
65.34034783333334,-146.91993433333337,2013-08-11,93,1,36.96415770609321,36.96415770609318,,Schaefer_2020,,,,,,,,,
65.56736533333333,-148.92543283333333,2013-08-11,93,1,36.50716845878136,36.507168458781365,,Schaefer_2020,,,,,,,,,
65.56879749999999,-148.92367566666667,2013-08-11,93,1,55.18817204301075,55.18817204301075,,Schaefer_2020,,,,,,,,,
67.07900959632654,-150.3534040673469,2014-08-12,98,1,49.214285714285715,49.214285714285715,,Schaefer_2020,,,,,,,,,
67.07895273333332,-150.35226296666667,2014-08-12,3,1,51.333333333333336,51.333333333333336,,Schaefer_2020,,,,,,,,,
68.55735383333334,-149.5327513333333,2013-08-11,93,1,40.163082437275996,40.16308243727598,,Schaefer_2020,,,,,,,,,
68.55941299999999,-149.5159543333333,2013-08-11,93,1,32.21146953405018,32.21146953405018,,Schaefer_2020,,,,,,,,,
68.64763415,-149.35585915000001,2016-08-14,2,1,52.0,52.0,,Schaefer_2020,,,,,,,,,
68.64867239761904,-149.35600434047618,2016-08-15,42,1,58.19047619047619,58.19047619047619,,Schaefer_2020,,,,,,,,,
68.64950827833334,-149.35078800714288,2016-08-15,42,1,60.476190476190474,60.476190476190474,,Schaefer_2020,,,,,,,,,
68.6591167,-149.2666625,2014-08-13,2,1,48.0,48.0,,Schaefer_2020,,,,,,,,,
68.71226944100002,-149.84443864999997,2014-08-12,10,1,32.8,32.8,,Schaefer_2020,,,,,,,,,
68.71495909090909,-149.02959181818184,2018-08-15,11,1,47.18181818181818,47.18181818181818,,Schaefer_2020,,,,,,,,,
68.85011499999999,-148.828895,2016-08-15,2,1,54.5,54.5,,Schaefer_2020,,,,,,,,,
68.93369897588234,-150.2710844862745,2018-08-22,51,1,55.98039215686274,55.98039215686274,,Schaefer_2020,,,,,,,,,
68.95183501333332,-150.2105579137255,2016-08-14,51,1,59.254901960784316,59.254901960784316,,Schaefer_2020,,,,,,,,,
68.9675562524,-150.24912275199998,2018-08-15,25,1,58.88,58.88,,Schaefer_2020,,,,,,,,,
68.99551229800001,-150.28118807800004,2018-08-14,50,1,72.56,72.56,,Schaefer_2020,,,,,,,,,
69.40127772459014,-150.91126711147544,2013-08-11,61,1,60.0,60.0,,Schaefer_2020,,,,,,,,,
69.67434700000001,-148.70749999999998,2018-08-24,2,1,39.52380952380952,39.52380952380952,,Schaefer_2020,,,,,,,,,
70.17576,-148.4531,2018-08-24,2,1,56.315,56.315,,Schaefer_2020,,,,,,,,,
70.17623,-148.45771,2018-08-24,2,1,54.17,54.17,,Schaefer_2020,,,,,,,,,
70.17768,-148.449375,2018-08-24,2,1,62.875,62.875,,Schaefer_2020,,,,,,,,,
70.177515,-148.45472999999998,2018-08-24,2,1,52.92,52.92,,Schaefer_2020,,,,,,,,,
70.17885,-148.460045,2018-08-24,2,1,49.665,49.665,,Schaefer_2020,,,,,,,,,
70.18071,-148.465675,2018-08-24,2,1,54.835,54.835,,Schaefer_2020,,,,,,,,,
70.18099000000001,-148.45801,2018-08-24,2,1,54.085,54.085,,Schaefer_2020,,,,,,,,,
70.18288,-148.46023,2018-08-24,2,1,50.835,50.835,,Schaefer_2020,,,,,,,,,
70.18259,-148.45722,2018-08-24,2,1,49.0,49.0,,Schaefer_2020,,,,,,,,,
70.18334,-148.4574,2018-08-24,2,1,42.835,42.835,,Schaefer_2020,,,,,,,,,
70.18395,-148.45539999999997,2018-08-24,3,1,53.333333333333336,53.333333333333336,,Schaefer_2020,,,,,,,,,
70.18455,-148.46239500000001,2018-08-24,2,1,51.835,51.835,,Schaefer_2020,,,,,,,,,
70.18487,-148.454735,2018-08-24,2,1,54.085,54.085,,Schaefer_2020,,,,,,,,,
70.18539,-148.45482500000003,2018-08-23,2,1,50.0,50.0,,Schaefer_2020,,,,,,,,,
70.179,-148.47430500000002,2018-08-23,2,1,52.0,52.0,,Schaefer_2020,,,,,,,,,
70.179045,-148.46774,2018-08-24,2,1,46.5,46.5,,Schaefer_2020,,,,,,,,,
70.17913999999999,-148.45324,2018-08-24,2,1,62.08,62.08,,Schaefer_2020,,,,,,,,,
70.18036000000001,-148.45237,2018-08-24,2,1,60.67,60.67,,Schaefer_2020,,,,,,,,,
70.180345,-148.45080000000002,2018-08-24,2,1,63.085,63.085,,Schaefer_2020,,,,,,,,,
70.181585,-148.45021,2018-08-24,2,1,51.58,51.58,,Schaefer_2020,,,,,,,,,
70.182455,-148.44922000000003,2018-08-24,2,1,51.525000000000006,51.525000000000006,,Schaefer_2020,,,,,,,,,
70.182875,-148.47101,2018-08-22,2,1,48.335,48.335,,Schaefer_2020,,,,,,,,,
70.18421333333333,-148.44559999999998,2018-08-22,3,1,57.553333333333335,57.553333333333335,,Schaefer_2020,,,,,,,,,
70.18390500000001,-148.442115,2018-08-23,2,1,54.415,54.415,,Schaefer_2020,,,,,,,,,
70.18463750000001,-148.4379475,2018-08-24,2,1,54.0,54.0,,Schaefer_2020,,,,,,,,,
70.18479500000001,-148.46913999999998,2018-08-22,2,1,54.0,54.0,,Schaefer_2020,,,,,,,,,
70.186515,-148.46208000000001,2018-08-23,2,1,45.165,45.165,,Schaefer_2020,,,,,,,,,
71.28048926307692,-156.60038498461537,2013-08-11,26,1,21.842948717948715,21.842948717948715,,Schaefer_2020,,,,,,,,,
71.28163914615385,-156.61048330384614,2013-08-11,26,1,25.737179487179485,25.737179487179485,,Schaefer_2020,,,,,,,,,
66.56164547750001,-159.00382225,2022-09-15,4,1,60.0,90.0,120.0,Selawik,,,,,,,,,
66.56316796499999,-159.00645,2022-09-15,2,1,42.5,42.5,120.0,Selawik,,,,,,,,,
66.61618734666666,-158.97419766666667,2022-09-15,3,1,75.0,90.0,120.0,Selawik,,,,,,,,,
66.61508278400001,-158.96864939999998,2022-09-15,5,0,85.0,106.0,120.0,Selawik,,,,,,,,,
66.49052926499999,-158.08282625,2022-09-15,4,0,85.0,102.5,120.0,Selawik,,,,,,,,,
66.43933301666668,-159.05507233333333,2022-09-15,3,1,76.66666666666667,76.66666666666667,120.0,Selawik,,,,,,,,,
66.43604832,-159.04552900000002,2022-09-15,3,1,60.0,80.0,120.0,Selawik,,,,,,,,,
66.43572734666667,-159.04339166666668,2022-09-15,3,0,,120.0,120.0,Selawik,,,,,,,,,
65.1582041522402,-164.82156839806132,2019-09-15,6,1,,,,Seward,,,,,,,,,
64.97549440788099,-166.22208852045284,2019-09-15,17,1,,,,Seward,,,,,,,,,
64.97583998123524,-166.21248112913008,2019-09-15,3,1,,,,Seward,,,,,,,,,
64.97637380327576,-166.22221831486658,2019-09-15,17,1,,,,Seward,,,,,,,,,
64.97636642274087,-166.21266443936906,2019-09-15,19,1,,,,Seward,,,,,,,,,
64.97728127408544,-166.22248616829918,2019-09-15,21,1,,,,Seward,,,,,,,,,
64.97740222023393,-166.2179724369782,2019-09-15,4,1,,,,Seward,,,,,,,,,
64.97755865384048,-166.21391614176613,2019-09-15,2,1,,,,Seward,,,,,,,,,
64.97724506836249,-166.21289720211584,2019-09-15,19,1,,,,Seward,,,,,,,,,
64.97750183686851,-166.20626177282995,2019-09-15,6,0,,,,Seward,,,,,,,,,
64.97731758655883,-166.2015614702289,2019-09-15,2,0,,,,Seward,,,,,,,,,
64.97817739798762,-166.22277053372136,2019-09-15,2,0,,,,Seward,,,,,,,,,
64.97807215656206,-166.22082670200217,2019-09-15,2,1,,,,Seward,,,,,,,,,
64.97841239525599,-166.21833090892386,2019-09-15,4,0,,,,Seward,,,,,,,,,
64.97798099141201,-166.21676133108343,2019-09-15,7,0,,,,Seward,,,,,,,,,
64.97796990269985,-166.21382664002934,2019-09-15,14,1,,,,Seward,,,,,,,,,
64.97822061790464,-166.21255848325995,2019-09-15,5,0,,,,Seward,,,,,,,,,
64.97816548960638,-166.20948544504327,2019-09-15,12,0,,,,Seward,,,,,,,,,
64.97816164177355,-166.20761776721497,2019-09-15,2,1,,,,Seward,,,,,,,,,
64.97813666474539,-166.2065954360301,2019-09-15,21,1,,,,Seward,,,,,,,,,
64.97880464551008,-166.21764870816523,2019-09-15,4,0,,,,Seward,,,,,,,,,
64.97927772078472,-166.2165003974305,2019-09-15,27,1,,,,Seward,,,,,,,,,
64.97890036465584,-166.21427961379334,2019-09-15,17,0,,,,Seward,,,,,,,,,
64.97886432839728,-166.2127571439584,2019-09-15,7,0,,,,Seward,,,,,,,,,
64.97913772133155,-166.20951570978164,2019-09-15,11,0,,,,Seward,,,,,,,,,
64.97906110915697,-166.20673263624644,2019-09-15,21,0,,,,Seward,,,,,,,,,
64.98038412169706,-166.2218201706678,2019-09-15,2,1,,,,Seward,,,,,,,,,
64.98016104395094,-166.22065523347385,2019-09-15,20,1,,,,Seward,,,,,,,,,
64.97971628433834,-166.21841691024179,2019-09-15,16,0,,,,Seward,,,,,,,,,
64.97992799605555,-166.21603032053696,2019-09-15,11,0,,,,Seward,,,,,,,,,
64.97982461802371,-166.21428380824076,2019-09-15,3,0,,,,Seward,,,,,,,,,
64.97981435639629,-166.2126020296282,2019-09-15,3,1,,,,Seward,,,,,,,,,
64.97993622346918,-166.20967406242073,2019-09-15,13,0,,,,Seward,,,,,,,,,
64.97995474944743,-166.2068709966293,2019-09-15,15,0,,,,Seward,,,,,,,,,
64.9805360194449,-166.2225876758245,2019-09-15,14,1,,,,Seward,,,,,,,,,
64.98077616210635,-166.21608605147102,2019-09-15,2,0,,,,Seward,,,,,,,,,
64.98081690851359,-166.2070024186628,2019-09-15,8,0,,,,Seward,,,,,,,,,
64.97805715298932,-166.22648948008535,2019-09-15,4,1,,,,Seward,,,,,,,,,
64.97977656863026,-166.20099366733643,2019-09-15,2,1,,,,Seward,,,,,,,,,
64.98067864263564,-166.19706034145256,2019-09-15,2,1,,,,Seward,,,,,,,,,
64.74452713983361,-165.9664144163115,2019-08-15,2,1,,,,Seward,,,,,,,,,
64.74556789583883,-165.9666581956634,2019-08-15,4,1,,,,Seward,,,,,,,,,
64.74651970919516,-165.96653089894977,2019-08-15,4,0,,,,Seward,,,,,,,,,
64.7363711229569,-165.96166987144184,2019-08-15,3,0,,,,Seward,,,,,,,,,
64.72637600979374,-165.94758675946815,2019-08-15,5,0,,,,Seward,,,,,,,,,
71.33344336161323,-156.65390681369036,2015-09-01,8,0,176.0,146.75,,Wagner_2019,,,,,,,,,
71.33328616057429,-156.650976676983,2015-09-01,17,0,167.3125,164.23529411764707,,Wagner_2019,,,,,,,,,
71.33314283250101,-156.64933226159863,2015-09-01,8,0,286.14285714285717,302.125,,Wagner_2019,,,,,,,,,
71.33307952287429,-156.64508211115543,2015-09-01,15,0,156.11111111111111,151.46666666666667,,Wagner_2019,,,,,,,,,
71.33391746157912,-156.65362947462395,2015-09-01,13,0,144.16666666666666,144.6153846153846,,Wagner_2019,,,,,,,,,
71.3338586750398,-156.651666286438,2015-09-01,10,0,164.4,164.4,,Wagner_2019,,,,,,,,,
71.3340655314342,-156.64892561765842,2015-09-01,3,0,172.66666666666666,172.66666666666666,,Wagner_2019,,,,,,,,,
71.33410856008658,-156.64504465059707,2015-09-01,4,0,160.0,161.0,,Wagner_2019,,,,,,,,,
71.33473572414835,-156.64880991505692,2015-09-01,5,0,152.5,151.0,,Wagner_2019,,,,,,,,,
71.33471465705573,-156.64505894993994,2015-09-01,2,0,,175.0,,Wagner_2019,,,,,,,,,
71.32780602566669,-156.66832831219844,2015-09-01,18,1,60.94444444444444,157.33333333333334,,Wagner_2019,,,,,,,,,
71.32813225177269,-156.66629703578178,2015-09-01,6,0,66.33333333333333,145.0,,Wagner_2019,,,,,,,,,
71.32856784028372,-156.66829660061697,2015-09-01,12,1,60.111111111111114,160.58333333333334,,Wagner_2019,,,,,,,,,
71.32864823543498,-156.6659710361649,2015-09-01,15,1,53.583333333333336,148.73333333333332,,Wagner_2019,,,,,,,,,
71.32934688149025,-156.66846335253553,2015-09-01,3,1,76.66666666666667,140.33333333333334,,Wagner_2019,,,,,,,,,
71.32937983240737,-156.66544615839513,2015-09-01,2,0,107.0,163.0,,Wagner_2019,,,,,,,,,
69.674,-148.72133333333332,2016-12-15,3,0,,100.0,101.0,Wang_2018,,,,,,,,,
68.33121349999999,-133.64508999999998,2017-08-18,2,1,59.35,59.35,100.0,Zhang_2019,,11.5,,,,,,,
68.3188105,-133.53333500000002,2017-08-18,2,1,48.225,48.225,100.0,Zhang_2019,,44.0,,,,,,,
68.35536350000001,-133.69394,2017-08-16,2,1,37.0,37.0,100.0,Zhang_2019,,40.5,,,,,,,
68.316329,-133.465045,2017-08-18,2,1,71.5,71.5,100.0,Zhang_2019,,31.25,,,,,,,
68.3631815,-133.70045833333333,2017-08-17,6,1,44.258333333333326,44.258333333333326,100.0,Zhang_2019,,33.5,,,,,,,
68.36332250000001,-133.69867,2017-08-17,4,1,35.64999999999999,35.64999999999999,100.0,Zhang_2019,,32.575,,,,,,,
68.34457900000001,-133.690055,2017-08-16,2,0,44.0,82.0,100.0,Zhang_2019,,82.5,,,,,,,
68.39379249999999,-133.765919,2017-08-15,10,1,75.55,85.33,100.0,Zhang_2019,,5.9,,,,,,,
68.41454133333333,-133.77022666666667,2017-08-16,3,0,,100.0,100.0,Zhang_2019,,2.6666666666666665,,,,,,,
68.413983,-133.76767999999998,2017-08-16,2,1,76.35,76.35,100.0,Zhang_2019,,12.0,,,,,,,
68.41591650000001,-133.77596499999999,2017-08-16,2,1,69.0,69.0,100.0,Zhang_2019,,8.5,,,,,,,
68.35351833333334,-133.67583333333334,2017-08-17,3,1,45.0,63.333333333333336,100.0,Zhang_2019,,8.0,,,,,,,
68.35445499999999,-133.67587666666668,2017-08-18,3,1,41.375,41.375,100.0,Zhang_2019,,31.0,,,,,,,
69.417353,-133.02673,2017-08-20,4,1,62.05,62.05,100.0,Zhang_2019,,26.25,,,,,,,
69.38661166666667,-133.02294,2017-08-20,3,1,42.96666666666666,42.96666666666666,100.0,Zhang_2019,,19.333333333333332,,,,,,,
69.3861785,-133.020605,2017-08-20,2,1,58.75,58.75,100.0,Zhang_2019,,13.0,,,,,,,
69.367803,-133.04008499999998,2017-08-20,2,1,42.7,42.7,100.0,Zhang_2019,,44.5,,,,,,,
69.3658795,-133.0360375,2017-08-20,4,1,52.849999999999994,52.849999999999994,100.0,Zhang_2019,,15.0,,,,,,,
69.3971634,-133.03231799999998,2017-08-21,5,1,66.31,66.31,100.0,Zhang_2019,,31.0,,,,,,,
69.37355325,-133.04256750000002,2017-08-21,4,1,65.5575,65.5575,100.0,Zhang_2019,,14.75,,,,,,,
69.2822385,-132.912105,2017-08-19,2,1,48.0,48.0,100.0,Zhang_2019,,24.0,,,,,,,
69.2908995,-132.92152,2017-08-19,2,1,46.1,46.1,100.0,Zhang_2019,,21.0,,,,,,,
69.2962655,-132.9435775,2017-08-19,4,1,58.7625,58.7625,100.0,Zhang_2019,,16.0,,,,,,,
69.3196725,-133.012095,2017-08-22,2,1,51.4,51.4,100.0,Zhang_2019,,33.5,,,,,,,
69.3569565,-133.03580499999998,2017-08-21,2,1,43.150000000000006,43.150000000000006,100.0,Zhang_2019,,51.5,,,,,,,
69.349289,-133.03820000000002,2017-08-22,2,1,42.599999999999994,42.599999999999994,100.0,Zhang_2019,,22.5,,,,,,,
65.65389,-149.092388,2016-09-06,1,1,79.0,79.0,132.0,Minsley_2017,,5.0,,,,,,,
64.91531918,-147.8479229,2021-09-16,1,0,,132.0,132.0,Minsley_2021,,,,,,,,,
65.509722,-150.158611,2008-06-19,1,0,0.0,90.0,,Pastick,,5.0,N,,,,,,
65.511389,-150.153333,2008-06-19,1,0,0.0,180.0,,Pastick,,4.0,N,,,,,,
65.510556,-150.153333,2008-06-19,1,1,49.0,65.0,,Pastick,,7.0,N,,,,,,
65.513889,-150.137778,2008-06-19,1,0,0.0,120.0,,Pastick,,0.0,N,,,,,,
65.503611,-150.178333,2008-06-20,1,0,0.0,110.0,,Pastick,,0.0,N,,,,,,
65.496111,-150.188889,2008-06-21,1,1,60.0,70.0,,Pastick,,10.0,N,,,,,,
65.494167,-150.1875,2008-06-21,1,0,0.0,130.0,,Pastick,,6.0,N,,,,,,
65.496944,-150.183333,2008-07-05,1,1,46.0,60.0,,Pastick,,33.0,N,,,,,,
65.505278,-150.172222,2008-06-22,1,0,0.0,180.0,,Pastick,,4.0,N,,,,,,
65.5075,-150.167778,2008-06-22,1,0,0.0,150.0,,Pastick,,0.0,N,,,,,,
65.506389,-150.168056,2008-06-22,1,0,0.0,183.0,,Pastick,,3.0,N,,,,,,
65.504722,-150.166944,2008-06-22,1,1,117.0,125.0,,Pastick,,13.0,N,,,,,,
65.506667,-150.165833,2008-06-22,1,1,90.0,110.0,,Pastick,,13.0,N,,,,,,
65.509722,-150.148611,2008-06-22,1,1,62.0,80.0,,Pastick,,40.0,N,,,,,,
65.511667,-150.141944,2008-06-22,1,1,95.0,100.0,,Pastick,,5.0,N,,,,,,
65.505,-150.139167,2008-06-23,1,1,52.0,60.0,,Pastick,,23.0,N,,,,,,
65.501111,-150.141111,2008-06-23,1,1,60.0,80.0,,Pastick,,13.0,N,,,,,,
65.5,-150.141667,2008-06-23,1,0,0.0,87.0,,Pastick,,0.0,Y,,,,,,
65.498333,-150.146944,2008-06-23,1,1,55.0,62.0,,Pastick,,21.0,N,,,,,,
65.499167,-150.148056,2008-06-23,1,0,0.0,67.0,,Pastick,,17.0,N,,,,,,
65.500556,-150.152778,2008-06-23,1,1,50.0,65.0,,Pastick,,27.0,N,,,,,,
65.493611,-150.263611,2008-06-24,1,0,0.0,190.0,,Pastick,,8.0,N,,,,,,
65.494167,-150.258889,2008-06-24,1,0,0.0,180.0,,Pastick,,0.0,N,,,,,,
65.494444,-150.255833,2008-06-24,1,1,42.0,50.0,,Pastick,,10.0,N,,,,,,
65.669722,-149.781667,2008-07-03,1,0,0.0,110.0,,Pastick,,0.0,N,,,,,,
65.669167,-149.738611,2008-07-03,1,1,130.0,135.0,,Pastick,,0.0,N,,,,,,
65.665,-149.765,2008-07-03,1,1,72.0,80.0,,Pastick,,11.0,N,,,,,,
65.664167,-149.7375,2008-07-03,1,1,45.0,50.0,,Pastick,,23.0,N,,,,,,
65.659167,-149.752222,2008-07-03,1,1,50.0,57.0,,Pastick,,18.0,N,,,,,,
65.657222,-149.741944,2008-07-03,1,1,44.0,56.0,,Pastick,,11.0,N,,,,,,
65.668056,-149.775556,2008-07-04,1,1,95.0,110.0,,Pastick,,7.0,N,,,,,,
65.671111,-149.782778,2008-07-04,1,0,0.0,100.0,,Pastick,,0.0,N,,,,,,
65.670556,-149.785556,2008-07-04,1,1,50.0,60.0,,Pastick,,12.0,N,,,,,,
65.681944,-149.746944,2008-07-05,1,1,50.0,55.0,,Pastick,,37.0,N,,,,,,
65.677778,-149.750833,2008-07-05,1,1,64.0,72.0,,Pastick,,16.0,N,,,,,,
65.678611,-149.7425,2008-07-05,1,1,40.0,45.0,,Pastick,,21.0,N,,,,,,
65.673056,-149.750556,2008-07-05,1,0,0.0,75.0,,Pastick,,0.0,N,,,,,,
65.667778,-149.793889,2008-07-05,1,1,70.0,80.0,,Pastick,,2.0,N,,,,,,
65.671389,-149.829167,2008-07-07,1,1,62.0,80.0,,Pastick,,15.0,N,,,,,,
65.672222,-149.831389,2008-07-07,1,0,0.0,180.0,,Pastick,,6.0,N,,,,,,
65.672778,-149.834722,2008-07-07,1,0,0.0,130.0,,Pastick,,11.0,N,,,,,,
65.671667,-149.846111,2008-07-07,1,0,0.0,70.0,,Pastick,,13.0,N,,,,,,
65.67,-149.791667,2008-07-08,1,1,57.0,70.0,,Pastick,,10.0,N,,,,,,
65.663056,-149.776111,2008-07-08,1,1,44.0,63.0,,Pastick,,25.0,N,,,,,,
66.005556,-149.083611,2008-07-17,1,0,0.0,200.0,,Pastick,,7.0,N,,,,,,
66.006667,-149.083611,2008-07-17,1,1,83.0,90.0,,Pastick,,8.0,N,,,,,,
66.0075,-149.083333,2008-07-17,1,1,80.0,80.0,,Pastick,,52.0,N,,,,,,
66.008611,-149.084444,2008-07-17,1,0,0.0,200.0,,Pastick,,5.0,N,,,,,,
66.009444,-149.085556,2008-07-17,1,0,0.0,200.0,,Pastick,,14.0,N,,,,,,
66.004167,-149.079167,2008-07-17,1,1,63.0,80.0,,Pastick,,6.0,N,,,,,,
66.01,-149.090833,2008-07-18,1,1,89.0,100.0,,Pastick,,13.0,N,,,,,,
66.010556,-149.083889,2008-07-18,1,1,75.0,85.0,,Pastick,,9.0,N,,,,,,
66.011389,-149.084167,2008-07-18,1,1,45.0,65.0,,Pastick,,12.0,N,,,,,,
66.008333,-149.098333,2008-07-19,1,0,0.0,200.0,,Pastick,,11.0,N,,,,,,
66.0225,-149.114167,2008-07-19,1,1,130.0,140.0,,Pastick,,8.0,N,,,,,,
66.019722,-149.108056,2008-07-19,1,1,62.0,70.0,,Pastick,,6.0,N,,,,,,
66.016389,-149.102222,2008-07-19,1,1,45.0,57.0,,Pastick,,33.0,N,,,,,,
66.013056,-149.103333,2008-07-19,1,1,59.0,70.0,,Pastick,,13.0,N,,,,,,
65.995833,-149.031389,2008-07-20,1,1,73.0,80.0,,Pastick,,3.0,N,,,,,,
65.997778,-149.030833,2008-07-20,1,0,0.0,200.0,,Pastick,,7.0,N,,,,,,
65.999444,-149.031667,2008-07-20,1,1,56.0,70.0,,Pastick,,8.0,N,,,,,,
66.000278,-149.031667,2008-07-20,1,1,115.0,120.0,,Pastick,,8.0,N,,,,,,
66.003611,-149.031667,2008-07-20,1,0,0.0,200.0,,Pastick,,5.0,N,,,,,,
66.002778,-149.032222,2008-07-20,1,1,55.0,62.0,,Pastick,,14.0,N,,,,,,
66.02,-149.045278,2008-07-21,1,1,57.0,65.0,,Pastick,,10.0,N,,,,,,
66.019444,-149.047778,2008-07-21,1,1,60.0,65.0,,Pastick,,35.0,N,,,,,,
66.019167,-149.051667,2008-07-21,1,1,100.0,110.0,,Pastick,,7.0,N,,,,,,
66.019167,-149.055556,2008-07-21,1,1,28.0,42.0,,Pastick,,42.0,N,,,,,,
66.005833,-149.066111,2008-07-22,1,1,72.0,80.0,,Pastick,,8.0,N,,,,,,
66.004722,-149.066944,2008-07-22,1,1,35.0,43.0,,Pastick,,16.0,N,,,,,,
66.002222,-149.077222,2008-07-22,1,1,55.0,60.0,,Pastick,,11.0,N,,,,,,
65.9725,-149.005,2008-07-31,1,0,0.0,200.0,,Pastick,,0.0,N,,,,,,
65.970278,-149.001111,2008-07-31,1,1,55.0,75.0,,Pastick,,24.0,N,,,,,,
65.961944,-148.998889,2008-07-31,1,1,40.0,60.0,,Pastick,,31.0,N,,,,,,
65.965556,-148.9975,2008-07-31,1,1,81.0,95.0,,Pastick,,15.0,N,,,,,,
65.955556,-148.995278,2008-07-31,1,1,110.0,115.0,,Pastick,,9.0,N,,,,,,
65.998056,-148.942222,2008-08-01,1,1,115.0,120.0,,Pastick,,10.0,N,,,,,,
65.997222,-148.938611,2008-08-01,1,1,54.0,70.0,,Pastick,,15.0,N,,,,,,
65.997778,-148.931111,2008-08-01,1,1,60.0,70.0,,Pastick,,9.0,N,,,,,,
66.003333,-149.174444,2008-08-02,1,1,70.0,85.0,,Pastick,,7.0,N,,,,,,
66.003333,-149.178611,2008-08-02,1,1,70.0,90.0,,Pastick,,10.0,N,,,,,,
66.008889,-149.162222,2008-08-02,1,0,0.0,20.0,,Pastick,,7.0,N,,,,,,
65.993611,-148.974444,2008-08-02,1,0,0.0,200.0,,Pastick,,0.0,N,,,,,,
65.983889,-149.012222,2008-08-03,1,1,80.0,85.0,,Pastick,,7.0,N,,,,,,
65.984444,-149.045278,2008-08-03,1,1,140.0,150.0,,Pastick,,0.0,N,,,,,,
65.938056,-149.333056,2008-08-04,1,0,0.0,200.0,,Pastick,,3.0,N,,,,,,
65.936944,-149.333056,2008-08-04,1,0,0.0,140.0,,Pastick,,10.0,N,,,,,,
65.943056,-149.328333,2008-08-04,1,0,0.0,200.0,,Pastick,,5.0,N,,,,,,
65.941944,-149.326944,2008-08-04,1,1,100.0,120.0,,Pastick,,5.0,N,,,,,,
65.985556,-149.304444,2008-08-05,1,1,64.0,80.0,,Pastick,,7.0,N,,,,,,
65.820833,-149.960833,2008-08-15,1,0,0.0,85.0,,Pastick,,10.0,N,,,,,,
65.820278,-149.955,2008-08-15,1,0,0.0,100.0,,Pastick,,9.0,Y,,,,,,
65.844722,-149.895556,2008-08-15,1,0,0.0,160.0,,Pastick,,6.0,N,,,,,,
65.844167,-149.921944,2008-08-16,1,0,0.0,100.0,,Pastick,,7.0,Y,,,,,,
65.843056,-149.924167,2008-08-16,1,0,0.0,100.0,,Pastick,,0.0,Y,,,,,,
65.884444,-149.679444,2008-08-17,1,1,70.0,75.0,,Pastick,,13.0,N,,,,,,
65.882778,-149.680278,2008-08-17,1,0,0.0,160.0,,Pastick,,0.0,N,,,,,,
65.8275,-149.513056,2008-08-18,1,1,135.0,150.0,,Pastick,,5.0,N,,,,,,
65.825833,-149.595556,2008-08-18,1,1,52.0,65.0,,Pastick,,21.0,N,,,,,,
65.869167,-149.619167,2008-08-18,1,1,53.0,60.0,,Pastick,,24.0,N,,,,,,
65.962778,-149.921944,2008-08-19,1,0,0.0,60.0,,Pastick,,3.0,Y,,,,,,
65.961944,-149.921667,2008-08-19,1,0,0.0,110.0,,Pastick,,12.0,N,,,,,,
65.938333,-149.863056,2008-08-19,1,0,0.0,90.0,,Pastick,,4.0,Y,,,,,,
65.939167,-149.862778,2008-08-19,1,1,55.0,70.0,,Pastick,,18.0,N,,,,,,
66.533333,-145.177222,2010-06-23,1,0,0.0,162.0,,Pastick,,2.0,N,,,,,,
66.534167,-145.178611,2010-06-23,1,0,0.0,120.0,,Pastick,,3.0,N,,,,,,
66.553333,-145.474722,2010-06-24,1,0,0.0,99.0,,Pastick,,14.0,N,,,,,,
66.623611,-145.783889,2010-06-25,1,0,0.0,190.0,,Pastick,,9.0,N,,,,,,
66.624722,-145.783333,2010-06-26,1,0,0.0,200.0,,Pastick,,0.0,N,,,,,,
66.548611,-145.52,2010-06-26,1,0,0.0,92.0,,Pastick,,4.0,N,,,,,,
66.548889,-145.875,2010-09-27,1,0,0.0,100.0,,Pastick,,4.0,N,,,,,,
66.551944,-145.876944,2010-06-26,1,0,0.0,67.0,,Pastick,,4.0,N,,,,,,
66.561667,-145.7425,2010-06-27,1,0,0.0,87.0,,Pastick,,5.0,N,,,,,,
66.563056,-145.741667,2010-06-27,1,1,54.0,54.0,,Pastick,,13.0,N,,,,,,
66.565278,-145.736667,2010-06-27,1,0,0.0,53.0,,Pastick,,6.0,N,,,,,,
66.375278,-145.106389,2010-07-07,1,0,0.0,131.0,,Pastick,,3.0,N,,,,,,
66.372222,-145.120278,2010-07-19,1,0,0.0,112.0,,Pastick,,2.0,N,,,,,,
66.2875,-146.678889,2010-07-19,1,0,0.0,137.0,,Pastick,,5.0,N,,,,,,
66.288333,-146.677778,2010-07-19,1,0,0.0,200.0,,Pastick,,9.0,N,,,,,,
66.293611,-146.674167,2010-07-19,1,0,0.0,200.0,,Pastick,,3.0,N,,,,,,
66.293611,-146.671111,2010-07-19,1,1,50.0,50.0,,Pastick,,5.0,N,,,,,,
66.296389,-146.593611,2010-07-19,1,0,0.0,109.0,,Pastick,,6.0,N,,,,,,
66.299167,-146.59,2010-07-19,1,0,0.0,109.0,,Pastick,,8.0,N,,,,,,
66.303056,-146.59,2010-07-19,1,0,0.0,170.0,,Pastick,,13.0,N,,,,,,
66.308333,-146.5925,2010-07-19,1,1,60.0,60.0,,Pastick,,22.0,N,,,,,,
66.296944,-146.465278,2010-07-10,1,0,0.0,179.0,,Pastick,,5.0,N,,,,,,
66.300278,-146.457778,2010-07-10,1,1,50.0,52.0,,Pastick,,50.0,N,,,,,,
66.362286,-146.675358,2010-09-27,1,0,0.0,200.0,,Pastick,,11.0,N,,,,,,
66.3675,-146.688611,2010-07-11,1,1,55.0,55.0,,Pastick,,9.0,N,,,,,,
66.366944,-146.686667,2010-07-11,1,0,0.0,108.0,,Pastick,,3.0,N,,,,,,
66.367881,-146.671653,2010-07-11,1,0,0.0,107.0,,Pastick,,4.0,N,,,,,,
66.368889,-146.673889,2010-07-12,1,0,0.0,97.0,,Pastick,,0.0,N,,,,,,
66.395556,-146.499444,2010-07-12,1,1,52.0,52.0,,Pastick,,16.0,N,,,,,,
66.329722,-146.875556,2010-07-13,1,0,0.0,100.0,,Pastick,,16.0,N,,,,,,
66.330556,-146.875833,2010-07-13,1,0,0.0,109.0,,Pastick,,6.0,N,,,,,,
66.330833,-146.878889,2010-07-13,1,0,0.0,100.0,,Pastick,,4.0,N,,,,,,
66.319167,-146.876389,2010-07-21,1,1,64.0,64.0,,Pastick,,22.0,N,,,,,,
66.335833,-146.876944,2010-07-13,1,1,67.0,67.0,,Pastick,,23.0,N,,,,,,
66.338889,-146.875556,2010-07-21,1,0,0.0,65.0,,Pastick,,16.0,N,,,,,,
66.6075,-146.605278,2010-07-14,1,0,0.0,126.0,,Pastick,,24.0,N,,,,,,
66.6075,-146.601389,2010-07-14,1,0,0.0,100.0,,Pastick,,10.0,N,,,,,,
66.653889,-146.568056,2010-07-15,1,1,40.0,48.0,,Pastick,,18.0,N,,,,,,
66.663889,-146.555,2010-07-16,1,0,0.0,99.0,,Pastick,,9.0,N,,,,,,
66.468611,-145.271667,2010-07-27,1,1,67.0,67.0,,Pastick,,8.0,N,,,,,,
66.314167,-145.305556,2010-07-28,1,0,0.0,109.0,,Pastick,,29.0,N,,,,,,
66.316667,-145.305556,2010-07-28,1,0,0.0,109.0,,Pastick,,11.0,N,,,,,,
66.318611,-145.306667,2010-07-28,1,1,28.0,69.0,,Pastick,,12.0,N,,,,,,
66.320556,-145.308889,2010-07-29,1,0,0.0,112.0,,Pastick,,10.0,N,,,,,,
66.330278,-145.297778,2010-07-28,1,0,0.0,91.0,,Pastick,,12.0,N,,,,,,
66.321944,-145.4675,2010-07-29,1,1,50.0,50.0,,Pastick,,50.0,N,,,,,,
66.322778,-145.469444,2010-07-29,1,1,81.0,200.0,,Pastick,,25.0,N,,,,,,
66.324167,-145.469722,2010-07-29,1,0,0.0,130.0,,Pastick,,10.0,N,,,,,,
66.324444,-145.462778,2010-07-29,1,1,127.0,127.0,,Pastick,,10.0,N,,,,,,
66.323611,-145.467222,2010-07-30,1,0,0.0,200.0,,Pastick,,57.0,N,,,,,,
66.449167,-146.263611,2010-07-30,1,0,0.0,157.0,,Pastick,,6.0,N,,,,,,
66.448333,-146.263889,2010-07-30,1,0,0.0,192.0,,Pastick,,7.0,N,,,,,,
66.445603,-146.266944,2010-09-27,1,0,0.0,200.0,,Pastick,,6.0,N,,,,,,
66.446944,-146.266944,2010-09-27,1,1,92.0,200.0,,Pastick,,30.0,N,,,,,,
66.554722,-145.201944,2010-08-01,1,0,0.0,158.0,,Pastick,,17.0,N,,,,,,
66.571389,-145.271944,2010-08-01,1,1,80.0,80.0,,Pastick,,0.0,N,,,,,,
66.554722,-145.199167,2010-08-02,1,1,162.0,162.0,,Pastick,,3.0,N,,,,,,
66.660278,-144.739444,2010-08-10,1,0,0.0,112.0,,Pastick,,4.0,N,,,,,,
66.660556,-144.744722,2010-08-10,1,0,0.0,106.0,,Pastick,,8.0,N,,,,,,
66.531111,-146.118611,2010-08-11,1,0,0.0,137.0,,Pastick,,5.0,N,,,,,,
66.53,-146.1225,2010-08-11,1,0,0.0,87.0,,Pastick,,5.0,N,,,,,,
66.530833,-146.124167,2010-08-11,1,1,67.0,67.0,,Pastick,,19.0,N,,,,,,
66.529444,-146.12,2010-08-11,1,1,110.0,110.0,,Pastick,,7.0,N,,,,,,
66.610556,-145.234167,2010-08-12,1,1,67.0,67.0,,Pastick,,23.0,N,,,,,,
66.613611,-145.233056,2010-08-12,1,0,0.0,200.0,,Pastick,,5.0,N,,,,,,
66.612778,-145.235278,2010-08-12,1,1,107.0,107.0,,Pastick,,15.0,N,,,,,,
66.5925,-146.050833,2010-08-13,1,0,0.0,171.0,,Pastick,,2.0,N,,,,,,
66.594167,-146.048611,2010-08-13,1,1,133.0,133.0,,Pastick,,2.0,N,,,,,,
66.595,-146.056389,2010-08-13,1,1,70.0,70.0,,Pastick,,12.0,N,,,,,,
66.632222,-146.046111,2010-08-14,1,1,100.0,100.0,,Pastick,,13.0,N,,,,,,
66.634167,-146.047778,2010-08-14,1,1,81.0,81.0,,Pastick,,9.0,N,,,,,,
66.636667,-146.0475,2010-08-15,1,0,0.0,200.0,,Pastick,,4.0,N,,,,,,
66.620556,-145.680556,2010-08-15,1,1,89.0,89.0,,Pastick,,12.0,N,,,,,,
66.618333,-145.686667,2010-08-16,1,1,87.0,87.0,,Pastick,,6.0,N,,,,,,
66.614444,-145.641389,2010-09-23,1,1,79.0,79.0,,Pastick,,10.0,N,,,,,,
66.613611,-145.647778,2010-09-23,1,1,100.0,100.0,,Pastick,,3.0,N,,,,,,
66.620278,-145.445556,2010-08-17,1,0,0.0,67.0,,Pastick,,4.0,N,,,,,,
66.623889,-145.449444,2010-08-17,1,0,0.0,141.0,,Pastick,,2.0,N,,,,,,
66.626389,-145.455278,2010-08-17,1,1,55.0,55.0,,Pastick,,30.0,N,,,,,,
66.645,-144.879722,2010-08-18,1,1,82.0,82.0,,Pastick,,55.0,N,,,,,,
66.648889,-144.885,2010-08-18,1,1,64.0,64.0,,Pastick,,23.0,N,,,,,,
66.661667,-144.8175,2010-08-19,1,0,0.0,200.0,,Pastick,,10.0,N,,,,,,
66.663333,-144.813333,2010-08-19,1,0,0.0,173.0,,Pastick,,8.0,N,,,,,,
66.665833,-144.812222,2010-08-19,1,1,82.0,82.0,,Pastick,,43.0,N,,,,,,
66.648333,-145.109722,2010-08-20,1,1,157.0,157.0,,Pastick,,11.0,N,,,,,,
66.648056,-145.106111,2010-08-20,1,1,167.0,167.0,,Pastick,,4.0,N,,,,,,
66.644444,-145.111944,2010-08-20,1,0,0.0,150.0,,Pastick,,5.0,N,,,,,,
66.654167,-145.168611,2010-08-21,1,1,180.0,180.0,,Pastick,,11.0,N,,,,,,
66.650278,-145.166944,2010-08-21,1,1,115.0,115.0,,Pastick,,8.0,N,,,,,,
66.631944,-145.301111,2010-09-27,1,1,98.0,98.0,,Pastick,,4.0,N,,,,,,
66.631944,-145.298333,2010-09-27,1,1,150.0,150.0,,Pastick,,8.0,N,,,,,,
66.636083,-145.295,2010-09-27,1,0,0.0,191.0,,Pastick,,4.0,N,,,,,,
66.633611,-145.293,2010-09-27,1,1,192.0,192.0,,Pastick,,0.0,N,,,,,,
66.634722,-145.291111,2010-09-27,1,1,118.0,118.0,,Pastick,,10.0,N,,,,,,
66.316667,-144.781111,2010-09-08,1,1,95.0,95.0,,Pastick,,5.0,N,,,,,,
66.320278,-144.775556,2010-09-08,1,1,56.0,56.0,,Pastick,,21.0,N,,,,,,
66.320278,-144.773333,2010-09-08,1,1,84.0,84.0,,Pastick,,47.0,N,,,,,,
66.305278,-144.771111,2010-09-09,1,0,0.0,184.0,,Pastick,,2.0,N,,,,,,
66.243611,-144.778056,2010-09-09,1,1,45.0,45.0,,Pastick,,28.0,N,,,,,,
66.2425,-144.772778,2010-09-09,1,1,51.0,51.0,,Pastick,,12.0,N,,,,,,
66.256389,-144.778056,2010-09-09,1,0,0.0,129.0,,Pastick,,2.0,N,,,,,,
66.411389,-144.886944,2010-09-10,1,1,78.0,78.0,,Pastick,,4.0,N,,,,,,
66.408056,-144.876389,2010-09-10,1,1,140.0,140.0,,Pastick,,8.0,N,,,,,,
66.271944,-144.809444,2010-09-30,1,0,0.0,200.0,,Pastick,,9.0,N,,,,,,
66.268333,-144.808889,2010-09-11,1,1,56.0,56.0,,Pastick,,19.0,N,,,,,,
66.3,-144.854444,2010-09-12,1,1,120.0,120.0,,Pastick,,16.0,N,,,,,,
66.372222,-144.902778,2010-09-12,1,0,0.0,151.0,,Pastick,,2.0,N,,,,,,
66.577222,-145.268056,2010-09-13,1,1,131.0,131.0,,Pastick,,13.0,N,,,,,,
66.576111,-145.270556,2010-09-13,1,1,123.0,123.0,,Pastick,,9.0,N,,,,,,
66.317222,-144.898889,2010-09-07,1,1,67.0,67.0,,Pastick,,40.0,N,,,,,,
66.321389,-144.905833,2010-09-07,1,1,88.0,88.0,,Pastick,,0.0,N,,,,,,
66.319167,-144.898889,2010-09-07,1,1,72.0,72.0,,Pastick,,0.0,N,,,,,,
66.636944,-144.935556,2010-06-22,1,0,0.0,200.0,,Pastick,,12.0,N,,,,,,
66.634722,-144.936667,2010-06-22,1,0,0.0,190.0,,Pastick,,0.0,N,,,,,,
66.643333,-144.937222,2010-06-22,1,0,0.0,152.0,,Pastick,,0.0,N,,,,,,
66.460833,-145.128056,2010-06-23,1,0,0.0,190.0,,Pastick,,0.0,N,,,,,,
66.46,-145.133611,2010-06-23,1,0,0.0,68.0,,Pastick,,20.0,N,,,,,,
66.460556,-145.123333,2010-06-23,1,0,0.0,80.0,,Pastick,,0.0,N,,,,,,
66.546389,-145.436389,2010-06-24,1,0,0.0,152.0,,Pastick,,11.0,N,,,,,,
66.546389,-145.431667,2010-06-24,1,0,0.0,120.0,,Pastick,,0.0,N,,,,,,
66.631667,-145.786389,2010-06-25,1,1,89.0,89.0,,Pastick,,9.0,N,,,,,,
66.631944,-145.780278,2010-06-25,1,0,0.0,50.0,,Pastick,,9.0,N,,,,,,
66.630833,-145.775278,2010-06-25,1,0,0.0,59.0,,Pastick,,9.0,N,,,,,,
66.543611,-145.914167,2010-06-26,1,0,0.0,79.0,,Pastick,,0.0,N,,,,,,
66.5425,-145.914444,2010-06-26,1,0,0.0,72.0,,Pastick,,5.0,N,,,,,,
66.541389,-145.915556,2010-06-26,1,0,0.0,72.0,,Pastick,,5.0,N,,,,,,
66.5475,-145.920833,2010-06-26,1,0,0.0,170.0,,Pastick,,10.0,N,,,,,,
66.553889,-145.725556,2010-06-27,1,0,0.0,127.0,,Pastick,,0.0,N,,,,,,
66.555278,-145.722222,2010-06-27,1,0,0.0,162.0,,Pastick,,8.0,N,,,,,,
66.556944,-145.724722,2010-06-27,1,0,0.0,183.0,,Pastick,,0.0,N,,,,,,
66.291389,-146.970833,2010-07-08,1,0,0.0,140.0,,Pastick,,57.0,N,,,,,,
66.290278,-146.969722,2010-07-08,1,0,0.0,152.0,,Pastick,,25.0,N,,,,,,
66.287222,-146.968333,2010-07-08,1,1,103.0,103.0,,Pastick,,13.0,N,,,,,,
66.262778,-146.834444,2010-07-09,1,1,80.0,80.0,,Pastick,,41.0,N,,,,,,
66.262778,-146.830833,2010-07-09,1,0,0.0,181.0,,Pastick,,5.0,N,,,,,,
66.263889,-146.827778,2010-07-09,1,1,80.0,80.0,,Pastick,,18.0,N,,,,,,
66.263889,-146.823333,2010-07-09,1,0,0.0,175.0,,Pastick,,16.0,N,,,,,,
66.249722,-146.521389,2010-07-10,1,0,0.0,152.0,,Pastick,,12.0,N,,,,,,
66.248333,-146.523333,2010-07-10,1,0,0.0,156.0,,Pastick,,5.0,N,,,,,,
66.247222,-146.522778,2010-07-10,1,0,0.0,170.0,,Pastick,,11.0,N,,,,,,
66.333889,-146.552778,2010-07-11,1,0,0.0,147.0,,Pastick,,17.0,N,,,,,,
66.335556,-146.555,2010-07-11,1,0,0.0,181.0,,Pastick,,3.0,N,,,,,,
66.336667,-146.554167,2010-07-11,1,0,0.0,190.0,,Pastick,,7.0,N,,,,,,
66.335556,-146.551389,2010-07-11,1,0,0.0,140.0,,Pastick,,12.0,N,,,,,,
66.314167,-146.420833,2010-07-12,1,0,0.0,152.0,,Pastick,,0.0,N,,,,,,
66.315278,-146.424167,2010-07-12,1,0,0.0,160.0,,Pastick,,0.0,N,,,,,,
66.316111,-146.429722,2010-07-12,1,1,186.0,186.0,,Pastick,,2.0,N,,,,,,
66.3175,-146.445833,2010-07-12,1,0,0.0,171.0,,Pastick,,6.0,N,,,,,,
66.318333,-146.446111,2010-07-12,1,0,0.0,135.0,,Pastick,,18.0,N,,,,,,
66.381667,-146.89,2010-07-13,1,0,0.0,146.0,,Pastick,,13.0,N,,,,,,
66.381667,-146.886389,2010-07-13,1,0,0.0,138.0,,Pastick,,5.0,N,,,,,,
66.3825,-146.871667,2010-07-13,1,1,105.0,105.0,,Pastick,,12.0,N,,,,,,
66.7075,-146.546389,2010-07-14,1,0,0.0,182.0,,Pastick,,15.0,N,,,,,,
66.705556,-146.541389,2010-07-14,1,0,0.0,92.0,,Pastick,,11.0,N,,,,,,
66.604167,-146.470556,2010-07-15,1,0,0.0,185.0,,Pastick,,4.0,N,,,,,,
66.603889,-146.4775,2010-07-15,1,0,0.0,75.0,,Pastick,,0.0,N,,,,,,
66.603056,-146.472222,2010-07-15,1,0,0.0,168.0,,Pastick,,6.0,N,,,,,,
66.604167,-146.465556,2010-07-15,1,0,0.0,186.0,,Pastick,,5.0,N,,,,,,
66.420833,-145.276111,2010-07-27,1,0,0.0,200.0,,Pastick,,15.0,N,,,,,,
66.421389,-145.278056,2010-07-27,1,1,66.0,66.0,,Pastick,,23.0,N,,,,,,
66.423611,-145.281944,2010-07-27,1,0,0.0,183.0,,Pastick,,10.0,N,,,,,,
66.428056,-145.286111,2010-07-27,1,1,57.0,57.0,,Pastick,,21.0,N,,,,,,
66.4325,-146.088056,2010-07-28,1,0,0.0,161.0,,Pastick,,10.0,N,,,,,,
66.445,-145.707778,2010-07-28,1,1,74.0,74.0,,Pastick,,58.0,N,,,,,,
66.300278,-145.084167,2010-07-29,1,1,72.0,72.0,,Pastick,,42.0,N,,,,,,
66.306111,-145.086389,2010-07-29,1,1,148.0,148.0,,Pastick,,6.0,N,,,,,,
66.3075,-145.086944,2010-07-29,1,1,62.0,62.0,,Pastick,,15.0,N,,,,,,
66.486111,-145.865833,2010-07-30,1,0,0.0,125.0,,Pastick,,4.0,N,,,,,,
66.485833,-145.863333,2010-07-30,1,0,0.0,152.0,,Pastick,,14.0,N,,,,,,
66.484167,-145.858333,2010-07-30,1,1,112.0,112.0,,Pastick,,13.0,N,,,,,,
66.483333,-145.8525,2010-07-30,1,0,0.0,129.0,,Pastick,,12.0,N,,,,,,
66.541667,-145.1975,2010-07-31,1,0,0.0,200.0,,Pastick,,0.0,N,,,,,,
66.547778,-145.199722,2010-08-01,1,1,83.0,87.0,,Pastick,,26.0,N,,,,,,
66.661667,-144.780278,2010-08-10,1,1,158.0,158.0,,Pastick,,5.0,N,,,,,,
66.662222,-144.784444,2010-08-10,1,0,0.0,130.0,,Pastick,,5.0,N,,,,,,
66.66,-144.779722,2010-08-10,1,0,0.0,78.0,,Pastick,,0.0,N,,,,,,
66.543889,-146.052222,2010-08-11,1,0,0.0,170.0,,Pastick,,0.0,N,,,,,,
66.638611,-145.231389,2010-08-12,1,1,90.0,90.0,,Pastick,,14.0,N,,,,,,
66.638611,-145.228889,2010-08-12,1,0,0.0,200.0,,Pastick,,0.0,N,,,,,,
66.586389,-146.035833,2010-08-13,1,0,0.0,167.0,,Pastick,,0.0,N,,,,,,
66.586389,-146.040556,2010-08-13,1,0,0.0,183.0,,Pastick,,0.0,N,,,,,,
66.585,-146.0425,2010-08-13,1,0,0.0,158.0,,Pastick,,0.0,N,,,,,,
66.5875,-146.037778,2010-08-13,1,0,0.0,183.0,,Pastick,,0.0,N,,,,,,
66.63,-146.033056,2010-08-14,1,1,72.0,72.0,,Pastick,,0.0,N,,,,,,
66.628056,-146.03,2010-08-14,1,1,100.0,100.0,,Pastick,,15.0,N,,,,,,
66.628889,-146.025,2010-08-14,1,1,120.0,120.0,,Pastick,,0.0,N,,,,,,
66.620556,-145.84,2010-08-15,1,1,109.0,109.0,,Pastick,,11.0,N,,,,,,
66.619444,-145.835833,2010-08-15,1,1,150.0,150.0,,Pastick,,0.0,N,,,,,,
66.621944,-145.828056,2010-08-15,1,1,130.0,130.0,,Pastick,,12.0,N,,,,,,
66.631667,-145.705278,2010-08-16,1,0,0.0,190.0,,Pastick,,0.0,N,,,,,,
66.629167,-145.695556,2010-08-16,1,1,79.0,79.0,,Pastick,,5.0,N,,,,,,
66.623611,-145.710833,2010-08-16,1,1,115.0,115.0,,Pastick,,6.0,N,,,,,,
66.616389,-145.679444,2010-08-16,1,1,152.0,152.0,,Pastick,,0.0,N,,,,,,
66.606111,-145.407778,2010-08-17,1,0,0.0,200.0,,Pastick,,0.0,N,,,,,,
66.641111,-144.79,2010-08-18,1,1,150.0,150.0,,Pastick,,0.0,N,,,,,,
66.640833,-144.786944,2010-08-18,1,1,152.0,152.0,,Pastick,,0.0,N,,,,,,
66.633611,-144.793611,2010-08-18,1,1,117.0,117.0,,Pastick,,2.0,N,,,,,,
66.6325,-144.796111,2010-08-18,1,1,200.0,200.0,,Pastick,,0.0,N,,,,,,
66.626389,-144.826667,2010-08-18,1,1,175.0,175.0,,Pastick,,7.0,N,,,,,,
66.631389,-144.811944,2010-08-18,1,0,0.0,140.0,,Pastick,,0.0,N,,,,,,
66.704444,-144.697222,2010-08-19,1,1,132.0,132.0,,Pastick,,0.0,N,,,,,,
66.703611,-144.717222,2010-08-19,1,1,139.0,139.0,,Pastick,,0.0,N,,,,,,
66.699167,-144.739167,2010-08-19,1,1,120.0,120.0,,Pastick,,0.0,N,,,,,,
66.711667,-144.779722,2010-08-19,1,1,181.0,181.0,,Pastick,,16.0,N,,,,,,
66.632222,-145.032222,2010-08-20,1,1,85.0,85.0,,Pastick,,0.0,N,,,,,,
66.654444,-145.055833,2010-08-20,1,0,0.0,152.0,,Pastick,,0.0,N,,,,,,
66.653611,-145.185,2010-08-21,1,0,0.0,195.0,,Pastick,,0.0,N,,,,,,
66.653056,-145.181944,2010-08-21,1,1,200.0,200.0,,Pastick,,0.0,N,,,,,,
66.625556,-144.9,2010-08-23,1,0,0.0,152.0,,Pastick,,0.0,N,,,,,,
66.613611,-144.919444,2010-08-23,1,1,166.0,166.0,,Pastick,,3.0,N,,,,,,
66.495,-145.240556,2010-06-23,1,1,90.0,110.0,,Pastick,,2.0,N,,,,,,
66.494444,-145.235278,2010-06-23,1,0,0.0,200.0,,Pastick,,15.0,N,,,,,,
66.492778,-145.222222,2010-06-23,1,0,0.0,100.0,,Pastick,,0.0,N,,,,,,
66.550833,-145.4575,2010-06-24,1,1,78.0,78.0,,Pastick,,10.0,N,,,,,,
66.553056,-145.456944,2010-06-24,1,1,80.0,80.0,,Pastick,,15.0,N,,,,,,
66.553056,-145.465,2010-06-24,1,1,60.0,60.0,,Pastick,,12.0,N,,,,,,
66.554167,-145.465833,2010-06-24,1,1,85.0,85.0,,Pastick,,7.0,N,,,,,,
66.554167,-145.462222,2010-06-24,1,0,0.0,85.0,,Pastick,,0.0,N,,,,,,
66.384167,-145.472222,2010-06-25,1,0,0.0,200.0,,Pastick,,0.0,N,,,,,,
66.640556,-145.7875,2010-06-25,1,1,92.0,92.0,,Pastick,,3.0,N,,,,,,
66.644444,-145.784167,2010-06-25,1,0,0.0,200.0,,Pastick,,5.0,N,,,,,,
66.645,-145.786389,2010-06-25,1,1,102.0,102.0,,Pastick,,12.0,N,,,,,,
66.566944,-145.797778,2010-06-27,1,1,115.0,115.0,,Pastick,,0.0,N,,,,,,
65.425278,-144.835833,2011-06-22,1,1,28.0,200.0,,Pastick,,28.0,N,,,,,,
66.548611,-144.874722,2011-06-22,1,1,35.0,35.0,,Pastick,,35.0,N,,,,,,
65.4275,-144.830556,2011-06-22,1,1,30.0,30.0,,Pastick,,30.0,N,,,,,,
65.428611,-144.828611,2011-06-22,1,0,0.0,75.0,,Pastick,,9.0,N,,,,,,
65.432778,-144.781111,2011-06-23,1,0,0.0,40.0,,Pastick,,16.0,Y,,,,,,
65.431944,-144.7825,2011-06-23,1,1,45.0,45.0,,Pastick,,14.0,N,,,,,,
65.431111,-144.785,2011-06-23,1,1,45.0,45.0,,Pastick,,45.0,N,,,,,,
65.430278,-144.734444,2011-06-24,1,1,45.0,47.0,,Pastick,,23.0,N,,,,,,
65.430556,-144.731667,2011-06-24,1,1,27.0,45.0,,Pastick,,27.0,N,,,,,,
65.425278,-144.825,2011-11-02,1,0,0.0,72.0,,Pastick,,7.0,Y,,,,,,
65.431667,-144.715278,2011-06-25,1,1,49.0,49.0,,Pastick,,33.0,N,,,,,,
65.433333,-144.715,2011-11-02,1,0,0.0,45.0,,Pastick,,13.0,N,,,,,,
65.435833,-144.721389,2011-06-25,1,0,0.0,70.0,,Pastick,,13.0,N,,,,,,
65.335556,-145.356389,2011-07-03,1,0,0.0,48.0,,Pastick,,8.0,Y,,,,,,
65.333333,-145.3575,2011-07-03,1,0,0.0,152.0,,Pastick,,13.0,N,,,,,,
65.429444,-144.650556,2011-07-04,1,0,0.0,42.0,,Pastick,,30.0,Y,,,,,,
65.428611,-144.6575,2011-07-04,1,1,52.0,52.0,,Pastick,,52.0,N,,,,,,
65.428889,-144.660278,2011-07-04,1,1,42.0,42.0,,Pastick,,37.0,N,,,,,,
65.4275,-144.671944,2011-07-04,1,1,55.0,55.0,,Pastick,,19.0,N,,,,,,
65.291389,-146.236944,2011-07-05,1,0,0.0,60.0,,Pastick,,6.0,N,,,,,,
65.295556,-146.240833,2011-07-05,1,0,0.0,60.0,,Pastick,,3.0,Y,,,,,,
65.297222,-146.239722,2011-07-05,1,1,46.0,46.0,,Pastick,,24.0,N,,,,,,
65.299167,-146.236111,2011-07-05,1,1,42.0,42.0,,Pastick,,19.0,N,,,,,,
65.300278,-146.234167,2011-07-05,1,0,0.0,42.0,,Pastick,,11.0,Y,,,,,,
65.303056,-146.2375,2011-07-05,1,1,43.0,43.0,,Pastick,,23.0,N,,,,,,
65.298333,-145.174167,2011-07-06,1,0,0.0,40.0,,Pastick,,18.0,Y,,,,,,
65.295556,-145.174167,2011-07-06,1,1,40.0,40.0,,Pastick,,18.0,N,,,,,,
65.292222,-145.174444,2011-07-06,1,1,40.0,40.0,,Pastick,,26.0,N,,,,,,
65.290278,-145.186389,2011-07-06,1,0,0.0,60.0,,Pastick,,12.0,N,,,,,,
65.286667,-145.176944,2011-07-06,1,0,0.0,55.0,,Pastick,,13.0,Y,,,,,,
65.271667,-145.169444,2011-07-06,1,1,40.0,42.0,,Pastick,,40.0,N,,,,,,
65.279167,-144.975,2011-07-07,1,0,0.0,60.0,,Pastick,,26.0,Y,,,,,,
65.250278,-144.850556,2011-07-07,1,1,60.0,60.0,,Pastick,,30.0,N,,,,,,
66.259167,-144.874722,2011-11-02,1,0,0.0,60.0,,Pastick,,30.0,Y,,,,,,
65.190556,-145.43,2011-07-07,1,0,0.0,45.0,,Pastick,,13.0,Y,,,,,,
65.188333,-145.423889,2011-07-07,1,0,0.0,65.0,,Pastick,,12.0,Y,,,,,,
65.363333,-144.927222,2011-07-09,1,1,70.0,70.0,,Pastick,,7.0,N,,,,,,
65.365556,-144.928611,2011-07-09,1,1,50.0,50.0,,Pastick,,26.0,N,,,,,,
65.405833,-145.280833,2011-07-10,1,1,60.0,60.0,,Pastick,,19.0,N,,,,,,
65.405,-145.274444,2011-07-10,1,1,70.0,70.0,,Pastick,,13.0,N,,,,,,
65.251111,-145.176389,2011-07-10,1,1,60.0,60.0,,Pastick,,60.0,N,,,,,,
65.250278,-145.175833,2011-07-10,1,1,37.0,37.0,,Pastick,,29.0,N,,,,,,
65.365556,-144.3325,2011-07-11,1,0,0.0,62.0,,Pastick,,34.0,Y,,,,,,
65.365278,-144.3275,2011-07-11,1,0,0.0,50.0,,Pastick,,19.0,Y,,,,,,
65.365,-144.321111,2011-07-11,1,1,45.0,45.0,,Pastick,,28.0,N,,,,,,
65.363056,-144.3025,2011-07-11,1,1,42.0,42.0,,Pastick,,42.0,N,,,,,,
65.354167,-144.286389,2011-07-11,1,1,50.0,50.0,,Pastick,,20.0,N,,,,,,
65.359444,-144.588333,2011-07-12,1,0,0.0,41.0,,Pastick,,10.0,Y,,,,,,
65.361944,-144.596111,2011-11-02,1,1,48.0,48.0,,Pastick,,48.0,N,,,,,,
65.473333,-145.135556,2011-07-13,1,0,0.0,75.0,,Pastick,,29.0,Y,,,,,,
65.469167,-145.134444,2011-07-13,1,0,0.0,64.0,,Pastick,,30.0,Y,,,,,,
65.465278,-145.132222,2011-07-13,1,1,50.0,50.0,,Pastick,,28.0,N,,,,,,
65.283056,-145.103889,2011-11-04,1,1,59.0,59.0,,Pastick,,59.0,N,,,,,,
66.2825,-145.105,2011-11-04,1,1,50.0,50.0,,Pastick,,50.0,N,,,,,,
65.236667,-145.766111,2011-07-23,1,1,40.0,40.0,,Pastick,,38.0,N,,,,,,
65.236389,-145.771944,2011-07-23,1,0,0.0,80.0,,Pastick,,10.0,N,,,,,,
65.237778,-145.7825,2011-07-23,1,0,0.0,40.0,,Pastick,,5.0,Y,,,,,,
65.240278,-145.794167,2011-07-23,1,1,55.0,55.0,,Pastick,,34.0,N,,,,,,
65.241944,-145.803611,2011-11-02,1,0,0.0,55.0,,Pastick,,8.0,Y,,,,,,
65.175,-144.369444,2011-07-24,1,1,70.0,70.0,,Pastick,,70.0,N,,,,,,
65.177222,-144.369167,2011-07-24,1,1,60.0,60.0,,Pastick,,30.0,N,,,,,,
65.180278,-144.371944,2011-07-24,1,0,0.0,152.0,,Pastick,,23.0,N,,,,,,
65.181389,-144.373611,2011-07-24,1,0,0.0,92.0,,Pastick,,9.0,Y,,,,,,
65.184167,-144.375556,2011-07-24,1,0,0.0,95.0,,Pastick,,6.0,N,,,,,,
65.492222,-145.690556,2011-07-25,1,0,0.0,36.0,,Pastick,,3.0,Y,,,,,,
65.454444,-145.696944,2011-07-25,1,0,0.0,45.0,,Pastick,,3.0,Y,,,,,,
65.264444,-145.237222,2011-11-02,1,1,104.0,104.0,,Pastick,,6.0,N,,,,,,
65.389444,-144.266944,2011-07-26,1,0,0.0,151.0,,Pastick,,0.0,N,,,,,,
65.390833,-144.262222,2011-07-26,1,0,0.0,151.0,,Pastick,,10.0,N,,,,,,
65.390833,-144.254444,2011-07-26,1,0,0.0,151.0,,Pastick,,3.0,N,,,,,,
65.383056,-144.246667,2011-07-26,1,1,55.0,55.0,,Pastick,,22.0,N,,,,,,
65.369722,-144.268611,2011-07-26,1,1,59.0,59.0,,Pastick,,40.0,N,,,,,,
65.371389,-144.275556,2011-07-26,1,0,0.0,152.0,,Pastick,,1.0,N,,,,,,
65.2625,-145.271667,2011-07-27,1,1,48.0,48.0,,Pastick,,44.0,N,,,,,,
65.2625,-145.268333,2011-07-27,1,0,0.0,151.0,,Pastick,,6.0,N,,,,,,
65.263333,-145.261111,2011-07-27,1,0,0.0,151.0,,Pastick,,28.0,N,,,,,,
65.263333,-145.255833,2011-07-27,1,0,0.0,151.0,,Pastick,,3.0,N,,,,,,
65.264444,-145.252778,2011-07-27,1,0,0.0,152.0,,Pastick,,4.0,N,,,,,,
65.265278,-145.248611,2011-07-27,1,0,0.0,151.0,,Pastick,,8.0,N,,,,,,
65.355833,-145.343056,2011-07-28,1,0,0.0,53.0,,Pastick,,3.0,Y,,,,,,
65.370556,-145.336111,2011-07-28,1,0,0.0,58.0,,Pastick,,7.0,Y,,,,,,
65.372778,-145.355,2011-07-28,1,0,0.0,42.0,,Pastick,,3.0,Y,,,,,,
65.371111,-145.348611,2011-07-28,1,0,0.0,33.0,,Pastick,,10.0,Y,,,,,,
65.346944,-145.256944,2011-07-28,1,0,0.0,84.0,,Pastick,,12.0,Y,,,,,,
65.168333,-145.411111,2011-07-29,1,1,72.0,72.0,,Pastick,,6.0,N,,,,,,
65.180278,-145.419444,2011-07-29,1,1,44.0,44.0,,Pastick,,20.0,N,,,,,,
65.179444,-145.417778,2011-07-29,1,1,42.0,42.0,,Pastick,,36.0,N,,,,,,
65.208333,-145.3425,2011-07-29,1,0,0.0,151.0,,Pastick,,11.0,N,,,,,,
65.210833,-145.339722,2011-07-29,1,0,0.0,151.0,,Pastick,,3.0,N,,,,,,
65.210556,-145.336944,2011-07-29,1,0,0.0,33.0,,Pastick,,22.0,N,,,,,,
65.210833,-145.333611,2011-07-29,1,0,0.0,152.0,,Pastick,,0.0,N,,,,,,
65.536389,-145.450833,2011-07-31,1,0,0.0,16.0,,Pastick,,1.0,Y,,,,,,
65.543333,-145.452222,2011-07-31,1,1,41.0,41.0,,Pastick,,32.0,N,,,,,,
65.543056,-145.461111,2011-07-31,1,0,0.0,152.0,,Pastick,,2.0,N,,,,,,
65.544167,-145.448056,2011-07-31,1,0,0.0,46.0,,Pastick,,13.0,Y,,,,,,
65.306667,-145.618611,2011-08-01,1,0,0.0,51.0,,Pastick,,8.0,Y,,,,,,
65.305833,-145.619722,2011-08-01,1,0,0.0,53.0,,Pastick,,8.0,Y,,,,,,
65.303611,-145.62,2011-08-01,1,1,60.0,60.0,,Pastick,,10.0,N,,,,,,
65.301111,-145.624722,2011-08-01,1,0,0.0,151.0,,Pastick,,18.0,N,,,,,,
65.302222,-145.630833,2011-08-01,1,0,0.0,33.0,,Pastick,,10.0,Y,,,,,,
65.301944,-145.6575,2011-08-01,1,1,76.0,76.0,,Pastick,,23.0,N,,,,,,
65.306389,-145.666944,2011-08-01,1,1,66.0,66.0,,Pastick,,33.0,N,,,,,,
65.305833,-145.660833,2011-08-01,1,1,26.0,26.0,,Pastick,,21.0,N,,,,,,
66.774444,-145.809444,2011-08-12,1,1,96.0,96.0,,Pastick,,4.0,N,,,,,,
66.774444,-145.806667,2011-08-12,1,0,0.0,183.0,,Pastick,,2.0,N,,,,,,
66.7125,-145.717222,2011-08-12,1,0,0.0,157.0,,Pastick,,52.0,N,,,,,,
66.711389,-145.715,2011-08-12,1,1,74.0,74.0,,Pastick,,14.0,N,,,,,,
66.824722,-144.541944,2011-08-13,1,1,160.0,160.0,,Pastick,,18.0,N,,,,,,
66.826667,-144.537222,2011-08-13,1,0,0.0,90.0,,Pastick,,4.0,N,,,,,,
66.824444,-144.524167,2011-08-13,1,0,0.0,72.0,,Pastick,,52.0,N,,,,,,
66.823333,-144.521389,2011-08-13,1,0,0.0,152.0,,Pastick,,15.0,N,,,,,,
66.820278,-144.515278,2011-08-13,1,0,0.0,92.0,,Pastick,,19.0,N,,,,,,
66.7325,-145.79,2011-08-14,1,1,180.0,180.0,,Pastick,,14.0,N,,,,,,
66.735,-145.794722,2011-08-14,1,1,65.0,65.0,,Pastick,,31.0,N,,,,,,
66.736667,-145.799444,2011-08-14,1,1,110.0,110.0,,Pastick,,12.0,N,,,,,,
67.189444,-145.245556,2011-08-15,1,1,65.0,65.0,,Pastick,,21.0,N,,,,,,
67.191944,-145.2375,2011-08-15,1,1,175.0,175.0,,Pastick,,22.0,N,,,,,,
67.192778,-145.234722,2011-08-15,1,1,71.0,71.0,,Pastick,,19.0,N,,,,,,
66.660833,-143.940278,2011-08-16,1,1,82.0,82.0,,Pastick,,10.0,N,,,,,,
66.661667,-143.936944,2011-08-16,1,0,0.0,175.0,,Pastick,,6.0,N,,,,,,
66.654722,-143.826111,2011-08-16,1,1,70.0,70.0,,Pastick,,10.0,N,,,,,,
67.065833,-144.858333,2011-08-17,1,1,133.0,133.0,,Pastick,,20.0,N,,,,,,
67.069444,-144.858056,2011-08-17,1,0,0.0,190.0,,Pastick,,8.0,N,,,,,,
67.073056,-144.860278,2011-08-17,1,0,0.0,190.0,,Pastick,,2.0,N,,,,,,
67.077222,-144.860278,2011-08-17,1,1,95.0,95.0,,Pastick,,14.0,N,,,,,,
66.488611,-145.188889,2011-08-18,1,0,0.0,152.0,,Pastick,,0.0,N,,,,,,
66.488889,-145.185833,2011-08-18,1,0,0.0,170.0,,Pastick,,0.0,N,,,,,,
66.489444,-145.182778,2011-08-18,1,0,0.0,190.0,,Pastick,,4.0,N,,,,,,
0.0,0.0,2011-11-02,1,1,113.0,113.0,,Pastick,,14.0,N,,,,,,
66.181667,-144.340556,2011-08-19,1,1,98.0,98.0,,Pastick,,18.0,N,,,,,,
66.177222,-144.346944,2011-08-19,1,0,0.0,170.0,,Pastick,,50.0,N,,,,,,
66.176389,-144.349444,2011-08-19,1,1,74.0,74.0,,Pastick,,38.0,N,,,,,,
66.535,-144.709722,2011-08-20,1,1,153.0,153.0,,Pastick,,7.0,N,,,,,,
66.536389,-144.706667,2011-08-20,1,1,126.0,126.0,,Pastick,,8.0,N,,,,,,
66.514722,-144.689722,2011-08-20,1,1,168.0,168.0,,Pastick,,8.0,N,,,,,,
66.515556,-144.688611,2011-08-20,1,1,58.0,58.0,,Pastick,,32.0,N,,,,,,
66.516944,-144.690833,2011-08-20,1,1,63.0,63.0,,Pastick,,43.0,N,,,,,,
66.046389,-144.215,2011-08-21,1,1,70.0,70.0,,Pastick,,52.0,N,,,,,,
66.047222,-144.210833,2011-08-21,1,1,59.0,59.0,,Pastick,,12.0,N,,,,,,
66.048056,-144.215833,2011-08-21,1,1,89.0,89.0,,Pastick,,84.0,N,,,,,,
66.429167,-145.415,2011-09-01,1,1,109.0,109.0,,Pastick,,23.0,N,,,,,,
66.428889,-145.4225,2011-09-01,1,1,159.0,159.0,,Pastick,,11.0,N,,,,,,
66.617222,-146.816667,2011-09-02,1,1,102.0,102.0,,Pastick,,43.0,N,,,,,,
66.618056,-146.814444,2011-09-02,1,0,0.0,175.0,,Pastick,,0.0,N,,,,,,
66.616389,-146.819167,2011-09-02,1,1,66.0,66.0,,Pastick,,66.0,N,,,,,,
66.615,-146.821667,2011-09-02,1,1,82.0,82.0,,Pastick,,38.0,N,,,,,,
66.608889,-146.830278,2011-09-02,1,0,0.0,170.0,,Pastick,,2.0,N,,,,,,
66.956389,-145.460556,2011-09-03,1,0,0.0,152.0,,Pastick,,42.0,N,,,,,,
66.955,-145.465,2011-09-03,1,1,179.0,179.0,,Pastick,,2.0,N,,,,,,
66.955278,-145.474722,2011-09-03,1,0,0.0,95.0,,Pastick,,4.0,N,,,,,,
66.955,-145.478333,2011-09-03,1,0,0.0,152.0,,Pastick,,8.0,N,,,,,,
67.009167,-145.909722,2011-09-04,1,0,0.0,102.0,,Pastick,,1.0,N,,,,,,
67.006111,-145.914167,2011-09-04,1,1,110.0,110.0,,Pastick,,38.0,N,,,,,,
67.003889,-145.923889,2011-09-04,1,1,120.0,120.0,,Pastick,,40.0,N,,,,,,
67.000556,-145.919167,2011-09-04,1,1,120.0,120.0,,Pastick,,8.0,N,,,,,,
66.996667,-145.908611,2011-09-04,1,1,180.0,180.0,,Pastick,,8.0,N,,,,,,
66.995556,-145.9075,2011-09-04,1,1,110.0,110.0,,Pastick,,2.0,N,,,,,,
66.708889,-146.018056,2011-09-05,1,0,0.0,152.0,,Pastick,,2.0,N,,,,,,
66.708889,-146.022778,2011-09-05,1,0,0.0,152.0,,Pastick,,2.0,N,,,,,,
66.707222,-146.036389,2011-09-05,1,1,170.0,170.0,,Pastick,,3.0,N,,,,,,
66.706944,-146.0475,2011-09-05,1,1,125.0,125.0,,Pastick,,4.0,N,,,,,,
66.267222,-146.050278,2011-09-06,1,1,161.0,161.0,,Pastick,,6.0,N,,,,,,
66.268056,-146.056389,2011-09-06,1,1,105.0,105.0,,Pastick,,8.0,N,,,,,,
66.270833,-146.057222,2011-09-06,1,0,0.0,185.0,,Pastick,,4.0,N,,,,,,
66.274444,-146.053889,2011-09-06,1,1,85.0,85.0,,Pastick,,8.0,N,,,,,,
66.281111,-146.053056,2011-09-06,1,0,0.0,165.0,,Pastick,,2.0,N,,,,,,
66.919722,-145.726667,2011-09-07,1,0,0.0,152.0,,Pastick,,22.0,N,,,,,,
66.921111,-145.7225,2011-09-07,1,0,0.0,152.0,,Pastick,,12.0,N,,,,,,
66.958333,-145.630833,2011-09-07,1,0,0.0,170.0,,Pastick,,2.0,N,,,,,,
66.959444,-145.634167,2011-09-07,1,0,0.0,95.0,,Pastick,,11.0,N,,,,,,
67.017778,-146.906389,2011-09-08,1,0,0.0,152.0,,Pastick,,28.0,N,,,,,,
67.016667,-146.908333,2011-09-08,1,0,0.0,152.0,,Pastick,,12.0,N,,,,,,
67.013611,-146.911389,2011-09-08,1,0,0.0,74.0,,Pastick,,4.0,N,,,,,,
67.011667,-146.910556,2011-09-08,1,0,0.0,152.0,,Pastick,,22.0,N,,,,,,
67.0075,-146.906111,2011-09-08,1,0,0.0,152.0,,Pastick,,20.0,N,,,,,,
67.001667,-146.901944,2011-09-08,1,0,0.0,152.0,,Pastick,,12.0,N,,,,,,
66.187778,-145.593889,2011-09-09,1,0,0.0,122.0,,Pastick,,9.0,N,,,,,,
66.188056,-145.595556,2011-09-09,1,1,173.0,173.0,,Pastick,,8.0,N,,,,,,
66.188611,-145.597222,2011-09-09,1,1,45.0,45.0,,Pastick,,28.0,N,,,,,,
66.272778,-146.203611,2011-09-10,1,0,0.0,153.0,,Pastick,,7.0,N,,,,,,
66.2725,-146.201111,2011-09-10,1,1,110.0,110.0,,Pastick,,10.0,N,,,,,,
66.275556,-146.2075,2011-09-10,1,1,120.0,120.0,,Pastick,,9.0,N,,,,,,
66.278056,-146.224167,2011-09-10,1,0,0.0,162.0,,Pastick,,0.0,N,,,,,,
66.275,-146.213333,2011-09-10,1,1,89.0,89.0,,Pastick,,17.0,N,,,,,,
66.811111,-145.880556,2011-11-03,1,1,169.0,169.0,,Pastick,,6.0,N,,,,,,
65.258056,-145.8975,2011-11-03,1,1,33.0,33.0,,Pastick,,30.0,N,,,,,,
65.2625,-145.905833,2011-11-03,1,1,48.0,48.0,,Pastick,,36.0,N,,,,,,
65.276389,-145.906389,2011-11-03,1,0,0.0,30.0,,Pastick,,8.0,Y,,,,,,
65.271944,-145.901389,2011-11-03,1,1,40.0,42.0,,Pastick,,40.0,N,,,,,,
65.196389,-145.659444,2011-07-23,1,0,0.0,71.0,,Pastick,,11.0,Y,,,,,,
65.198611,-145.659722,2011-07-23,1,0,0.0,130.0,,Pastick,,8.0,Y,,,,,,
65.200833,-145.663611,2011-07-23,1,0,0.0,89.0,,Pastick,,4.0,Y,,,,,,
65.204722,-145.666111,2011-07-23,1,0,0.0,100.0,,Pastick,,4.0,Y,,,,,,
65.197778,-145.654722,2011-07-23,1,0,0.0,152.0,,Pastick,,5.0,N,,,,,,
65.184444,-143.935556,2011-07-24,1,0,0.0,64.0,,Pastick,,2.0,Y,,,,,,
65.181944,-143.930556,2011-07-24,1,0,0.0,59.0,,Pastick,,6.0,Y,,,,,,
65.175556,-143.932778,2011-07-24,1,0,0.0,66.0,,Pastick,,5.0,Y,,,,,,
65.174167,-143.917222,2011-07-24,1,1,89.0,89.0,,Pastick,,21.0,N,,,,,,
65.174444,-143.906944,2011-07-24,1,1,56.0,56.0,,Pastick,,35.0,Y,,,,,,
65.175556,-143.888889,2011-07-24,1,0,0.0,88.0,,Pastick,,15.0,Y,,,,,,
65.503056,-145.816111,2011-07-25,1,1,45.0,45.0,,Pastick,,27.0,N,,,,,,
65.502778,-145.83,2012-01-12,1,1,46.0,46.0,,Pastick,,23.0,N,,,,,,
65.503333,-145.841389,2011-07-25,1,1,31.0,31.0,,Pastick,,20.0,N,,,,,,
65.5025,-145.866667,2011-07-25,1,1,48.0,48.0,,Pastick,,29.0,N,,,,,,
65.499722,-145.882222,2011-07-25,1,0,0.0,68.0,,Pastick,,4.0,Y,,,,,,
65.503611,-145.286111,2011-07-26,1,0,0.0,36.0,,Pastick,,1.0,Y,,,,,,
65.5075,-145.278889,2011-07-26,1,1,43.0,43.0,,Pastick,,43.0,N,,,,,,
65.507222,-145.275556,2011-07-26,1,0,0.0,53.0,,Pastick,,2.0,Y,,,,,,
65.494444,-145.259722,2011-07-26,1,1,56.0,56.0,,Pastick,,23.0,Y,,,,,,
65.502778,-145.271667,2011-07-26,1,1,110.0,110.0,,Pastick,,15.0,N,,,,,,
65.495278,-145.2625,2011-07-26,1,1,62.0,77.0,,Pastick,,26.0,Y,,,,,,
65.495,-145.261389,2011-07-26,1,0,0.0,152.0,,Pastick,,4.0,N,,,,,,
65.269722,-145.573056,2011-07-27,1,1,44.0,54.0,,Pastick,,24.0,N,,,,,,
65.270833,-145.568333,2011-07-27,1,1,44.0,54.0,,Pastick,,12.0,N,,,,,,
65.273611,-145.553889,2011-07-27,1,1,80.0,80.0,,Pastick,,80.0,N,,,,,,
65.274444,-145.549444,2011-07-27,1,1,33.0,43.0,,Pastick,,26.0,N,,,,,,
65.276944,-145.545278,2011-07-27,1,0,0.0,100.0,,Pastick,,10.0,N,,,,,,
65.278889,-145.539167,2011-07-27,1,0,0.0,152.0,,Pastick,,0.0,N,,,,,,
65.279167,-145.541667,2011-07-27,1,0,0.0,152.0,,Pastick,,0.0,N,,,,,,
65.19,-144.519722,2011-07-28,1,0,0.0,52.0,,Pastick,,5.0,Y,,,,,,
65.175278,-144.519167,2011-07-28,1,1,60.0,60.0,,Pastick,,35.0,N,,,,,,
65.177778,-144.525556,2011-07-28,1,1,68.0,68.0,,Pastick,,58.0,N,,,,,,
65.1825,-144.521667,2011-07-28,1,1,65.0,65.0,,Pastick,,27.0,N,,,,,,
65.185833,-144.516944,2011-07-28,1,1,56.0,70.0,,Pastick,,10.0,N,,,,,,
65.614722,-145.742778,2011-07-29,1,1,50.0,50.0,,Pastick,,18.0,N,,,,,,
65.614444,-145.7375,2011-07-29,1,0,0.0,85.0,,Pastick,,20.0,N,,,,,,
65.6125,-145.727778,2011-07-29,1,1,46.0,46.0,,Pastick,,33.0,N,,,,,,
65.608056,-145.698333,2011-07-29,1,1,42.0,42.0,,Pastick,,30.0,N,,,,,,
65.608056,-145.693611,2011-07-29,1,0,0.0,65.0,,Pastick,,12.0,N,,,,,,
65.058889,-145.630278,2011-07-30,1,0,0.0,88.0,,Pastick,,28.0,Y,,,,,,
65.0575,-145.6375,2011-07-30,1,1,52.0,52.0,,Pastick,,20.0,N,,,,,,
65.055056,-145.647167,2011-09-20,1,0,0.0,60.0,,Pastick,,6.0,N,,,,,,
65.053889,-145.648056,2011-07-30,1,0,0.0,58.0,,Pastick,,22.0,Y,,,,,,
65.045889,-145.641889,2011-09-20,1,0,0.0,70.0,,Pastick,,9.0,Y,,,,,,
65.344722,-144.381111,2011-07-31,1,0,0.0,63.0,,Pastick,,13.0,Y,,,,,,
65.349722,-144.382778,2011-07-31,1,1,44.0,44.0,,Pastick,,33.0,N,,,,,,
65.330556,-144.298056,2011-07-31,1,1,64.0,76.0,,Pastick,,28.0,Y,,,,,,
65.328333,-144.295,2011-07-31,1,1,67.0,67.0,,Pastick,,42.0,Y,,,,,,
65.3275,-144.169722,2011-07-31,1,0,0.0,63.0,,Pastick,,3.0,Y,,,,,,
65.433889,-144.571389,2011-07-31,1,0,0.0,62.0,,Pastick,,3.0,Y,,,,,,
65.299444,-145.054722,2011-08-01,1,0,0.0,69.0,,Pastick,,0.0,Y,,,,,,
65.303056,-145.066944,2011-08-01,1,0,0.0,76.0,,Pastick,,4.0,Y,,,,,,
65.305,-145.069722,2011-08-01,1,0,0.0,48.0,,Pastick,,1.0,Y,,,,,,
65.306944,-145.071389,2011-08-01,1,1,48.0,48.0,,Pastick,,34.0,N,,,,,,
65.298889,-145.048611,2011-08-01,1,0,0.0,152.0,,Pastick,,10.0,N,,,,,,
65.122222,-145.199167,2011-08-01,1,0,0.0,126.0,,Pastick,,4.0,Y,,,,,,
65.269167,-144.743056,2011-07-08,1,0,0.0,72.0,,Pastick,,18.0,Y,,,,,,
65.266667,-144.737222,2011-07-08,1,0,0.0,50.0,,Pastick,,12.0,N,,,,,,
65.266111,-144.734722,2011-07-08,1,1,50.0,60.0,,Pastick,,20.0,N,,,,,,
65.264722,-144.729167,2011-07-08,1,1,30.0,50.0,,Pastick,,50.0,N,,,,,,
65.398889,-144.735,2011-07-09,1,1,30.0,30.0,,Pastick,,25.0,Y,,,,,,
65.399167,-144.731111,2011-07-09,1,1,25.0,32.0,,Pastick,,13.0,N,,,,,,
65.398056,-144.723611,2011-07-09,1,1,27.0,27.0,,Pastick,,10.0,N,,,,,,
65.309444,-144.878611,2011-07-10,1,1,47.0,47.0,,Pastick,,15.0,N,,,,,,
65.309167,-144.874722,2011-07-10,1,0,0.0,103.0,,Pastick,,3.0,N,,,,,,
65.309444,-144.872222,2011-07-10,1,0,0.0,28.0,,Pastick,,7.0,Y,,,,,,
65.361389,-145.100556,2011-07-10,1,0,0.0,35.0,,Pastick,,6.0,N,,,,,,
65.395833,-144.705278,2011-07-11,1,0,0.0,34.0,,Pastick,,15.0,Y,,,,,,
65.396944,-144.713056,2011-07-11,1,0,0.0,52.0,,Pastick,,25.0,N,,,,,,
65.454444,-144.973611,2011-07-12,1,0,0.0,45.0,,Pastick,,13.0,Y,,,,,,
65.451944,-144.9725,2011-07-12,1,0,0.0,57.0,,Pastick,,11.0,Y,,,,,,
65.332222,-145.354167,2011-07-03,1,1,42.0,42.0,,Pastick,,9.0,N,,,,,,
65.328889,-145.343889,2011-07-03,1,0,0.0,90.0,,Pastick,,12.0,N,,,,,,
65.400833,-144.69,2011-07-04,1,0,0.0,45.0,,Pastick,,20.0,N,,,,,,
65.401111,-144.697222,2011-07-04,1,1,21.0,45.0,,Pastick,,21.0,N,,,,,,
65.400278,-144.698333,2011-07-04,1,0,0.0,60.0,,Pastick,,11.0,N,,,,,,
65.398333,-144.7125,2011-07-04,1,0,0.0,53.0,,Pastick,,15.0,N,,,,,,
65.332778,-144.669722,2011-07-05,1,0,0.0,56.0,,Pastick,,12.0,N,,,,,,
65.333333,-144.666667,2011-07-05,1,0,0.0,60.0,,Pastick,,7.0,N,,,,,,
65.336111,-144.657222,2011-07-05,1,0,0.0,40.0,,Pastick,,40.0,N,,,,,,
65.339722,-144.644722,2011-07-05,1,0,0.0,61.0,,Pastick,,8.0,N,,,,,,
65.341111,-144.6425,2011-07-05,1,0,0.0,35.0,,Pastick,,35.0,N,,,,,,
65.374444,-145.281667,2011-07-06,1,0,0.0,60.0,,Pastick,,17.0,N,,,,,,
65.373611,-145.281944,2011-07-06,1,0,0.0,60.0,,Pastick,,16.0,N,,,,,,
65.371111,-145.280833,2011-07-06,1,0,0.0,60.0,,Pastick,,15.0,N,,,,,,
65.369167,-145.281389,2011-07-06,1,0,0.0,152.0,,Pastick,,9.0,N,,,,,,
65.3675,-145.279167,2011-07-06,1,0,0.0,42.0,,Pastick,,32.0,N,,,,,,
65.366667,-145.277222,2011-07-06,1,0,0.0,55.0,,Pastick,,13.0,Y,,,,,,
65.365833,-145.275,2011-07-06,1,0,0.0,125.0,,Pastick,,0.0,N,,,,,,
66.686944,-145.113611,2011-08-13,1,0,0.0,154.0,,Pastick,,0.0,N,,,,,,
66.686944,-145.119722,2011-08-13,1,0,0.0,152.0,,Pastick,,18.0,N,,,,,,
66.691111,-145.130833,2011-08-13,1,1,150.0,150.0,,Pastick,,0.0,N,,,,,,
66.588889,-146.876667,2011-08-14,1,0,0.0,164.0,,Pastick,,5.0,N,,,,,,
66.588889,-146.880278,2011-08-14,1,1,140.0,156.0,,Pastick,,10.0,N,,,,,,
66.588056,-146.882222,2011-08-14,1,1,140.0,140.0,,Pastick,,34.0,N,,,,,,
66.587222,-146.889167,2011-08-14,1,1,86.0,86.0,,Pastick,,86.0,N,,,,,,
66.588333,-146.900278,2011-08-14,1,1,88.0,88.0,,Pastick,,9.0,N,,,,,,
66.471944,-145.002778,2011-08-15,1,0,0.0,152.0,,Pastick,,10.0,N,,,,,,
66.471944,-145.000556,2011-08-15,1,0,0.0,157.0,,Pastick,,6.0,N,,,,,,
66.4775,-144.993333,2011-08-15,1,0,0.0,167.0,,Pastick,,7.0,N,,,,,,
66.641944,-144.433056,2011-08-16,1,0,0.0,184.0,,Pastick,,0.0,N,,,,,,
66.641944,-144.428611,2011-08-16,1,1,52.0,52.0,,Pastick,,4.0,N,,,,,,
66.706667,-144.265556,2011-08-16,1,1,60.0,60.0,,Pastick,,0.0,N,,,,,,
66.708056,-144.283056,2011-08-16,1,0,0.0,200.0,,Pastick,,0.0,N,,,,,,
66.709167,-144.281389,2011-08-16,1,0,0.0,152.0,,Pastick,,0.0,N,,,,,,
66.838889,-145.115,2011-08-17,1,0,0.0,168.0,,Pastick,,0.0,N,,,,,,
66.8425,-145.099444,2011-08-17,1,0,0.0,152.0,,Pastick,,6.0,N,,,,,,
66.843611,-145.09,2011-08-17,1,0,0.0,152.0,,Pastick,,3.0,N,,,,,,
66.010833,-144.549167,2011-08-18,1,1,109.0,109.0,,Pastick,,15.0,N,,,,,,
66.014722,-144.549444,2011-11-03,1,1,80.0,80.0,,Pastick,,43.0,N,,,,,,
66.016111,-144.530833,2011-08-18,1,1,45.0,45.0,,Pastick,,15.0,N,,,,,,
66.019444,-144.521667,2011-08-18,1,1,85.0,85.0,,Pastick,,12.0,N,,,,,,
66.020833,-144.530278,2011-08-18,1,1,30.0,60.0,,Pastick,,30.0,N,,,,,,
66.726667,-145.871944,2011-08-19,1,0,0.0,153.0,,Pastick,,10.0,N,,,,,,
66.728889,-145.87,2011-08-19,1,1,50.0,85.0,,Pastick,,11.0,N,,,,,,
66.730278,-145.831111,2011-08-19,1,0,0.0,155.0,,Pastick,,0.0,N,,,,,,
66.728056,-145.832778,2011-08-19,1,1,50.0,50.0,,Pastick,,30.0,N,,,,,,
66.416667,-143.72,2011-08-20,1,0,0.0,48.0,,Pastick,,10.0,N,,,,,,
66.413333,-143.705833,2011-08-20,1,0,0.0,43.0,,Pastick,,7.0,N,,,,,,
66.411667,-143.7025,2011-08-20,1,0,0.0,155.0,,Pastick,,16.0,N,,,,,,
66.408611,-143.713889,2011-08-20,1,0,0.0,60.0,,Pastick,,60.0,N,,,,,,
66.419722,-144.489167,2011-08-21,1,1,95.0,95.0,,Pastick,,4.0,N,,,,,,
66.420278,-144.481667,2011-08-21,1,1,163.0,163.0,,Pastick,,7.0,N,,,,,,
66.936389,-146.438611,2011-09-01,1,0,0.0,175.0,,Pastick,,2.0,N,,,,,,
66.929722,-146.441944,2011-09-01,1,0,0.0,60.0,,Pastick,,6.0,N,,,,,,
66.928611,-146.444167,2011-09-01,1,0,0.0,50.0,,Pastick,,22.0,N,,,,,,
66.928333,-146.446667,2011-09-01,1,0,0.0,75.0,,Pastick,,52.0,N,,,,,,
66.718889,-145.526944,2011-09-02,1,0,0.0,200.0,,Pastick,,6.0,N,,,,,,
66.7175,-145.525278,2011-09-02,1,0,0.0,200.0,,Pastick,,11.0,N,,,,,,
66.720556,-145.548611,2011-09-02,1,1,110.0,110.0,,Pastick,,10.0,N,,,,,,
66.744167,-145.504167,2011-09-02,1,1,140.0,140.0,,Pastick,,9.0,N,,,,,,
67.226111,-145.259444,2011-09-03,1,0,0.0,60.0,,Pastick,,11.0,N,,,,,,
67.222778,-145.259444,2011-09-03,1,0,0.0,60.0,,Pastick,,2.0,N,,,,,,
67.224444,-145.267778,2011-09-03,1,1,72.0,75.0,,Pastick,,10.0,N,,,,,,
67.224167,-145.262222,2011-09-03,1,1,69.0,75.0,,Pastick,,21.0,N,,,,,,
66.881389,-145.141389,2011-09-04,1,0,0.0,200.0,,Pastick,,8.0,N,,,,,,
66.879167,-145.141667,2011-09-04,1,0,0.0,115.0,,Pastick,,2.0,N,,,,,,
66.873333,-145.146944,2011-09-04,1,0,0.0,140.0,,Pastick,,28.0,N,,,,,,
66.869167,-145.146944,2011-09-04,1,0,0.0,100.0,,Pastick,,2.0,N,,,,,,
66.865556,-145.15,2011-09-04,1,0,0.0,180.0,,Pastick,,9.0,N,,,,,,
66.884167,-146.222222,2011-09-05,1,0,0.0,50.0,,Pastick,,0.0,N,,,,,,
66.883333,-146.218611,2011-09-05,1,0,0.0,60.0,,Pastick,,0.0,N,,,,,,
66.881111,-146.222222,2011-09-05,1,0,0.0,150.0,,Pastick,,0.0,N,,,,,,
66.873611,-146.233333,2011-09-05,1,0,0.0,200.0,,Pastick,,21.0,N,,,,,,
66.686667,-145.7825,2011-09-06,1,1,110.0,110.0,,Pastick,,9.0,N,,,,,,
66.689167,-145.781111,2011-09-06,1,1,118.0,118.0,,Pastick,,22.0,N,,,,,,
66.69,-145.781389,2011-09-06,1,1,85.0,95.0,,Pastick,,22.0,N,,,,,,
66.689167,-145.750833,2011-09-06,1,0,0.0,183.0,,Pastick,,50.0,N,,,,,,
66.687778,-145.740833,2011-09-06,1,1,105.0,105.0,,Pastick,,22.0,N,,,,,,
67.041389,-145.644722,2011-09-07,1,0,0.0,160.0,,Pastick,,11.0,N,,,,,,
67.041944,-145.651944,2011-09-07,1,0,0.0,80.0,,Pastick,,17.0,N,,,,,,
67.042778,-145.650278,2011-09-07,1,0,0.0,200.0,,Pastick,,16.0,N,,,,,,
67.039722,-145.641667,2011-09-07,1,0,0.0,200.0,,Pastick,,26.0,N,,,,,,
67.040278,-145.6325,2011-09-07,1,1,120.0,120.0,,Pastick,,2.0,N,,,,,,
67.042222,-145.625833,2011-09-07,1,0,0.0,70.0,,Pastick,,2.0,N,,,,,,
66.394722,-146.420278,2011-09-08,1,0,0.0,110.0,,Pastick,,37.0,N,,,,,,
66.394722,-146.422778,2011-09-08,1,0,0.0,200.0,,Pastick,,17.0,N,,,,,,
66.394167,-146.427222,2011-09-08,1,1,175.0,175.0,,Pastick,,7.0,N,,,,,,
66.389444,-146.431111,2011-09-08,1,0,0.0,200.0,,Pastick,,0.0,N,,,,,,
66.383611,-146.436111,2011-09-08,1,1,165.0,165.0,,Pastick,,4.0,N,,,,,,
66.215556,-146.506111,2011-09-09,1,1,82.0,82.0,,Pastick,,7.0,N,,,,,,
66.213889,-146.508611,2011-09-09,1,1,165.0,165.0,,Pastick,,3.0,N,,,,,,
66.209167,-146.513056,2011-09-09,1,1,125.0,125.0,,Pastick,,8.0,N,,,,,,
66.209722,-146.518889,2011-09-09,1,1,115.0,118.0,,Pastick,,4.0,N,,,,,,
66.207222,-146.521944,2011-09-09,1,1,50.0,50.0,,Pastick,,18.0,N,,,,,,
66.206111,-146.526111,2011-09-09,1,1,37.0,37.0,,Pastick,,37.0,N,,,,,,
66.249444,-146.241667,2011-09-10,1,0,0.0,200.0,,Pastick,,13.0,N,,,,,,
66.251389,-146.245278,2011-09-10,1,0,0.0,200.0,,Pastick,,68.0,N,,,,,,
66.256111,-146.249722,2011-09-10,1,1,185.0,185.0,,Pastick,,8.0,N,,,,,,
66.257778,-146.244444,2011-09-10,1,1,45.0,45.0,,Pastick,,45.0,N,,,,,,
66.377778,-146.330556,2011-09-11,1,0,0.0,100.0,,Pastick,,12.0,N,,,,,,
66.376667,-146.358889,2011-09-11,1,0,0.0,200.0,,Pastick,,4.0,N,,,,,,
66.378333,-146.353333,2011-09-11,1,0,0.0,200.0,,Pastick,,4.0,N,,,,,,
66.5580521,-164.4619446,2014-01-14,1,1,36.0,100.0,,Pastick,,0.0,N,,,,,,
64.842392,-163.6942291,2014-01-14,1,1,52.0,100.0,,Pastick,,0.0,N,,,,,,
61.5310084,-158.7775315,2012-08-30,1,1,23.0,50.0,,Pastick,,0.0,N,,,,,,
61.6015449,-159.5558469,2012-08-30,1,1,17.0,134.0,,Pastick,,0.0,N,,,,,,
61.5430143,-160.3266233,2012-08-30,1,1,40.0,47.0,,Pastick,,0.0,N,,,,,,
61.5442131,-160.3298353,2012-08-30,1,1,64.0,70.0,,Pastick,,0.0,N,,,,,,
61.5202156,-158.7503524,2012-08-30,1,1,44.0,105.0,,Pastick,,0.0,N,,,,,,
61.8662308,-158.1281546,2012-08-30,1,1,45.0,85.0,,Pastick,,0.0,N,,,,,,
61.5919704,-159.4889587,2012-08-30,1,1,68.0,80.0,,Pastick,,0.0,N,,,,,,
61.5945259,-159.4897904,2012-08-30,1,1,10.0,85.0,,Pastick,,0.0,N,,,,,,
61.5440947,-160.3263119,2012-08-30,1,1,44.0,70.0,,Pastick,,0.0,N,,,,,,
61.5432986,-158.5377667,2012-08-30,1,1,72.0,125.0,,Pastick,,0.0,N,,,,,,
61.5224033,-158.6726019,2012-08-30,1,1,28.0,65.0,,Pastick,,0.0,N,,,,,,
61.6088394,-159.394214,2012-08-30,1,1,65.0,96.0,,Pastick,,0.0,N,,,,,,
61.809524,-157.3831345,2012-08-30,1,1,50.0,100.0,,Pastick,,0.0,N,,,,,,
61.8107663,-157.389522,2012-08-30,1,1,44.0,100.0,,Pastick,,0.0,N,,,,,,
61.877898,-157.6615923,2012-08-30,1,1,63.0,110.0,,Pastick,,0.0,N,,,,,,
61.8265975,-158.0179275,2012-08-30,1,1,108.0,110.0,,Pastick,,0.0,N,,,,,,
61.8416297,-158.0807957,2012-08-30,1,1,96.0,130.0,,Pastick,,0.0,N,,,,,,
61.7945555,-157.4349849,2012-08-30,1,1,90.0,105.0,,Pastick,,0.0,N,,,,,,
61.8581418,-157.62655,2012-08-30,1,1,70.0,89.0,,Pastick,,0.0,N,,,,,,
61.8261656,-158.035541,2012-08-30,1,1,143.0,160.0,,Pastick,,0.0,N,,,,,,
62.0702785,-160.0623498,2012-08-30,1,1,77.0,230.0,,Pastick,,0.0,N,,,,,,
62.3819778,-159.5744215,2012-08-30,1,1,100.0,145.0,,Pastick,,0.0,N,,,,,,
62.4644629,-159.5189249,2012-08-30,1,1,75.0,90.0,,Pastick,,0.0,N,,,,,,
61.8933567,-160.5021427,2012-08-30,1,1,60.0,70.0,,Pastick,,0.0,N,,,,,,
61.570539,-158.9181557,2012-08-30,1,1,74.0,80.0,,Pastick,,0.0,N,,,,,,
61.2931097,-160.574675,2012-08-30,1,1,79.0,85.0,,Pastick,,0.0,N,,,,,,
61.2963695,-160.5457366,2012-08-30,1,1,65.0,70.0,,Pastick,,0.0,N,,,,,,
61.7241477,-158.1839997,2012-08-30,1,1,160.0,180.0,,Pastick,,0.0,N,,,,,,
61.7401508,-158.1596081,2012-08-30,1,1,85.0,90.0,,Pastick,,0.0,N,,,,,,
61.6825013,-158.2178852,2012-08-30,1,1,60.0,68.0,,Pastick,,0.0,N,,,,,,
61.6335234,-158.3049663,2012-08-30,1,1,180.0,200.0,,Pastick,,0.0,N,,,,,,
61.6340364,-158.3123318,2012-08-30,1,1,195.0,200.0,,Pastick,,0.0,N,,,,,,
61.3140256,-159.9477352,2012-08-30,1,1,80.0,100.0,,Pastick,,0.0,N,,,,,,
61.3138933,-159.9550892,2012-08-30,1,1,70.0,80.0,,Pastick,,0.0,N,,,,,,
61.3151157,-159.9825986,2012-08-30,1,1,85.0,90.0,,Pastick,,0.0,N,,,,,,
61.3151818,-159.9895668,2012-08-30,1,1,75.0,85.0,,Pastick,,0.0,N,,,,,,
61.314386,-159.9952564,2012-08-30,1,1,55.0,60.0,,Pastick,,0.0,N,,,,,,
61.301568,-160.1767715,2012-08-30,1,1,75.0,80.0,,Pastick,,0.0,N,,,,,,
61.2993565,-160.1801981,2012-08-30,1,1,43.0,100.0,,Pastick,,0.0,N,,,,,,
61.2995299,-160.1922077,2012-08-30,1,1,86.0,90.0,,Pastick,,0.0,N,,,,,,
61.2952154,-160.1968408,2012-08-30,1,1,60.0,80.0,,Pastick,,0.0,N,,,,,,
61.2931409,-160.2009611,2012-08-30,1,1,62.0,70.0,,Pastick,,0.0,N,,,,,,
61.2874354,-160.2364214,2012-08-30,1,1,75.0,80.0,,Pastick,,0.0,N,,,,,,
61.2607999,-159.0047165,2012-08-30,1,1,76.0,85.0,,Pastick,,0.0,N,,,,,,
61.2607187,-159.0117073,2012-08-30,1,1,85.0,90.0,,Pastick,,0.0,N,,,,,,
61.2604221,-159.0151745,2012-08-30,1,1,95.0,100.0,,Pastick,,0.0,N,,,,,,
61.2595681,-159.0228544,2012-08-30,1,1,65.0,80.0,,Pastick,,0.0,N,,,,,,
61.257348,-159.035323,2012-08-30,1,1,56.0,75.0,,Pastick,,0.0,N,,,,,,
61.2554478,-159.0535685,2012-08-30,1,1,56.0,60.0,,Pastick,,0.0,N,,,,,,
61.2545174,-159.0664833,2012-08-30,1,1,68.0,80.0,,Pastick,,0.0,N,,,,,,
61.2535882,-159.0749989,2012-08-30,1,1,62.0,80.0,,Pastick,,0.0,N,,,,,,
61.7642651,-159.685173,2012-08-30,1,1,52.0,75.0,,Pastick,,0.0,N,,,,,,
61.7677255,-159.6825213,2012-08-30,1,1,75.0,80.0,,Pastick,,0.0,N,,,,,,
61.7713675,-159.6848761,2012-08-30,1,1,78.0,82.0,,Pastick,,0.0,N,,,,,,
61.7898147,-159.6612801,2012-08-30,1,1,65.0,86.0,,Pastick,,0.0,N,,,,,,
61.7921331,-159.6551856,2012-08-30,1,1,65.0,70.0,,Pastick,,0.0,N,,,,,,
61.7935631,-159.6489577,2012-08-30,1,1,70.0,75.0,,Pastick,,0.0,N,,,,,,
61.7964355,-159.645206,2012-08-30,1,1,110.0,120.0,,Pastick,,0.0,N,,,,,,
61.7969263,-159.6419919,2012-08-30,1,1,70.0,75.0,,Pastick,,0.0,N,,,,,,
61.4405227,-159.062904,2012-08-30,1,1,70.0,80.0,,Pastick,,0.0,N,,,,,,
61.4401248,-159.0689405,2012-08-30,1,1,50.0,78.0,,Pastick,,0.0,N,,,,,,
61.4339706,-159.0777935,2012-08-30,1,1,68.0,75.0,,Pastick,,0.0,N,,,,,,
61.4336991,-159.0815793,2012-08-30,1,1,90.0,100.0,,Pastick,,0.0,N,,,,,,
61.4334328,-159.0909699,2012-08-30,1,1,89.0,90.0,,Pastick,,0.0,N,,,,,,
60.9976393,-159.0379554,2012-08-30,1,1,160.0,170.0,,Pastick,,0.0,N,,,,,,
61.7776149,-158.6964851,2012-08-30,1,1,65.0,75.0,,Pastick,,0.0,N,,,,,,
61.7774553,-158.7056605,2012-08-30,1,1,64.0,75.0,,Pastick,,0.0,N,,,,,,
61.7757828,-158.7171242,2012-08-30,1,1,56.0,65.0,,Pastick,,0.0,N,,,,,,
61.7752762,-158.7331252,2012-08-30,1,1,78.0,80.0,,Pastick,,0.0,N,,,,,,
61.779427,-158.7592667,2012-08-30,1,1,51.0,70.0,,Pastick,,0.0,N,,,,,,
61.7830064,-160.3422247,2012-08-30,1,1,80.0,82.0,,Pastick,,0.0,N,,,,,,
61.7830631,-160.3638042,2012-08-30,1,1,48.0,55.0,,Pastick,,0.0,N,,,,,,
61.8315409,-159.0725702,2012-08-30,1,1,80.0,85.0,,Pastick,,0.0,N,,,,,,
61.3500605,-160.550104,2012-08-30,1,1,60.0,70.0,,Pastick,,0.0,N,,,,,,
61.3476372,-160.5664566,2012-08-30,1,1,59.0,70.0,,Pastick,,0.0,N,,,,,,
61.7199476,-158.2056415,2012-08-30,1,1,140.0,999.0,,Pastick,,0.0,N,,,,,,
61.5911124,-158.4461487,2012-08-30,1,1,78.0,90.0,,Pastick,,0.0,N,,,,,,
61.360887,-158.9244826,2012-08-30,1,1,70.0,80.0,,Pastick,,0.0,N,,,,,,
61.3626537,-158.8946475,2012-08-30,1,1,85.0,100.0,,Pastick,,0.0,N,,,,,,
61.8640943,-159.1081154,2012-08-30,1,1,73.0,95.0,,Pastick,,0.0,N,,,,,,
61.8577502,-159.092453,2012-08-30,1,1,55.0,75.0,,Pastick,,0.0,N,,,,,,
61.8498932,-159.081885,2012-08-30,1,1,52.0,72.0,,Pastick,,0.0,N,,,,,,
61.9469358,-158.6203792,2012-08-30,1,1,80.0,90.0,,Pastick,,0.0,N,,,,,,
61.7076626,-159.2754436,2012-08-30,1,1,56.0,78.0,,Pastick,,0.0,N,,,,,,
61.711606,-159.3040386,2012-08-30,1,1,62.0,78.0,,Pastick,,0.0,N,,,,,,
61.7155276,-159.3126085,2012-08-30,1,1,69.0,78.0,,Pastick,,0.0,N,,,,,,
61.7220152,-159.3215667,2012-08-30,1,1,69.0,80.0,,Pastick,,0.0,N,,,,,,
61.7224203,-159.328685,2012-08-30,1,1,55.0,70.0,,Pastick,,0.0,N,,,,,,
61.6930568,-160.5149319,2012-08-30,1,1,54.0,75.0,,Pastick,,0.0,N,,,,,,
61.697385,-160.5189448,2012-08-30,1,1,70.0,90.0,,Pastick,,0.0,N,,,,,,
61.386297,-159.664812,2012-08-30,1,1,65.0,80.0,,Pastick,,0.0,N,,,,,,
61.3909233,-159.6568419,2012-08-30,1,1,52.0,60.0,,Pastick,,0.0,N,,,,,,
61.3897846,-159.6565372,2012-08-30,1,1,22.0,52.0,,Pastick,,0.0,N,,,,,,
61.4445468,-160.3052023,2012-08-30,1,1,52.0,57.0,,Pastick,,0.0,N,,,,,,
61.5392044,-160.5596362,2012-08-30,1,1,36.0,45.0,,Pastick,,0.0,N,,,,,,
61.5407806,-160.5647009,2012-08-30,1,1,42.0,53.0,,Pastick,,0.0,N,,,,,,
61.5424238,-160.5693931,2012-08-30,1,1,40.0,44.0,,Pastick,,0.0,N,,,,,,
61.5480656,-160.5792563,2012-08-30,1,1,40.0,45.0,,Pastick,,0.0,N,,,,,,
61.5412888,-160.5389515,2012-08-30,1,1,62.0,70.0,,Pastick,,0.0,N,,,,,,
61.5417035,-160.5443717,2012-08-30,1,1,50.0,61.0,,Pastick,,0.0,N,,,,,,
62.1649141,-160.5787795,2012-08-30,1,1,100.0,182.0,,Pastick,,0.0,N,,,,,,
61.6491312,-159.9535784,2012-08-30,1,1,90.0,152.0,,Pastick,,0.0,N,,,,,,
61.6473807,-159.9509763,2012-08-30,1,1,44.0,53.0,,Pastick,,0.0,N,,,,,,
61.4553694,-158.5986653,2012-08-30,1,1,100.0,118.0,,Pastick,,0.0,N,,,,,,
61.4805286,-158.535093,2012-08-30,1,1,30.0,42.0,,Pastick,,0.0,N,,,,,,
61.4817295,-158.5215199,2012-08-30,1,1,48.0,52.0,,Pastick,,0.0,N,,,,,,
61.8815418,-159.249047,2012-08-30,1,1,43.0,50.0,,Pastick,,0.0,N,,,,,,
61.8913435,-159.286453,2012-08-30,1,1,45.0,50.0,,Pastick,,0.0,N,,,,,,
61.8954575,-159.3060895,2012-08-30,1,1,44.0,54.0,,Pastick,,0.0,N,,,,,,
61.8971049,-159.3274747,2012-08-30,1,1,40.0,50.0,,Pastick,,0.0,N,,,,,,
61.8985806,-159.3371763,2012-08-30,1,1,30.0,36.0,,Pastick,,0.0,N,,,,,,
61.6030799,-156.5716847,2012-08-30,1,1,79.0,82.0,,Pastick,,0.0,N,,,,,,
60.9920836,-157.478832,2012-08-30,1,1,50.0,52.0,,Pastick,,0.0,N,,,,,,
61.3645226,-156.179742,2012-08-30,1,1,52.0,152.0,,Pastick,,0.0,N,,,,,,
61.3625534,-156.2149348,2012-08-30,1,1,115.0,120.0,,Pastick,,0.0,N,,,,,,
62.1532778,-159.377693,2012-08-30,1,1,44.0,57.0,,Pastick,,0.0,N,,,,,,
62.1527878,-159.3662697,2012-08-30,1,1,64.0,78.0,,Pastick,,0.0,N,,,,,,
61.5195528,-156.5021347,2012-08-30,1,1,118.0,152.0,,Pastick,,0.0,N,,,,,,
61.1452082,-156.3492856,2012-08-30,1,1,88.0,150.0,,Pastick,,0.0,N,,,,,,
61.1600481,-156.3488394,2012-08-30,1,1,80.0,150.0,,Pastick,,0.0,N,,,,,,
61.2050966,-157.3746271,2012-08-30,1,1,88.0,152.0,,Pastick,,0.0,N,,,,,,
61.386814,-156.4083362,2012-08-30,1,1,97.0,152.0,,Pastick,,0.0,N,,,,,,
61.3891119,-156.389473,2012-08-30,1,1,68.0,152.0,,Pastick,,0.0,N,,,,,,
61.6665922,-156.1464802,2012-08-30,1,1,40.0,152.0,,Pastick,,0.0,N,,,,,,
61.6667998,-156.1590478,2012-08-30,1,1,32.0,152.0,,Pastick,,0.0,N,,,,,,
61.6664233,-156.166453,2012-08-30,1,1,58.0,152.0,,Pastick,,0.0,N,,,,,,
61.5077877,-160.6211719,2012-08-30,1,1,68.0,95.0,,Pastick,,0.0,N,,,,,,
61.6994093,-160.1149587,2012-08-30,1,1,65.0,75.0,,Pastick,,0.0,N,,,,,,
62.6719822,-160.5185512,2012-08-30,1,1,70.0,80.0,,Pastick,,0.0,N,,,,,,
62.0945642,-159.3601478,2012-08-30,1,1,110.0,120.0,,Pastick,,0.0,N,,,,,,
62.0895459,-159.3498246,2012-08-30,1,1,78.0,90.0,,Pastick,,0.0,N,,,,,,
61.4750721,-159.22725,2012-08-30,1,1,61.0,83.0,,Pastick,,0.0,N,,,,,,
61.4762296,-159.238108,2012-08-30,1,1,82.0,94.0,,Pastick,,0.0,N,,,,,,
61.476468,-159.2503486,2012-08-30,1,1,43.0,68.0,,Pastick,,0.0,N,,,,,,
64.8053913,-165.4812933,2012-08-30,1,1,78.0,150.0,,Pastick,,0.0,N,,,,,,
64.8022892,-165.4721019,2012-08-30,1,1,120.0,152.0,,Pastick,,0.0,N,,,,,,
64.8846072,-165.4187314,2012-08-30,1,1,33.0,150.0,,Pastick,,0.0,N,,,,,,
64.7963106,-165.42538,2012-08-30,1,1,100.0,150.0,,Pastick,,0.0,N,,,,,,
64.8133625,-165.4940713,2012-08-30,1,1,74.0,150.0,,Pastick,,0.0,N,,,,,,
64.7900519,-165.6330662,2012-08-30,1,1,45.0,150.0,,Pastick,,0.0,N,,,,,,
64.8142052,-165.4778282,2012-08-30,1,1,95.0,150.0,,Pastick,,0.0,N,,,,,,
64.7859138,-165.5943215,2012-08-30,1,1,40.0,65.0,,Pastick,,0.0,N,,,,,,
64.8303451,-165.6345181,2012-08-30,1,1,48.0,60.0,,Pastick,,0.0,N,,,,,,
64.8193858,-165.4107884,2012-08-30,1,1,40.0,152.0,,Pastick,,0.0,N,,,,,,
64.8186065,-165.4135358,2012-08-30,1,1,65.0,150.0,,Pastick,,0.0,N,,,,,,
64.7916154,-165.6023591,2012-08-30,1,1,67.0,150.0,,Pastick,,0.0,N,,,,,,
64.79035,-165.5682431,2012-08-30,1,1,74.0,150.0,,Pastick,,0.0,N,,,,,,
64.7521897,-165.6338399,2012-08-30,1,1,79.0,152.0,,Pastick,,0.0,N,,,,,,
64.7608128,-165.633937,2012-08-30,1,1,41.0,150.0,,Pastick,,0.0,N,,,,,,
64.7682249,-165.6339216,2012-08-30,1,1,79.0,150.0,,Pastick,,0.0,N,,,,,,
62.0702782,-160.0623627,2014-02-07,1,1,77.0,230.0,,Pastick,,0.0,N,,,,,,
64.5353317261,-163.418334961,2012-08-30,1,1,64.0,152.0,,Pastick,,0.0,N,,,,,,
61.54475,-164.9143333,2012-08-30,1,1,64.0,152.0,,Pastick,,0.0,N,,,,,,
59.7872222,-159.8325,2013-12-13,1,1,120.0,152.0,,Pastick,,0.0,N,,,,,,
59.0516667,-161.2158333,2013-12-13,1,1,79.0,150.0,,Pastick,,0.0,N,,,,,,
59.05,-161.2208333,2013-12-13,1,1,52.0,152.0,,Pastick,,0.0,N,,,,,,
59.3261111,-159.8816667,2013-12-13,1,1,62.0,152.0,,Pastick,,0.0,N,,,,,,
59.3697222,-157.4422222,2013-11-29,1,1,152.0,183.0,,Pastick,,0.0,N,,,,,,
58.6486111,-158.0663889,2013-11-29,1,1,44.0,74.0,,Pastick,,0.0,N,,,,,,
58.8688889,-157.5588889,2013-11-29,1,1,32.0,80.0,,Pastick,,0.0,N,,,,,,
58.8663889,-157.5658333,2013-11-29,1,1,56.0,75.0,,Pastick,,0.0,N,,,,,,
58.8633333,-157.5944444,2013-11-29,1,1,46.0,70.0,,Pastick,,0.0,N,,,,,,
58.8625,-157.6111111,2013-11-29,1,1,79.0,95.0,,Pastick,,0.0,N,,,,,,
59.1988889,-158.0997222,2013-11-29,1,1,48.0,84.0,,Pastick,,0.0,N,,,,,,
59.2519444,-157.7338889,2013-11-29,1,1,55.0,75.0,,Pastick,,0.0,N,,,,,,
59.2383333,-157.7416667,2013-11-29,1,1,89.0,91.0,,Pastick,,0.0,N,,,,,,
59.2188889,-157.7819444,2013-11-29,1,1,51.0,55.0,,Pastick,,0.0,N,,,,,,
58.8775,-157.1022222,2013-11-29,1,1,35.0,40.0,,Pastick,,0.0,N,,,,,,
58.8811111,-157.1108333,2013-11-29,1,1,60.0,65.0,,Pastick,,0.0,N,,,,,,
58.8819444,-157.1130556,2013-11-29,1,1,32.0,65.0,,Pastick,,0.0,N,,,,,,
58.8841667,-157.1130556,2013-11-29,1,1,75.0,80.0,,Pastick,,0.0,N,,,,,,
58.8877778,-157.1211111,2013-11-29,1,1,40.0,85.0,,Pastick,,0.0,N,,,,,,
58.78,-157.945,2013-11-29,1,1,51.0,93.0,,Pastick,,0.0,N,,,,,,
58.7880556,-157.9569444,2013-11-29,1,1,60.0,80.0,,Pastick,,0.0,N,,,,,,
59.2019444,-157.9555556,2013-11-29,1,1,68.0,90.0,,Pastick,,0.0,N,,,,,,
58.9894444,-157.0902778,2013-11-29,1,1,100.0,152.0,,Pastick,,0.0,N,,,,,,
58.99,-157.1041667,2013-11-29,1,1,80.0,152.0,,Pastick,,0.0,N,,,,,,
59.1541667,-157.5588889,2013-11-29,1,1,45.0,75.0,,Pastick,,0.0,N,,,,,,
59.6211111,-157.2308333,2013-11-29,1,1,142.0,183.0,,Pastick,,0.0,N,,,,,,
59.5997222,-157.2241667,2013-11-29,1,1,158.0,165.0,,Pastick,,0.0,N,,,,,,
58.6919444,-158.1561111,2013-11-29,1,1,21.0,72.0,,Pastick,,0.0,N,,,,,,
58.69,-158.1627778,2013-11-29,1,1,42.0,152.0,,Pastick,,0.0,N,,,,,,
58.8622222,-157.8133333,2013-11-29,1,1,65.0,152.0,,Pastick,,0.0,N,,,,,,
59.1319444,-157.7772222,2013-11-29,1,1,42.0,74.0,,Pastick,,0.0,N,,,,,,
58.975,-157.9016667,2013-11-29,1,1,62.0,95.0,,Pastick,,0.0,N,,,,,,
59.1869444,-158.0077778,2013-11-29,1,1,85.0,152.0,,Pastick,,0.0,N,,,,,,
59.1808333,-158.0161111,2013-11-29,1,1,85.0,152.0,,Pastick,,0.0,N,,,,,,
59.1052778,-158.3088889,2013-11-29,1,1,92.0,152.0,,Pastick,,0.0,N,,,,,,
59.2019444,-157.1997222,2013-11-29,1,1,85.0,152.0,,Pastick,,0.0,N,,,,,,
59.1936111,-157.2105556,2013-11-29,1,1,89.0,200.0,,Pastick,,0.0,N,,,,,,
59.0672222,-157.2180556,2013-11-29,1,1,125.0,152.0,,Pastick,,0.0,N,,,,,,
58.8186111,-157.8277778,2013-11-29,1,1,70.0,100.0,,Pastick,,0.0,N,,,,,,
58.9013889,-157.3475,2013-11-29,1,1,53.0,190.0,,Pastick,,0.0,N,,,,,,
58.9041667,-157.3591667,2013-11-29,1,1,38.0,77.0,,Pastick,,0.0,N,,,,,,
59.4021861,-157.5475361,2013-11-29,1,1,50.0,120.0,,Pastick,,0.0,N,,,,,,
58.8011111,-158.5475,2013-11-29,1,1,120.0,150.0,,Pastick,,0.0,N,,,,,,
59.7241667,-157.2927778,2013-11-29,1,1,80.0,136.0,,Pastick,,0.0,N,,,,,,
59.8169444,-157.0313889,2013-11-29,1,1,65.0,75.0,,Pastick,,0.0,N,,,,,,
59.9086111,-156.6252778,2013-11-29,1,1,70.0,92.0,,Pastick,,0.0,N,,,,,,
59.9197222,-156.6275,2013-11-29,1,1,50.0,72.0,,Pastick,,0.0,N,,,,,,
60.0238889,-157.2330556,2013-11-29,1,1,68.0,82.0,,Pastick,,0.0,N,,,,,,
60.0772222,-157.1927778,2013-11-29,1,1,69.0,90.0,,Pastick,,0.0,N,,,,,,
59.6636111,-156.8772222,2013-11-29,1,1,40.0,65.0,,Pastick,,0.0,N,,,,,,
59.6586111,-156.8894444,2013-11-29,1,1,55.0,90.0,,Pastick,,0.0,N,,,,,,
59.6613889,-156.8680556,2013-11-29,1,1,44.0,55.0,,Pastick,,0.0,N,,,,,,
59.7027778,-156.8119444,2013-11-29,1,1,48.0,65.0,,Pastick,,0.0,N,,,,,,
59.7291667,-157.2627778,2013-11-29,1,1,32.0,65.0,,Pastick,,0.0,N,,,,,,
60.0436111,-156.7766667,2013-11-29,1,1,90.0,110.0,,Pastick,,0.0,N,,,,,,
59.8132667,-157.0513806,2013-11-29,1,1,31.0,90.0,,Pastick,,0.0,N,,,,,,
60.1816667,-157.3919444,2013-11-29,1,1,112.0,115.0,,Pastick,,0.0,N,,,,,,
60.035,-157.6130556,2013-11-29,1,1,105.0,110.0,,Pastick,,0.0,N,,,,,,
59.0741667,-157.7747222,2013-11-29,1,1,70.0,100.0,,Pastick,,0.0,N,,,,,,
60.3708333,-157.9038889,2013-11-29,1,1,60.0,82.0,,Pastick,,0.0,N,,,,,,
60.725,-154.6705556,2013-11-29,1,1,64.0,70.0,,Pastick,,0.0,N,,,,,,
60.0966667,-156.2466667,2013-11-29,1,1,42.0,59.0,,Pastick,,0.0,N,,,,,,
60.3972222,-156.1627778,2013-11-29,1,1,60.0,74.0,,Pastick,,0.0,N,,,,,,
59.4361111,-157.34,2013-11-29,1,1,75.0,92.0,,Pastick,,0.0,N,,,,,,
59.8816667,-155.6033333,2013-11-29,1,1,65.0,80.0,,Pastick,,0.0,N,,,,,,
58.9275,-157.4519444,2013-11-29,1,1,45.0,100.0,,Pastick,,0.0,N,,,,,,
58.9425,-157.38,2013-11-29,1,1,60.0,85.0,,Pastick,,0.0,N,,,,,,
59.6916667,-157.2588889,2013-11-29,1,1,85.0,123.0,,Pastick,,0.0,N,,,,,,
59.6675,-157.2019444,2013-11-29,1,1,70.0,85.0,,Pastick,,0.0,N,,,,,,
59.6313889,-157.2291667,2013-11-29,1,1,55.0,90.0,,Pastick,,0.0,N,,,,,,
59.6408333,-157.2113889,2013-11-29,1,1,78.0,95.0,,Pastick,,0.0,N,,,,,,
59.5533333,-157.2327778,2013-11-29,1,1,127.0,130.0,,Pastick,,0.0,N,,,,,,
59.5441667,-157.3791667,2013-11-29,1,1,85.0,100.0,,Pastick,,0.0,N,,,,,,
59.3730556,-157.4388889,2013-11-29,1,1,130.0,0.0,,Pastick,,0.0,N,,,,,,
64.9075012,-163.6734772,2014-01-14,1,0,90.0,110.0,,Pastick,,0.0,N,,,,,,
64.9005814,-163.6649933,2014-01-14,1,0,60.0,80.0,,Pastick,,0.0,N,,,,,,
59.0666656,-158.6000061,2014-01-17,1,0,66.0,91.0,,Pastick,,0.0,N,,,,,,
59.9833336,-154.8500061,2014-01-17,1,0,33.0,76.0,,Pastick,,0.0,N,,,,,,
59.5833321,-159.0666656,2014-01-17,1,0,53.0,53.0,,Pastick,,0.0,N,,,,,,
59.9166679,-159.0333405,2014-01-17,1,0,38.0,46.0,,Pastick,,0.0,N,,,,,,
58.7000008,-156.6833344,2014-01-17,1,0,114.0,137.0,,Pastick,,0.0,N,,,,,,
58.7166672,-156.7666626,2014-01-17,1,0,94.0,114.0,,Pastick,,0.0,N,,,,,,
66.0333328,-154.25,2014-01-17,1,0,47.0,80.0,,Pastick,,0.0,N,,,,,,
64.9166641,-157.6333313,2014-01-17,1,0,75.0,100.0,,Pastick,,0.0,N,,,,,,
61.5833321,-159.5771942,2014-01-17,1,0,230.0,230.0,,Pastick,,0.0,N,,,,,,
61.5266953,-159.7784729,2014-01-17,1,0,114.0,200.0,,Pastick,,0.0,N,,,,,,
61.5659083,-159.5278182,2012-08-30,1,0,15.0,71.0,,Pastick,,0.0,N,,,,,,
61.571774,-159.5563496,2012-08-30,1,0,180.0,200.0,,Pastick,,0.0,N,,,,,,
61.5734826,-159.5444797,2012-08-30,1,0,185.0,220.0,,Pastick,,0.0,N,,,,,,
61.594346,-159.4899006,2013-06-18,1,0,160.0,180.0,,Pastick,,0.0,N,,,,,,
61.5870341,-159.5610878,2012-08-30,1,0,190.0,400.0,,Pastick,,0.0,N,,,,,,
61.5812611,-159.2394027,2012-08-30,1,0,180.0,200.0,,Pastick,,0.0,N,,,,,,
61.5400184,-160.3161113,2012-08-30,1,0,140.0,200.0,,Pastick,,0.0,N,,,,,,
61.5410019,-160.3193322,2012-08-30,1,0,32.0,200.0,,Pastick,,0.0,N,,,,,,
61.5489559,-160.3268392,2012-08-30,1,0,120.0,125.0,,Pastick,,0.0,N,,,,,,
61.5208114,-158.7521522,2012-08-30,1,0,173.0,200.0,,Pastick,,0.0,N,,,,,,
61.8633948,-158.1440122,2012-08-30,1,0,56.0,200.0,,Pastick,,0.0,N,,,,,,
61.8731872,-158.1181264,2012-08-30,1,0,14.0,42.0,,Pastick,,0.0,N,,,,,,
61.5822822,-159.5747517,2012-08-30,1,0,230.0,999.0,,Pastick,,0.0,N,,,,,,
61.5256285,-158.7760095,2012-08-30,1,0,111.0,200.0,,Pastick,,0.0,N,,,,,,
61.8492278,-157.6026269,2012-08-30,1,0,71.0,100.0,,Pastick,,0.0,N,,,,,,
61.8510299,-157.5997324,2012-08-30,1,0,75.0,999.0,,Pastick,,0.0,N,,,,,,
61.7082255,-157.1556941,2012-08-30,1,0,104.0,200.0,,Pastick,,0.0,N,,,,,,
61.8418417,-157.6100109,2012-08-30,1,0,137.0,200.0,,Pastick,,0.0,N,,,,,,
61.8379444,-157.6134923,2012-08-30,1,0,80.0,100.0,,Pastick,,0.0,N,,,,,,
61.8358863,-157.6159594,2012-08-30,1,0,62.0,100.0,,Pastick,,0.0,N,,,,,,
61.5901603,-159.488007,2012-08-30,1,0,22.0,109.0,,Pastick,,0.0,N,,,,,,
61.6004891,-159.4660251,2012-08-30,1,0,72.0,106.0,,Pastick,,0.0,N,,,,,,
61.5977543,-159.4702994,2012-08-30,1,0,100.0,100.0,,Pastick,,0.0,N,,,,,,
61.5986649,-159.4846167,2012-08-30,1,0,93.0,100.0,,Pastick,,0.0,N,,,,,,
61.5864735,-159.5306168,2012-08-30,1,0,160.0,195.0,,Pastick,,0.0,N,,,,,,
61.5870181,-159.5290813,2012-08-30,1,0,80.0,195.0,,Pastick,,0.0,N,,,,,,
61.5866034,-159.5272093,2012-08-30,1,0,160.0,200.0,,Pastick,,0.0,N,,,,,,
61.5815935,-159.5676947,2012-08-30,1,0,80.0,200.0,,Pastick,,0.0,N,,,,,,
61.5829394,-159.5721646,2012-08-30,1,0,160.0,200.0,,Pastick,,0.0,N,,,,,,
61.5669517,-159.5296056,2012-08-30,1,0,120.0,135.0,,Pastick,,0.0,N,,,,,,
61.5658726,-159.5460218,2012-08-30,1,0,120.0,200.0,,Pastick,,0.0,N,,,,,,
61.5679025,-159.5251599,2012-08-30,1,0,135.0,200.0,,Pastick,,0.0,N,,,,,,
61.5789312,-159.5623727,2012-08-30,1,0,135.0,200.0,,Pastick,,0.0,N,,,,,,
61.5907627,-159.4902774,2012-08-30,1,0,127.0,200.0,,Pastick,,0.0,N,,,,,,
61.5899293,-159.4923554,2012-08-30,1,0,100.0,175.0,,Pastick,,0.0,N,,,,,,
61.5348976,-158.7844432,2012-08-30,1,0,110.0,110.0,,Pastick,,0.0,N,,,,,,
61.5318241,-158.7880561,2012-08-30,1,0,46.0,75.0,,Pastick,,0.0,N,,,,,,
61.5996875,-159.5578301,2012-08-30,1,0,100.0,120.0,,Pastick,,0.0,N,,,,,,
61.6016118,-159.5570543,2012-08-30,1,0,98.0,999.0,,Pastick,,0.0,N,,,,,,
61.5804532,-159.23934,2012-08-30,1,0,155.0,200.0,,Pastick,,0.0,N,,,,,,
61.5800529,-159.2423879,2012-08-30,1,0,140.0,200.0,,Pastick,,0.0,N,,,,,,
61.5498113,-160.3275155,2012-08-30,1,0,180.0,200.0,,Pastick,,0.0,N,,,,,,
61.5514289,-160.3264367,2012-08-30,1,0,90.0,200.0,,Pastick,,0.0,N,,,,,,
61.5926465,-159.0143381,2012-08-30,1,0,97.0,999.0,,Pastick,,0.0,N,,,,,,
61.5955903,-159.0195967,2012-08-30,1,0,74.0,80.0,,Pastick,,0.0,N,,,,,,
61.5406281,-158.6805923,2012-08-30,1,0,55.0,80.0,,Pastick,,0.0,N,,,,,,
61.5703234,-159.2144282,2012-08-30,1,0,80.0,200.0,,Pastick,,0.0,N,,,,,,
61.5610928,-160.1886019,2012-08-30,1,0,96.0,200.0,,Pastick,,0.0,N,,,,,,
61.5806969,-159.9388563,2012-08-30,1,0,64.0,200.0,,Pastick,,0.0,N,,,,,,
61.5251523,-158.6734378,2012-08-30,1,0,110.0,200.0,,Pastick,,0.0,N,,,,,,
61.5233978,-158.6718019,2012-08-30,1,0,58.0,200.0,,Pastick,,0.0,N,,,,,,
61.8703079,-158.1354917,2012-08-30,1,0,70.0,110.0,,Pastick,,0.0,N,,,,,,
61.8580543,-158.1327011,2012-08-30,1,0,65.0,200.0,,Pastick,,0.0,N,,,,,,
61.8552899,-158.1342235,2012-08-30,1,0,75.0,200.0,,Pastick,,0.0,N,,,,,,
61.8726895,-158.1175133,2012-08-30,1,0,53.0,70.0,,Pastick,,0.0,N,,,,,,
61.6885827,-157.1627082,2012-08-30,1,0,36.0,200.0,,Pastick,,0.0,N,,,,,,
61.690296,-157.1639108,2012-08-30,1,0,152.0,150.0,,Pastick,,0.0,N,,,,,,
61.6935115,-157.1646462,2012-08-30,1,0,90.0,200.0,,Pastick,,0.0,N,,,,,,
61.8510463,-157.595171,2012-08-30,1,0,55.0,80.0,,Pastick,,0.0,N,,,,,,
61.8548886,-157.5925055,2012-08-30,1,0,19.0,50.0,,Pastick,,0.0,N,,,,,,
61.7069474,-157.1521385,2012-08-30,1,0,165.0,200.0,,Pastick,,0.0,N,,,,,,
61.8504779,-157.5966602,2012-08-30,1,0,61.0,90.0,,Pastick,,0.0,N,,,,,,
61.8412793,-157.6112141,2012-08-30,1,0,152.0,200.0,,Pastick,,0.0,N,,,,,,
61.8369615,-157.6148472,2012-08-30,1,0,89.0,100.0,,Pastick,,0.0,N,,,,,,
61.8350011,-157.6172148,2012-08-30,1,0,60.0,80.0,,Pastick,,0.0,N,,,,,,
61.7108585,-157.194282,2012-08-30,1,0,80.0,116.0,,Pastick,,0.0,N,,,,,,
61.6735618,-157.1925301,2012-08-30,1,0,120.0,220.0,,Pastick,,0.0,N,,,,,,
61.654365,-157.1456482,2012-08-30,1,0,58.0,100.0,,Pastick,,0.0,N,,,,,,
61.7932298,-157.4141309,2012-08-30,1,0,170.0,200.0,,Pastick,,0.0,N,,,,,,
61.7872219,-157.392423,2012-08-30,1,0,111.0,117.0,,Pastick,,0.0,N,,,,,,
61.8243704,-157.5715187,2013-06-18,1,0,13.0,50.0,,Pastick,,0.0,N,,,,,,
61.9015798,-157.7965138,2012-08-30,1,0,46.0,46.0,,Pastick,,0.0,N,,,,,,
61.7916143,-156.4974871,2012-08-30,1,0,120.0,200.0,,Pastick,,0.0,N,,,,,,
61.7717029,-157.360991,2012-08-30,1,0,175.0,200.0,,Pastick,,0.0,N,,,,,,
61.7915203,-156.5095994,2012-08-30,1,0,160.0,200.0,,Pastick,,0.0,N,,,,,,
61.8821284,-157.7387681,2012-08-30,1,0,49.0,80.0,,Pastick,,0.0,N,,,,,,
61.6827166,-157.1820338,2012-08-30,1,0,58.0,100.0,,Pastick,,0.0,N,,,,,,
61.6719313,-157.1921341,2012-08-30,1,0,90.0,100.0,,Pastick,,0.0,N,,,,,,
61.7279579,-157.1460343,2012-08-30,1,0,155.0,200.0,,Pastick,,0.0,N,,,,,,
61.7756809,-157.3505234,2012-08-30,1,0,80.0,80.0,,Pastick,,0.0,N,,,,,,
61.8056793,-157.513318,2012-08-30,1,0,52.0,200.0,,Pastick,,0.0,N,,,,,,
61.7987001,-157.5172028,2012-08-30,1,0,130.0,130.0,,Pastick,,0.0,N,,,,,,
61.8036767,-157.5099615,2013-06-18,1,0,175.0,200.0,,Pastick,,0.0,N,,,,,,
61.7989685,-157.3659888,2012-08-30,1,0,46.0,100.0,,Pastick,,0.0,N,,,,,,
61.8013974,-157.367131,2012-08-30,1,0,70.0,100.0,,Pastick,,0.0,N,,,,,,
61.8083021,-157.3777333,2012-08-30,1,0,152.0,200.0,,Pastick,,0.0,N,,,,,,
61.8765909,-157.6805724,2012-08-30,1,0,46.0,200.0,,Pastick,,0.0,N,,,,,,
61.82431,-157.5726227,2012-08-30,1,0,80.0,100.0,,Pastick,,0.0,N,,,,,,
61.8640418,-157.6475207,2012-08-30,1,0,70.0,200.0,,Pastick,,0.0,N,,,,,,
61.8869395,-157.7163116,2012-08-30,1,0,54.0,200.0,,Pastick,,0.0,N,,,,,,
61.8861559,-157.7531556,2012-08-30,1,0,99.0,200.0,,Pastick,,0.0,N,,,,,,
61.8389182,-157.9777608,2012-08-30,1,0,190.0,200.0,,Pastick,,0.0,N,,,,,,
61.8329374,-158.0106606,2012-08-30,1,0,85.0,85.0,,Pastick,,0.0,N,,,,,,
61.8985436,-157.7963286,2012-08-30,1,0,83.0,83.0,,Pastick,,0.0,N,,,,,,
61.9092832,-157.7934887,2012-08-30,1,0,60.0,60.0,,Pastick,,0.0,N,,,,,,
61.6714,-157.107631,2012-08-30,1,0,46.0,200.0,,Pastick,,0.0,N,,,,,,
61.7946886,-156.5124547,2012-08-30,1,0,25.0,200.0,,Pastick,,0.0,N,,,,,,
61.7972237,-156.6915113,2012-08-30,1,0,80.0,200.0,,Pastick,,0.0,N,,,,,,
61.7728214,-156.77627,2012-08-30,1,0,38.0,200.0,,Pastick,,0.0,N,,,,,,
61.7710609,-156.7640933,2012-08-30,1,0,140.0,150.0,,Pastick,,0.0,N,,,,,,
61.7849503,-156.7771385,2012-08-30,1,0,70.0,200.0,,Pastick,,0.0,N,,,,,,
61.8427706,-158.0930898,2012-08-30,1,0,180.0,200.0,,Pastick,,0.0,N,,,,,,
61.7768263,-156.7432337,2012-08-30,1,0,60.0,90.0,,Pastick,,0.0,N,,,,,,
61.7634111,-157.248016,2012-08-30,1,0,63.0,200.0,,Pastick,,0.0,N,,,,,,
61.7656348,-157.2491782,2012-08-30,1,0,63.0,200.0,,Pastick,,0.0,N,,,,,,
61.7185257,-157.1962366,2012-08-30,1,0,93.0,200.0,,Pastick,,0.0,N,,,,,,
61.7199511,-157.202209,2012-08-30,1,0,73.0,200.0,,Pastick,,0.0,N,,,,,,
61.7846914,-157.315414,2012-08-30,1,0,61.0,200.0,,Pastick,,0.0,N,,,,,,
61.7942098,-157.4283067,2012-08-30,1,0,59.0,200.0,,Pastick,,0.0,N,,,,,,
61.7894592,-157.3956251,2012-08-30,1,0,89.0,117.0,,Pastick,,0.0,N,,,,,,
61.8179581,-157.5704879,2012-08-30,1,0,44.0,84.0,,Pastick,,0.0,N,,,,,,
61.6636176,-156.8979672,2012-08-30,1,0,127.0,127.0,,Pastick,,0.0,N,,,,,,
61.8936939,-157.7577393,2012-08-30,1,0,125.0,200.0,,Pastick,,0.0,N,,,,,,
61.8963616,-157.7548908,2012-08-30,1,0,125.0,200.0,,Pastick,,0.0,N,,,,,,
61.9036242,-157.7558328,2012-08-30,1,0,37.0,60.0,,Pastick,,0.0,N,,,,,,
61.8542603,-157.977687,2012-08-30,1,0,32.0,90.0,,Pastick,,0.0,N,,,,,,
61.8575633,-157.984856,2012-08-30,1,0,65.0,80.0,,Pastick,,0.0,N,,,,,,
61.8231168,-158.0373262,2012-08-30,1,0,80.0,200.0,,Pastick,,0.0,N,,,,,,
61.8393872,-158.0637875,2012-08-30,1,0,110.0,135.0,,Pastick,,0.0,N,,,,,,
61.833009,-158.0384595,2012-08-30,1,0,175.0,200.0,,Pastick,,0.0,N,,,,,,
61.6811734,-157.1059365,2012-08-30,1,0,125.0,200.0,,Pastick,,0.0,N,,,,,,
61.810527,-156.4948842,2012-08-30,1,0,190.0,200.0,,Pastick,,0.0,N,,,,,,
61.8192784,-156.5044442,2012-08-30,1,0,120.0,200.0,,Pastick,,0.0,N,,,,,,
61.8067126,-156.4578947,2012-08-30,1,0,140.0,200.0,,Pastick,,0.0,N,,,,,,
61.8040755,-156.4556642,2012-08-30,1,0,110.0,200.0,,Pastick,,0.0,N,,,,,,
61.7962236,-156.4492738,2012-08-30,1,0,67.0,200.0,,Pastick,,0.0,N,,,,,,
61.7702752,-156.5357569,2012-08-30,1,0,69.0,100.0,,Pastick,,0.0,N,,,,,,
61.767402,-156.5293137,2012-08-30,1,0,152.0,200.0,,Pastick,,0.0,N,,,,,,
61.7658387,-156.5243019,2012-08-30,1,0,1.0,0.0,,Pastick,,0.0,N,,,,,,
61.7687551,-156.7565264,2012-08-30,1,0,86.0,200.0,,Pastick,,0.0,N,,,,,,
61.7759027,-156.7713451,2012-08-30,1,0,130.0,200.0,,Pastick,,0.0,N,,,,,,
61.7871607,-156.7772064,2012-08-30,1,0,156.0,200.0,,Pastick,,0.0,N,,,,,,
61.7337982,-156.8191699,2012-08-30,1,0,108.0,200.0,,Pastick,,0.0,N,,,,,,
61.7368442,-156.8215299,2012-08-30,1,0,43.0,200.0,,Pastick,,0.0,N,,,,,,
61.7449906,-156.785154,2012-08-30,1,0,77.0,150.0,,Pastick,,0.0,N,,,,,,
61.7754072,-156.5565461,2012-08-30,1,0,87.0,200.0,,Pastick,,0.0,N,,,,,,
61.7762274,-156.5652987,2012-08-30,1,0,40.0,80.0,,Pastick,,0.0,N,,,,,,
61.7995449,-158.1639424,2012-08-30,1,0,80.0,100.0,,Pastick,,0.0,N,,,,,,
61.8045392,-158.1585325,2012-08-30,1,0,72.0,100.0,,Pastick,,0.0,N,,,,,,
61.5990879,-159.4306501,2012-08-30,1,0,190.0,200.0,,Pastick,,0.0,N,,,,,,
61.6009103,-159.4306565,2012-08-30,1,0,175.0,200.0,,Pastick,,0.0,N,,,,,,
61.6048311,-159.4313707,2012-08-30,1,0,80.0,999.0,,Pastick,,0.0,N,,,,,,
61.6086074,-159.4435822,2012-08-30,1,0,73.0,100.0,,Pastick,,0.0,N,,,,,,
61.7879822,-157.3223837,2012-08-30,1,0,62.0,84.0,,Pastick,,0.0,N,,,,,,
61.789871,-157.3233808,2012-08-30,1,0,100.0,200.0,,Pastick,,0.0,N,,,,,,
61.9062205,-157.7471039,2012-08-30,1,0,30.0,999.0,,Pastick,,0.0,N,,,,,,
61.7642121,-156.5192767,2012-08-30,1,0,100.0,200.0,,Pastick,,0.0,N,,,,,,
61.7618897,-156.5160141,2012-08-30,1,0,140.0,200.0,,Pastick,,0.0,N,,,,,,
61.6974502,-156.9946491,2012-08-30,1,0,62.0,100.0,,Pastick,,0.0,N,,,,,,
62.2047141,-159.7796888,2012-08-30,1,0,110.0,110.0,,Pastick,,0.0,N,,,,,,
62.1968835,-159.7753937,2012-08-30,1,0,43.0,70.0,,Pastick,,0.0,N,,,,,,
62.1935604,-159.7708698,2012-08-30,1,0,56.0,195.0,,Pastick,,0.0,N,,,,,,
62.1924877,-159.7716687,2012-08-30,1,0,140.0,160.0,,Pastick,,0.0,N,,,,,,
62.1929207,-159.7888386,2012-08-30,1,0,75.0,175.0,,Pastick,,0.0,N,,,,,,
62.1936935,-159.7855345,2012-08-30,1,0,63.0,195.0,,Pastick,,0.0,N,,,,,,
62.1321787,-159.7358854,2012-08-30,1,0,46.0,195.0,,Pastick,,0.0,N,,,,,,
62.2189392,-159.9044262,2012-08-30,1,0,50.0,70.0,,Pastick,,0.0,N,,,,,,
62.215898,-159.8972202,2012-08-30,1,0,180.0,200.0,,Pastick,,0.0,N,,,,,,
62.20517,-159.7848138,2012-08-30,1,0,99.0,145.0,,Pastick,,0.0,N,,,,,,
62.2063624,-159.7706771,2012-08-30,1,0,40.0,60.0,,Pastick,,0.0,N,,,,,,
62.1884106,-159.8051089,2012-08-30,1,0,140.0,160.0,,Pastick,,0.0,N,,,,,,
62.1880415,-159.811439,2012-08-30,1,0,140.0,160.0,,Pastick,,0.0,N,,,,,,
62.1874037,-159.8145918,2012-08-30,1,0,40.0,60.0,,Pastick,,0.0,N,,,,,,
62.1840196,-159.8160759,2013-06-18,1,0,56.0,180.0,,Pastick,,0.0,N,,,,,,
62.1839953,-159.8095057,2012-08-30,1,0,24.0,34.0,,Pastick,,0.0,N,,,,,,
62.0472858,-160.0413337,2012-08-30,1,0,140.0,160.0,,Pastick,,0.0,N,,,,,,
62.0511095,-160.0497269,2012-08-30,1,0,140.0,160.0,,Pastick,,0.0,N,,,,,,
62.0525186,-160.059186,2012-08-30,1,0,140.0,160.0,,Pastick,,0.0,N,,,,,,
62.0493826,-160.0548694,2012-08-30,1,0,140.0,160.0,,Pastick,,0.0,N,,,,,,
62.1008165,-160.0342984,2012-08-30,1,0,175.0,185.0,,Pastick,,0.0,N,,,,,,
62.1142322,-160.076192,2013-06-18,1,0,80.0,80.0,,Pastick,,0.0,N,,,,,,
62.1146953,-160.0766684,2012-08-30,1,0,70.0,90.0,,Pastick,,0.0,N,,,,,,
62.1064117,-160.0577311,2012-08-30,1,0,140.0,160.0,,Pastick,,0.0,N,,,,,,
62.1047912,-160.052444,2012-08-30,1,0,140.0,160.0,,Pastick,,0.0,N,,,,,,
62.1033155,-160.052891,2012-08-30,1,0,140.0,160.0,,Pastick,,0.0,N,,,,,,
62.0830041,-160.0779774,2012-08-30,1,0,85.0,200.0,,Pastick,,0.0,N,,,,,,
62.3157817,-159.988812,2012-08-30,1,0,100.0,160.0,,Pastick,,0.0,N,,,,,,
62.2978927,-160.067418,2012-08-30,1,0,180.0,200.0,,Pastick,,0.0,N,,,,,,
62.2985489,-160.0719728,2012-08-30,1,0,180.0,200.0,,Pastick,,0.0,N,,,,,,
62.2056709,-160.1152972,2012-08-30,1,0,100.0,110.0,,Pastick,,0.0,N,,,,,,
62.2042272,-160.1228755,2012-08-30,1,0,45.0,55.0,,Pastick,,0.0,N,,,,,,
62.2023739,-160.1299957,2012-08-30,1,0,180.0,200.0,,Pastick,,0.0,N,,,,,,
62.1995771,-160.1360802,2012-08-30,1,0,140.0,160.0,,Pastick,,0.0,N,,,,,,
62.1546511,-159.6566182,2012-08-30,1,0,140.0,160.0,,Pastick,,0.0,N,,,,,,
62.3828011,-159.5662775,2012-08-30,1,0,100.0,160.0,,Pastick,,0.0,N,,,,,,
62.3830897,-159.5570403,2012-08-30,1,0,140.0,160.0,,Pastick,,0.0,N,,,,,,
62.4670152,-159.5205204,2012-08-30,1,0,60.0,70.0,,Pastick,,0.0,N,,,,,,
62.4631084,-159.511379,2012-08-30,1,0,53.0,125.0,,Pastick,,0.0,N,,,,,,
62.4658704,-159.50718,2012-08-30,1,0,140.0,160.0,,Pastick,,0.0,N,,,,,,
62.475601,-159.5312018,2012-08-30,1,0,40.0,60.0,,Pastick,,0.0,N,,,,,,
62.6475748,-159.5332433,2012-08-30,1,0,140.0,160.0,,Pastick,,0.0,N,,,,,,
62.6527031,-159.5324574,2012-08-30,1,0,140.0,160.0,,Pastick,,0.0,N,,,,,,
62.5406227,-159.5362863,2012-08-30,1,0,40.0,60.0,,Pastick,,0.0,N,,,,,,
62.5421762,-159.5384525,2012-08-30,1,0,100.0,120.0,,Pastick,,0.0,N,,,,,,
62.5437586,-159.5401141,2012-08-30,1,0,110.0,130.0,,Pastick,,0.0,N,,,,,,
62.5452428,-159.539305,2012-08-30,1,0,95.0,115.0,,Pastick,,0.0,N,,,,,,
62.5501451,-159.5750156,2012-08-30,1,0,90.0,110.0,,Pastick,,0.0,N,,,,,,
62.2985026,-159.9354294,2012-08-30,1,0,140.0,160.0,,Pastick,,0.0,N,,,,,,
62.2982512,-159.9327606,2012-08-30,1,0,140.0,150.0,,Pastick,,0.0,N,,,,,,
62.295916,-159.9262292,2012-08-30,1,0,140.0,160.0,,Pastick,,0.0,N,,,,,,
62.2933563,-159.9291195,2012-08-30,1,0,70.0,90.0,,Pastick,,0.0,N,,,,,,
62.5045357,-160.3145332,2012-08-30,1,0,140.0,160.0,,Pastick,,0.0,N,,,,,,
62.5022057,-160.3150519,2012-08-30,1,0,140.0,160.0,,Pastick,,0.0,N,,,,,,
62.498871,-160.3154875,2012-08-30,1,0,140.0,160.0,,Pastick,,0.0,N,,,,,,
62.4967899,-160.3191229,2012-08-30,1,0,63.0,63.0,,Pastick,,0.0,N,,,,,,
62.5073771,-160.3273388,2012-08-30,1,0,90.0,110.0,,Pastick,,0.0,N,,,,,,
62.5117394,-160.3226774,2012-08-30,1,0,140.0,160.0,,Pastick,,0.0,N,,,,,,
62.4007566,-160.0690649,2012-08-30,1,0,140.0,160.0,,Pastick,,0.0,N,,,,,,
62.4016081,-160.071572,2012-08-30,1,0,140.0,160.0,,Pastick,,0.0,N,,,,,,
62.4041038,-160.0854777,2012-08-30,1,0,140.0,160.0,,Pastick,,0.0,N,,,,,,
62.4032883,-160.0864544,2012-08-30,1,0,140.0,160.0,,Pastick,,0.0,N,,,,,,
62.4061883,-160.0909912,2012-08-30,1,0,140.0,160.0,,Pastick,,0.0,N,,,,,,
62.4059031,-160.0884263,2012-08-30,1,0,140.0,160.0,,Pastick,,0.0,N,,,,,,
62.4017484,-160.0602769,2012-08-30,1,0,40.0,60.0,,Pastick,,0.0,N,,,,,,
62.4042253,-160.0906102,2012-08-30,1,0,80.0,100.0,,Pastick,,0.0,N,,,,,,
61.9722554,-160.4750005,2012-08-30,1,0,140.0,160.0,,Pastick,,0.0,N,,,,,,
61.966871,-160.4764382,2012-08-30,1,0,40.0,60.0,,Pastick,,0.0,N,,,,,,
61.9632646,-160.4778469,2012-08-30,1,0,40.0,60.0,,Pastick,,0.0,N,,,,,,
61.961145,-160.4737203,2012-08-30,1,0,50.0,70.0,,Pastick,,0.0,N,,,,,,
61.9595691,-160.4733201,2012-08-30,1,0,80.0,100.0,,Pastick,,0.0,N,,,,,,
61.8761541,-160.1424505,2012-08-30,1,0,152.0,170.0,,Pastick,,0.0,N,,,,,,
61.8256001,-160.1151486,2012-08-30,1,0,40.0,60.0,,Pastick,,0.0,N,,,,,,
61.8225029,-160.112929,2012-08-30,1,0,40.0,60.0,,Pastick,,0.0,N,,,,,,
61.8201469,-160.1111732,2012-08-30,1,0,90.0,110.0,,Pastick,,0.0,N,,,,,,
61.8923851,-160.5047781,2012-08-30,1,0,175.0,190.0,,Pastick,,0.0,N,,,,,,
61.896152,-160.496913,2012-08-30,1,0,145.0,180.0,,Pastick,,0.0,N,,,,,,
61.8977586,-160.4936609,2012-08-30,1,0,140.0,160.0,,Pastick,,0.0,N,,,,,,
61.9188372,-160.3504435,2012-08-30,1,0,140.0,160.0,,Pastick,,0.0,N,,,,,,
61.9179529,-160.3490714,2012-08-30,1,0,140.0,160.0,,Pastick,,0.0,N,,,,,,
61.9955432,-160.4463413,2012-08-30,1,0,140.0,160.0,,Pastick,,0.0,N,,,,,,
61.996262,-160.4479983,2012-08-30,1,0,140.0,160.0,,Pastick,,0.0,N,,,,,,
61.9962642,-160.4426523,2012-08-30,1,0,40.0,60.0,,Pastick,,0.0,N,,,,,,
61.9964837,-160.4388249,2012-08-30,1,0,70.0,90.0,,Pastick,,0.0,N,,,,,,
61.9949192,-160.43646,2012-08-30,1,0,170.0,190.0,,Pastick,,0.0,N,,,,,,
61.9941411,-160.4335787,2012-08-30,1,0,190.0,210.0,,Pastick,,0.0,N,,,,,,
61.9923951,-160.4348521,2012-08-30,1,0,90.0,110.0,,Pastick,,0.0,N,,,,,,
61.9903844,-160.4348148,2012-08-30,1,0,40.0,60.0,,Pastick,,0.0,N,,,,,,
61.907144,-159.9577948,2012-08-30,1,0,152.0,190.0,,Pastick,,0.0,N,,,,,,
61.9104394,-159.9550993,2012-08-30,1,0,140.0,160.0,,Pastick,,0.0,N,,,,,,
61.9137853,-159.9541945,2012-08-30,1,0,125.0,190.0,,Pastick,,0.0,N,,,,,,
61.9337544,-159.7602764,2012-08-30,1,0,50.0,60.0,,Pastick,,0.0,N,,,,,,
61.9133853,-160.6617664,2012-08-30,1,0,170.0,180.0,,Pastick,,0.0,N,,,,,,
61.91537,-160.6617409,2012-08-30,1,0,140.0,160.0,,Pastick,,0.0,N,,,,,,
61.9194034,-160.6623218,2012-08-30,1,0,152.0,190.0,,Pastick,,0.0,N,,,,,,
61.921541,-160.6630093,2012-08-30,1,0,180.0,200.0,,Pastick,,0.0,N,,,,,,
61.978349,-160.901369,2012-08-30,1,0,39.0,50.0,,Pastick,,0.0,N,,,,,,
61.9771545,-160.8987756,2012-08-30,1,0,140.0,160.0,,Pastick,,0.0,N,,,,,,
61.9724944,-160.8935438,2012-08-30,1,0,152.0,170.0,,Pastick,,0.0,N,,,,,,
61.972731,-160.8959245,2012-08-30,1,0,140.0,160.0,,Pastick,,0.0,N,,,,,,
61.9742463,-160.8947783,2012-08-30,1,0,140.0,160.0,,Pastick,,0.0,N,,,,,,
61.9507826,-160.0240334,2012-08-30,1,0,180.0,200.0,,Pastick,,0.0,N,,,,,,
61.9342919,-160.0676843,2012-08-30,1,0,140.0,160.0,,Pastick,,0.0,N,,,,,,
61.9525898,-160.1923202,2012-08-30,1,0,140.0,160.0,,Pastick,,0.0,N,,,,,,
61.9461921,-160.3777851,2012-08-30,1,0,140.0,160.0,,Pastick,,0.0,N,,,,,,
62.7558123,-160.1187647,2012-08-30,1,0,40.0,60.0,,Pastick,,0.0,N,,,,,,
62.7484046,-160.1235154,2012-08-30,1,0,80.0,100.0,,Pastick,,0.0,N,,,,,,
62.7549949,-160.1311675,2012-08-30,1,0,140.0,160.0,,Pastick,,0.0,N,,,,,,
62.7522578,-160.1520708,2012-08-30,1,0,140.0,160.0,,Pastick,,0.0,N,,,,,,
62.7502367,-160.1598818,2012-08-30,1,0,140.0,160.0,,Pastick,,0.0,N,,,,,,
62.7502835,-160.1661485,2012-08-30,1,0,140.0,160.0,,Pastick,,0.0,N,,,,,,
62.7494954,-160.1745551,2012-08-30,1,0,140.0,160.0,,Pastick,,0.0,N,,,,,,
62.6835269,-160.2029784,2012-08-30,1,0,140.0,160.0,,Pastick,,0.0,N,,,,,,
62.6847518,-160.2056457,2012-08-30,1,0,160.0,190.0,,Pastick,,0.0,N,,,,,,
62.6929534,-160.244063,2012-08-30,1,0,140.0,160.0,,Pastick,,0.0,N,,,,,,
62.6952802,-160.2479128,2012-08-30,1,0,40.0,60.0,,Pastick,,0.0,N,,,,,,
62.6980121,-160.2485947,2012-08-30,1,0,140.0,160.0,,Pastick,,0.0,N,,,,,,
62.7011973,-160.2507813,2012-08-30,1,0,140.0,160.0,,Pastick,,0.0,N,,,,,,
62.657264,-160.1952386,2012-08-30,1,0,140.0,160.0,,Pastick,,0.0,N,,,,,,
62.6559581,-160.1978401,2012-08-30,1,0,140.0,160.0,,Pastick,,0.0,N,,,,,,
62.645602,-160.2079178,2012-08-30,1,0,140.0,160.0,,Pastick,,0.0,N,,,,,,
62.6451181,-160.2036453,2012-08-30,1,0,140.0,150.0,,Pastick,,0.0,N,,,,,,
62.6461063,-160.1983204,2012-08-30,1,0,140.0,160.0,,Pastick,,0.0,N,,,,,,
62.6457752,-160.1939956,2012-08-30,1,0,140.0,160.0,,Pastick,,0.0,N,,,,,,
62.668247,-160.2187192,2012-08-30,1,0,140.0,160.0,,Pastick,,0.0,N,,,,,,
62.669163,-160.2186788,2012-08-30,1,0,140.0,160.0,,Pastick,,0.0,N,,,,,,
62.883764,-160.0689426,2012-08-30,1,0,140.0,160.0,,Pastick,,0.0,N,,,,,,
62.8833683,-160.0725861,2012-08-30,1,0,140.0,160.0,,Pastick,,0.0,N,,,,,,
62.8828522,-160.077877,2012-08-30,1,0,140.0,160.0,,Pastick,,0.0,N,,,,,,
62.9133809,-160.0719704,2012-08-30,1,0,140.0,160.0,,Pastick,,0.0,N,,,,,,
62.9166176,-160.0842166,2012-08-30,1,0,140.0,160.0,,Pastick,,0.0,N,,,,,,
62.9183548,-160.0847534,2012-08-30,1,0,90.0,110.0,,Pastick,,0.0,N,,,,,,
62.9272761,-160.1080287,2012-08-30,1,0,45.0,65.0,,Pastick,,0.0,N,,,,,,
62.9286243,-160.1089462,2012-08-30,1,0,80.0,100.0,,Pastick,,0.0,N,,,,,,
62.9299903,-160.1018675,2013-06-18,1,0,47.0,65.0,,Pastick,,0.0,N,,,,,,
62.9290901,-160.0987413,2012-08-30,1,0,140.0,160.0,,Pastick,,0.0,N,,,,,,
62.1090059,-159.7934029,2012-08-30,1,0,140.0,160.0,,Pastick,,0.0,N,,,,,,
62.0727838,-159.8463916,2012-08-30,1,0,90.0,200.0,,Pastick,,0.0,N,,,,,,
62.2298957,-160.0818876,2012-08-30,1,0,140.0,160.0,,Pastick,,0.0,N,,,,,,
62.2312042,-160.0833198,2012-08-30,1,0,48.0,48.0,,Pastick,,0.0,N,,,,,,
62.2346629,-160.0818467,2012-08-30,1,0,140.0,160.0,,Pastick,,0.0,N,,,,,,
62.2321235,-160.0782347,2012-08-30,1,0,140.0,160.0,,Pastick,,0.0,N,,,,,,
62.2329578,-160.0875196,2012-08-30,1,0,70.0,180.0,,Pastick,,0.0,N,,,,,,
62.230273,-160.0853066,2012-08-30,1,0,140.0,160.0,,Pastick,,0.0,N,,,,,,
61.567684,-158.9176926,2012-08-30,1,0,70.0,80.0,,Pastick,,0.0,N,,,,,,
61.5473203,-158.8502052,2012-08-30,1,0,50.0,200.0,,Pastick,,0.0,N,,,,,,
61.5420201,-158.8469577,2012-08-30,1,0,8.0,44.0,,Pastick,,0.0,N,,,,,,
61.5441935,-158.8477935,2012-08-30,1,0,140.0,160.0,,Pastick,,0.0,N,,,,,,
61.3261229,-160.5719034,2012-08-30,1,0,40.0,60.0,,Pastick,,0.0,N,,,,,,
61.3290296,-160.5736747,2012-08-30,1,0,46.0,200.0,,Pastick,,0.0,N,,,,,,
61.3338766,-160.5815619,2012-08-30,1,0,120.0,200.0,,Pastick,,0.0,N,,,,,,
61.3378046,-160.5812179,2012-08-30,1,0,40.0,60.0,,Pastick,,0.0,N,,,,,,
61.3419377,-160.5840809,2012-08-30,1,0,40.0,60.0,,Pastick,,0.0,N,,,,,,
61.2948327,-160.5716628,2012-08-30,1,0,36.0,200.0,,Pastick,,0.0,N,,,,,,
61.2954972,-160.5685601,2012-08-30,1,0,40.0,60.0,,Pastick,,0.0,N,,,,,,
61.2982765,-160.5619223,2012-08-30,1,0,55.0,65.0,,Pastick,,0.0,N,,,,,,
61.4586018,-160.6367608,2012-08-30,1,0,190.0,210.0,,Pastick,,0.0,N,,,,,,
61.4600538,-160.6392202,2012-08-30,1,0,190.0,210.0,,Pastick,,0.0,N,,,,,,
61.4620543,-160.6416148,2012-08-30,1,0,170.0,190.0,,Pastick,,0.0,N,,,,,,
61.4625365,-160.6448118,2012-08-30,1,0,100.0,200.0,,Pastick,,0.0,N,,,,,,
61.4609194,-160.641161,2012-08-30,1,0,152.0,200.0,,Pastick,,0.0,N,,,,,,
61.4583476,-160.6399749,2012-08-30,1,0,140.0,160.0,,Pastick,,0.0,N,,,,,,
61.4569662,-160.6413471,2012-08-30,1,0,190.0,210.0,,Pastick,,0.0,N,,,,,,
61.4278644,-160.5782944,2012-08-30,1,0,130.0,200.0,,Pastick,,0.0,N,,,,,,
61.4293346,-160.5777313,2012-08-30,1,0,160.0,200.0,,Pastick,,0.0,N,,,,,,
61.4315267,-160.5768484,2012-08-30,1,0,60.0,200.0,,Pastick,,0.0,N,,,,,,
61.4330175,-160.5768299,2012-08-30,1,0,110.0,200.0,,Pastick,,0.0,N,,,,,,
61.433639,-160.5813048,2012-08-30,1,0,160.0,200.0,,Pastick,,0.0,N,,,,,,
61.4918594,-160.4437183,2012-08-30,1,0,170.0,190.0,,Pastick,,0.0,N,,,,,,
61.3884687,-160.5755396,2012-08-30,1,0,140.0,160.0,,Pastick,,0.0,N,,,,,,
61.3847957,-160.5794543,2012-08-30,1,0,140.0,160.0,,Pastick,,0.0,N,,,,,,
61.5033203,-160.1366804,2012-08-30,1,0,140.0,160.0,,Pastick,,0.0,N,,,,,,
61.498033,-160.1322607,2012-08-30,1,0,140.0,160.0,,Pastick,,0.0,N,,,,,,
61.4959922,-160.1282605,2012-08-30,1,0,152.0,170.0,,Pastick,,0.0,N,,,,,,
61.4930351,-160.124303,2012-08-30,1,0,140.0,160.0,,Pastick,,0.0,N,,,,,,
61.4910543,-160.1217147,2012-08-30,1,0,190.0,210.0,,Pastick,,0.0,N,,,,,,
61.4881044,-160.1190545,2012-08-30,1,0,190.0,210.0,,Pastick,,0.0,N,,,,,,
61.485993,-160.1159554,2012-08-30,1,0,190.0,210.0,,Pastick,,0.0,N,,,,,,
61.4990416,-160.1329737,2012-08-30,1,0,140.0,160.0,,Pastick,,0.0,N,,,,,,
61.5671277,-160.3379522,2012-08-30,1,0,80.0,100.0,,Pastick,,0.0,N,,,,,,
61.5689294,-160.3391784,2012-08-30,1,0,190.0,210.0,,Pastick,,0.0,N,,,,,,
61.5657548,-160.3442756,2012-08-30,1,0,40.0,60.0,,Pastick,,0.0,N,,,,,,
61.5710946,-160.3417762,2012-08-30,1,0,40.0,60.0,,Pastick,,0.0,N,,,,,,
61.7257246,-158.1956338,2012-08-30,1,0,60.0,200.0,,Pastick,,0.0,N,,,,,,
61.7257026,-158.1918875,2012-08-30,1,0,60.0,200.0,,Pastick,,0.0,N,,,,,,
61.7266142,-158.1896685,2012-08-30,1,0,55.0,200.0,,Pastick,,0.0,N,,,,,,
61.7253931,-158.1866161,2012-08-30,1,0,80.0,150.0,,Pastick,,0.0,N,,,,,,
61.7513141,-158.1917087,2012-08-30,1,0,30.0,75.0,,Pastick,,0.0,N,,,,,,
61.7513862,-158.1948128,2012-08-30,1,0,125.0,200.0,,Pastick,,0.0,N,,,,,,
61.7516649,-158.1994835,2012-08-30,1,0,50.0,200.0,,Pastick,,0.0,N,,,,,,
61.7530551,-158.2054325,2012-08-30,1,0,45.0,60.0,,Pastick,,0.0,N,,,,,,
61.7530503,-158.2092585,2012-08-30,1,0,60.0,200.0,,Pastick,,0.0,N,,,,,,
61.7393055,-158.1608428,2012-08-30,1,0,22.0,110.0,,Pastick,,0.0,N,,,,,,
61.7423414,-158.1566894,2012-08-30,1,0,90.0,110.0,,Pastick,,0.0,N,,,,,,
61.744286,-158.153209,2012-08-30,1,0,25.0,100.0,,Pastick,,0.0,N,,,,,,
61.7379088,-158.159991,2012-08-30,1,0,70.0,90.0,,Pastick,,0.0,N,,,,,,
61.7380186,-158.1632631,2012-08-30,1,0,160.0,200.0,,Pastick,,0.0,N,,,,,,
61.7388072,-158.1674634,2012-08-30,1,0,10.0,200.0,,Pastick,,0.0,N,,,,,,
61.7083298,-158.2451652,2012-08-30,1,0,130.0,200.0,,Pastick,,0.0,N,,,,,,
61.7099941,-158.2458054,2012-08-30,1,0,152.0,200.0,,Pastick,,0.0,N,,,,,,
61.7145617,-158.2470937,2012-08-30,1,0,130.0,150.0,,Pastick,,0.0,N,,,,,,
61.6784675,-158.2157955,2012-08-30,1,0,3.0,50.0,,Pastick,,0.0,N,,,,,,
61.6805115,-158.1982463,2012-08-30,1,0,55.0,150.0,,Pastick,,0.0,N,,,,,,
61.6810696,-158.203107,2012-08-30,1,0,76.0,76.0,,Pastick,,0.0,N,,,,,,
61.6320706,-158.293019,2012-08-30,1,0,85.0,200.0,,Pastick,,0.0,N,,,,,,
61.6329155,-158.3001878,2012-08-30,1,0,120.0,200.0,,Pastick,,0.0,N,,,,,,
61.6587189,-158.2747555,2012-08-30,1,0,75.0,200.0,,Pastick,,0.0,N,,,,,,
61.6590975,-158.2784476,2012-08-30,1,0,26.0,200.0,,Pastick,,0.0,N,,,,,,
61.3257041,-157.1768399,2012-08-30,1,0,47.0,200.0,,Pastick,,0.0,N,,,,,,
61.3225838,-157.1785346,2012-08-30,1,0,43.0,43.0,,Pastick,,0.0,N,,,,,,
61.3119657,-157.2011529,2012-08-30,1,0,120.0,120.0,,Pastick,,0.0,N,,,,,,
61.3115259,-157.2147751,2012-08-30,1,0,69.0,200.0,,Pastick,,0.0,N,,,,,,
61.3130953,-157.2242116,2012-08-30,1,0,125.0,200.0,,Pastick,,0.0,N,,,,,,
61.3513014,-157.0761963,2012-08-30,1,0,73.0,200.0,,Pastick,,0.0,N,,,,,,
61.3517984,-157.0834035,2012-08-30,1,0,95.0,200.0,,Pastick,,0.0,N,,,,,,
61.3535007,-157.0978315,2012-08-30,1,0,190.0,200.0,,Pastick,,0.0,N,,,,,,
61.3540512,-157.1018753,2012-08-30,1,0,75.0,200.0,,Pastick,,0.0,N,,,,,,
61.3544721,-157.1114634,2012-08-30,1,0,51.0,125.0,,Pastick,,0.0,N,,,,,,
61.3554335,-157.1166799,2012-08-30,1,0,120.0,150.0,,Pastick,,0.0,N,,,,,,
61.5212014,-156.9501874,2012-08-30,1,0,130.0,150.0,,Pastick,,0.0,N,,,,,,
61.5233918,-156.9429721,2012-08-30,1,0,152.0,200.0,,Pastick,,0.0,N,,,,,,
61.5258673,-156.9391974,2012-08-30,1,0,165.0,200.0,,Pastick,,0.0,N,,,,,,
61.5276502,-156.9341702,2012-08-30,1,0,70.0,200.0,,Pastick,,0.0,N,,,,,,
61.5299654,-156.930499,2012-08-30,1,0,60.0,200.0,,Pastick,,0.0,N,,,,,,
61.5319961,-156.9288026,2012-08-30,1,0,170.0,200.0,,Pastick,,0.0,N,,,,,,
61.5347732,-156.9259838,2012-08-30,1,0,40.0,200.0,,Pastick,,0.0,N,,,,,,
61.3754413,-157.031722,2012-08-30,1,0,55.0,180.0,,Pastick,,0.0,N,,,,,,
61.4381244,-157.0455131,2012-08-30,1,0,190.0,200.0,,Pastick,,0.0,N,,,,,,
61.3140363,-159.9513399,2012-08-30,1,0,0.0,150.0,,Pastick,,0.0,N,,,,,,
61.3146689,-159.9634981,2012-08-30,1,0,35.0,150.0,,Pastick,,0.0,N,,,,,,
61.3195721,-159.974669,2012-08-30,1,0,100.0,200.0,,Pastick,,0.0,N,,,,,,
61.2989275,-160.184102,2012-08-30,1,0,80.0,100.0,,Pastick,,0.0,N,,,,,,
61.2987774,-160.1868964,2012-08-30,1,0,65.0,80.0,,Pastick,,0.0,N,,,,,,
61.2982885,-160.1935045,2012-08-30,1,0,80.0,150.0,,Pastick,,0.0,N,,,,,,
61.2886259,-160.2308886,2012-08-30,1,0,85.0,130.0,,Pastick,,0.0,N,,,,,,
61.2582652,-159.0290235,2012-08-30,1,0,90.0,100.0,,Pastick,,0.0,N,,,,,,
61.256089,-159.0426842,2012-08-30,1,0,80.0,110.0,,Pastick,,0.0,N,,,,,,
61.7759122,-159.6826269,2012-08-30,1,0,120.0,125.0,,Pastick,,0.0,N,,,,,,
61.7790813,-159.6716838,2012-08-30,1,0,50.0,65.0,,Pastick,,0.0,N,,,,,,
61.4373024,-159.0755896,2012-08-30,1,0,80.0,100.0,,Pastick,,0.0,N,,,,,,
60.9936019,-158.9732886,2012-08-30,1,0,36.0,67.0,,Pastick,,0.0,N,,,,,,
60.9940702,-158.9814589,2012-08-30,1,0,80.0,110.0,,Pastick,,0.0,N,,,,,,
60.9960375,-158.9953228,2012-08-30,1,0,50.0,90.0,,Pastick,,0.0,N,,,,,,
60.9964146,-159.0049545,2012-08-30,1,0,65.0,200.0,,Pastick,,0.0,N,,,,,,
60.9981732,-159.0171754,2012-08-30,1,0,110.0,180.0,,Pastick,,0.0,N,,,,,,
60.9975873,-159.030856,2012-08-30,1,0,38.0,110.0,,Pastick,,0.0,N,,,,,,
60.9984993,-159.044039,2012-08-30,1,0,52.0,150.0,,Pastick,,0.0,N,,,,,,
60.9993683,-159.049402,2012-08-30,1,0,60.0,90.0,,Pastick,,0.0,N,,,,,,
60.9996182,-159.053396,2012-08-30,1,0,47.0,60.0,,Pastick,,0.0,N,,,,,,
61.4630687,-157.4067881,2012-08-30,1,0,20.0,50.0,,Pastick,,0.0,N,,,,,,
61.4618286,-157.4067013,2012-08-30,1,0,60.0,999.0,,Pastick,,0.0,N,,,,,,
61.4611656,-157.401462,2012-08-30,1,0,40.0,60.0,,Pastick,,0.0,N,,,,,,
61.457658,-157.398677,2012-08-30,1,0,70.0,90.0,,Pastick,,0.0,N,,,,,,
61.4549483,-157.3942757,2012-08-30,1,0,60.0,90.0,,Pastick,,0.0,N,,,,,,
61.4504278,-157.3833089,2012-08-30,1,0,50.0,150.0,,Pastick,,0.0,N,,,,,,
61.4492857,-157.3763711,2012-08-30,1,0,31.0,65.0,,Pastick,,0.0,N,,,,,,
61.4452673,-157.3707093,2012-08-30,1,0,60.0,120.0,,Pastick,,0.0,N,,,,,,
61.4428958,-157.3631436,2012-08-30,1,0,35.0,150.0,,Pastick,,0.0,N,,,,,,
61.4388361,-157.360375,2013-06-18,1,0,42.0,999.0,,Pastick,,0.0,N,,,,,,
61.1418449,-157.8065542,2012-08-30,1,0,50.0,200.0,,Pastick,,0.0,N,,,,,,
61.1414866,-157.7995468,2012-08-30,1,0,175.0,999.0,,Pastick,,0.0,N,,,,,,
61.1423538,-157.7900594,2012-08-30,1,0,110.0,200.0,,Pastick,,0.0,N,,,,,,
61.1429264,-157.7808244,2012-08-30,1,0,52.0,120.0,,Pastick,,0.0,N,,,,,,
61.1432683,-157.7729539,2012-08-30,1,0,90.0,105.0,,Pastick,,0.0,N,,,,,,
61.1433127,-157.7650021,2012-08-30,1,0,75.0,200.0,,Pastick,,0.0,N,,,,,,
61.1489396,-158.0019126,2012-08-30,1,0,175.0,999.0,,Pastick,,0.0,N,,,,,,
61.1469616,-157.9942658,2012-08-30,1,0,50.0,70.0,,Pastick,,0.0,N,,,,,,
61.1442961,-157.9895954,2012-08-30,1,0,80.0,100.0,,Pastick,,0.0,N,,,,,,
61.3596661,-157.8199251,2012-08-30,1,0,65.0,90.0,,Pastick,,0.0,N,,,,,,
61.1940372,-158.5711681,2012-08-30,1,0,12.0,60.0,,Pastick,,0.0,N,,,,,,
61.1903226,-158.5690237,2012-08-30,1,0,47.0,65.0,,Pastick,,0.0,N,,,,,,
61.1857515,-158.568584,2012-08-30,1,0,48.0,140.0,,Pastick,,0.0,N,,,,,,
61.1817217,-158.5661658,2012-08-30,1,0,62.0,110.0,,Pastick,,0.0,N,,,,,,
61.1761592,-158.5645317,2012-08-30,1,0,125.0,150.0,,Pastick,,0.0,N,,,,,,
61.1726963,-158.5625345,2012-08-30,1,0,20.0,150.0,,Pastick,,0.0,N,,,,,,
61.1698794,-158.5604172,2012-08-30,1,0,60.0,999.0,,Pastick,,0.0,N,,,,,,
61.1669795,-158.5576324,2012-08-30,1,0,25.0,60.0,,Pastick,,0.0,N,,,,,,
61.1639082,-158.5573594,2012-08-30,1,0,67.0,999.0,,Pastick,,0.0,N,,,,,,
61.1593163,-158.558836,2012-08-30,1,0,49.0,999.0,,Pastick,,0.0,N,,,,,,
61.1577006,-158.5617016,2012-08-30,1,0,47.0,999.0,,Pastick,,0.0,N,,,,,,
61.6991604,-158.3401505,2012-08-30,1,0,63.0,999.0,,Pastick,,0.0,N,,,,,,
61.701627,-158.3378478,2012-08-30,1,0,35.0,95.0,,Pastick,,0.0,N,,,,,,
61.702192,-158.332182,2012-08-30,1,0,66.0,110.0,,Pastick,,0.0,N,,,,,,
61.7066706,-158.3319717,2012-08-30,1,0,89.0,999.0,,Pastick,,0.0,N,,,,,,
61.7088605,-158.3300141,2012-08-30,1,0,79.0,999.0,,Pastick,,0.0,N,,,,,,
61.7103065,-158.3301341,2012-08-30,1,0,48.0,72.0,,Pastick,,0.0,N,,,,,,
61.7138144,-158.3278637,2012-08-30,1,0,98.0,999.0,,Pastick,,0.0,N,,,,,,
61.7155379,-158.3259913,2012-08-30,1,0,48.0,150.0,,Pastick,,0.0,N,,,,,,
61.7176391,-158.3260968,2012-08-30,1,0,68.0,999.0,,Pastick,,0.0,N,,,,,,
61.7209474,-158.3252299,2012-08-30,1,0,47.0,999.0,,Pastick,,0.0,N,,,,,,
61.9166551,-159.0350341,2012-08-30,1,0,52.0,84.0,,Pastick,,0.0,N,,,,,,
61.7779932,-158.7457064,2012-08-30,1,0,152.0,200.0,,Pastick,,0.0,N,,,,,,
61.8600738,-158.4844817,2012-08-30,1,0,85.0,999.0,,Pastick,,0.0,N,,,,,,
61.8633843,-158.4815369,2012-08-30,1,0,60.0,90.0,,Pastick,,0.0,N,,,,,,
61.7152229,-159.1540514,2012-08-30,1,0,40.0,80.0,,Pastick,,0.0,N,,,,,,
61.7191478,-159.1523116,2012-08-30,1,0,85.0,200.0,,Pastick,,0.0,N,,,,,,
61.7243047,-159.1485527,2012-08-30,1,0,65.0,85.0,,Pastick,,0.0,N,,,,,,
61.7268505,-159.1435125,2012-08-30,1,0,40.0,100.0,,Pastick,,0.0,N,,,,,,
61.7265713,-159.1356393,2012-08-30,1,0,65.0,130.0,,Pastick,,0.0,N,,,,,,
61.7826564,-160.3522773,2012-08-30,1,0,120.0,200.0,,Pastick,,0.0,N,,,,,,
61.7821495,-160.3689967,2012-08-30,1,0,70.0,200.0,,Pastick,,0.0,N,,,,,,
61.78098,-160.3764147,2012-08-30,1,0,100.0,200.0,,Pastick,,0.0,N,,,,,,
61.565305,-158.1353498,2012-08-30,1,0,70.0,999.0,,Pastick,,0.0,N,,,,,,
61.7835795,-159.6623216,2012-08-30,1,0,130.0,150.0,,Pastick,,0.0,N,,,,,,
61.7823213,-159.6588821,2012-08-30,1,0,14.0,150.0,,Pastick,,0.0,N,,,,,,
61.7836514,-159.671537,2012-08-30,1,0,56.0,200.0,,Pastick,,0.0,N,,,,,,
61.1378349,-157.9816491,2012-08-30,1,0,24.0,200.0,,Pastick,,0.0,N,,,,,,
61.1251762,-157.9558629,2012-08-30,1,0,60.0,75.0,,Pastick,,0.0,N,,,,,,
61.8694268,-158.4770812,2012-08-30,1,0,90.0,200.0,,Pastick,,0.0,N,,,,,,
61.8731943,-158.4739748,2012-08-30,1,0,130.0,200.0,,Pastick,,0.0,N,,,,,,
61.5738629,-158.134283,2012-08-30,1,0,45.0,999.0,,Pastick,,0.0,N,,,,,,
61.797212,-159.0270839,2012-08-30,1,0,90.0,120.0,,Pastick,,0.0,N,,,,,,
61.7985625,-159.0460712,2012-08-30,1,0,65.0,120.0,,Pastick,,0.0,N,,,,,,
61.8052846,-159.0504446,2012-08-30,1,0,85.0,100.0,,Pastick,,0.0,N,,,,,,
61.8107494,-159.0559752,2012-08-30,1,0,70.0,110.0,,Pastick,,0.0,N,,,,,,
61.8178732,-159.0646426,2012-08-30,1,0,152.0,200.0,,Pastick,,0.0,N,,,,,,
61.8253759,-159.0684362,2012-08-30,1,0,152.0,200.0,,Pastick,,0.0,N,,,,,,
61.5773309,-158.1276324,2012-08-30,1,0,54.0,70.0,,Pastick,,0.0,N,,,,,,
61.5804692,-158.1228166,2012-08-30,1,0,82.0,94.0,,Pastick,,0.0,N,,,,,,
61.1409356,-159.9538541,2012-08-30,1,0,78.0,150.0,,Pastick,,0.0,N,,,,,,
61.1397478,-159.950401,2012-08-30,1,0,112.0,150.0,,Pastick,,0.0,N,,,,,,
61.138216,-159.9434836,2012-08-30,1,0,58.0,96.0,,Pastick,,0.0,N,,,,,,
61.1515388,-159.8046328,2012-08-30,1,0,84.0,150.0,,Pastick,,0.0,N,,,,,,
61.148935,-159.800108,2012-08-30,1,0,105.0,150.0,,Pastick,,0.0,N,,,,,,
61.1488819,-159.7923414,2012-08-30,1,0,165.0,200.0,,Pastick,,0.0,N,,,,,,
61.1459094,-159.7801001,2012-08-30,1,0,65.0,150.0,,Pastick,,0.0,N,,,,,,
61.1386716,-159.764619,2012-08-30,1,0,62.0,150.0,,Pastick,,0.0,N,,,,,,
61.1922718,-159.2163191,2012-08-30,1,0,80.0,150.0,,Pastick,,0.0,N,,,,,,
61.1929348,-159.205646,2012-08-30,1,0,51.0,150.0,,Pastick,,0.0,N,,,,,,
61.1935845,-159.1973908,2012-08-30,1,0,41.0,150.0,,Pastick,,0.0,N,,,,,,
61.1946882,-159.1850452,2012-08-30,1,0,98.0,150.0,,Pastick,,0.0,N,,,,,,
61.1954254,-159.1706131,2012-08-30,1,0,83.0,150.0,,Pastick,,0.0,N,,,,,,
61.1961828,-159.1605524,2012-08-30,1,0,120.0,150.0,,Pastick,,0.0,N,,,,,,
61.550463,-158.8508674,2012-08-30,1,0,22.0,80.0,,Pastick,,0.0,N,,,,,,
61.3509738,-160.5456052,2012-08-30,1,0,60.0,80.0,,Pastick,,0.0,N,,,,,,
61.3491811,-160.5555578,2012-08-30,1,0,40.0,60.0,,Pastick,,0.0,N,,,,,,
61.3480944,-160.5610571,2012-08-30,1,0,40.0,60.0,,Pastick,,0.0,N,,,,,,
61.3477262,-160.5735288,2012-08-30,1,0,40.0,60.0,,Pastick,,0.0,N,,,,,,
61.3483169,-160.5821969,2012-08-30,1,0,140.0,160.0,,Pastick,,0.0,N,,,,,,
61.2734912,-160.5652425,2012-08-30,1,0,140.0,160.0,,Pastick,,0.0,N,,,,,,
61.2750239,-160.5654867,2012-08-30,1,0,40.0,60.0,,Pastick,,0.0,N,,,,,,
61.2767066,-160.5675106,2012-08-30,1,0,50.0,60.0,,Pastick,,0.0,N,,,,,,
61.2793862,-160.5695099,2012-08-30,1,0,50.0,60.0,,Pastick,,0.0,N,,,,,,
61.283113,-160.5725882,2012-08-30,1,0,29.0,54.0,,Pastick,,0.0,N,,,,,,
61.2854481,-160.5733208,2012-08-30,1,0,40.0,60.0,,Pastick,,0.0,N,,,,,,
61.2888989,-160.57773,2012-08-30,1,0,40.0,60.0,,Pastick,,0.0,N,,,,,,
61.4755895,-160.5657653,2012-08-30,1,0,140.0,160.0,,Pastick,,0.0,N,,,,,,
61.4791502,-160.5637661,2012-08-30,1,0,170.0,190.0,,Pastick,,0.0,N,,,,,,
61.4804069,-160.5622331,2012-08-30,1,0,126.0,200.0,,Pastick,,0.0,N,,,,,,
61.4833477,-160.5602584,2012-08-30,1,0,140.0,160.0,,Pastick,,0.0,N,,,,,,
61.4857501,-160.556679,2012-08-30,1,0,66.0,190.0,,Pastick,,0.0,N,,,,,,
61.4879617,-160.5564326,2012-08-30,1,0,140.0,160.0,,Pastick,,0.0,N,,,,,,
61.1415683,-159.7715238,2012-08-30,1,0,53.0,150.0,,Pastick,,0.0,N,,,,,,
61.1402707,-159.7692078,2012-08-30,1,0,82.0,150.0,,Pastick,,0.0,N,,,,,,
61.4225257,-160.5771814,2012-08-30,1,0,100.0,190.0,,Pastick,,0.0,N,,,,,,
61.4169874,-160.5778014,2012-08-30,1,0,17.0,190.0,,Pastick,,0.0,N,,,,,,
61.4198825,-160.5766919,2012-08-30,1,0,100.0,190.0,,Pastick,,0.0,N,,,,,,
61.4185168,-160.5767729,2012-08-30,1,0,152.0,190.0,,Pastick,,0.0,N,,,,,,
61.4173029,-160.5753625,2012-08-30,1,0,152.0,190.0,,Pastick,,0.0,N,,,,,,
61.4747471,-160.380318,2012-08-30,1,0,140.0,160.0,,Pastick,,0.0,N,,,,,,
61.4735979,-160.3794224,2012-08-30,1,0,140.0,160.0,,Pastick,,0.0,N,,,,,,
61.489727,-160.450907,2012-08-30,1,0,140.0,160.0,,Pastick,,0.0,N,,,,,,
61.4889739,-160.4524872,2012-08-30,1,0,140.0,160.0,,Pastick,,0.0,N,,,,,,
61.4020683,-160.6156892,2012-08-30,1,0,140.0,160.0,,Pastick,,0.0,N,,,,,,
61.4003994,-160.6087668,2012-08-30,1,0,140.0,160.0,,Pastick,,0.0,N,,,,,,
61.4667918,-160.2313252,2012-08-30,1,0,170.0,190.0,,Pastick,,0.0,N,,,,,,
61.4660337,-160.2247831,2012-08-30,1,0,140.0,160.0,,Pastick,,0.0,N,,,,,,
61.4629531,-160.2208904,2012-08-30,1,0,40.0,60.0,,Pastick,,0.0,N,,,,,,
61.4606623,-160.216016,2012-08-30,1,0,40.0,60.0,,Pastick,,0.0,N,,,,,,
61.4572751,-160.2132574,2012-08-30,1,0,154.0,200.0,,Pastick,,0.0,N,,,,,,
61.456371,-160.2119465,2012-08-30,1,0,40.0,60.0,,Pastick,,0.0,N,,,,,,
61.4548249,-160.2151695,2012-08-30,1,0,140.0,160.0,,Pastick,,0.0,N,,,,,,
61.5619735,-160.3334192,2012-08-30,1,0,40.0,60.0,,Pastick,,0.0,N,,,,,,
61.5618252,-160.3292901,2012-08-30,1,0,40.0,60.0,,Pastick,,0.0,N,,,,,,
61.5613359,-160.3260501,2012-08-30,1,0,40.0,60.0,,Pastick,,0.0,N,,,,,,
61.5628517,-160.3206553,2012-08-30,1,0,40.0,60.0,,Pastick,,0.0,N,,,,,,
61.5584961,-160.3123762,2012-08-30,1,0,140.0,160.0,,Pastick,,0.0,N,,,,,,
61.718745,-158.2026076,2012-08-30,1,0,60.0,200.0,,Pastick,,0.0,N,,,,,,
61.7177389,-158.1994174,2012-08-30,1,0,100.0,200.0,,Pastick,,0.0,N,,,,,,
61.7165559,-158.1966861,2012-08-30,1,0,100.0,200.0,,Pastick,,0.0,N,,,,,,
61.7155602,-158.193761,2012-08-30,1,0,20.0,40.0,,Pastick,,0.0,N,,,,,,
61.7475277,-158.1920541,2012-08-30,1,0,120.0,200.0,,Pastick,,0.0,N,,,,,,
61.7474141,-158.1956361,2012-08-30,1,0,60.0,200.0,,Pastick,,0.0,N,,,,,,
61.7471765,-158.1995243,2012-08-30,1,0,100.0,200.0,,Pastick,,0.0,N,,,,,,
61.735687,-158.1505299,2012-08-30,1,0,80.0,90.0,,Pastick,,0.0,N,,,,,,
61.735219,-158.1488959,2012-08-30,1,0,70.0,80.0,,Pastick,,0.0,N,,,,,,
61.7330006,-158.1315623,2012-08-30,1,0,50.0,150.0,,Pastick,,0.0,N,,,,,,
61.7075856,-158.2420818,2012-08-30,1,0,88.0,200.0,,Pastick,,0.0,N,,,,,,
61.7108369,-158.2488868,2012-08-30,1,0,76.0,90.0,,Pastick,,0.0,N,,,,,,
61.7190682,-158.2503514,2012-08-30,1,0,49.0,100.0,,Pastick,,0.0,N,,,,,,
61.6384508,-158.2702485,2012-08-30,1,0,60.0,80.0,,Pastick,,0.0,N,,,,,,
61.6367964,-158.2680986,2012-08-30,1,0,50.0,70.0,,Pastick,,0.0,N,,,,,,
61.6108074,-158.2991031,2012-08-30,1,0,58.0,200.0,,Pastick,,0.0,N,,,,,,
61.644124,-158.2803252,2012-08-30,1,0,65.0,200.0,,Pastick,,0.0,N,,,,,,
61.6442029,-158.2868158,2012-08-30,1,0,75.0,200.0,,Pastick,,0.0,N,,,,,,
61.6452672,-158.2877728,2012-08-30,1,0,50.0,200.0,,Pastick,,0.0,N,,,,,,
61.6470319,-158.2904879,2012-08-30,1,0,44.0,200.0,,Pastick,,0.0,N,,,,,,
61.6472413,-158.2927859,2012-08-30,1,0,60.0,80.0,,Pastick,,0.0,N,,,,,,
61.5937775,-158.450303,2012-08-30,1,0,30.0,100.0,,Pastick,,0.0,N,,,,,,
61.3238898,-157.1768145,2012-08-30,1,0,52.0,80.0,,Pastick,,0.0,N,,,,,,
61.3132863,-157.1836503,2012-08-30,1,0,27.0,999.0,,Pastick,,0.0,N,,,,,,
61.3136668,-157.1913052,2012-08-30,1,0,100.0,140.0,,Pastick,,0.0,N,,,,,,
61.3118681,-157.2093952,2012-08-30,1,0,60.0,100.0,,Pastick,,0.0,N,,,,,,
61.317232,-157.2143945,2012-08-30,1,0,56.0,140.0,,Pastick,,0.0,N,,,,,,
61.4222223,-157.0556738,2012-08-30,1,0,56.0,200.0,,Pastick,,0.0,N,,,,,,
61.4218588,-157.0578895,2012-08-30,1,0,145.0,200.0,,Pastick,,0.0,N,,,,,,
61.4152181,-157.0873865,2012-08-30,1,0,70.0,200.0,,Pastick,,0.0,N,,,,,,
61.4131833,-157.0831823,2012-08-30,1,0,120.0,200.0,,Pastick,,0.0,N,,,,,,
61.4125621,-157.0773366,2012-08-30,1,0,100.0,200.0,,Pastick,,0.0,N,,,,,,
61.4084062,-157.067325,2012-08-30,1,0,54.0,200.0,,Pastick,,0.0,N,,,,,,
61.516489,-157.0017881,2012-08-30,1,0,125.0,180.0,,Pastick,,0.0,N,,,,,,
61.51911,-156.9998712,2012-08-30,1,0,75.0,200.0,,Pastick,,0.0,N,,,,,,
61.5213955,-157.0020184,2012-08-30,1,0,125.0,200.0,,Pastick,,0.0,N,,,,,,
61.5246359,-156.9988577,2012-08-30,1,0,160.0,200.0,,Pastick,,0.0,N,,,,,,
61.5202538,-157.0000985,2012-08-30,1,0,79.0,200.0,,Pastick,,0.0,N,,,,,,
61.3752644,-157.0449842,2012-08-30,1,0,80.0,140.0,,Pastick,,0.0,N,,,,,,
61.3775384,-157.0451229,2012-08-30,1,0,135.0,180.0,,Pastick,,0.0,N,,,,,,
61.380089,-157.0457685,2012-08-30,1,0,125.0,190.0,,Pastick,,0.0,N,,,,,,
61.4466631,-157.0497995,2012-08-30,1,0,70.0,190.0,,Pastick,,0.0,N,,,,,,
61.7615531,-159.877673,2012-08-30,1,0,55.0,62.0,,Pastick,,0.0,N,,,,,,
61.7631273,-159.8771874,2012-08-30,1,0,69.0,70.0,,Pastick,,0.0,N,,,,,,
61.7694417,-159.8667739,2012-08-30,1,0,50.0,70.0,,Pastick,,0.0,N,,,,,,
61.769053,-159.8368217,2012-08-30,1,0,50.0,75.0,,Pastick,,0.0,N,,,,,,
61.7714019,-159.8284711,2012-08-30,1,0,42.0,80.0,,Pastick,,0.0,N,,,,,,
61.7743399,-159.8130653,2012-08-30,1,0,60.0,150.0,,Pastick,,0.0,N,,,,,,
61.7745574,-159.8050916,2012-08-30,1,0,90.0,125.0,,Pastick,,0.0,N,,,,,,
61.3585612,-158.9413372,2012-08-30,1,0,51.0,84.0,,Pastick,,0.0,N,,,,,,
61.3597988,-158.9383988,2012-08-30,1,0,32.0,60.0,,Pastick,,0.0,N,,,,,,
61.3624849,-158.9095354,2012-08-30,1,0,42.0,75.0,,Pastick,,0.0,N,,,,,,
60.8938585,-159.1708615,2012-08-30,1,0,45.0,70.0,,Pastick,,0.0,N,,,,,,
60.8994794,-159.1703387,2012-08-30,1,0,45.0,80.0,,Pastick,,0.0,N,,,,,,
60.9067527,-159.169511,2012-08-30,1,0,53.0,85.0,,Pastick,,0.0,N,,,,,,
60.9123079,-159.164009,2012-08-30,1,0,80.0,100.0,,Pastick,,0.0,N,,,,,,
60.924984,-159.1647382,2012-08-30,1,0,86.0,115.0,,Pastick,,0.0,N,,,,,,
60.9340589,-159.1662611,2012-08-30,1,0,37.0,75.0,,Pastick,,0.0,N,,,,,,
60.9398735,-159.1614749,2012-08-30,1,0,30.0,100.0,,Pastick,,0.0,N,,,,,,
60.9453805,-159.1585496,2012-08-30,1,0,50.0,70.0,,Pastick,,0.0,N,,,,,,
61.4383994,-157.599275,2012-08-30,1,0,25.0,75.0,,Pastick,,0.0,N,,,,,,
61.4360491,-157.5986117,2012-08-30,1,0,40.0,70.0,,Pastick,,0.0,N,,,,,,
61.4330367,-157.6007903,2012-08-30,1,0,55.0,80.0,,Pastick,,0.0,N,,,,,,
61.4308081,-157.6032335,2012-08-30,1,0,31.0,75.0,,Pastick,,0.0,N,,,,,,
61.4236967,-157.6075997,2012-08-30,1,0,36.0,110.0,,Pastick,,0.0,N,,,,,,
61.4219635,-157.6093261,2012-08-30,1,0,58.0,58.0,,Pastick,,0.0,N,,,,,,
61.3131432,-157.5295078,2012-08-30,1,0,56.0,153.0,,Pastick,,0.0,N,,,,,,
61.3084975,-157.5200897,2012-08-30,1,0,128.0,150.0,,Pastick,,0.0,N,,,,,,
61.3014308,-157.5143177,2012-08-30,1,0,50.0,152.0,,Pastick,,0.0,N,,,,,,
61.2920177,-157.5026125,2012-08-30,1,0,90.0,160.0,,Pastick,,0.0,N,,,,,,
61.288017,-157.4924272,2012-08-30,1,0,55.0,80.0,,Pastick,,0.0,N,,,,,,
61.2823306,-157.4761126,2012-08-30,1,0,48.0,80.0,,Pastick,,0.0,N,,,,,,
61.2797163,-157.471202,2012-08-30,1,0,19.0,45.0,,Pastick,,0.0,N,,,,,,
60.9996519,-157.9359114,2012-08-30,1,0,135.0,200.0,,Pastick,,0.0,N,,,,,,
61.0008463,-157.9190073,2012-08-30,1,0,72.0,180.0,,Pastick,,0.0,N,,,,,,
61.0006848,-157.9056621,2012-08-30,1,0,38.0,150.0,,Pastick,,0.0,N,,,,,,
61.0007289,-157.8923653,2012-08-30,1,0,35.0,200.0,,Pastick,,0.0,N,,,,,,
60.9989467,-157.8669661,2012-08-30,1,0,78.0,100.0,,Pastick,,0.0,N,,,,,,
60.9989109,-157.8552814,2012-08-30,1,0,100.0,200.0,,Pastick,,0.0,N,,,,,,
60.9972247,-157.8439156,2012-08-30,1,0,125.0,200.0,,Pastick,,0.0,N,,,,,,
61.3611106,-157.8187672,2012-08-30,1,0,70.0,90.0,,Pastick,,0.0,N,,,,,,
61.3594415,-157.8178388,2012-08-30,1,0,175.0,200.0,,Pastick,,0.0,N,,,,,,
61.104123,-158.4516055,2012-08-30,1,0,37.0,75.0,,Pastick,,0.0,N,,,,,,
61.1077416,-158.4539361,2012-08-30,1,0,48.0,102.0,,Pastick,,0.0,N,,,,,,
61.1125082,-158.4537611,2012-08-30,1,0,67.0,125.0,,Pastick,,0.0,N,,,,,,
61.1163613,-158.4563854,2012-08-30,1,0,68.0,125.0,,Pastick,,0.0,N,,,,,,
61.118691,-158.4597231,2012-08-30,1,0,65.0,80.0,,Pastick,,0.0,N,,,,,,
61.122267,-158.462669,2012-08-30,1,0,56.0,90.0,,Pastick,,0.0,N,,,,,,
61.126812,-158.4609582,2012-08-30,1,0,44.0,85.0,,Pastick,,0.0,N,,,,,,
61.1347342,-158.4596162,2012-08-30,1,0,44.0,80.0,,Pastick,,0.0,N,,,,,,
61.1408518,-158.4605146,2012-08-30,1,0,170.0,180.0,,Pastick,,0.0,N,,,,,,
61.690301,-158.5324702,2012-08-30,1,0,79.0,90.0,,Pastick,,0.0,N,,,,,,
61.6883379,-158.5359774,2012-08-30,1,0,49.0,80.0,,Pastick,,0.0,N,,,,,,
61.6866535,-158.5264588,2012-08-30,1,0,47.0,80.0,,Pastick,,0.0,N,,,,,,
61.680151,-158.5229873,2012-08-30,1,0,60.0,95.0,,Pastick,,0.0,N,,,,,,
61.6748259,-158.5250908,2012-08-30,1,0,78.0,100.0,,Pastick,,0.0,N,,,,,,
61.8980311,-159.1806965,2012-08-30,1,0,61.0,80.0,,Pastick,,0.0,N,,,,,,
61.8941218,-159.1699997,2012-08-30,1,0,54.0,70.0,,Pastick,,0.0,N,,,,,,
61.8884967,-159.1597723,2012-08-30,1,0,70.0,150.0,,Pastick,,0.0,N,,,,,,
61.8826098,-159.1501369,2012-08-30,1,0,67.0,102.0,,Pastick,,0.0,N,,,,,,
61.8765095,-159.1378422,2012-08-30,1,0,76.0,115.0,,Pastick,,0.0,N,,,,,,
61.8749957,-159.1345078,2012-08-30,1,0,28.0,60.0,,Pastick,,0.0,N,,,,,,
61.8698091,-159.1228502,2012-08-30,1,0,46.0,70.0,,Pastick,,0.0,N,,,,,,
61.6282193,-158.6886498,2012-08-30,1,0,56.0,85.0,,Pastick,,0.0,N,,,,,,
61.632976,-158.6920922,2012-08-30,1,0,67.0,85.0,,Pastick,,0.0,N,,,,,,
61.6359807,-158.6949303,2012-08-30,1,0,82.0,100.0,,Pastick,,0.0,N,,,,,,
61.6383072,-158.6955678,2012-08-30,1,0,42.0,65.0,,Pastick,,0.0,N,,,,,,
61.6406674,-158.695186,2012-08-30,1,0,52.0,60.0,,Pastick,,0.0,N,,,,,,
61.6414424,-158.6965182,2012-08-30,1,0,25.0,60.0,,Pastick,,0.0,N,,,,,,
61.9427042,-158.6158391,2012-08-30,1,0,55.0,60.0,,Pastick,,0.0,N,,,,,,
61.9386002,-158.6185201,2012-08-30,1,0,71.0,90.0,,Pastick,,0.0,N,,,,,,
61.7092965,-159.2842335,2012-08-30,1,0,62.0,80.0,,Pastick,,0.0,N,,,,,,
61.7105994,-159.2963689,2012-08-30,1,0,70.0,100.0,,Pastick,,0.0,N,,,,,,
61.7181848,-159.3126165,2012-08-30,1,0,47.0,75.0,,Pastick,,0.0,N,,,,,,
61.5132815,-158.2677335,2012-08-30,1,0,36.0,50.0,,Pastick,,0.0,N,,,,,,
61.5105916,-158.2633617,2012-08-30,1,0,49.0,75.0,,Pastick,,0.0,N,,,,,,
61.5058359,-158.2605055,2012-08-30,1,0,60.0,75.0,,Pastick,,0.0,N,,,,,,
61.5034892,-158.2598472,2012-08-30,1,0,60.0,85.0,,Pastick,,0.0,N,,,,,,
61.500131,-158.258086,2012-08-30,1,0,46.0,150.0,,Pastick,,0.0,N,,,,,,
61.5967156,-159.7527212,2012-08-30,1,0,54.0,75.0,,Pastick,,0.0,N,,,,,,
61.4363246,-160.4789321,2012-08-30,1,0,140.0,160.0,,Pastick,,0.0,N,,,,,,
61.3893147,-159.6627234,2012-08-30,1,0,110.0,180.0,,Pastick,,0.0,N,,,,,,
61.4401233,-160.3235067,2012-08-30,1,0,130.0,170.0,,Pastick,,0.0,N,,,,,,
61.4425794,-160.3155844,2012-08-30,1,0,152.0,190.0,,Pastick,,0.0,N,,,,,,
61.4441975,-160.3088635,2012-08-30,1,0,125.0,190.0,,Pastick,,0.0,N,,,,,,
61.445025,-160.3077729,2012-08-30,1,0,160.0,190.0,,Pastick,,0.0,N,,,,,,
61.5460528,-160.5755036,2012-08-30,1,0,75.0,190.0,,Pastick,,0.0,N,,,,,,
61.5511201,-160.5814441,2012-08-30,1,0,40.0,50.0,,Pastick,,0.0,N,,,,,,
62.1571756,-160.6435449,2012-08-30,1,0,60.0,190.0,,Pastick,,0.0,N,,,,,,
62.1526919,-160.6316901,2012-08-30,1,0,100.0,152.0,,Pastick,,0.0,N,,,,,,
62.1600514,-160.6212207,2012-08-30,1,0,152.0,172.0,,Pastick,,0.0,N,,,,,,
62.1604053,-160.613983,2012-08-30,1,0,140.0,190.0,,Pastick,,0.0,N,,,,,,
62.1618827,-160.6011796,2012-08-30,1,0,160.0,182.0,,Pastick,,0.0,N,,,,,,
62.1619888,-160.5919699,2012-08-30,1,0,43.0,182.0,,Pastick,,0.0,N,,,,,,
62.1618574,-160.5799257,2012-08-30,1,0,67.0,182.0,,Pastick,,0.0,N,,,,,,
62.1637469,-160.5772019,2012-08-30,1,0,65.0,182.0,,Pastick,,0.0,N,,,,,,
61.6183985,-159.9538587,2012-08-30,1,0,64.0,90.0,,Pastick,,0.0,N,,,,,,
61.6220068,-159.9526684,2012-08-30,1,0,68.0,89.0,,Pastick,,0.0,N,,,,,,
61.625636,-159.9549303,2012-08-30,1,0,135.0,190.0,,Pastick,,0.0,N,,,,,,
61.6300074,-159.956329,2012-08-30,1,0,75.0,175.0,,Pastick,,0.0,N,,,,,,
61.6340583,-159.9521899,2012-08-30,1,0,57.0,190.0,,Pastick,,0.0,N,,,,,,
61.6395295,-159.9503578,2012-08-30,1,0,130.0,190.0,,Pastick,,0.0,N,,,,,,
61.643014,-159.9502005,2012-08-30,1,0,64.0,120.0,,Pastick,,0.0,N,,,,,,
61.6477425,-159.953177,2012-08-30,1,0,152.0,182.0,,Pastick,,0.0,N,,,,,,
61.4486097,-158.6143371,2012-08-30,1,0,88.0,167.0,,Pastick,,0.0,N,,,,,,
61.4519549,-158.6068495,2012-08-30,1,0,90.0,110.0,,Pastick,,0.0,N,,,,,,
61.4592666,-158.5899664,2012-08-30,1,0,85.0,101.0,,Pastick,,0.0,N,,,,,,
61.4623168,-158.5833406,2012-08-30,1,0,100.0,126.0,,Pastick,,0.0,N,,,,,,
61.4673171,-158.5717142,2012-08-30,1,0,46.0,59.0,,Pastick,,0.0,N,,,,,,
61.4759664,-158.5561469,2012-08-30,1,0,75.0,130.0,,Pastick,,0.0,N,,,,,,
60.9955721,-158.954671,2012-08-30,1,0,40.0,45.0,,Pastick,,0.0,N,,,,,,
60.9951193,-158.9442823,2012-08-30,1,0,78.0,152.0,,Pastick,,0.0,N,,,,,,
60.996288,-158.9284739,2012-08-30,1,0,48.0,152.0,,Pastick,,0.0,N,,,,,,
60.9942595,-158.9139671,2012-08-30,1,0,50.0,70.0,,Pastick,,0.0,N,,,,,,
60.9954121,-158.9057005,2012-08-30,1,0,110.0,190.0,,Pastick,,0.0,N,,,,,,
60.9979373,-158.8966709,2012-08-30,1,0,60.0,80.0,,Pastick,,0.0,N,,,,,,
60.9983767,-158.8850034,2012-08-30,1,0,40.0,45.0,,Pastick,,0.0,N,,,,,,
60.9928565,-158.876206,2012-08-30,1,0,37.0,67.0,,Pastick,,0.0,N,,,,,,
60.9917958,-158.8748608,2012-08-30,1,0,100.0,110.0,,Pastick,,0.0,N,,,,,,
61.884722,-159.262216,2012-08-30,1,0,35.0,52.0,,Pastick,,0.0,N,,,,,,
61.8873232,-159.2679829,2012-08-30,1,0,70.0,94.0,,Pastick,,0.0,N,,,,,,
61.6014657,-156.5582161,2012-08-30,1,0,120.0,125.0,,Pastick,,0.0,N,,,,,,
61.6014656,-156.5551991,2012-08-30,1,0,75.0,80.0,,Pastick,,0.0,N,,,,,,
61.6025193,-156.5659208,2012-08-30,1,0,100.0,122.0,,Pastick,,0.0,N,,,,,,
61.6040421,-156.5732688,2012-08-30,1,0,110.0,152.0,,Pastick,,0.0,N,,,,,,
61.0974019,-156.6919586,2012-08-30,1,0,50.0,55.0,,Pastick,,0.0,N,,,,,,
61.093197,-156.6976635,2012-08-30,1,0,62.0,75.0,,Pastick,,0.0,N,,,,,,
61.0854495,-156.6989314,2012-08-30,1,0,60.0,100.0,,Pastick,,0.0,N,,,,,,
61.0796045,-156.7027493,2012-08-30,1,0,40.0,60.0,,Pastick,,0.0,N,,,,,,
61.0711069,-156.6974143,2012-08-30,1,0,155.0,182.0,,Pastick,,0.0,N,,,,,,
61.0672606,-156.6983424,2012-08-30,1,0,32.0,65.0,,Pastick,,0.0,N,,,,,,
61.2445956,-156.5360121,2012-08-30,1,0,155.0,192.0,,Pastick,,0.0,N,,,,,,
61.2451061,-156.5433544,2012-08-30,1,0,152.0,192.0,,Pastick,,0.0,N,,,,,,
61.2457056,-156.5521627,2012-08-30,1,0,100.0,192.0,,Pastick,,0.0,N,,,,,,
61.2475009,-156.5720833,2012-08-30,1,0,85.0,125.0,,Pastick,,0.0,N,,,,,,
61.2489283,-156.5911766,2012-08-30,1,0,65.0,152.0,,Pastick,,0.0,N,,,,,,
61.2510966,-156.6065979,2012-08-30,1,0,175.0,192.0,,Pastick,,0.0,N,,,,,,
61.2562623,-156.6250582,2012-08-30,1,0,50.0,63.0,,Pastick,,0.0,N,,,,,,
61.2589054,-156.643732,2012-08-30,1,0,125.0,132.0,,Pastick,,0.0,N,,,,,,
61.269519,-156.6461641,2012-08-30,1,0,50.0,60.0,,Pastick,,0.0,N,,,,,,
60.9764945,-157.4748094,2012-08-30,1,0,60.0,90.0,,Pastick,,0.0,N,,,,,,
60.9843628,-157.4789792,2012-08-30,1,0,60.0,93.0,,Pastick,,0.0,N,,,,,,
60.9978194,-157.4834209,2012-08-30,1,0,110.0,192.0,,Pastick,,0.0,N,,,,,,
61.0022482,-157.481989,2012-08-30,1,0,95.0,192.0,,Pastick,,0.0,N,,,,,,
61.0118349,-157.4784973,2012-08-30,1,0,70.0,93.0,,Pastick,,0.0,N,,,,,,
61.0163843,-157.4758188,2012-08-30,1,0,65.0,192.0,,Pastick,,0.0,N,,,,,,
61.0179046,-157.4713051,2012-08-30,1,0,64.0,96.0,,Pastick,,0.0,N,,,,,,
61.3655692,-156.1717493,2012-08-30,1,0,42.0,192.0,,Pastick,,0.0,N,,,,,,
61.363545,-156.1928373,2012-08-30,1,0,185.0,192.0,,Pastick,,0.0,N,,,,,,
61.3637064,-156.2010951,2012-08-30,1,0,75.0,192.0,,Pastick,,0.0,N,,,,,,
61.360507,-156.2273179,2012-08-30,1,0,100.0,192.0,,Pastick,,0.0,N,,,,,,
61.3570935,-156.2441046,2012-08-30,1,0,57.0,100.0,,Pastick,,0.0,N,,,,,,
61.9812243,-156.7547432,2012-08-30,1,0,65.0,125.0,,Pastick,,0.0,N,,,,,,
61.978573,-156.7546138,2012-08-30,1,0,40.0,70.0,,Pastick,,0.0,N,,,,,,
61.9756442,-156.7556499,2012-08-30,1,0,100.0,192.0,,Pastick,,0.0,N,,,,,,
61.9730514,-156.7558023,2012-08-30,1,0,100.0,152.0,,Pastick,,0.0,N,,,,,,
61.969307,-156.7563828,2012-08-30,1,0,45.0,80.0,,Pastick,,0.0,N,,,,,,
61.9673921,-156.7573631,2012-08-30,1,0,70.0,152.0,,Pastick,,0.0,N,,,,,,
61.963861,-156.7550469,2012-08-30,1,0,45.0,152.0,,Pastick,,0.0,N,,,,,,
61.7629124,-156.2630008,2012-08-30,1,0,80.0,192.0,,Pastick,,0.0,N,,,,,,
61.7627572,-156.25928,2012-08-30,1,0,65.0,192.0,,Pastick,,0.0,N,,,,,,
62.6641204,-160.3148086,2012-08-30,1,0,160.0,200.0,,Pastick,,0.0,N,,,,,,
62.6650376,-160.3165672,2012-08-30,1,0,165.0,200.0,,Pastick,,0.0,N,,,,,,
62.6666079,-160.3185502,2013-06-18,1,0,152.0,200.0,,Pastick,,0.0,N,,,,,,
62.6648974,-160.3238232,2012-08-30,1,0,155.0,200.0,,Pastick,,0.0,N,,,,,,
62.6638141,-160.3282647,2012-08-30,1,0,170.0,200.0,,Pastick,,0.0,N,,,,,,
62.6496272,-160.4740692,2012-08-30,1,0,165.0,200.0,,Pastick,,0.0,N,,,,,,
62.6399707,-160.4392002,2012-08-30,1,0,58.0,110.0,,Pastick,,0.0,N,,,,,,
62.6682603,-160.5182044,2012-08-30,1,0,152.0,200.0,,Pastick,,0.0,N,,,,,,
62.6650137,-160.5179015,2012-08-30,1,0,100.0,200.0,,Pastick,,0.0,N,,,,,,
62.663868,-160.5200684,2012-08-30,1,0,115.0,125.0,,Pastick,,0.0,N,,,,,,
62.4937143,-160.5831265,2012-08-30,1,0,90.0,200.0,,Pastick,,0.0,N,,,,,,
62.4971611,-160.594239,2012-08-30,1,0,130.0,200.0,,Pastick,,0.0,N,,,,,,
62.5022348,-160.4473719,2012-08-30,1,0,130.0,200.0,,Pastick,,0.0,N,,,,,,
62.1465659,-159.3421753,2012-08-30,1,0,40.0,70.0,,Pastick,,0.0,N,,,,,,
62.2015317,-160.1559325,2012-08-30,1,0,120.0,200.0,,Pastick,,0.0,N,,,,,,
62.2018157,-160.1552514,2013-06-18,1,0,124.0,170.0,,Pastick,,0.0,N,,,,,,
62.1965049,-160.1981747,2012-08-30,1,0,120.0,170.0,,Pastick,,0.0,N,,,,,,
62.2058697,-160.046002,2012-08-30,1,0,75.0,183.0,,Pastick,,0.0,N,,,,,,
61.7608706,-156.2489463,2012-08-30,1,0,82.0,152.0,,Pastick,,0.0,N,,,,,,
61.7590421,-156.2402009,2012-08-30,1,0,100.0,192.0,,Pastick,,0.0,N,,,,,,
61.7573017,-156.2300648,2012-08-30,1,0,137.0,192.0,,Pastick,,0.0,N,,,,,,
61.7574032,-156.2177734,2012-08-30,1,0,175.0,192.0,,Pastick,,0.0,N,,,,,,
61.7558718,-156.2082835,2012-08-30,1,0,145.0,192.0,,Pastick,,0.0,N,,,,,,
61.754336,-156.1819461,2012-08-30,1,0,80.0,152.0,,Pastick,,0.0,N,,,,,,
62.6618723,-160.5186582,2012-08-30,1,0,145.0,200.0,,Pastick,,0.0,N,,,,,,
61.4962288,-156.5027279,2012-08-30,1,0,18.0,152.0,,Pastick,,0.0,N,,,,,,
61.4993212,-156.5038518,2012-08-30,1,0,59.0,152.0,,Pastick,,0.0,N,,,,,,
61.5009044,-156.5044767,2012-08-30,1,0,62.0,152.0,,Pastick,,0.0,N,,,,,,
61.5100412,-156.5031237,2012-08-30,1,0,120.0,152.0,,Pastick,,0.0,N,,,,,,
61.516993,-156.5016445,2012-08-30,1,0,144.0,152.0,,Pastick,,0.0,N,,,,,,
61.5242293,-156.500988,2012-08-30,1,0,42.0,152.0,,Pastick,,0.0,N,,,,,,
61.1209367,-156.3492957,2012-08-30,1,0,41.0,152.0,,Pastick,,0.0,N,,,,,,
61.1225125,-156.3485694,2012-08-30,1,0,78.0,150.0,,Pastick,,0.0,N,,,,,,
61.1253472,-156.3460844,2012-08-30,1,0,74.0,152.0,,Pastick,,0.0,N,,,,,,
61.1284161,-156.3459197,2012-08-30,1,0,59.0,150.0,,Pastick,,0.0,N,,,,,,
61.1341459,-156.3463118,2012-08-30,1,0,76.0,150.0,,Pastick,,0.0,N,,,,,,
61.1377592,-156.3468817,2012-08-30,1,0,87.0,152.0,,Pastick,,0.0,N,,,,,,
61.1535603,-156.3523955,2012-08-30,1,0,74.0,150.0,,Pastick,,0.0,N,,,,,,
61.1614409,-156.3484064,2012-08-30,1,0,40.0,152.0,,Pastick,,0.0,N,,,,,,
61.3219401,-156.9286883,2012-08-30,1,0,72.0,152.0,,Pastick,,0.0,N,,,,,,
61.3219578,-156.9257348,2012-08-30,1,0,46.0,152.0,,Pastick,,0.0,N,,,,,,
61.3244151,-156.9137811,2012-08-30,1,0,38.0,152.0,,Pastick,,0.0,N,,,,,,
61.3227527,-156.9032222,2012-08-30,1,0,70.0,152.0,,Pastick,,0.0,N,,,,,,
61.3262738,-156.8893447,2012-08-30,1,0,45.0,152.0,,Pastick,,0.0,N,,,,,,
61.3273874,-156.8720762,2012-08-30,1,0,54.0,152.0,,Pastick,,0.0,N,,,,,,
61.3282315,-156.8583572,2012-08-30,1,0,86.0,152.0,,Pastick,,0.0,N,,,,,,
61.3299157,-156.8467289,2012-08-30,1,0,82.0,152.0,,Pastick,,0.0,N,,,,,,
61.3310763,-156.8366869,2012-08-30,1,0,38.0,152.0,,Pastick,,0.0,N,,,,,,
61.3324478,-156.8303305,2012-08-30,1,0,76.0,150.0,,Pastick,,0.0,N,,,,,,
61.2076454,-157.3715174,2012-08-30,1,0,110.0,152.0,,Pastick,,0.0,N,,,,,,
61.2031087,-157.3765908,2012-08-30,1,0,110.0,152.0,,Pastick,,0.0,N,,,,,,
61.1996995,-157.3790925,2012-08-30,1,0,108.0,152.0,,Pastick,,0.0,N,,,,,,
61.1950405,-157.3784574,2012-08-30,1,0,81.0,97.0,,Pastick,,0.0,N,,,,,,
61.189768,-157.3805888,2012-08-30,1,0,105.0,152.0,,Pastick,,0.0,N,,,,,,
61.1824445,-157.3876791,2012-08-30,1,0,96.0,152.0,,Pastick,,0.0,N,,,,,,
61.1804474,-157.3896409,2012-08-30,1,0,126.0,152.0,,Pastick,,0.0,N,,,,,,
61.1706917,-157.4059982,2012-08-30,1,0,122.0,152.0,,Pastick,,0.0,N,,,,,,
61.1688219,-157.408119,2012-08-30,1,0,56.0,150.0,,Pastick,,0.0,N,,,,,,
61.3846532,-156.4298443,2012-08-30,1,0,141.0,152.0,,Pastick,,0.0,N,,,,,,
61.3853511,-156.4254237,2012-08-30,1,0,83.0,150.0,,Pastick,,0.0,N,,,,,,
61.3872749,-156.3943832,2012-08-30,1,0,96.0,152.0,,Pastick,,0.0,N,,,,,,
61.3896365,-156.3779856,2012-08-30,1,0,59.0,152.0,,Pastick,,0.0,N,,,,,,
61.390761,-156.3715605,2012-08-30,1,0,46.0,152.0,,Pastick,,0.0,N,,,,,,
61.392179,-156.3515863,2012-08-30,1,0,96.0,150.0,,Pastick,,0.0,N,,,,,,
61.3925566,-156.3423947,2012-08-30,1,0,142.0,152.0,,Pastick,,0.0,N,,,,,,
61.3914792,-156.3346192,2012-08-30,1,0,68.0,152.0,,Pastick,,0.0,N,,,,,,
61.3921451,-156.3282687,2012-08-30,1,0,38.0,150.0,,Pastick,,0.0,N,,,,,,
61.4835598,-156.8202117,2012-08-30,1,0,135.0,150.0,,Pastick,,0.0,N,,,,,,
61.4824588,-156.820439,2012-08-30,1,0,145.0,152.0,,Pastick,,0.0,N,,,,,,
61.9817957,-156.3974621,2012-08-30,1,0,76.0,152.0,,Pastick,,0.0,N,,,,,,
61.9769942,-156.3976616,2012-08-30,1,0,81.0,152.0,,Pastick,,0.0,N,,,,,,
61.9723621,-156.3992208,2012-08-30,1,0,117.0,152.0,,Pastick,,0.0,N,,,,,,
61.9678112,-156.396994,2012-08-30,1,0,61.0,152.0,,Pastick,,0.0,N,,,,,,
61.9601252,-156.3994998,2012-08-30,1,0,144.0,152.0,,Pastick,,0.0,N,,,,,,
61.9525496,-156.403101,2012-08-30,1,0,94.0,152.0,,Pastick,,0.0,N,,,,,,
61.9478941,-156.4038972,2012-08-30,1,0,143.0,152.0,,Pastick,,0.0,N,,,,,,
61.9458929,-156.4049444,2012-08-30,1,0,105.0,152.0,,Pastick,,0.0,N,,,,,,
61.9405716,-156.4085421,2012-08-30,1,0,51.0,152.0,,Pastick,,0.0,N,,,,,,
61.6673209,-156.1413667,2012-08-30,1,0,140.0,152.0,,Pastick,,0.0,N,,,,,,
61.6667868,-156.1515083,2012-08-30,1,0,143.0,152.0,,Pastick,,0.0,N,,,,,,
61.6661837,-156.1691963,2012-08-30,1,0,136.0,152.0,,Pastick,,0.0,N,,,,,,
61.6660358,-156.1837995,2013-06-18,1,0,89.0,152.0,,Pastick,,0.0,N,,,,,,
61.6647456,-156.1953311,2012-08-30,1,0,68.0,152.0,,Pastick,,0.0,N,,,,,,
61.3896164,-160.2239817,2012-08-30,1,0,160.0,190.0,,Pastick,,0.0,N,,,,,,
61.5050731,-160.6016558,2012-08-30,1,0,85.0,200.0,,Pastick,,0.0,N,,,,,,
61.7072494,-160.1179652,2012-08-30,1,0,55.0,80.0,,Pastick,,0.0,N,,,,,,
61.7167024,-160.1224507,2012-08-30,1,0,125.0,200.0,,Pastick,,0.0,N,,,,,,
61.6636158,-159.6122376,2012-08-30,1,0,42.0,75.0,,Pastick,,0.0,N,,,,,,
61.6656718,-159.6221558,2012-08-30,1,0,64.0,85.0,,Pastick,,0.0,N,,,,,,
61.3208501,-158.1690081,2012-08-30,1,0,175.0,190.0,,Pastick,,0.0,N,,,,,,
61.3199744,-158.1682281,2012-08-30,1,0,38.0,75.0,,Pastick,,0.0,N,,,,,,
61.3202322,-158.1751697,2012-08-30,1,0,62.0,100.0,,Pastick,,0.0,N,,,,,,
61.3600927,-158.0446251,2012-08-30,1,0,110.0,140.0,,Pastick,,0.0,N,,,,,,
61.3536723,-158.0521695,2012-08-30,1,0,120.0,170.0,,Pastick,,0.0,N,,,,,,
61.3482,-158.0670669,2012-08-30,1,0,65.0,125.0,,Pastick,,0.0,N,,,,,,
60.959224,-158.6611208,2012-08-30,1,0,35.0,54.0,,Pastick,,0.0,N,,,,,,
60.9605546,-158.6654278,2012-08-30,1,0,42.0,90.0,,Pastick,,0.0,N,,,,,,
60.9702935,-158.6830771,2012-08-30,1,0,39.0,60.0,,Pastick,,0.0,N,,,,,,
60.9712088,-158.6828832,2012-08-30,1,0,130.0,160.0,,Pastick,,0.0,N,,,,,,
60.9731266,-158.6852472,2012-08-30,1,0,100.0,140.0,,Pastick,,0.0,N,,,,,,
62.6654497,-160.3412813,2012-08-30,1,0,65.0,100.0,,Pastick,,0.0,N,,,,,,
62.668457,-160.3403435,2012-08-30,1,0,91.0,120.0,,Pastick,,0.0,N,,,,,,
62.670617,-160.3416517,2012-08-30,1,0,60.0,175.0,,Pastick,,0.0,N,,,,,,
62.6731876,-160.3403816,2012-08-30,1,0,125.0,180.0,,Pastick,,0.0,N,,,,,,
62.6697283,-160.5194316,2012-08-30,1,0,90.0,125.0,,Pastick,,0.0,N,,,,,,
62.6759676,-160.521099,2012-08-30,1,0,80.0,110.0,,Pastick,,0.0,N,,,,,,
62.4931264,-160.580339,2012-08-30,1,0,130.0,200.0,,Pastick,,0.0,N,,,,,,
62.4964486,-160.5921626,2012-08-30,1,0,15.0,52.0,,Pastick,,0.0,N,,,,,,
62.5034473,-160.4481879,2012-08-30,1,0,115.0,200.0,,Pastick,,0.0,N,,,,,,
62.0923693,-159.3584748,2012-08-30,1,0,38.0,110.0,,Pastick,,0.0,N,,,,,,
62.0893469,-159.3468543,2012-08-30,1,0,45.0,110.0,,Pastick,,0.0,N,,,,,,
62.1090031,-159.3369618,2012-08-30,1,0,51.0,80.0,,Pastick,,0.0,N,,,,,,
60.9672468,-158.6742232,2012-08-30,1,0,52.0,75.0,,Pastick,,0.0,N,,,,,,
60.9744198,-158.6892619,2012-08-30,1,0,26.0,40.0,,Pastick,,0.0,N,,,,,,
61.4756759,-159.2311962,2012-08-30,1,0,70.0,190.0,,Pastick,,0.0,N,,,,,,
61.4765349,-159.2481153,2012-08-30,1,0,175.0,200.0,,Pastick,,0.0,N,,,,,,
64.7811743,-165.4889812,2012-08-30,1,0,80.0,150.0,,Pastick,,0.0,N,,,,,,
64.7917995,-165.4859961,2012-08-30,1,0,53.0,150.0,,Pastick,,0.0,N,,,,,,
64.8084932,-165.5661195,2012-08-30,1,0,47.0,150.0,,Pastick,,0.0,N,,,,,,
64.8110143,-165.6115102,2012-08-30,1,0,52.0,150.0,,Pastick,,0.0,N,,,,,,
64.8157873,-165.6160414,2012-08-30,1,0,83.0,150.0,,Pastick,,0.0,N,,,,,,
64.8332303,-165.6375998,2012-08-30,1,0,85.0,150.0,,Pastick,,0.0,N,,,,,,
64.7938587,-165.4134514,2012-08-30,1,0,77.0,150.0,,Pastick,,0.0,N,,,,,,
64.7633804,-165.4943559,2012-08-30,1,0,59.0,152.0,,Pastick,,0.0,N,,,,,,
64.7633328,-165.4897936,2012-08-30,1,0,82.0,152.0,,Pastick,,0.0,N,,,,,,
64.7644699,-165.4823305,2012-08-30,1,0,92.0,150.0,,Pastick,,0.0,N,,,,,,
64.7580892,-165.4656978,2012-08-30,1,0,58.0,150.0,,Pastick,,0.0,N,,,,,,
64.798797,-165.5000139,2012-08-30,1,0,54.0,152.0,,Pastick,,0.0,N,,,,,,
64.8039747,-165.6276243,2012-08-30,1,0,92.0,150.0,,Pastick,,0.0,N,,,,,,
64.7998747,-165.6295497,2012-08-30,1,0,130.0,150.0,,Pastick,,0.0,N,,,,,,
64.7986144,-165.6305096,2012-08-30,1,0,65.0,150.0,,Pastick,,0.0,N,,,,,,
64.795229,-165.631083,2012-08-30,1,0,83.0,150.0,,Pastick,,0.0,N,,,,,,
64.7917513,-165.6322643,2012-08-30,1,0,93.0,150.0,,Pastick,,0.0,N,,,,,,
64.7869485,-165.6348449,2012-08-30,1,0,42.0,150.0,,Pastick,,0.0,N,,,,,,
64.7853224,-165.6352905,2012-08-30,1,0,67.0,152.0,,Pastick,,0.0,N,,,,,,
64.7987193,-165.4855524,2012-08-30,1,0,32.0,150.0,,Pastick,,0.0,N,,,,,,
64.8019559,-165.4696752,2012-08-30,1,0,95.0,150.0,,Pastick,,0.0,N,,,,,,
64.7559755,-165.5485232,2012-08-30,1,0,63.0,150.0,,Pastick,,0.0,N,,,,,,
64.7585945,-165.5512665,2012-08-30,1,0,68.0,150.0,,Pastick,,0.0,N,,,,,,
64.7682092,-165.5691653,2012-08-30,1,0,96.0,150.0,,Pastick,,0.0,N,,,,,,
64.8046252,-165.561512,2012-08-30,1,0,85.0,150.0,,Pastick,,0.0,N,,,,,,
64.8247024,-165.6299397,2012-08-30,1,0,80.0,150.0,,Pastick,,0.0,N,,,,,,
64.826334,-165.632422,2012-08-30,1,0,71.0,152.0,,Pastick,,0.0,N,,,,,,
64.8284367,-165.633841,2012-08-30,1,0,85.0,150.0,,Pastick,,0.0,N,,,,,,
64.8101235,-165.4211126,2012-08-30,1,0,70.0,150.0,,Pastick,,0.0,N,,,,,,
64.7651377,-165.4755944,2012-08-30,1,0,70.0,150.0,,Pastick,,0.0,N,,,,,,
64.7652195,-165.4724636,2012-08-30,1,0,100.0,150.0,,Pastick,,0.0,N,,,,,,
64.7655551,-165.4656582,2012-08-30,1,0,98.0,152.0,,Pastick,,0.0,N,,,,,,
64.7659428,-165.4621751,2012-08-30,1,0,96.0,150.0,,Pastick,,0.0,N,,,,,,
64.7929171,-165.6044294,2012-08-30,1,0,66.0,150.0,,Pastick,,0.0,N,,,,,,
64.7870591,-165.5906438,2012-08-30,1,0,78.0,150.0,,Pastick,,0.0,N,,,,,,
64.7900129,-165.5529599,2012-08-30,1,0,88.0,150.0,,Pastick,,0.0,N,,,,,,
64.7902806,-165.5557429,2012-08-30,1,0,61.0,150.0,,Pastick,,0.0,N,,,,,,
64.7469492,-165.6380239,2012-08-30,1,0,105.0,150.0,,Pastick,,0.0,N,,,,,,
64.7790418,-165.6351008,2012-08-30,1,0,96.0,150.0,,Pastick,,0.0,N,,,,,,
62.1909439,-159.7780659,2012-08-30,1,0,16.0,27.0,,Pastick,,0.0,N,,,,,,
61.7970562,-157.4251829,2012-08-30,1,0,46.0,74.0,,Pastick,,0.0,N,,,,,,
59.3583603,-157.4730072,2014-02-07,1,0,70.0,100.0,,Pastick,,0.0,N,,,,,,
59.0642634,-158.5049776,2014-02-07,1,0,135.0,183.0,,Pastick,,0.0,N,,,,,,
62.2051697,-159.7848206,2014-02-07,1,0,99.0,145.0,,Pastick,,0.0,N,,,,,,
62.0999184,-160.0334778,2014-02-07,1,0,80.0,200.0,,Pastick,,0.0,N,,,,,,
62.9108315,-160.0621643,2014-02-07,1,0,125.0,190.0,,Pastick,,0.0,N,,,,,,
61.3333056,-165.2449167,2012-08-30,1,0,80.0,152.0,,Pastick,,0.0,N,,,,,,
61.3616389,-165.1388056,2012-08-30,1,0,43.0,152.0,,Pastick,,0.0,N,,,,,,
59.8411111,-160.0447222,2013-12-13,1,0,78.0,152.0,,Pastick,,0.0,N,,,,,,
59.8422222,-160.0230556,2013-12-13,1,0,60.0,90.0,,Pastick,,0.0,N,,,,,,
59.8452778,-160.0238889,2013-12-13,1,0,85.0,120.0,,Pastick,,0.0,N,,,,,,
59.8511111,-160.0291667,2013-12-13,1,0,19.0,60.0,,Pastick,,0.0,N,,,,,,
59.8544444,-160.0361111,2013-12-13,1,0,19.0,67.0,,Pastick,,0.0,N,,,,,,
59.8758333,-160.0180556,2013-12-13,1,0,31.0,52.0,,Pastick,,0.0,N,,,,,,
59.8738889,-160.0222222,2013-12-13,1,0,31.0,51.0,,Pastick,,0.0,N,,,,,,
59.8719444,-160.0413889,2013-12-13,1,0,125.0,157.0,,Pastick,,0.0,N,,,,,,
59.8744444,-160.0430556,2013-12-13,1,0,28.0,70.0,,Pastick,,0.0,N,,,,,,
59.8766667,-160.0425,2013-12-13,1,0,18.0,80.0,,Pastick,,0.0,N,,,,,,
59.8777778,-160.0516667,2013-12-13,1,0,43.0,60.0,,Pastick,,0.0,N,,,,,,
59.7780556,-159.845,2013-12-13,1,0,48.0,152.0,,Pastick,,0.0,N,,,,,,
59.7813889,-159.8594444,2013-12-13,1,0,35.0,75.0,,Pastick,,0.0,N,,,,,,
59.7802778,-159.8366667,2013-12-13,1,0,87.0,120.0,,Pastick,,0.0,N,,,,,,
59.7794444,-159.8530556,2013-12-13,1,0,70.0,100.0,,Pastick,,0.0,N,,,,,,
59.7766667,-159.8688889,2013-12-13,1,0,52.0,152.0,,Pastick,,0.0,N,,,,,,
59.7761111,-159.8566667,2013-12-13,1,0,35.0,80.0,,Pastick,,0.0,N,,,,,,
59.7911111,-159.8194444,2013-12-13,1,0,65.0,152.0,,Pastick,,0.0,N,,,,,,
59.7902778,-159.8194444,2013-12-13,1,0,40.0,85.0,,Pastick,,0.0,N,,,,,,
59.7883333,-159.8197222,2013-12-13,1,0,18.0,95.0,,Pastick,,0.0,N,,,,,,
59.7758333,-159.8063889,2013-12-13,1,0,11.0,50.0,,Pastick,,0.0,N,,,,,,
59.7844444,-159.8011111,2013-12-13,1,0,22.0,100.0,,Pastick,,0.0,N,,,,,,
59.7869444,-159.7875,2013-12-13,1,0,22.0,70.0,,Pastick,,0.0,N,,,,,,
59.5683333,-159.395,2013-12-13,1,0,105.0,160.0,,Pastick,,0.0,N,,,,,,
59.5608333,-159.4083333,2013-12-13,1,0,78.0,100.0,,Pastick,,0.0,N,,,,,,
59.5652778,-159.3972222,2013-12-13,1,0,40.0,80.0,,Pastick,,0.0,N,,,,,,
59.5591667,-159.3983333,2013-12-13,1,0,57.0,100.0,,Pastick,,0.0,N,,,,,,
59.5569444,-159.3941667,2013-12-13,1,0,29.0,50.0,,Pastick,,0.0,N,,,,,,
59.5736111,-159.3747222,2013-12-13,1,0,65.0,100.0,,Pastick,,0.0,N,,,,,,
59.7791667,-159.8177778,2013-12-13,1,0,58.0,95.0,,Pastick,,0.0,N,,,,,,
59.7805556,-159.8127778,2013-12-13,1,0,16.0,65.0,,Pastick,,0.0,N,,,,,,
59.7797222,-159.8083333,2013-12-13,1,0,65.0,85.0,,Pastick,,0.0,N,,,,,,
59.7777778,-159.8063889,2013-12-13,1,0,46.0,100.0,,Pastick,,0.0,N,,,,,,
59.7830556,-159.8288889,2013-12-13,1,0,58.0,68.0,,Pastick,,0.0,N,,,,,,
59.7855556,-159.8302778,2013-12-13,1,0,30.0,65.0,,Pastick,,0.0,N,,,,,,
59.8605556,-160.0213889,2013-12-13,1,0,57.0,84.0,,Pastick,,0.0,N,,,,,,
59.8566667,-160.0066667,2013-12-13,1,0,40.0,152.0,,Pastick,,0.0,N,,,,,,
59.8555556,-160.0036111,2013-12-13,1,0,50.0,70.0,,Pastick,,0.0,N,,,,,,
59.8541667,-160.0063889,2013-12-13,1,0,58.0,80.0,,Pastick,,0.0,N,,,,,,
59.8477778,-160.0080556,2013-12-13,1,0,50.0,80.0,,Pastick,,0.0,N,,,,,,
59.8641667,-160.0363889,2013-12-13,1,0,80.0,100.0,,Pastick,,0.0,N,,,,,,
59.56,-159.3661111,2013-12-13,1,0,40.0,65.0,,Pastick,,0.0,N,,,,,,
59.5594444,-159.3641667,2013-12-13,1,0,100.0,152.0,,Pastick,,0.0,N,,,,,,
59.6380556,-160.3644444,2013-12-13,1,0,0.0,183.0,,Pastick,,0.0,N,,,,,,
59.6341667,-160.3661111,2013-12-13,1,0,0.0,40.0,,Pastick,,0.0,N,,,,,,
59.6336111,-160.3683333,2013-12-13,1,0,41.0,41.0,,Pastick,,0.0,N,,,,,,
59.6352778,-160.3675,2013-12-13,1,0,60.0,102.0,,Pastick,,0.0,N,,,,,,
59.6422222,-160.3486111,2013-12-13,1,0,68.0,125.0,,Pastick,,0.0,N,,,,,,
59.6430556,-160.3430556,2013-12-13,1,0,170.0,175.0,,Pastick,,0.0,N,,,,,,
59.6588889,-160.3688889,2013-12-13,1,0,78.0,81.0,,Pastick,,0.0,N,,,,,,
59.6580556,-160.37,2013-12-13,1,0,78.0,110.0,,Pastick,,0.0,N,,,,,,
59.6572222,-160.3719444,2013-12-13,1,0,120.0,125.0,,Pastick,,0.0,N,,,,,,
59.6541667,-160.3705556,2013-12-13,1,0,85.0,105.0,,Pastick,,0.0,N,,,,,,
59.6488889,-160.3783333,2013-12-13,1,0,80.0,115.0,,Pastick,,0.0,N,,,,,,
59.6480556,-160.3777778,2013-12-13,1,0,70.0,100.0,,Pastick,,0.0,N,,,,,,
59.4888889,-160.5802778,2013-12-13,1,0,80.0,120.0,,Pastick,,0.0,N,,,,,,
59.4911111,-160.5783333,2013-12-13,1,0,43.0,125.0,,Pastick,,0.0,N,,,,,,
59.4977778,-160.56,2013-12-13,1,0,55.0,125.0,,Pastick,,0.0,N,,,,,,
59.4952778,-160.5630556,2013-12-13,1,0,95.0,140.0,,Pastick,,0.0,N,,,,,,
59.4697222,-160.5716667,2013-12-13,1,0,98.0,98.0,,Pastick,,0.0,N,,,,,,
59.4702778,-160.5663889,2013-12-13,1,0,75.0,115.0,,Pastick,,0.0,N,,,,,,
59.4711111,-160.5675,2013-12-13,1,0,115.0,140.0,,Pastick,,0.0,N,,,,,,
59.4727778,-160.5575,2013-12-13,1,0,81.0,100.0,,Pastick,,0.0,N,,,,,,
59.4005556,-160.3808333,2013-12-13,1,0,73.0,95.0,,Pastick,,0.0,N,,,,,,
59.4016667,-160.3816667,2013-12-13,1,0,95.0,110.0,,Pastick,,0.0,N,,,,,,
59.4083333,-160.3611111,2013-12-13,1,0,110.0,125.0,,Pastick,,0.0,N,,,,,,
59.4077778,-160.3591667,2013-12-13,1,0,33.0,90.0,,Pastick,,0.0,N,,,,,,
59.4033333,-160.3616667,2013-12-13,1,0,80.0,140.0,,Pastick,,0.0,N,,,,,,
59.4097222,-160.3961111,2013-12-13,1,0,63.0,152.0,,Pastick,,0.0,N,,,,,,
59.4127778,-160.3958333,2013-12-13,1,0,88.0,152.0,,Pastick,,0.0,N,,,,,,
59.6533333,-160.3980556,2013-12-13,1,0,40.0,152.0,,Pastick,,0.0,N,,,,,,
59.6541667,-160.3930556,2013-12-13,1,0,61.0,152.0,,Pastick,,0.0,N,,,,,,
59.6366667,-160.3483333,2013-12-13,1,0,95.0,110.0,,Pastick,,0.0,N,,,,,,
59.6402778,-160.3444444,2013-12-13,1,0,95.0,105.0,,Pastick,,0.0,N,,,,,,
59.6277778,-160.3463889,2013-12-13,1,0,10.0,50.0,,Pastick,,0.0,N,,,,,,
59.6305556,-160.3480556,2013-12-13,1,0,60.0,75.0,,Pastick,,0.0,N,,,,,,
59.6319444,-160.3483333,2013-12-13,1,0,12.0,60.0,,Pastick,,0.0,N,,,,,,
59.6352778,-160.3536111,2013-12-13,1,0,14.0,55.0,,Pastick,,0.0,N,,,,,,
59.6413889,-160.3708333,2013-12-13,1,0,51.0,72.0,,Pastick,,0.0,N,,,,,,
59.6377778,-160.3844444,2013-12-13,1,0,80.0,105.0,,Pastick,,0.0,N,,,,,,
59.6352778,-160.3877778,2013-12-13,1,0,80.0,150.0,,Pastick,,0.0,N,,,,,,
59.6338889,-160.3905556,2013-12-13,1,0,61.0,90.0,,Pastick,,0.0,N,,,,,,
59.6330556,-160.3952778,2013-12-13,1,0,55.0,70.0,,Pastick,,0.0,N,,,,,,
59.6308333,-160.3944444,2013-12-13,1,0,59.0,152.0,,Pastick,,0.0,N,,,,,,
59.4861111,-160.6044444,2013-12-13,1,0,38.0,75.0,,Pastick,,0.0,N,,,,,,
59.4908333,-160.6105556,2013-12-13,1,0,19.0,152.0,,Pastick,,0.0,N,,,,,,
59.4936111,-160.6244444,2013-12-13,1,0,48.0,152.0,,Pastick,,0.0,N,,,,,,
59.4930556,-160.63,2013-12-13,1,0,40.0,152.0,,Pastick,,0.0,N,,,,,,
59.4913889,-160.6577778,2013-12-13,1,0,72.0,100.0,,Pastick,,0.0,N,,,,,,
59.4933333,-160.6658333,2013-12-13,1,0,13.0,65.0,,Pastick,,0.0,N,,,,,,
59.4908333,-160.6655556,2013-12-13,1,0,19.0,55.0,,Pastick,,0.0,N,,,,,,
59.4894444,-160.6613889,2013-12-13,1,0,38.0,50.0,,Pastick,,0.0,N,,,,,,
59.3961111,-160.3925,2013-12-13,1,0,85.0,100.0,,Pastick,,0.0,N,,,,,,
59.4091667,-160.3661111,2013-12-13,1,0,42.0,152.0,,Pastick,,0.0,N,,,,,,
59.3961111,-160.3902778,2013-12-13,1,0,112.0,140.0,,Pastick,,0.0,N,,,,,,
59.3894444,-160.3963889,2013-12-13,1,0,40.0,152.0,,Pastick,,0.0,N,,,,,,
59.3902778,-160.3972222,2013-12-13,1,0,85.0,152.0,,Pastick,,0.0,N,,,,,,
59.3911111,-160.3977778,2013-12-13,1,0,85.0,100.0,,Pastick,,0.0,N,,,,,,
59.3919444,-160.3986111,2013-12-13,1,0,68.0,80.0,,Pastick,,0.0,N,,,,,,
59.1255556,-159.2661111,2013-12-13,1,0,74.0,152.0,,Pastick,,0.0,N,,,,,,
59.1283333,-159.2708333,2013-12-13,1,0,53.0,120.0,,Pastick,,0.0,N,,,,,,
59.145,-160.8580556,2013-12-13,1,0,68.0,152.0,,Pastick,,0.0,N,,,,,,
59.1469444,-161.1119444,2013-12-13,1,0,96.0,152.0,,Pastick,,0.0,N,,,,,,
59.1458333,-161.1122222,2013-12-13,1,0,86.0,152.0,,Pastick,,0.0,N,,,,,,
59.1033333,-159.5133333,2013-12-13,1,0,78.0,78.0,,Pastick,,0.0,N,,,,,,
59.1063889,-159.51,2013-12-13,1,0,83.0,152.0,,Pastick,,0.0,N,,,,,,
59.0686111,-159.9566667,2013-12-13,1,0,61.0,152.0,,Pastick,,0.0,N,,,,,,
59.0697222,-159.9605556,2013-12-13,1,0,86.0,152.0,,Pastick,,0.0,N,,,,,,
59.0511111,-161.2205556,2013-12-13,1,0,105.0,152.0,,Pastick,,0.0,N,,,,,,
59.0516667,-161.2222222,2013-12-13,1,0,42.0,156.0,,Pastick,,0.0,N,,,,,,
59.1569444,-160.3133333,2013-12-13,1,0,38.0,152.0,,Pastick,,0.0,N,,,,,,
59.3255556,-159.8713889,2013-12-13,1,0,58.0,152.0,,Pastick,,0.0,N,,,,,,
59.3263889,-159.8766667,2013-12-13,1,0,96.0,152.0,,Pastick,,0.0,N,,,,,,
59.3277778,-159.8872222,2013-12-13,1,0,78.0,152.0,,Pastick,,0.0,N,,,,,,
59.375,-157.4430556,2013-11-29,1,0,130.0,133.0,,Pastick,,0.0,N,,,,,,
59.3747222,-157.445,2013-11-29,1,0,60.0,183.0,,Pastick,,0.0,N,,,,,,
59.3736111,-157.4438889,2013-11-29,1,0,100.0,175.0,,Pastick,,0.0,N,,,,,,
59.3761111,-157.4522222,2013-11-29,1,0,47.0,150.0,,Pastick,,0.0,N,,,,,,
59.3730556,-157.4552778,2013-11-29,1,0,65.0,150.0,,Pastick,,0.0,N,,,,,,
59.3736111,-157.4605556,2013-11-29,1,0,25.0,55.0,,Pastick,,0.0,N,,,,,,
59.3754333,-157.4481361,2013-11-29,1,0,27.0,80.0,,Pastick,,0.0,N,,,,,,
59.3527778,-157.4722222,2013-11-29,1,0,105.0,183.0,,Pastick,,0.0,N,,,,,,
59.3511111,-157.4738889,2013-11-29,1,0,150.0,183.0,,Pastick,,0.0,N,,,,,,
59.3488889,-157.4786111,2013-11-29,1,0,50.0,75.0,,Pastick,,0.0,N,,,,,,
59.3716667,-157.4327778,2013-11-29,1,0,125.0,183.0,,Pastick,,0.0,N,,,,,,
59.3730556,-157.4311111,2013-11-29,1,0,145.0,183.0,,Pastick,,0.0,N,,,,,,
59.3713889,-157.4358333,2013-11-29,1,0,0.0,0.0,,Pastick,,0.0,N,,,,,,
59.3680556,-157.4408333,2013-11-29,1,0,110.0,135.0,,Pastick,,0.0,N,,,,,,
59.3669444,-157.4522222,2013-11-29,1,0,125.0,150.0,,Pastick,,0.0,N,,,,,,
59.3466667,-157.4986111,2013-11-29,1,0,110.0,183.0,,Pastick,,0.0,N,,,,,,
59.3455556,-157.505,2013-11-29,1,0,105.0,150.0,,Pastick,,0.0,N,,,,,,
59.3463889,-157.5186111,2013-11-29,1,0,100.0,183.0,,Pastick,,0.0,N,,,,,,
59.3472222,-157.5188889,2013-11-29,1,0,60.0,80.0,,Pastick,,0.0,N,,,,,,
59.3538889,-157.5166667,2013-11-29,1,0,130.0,183.0,,Pastick,,0.0,N,,,,,,
59.3536111,-157.5022222,2013-11-29,1,0,25.0,60.0,,Pastick,,0.0,N,,,,,,
59.345,-157.5094444,2013-11-29,1,0,130.0,183.0,,Pastick,,0.0,N,,,,,,
59.3505556,-157.5188889,2013-11-29,1,0,40.0,110.0,,Pastick,,0.0,N,,,,,,
59.3541667,-157.5094444,2013-11-29,1,0,80.0,183.0,,Pastick,,0.0,N,,,,,,
59.3519444,-157.5013889,2013-11-29,1,0,120.0,183.0,,Pastick,,0.0,N,,,,,,
59.3513889,-157.4994444,2013-11-29,1,0,100.0,183.0,,Pastick,,0.0,N,,,,,,
59.3405556,-157.4852778,2013-11-29,1,0,47.0,65.0,,Pastick,,0.0,N,,,,,,
59.3558333,-157.4769444,2013-11-29,1,0,47.0,57.0,,Pastick,,0.0,N,,,,,,
59.3575,-157.4758333,2013-11-29,1,0,121.0,121.0,,Pastick,,0.0,N,,,,,,
59.3658333,-157.4805556,2013-11-29,1,0,25.0,70.0,,Pastick,,0.0,N,,,,,,
59.3694444,-157.4766667,2013-11-29,1,0,29.0,45.0,,Pastick,,0.0,N,,,,,,
59.0488889,-158.5372222,2013-11-29,1,0,132.0,190.0,,Pastick,,0.0,N,,,,,,
58.6436111,-158.0638889,2013-11-29,1,0,150.0,183.0,,Pastick,,0.0,N,,,,,,
59.3344444,-158.3088889,2013-11-29,1,0,76.0,95.0,,Pastick,,0.0,N,,,,,,
59.3408333,-158.3058333,2013-11-29,1,0,63.0,90.0,,Pastick,,0.0,N,,,,,,
59.3425,-158.3077778,2014-01-23,1,0,43.0,100.0,,Pastick,,0.0,N,,,,,,
59.3441667,-158.3086111,2013-11-29,1,0,110.0,140.0,,Pastick,,0.0,N,,,,,,
59.3502778,-158.3069444,2013-11-29,1,0,14.0,26.0,,Pastick,,0.0,N,,,,,,
58.8630556,-157.5836111,2013-11-29,1,0,91.0,183.0,,Pastick,,0.0,N,,,,,,
59.1930556,-158.1225,2013-11-29,1,0,80.0,95.0,,Pastick,,0.0,N,,,,,,
59.2011111,-158.0852778,2013-11-29,1,0,165.0,183.0,,Pastick,,0.0,N,,,,,,
59.2419444,-157.7394444,2013-11-29,1,0,63.0,152.0,,Pastick,,0.0,N,,,,,,
59.2313889,-157.7544444,2013-11-29,1,0,20.0,52.0,,Pastick,,0.0,N,,,,,,
59.2227778,-157.7675,2013-11-29,1,0,84.0,183.0,,Pastick,,0.0,N,,,,,,
59.2211111,-157.7744444,2013-11-29,1,0,100.0,183.0,,Pastick,,0.0,N,,,,,,
59.2105556,-157.7794444,2013-11-29,1,0,155.0,183.0,,Pastick,,0.0,N,,,,,,
59.2119444,-157.7802778,2013-11-29,1,0,165.0,183.0,,Pastick,,0.0,N,,,,,,
59.2233333,-158.2341667,2013-11-29,1,0,91.0,100.0,,Pastick,,0.0,N,,,,,,
59.2252778,-158.1830556,2013-11-29,1,0,57.0,70.0,,Pastick,,0.0,N,,,,,,
59.2286111,-158.1697222,2013-11-29,1,0,100.0,183.0,,Pastick,,0.0,N,,,,,,
58.8861111,-158.4477778,2013-11-29,1,0,125.0,190.0,,Pastick,,0.0,N,,,,,,
58.8872222,-158.4419444,2013-11-29,1,0,40.0,190.0,,Pastick,,0.0,N,,,,,,
58.8894444,-158.4355556,2013-11-29,1,0,120.0,190.0,,Pastick,,0.0,N,,,,,,
58.8880556,-158.4163889,2013-11-29,1,0,115.0,150.0,,Pastick,,0.0,N,,,,,,
59.3052778,-157.2936111,2013-11-29,1,0,70.0,130.0,,Pastick,,0.0,N,,,,,,
59.3036111,-157.2961111,2013-11-29,1,0,115.0,150.0,,Pastick,,0.0,N,,,,,,
59.2980556,-157.2969444,2013-11-29,1,0,75.0,110.0,,Pastick,,0.0,N,,,,,,
59.2972222,-157.2836111,2013-11-29,1,0,122.0,150.0,,Pastick,,0.0,N,,,,,,
59.3,-157.2761111,2013-11-29,1,0,70.0,190.0,,Pastick,,0.0,N,,,,,,
59.4980556,-157.9344444,2013-11-29,1,0,113.0,175.0,,Pastick,,0.0,N,,,,,,
59.4938889,-157.9363889,2013-11-29,1,0,180.0,190.0,,Pastick,,0.0,N,,,,,,
59.4913889,-157.9469444,2013-11-29,1,0,150.0,190.0,,Pastick,,0.0,N,,,,,,
59.2508333,-157.4402778,2013-11-29,1,0,70.0,183.0,,Pastick,,0.0,N,,,,,,
59.2525,-157.4558333,2013-11-29,1,0,120.0,183.0,,Pastick,,0.0,N,,,,,,
59.2544444,-157.4636111,2013-11-29,1,0,135.0,183.0,,Pastick,,0.0,N,,,,,,
59.2561111,-157.4755556,2013-11-29,1,0,95.0,183.0,,Pastick,,0.0,N,,,,,,
59.26,-157.4827778,2013-11-29,1,0,54.0,183.0,,Pastick,,0.0,N,,,,,,
59.2591667,-157.4844444,2013-11-29,1,0,85.0,183.0,,Pastick,,0.0,N,,,,,,
58.9375,-157.6008333,2013-11-29,1,0,140.0,183.0,,Pastick,,0.0,N,,,,,,
58.9344444,-157.6077778,2013-11-29,1,0,140.0,183.0,,Pastick,,0.0,N,,,,,,
58.9355556,-157.6169444,2013-11-29,1,0,87.0,183.0,,Pastick,,0.0,N,,,,,,
58.9325,-157.645,2013-11-29,1,0,37.0,70.0,,Pastick,,0.0,N,,,,,,
58.9419444,-157.675,2013-11-29,1,0,181.0,200.0,,Pastick,,0.0,N,,,,,,
59.4997222,-158.42,2013-11-29,1,0,55.0,80.0,,Pastick,,0.0,N,,,,,,
59.4952778,-158.4127778,2013-11-29,1,0,49.0,100.0,,Pastick,,0.0,N,,,,,,
59.4886111,-158.3972222,2013-11-29,1,0,160.0,183.0,,Pastick,,0.0,N,,,,,,
59.4802778,-158.3808333,2013-11-29,1,0,150.0,183.0,,Pastick,,0.0,N,,,,,,
59.4766667,-158.3769444,2013-11-29,1,0,170.0,183.0,,Pastick,,0.0,N,,,,,,
59.4738889,-158.3766667,2013-11-29,1,0,170.0,183.0,,Pastick,,0.0,N,,,,,,
59.0647222,-158.4594444,2013-11-29,1,0,100.0,183.0,,Pastick,,0.0,N,,,,,,
59.0636111,-158.4597222,2013-11-29,1,0,170.0,183.0,,Pastick,,0.0,N,,,,,,
59.0580556,-158.4566667,2013-11-29,1,0,30.0,183.0,,Pastick,,0.0,N,,,,,,
59.0591667,-158.4583333,2013-11-29,1,0,30.0,183.0,,Pastick,,0.0,N,,,,,,
59.0577778,-158.5022222,2013-11-29,1,0,100.0,183.0,,Pastick,,0.0,N,,,,,,
59.0591667,-158.5013889,2013-11-29,1,0,105.0,183.0,,Pastick,,0.0,N,,,,,,
59.07,-158.4636111,2013-11-29,1,0,90.0,183.0,,Pastick,,0.0,N,,,,,,
59.0716667,-158.4627778,2013-11-29,1,0,90.0,183.0,,Pastick,,0.0,N,,,,,,
58.6605556,-158.0547222,2013-11-29,1,0,110.0,183.0,,Pastick,,0.0,N,,,,,,
58.8408333,-158.2483333,2013-11-29,1,0,100.0,183.0,,Pastick,,0.0,N,,,,,,
58.8480556,-158.2466667,2013-11-29,1,0,85.0,183.0,,Pastick,,0.0,N,,,,,,
58.8622222,-158.2422222,2013-11-29,1,0,49.0,183.0,,Pastick,,0.0,N,,,,,,
58.7733333,-157.9288889,2013-11-29,1,0,140.0,183.0,,Pastick,,0.0,N,,,,,,
58.7763889,-157.9402778,2013-11-29,1,0,26.0,90.0,,Pastick,,0.0,N,,,,,,
59.2291667,-157.9738889,2013-11-29,1,0,130.0,183.0,,Pastick,,0.0,N,,,,,,
59.2216667,-157.9722222,2013-11-29,1,0,130.0,183.0,,Pastick,,0.0,N,,,,,,
59.2119444,-157.9661111,2013-11-29,1,0,98.0,183.0,,Pastick,,0.0,N,,,,,,
59.1872222,-158.3163889,2013-11-29,1,0,60.0,183.0,,Pastick,,0.0,N,,,,,,
59.185,-158.2894444,2013-11-29,1,0,125.0,183.0,,Pastick,,0.0,N,,,,,,
59.1841667,-158.2763889,2013-11-29,1,0,63.0,183.0,,Pastick,,0.0,N,,,,,,
58.9894444,-157.0947222,2013-11-29,1,0,150.0,190.0,,Pastick,,0.0,N,,,,,,
58.9886111,-157.1097222,2013-11-29,1,0,50.0,56.0,,Pastick,,0.0,N,,,,,,
59.5938889,-158.0933333,2013-11-29,1,0,31.0,60.0,,Pastick,,0.0,N,,,,,,
59.6108333,-158.1036111,2013-11-29,1,0,11.0,55.0,,Pastick,,0.0,N,,,,,,
59.6138889,-158.0958333,2013-11-29,1,0,41.0,125.0,,Pastick,,0.0,N,,,,,,
59.5938889,-158.0694444,2013-11-29,1,0,61.0,80.0,,Pastick,,0.0,N,,,,,,
59.1588889,-157.5566667,2013-11-29,1,0,69.0,183.0,,Pastick,,0.0,N,,,,,,
59.1533333,-157.5586111,2013-11-29,1,0,21.0,90.0,,Pastick,,0.0,N,,,,,,
59.0408333,-158.0111111,2013-11-29,1,0,155.0,190.0,,Pastick,,0.0,N,,,,,,
59.0416667,-157.9997222,2013-11-29,1,0,85.0,190.0,,Pastick,,0.0,N,,,,,,
59.5572222,-157.5702778,2013-11-29,1,0,95.0,190.0,,Pastick,,0.0,N,,,,,,
59.8119444,-157.5483333,2013-11-29,1,0,170.0,185.0,,Pastick,,0.0,N,,,,,,
59.8169444,-157.5611111,2013-11-29,1,0,140.0,170.0,,Pastick,,0.0,N,,,,,,
59.715,-157.9622222,2013-11-29,1,0,170.0,190.0,,Pastick,,0.0,N,,,,,,
59.7105556,-157.95,2013-11-29,1,0,80.0,110.0,,Pastick,,0.0,N,,,,,,
59.7091667,-157.9355556,2013-11-29,1,0,70.0,100.0,,Pastick,,0.0,N,,,,,,
59.71,-157.9333333,2013-11-29,1,0,90.0,125.0,,Pastick,,0.0,N,,,,,,
59.0691667,-157.4333333,2013-11-29,1,0,47.0,190.0,,Pastick,,0.0,N,,,,,,
59.0702778,-157.4177778,2013-11-29,1,0,80.0,190.0,,Pastick,,0.0,N,,,,,,
59.0736111,-157.4041667,2013-11-29,1,0,26.0,130.0,,Pastick,,0.0,N,,,,,,
58.905,-158.095,2013-11-29,1,0,180.0,190.0,,Pastick,,0.0,N,,,,,,
58.9069444,-158.0980556,2013-11-29,1,0,150.0,190.0,,Pastick,,0.0,N,,,,,,
58.9133333,-158.1011111,2013-11-29,1,0,175.0,190.0,,Pastick,,0.0,N,,,,,,
58.9155556,-158.1030556,2013-11-29,1,0,130.0,190.0,,Pastick,,0.0,N,,,,,,
58.9197222,-158.1058333,2013-11-29,1,0,57.0,190.0,,Pastick,,0.0,N,,,,,,
59.8391667,-156.9669444,2013-11-29,1,0,175.0,190.0,,Pastick,,0.0,N,,,,,,
59.49,-156.5622222,2013-11-29,1,0,88.0,150.0,,Pastick,,0.0,N,,,,,,
59.5030556,-156.5791667,2013-11-29,1,0,32.0,130.0,,Pastick,,0.0,N,,,,,,
59.5505556,-156.7755556,2013-11-29,1,0,110.0,145.0,,Pastick,,0.0,N,,,,,,
59.5363889,-156.7816667,2013-11-29,1,0,47.0,85.0,,Pastick,,0.0,N,,,,,,
59.5136111,-156.7966667,2013-11-29,1,0,90.0,110.0,,Pastick,,0.0,N,,,,,,
58.7877778,-158.3152778,2013-11-29,1,0,180.0,190.0,,Pastick,,0.0,N,,,,,,
58.8094444,-158.3791667,2013-11-29,1,0,165.0,190.0,,Pastick,,0.0,N,,,,,,
58.8169444,-158.4477778,2013-11-29,1,0,120.0,150.0,,Pastick,,0.0,N,,,,,,
59.8508333,-158.3197222,2013-11-29,1,0,61.0,115.0,,Pastick,,0.0,N,,,,,,
59.8566667,-158.2530556,2013-11-29,1,0,95.0,100.0,,Pastick,,0.0,N,,,,,,
59.6023028,-157.2240694,2013-11-29,1,0,60.0,180.0,,Pastick,,0.0,N,,,,,,
58.6986111,-158.21,2013-11-29,1,0,30.0,152.0,,Pastick,,0.0,N,,,,,,
59.4197222,-158.1386111,2013-11-29,1,0,170.0,195.0,,Pastick,,0.0,N,,,,,,
59.4225,-158.1369444,2013-11-29,1,0,115.0,170.0,,Pastick,,0.0,N,,,,,,
59.4338889,-158.1277778,2013-11-29,1,0,95.0,152.0,,Pastick,,0.0,N,,,,,,
59.4344444,-158.1233333,2013-11-29,1,0,91.0,185.0,,Pastick,,0.0,N,,,,,,
58.8622222,-157.7997222,2013-11-29,1,0,135.0,190.0,,Pastick,,0.0,N,,,,,,
58.8602778,-157.8247222,2013-11-29,1,0,155.0,175.0,,Pastick,,0.0,N,,,,,,
59.1263889,-157.7472222,2013-11-29,1,0,90.0,190.0,,Pastick,,0.0,N,,,,,,
59.1283333,-157.7575,2013-11-29,1,0,145.0,180.0,,Pastick,,0.0,N,,,,,,
59.1302778,-157.7658333,2013-11-29,1,0,85.0,190.0,,Pastick,,0.0,N,,,,,,
59.1352778,-157.7919444,2013-11-29,1,0,175.0,190.0,,Pastick,,0.0,N,,,,,,
59.0583333,-158.2233333,2013-11-29,1,0,105.0,190.0,,Pastick,,0.0,N,,,,,,
59.055,-158.22,2013-11-29,1,0,95.0,152.0,,Pastick,,0.0,N,,,,,,
58.765,-157.5519444,2013-11-29,1,0,137.0,190.0,,Pastick,,0.0,N,,,,,,
58.7730556,-157.5375,2013-11-29,1,0,115.0,190.0,,Pastick,,0.0,N,,,,,,
59.0027778,-158.3355556,2013-11-29,1,0,155.0,190.0,,Pastick,,0.0,N,,,,,,
58.9966667,-158.2916667,2013-11-29,1,0,160.0,183.0,,Pastick,,0.0,N,,,,,,
58.9783333,-157.8955556,2013-11-29,1,0,66.0,92.0,,Pastick,,0.0,N,,,,,,
58.9780556,-157.8844444,2013-11-29,1,0,51.0,183.0,,Pastick,,0.0,N,,,,,,
58.9725,-157.8702778,2013-11-29,1,0,120.0,183.0,,Pastick,,0.0,N,,,,,,
59.0661111,-158.4366667,2013-11-29,1,0,94.0,180.0,,Pastick,,0.0,N,,,,,,
59.0644444,-158.4347222,2013-11-29,1,0,43.0,180.0,,Pastick,,0.0,N,,,,,,
59.0597222,-158.44,2013-11-29,1,0,110.0,180.0,,Pastick,,0.0,N,,,,,,
59.0566667,-158.4402778,2013-11-29,1,0,135.0,180.0,,Pastick,,0.0,N,,,,,,
59.0480556,-158.5113889,2013-11-29,1,0,170.0,190.0,,Pastick,,0.0,N,,,,,,
59.0538889,-158.5102778,2013-11-29,1,0,93.0,180.0,,Pastick,,0.0,N,,,,,,
59.6808333,-158.0777778,2013-11-29,1,0,90.0,135.0,,Pastick,,0.0,N,,,,,,
59.6811111,-158.1063889,2013-11-29,1,0,16.0,162.0,,Pastick,,0.0,N,,,,,,
59.6694444,-157.5525,2013-11-29,1,0,130.0,160.0,,Pastick,,0.0,N,,,,,,
59.6625,-157.5558333,2013-11-29,1,0,130.0,165.0,,Pastick,,0.0,N,,,,,,
59.6552778,-157.5594444,2013-11-29,1,0,127.0,170.0,,Pastick,,0.0,N,,,,,,
59.8008333,-157.8008333,2013-11-29,1,0,112.0,170.0,,Pastick,,0.0,N,,,,,,
59.7969444,-157.7972222,2013-11-29,1,0,85.0,152.0,,Pastick,,0.0,N,,,,,,
59.7758333,-157.7952778,2013-11-29,1,0,152.0,170.0,,Pastick,,0.0,N,,,,,,
59.9402778,-158.1161111,2013-11-29,1,0,165.0,175.0,,Pastick,,0.0,N,,,,,,
59.9433333,-158.1936111,2013-11-29,1,0,137.0,155.0,,Pastick,,0.0,N,,,,,,
58.7236111,-158.2966667,2013-11-29,1,0,140.0,190.0,,Pastick,,0.0,N,,,,,,
58.7286111,-158.3166667,2013-11-29,1,0,0.0,0.0,,Pastick,,0.0,N,,,,,,
59.1913889,-158.0052778,2013-11-29,1,0,140.0,190.0,,Pastick,,0.0,N,,,,,,
59.1752778,-158.02,2013-11-29,1,0,115.0,190.0,,Pastick,,0.0,N,,,,,,
59.1727778,-158.0219444,2013-11-29,1,0,160.0,190.0,,Pastick,,0.0,N,,,,,,
59.1669444,-158.0272222,2013-11-29,1,0,160.0,190.0,,Pastick,,0.0,N,,,,,,
59.3272222,-157.8708333,2013-11-29,1,0,130.0,150.0,,Pastick,,0.0,N,,,,,,
59.3352778,-157.8725,2013-11-29,1,0,65.0,190.0,,Pastick,,0.0,N,,,,,,
59.3422222,-157.8722222,2013-11-29,1,0,66.0,190.0,,Pastick,,0.0,N,,,,,,
59.345,-157.8727778,2013-11-29,1,0,80.0,190.0,,Pastick,,0.0,N,,,,,,
59.3513889,-157.8788889,2013-11-29,1,0,40.0,190.0,,Pastick,,0.0,N,,,,,,
59.3536111,-157.8805556,2013-11-29,1,0,150.0,190.0,,Pastick,,0.0,N,,,,,,
59.0991667,-158.3061111,2013-11-29,1,0,84.0,190.0,,Pastick,,0.0,N,,,,,,
59.0975,-158.3061111,2013-11-29,1,0,84.0,190.0,,Pastick,,0.0,N,,,,,,
59.0963889,-158.3041667,2013-11-29,1,0,125.0,190.0,,Pastick,,0.0,N,,,,,,
59.2027778,-157.1741667,2013-11-29,1,0,70.0,100.0,,Pastick,,0.0,N,,,,,,
59.2016667,-157.1825,2013-11-29,1,0,100.0,125.0,,Pastick,,0.0,N,,,,,,
59.0644444,-157.1980556,2013-11-29,1,0,90.0,190.0,,Pastick,,0.0,N,,,,,,
59.0713889,-157.2377778,2013-11-29,1,0,115.0,190.0,,Pastick,,0.0,N,,,,,,
59.0708333,-157.2444444,2013-11-29,1,0,110.0,190.0,,Pastick,,0.0,N,,,,,,
59.5680556,-157.77,2013-11-29,1,0,105.0,190.0,,Pastick,,0.0,N,,,,,,
59.5641667,-157.7719444,2013-11-29,1,0,74.0,100.0,,Pastick,,0.0,N,,,,,,
59.5605556,-157.7786111,2013-11-29,1,0,115.0,190.0,,Pastick,,0.0,N,,,,,,
59.5583333,-157.7813889,2013-11-29,1,0,130.0,190.0,,Pastick,,0.0,N,,,,,,
59.0416667,-158.5647222,2013-11-29,1,0,170.0,190.0,,Pastick,,0.0,N,,,,,,
59.3913889,-158.3005556,2013-11-29,1,0,52.0,152.0,,Pastick,,0.0,N,,,,,,
59.3886111,-158.3008333,2013-11-29,1,0,87.0,152.0,,Pastick,,0.0,N,,,,,,
58.8244444,-157.8280556,2013-11-29,1,0,56.0,100.0,,Pastick,,0.0,N,,,,,,
59.2702778,-157.9383333,2013-11-29,1,0,125.0,190.0,,Pastick,,0.0,N,,,,,,
59.2713889,-157.9311111,2013-11-29,1,0,163.0,190.0,,Pastick,,0.0,N,,,,,,
59.2741667,-157.9163889,2013-11-29,1,0,67.0,67.0,,Pastick,,0.0,N,,,,,,
59.2680556,-157.9016667,2013-11-29,1,0,95.0,190.0,,Pastick,,0.0,N,,,,,,
58.9038889,-157.3413889,2013-11-29,1,0,150.0,183.0,,Pastick,,0.0,N,,,,,,
59.5061111,-157.9125,2013-11-29,1,0,60.0,100.0,,Pastick,,0.0,N,,,,,,
59.5058333,-157.9144444,2013-11-29,1,0,175.0,190.0,,Pastick,,0.0,N,,,,,,
59.0433333,-158.5380556,2013-11-29,1,0,120.0,190.0,,Pastick,,0.0,N,,,,,,
59.0261111,-158.5302778,2013-11-29,1,0,125.0,190.0,,Pastick,,0.0,N,,,,,,
59.4257556,-157.5493444,2013-11-29,1,0,170.0,190.0,,Pastick,,0.0,N,,,,,,
59.4245278,-157.5494333,2013-11-29,1,0,130.0,150.0,,Pastick,,0.0,N,,,,,,
59.4218778,-157.5528083,2013-11-29,1,0,115.0,190.0,,Pastick,,0.0,N,,,,,,
59.4170056,-157.5538778,2013-11-29,1,0,100.0,190.0,,Pastick,,0.0,N,,,,,,
59.4098056,-157.5508556,2013-11-29,1,0,53.0,190.0,,Pastick,,0.0,N,,,,,,
59.3974806,-157.5442333,2013-11-29,1,0,80.0,110.0,,Pastick,,0.0,N,,,,,,
59.3076833,-157.2374528,2013-11-29,1,0,72.0,130.0,,Pastick,,0.0,N,,,,,,
59.5073778,-157.9076417,2013-11-29,1,0,150.0,190.0,,Pastick,,0.0,N,,,,,,
59.0761111,-158.4883333,2013-11-29,1,0,120.0,183.0,,Pastick,,0.0,N,,,,,,
59.0733333,-158.5138889,2013-11-29,1,0,49.0,183.0,,Pastick,,0.0,N,,,,,,
59.0207583,-158.5432056,2013-11-29,1,0,31.0,100.0,,Pastick,,0.0,N,,,,,,
59.0238889,-158.5594444,2013-11-29,1,0,120.0,180.0,,Pastick,,0.0,N,,,,,,
59.0683333,-158.5588889,2013-11-29,1,0,160.0,190.0,,Pastick,,0.0,N,,,,,,
59.0594444,-158.5563889,2013-11-29,1,0,105.0,190.0,,Pastick,,0.0,N,,,,,,
58.8233333,-158.5416667,2013-11-29,1,0,165.0,190.0,,Pastick,,0.0,N,,,,,,
58.8297222,-158.5491667,2013-11-29,1,0,48.0,150.0,,Pastick,,0.0,N,,,,,,
58.8319444,-158.5469444,2013-11-29,1,0,75.0,190.0,,Pastick,,0.0,N,,,,,,
58.8411111,-158.5363889,2013-11-29,1,0,95.0,100.0,,Pastick,,0.0,N,,,,,,
59.0705556,-158.5072222,2013-11-29,1,0,45.0,190.0,,Pastick,,0.0,N,,,,,,
59.0744444,-158.4911111,2013-11-29,1,0,65.0,190.0,,Pastick,,0.0,N,,,,,,
59.0802778,-158.4944444,2013-11-29,1,0,23.0,70.0,,Pastick,,0.0,N,,,,,,
59.0572222,-158.5536111,2013-11-29,1,0,155.0,190.0,,Pastick,,0.0,N,,,,,,
59.0536111,-158.5511111,2013-11-29,1,0,140.0,190.0,,Pastick,,0.0,N,,,,,,
59.0461111,-158.5577778,2013-11-29,1,0,58.0,70.0,,Pastick,,0.0,N,,,,,,
59.0394444,-158.5863889,2013-11-29,1,0,140.0,190.0,,Pastick,,0.0,N,,,,,,
59.0352778,-158.5869444,2013-11-29,1,0,120.0,185.0,,Pastick,,0.0,N,,,,,,
59.0538889,-158.5761111,2013-11-29,1,0,170.0,190.0,,Pastick,,0.0,N,,,,,,
59.0730556,-158.5347222,2013-11-29,1,0,95.0,155.0,,Pastick,,0.0,N,,,,,,
59.0683333,-158.5377778,2013-11-29,1,0,75.0,190.0,,Pastick,,0.0,N,,,,,,
59.0547222,-158.5247222,2013-11-29,1,0,95.0,190.0,,Pastick,,0.0,N,,,,,,
59.0630556,-158.5233333,2014-02-06,1,0,125.0,190.0,,Pastick,,0.0,N,,,,,,
59.0436111,-158.5230556,2013-11-29,1,0,135.0,190.0,,Pastick,,0.0,N,,,,,,
58.7972222,-158.5502778,2013-11-29,1,0,150.0,182.0,,Pastick,,0.0,N,,,,,,
58.7963889,-158.5447222,2013-11-29,1,0,68.0,150.0,,Pastick,,0.0,N,,,,,,
58.7988889,-158.545,2013-11-29,1,0,80.0,110.0,,Pastick,,0.0,N,,,,,,
58.8130556,-158.5547222,2013-11-29,1,0,60.0,175.0,,Pastick,,0.0,N,,,,,,
58.8147222,-158.5580556,2013-11-29,1,0,50.0,50.0,,Pastick,,0.0,N,,,,,,
59.8083333,-156.5652778,2013-11-29,1,0,51.0,95.0,,Pastick,,0.0,N,,,,,,
59.8288889,-156.5491667,2013-11-29,1,0,95.0,120.0,,Pastick,,0.0,N,,,,,,
59.8422222,-156.5333333,2013-11-29,1,0,45.0,180.0,,Pastick,,0.0,N,,,,,,
59.7911111,-156.0863889,2013-11-29,1,0,95.0,152.0,,Pastick,,0.0,N,,,,,,
59.795,-156.0769444,2014-01-23,1,0,90.0,115.0,,Pastick,,0.0,N,,,,,,
59.7975,-156.0755556,2013-11-29,1,0,58.0,80.0,,Pastick,,0.0,N,,,,,,
59.9652778,-157.8941667,2013-11-29,1,0,110.0,145.0,,Pastick,,0.0,N,,,,,,
59.9661111,-157.89,2013-11-29,1,0,170.0,180.0,,Pastick,,0.0,N,,,,,,
60.0897222,-158.4547222,2013-11-29,1,0,55.0,100.0,,Pastick,,0.0,N,,,,,,
59.9769444,-157.8294444,2013-11-29,1,0,55.0,170.0,,Pastick,,0.0,N,,,,,,
59.9763889,-157.8413889,2013-11-29,1,0,115.0,160.0,,Pastick,,0.0,N,,,,,,
60.0977778,-158.4686111,2013-11-29,1,0,47.0,80.0,,Pastick,,0.0,N,,,,,,
60.0963889,-158.4661111,2013-11-29,1,0,65.0,150.0,,Pastick,,0.0,N,,,,,,
60.0944444,-158.4630556,2013-11-29,1,0,45.0,80.0,,Pastick,,0.0,N,,,,,,
60.3108333,-158.7519444,2013-11-29,1,0,52.0,90.0,,Pastick,,0.0,N,,,,,,
60.3105556,-158.7505556,2013-11-29,1,0,40.0,85.0,,Pastick,,0.0,N,,,,,,
60.31,-158.7508333,2014-02-07,1,0,68.0,90.0,,Pastick,,0.0,N,,,,,,
60.3108333,-158.7286111,2013-11-29,1,0,18.0,80.0,,Pastick,,0.0,N,,,,,,
60.3116667,-158.7111111,2013-11-29,1,0,29.0,70.0,,Pastick,,0.0,N,,,,,,
60.3052778,-158.6405556,2013-11-29,1,0,80.0,110.0,,Pastick,,0.0,N,,,,,,
60.1877778,-159.5838889,2013-11-29,1,0,60.0,80.0,,Pastick,,0.0,N,,,,,,
60.1830556,-159.5822222,2013-11-29,1,0,70.0,80.0,,Pastick,,0.0,N,,,,,,
60.1886111,-159.5819444,2013-11-29,1,0,55.0,70.0,,Pastick,,0.0,N,,,,,,
59.9544444,-158.9077778,2013-11-29,1,0,140.0,160.0,,Pastick,,0.0,N,,,,,,
59.9733333,-158.815,2013-11-29,1,0,68.0,95.0,,Pastick,,0.0,N,,,,,,
59.9725,-158.8177778,2013-11-29,1,0,81.0,145.0,,Pastick,,0.0,N,,,,,,
59.9825,-158.7269444,2013-11-29,1,0,59.0,95.0,,Pastick,,0.0,N,,,,,,
59.9805556,-158.7263889,2013-11-29,1,0,160.0,170.0,,Pastick,,0.0,N,,,,,,
59.8188889,-156.3266667,2014-02-04,1,0,140.0,183.0,,Pastick,,0.0,N,,,,,,
59.8572222,-157.3047222,2013-11-29,1,0,140.0,190.0,,Pastick,,0.0,N,,,,,,
59.8552778,-157.305,2013-11-29,1,0,95.0,152.0,,Pastick,,0.0,N,,,,,,
59.8544444,-157.305,2013-11-29,1,0,125.0,152.0,,Pastick,,0.0,N,,,,,,
59.8461111,-157.2913889,2013-11-29,1,0,62.0,110.0,,Pastick,,0.0,N,,,,,,
59.8455556,-157.2888889,2013-11-29,1,0,60.0,85.0,,Pastick,,0.0,N,,,,,,
59.8433333,-157.2861111,2013-11-29,1,0,19.0,75.0,,Pastick,,0.0,N,,,,,,
59.8180556,-157.0302778,2013-11-29,1,0,130.0,165.0,,Pastick,,0.0,N,,,,,,
59.7925,-157.1127778,2013-11-29,1,0,135.0,180.0,,Pastick,,0.0,N,,,,,,
59.9461111,-156.6308333,2013-11-29,1,0,203.0,213.0,,Pastick,,0.0,N,,,,,,
59.9369444,-156.5188889,2013-11-29,1,0,110.0,140.0,,Pastick,,0.0,N,,,,,,
59.6741667,-155.9916667,2013-11-29,1,0,102.0,118.0,,Pastick,,0.0,N,,,,,,
59.6930556,-156.0222222,2013-11-29,1,0,62.0,105.0,,Pastick,,0.0,N,,,,,,
59.6933333,-156.0202778,2013-11-29,1,0,73.0,115.0,,Pastick,,0.0,N,,,,,,
59.7080556,-156.0438889,2013-11-29,1,0,78.0,105.0,,Pastick,,0.0,N,,,,,,
60.0938889,-158.2422222,2013-11-29,1,0,52.0,145.0,,Pastick,,0.0,N,,,,,,
60.0925,-158.2427778,2013-11-29,1,0,83.0,180.0,,Pastick,,0.0,N,,,,,,
60.0827778,-158.2619444,2013-11-29,1,0,103.0,160.0,,Pastick,,0.0,N,,,,,,
60.0819444,-158.2622222,2013-11-29,1,0,88.0,130.0,,Pastick,,0.0,N,,,,,,
60.0802778,-158.2697222,2013-11-29,1,0,140.0,170.0,,Pastick,,0.0,N,,,,,,
60.0791667,-158.2688889,2013-11-29,1,0,105.0,115.0,,Pastick,,0.0,N,,,,,,
60.0613889,-158.3036111,2013-11-29,1,0,95.0,120.0,,Pastick,,0.0,N,,,,,,
60.0605556,-158.3038889,2013-11-29,1,0,133.0,135.0,,Pastick,,0.0,N,,,,,,
60.1469444,-159.5636111,2013-11-29,1,0,41.0,80.0,,Pastick,,0.0,N,,,,,,
60.1463889,-159.56,2013-11-29,1,0,57.0,105.0,,Pastick,,0.0,N,,,,,,
59.6802778,-156.4330556,2013-11-29,1,0,65.0,100.0,,Pastick,,0.0,N,,,,,,
59.6780556,-156.4386111,2013-11-29,1,0,85.0,110.0,,Pastick,,0.0,N,,,,,,
59.6633333,-156.4847222,2013-11-29,1,0,95.0,115.0,,Pastick,,0.0,N,,,,,,
59.6611111,-156.4883333,2013-11-29,1,0,93.0,140.0,,Pastick,,0.0,N,,,,,,
59.6491667,-156.505,2013-11-29,1,0,82.0,85.0,,Pastick,,0.0,N,,,,,,
59.6375,-156.5547222,2013-11-29,1,0,85.0,110.0,,Pastick,,0.0,N,,,,,,
60.0555556,-157.2147222,2013-11-29,1,0,55.0,90.0,,Pastick,,0.0,N,,,,,,
60.0955556,-157.1672222,2013-11-29,1,0,138.0,190.0,,Pastick,,0.0,N,,,,,,
60.4102778,-158.8027778,2013-11-29,1,0,72.0,105.0,,Pastick,,0.0,N,,,,,,
60.4147222,-158.7694444,2013-11-29,1,0,54.0,100.0,,Pastick,,0.0,N,,,,,,
60.4,-158.7405556,2013-11-29,1,0,38.0,80.0,,Pastick,,0.0,N,,,,,,
60.39,-158.7091667,2013-11-29,1,0,62.0,115.0,,Pastick,,0.0,N,,,,,,
59.7272222,-157.2975,2013-11-29,1,0,180.0,190.0,,Pastick,,0.0,N,,,,,,
59.7219444,-157.3119444,2013-11-29,1,0,96.0,165.0,,Pastick,,0.0,N,,,,,,
59.7258333,-157.3058333,2013-11-29,1,0,81.0,120.0,,Pastick,,0.0,N,,,,,,
59.7166667,-157.3002778,2013-11-29,1,0,140.0,160.0,,Pastick,,0.0,N,,,,,,
59.7197222,-157.3008333,2013-11-29,1,0,61.0,90.0,,Pastick,,0.0,N,,,,,,
59.9566667,-157.6852778,2013-11-29,1,0,115.0,180.0,,Pastick,,0.0,N,,,,,,
58.8075,-158.5633333,2013-11-29,1,0,11.0,90.0,,Pastick,,0.0,N,,,,,,
58.7963889,-158.5497222,2013-11-29,1,0,105.0,183.0,,Pastick,,0.0,N,,,,,,
58.7977778,-158.5438889,2013-11-29,1,0,115.0,183.0,,Pastick,,0.0,N,,,,,,
58.8022222,-158.5536111,2013-11-29,1,0,32.0,60.0,,Pastick,,0.0,N,,,,,,
58.8175,-158.5555556,2013-11-29,1,0,90.0,160.0,,Pastick,,0.0,N,,,,,,
58.8138889,-158.5605556,2013-11-29,1,0,0.0,100.0,,Pastick,,0.0,N,,,,,,
58.8394444,-158.5544444,2013-11-29,1,0,170.0,183.0,,Pastick,,0.0,N,,,,,,
58.8230556,-158.5433333,2013-11-29,1,0,55.0,125.0,,Pastick,,0.0,N,,,,,,
58.8311111,-158.5475,2013-11-29,1,0,130.0,183.0,,Pastick,,0.0,N,,,,,,
58.8322222,-158.5486111,2013-11-29,1,0,110.0,183.0,,Pastick,,0.0,N,,,,,,
58.8361111,-158.5388889,2013-11-29,1,0,67.0,183.0,,Pastick,,0.0,N,,,,,,
59.0869444,-158.5555556,2013-11-29,1,0,60.0,183.0,,Pastick,,0.0,N,,,,,,
59.0711111,-158.505,2013-11-29,1,0,115.0,183.0,,Pastick,,0.0,N,,,,,,
59.9605556,-157.7244444,2013-11-29,1,0,90.0,125.0,,Pastick,,0.0,N,,,,,,
60.0616667,-159.2730556,2013-11-29,1,0,55.0,100.0,,Pastick,,0.0,N,,,,,,
60.0613889,-159.2686111,2013-11-29,1,0,50.0,57.0,,Pastick,,0.0,N,,,,,,
60.0608333,-159.2641667,2013-11-29,1,0,55.0,70.0,,Pastick,,0.0,N,,,,,,
60.0544444,-159.2075,2013-11-29,1,0,70.0,80.0,,Pastick,,0.0,N,,,,,,
60.0533333,-159.2019444,2013-11-29,1,0,69.0,93.0,,Pastick,,0.0,N,,,,,,
59.6994444,-156.8127778,2013-11-29,1,0,85.0,100.0,,Pastick,,0.0,N,,,,,,
59.7294444,-157.2933333,2013-11-29,1,0,140.0,170.0,,Pastick,,0.0,N,,,,,,
59.7272222,-157.2875,2013-11-29,1,0,120.0,165.0,,Pastick,,0.0,N,,,,,,
59.7277778,-157.2813889,2013-11-29,1,0,110.0,180.0,,Pastick,,0.0,N,,,,,,
59.7272222,-157.2697222,2013-11-29,1,0,120.0,160.0,,Pastick,,0.0,N,,,,,,
60.0522222,-156.8063889,2013-11-29,1,0,50.0,85.0,,Pastick,,0.0,N,,,,,,
60.0511111,-156.8016667,2013-11-29,1,0,75.0,125.0,,Pastick,,0.0,N,,,,,,
60.1686111,-158.5025,2013-11-29,1,0,24.0,85.0,,Pastick,,0.0,N,,,,,,
60.1713889,-158.5058333,2013-11-29,1,0,37.0,152.0,,Pastick,,0.0,N,,,,,,
60.1733333,-158.5122222,2013-11-29,1,0,44.0,120.0,,Pastick,,0.0,N,,,,,,
60.1741667,-158.5152778,2013-11-29,1,0,60.0,85.0,,Pastick,,0.0,N,,,,,,
59.7222222,-157.2577778,2013-11-29,1,0,140.0,180.0,,Pastick,,0.0,N,,,,,,
59.7138889,-157.2597222,2013-11-29,1,0,46.0,65.0,,Pastick,,0.0,N,,,,,,
59.7927778,-157.4405556,2013-11-29,1,0,150.0,180.0,,Pastick,,0.0,N,,,,,,
59.7866667,-157.4330556,2013-11-29,1,0,140.0,150.0,,Pastick,,0.0,N,,,,,,
59.7330556,-157.2013889,2013-11-29,1,0,65.0,120.0,,Pastick,,0.0,N,,,,,,
59.7366667,-157.2027778,2013-11-29,1,0,120.0,135.0,,Pastick,,0.0,N,,,,,,
59.7386111,-157.2047222,2013-11-29,1,0,60.0,100.0,,Pastick,,0.0,N,,,,,,
59.5044444,-157.1302778,2013-11-29,1,0,125.0,130.0,,Pastick,,0.0,N,,,,,,
59.7291667,-157.2755556,2013-11-29,1,0,45.0,80.0,,Pastick,,0.0,N,,,,,,
59.8161111,-157.51,2013-11-29,1,0,160.0,180.0,,Pastick,,0.0,N,,,,,,
59.7530556,-157.3480556,2013-11-29,1,0,120.0,130.0,,Pastick,,0.0,N,,,,,,
59.7541667,-157.3475,2013-11-29,1,0,47.0,115.0,,Pastick,,0.0,N,,,,,,
59.7555556,-157.3461111,2013-11-29,1,0,44.0,100.0,,Pastick,,0.0,N,,,,,,
59.7572222,-157.3466667,2013-11-29,1,0,76.0,115.0,,Pastick,,0.0,N,,,,,,
59.7266667,-157.1961111,2013-11-29,1,0,4.0,115.0,,Pastick,,0.0,N,,,,,,
59.7258333,-157.2002778,2013-11-29,1,0,41.0,75.0,,Pastick,,0.0,N,,,,,,
59.7219444,-157.2061111,2013-11-29,1,0,140.0,180.0,,Pastick,,0.0,N,,,,,,
59.7236111,-157.2113889,2013-11-29,1,0,120.0,130.0,,Pastick,,0.0,N,,,,,,
59.7238889,-157.215,2013-11-29,1,0,115.0,120.0,,Pastick,,0.0,N,,,,,,
59.7219444,-157.2186111,2013-11-29,1,0,160.0,180.0,,Pastick,,0.0,N,,,,,,
59.6936111,-157.1797222,2013-11-29,1,0,80.0,150.0,,Pastick,,0.0,N,,,,,,
59.6688889,-157.1525,2013-11-29,1,0,130.0,150.0,,Pastick,,0.0,N,,,,,,
59.6675,-157.1636111,2013-11-29,1,0,170.0,175.0,,Pastick,,0.0,N,,,,,,
59.5958333,-157.0741667,2013-11-29,1,0,120.0,180.0,,Pastick,,0.0,N,,,,,,
59.5930556,-157.0772222,2013-11-29,1,0,92.0,180.0,,Pastick,,0.0,N,,,,,,
59.5913889,-157.0788889,2013-11-29,1,0,75.0,160.0,,Pastick,,0.0,N,,,,,,
59.5905556,-157.0794444,2013-11-29,1,0,71.0,180.0,,Pastick,,0.0,N,,,,,,
59.5872222,-157.0822222,2013-11-29,1,0,140.0,180.0,,Pastick,,0.0,N,,,,,,
59.5836111,-157.0861111,2013-11-29,1,0,140.0,180.0,,Pastick,,0.0,N,,,,,,
59.5822222,-157.0883333,2013-11-29,1,0,120.0,180.0,,Pastick,,0.0,N,,,,,,
59.5802778,-157.0927778,2013-11-29,1,0,61.0,115.0,,Pastick,,0.0,N,,,,,,
59.5477778,-157.07,2013-11-29,1,0,75.0,115.0,,Pastick,,0.0,N,,,,,,
59.5472222,-157.0677778,2013-11-29,1,0,160.0,180.0,,Pastick,,0.0,N,,,,,,
59.5452778,-157.06,2013-11-29,1,0,140.0,180.0,,Pastick,,0.0,N,,,,,,
59.5455556,-157.0547222,2013-11-29,1,0,95.0,115.0,,Pastick,,0.0,N,,,,,,
59.5427778,-157.0533333,2013-11-29,1,0,115.0,125.0,,Pastick,,0.0,N,,,,,,
59.5502778,-157.0655556,2013-11-29,1,0,120.0,150.0,,Pastick,,0.0,N,,,,,,
59.4955556,-157.185,2013-11-29,1,0,15.0,110.0,,Pastick,,0.0,N,,,,,,
59.4980556,-157.1805556,2013-11-29,1,0,92.0,170.0,,Pastick,,0.0,N,,,,,,
59.5013889,-157.1852778,2013-11-29,1,0,150.0,170.0,,Pastick,,0.0,N,,,,,,
59.5041667,-157.1877778,2013-11-29,1,0,160.0,180.0,,Pastick,,0.0,N,,,,,,
59.5025,-157.175,2013-11-29,1,0,65.0,145.0,,Pastick,,0.0,N,,,,,,
59.6238889,-157.0697222,2013-11-29,1,0,36.0,70.0,,Pastick,,0.0,N,,,,,,
59.6247222,-157.0738889,2013-11-29,1,0,120.0,150.0,,Pastick,,0.0,N,,,,,,
59.6302778,-157.0938889,2013-11-29,1,0,55.0,120.0,,Pastick,,0.0,N,,,,,,
59.6302778,-157.0958333,2013-11-29,1,0,48.0,90.0,,Pastick,,0.0,N,,,,,,
58.905,-157.7133333,2013-11-29,1,0,140.0,180.0,,Pastick,,0.0,N,,,,,,
58.9358333,-157.6763889,2013-11-29,1,0,95.0,180.0,,Pastick,,0.0,N,,,,,,
58.9388889,-157.6794444,2013-11-29,1,0,140.0,180.0,,Pastick,,0.0,N,,,,,,
58.9402778,-157.6808333,2013-11-29,1,0,130.0,150.0,,Pastick,,0.0,N,,,,,,
58.9394444,-157.6819444,2013-11-29,1,0,100.0,150.0,,Pastick,,0.0,N,,,,,,
58.9044444,-157.7233333,2013-11-29,1,0,65.0,140.0,,Pastick,,0.0,N,,,,,,
58.9041667,-157.7213889,2013-11-29,1,0,150.0,180.0,,Pastick,,0.0,N,,,,,,
58.9058333,-157.7225,2013-11-29,1,0,25.0,180.0,,Pastick,,0.0,N,,,,,,
59.0822222,-158.5938889,2013-11-29,1,0,170.0,180.0,,Pastick,,0.0,N,,,,,,
59.0830556,-158.6052778,2013-11-29,1,0,47.0,80.0,,Pastick,,0.0,N,,,,,,
59.0852778,-158.6011111,2013-11-29,1,0,65.0,180.0,,Pastick,,0.0,N,,,,,,
59.0922222,-158.5947222,2013-11-29,1,0,130.0,180.0,,Pastick,,0.0,N,,,,,,
59.1138889,-158.6155556,2013-11-29,1,0,140.0,180.0,,Pastick,,0.0,N,,,,,,
59.1125,-158.6233333,2013-11-29,1,0,145.0,180.0,,Pastick,,0.0,N,,,,,,
59.0744444,-158.5569444,2013-11-29,1,0,80.0,180.0,,Pastick,,0.0,N,,,,,,
59.0780556,-158.5588889,2013-11-29,1,0,100.0,180.0,,Pastick,,0.0,N,,,,,,
59.7888889,-157.4163889,2013-11-29,1,0,125.0,155.0,,Pastick,,0.0,N,,,,,,
59.7916667,-157.4111111,2013-11-29,1,0,135.0,140.0,,Pastick,,0.0,N,,,,,,
59.7913889,-157.4086111,2013-11-29,1,0,180.0,185.0,,Pastick,,0.0,N,,,,,,
59.7363889,-157.3433333,2013-11-29,1,0,58.0,90.0,,Pastick,,0.0,N,,,,,,
59.7355556,-157.3425,2013-11-29,1,0,52.0,85.0,,Pastick,,0.0,N,,,,,,
59.7361111,-157.3458333,2013-11-29,1,0,95.0,100.0,,Pastick,,0.0,N,,,,,,
59.7327778,-157.35,2013-11-29,1,0,110.0,145.0,,Pastick,,0.0,N,,,,,,
59.7316667,-157.3491667,2013-11-29,1,0,120.0,180.0,,Pastick,,0.0,N,,,,,,
59.7375,-157.2369444,2013-11-29,1,0,51.0,100.0,,Pastick,,0.0,N,,,,,,
59.7177778,-157.1769444,2013-11-29,1,0,92.0,112.0,,Pastick,,0.0,N,,,,,,
59.7186111,-157.1730556,2013-11-29,1,0,170.0,190.0,,Pastick,,0.0,N,,,,,,
59.7191667,-157.1694444,2013-11-29,1,0,135.0,180.0,,Pastick,,0.0,N,,,,,,
59.7205556,-157.1686111,2013-11-29,1,0,172.0,192.0,,Pastick,,0.0,N,,,,,,
59.7222222,-157.1680556,2013-11-29,1,0,130.0,195.0,,Pastick,,0.0,N,,,,,,
59.7158333,-157.1797222,2013-11-29,1,0,50.0,75.0,,Pastick,,0.0,N,,,,,,
59.6641667,-157.1308333,2013-11-29,1,0,57.0,112.0,,Pastick,,0.0,N,,,,,,
59.6655556,-157.1244444,2013-11-29,1,0,75.0,100.0,,Pastick,,0.0,N,,,,,,
59.6663889,-157.1230556,2013-11-29,1,0,110.0,162.0,,Pastick,,0.0,N,,,,,,
59.6694444,-157.1227778,2013-11-29,1,0,75.0,100.0,,Pastick,,0.0,N,,,,,,
59.6283333,-157.1158333,2013-11-29,1,0,140.0,185.0,,Pastick,,0.0,N,,,,,,
59.6286111,-157.1219444,2013-11-29,1,0,192.0,205.0,,Pastick,,0.0,N,,,,,,
59.6280556,-157.1275,2013-11-29,1,0,2.0,4.0,,Pastick,,0.0,N,,,,,,
59.6236111,-157.1275,2013-11-29,1,0,130.0,152.0,,Pastick,,0.0,N,,,,,,
59.6286111,-157.1127778,2013-11-29,1,0,31.0,70.0,,Pastick,,0.0,N,,,,,,
59.5986111,-157.0588889,2013-11-29,1,0,170.0,175.0,,Pastick,,0.0,N,,,,,,
59.6,-157.0563889,2013-11-29,1,0,70.0,180.0,,Pastick,,0.0,N,,,,,,
59.6011111,-157.0547222,2013-11-29,1,0,180.0,182.0,,Pastick,,0.0,N,,,,,,
59.6036111,-157.0497222,2013-11-29,1,0,140.0,180.0,,Pastick,,0.0,N,,,,,,
59.605,-157.0455556,2013-11-29,1,0,75.0,110.0,,Pastick,,0.0,N,,,,,,
59.6030556,-157.0405556,2013-11-29,1,0,115.0,120.0,,Pastick,,0.0,N,,,,,,
59.5486111,-157.0977778,2013-11-29,1,0,60.0,180.0,,Pastick,,0.0,N,,,,,,
59.5508333,-157.1025,2013-11-29,1,0,40.0,120.0,,Pastick,,0.0,N,,,,,,
59.5516667,-157.1041667,2013-11-29,1,0,105.0,180.0,,Pastick,,0.0,N,,,,,,
59.5544444,-157.1186111,2013-11-29,1,0,120.0,150.0,,Pastick,,0.0,N,,,,,,
59.5566667,-157.1194444,2013-11-29,1,0,90.0,170.0,,Pastick,,0.0,N,,,,,,
59.5561111,-157.0905556,2013-11-29,1,0,170.0,180.0,,Pastick,,0.0,N,,,,,,
59.5169444,-157.0947222,2013-11-29,1,0,36.0,165.0,,Pastick,,0.0,N,,,,,,
59.5177778,-157.0927778,2013-11-29,1,0,115.0,140.0,,Pastick,,0.0,N,,,,,,
59.5161111,-157.0872222,2013-11-29,1,0,60.0,125.0,,Pastick,,0.0,N,,,,,,
59.5147222,-157.0836111,2013-11-29,1,0,175.0,180.0,,Pastick,,0.0,N,,,,,,
59.5155556,-157.0766667,2013-11-29,1,0,62.0,120.0,,Pastick,,0.0,N,,,,,,
59.5169444,-157.0713889,2013-11-29,1,0,160.0,180.0,,Pastick,,0.0,N,,,,,,
59.5188889,-157.0711111,2013-11-29,1,0,170.0,180.0,,Pastick,,0.0,N,,,,,,
59.5183333,-157.0761111,2013-11-29,1,0,36.0,80.0,,Pastick,,0.0,N,,,,,,
59.4816667,-157.1577778,2013-11-29,1,0,140.0,180.0,,Pastick,,0.0,N,,,,,,
59.4830556,-157.1627778,2013-11-29,1,0,120.0,130.0,,Pastick,,0.0,N,,,,,,
59.4886111,-157.1730556,2013-11-29,1,0,145.0,170.0,,Pastick,,0.0,N,,,,,,
59.4902778,-157.1747222,2013-11-29,1,0,100.0,120.0,,Pastick,,0.0,N,,,,,,
59.4919444,-157.1811111,2013-11-29,1,0,100.0,180.0,,Pastick,,0.0,N,,,,,,
58.9072222,-157.7191667,2013-11-29,1,0,82.0,180.0,,Pastick,,0.0,N,,,,,,
58.9094444,-157.7161111,2013-11-29,1,0,150.0,180.0,,Pastick,,0.0,N,,,,,,
58.9230556,-157.7,2013-11-29,1,0,165.0,180.0,,Pastick,,0.0,N,,,,,,
58.9202778,-157.6986111,2013-11-29,1,0,140.0,180.0,,Pastick,,0.0,N,,,,,,
58.9177778,-157.7016667,2013-11-29,1,0,145.0,160.0,,Pastick,,0.0,N,,,,,,
58.9161111,-157.7013889,2013-11-29,1,0,30.0,100.0,,Pastick,,0.0,N,,,,,,
58.9180556,-157.7055556,2013-11-29,1,0,50.0,125.0,,Pastick,,0.0,N,,,,,,
58.9122222,-157.71,2013-11-29,1,0,115.0,125.0,,Pastick,,0.0,N,,,,,,
58.9077778,-157.7213889,2013-11-29,1,0,85.0,150.0,,Pastick,,0.0,N,,,,,,
59.0805556,-158.5827778,2013-11-29,1,0,150.0,180.0,,Pastick,,0.0,N,,,,,,
59.0816667,-158.57,2013-11-29,1,0,85.0,182.0,,Pastick,,0.0,N,,,,,,
59.0877778,-158.5830556,2013-11-29,1,0,160.0,180.0,,Pastick,,0.0,N,,,,,,
59.0969444,-158.5880556,2013-11-29,1,0,95.0,180.0,,Pastick,,0.0,N,,,,,,
59.0975,-158.5758333,2013-11-29,1,0,65.0,100.0,,Pastick,,0.0,N,,,,,,
59.5521722,-157.1060333,2013-11-29,1,0,90.0,150.0,,Pastick,,0.0,N,,,,,,
59.5593306,-157.11225,2013-11-29,1,0,160.0,170.0,,Pastick,,0.0,N,,,,,,
59.5600306,-157.105275,2013-11-29,1,0,85.0,100.0,,Pastick,,0.0,N,,,,,,
59.4917972,-157.1770306,2013-11-29,1,0,110.0,180.0,,Pastick,,0.0,N,,,,,,
59.7348944,-157.2024333,2013-11-29,1,0,145.0,210.0,,Pastick,,0.0,N,,,,,,
59.7937222,-157.4323361,2013-11-29,1,0,120.0,180.0,,Pastick,,0.0,N,,,,,,
59.6225444,-157.0584528,2013-11-29,1,0,120.0,140.0,,Pastick,,0.0,N,,,,,,
59.2713889,-157.6386111,2013-11-29,1,0,97.0,140.0,,Pastick,,0.0,N,,,,,,
59.2730556,-157.6225,2013-11-29,1,0,160.0,170.0,,Pastick,,0.0,N,,,,,,
59.2702778,-157.6244444,2013-11-29,1,0,56.0,125.0,,Pastick,,0.0,N,,,,,,
59.2308333,-157.6527778,2013-11-29,1,0,165.0,185.0,,Pastick,,0.0,N,,,,,,
59.2325,-157.6608333,2013-11-29,1,0,37.0,165.0,,Pastick,,0.0,N,,,,,,
59.2325,-157.6566667,2013-11-29,1,0,92.0,170.0,,Pastick,,0.0,N,,,,,,
59.2152778,-157.6277778,2013-11-29,1,0,117.0,130.0,,Pastick,,0.0,N,,,,,,
59.2138889,-157.6363889,2013-11-29,1,0,155.0,170.0,,Pastick,,0.0,N,,,,,,
59.1819444,-157.6994444,2013-11-29,1,0,72.0,120.0,,Pastick,,0.0,N,,,,,,
59.1827778,-157.7016667,2013-11-29,1,0,125.0,180.0,,Pastick,,0.0,N,,,,,,
59.1811111,-157.7058333,2013-11-29,1,0,135.0,170.0,,Pastick,,0.0,N,,,,,,
59.1858333,-157.7033333,2013-11-29,1,0,75.0,120.0,,Pastick,,0.0,N,,,,,,
59.1866667,-157.7111111,2013-11-29,1,0,158.0,170.0,,Pastick,,0.0,N,,,,,,
59.1863889,-157.7161111,2013-11-29,1,0,140.0,170.0,,Pastick,,0.0,N,,,,,,
59.1830556,-157.7116667,2013-11-29,1,0,145.0,155.0,,Pastick,,0.0,N,,,,,,
59.1444444,-157.7252778,2013-11-29,1,0,53.0,110.0,,Pastick,,0.0,N,,,,,,
59.1419444,-157.7338889,2013-11-29,1,0,110.0,170.0,,Pastick,,0.0,N,,,,,,
59.1358333,-157.7441667,2013-11-29,1,0,136.0,180.0,,Pastick,,0.0,N,,,,,,
59.1361111,-157.7455556,2013-11-29,1,0,105.0,155.0,,Pastick,,0.0,N,,,,,,
59.1352778,-157.7433333,2013-11-29,1,0,135.0,150.0,,Pastick,,0.0,N,,,,,,
59.1127778,-157.7422222,2013-11-29,1,0,120.0,180.0,,Pastick,,0.0,N,,,,,,
59.1119444,-157.7405556,2013-11-29,1,0,96.0,125.0,,Pastick,,0.0,N,,,,,,
59.1116667,-157.7377778,2013-11-29,1,0,140.0,155.0,,Pastick,,0.0,N,,,,,,
59.1102778,-157.7355556,2013-11-29,1,0,120.0,145.0,,Pastick,,0.0,N,,,,,,
59.1097222,-157.7308333,2014-02-05,1,0,150.0,183.0,,Pastick,,0.0,N,,,,,,
59.0919444,-157.7388889,2013-11-29,1,0,87.0,110.0,,Pastick,,0.0,N,,,,,,
59.0927778,-157.7355556,2013-11-29,1,0,115.0,180.0,,Pastick,,0.0,N,,,,,,
59.0938889,-157.7247222,2013-11-29,1,0,36.0,80.0,,Pastick,,0.0,N,,,,,,
59.0911111,-157.7261111,2013-11-29,1,0,160.0,170.0,,Pastick,,0.0,N,,,,,,
59.0752778,-157.7566667,2013-11-29,1,0,96.0,115.0,,Pastick,,0.0,N,,,,,,
59.0761111,-157.7572222,2013-11-29,1,0,105.0,120.0,,Pastick,,0.0,N,,,,,,
59.0788889,-157.7569444,2013-11-29,1,0,94.0,120.0,,Pastick,,0.0,N,,,,,,
59.0752778,-157.7497222,2013-11-29,1,0,140.0,165.0,,Pastick,,0.0,N,,,,,,
59.0816667,-157.75,2013-11-29,1,0,58.0,110.0,,Pastick,,0.0,N,,,,,,
59.0797222,-157.7486111,2013-11-29,1,0,84.0,120.0,,Pastick,,0.0,N,,,,,,
59.0736111,-157.7563889,2013-11-29,1,0,105.0,140.0,,Pastick,,0.0,N,,,,,,
59.0725,-157.7552778,2013-11-29,1,0,120.0,140.0,,Pastick,,0.0,N,,,,,,
59.0697222,-157.7472222,2013-11-29,1,0,73.0,120.0,,Pastick,,0.0,N,,,,,,
59.0652778,-157.7258333,2013-11-29,1,0,160.0,180.0,,Pastick,,0.0,N,,,,,,
59.0666667,-157.7166667,2013-11-29,1,0,135.0,165.0,,Pastick,,0.0,N,,,,,,
59.0641667,-157.7225,2013-11-29,1,0,150.0,170.0,,Pastick,,0.0,N,,,,,,
59.0636111,-157.7275,2013-11-29,1,0,105.0,165.0,,Pastick,,0.0,N,,,,,,
59.0233333,-157.7613889,2013-11-29,1,0,130.0,180.0,,Pastick,,0.0,N,,,,,,
59.0186111,-157.7444444,2013-11-29,1,0,130.0,150.0,,Pastick,,0.0,N,,,,,,
59.0183333,-157.7480556,2013-11-29,1,0,140.0,180.0,,Pastick,,0.0,N,,,,,,
59.0075,-157.7172222,2013-11-29,1,0,115.0,130.0,,Pastick,,0.0,N,,,,,,
59.0041667,-157.7177778,2013-11-29,1,0,138.0,155.0,,Pastick,,0.0,N,,,,,,
58.9961111,-157.7069444,2013-11-29,1,0,94.0,125.0,,Pastick,,0.0,N,,,,,,
58.9938889,-157.7033333,2013-11-29,1,0,150.0,160.0,,Pastick,,0.0,N,,,,,,
58.9638889,-157.6986111,2013-11-29,1,0,82.0,120.0,,Pastick,,0.0,N,,,,,,
58.9658333,-157.7,2013-11-29,1,0,160.0,170.0,,Pastick,,0.0,N,,,,,,
58.9666667,-157.7013889,2013-11-29,1,0,135.0,160.0,,Pastick,,0.0,N,,,,,,
58.9675,-157.7019444,2013-11-29,1,0,48.0,165.0,,Pastick,,0.0,N,,,,,,
58.9658333,-157.6927778,2013-11-29,1,0,135.0,160.0,,Pastick,,0.0,N,,,,,,
58.9691667,-157.6975,2013-11-29,1,0,110.0,140.0,,Pastick,,0.0,N,,,,,,
58.9688889,-157.6955556,2013-11-29,1,0,84.0,140.0,,Pastick,,0.0,N,,,,,,
60.3888889,-157.6263889,2013-11-29,1,0,38.0,70.0,,Pastick,,0.0,N,,,,,,
60.3888889,-157.6291667,2013-11-29,1,0,82.0,120.0,,Pastick,,0.0,N,,,,,,
60.3825,-157.6486111,2013-11-29,1,0,34.0,100.0,,Pastick,,0.0,N,,,,,,
60.3852778,-157.6580556,2013-11-29,1,0,55.0,85.0,,Pastick,,0.0,N,,,,,,
60.3847222,-157.6625,2013-11-29,1,0,51.0,85.0,,Pastick,,0.0,N,,,,,,
60.2733333,-157.6716667,2013-11-29,1,0,46.0,85.0,,Pastick,,0.0,N,,,,,,
60.4683333,-158.4355556,2013-11-29,1,0,60.0,90.0,,Pastick,,0.0,N,,,,,,
60.4358333,-158.4172222,2013-11-29,1,0,102.0,125.0,,Pastick,,0.0,N,,,,,,
60.415,-158.2677778,2013-11-29,1,0,90.0,108.0,,Pastick,,0.0,N,,,,,,
60.4141667,-158.2675,2013-11-29,1,0,160.0,170.0,,Pastick,,0.0,N,,,,,,
60.3852778,-158.2702778,2013-11-29,1,0,170.0,180.0,,Pastick,,0.0,N,,,,,,
60.4977778,-158.7130556,2013-11-29,1,0,47.0,75.0,,Pastick,,0.0,N,,,,,,
60.4958333,-158.7163889,2013-11-29,1,0,42.0,105.0,,Pastick,,0.0,N,,,,,,
60.4936111,-158.7175,2013-11-29,1,0,72.0,115.0,,Pastick,,0.0,N,,,,,,
60.4925,-158.7183333,2013-11-29,1,0,19.0,80.0,,Pastick,,0.0,N,,,,,,
60.41,-158.5513889,2013-11-29,1,0,28.0,83.0,,Pastick,,0.0,N,,,,,,
60.4063889,-158.5475,2013-11-29,1,0,49.0,80.0,,Pastick,,0.0,N,,,,,,
60.1797222,-157.3866667,2013-11-29,1,0,115.0,165.0,,Pastick,,0.0,N,,,,,,
60.0341667,-157.6125,2013-11-29,1,0,47.0,165.0,,Pastick,,0.0,N,,,,,,
60.62,-157.3883333,2013-11-29,1,0,45.0,110.0,,Pastick,,0.0,N,,,,,,
60.6188889,-157.3888889,2013-11-29,1,0,100.0,130.0,,Pastick,,0.0,N,,,,,,
60.6125,-157.3961111,2013-11-29,1,0,55.0,110.0,,Pastick,,0.0,N,,,,,,
60.6133333,-157.3955556,2013-11-29,1,0,100.0,140.0,,Pastick,,0.0,N,,,,,,
60.6097222,-157.3886111,2013-11-29,1,0,78.0,105.0,,Pastick,,0.0,N,,,,,,
60.6080556,-157.3886111,2013-11-29,1,0,160.0,180.0,,Pastick,,0.0,N,,,,,,
60.6277778,-156.9775,2013-11-29,1,0,27.0,71.0,,Pastick,,0.0,N,,,,,,
60.6233333,-156.9805556,2013-11-29,1,0,48.0,88.0,,Pastick,,0.0,N,,,,,,
60.6222222,-156.9861111,2013-11-29,1,0,58.0,74.0,,Pastick,,0.0,N,,,,,,
60.6233333,-156.9858333,2013-11-29,1,0,62.0,115.0,,Pastick,,0.0,N,,,,,,
60.6177778,-156.9919444,2013-11-29,1,0,74.0,80.0,,Pastick,,0.0,N,,,,,,
60.4797222,-158.0544444,2013-11-29,1,0,15.0,18.0,,Pastick,,0.0,N,,,,,,
60.4783333,-158.0530556,2013-11-29,1,0,50.0,100.0,,Pastick,,0.0,N,,,,,,
60.4758333,-158.0502778,2013-11-29,1,0,98.0,115.0,,Pastick,,0.0,N,,,,,,
60.4927778,-158.0508333,2013-11-29,1,0,40.0,110.0,,Pastick,,0.0,N,,,,,,
60.2577778,-157.1586111,2013-11-29,1,0,6.0,78.0,,Pastick,,0.0,N,,,,,,
60.2605556,-157.1586111,2013-11-29,1,0,32.0,80.0,,Pastick,,0.0,N,,,,,,
60.2641667,-157.1575,2013-11-29,1,0,38.0,90.0,,Pastick,,0.0,N,,,,,,
60.2663889,-157.1577778,2013-11-29,1,0,108.0,165.0,,Pastick,,0.0,N,,,,,,
60.2113889,-156.9925,2013-11-29,1,0,59.0,85.0,,Pastick,,0.0,N,,,,,,
60.2144444,-156.99,2013-11-29,1,0,63.0,85.0,,Pastick,,0.0,N,,,,,,
60.2216667,-157.0,2013-11-29,1,0,51.0,76.0,,Pastick,,0.0,N,,,,,,
60.2191667,-157.0052778,2013-11-29,1,0,26.0,80.0,,Pastick,,0.0,N,,,,,,
59.7258333,-157.2802778,2013-11-29,1,0,84.0,140.0,,Pastick,,0.0,N,,,,,,
59.7238889,-157.2791667,2013-11-29,1,0,120.0,160.0,,Pastick,,0.0,N,,,,,,
59.4452778,-157.3147222,2013-11-29,1,0,90.0,90.0,,Pastick,,0.0,N,,,,,,
59.2755556,-157.6491667,2013-11-29,1,0,120.0,130.0,,Pastick,,0.0,N,,,,,,
59.2761111,-157.6547222,2013-11-29,1,0,120.0,180.0,,Pastick,,0.0,N,,,,,,
59.2725,-157.6536111,2013-11-29,1,0,68.0,85.0,,Pastick,,0.0,N,,,,,,
59.26,-157.6316667,2013-11-29,1,0,105.0,120.0,,Pastick,,0.0,N,,,,,,
59.2597222,-157.6202778,2013-11-29,1,0,30.0,180.0,,Pastick,,0.0,N,,,,,,
59.2475,-157.635,2013-11-29,1,0,51.0,85.0,,Pastick,,0.0,N,,,,,,
59.1780556,-157.6855556,2013-11-29,1,0,130.0,180.0,,Pastick,,0.0,N,,,,,,
59.1733333,-157.6608333,2013-11-29,1,0,120.0,122.0,,Pastick,,0.0,N,,,,,,
59.1744444,-157.6969444,2013-11-29,1,0,170.0,180.0,,Pastick,,0.0,N,,,,,,
59.17,-157.7002778,2013-11-29,1,0,105.0,180.0,,Pastick,,0.0,N,,,,,,
59.1422222,-157.7177778,2013-11-29,1,0,90.0,110.0,,Pastick,,0.0,N,,,,,,
59.1191667,-157.7194444,2013-11-29,1,0,62.0,145.0,,Pastick,,0.0,N,,,,,,
59.1183333,-157.7225,2013-11-29,1,0,32.0,85.0,,Pastick,,0.0,N,,,,,,
59.1158333,-157.7266667,2013-11-29,1,0,95.0,180.0,,Pastick,,0.0,N,,,,,,
59.105,-157.7644444,2013-11-29,1,0,138.0,160.0,,Pastick,,0.0,N,,,,,,
59.0791667,-157.7788889,2013-11-29,1,0,110.0,185.0,,Pastick,,0.0,N,,,,,,
59.0769444,-157.7775,2013-11-29,1,0,135.0,185.0,,Pastick,,0.0,N,,,,,,
59.0491667,-157.7630556,2013-11-29,1,0,45.0,90.0,,Pastick,,0.0,N,,,,,,
59.0483333,-157.7694444,2013-11-29,1,0,105.0,185.0,,Pastick,,0.0,N,,,,,,
59.0547222,-157.7669444,2013-11-29,1,0,105.0,190.0,,Pastick,,0.0,N,,,,,,
59.0513889,-157.7608333,2013-11-29,1,0,70.0,185.0,,Pastick,,0.0,N,,,,,,
59.0513889,-157.7591667,2013-11-29,1,0,95.0,180.0,,Pastick,,0.0,N,,,,,,
59.0422222,-157.7325,2013-11-29,1,0,98.0,120.0,,Pastick,,0.0,N,,,,,,
59.0416667,-157.7391667,2013-11-29,1,0,32.0,80.0,,Pastick,,0.0,N,,,,,,
58.9783333,-157.6494444,2013-11-29,1,0,170.0,190.0,,Pastick,,0.0,N,,,,,,
58.9772222,-157.6591667,2013-11-29,1,0,160.0,175.0,,Pastick,,0.0,N,,,,,,
58.9536111,-157.6694444,2013-11-29,1,0,170.0,180.0,,Pastick,,0.0,N,,,,,,
58.9561111,-157.66,2013-11-29,1,0,170.0,180.0,,Pastick,,0.0,N,,,,,,
58.9572222,-157.6613889,2013-11-29,1,0,90.0,180.0,,Pastick,,0.0,N,,,,,,
58.96,-157.6797222,2013-11-29,1,0,90.0,130.0,,Pastick,,0.0,N,,,,,,
58.9616667,-157.6822222,2013-11-29,1,0,70.0,185.0,,Pastick,,0.0,N,,,,,,
58.9625,-157.6833333,2013-11-29,1,0,130.0,180.0,,Pastick,,0.0,N,,,,,,
58.9408333,-157.6911111,2013-11-29,1,0,165.0,180.0,,Pastick,,0.0,N,,,,,,
58.9388889,-157.6919444,2013-11-29,1,0,110.0,180.0,,Pastick,,0.0,N,,,,,,
58.9252778,-157.7108333,2013-11-29,1,0,140.0,175.0,,Pastick,,0.0,N,,,,,,
60.2944444,-158.0269444,2013-11-29,1,0,120.0,130.0,,Pastick,,0.0,N,,,,,,
60.2944444,-158.0247222,2013-11-29,1,0,61.0,83.0,,Pastick,,0.0,N,,,,,,
60.2938889,-158.0136111,2013-11-29,1,0,60.0,135.0,,Pastick,,0.0,N,,,,,,
60.3013889,-158.0011111,2013-11-29,1,0,90.0,100.0,,Pastick,,0.0,N,,,,,,
60.3052778,-158.0016667,2013-11-29,1,0,55.0,90.0,,Pastick,,0.0,N,,,,,,
60.3713889,-157.9072222,2013-11-29,1,0,120.0,140.0,,Pastick,,0.0,N,,,,,,
60.3708333,-157.9088889,2013-11-29,1,0,70.0,120.0,,Pastick,,0.0,N,,,,,,
60.3713889,-157.9008333,2013-11-29,1,0,140.0,140.0,,Pastick,,0.0,N,,,,,,
60.3722222,-157.8975,2013-11-29,1,0,50.0,65.0,,Pastick,,0.0,N,,,,,,
60.3808333,-157.8536111,2013-11-29,1,0,100.0,132.0,,Pastick,,0.0,N,,,,,,
60.2430556,-157.7719444,2013-11-29,1,0,85.0,100.0,,Pastick,,0.0,N,,,,,,
60.2455556,-157.7683333,2013-11-29,1,0,35.0,80.0,,Pastick,,0.0,N,,,,,,
60.2488889,-157.7694444,2013-11-29,1,0,17.0,68.0,,Pastick,,0.0,N,,,,,,
60.25,-157.7658333,2013-11-29,1,0,80.0,97.0,,Pastick,,0.0,N,,,,,,
60.2502778,-157.7602778,2013-11-29,1,0,25.0,80.0,,Pastick,,0.0,N,,,,,,
60.2536111,-157.7597222,2013-11-29,1,0,70.0,138.0,,Pastick,,0.0,N,,,,,,
60.2541667,-157.7572222,2013-11-29,1,0,50.0,80.0,,Pastick,,0.0,N,,,,,,
59.94,-157.5372222,2013-11-29,1,0,130.0,165.0,,Pastick,,0.0,N,,,,,,
59.9388889,-157.5369444,2013-11-29,1,0,125.0,165.0,,Pastick,,0.0,N,,,,,,
59.9425,-157.5383333,2013-11-29,1,0,160.0,180.0,,Pastick,,0.0,N,,,,,,
60.7413889,-157.4541667,2013-11-29,1,0,55.0,105.0,,Pastick,,0.0,N,,,,,,
60.7430556,-157.4816667,2013-11-29,1,0,95.0,102.0,,Pastick,,0.0,N,,,,,,
60.3594444,-157.1383333,2013-11-29,1,0,63.0,80.0,,Pastick,,0.0,N,,,,,,
60.3583333,-157.1397222,2013-11-29,1,0,62.0,100.0,,Pastick,,0.0,N,,,,,,
60.3580556,-157.1419444,2013-11-29,1,0,52.0,95.0,,Pastick,,0.0,N,,,,,,
60.3566667,-157.1477778,2013-11-29,1,0,70.0,100.0,,Pastick,,0.0,N,,,,,,
60.3561111,-157.1541667,2013-11-29,1,0,160.0,180.0,,Pastick,,0.0,N,,,,,,
60.4047222,-157.2177778,2013-11-29,1,0,80.0,120.0,,Pastick,,0.0,N,,,,,,
60.4055556,-157.2191667,2013-11-29,1,0,50.0,80.0,,Pastick,,0.0,N,,,,,,
60.0538889,-157.83,2013-11-29,1,0,160.0,185.0,,Pastick,,0.0,N,,,,,,
60.0533333,-157.8411111,2013-11-29,1,0,150.0,185.0,,Pastick,,0.0,N,,,,,,
60.0527778,-157.845,2013-11-29,1,0,160.0,185.0,,Pastick,,0.0,N,,,,,,
60.0738889,-157.9513889,2013-11-29,1,0,42.0,95.0,,Pastick,,0.0,N,,,,,,
60.0763889,-157.9522222,2013-11-29,1,0,140.0,185.0,,Pastick,,0.0,N,,,,,,
60.0761111,-157.9577778,2013-11-29,1,0,150.0,185.0,,Pastick,,0.0,N,,,,,,
60.5386111,-156.7125,2013-11-29,1,0,59.0,80.0,,Pastick,,0.0,N,,,,,,
60.5363889,-156.7258333,2013-11-29,1,0,120.0,155.0,,Pastick,,0.0,N,,,,,,
60.5375,-156.7327778,2013-11-29,1,0,40.0,90.0,,Pastick,,0.0,N,,,,,,
60.5383333,-156.7405556,2013-11-29,1,0,120.0,185.0,,Pastick,,0.0,N,,,,,,
60.54,-156.7461111,2013-11-29,1,0,32.0,120.0,,Pastick,,0.0,N,,,,,,
59.7241667,-157.2736111,2013-11-29,1,0,42.0,180.0,,Pastick,,0.0,N,,,,,,
59.7252778,-157.275,2013-11-29,1,0,110.0,180.0,,Pastick,,0.0,N,,,,,,
59.7166667,-157.3130556,2013-11-29,1,0,140.0,185.0,,Pastick,,0.0,N,,,,,,
59.7152778,-157.3088889,2013-11-29,1,0,100.0,185.0,,Pastick,,0.0,N,,,,,,
59.9036111,-155.4541667,2013-11-29,1,0,84.0,107.0,,Pastick,,0.0,N,,,,,,
59.9052778,-155.4519444,2013-11-29,1,0,63.0,63.0,,Pastick,,0.0,N,,,,,,
59.9136111,-155.4361111,2013-11-29,1,0,38.0,66.0,,Pastick,,0.0,N,,,,,,
59.915,-155.4305556,2013-11-29,1,0,33.0,72.0,,Pastick,,0.0,N,,,,,,
59.9091667,-155.4469444,2013-11-29,1,0,66.0,114.0,,Pastick,,0.0,N,,,,,,
59.9116667,-155.4408333,2013-11-29,1,0,66.0,98.0,,Pastick,,0.0,N,,,,,,
60.3202778,-155.7625,2013-11-29,1,0,37.0,92.0,,Pastick,,0.0,N,,,,,,
60.3183333,-155.7577778,2013-11-29,1,0,47.0,77.0,,Pastick,,0.0,N,,,,,,
60.3175,-155.7547222,2013-11-29,1,0,39.0,55.0,,Pastick,,0.0,N,,,,,,
60.3152778,-155.7505556,2013-11-29,1,0,60.0,130.0,,Pastick,,0.0,N,,,,,,
60.3147222,-155.7416667,2013-11-29,1,0,55.0,55.0,,Pastick,,0.0,N,,,,,,
60.3136111,-155.7391667,2013-11-29,1,0,52.0,100.0,,Pastick,,0.0,N,,,,,,
60.8172222,-154.7694444,2013-11-29,1,0,10.0,77.0,,Pastick,,0.0,N,,,,,,
60.8208333,-154.7736111,2013-11-29,1,0,48.0,82.0,,Pastick,,0.0,N,,,,,,
60.8308333,-154.7741667,2013-11-29,1,0,59.0,86.0,,Pastick,,0.0,N,,,,,,
60.8216667,-154.8980556,2013-11-29,1,0,57.0,102.0,,Pastick,,0.0,N,,,,,,
60.8183333,-154.9025,2013-11-29,1,0,35.0,63.0,,Pastick,,0.0,N,,,,,,
60.8119444,-154.9047222,2013-11-29,1,0,26.0,78.0,,Pastick,,0.0,N,,,,,,
60.7158333,-154.6294444,2013-11-29,1,0,31.0,73.0,,Pastick,,0.0,N,,,,,,
60.7161111,-154.6338889,2013-11-29,1,0,12.0,68.0,,Pastick,,0.0,N,,,,,,
60.7166667,-154.6394444,2013-11-29,1,0,14.0,62.0,,Pastick,,0.0,N,,,,,,
60.7172222,-154.6416667,2013-11-29,1,0,11.0,65.0,,Pastick,,0.0,N,,,,,,
60.7180556,-154.6444444,2013-11-29,1,0,52.0,71.0,,Pastick,,0.0,N,,,,,,
60.7177778,-154.6477778,2013-11-29,1,0,57.0,69.0,,Pastick,,0.0,N,,,,,,
60.7222222,-154.6638889,2013-11-29,1,0,38.0,57.0,,Pastick,,0.0,N,,,,,,
60.7211111,-154.6625,2013-11-29,1,0,64.0,64.0,,Pastick,,0.0,N,,,,,,
60.255,-156.6269444,2013-11-29,1,0,37.0,50.0,,Pastick,,0.0,N,,,,,,
60.2527778,-156.6280556,2013-11-29,1,0,39.0,97.0,,Pastick,,0.0,N,,,,,,
60.25,-156.6313889,2013-11-29,1,0,41.0,102.0,,Pastick,,0.0,N,,,,,,
60.2458333,-156.6336111,2013-11-29,1,0,90.0,120.0,,Pastick,,0.0,N,,,,,,
60.2422222,-156.6386111,2013-11-29,1,0,63.0,88.0,,Pastick,,0.0,N,,,,,,
60.2402778,-156.6369444,2013-11-29,1,0,48.0,80.0,,Pastick,,0.0,N,,,,,,
60.2369444,-156.6377778,2013-11-29,1,0,129.0,135.0,,Pastick,,0.0,N,,,,,,
60.6669444,-154.73,2013-11-29,1,0,43.0,62.0,,Pastick,,0.0,N,,,,,,
60.6658333,-154.7325,2013-11-29,1,0,67.0,90.0,,Pastick,,0.0,N,,,,,,
60.6655556,-154.7352778,2013-11-29,1,0,38.0,68.0,,Pastick,,0.0,N,,,,,,
60.6652778,-154.7372222,2013-11-29,1,0,65.0,180.0,,Pastick,,0.0,N,,,,,,
60.6591667,-154.7463889,2013-11-29,1,0,51.0,180.0,,Pastick,,0.0,N,,,,,,
60.7313889,-154.7491667,2013-11-29,1,0,31.0,58.0,,Pastick,,0.0,N,,,,,,
60.7280556,-154.7519444,2013-11-29,1,0,58.0,70.0,,Pastick,,0.0,N,,,,,,
60.7241667,-154.7561111,2013-11-29,1,0,42.0,55.0,,Pastick,,0.0,N,,,,,,
60.7202778,-154.7588889,2013-11-29,1,0,34.0,70.0,,Pastick,,0.0,N,,,,,,
60.5958333,-155.1675,2013-11-29,1,0,18.0,200.0,,Pastick,,0.0,N,,,,,,
60.6388889,-155.0305556,2013-11-29,1,0,175.0,180.0,,Pastick,,0.0,N,,,,,,
60.6352778,-155.0338889,2013-11-29,1,0,46.0,73.0,,Pastick,,0.0,N,,,,,,
60.6325,-155.0363889,2013-11-29,1,0,43.0,75.0,,Pastick,,0.0,N,,,,,,
60.5838889,-155.5455556,2013-11-29,1,0,41.0,69.0,,Pastick,,0.0,N,,,,,,
60.585,-155.5425,2013-11-29,1,0,50.0,80.0,,Pastick,,0.0,N,,,,,,
60.5869444,-155.5397222,2013-11-29,1,0,70.0,112.0,,Pastick,,0.0,N,,,,,,
60.3969444,-156.1575,2013-11-29,1,0,59.0,120.0,,Pastick,,0.0,N,,,,,,
60.3977778,-156.1538889,2013-11-29,1,0,68.0,71.0,,Pastick,,0.0,N,,,,,,
59.8636111,-156.3297222,2013-11-29,1,0,105.0,125.0,,Pastick,,0.0,N,,,,,,
59.8638889,-156.3319444,2013-11-29,1,0,150.0,165.0,,Pastick,,0.0,N,,,,,,
59.8652778,-156.3369444,2013-11-29,1,0,18.0,60.0,,Pastick,,0.0,N,,,,,,
59.8686111,-156.3319444,2013-11-29,1,0,110.0,140.0,,Pastick,,0.0,N,,,,,,
59.875,-156.3225,2013-11-29,1,0,110.0,140.0,,Pastick,,0.0,N,,,,,,
59.8772222,-156.3208333,2013-11-29,1,0,59.0,165.0,,Pastick,,0.0,N,,,,,,
59.885,-156.3488889,2013-11-29,1,0,77.0,90.0,,Pastick,,0.0,N,,,,,,
59.9722222,-155.9691667,2013-11-29,1,0,63.0,63.0,,Pastick,,0.0,N,,,,,,
59.9738889,-155.9669444,2013-11-29,1,0,60.0,100.0,,Pastick,,0.0,N,,,,,,
59.9755556,-155.9716667,2013-11-29,1,0,58.0,83.0,,Pastick,,0.0,N,,,,,,
60.0533333,-156.0147222,2013-11-29,1,0,76.0,100.0,,Pastick,,0.0,N,,,,,,
60.0522222,-156.0127778,2013-11-29,1,0,55.0,85.0,,Pastick,,0.0,N,,,,,,
60.0497222,-156.0086111,2013-11-29,1,0,62.0,85.0,,Pastick,,0.0,N,,,,,,
60.6958333,-155.1569444,2013-11-29,1,0,145.0,170.0,,Pastick,,0.0,N,,,,,,
60.6969444,-155.1586111,2013-11-29,1,0,115.0,170.0,,Pastick,,0.0,N,,,,,,
60.7038889,-155.1638889,2013-11-29,1,0,40.0,80.0,,Pastick,,0.0,N,,,,,,
60.8461111,-155.1752778,2013-11-29,1,0,52.0,152.0,,Pastick,,0.0,N,,,,,,
60.8486111,-155.1755556,2013-11-29,1,0,95.0,110.0,,Pastick,,0.0,N,,,,,,
60.8380556,-155.1625,2013-11-29,1,0,70.0,95.0,,Pastick,,0.0,N,,,,,,
60.4675,-154.9980556,2013-11-29,1,0,49.0,49.0,,Pastick,,0.0,N,,,,,,
60.4727778,-154.9997222,2013-11-29,1,0,39.0,85.0,,Pastick,,0.0,N,,,,,,
60.4744444,-154.9994444,2013-11-29,1,0,45.0,82.0,,Pastick,,0.0,N,,,,,,
59.8875,-156.0161111,2013-11-29,1,0,40.0,80.0,,Pastick,,0.0,N,,,,,,
59.8930556,-156.015,2013-11-29,1,0,50.0,95.0,,Pastick,,0.0,N,,,,,,
60.5841667,-154.5755556,2013-11-29,1,0,62.0,75.0,,Pastick,,0.0,N,,,,,,
60.5811111,-154.5727778,2013-11-29,1,0,47.0,85.0,,Pastick,,0.0,N,,,,,,
60.5766667,-154.56,2013-11-29,1,0,85.0,100.0,,Pastick,,0.0,N,,,,,,
60.4791667,-155.3886111,2013-11-29,1,0,85.0,95.0,,Pastick,,0.0,N,,,,,,
60.4797222,-155.3855556,2013-11-29,1,0,75.0,95.0,,Pastick,,0.0,N,,,,,,
60.4047222,-155.4075,2013-11-29,1,0,115.0,180.0,,Pastick,,0.0,N,,,,,,
60.5225,-156.0002778,2013-11-29,1,0,18.0,45.0,,Pastick,,0.0,N,,,,,,
60.5233333,-155.9947222,2013-11-29,1,0,98.0,110.0,,Pastick,,0.0,N,,,,,,
60.5269444,-155.9980556,2013-11-29,1,0,63.0,63.0,,Pastick,,0.0,N,,,,,,
60.5311111,-155.9944444,2013-11-29,1,0,45.0,100.0,,Pastick,,0.0,N,,,,,,
60.5336111,-155.9930556,2013-11-29,1,0,40.0,80.0,,Pastick,,0.0,N,,,,,,
60.5327778,-155.9922222,2013-11-29,1,0,52.0,75.0,,Pastick,,0.0,N,,,,,,
60.5311111,-155.9905556,2013-11-29,1,0,72.0,90.0,,Pastick,,0.0,N,,,,,,
60.1519444,-158.0244444,2013-11-29,1,0,45.0,80.0,,Pastick,,0.0,N,,,,,,
60.1472222,-158.0186111,2013-11-29,1,0,75.0,110.0,,Pastick,,0.0,N,,,,,,
60.1447222,-158.0144444,2013-11-29,1,0,43.0,90.0,,Pastick,,0.0,N,,,,,,
60.135,-158.0038889,2013-11-29,1,0,60.0,110.0,,Pastick,,0.0,N,,,,,,
60.0886111,-157.4936111,2013-11-29,1,0,60.0,140.0,,Pastick,,0.0,N,,,,,,
60.0861111,-157.4944444,2013-11-29,1,0,96.0,166.0,,Pastick,,0.0,N,,,,,,
60.0827778,-157.4963889,2013-11-29,1,0,110.0,180.0,,Pastick,,0.0,N,,,,,,
60.0822222,-157.4983333,2013-11-29,1,0,33.0,110.0,,Pastick,,0.0,N,,,,,,
60.5738889,-157.6036111,2013-11-29,1,0,30.0,50.0,,Pastick,,0.0,N,,,,,,
60.575,-157.6058333,2013-11-29,1,0,50.0,70.0,,Pastick,,0.0,N,,,,,,
60.5766667,-157.6063889,2013-11-29,1,0,60.0,85.0,,Pastick,,0.0,N,,,,,,
60.5788889,-157.6066667,2013-11-29,1,0,70.0,80.0,,Pastick,,0.0,N,,,,,,
60.2169444,-158.4072222,2013-11-29,1,0,35.0,60.0,,Pastick,,0.0,N,,,,,,
60.2316667,-158.4111111,2013-11-29,1,0,60.0,80.0,,Pastick,,0.0,N,,,,,,
60.2330556,-158.4072222,2013-11-29,1,0,60.0,100.0,,Pastick,,0.0,N,,,,,,
60.2347222,-158.4025,2013-11-29,1,0,65.0,70.0,,Pastick,,0.0,N,,,,,,
60.2391667,-158.3969444,2013-11-29,1,0,20.0,80.0,,Pastick,,0.0,N,,,,,,
60.3230556,-156.8327778,2013-11-29,1,0,50.0,80.0,,Pastick,,0.0,N,,,,,,
60.3238889,-156.8283333,2013-11-29,1,0,80.0,130.0,,Pastick,,0.0,N,,,,,,
60.3269444,-156.8272222,2013-11-29,1,0,110.0,130.0,,Pastick,,0.0,N,,,,,,
60.3280556,-156.8286111,2013-11-29,1,0,38.0,140.0,,Pastick,,0.0,N,,,,,,
60.6019444,-157.3811111,2013-11-29,1,0,150.0,165.0,,Pastick,,0.0,N,,,,,,
60.5797222,-157.6083333,2013-11-29,1,0,65.0,80.0,,Pastick,,0.0,N,,,,,,
60.5369444,-156.7211111,2013-11-29,1,0,71.0,90.0,,Pastick,,0.0,N,,,,,,
60.5344444,-156.7475,2013-11-29,1,0,45.0,102.0,,Pastick,,0.0,N,,,,,,
58.9975,-158.5469444,2013-11-29,1,0,80.0,155.0,,Pastick,,0.0,N,,,,,,
58.9961111,-158.5413889,2013-11-29,1,0,115.0,270.0,,Pastick,,0.0,N,,,,,,
58.9933333,-158.5433333,2013-11-29,1,0,98.0,180.0,,Pastick,,0.0,N,,,,,,
59.0047222,-158.5558333,2013-11-29,1,0,90.0,200.0,,Pastick,,0.0,N,,,,,,
59.0047222,-158.5541667,2013-11-29,1,0,125.0,170.0,,Pastick,,0.0,N,,,,,,
59.0072222,-158.5594444,2013-11-29,1,0,360.0,370.0,,Pastick,,0.0,N,,,,,,
59.0116667,-158.56,2013-11-29,1,0,130.0,175.0,,Pastick,,0.0,N,,,,,,
59.0155556,-158.5622222,2013-11-29,1,0,120.0,190.0,,Pastick,,0.0,N,,,,,,
59.085,-158.535,2013-11-29,1,0,170.0,190.0,,Pastick,,0.0,N,,,,,,
59.0902778,-158.5461111,2013-11-29,1,0,70.0,100.0,,Pastick,,0.0,N,,,,,,
59.0730556,-158.4866667,2013-11-29,1,0,50.0,100.0,,Pastick,,0.0,N,,,,,,
59.0736111,-158.4852778,2013-11-29,1,0,95.0,170.0,,Pastick,,0.0,N,,,,,,
59.0763889,-158.4752778,2013-11-29,1,0,180.0,320.0,,Pastick,,0.0,N,,,,,,
59.0794444,-158.4738889,2013-11-29,1,0,102.0,120.0,,Pastick,,0.0,N,,,,,,
59.0808333,-158.4694444,2013-11-29,1,0,62.0,120.0,,Pastick,,0.0,N,,,,,,
59.0836111,-158.5505556,2013-11-29,1,0,61.0,180.0,,Pastick,,0.0,N,,,,,,
59.0441667,-158.4827778,2013-11-29,1,0,5.0,185.0,,Pastick,,0.0,N,,,,,,
59.0038889,-158.5819444,2013-11-29,1,0,160.0,175.0,,Pastick,,0.0,N,,,,,,
59.0763889,-158.565,2013-11-29,1,0,170.0,190.0,,Pastick,,0.0,N,,,,,,
59.0394444,-158.4611111,2013-11-29,1,0,60.0,190.0,,Pastick,,0.0,N,,,,,,
59.0838889,-158.4941667,2013-11-29,1,0,47.0,190.0,,Pastick,,0.0,N,,,,,,
58.8991667,-157.7533333,2013-11-29,1,0,140.0,170.0,,Pastick,,0.0,N,,,,,,
58.975,-157.7238889,2013-11-29,1,0,34.0,100.0,,Pastick,,0.0,N,,,,,,
58.9747222,-157.7255556,2013-11-29,1,0,52.0,115.0,,Pastick,,0.0,N,,,,,,
58.9522222,-157.7361111,2013-11-29,1,0,42.0,90.0,,Pastick,,0.0,N,,,,,,
58.9538889,-157.7416667,2013-11-29,1,0,78.0,152.0,,Pastick,,0.0,N,,,,,,
58.9147222,-157.8661111,2013-11-29,1,0,85.0,180.0,,Pastick,,0.0,N,,,,,,
58.9152778,-157.8683333,2013-11-29,1,0,125.0,180.0,,Pastick,,0.0,N,,,,,,
58.8941667,-157.8627778,2013-11-29,1,0,170.0,190.0,,Pastick,,0.0,N,,,,,,
58.9394444,-157.7194444,2013-11-29,1,0,125.0,180.0,,Pastick,,0.0,N,,,,,,
58.9227778,-157.7586111,2013-11-29,1,0,125.0,145.0,,Pastick,,0.0,N,,,,,,
58.915,-157.7619444,2013-11-29,1,0,65.0,155.0,,Pastick,,0.0,N,,,,,,
58.8941667,-157.8411111,2013-11-29,1,0,140.0,180.0,,Pastick,,0.0,N,,,,,,
58.8972222,-157.8502778,2013-11-29,1,0,60.0,180.0,,Pastick,,0.0,N,,,,,,
58.8955556,-157.8480556,2013-11-29,1,0,67.0,180.0,,Pastick,,0.0,N,,,,,,
59.0347222,-158.1897222,2013-11-29,1,0,130.0,190.0,,Pastick,,0.0,N,,,,,,
59.0355556,-158.1905556,2013-11-29,1,0,25.0,25.0,,Pastick,,0.0,N,,,,,,
59.4369444,-157.3669444,2013-11-29,1,0,150.0,185.0,,Pastick,,0.0,N,,,,,,
59.4283333,-157.3566667,2013-11-29,1,0,102.0,145.0,,Pastick,,0.0,N,,,,,,
59.4430556,-157.3608333,2013-11-29,1,0,105.0,140.0,,Pastick,,0.0,N,,,,,,
59.4588889,-157.3383333,2014-02-03,1,0,115.0,190.0,,Pastick,,0.0,N,,,,,,
59.4602778,-157.3405556,2013-11-29,1,0,110.0,155.0,,Pastick,,0.0,N,,,,,,
59.4608333,-157.35,2013-11-29,1,0,78.0,100.0,,Pastick,,0.0,N,,,,,,
59.46,-157.3472222,2013-11-29,1,0,170.0,190.0,,Pastick,,0.0,N,,,,,,
59.4588889,-157.2741667,2013-11-29,1,0,33.0,70.0,,Pastick,,0.0,N,,,,,,
59.4563889,-157.2769444,2013-11-29,1,0,95.0,160.0,,Pastick,,0.0,N,,,,,,
59.4605556,-157.2747222,2013-11-29,1,0,120.0,160.0,,Pastick,,0.0,N,,,,,,
59.3058333,-157.5905556,2014-02-04,1,0,150.0,175.0,,Pastick,,0.0,N,,,,,,
59.3036111,-157.5908333,2013-11-29,1,0,120.0,135.0,,Pastick,,0.0,N,,,,,,
59.3455556,-157.44,2013-11-29,1,0,95.0,115.0,,Pastick,,0.0,N,,,,,,
59.3461111,-157.4386111,2013-11-29,1,0,140.0,150.0,,Pastick,,0.0,N,,,,,,
59.4125,-157.3063889,2013-11-29,1,0,65.0,65.0,,Pastick,,0.0,N,,,,,,
59.4541667,-157.3322222,2013-11-29,1,0,160.0,190.0,,Pastick,,0.0,N,,,,,,
59.4558333,-157.3369444,2013-11-29,1,0,39.0,190.0,,Pastick,,0.0,N,,,,,,
59.8086111,-158.0727778,2013-11-29,1,0,120.0,155.0,,Pastick,,0.0,N,,,,,,
60.545,-154.6316667,2013-11-29,1,0,58.0,58.0,,Pastick,,0.0,N,,,,,,
60.5436111,-154.6313889,2013-11-29,1,0,50.0,105.0,,Pastick,,0.0,N,,,,,,
60.5472222,-154.6319444,2013-11-29,1,0,68.0,85.0,,Pastick,,0.0,N,,,,,,
59.6569444,-156.1877778,2013-11-29,1,0,60.0,140.0,,Pastick,,0.0,N,,,,,,
59.6638889,-156.1922222,2013-11-29,1,0,95.0,120.0,,Pastick,,0.0,N,,,,,,
59.6672222,-156.1961111,2013-11-29,1,0,110.0,190.0,,Pastick,,0.0,N,,,,,,
59.6677778,-156.1944444,2013-11-29,1,0,140.0,190.0,,Pastick,,0.0,N,,,,,,
59.6702778,-156.1977778,2013-11-29,1,0,110.0,120.0,,Pastick,,0.0,N,,,,,,
59.6725,-156.2008333,2013-11-29,1,0,110.0,118.0,,Pastick,,0.0,N,,,,,,
60.435,-155.7333333,2013-11-29,1,0,95.0,110.0,,Pastick,,0.0,N,,,,,,
60.4380556,-155.7372222,2013-11-29,1,0,79.0,110.0,,Pastick,,0.0,N,,,,,,
60.4452778,-155.7452778,2013-11-29,1,0,105.0,150.0,,Pastick,,0.0,N,,,,,,
60.4438889,-155.7452778,2013-11-29,1,0,67.0,100.0,,Pastick,,0.0,N,,,,,,
60.4408333,-155.7413889,2013-11-29,1,0,140.0,160.0,,Pastick,,0.0,N,,,,,,
59.4447222,-157.3283333,2013-11-29,1,0,90.0,115.0,,Pastick,,0.0,N,,,,,,
59.4388889,-157.3275,2013-11-29,1,0,175.0,180.0,,Pastick,,0.0,N,,,,,,
59.4325,-157.3427778,2013-11-29,1,0,100.0,150.0,,Pastick,,0.0,N,,,,,,
59.4361111,-157.325,2013-11-29,1,0,46.0,130.0,,Pastick,,0.0,N,,,,,,
59.7708333,-158.395,2013-11-29,1,0,37.0,85.0,,Pastick,,0.0,N,,,,,,
59.7702778,-158.3783333,2013-11-29,1,0,110.0,115.0,,Pastick,,0.0,N,,,,,,
59.7719444,-158.3747222,2013-11-29,1,0,38.0,100.0,,Pastick,,0.0,N,,,,,,
59.8830556,-155.6005556,2013-11-29,1,0,34.0,152.0,,Pastick,,0.0,N,,,,,,
58.9233333,-157.3836111,2013-11-29,1,0,18.0,100.0,,Pastick,,0.0,N,,,,,,
59.8983333,-157.7525,2013-11-29,1,0,80.0,150.0,,Pastick,,0.0,N,,,,,,
59.9041667,-157.76,2013-11-29,1,0,64.0,80.0,,Pastick,,0.0,N,,,,,,
59.4666667,-157.3219444,2013-11-29,1,0,130.0,190.0,,Pastick,,0.0,N,,,,,,
59.4641667,-157.3336111,2013-11-29,1,0,62.0,180.0,,Pastick,,0.0,N,,,,,,
59.4552778,-157.315,2013-11-29,1,0,24.0,100.0,,Pastick,,0.0,N,,,,,,
59.4652778,-157.2811111,2013-11-29,1,0,95.0,125.0,,Pastick,,0.0,N,,,,,,
59.4661111,-157.2819444,2013-11-29,1,0,90.0,180.0,,Pastick,,0.0,N,,,,,,
59.1180556,-157.6552778,2013-11-29,1,0,120.0,155.0,,Pastick,,0.0,N,,,,,,
59.1175,-157.6525,2013-11-29,1,0,145.0,152.0,,Pastick,,0.0,N,,,,,,
59.0613889,-157.6861111,2013-11-29,1,0,120.0,152.0,,Pastick,,0.0,N,,,,,,
59.065,-157.6897222,2013-11-29,1,0,90.0,165.0,,Pastick,,0.0,N,,,,,,
59.0669444,-157.6980556,2013-11-29,1,0,80.0,95.0,,Pastick,,0.0,N,,,,,,
59.0077778,-157.6894444,2013-11-29,1,0,130.0,180.0,,Pastick,,0.0,N,,,,,,
59.0186111,-157.6852778,2013-11-29,1,0,68.0,130.0,,Pastick,,0.0,N,,,,,,
59.0958333,-157.6738889,2013-11-29,1,0,180.0,190.0,,Pastick,,0.0,N,,,,,,
59.0991667,-157.6713889,2013-11-29,1,0,120.0,185.0,,Pastick,,0.0,N,,,,,,
59.6775,-157.3966667,2014-02-04,1,0,160.0,190.0,,Pastick,,0.0,N,,,,,,
59.6708333,-157.4033333,2013-11-29,1,0,50.0,110.0,,Pastick,,0.0,N,,,,,,
59.5080556,-157.6708333,2014-02-03,1,0,38.0,75.0,,Pastick,,0.0,N,,,,,,
59.5055556,-157.6677778,2013-11-29,1,0,110.0,165.0,,Pastick,,0.0,N,,,,,,
59.5030556,-157.6530556,2013-11-29,1,0,78.0,130.0,,Pastick,,0.0,N,,,,,,
59.4647222,-157.6366667,2013-11-29,1,0,52.0,77.0,,Pastick,,0.0,N,,,,,,
59.4652778,-157.635,2013-11-29,1,0,75.0,83.0,,Pastick,,0.0,N,,,,,,
59.45,-157.6611111,2013-11-29,1,0,38.0,80.0,,Pastick,,0.0,N,,,,,,
59.6805556,-157.2588889,2013-11-29,1,0,150.0,200.0,,Pastick,,0.0,N,,,,,,
59.5736111,-157.2597222,2013-11-29,1,0,85.0,110.0,,Pastick,,0.0,N,,,,,,
59.5241667,-157.3058333,2013-11-29,1,0,155.0,200.0,,Pastick,,0.0,N,,,,,,
59.6458333,-157.5344444,2014-02-04,1,0,80.0,200.0,,Pastick,,0.0,N,,,,,,
59.5769444,-157.4833333,2013-11-29,1,0,73.0,112.0,,Pastick,,0.0,N,,,,,,
59.6011111,-157.4588889,2013-11-29,1,0,120.0,190.0,,Pastick,,0.0,N,,,,,,
59.6086111,-157.4344444,2013-11-29,1,0,94.0,200.0,,Pastick,,0.0,N,,,,,,
59.5794444,-157.4161111,2013-11-29,1,0,170.0,200.0,,Pastick,,0.0,N,,,,,,
59.1280556,-157.6761111,2013-11-29,1,0,160.0,180.0,,Pastick,,0.0,N,,,,,,
59.1283333,-157.6744444,2013-11-29,1,0,65.0,150.0,,Pastick,,0.0,N,,,,,,
59.1241667,-157.6730556,2013-11-29,1,0,45.0,80.0,,Pastick,,0.0,N,,,,,,
59.0577778,-157.6713889,2013-11-29,1,0,125.0,135.0,,Pastick,,0.0,N,,,,,,
59.0588889,-157.6666667,2013-11-29,1,0,94.0,150.0,,Pastick,,0.0,N,,,,,,
59.0577778,-157.665,2013-11-29,1,0,100.0,105.0,,Pastick,,0.0,N,,,,,,
59.0605556,-157.6802778,2013-11-29,1,0,103.0,130.0,,Pastick,,0.0,N,,,,,,
59.0088889,-157.6611111,2013-11-29,1,0,40.0,155.0,,Pastick,,0.0,N,,,,,,
59.0175,-157.6647222,2013-11-29,1,0,80.0,170.0,,Pastick,,0.0,N,,,,,,
59.0138889,-157.665,2013-11-29,1,0,42.0,150.0,,Pastick,,0.0,N,,,,,,
59.0038889,-157.6744444,2013-11-29,1,0,45.0,80.0,,Pastick,,0.0,N,,,,,,
59.0747222,-157.665,2013-11-29,1,0,120.0,165.0,,Pastick,,0.0,N,,,,,,
59.6794444,-157.4891667,2013-11-29,1,0,115.0,190.0,,Pastick,,0.0,N,,,,,,
59.6727778,-157.4788889,2013-11-29,1,0,112.0,150.0,,Pastick,,0.0,N,,,,,,
59.6561111,-157.4719444,2013-11-29,1,0,150.0,190.0,,Pastick,,0.0,N,,,,,,
59.6188889,-157.6488889,2013-11-29,1,0,82.0,160.0,,Pastick,,0.0,N,,,,,,
59.6158333,-157.6447222,2013-11-29,1,0,64.0,180.0,,Pastick,,0.0,N,,,,,,
59.6072222,-157.6341667,2013-11-29,1,0,78.0,98.0,,Pastick,,0.0,N,,,,,,
59.5313889,-157.6261111,2013-11-29,1,0,160.0,180.0,,Pastick,,0.0,N,,,,,,
59.505,-157.6452778,2013-11-29,1,0,95.0,100.0,,Pastick,,0.0,N,,,,,,
59.6286111,-157.24,2013-11-29,1,0,110.0,180.0,,Pastick,,0.0,N,,,,,,
59.555,-157.2294444,2013-11-29,1,0,42.0,105.0,,Pastick,,0.0,N,,,,,,
59.5516667,-157.2336111,2013-11-29,1,0,98.0,190.0,,Pastick,,0.0,N,,,,,,
59.5141667,-157.55,2013-11-29,1,0,105.0,110.0,,Pastick,,0.0,N,,,,,,
59.515,-157.5541667,2013-11-29,1,0,105.0,185.0,,Pastick,,0.0,N,,,,,,
59.5138889,-157.5797222,2013-11-29,1,0,54.0,80.0,,Pastick,,0.0,N,,,,,,
59.5088889,-157.5744444,2013-11-29,1,0,100.0,130.0,,Pastick,,0.0,N,,,,,,
59.5191667,-157.3819444,2013-11-29,1,0,125.0,185.0,,Pastick,,0.0,N,,,,,,
59.265,-158.6519444,2013-11-29,1,0,90.0,100.0,,Pastick,,0.0,N,,,,,,
59.2633333,-158.6516667,2013-11-29,1,0,39.0,75.0,,Pastick,,0.0,N,,,,,,
59.3033333,-158.6236111,2013-11-29,1,0,60.0,100.0,,Pastick,,0.0,N,,,,,,
59.3027778,-158.6183333,2013-11-29,1,0,47.0,80.0,,Pastick,,0.0,N,,,,,,
59.4555556,-157.6447222,2013-11-29,1,0,170.0,170.0,,Pastick,,0.0,N,,,,,,
59.4641667,-157.6591667,2013-11-29,1,0,58.0,80.0,,Pastick,,0.0,N,,,,,,
59.4652778,-157.6575,2013-11-29,1,0,140.0,175.0,,Pastick,,0.0,N,,,,,,
60.0105556,-154.9102778,2013-11-29,1,0,38.0,100.0,,Pastick,,0.0,N,,,,,,
60.0027778,-154.9894444,2013-11-29,1,0,140.0,180.0,,Pastick,,0.0,N,,,,,,
59.4491667,-157.6577778,2013-11-29,1,0,3.0,3.0,,Pastick,,0.0,N,,,,,,
59.7105556,-157.0291667,2013-11-29,1,0,131.0,168.0,,Pastick,,0.0,N,,,,,,
59.7116667,-157.0277778,2013-11-29,1,0,155.0,185.0,,Pastick,,0.0,N,,,,,,
58.8738889,-157.9869444,2013-11-29,1,0,110.0,185.0,,Pastick,,0.0,N,,,,,,
59.2691667,-158.6138889,2013-11-29,1,0,52.0,185.0,,Pastick,,0.0,N,,,,,,
59.2683333,-158.6147222,2013-11-29,1,0,117.0,185.0,,Pastick,,0.0,N,,,,,,
59.2669444,-158.5919444,2013-11-29,1,0,77.0,110.0,,Pastick,,0.0,N,,,,,,
59.2852778,-158.6525,2013-11-29,1,0,85.0,185.0,,Pastick,,0.0,N,,,,,,
59.2866667,-158.6472222,2013-11-29,1,0,48.0,130.0,,Pastick,,0.0,N,,,,,,
59.2861111,-158.6447222,2013-11-29,1,0,26.0,26.0,,Pastick,,0.0,N,,,,,,
59.2875,-158.6388889,2013-11-29,1,0,77.0,77.0,,Pastick,,0.0,N,,,,,,
59.2844444,-158.6280556,2013-11-29,1,0,147.0,175.0,,Pastick,,0.0,N,,,,,,
59.2813889,-158.6255556,2013-11-29,1,0,95.0,135.0,,Pastick,,0.0,N,,,,,,
59.3586111,-157.48,2013-11-29,1,0,67.0,120.0,,Pastick,,0.0,N,,,,,,
59.3611111,-157.4811111,2013-11-29,1,0,35.0,35.0,,Pastick,,0.0,N,,,,,,
59.3616667,-157.4861111,2013-11-29,1,0,19.0,50.0,,Pastick,,0.0,N,,,,,,
59.3588889,-157.4894444,2013-11-29,1,0,21.0,100.0,,Pastick,,0.0,N,,,,,,
59.3586111,-157.4913889,2013-11-29,1,0,90.0,95.0,,Pastick,,0.0,N,,,,,,
59.3577778,-157.4863889,2013-11-29,1,0,60.0,80.0,,Pastick,,0.0,N,,,,,,
59.3725,-157.4411111,2013-11-29,1,0,150.0,200.0,,Pastick,,0.0,N,,,,,,
59.3716667,-157.4405556,2013-11-29,1,0,0.0,183.0,,Pastick,,0.0,N,,,,,,
59.0722222,-158.4541667,2013-11-29,1,0,180.0,185.0,,Pastick,,0.0,N,,,,,,
59.0322222,-158.5208333,2013-11-29,1,0,125.0,185.0,,Pastick,,0.0,N,,,,,,
59.0308333,-158.525,2013-11-29,1,0,65.0,185.0,,Pastick,,0.0,N,,,,,,
59.0302778,-158.5283333,2013-11-29,1,0,40.0,185.0,,Pastick,,0.0,N,,,,,,
59.0347222,-158.5169444,2013-11-29,1,0,12.0,185.0,,Pastick,,0.0,N,,,,,,
59.0330556,-158.5158333,2013-11-29,1,0,90.0,185.0,,Pastick,,0.0,N,,,,,,
59.6863889,-158.4258333,2013-11-29,1,0,39.0,70.0,,Pastick,,0.0,N,,,,,,
59.6891667,-158.4219444,2013-11-29,1,0,80.0,120.0,,Pastick,,0.0,N,,,,,,
59.7105556,-158.3805556,2013-11-29,1,0,80.0,90.0,,Pastick,,0.0,N,,,,,,
59.6713889,-157.3211111,2013-11-29,1,0,125.0,185.0,,Pastick,,0.0,N,,,,,,
59.0530556,-158.5525,2013-11-29,1,0,112.0,147.0,,Pastick,,0.0,N,,,,,,
59.0525,-158.5602778,2013-11-29,1,0,110.0,183.0,,Pastick,,0.0,N,,,,,,
59.0341667,-158.5863889,2013-11-29,1,0,100.0,183.0,,Pastick,,0.0,N,,,,,,
59.0544444,-158.5902778,2013-11-29,1,0,65.0,100.0,,Pastick,,0.0,N,,,,,,
59.0683333,-158.5747222,2013-11-29,1,0,44.0,65.0,,Pastick,,0.0,N,,,,,,
59.0688889,-158.5791667,2013-11-29,1,0,125.0,183.0,,Pastick,,0.0,N,,,,,,
59.0538889,-158.5280556,2013-11-29,1,0,110.0,183.0,,Pastick,,0.0,N,,,,,,
59.0569444,-158.5269444,2013-11-29,1,0,135.0,183.0,,Pastick,,0.0,N,,,,,,
59.0597222,-158.5227778,2013-11-29,1,0,40.0,183.0,,Pastick,,0.0,N,,,,,,
59.0427778,-158.5194444,2013-11-29,1,0,150.0,183.0,,Pastick,,0.0,N,,,,,,
59.3922222,-158.3,2013-11-29,1,0,90.0,105.0,,Pastick,,0.0,N,,,,,,
59.0572222,-157.6694444,2013-11-29,1,0,30.0,45.0,,Pastick,,0.0,N,,,,,,
58.7275,-158.3077778,2013-11-29,1,0,53.0,70.0,,Pastick,,0.0,N,,,,,,
59.1277778,-157.7516667,2013-11-29,1,0,44.0,152.0,,Pastick,,0.0,N,,,,,,
59.9661667,-157.8837222,2013-11-29,1,0,102.0,115.0,,Pastick,,0.0,N,,,,,,
59.5661111,-156.9683333,2013-11-29,1,0,37.0,152.0,,Pastick,,0.0,N,,,,,,
58.8586111,-157.8322222,2013-11-29,1,0,33.0,152.0,,Pastick,,0.0,N,,,,,,
58.7205556,-158.29,2013-11-29,1,0,72.0,120.0,,Pastick,,0.0,N,,,,,,
59.4777778,-157.3091667,2013-11-29,1,0,30.0,48.0,,Pastick,,0.0,N,,,,,,
59.0658333,-157.1852778,2013-11-29,1,0,54.0,75.0,,Pastick,,0.0,N,,,,,,
59.0444444,-158.5680556,2013-11-29,1,0,110.0,160.0,,Pastick,,0.0,N,,,,,,
59.7585902,-160.2724478,2013-12-13,1,0,45.0,152.0,,Pastick,,0.0,N,,,,,,
59.7620908,-160.2737345,2013-12-13,1,0,52.0,95.0,,Pastick,,0.0,N,,,,,,
59.7539784,-160.2638318,2013-12-13,1,0,0.0,180.0,,Pastick,,0.0,N,,,,,,
59.751436,-160.2668464,2013-12-13,1,0,60.0,118.0,,Pastick,,0.0,N,,,,,,
60.0326751,-159.8726198,2013-12-13,1,0,80.0,100.0,,Pastick,,0.0,N,,,,,,
60.0169409,-159.8681489,2013-12-13,1,0,42.0,80.0,,Pastick,,0.0,N,,,,,,
60.020436,-159.8682819,2013-12-13,1,0,70.0,95.0,,Pastick,,0.0,N,,,,,,
60.0237737,-159.8769246,2013-12-13,1,0,40.0,90.0,,Pastick,,0.0,N,,,,,,
60.0541547,-159.8703653,2013-12-13,1,0,18.0,51.0,,Pastick,,0.0,N,,,,,,
60.05594,-159.8681026,2013-12-13,1,0,60.0,82.0,,Pastick,,0.0,N,,,,,,
60.0511222,-159.8667687,2013-12-13,1,0,90.0,108.0,,Pastick,,0.0,N,,,,,,
59.2706144,-159.8610473,2013-12-13,1,0,58.0,87.0,,Pastick,,0.0,N,,,,,,
59.273738,-159.8543533,2013-12-13,1,0,51.0,95.0,,Pastick,,0.0,N,,,,,,
59.7410409,-160.2540977,2013-12-13,1,0,33.0,60.0,,Pastick,,0.0,N,,,,,,
59.7402229,-160.2530727,2013-12-13,1,0,25.0,57.0,,Pastick,,0.0,N,,,,,,
59.7399214,-160.2588746,2013-12-13,1,0,41.0,80.0,,Pastick,,0.0,N,,,,,,
59.7545476,-160.2921537,2013-12-13,1,0,50.0,64.0,,Pastick,,0.0,N,,,,,,
59.7541408,-160.2948127,2013-12-13,1,0,56.0,69.0,,Pastick,,0.0,N,,,,,,
59.7542895,-160.2980211,2013-12-13,1,0,61.0,72.0,,Pastick,,0.0,N,,,,,,
59.7630504,-160.3123681,2013-12-13,1,0,70.0,200.0,,Pastick,,0.0,N,,,,,,
59.7642032,-160.3105831,2013-12-13,1,0,33.0,63.0,,Pastick,,0.0,N,,,,,,
60.032315,-159.8934391,2013-12-13,1,0,24.0,55.0,,Pastick,,0.0,N,,,,,,
60.0299527,-159.8963377,2013-12-13,1,0,77.0,80.0,,Pastick,,0.0,N,,,,,,
60.0264563,-159.9032916,2013-12-13,1,0,28.0,55.0,,Pastick,,0.0,N,,,,,,
60.0419189,-159.8956271,2013-12-13,1,0,40.0,60.0,,Pastick,,0.0,N,,,,,,
60.0399183,-159.872116,2013-12-13,1,0,42.0,152.0,,Pastick,,0.0,N,,,,,,
60.0416036,-159.8720643,2013-12-13,1,0,56.0,88.0,,Pastick,,0.0,N,,,,,,
60.0408551,-159.868526,2013-12-13,1,0,19.0,54.0,,Pastick,,0.0,N,,,,,,
60.0392013,-159.869486,2013-12-13,1,0,27.0,63.0,,Pastick,,0.0,N,,,,,,
60.0380856,-159.8734273,2013-12-13,1,0,70.0,80.0,,Pastick,,0.0,N,,,,,,
60.0348818,-159.8742934,2013-12-13,1,0,34.0,67.0,,Pastick,,0.0,N,,,,,,
59.9383215,-159.4734761,2013-12-13,1,0,4.0,80.0,,Pastick,,0.0,N,,,,,,
59.9368282,-159.4746476,2013-12-13,1,0,0.0,152.0,,Pastick,,0.0,N,,,,,,
59.9233165,-159.4844352,2013-12-13,1,0,56.0,80.0,,Pastick,,0.0,N,,,,,,
59.9212904,-159.4866914,2013-12-13,1,0,37.0,78.0,,Pastick,,0.0,N,,,,,,
59.9099398,-159.4623108,2013-12-13,1,0,0.0,152.0,,Pastick,,0.0,N,,,,,,
59.9081958,-159.4836536,2013-12-13,1,0,38.0,53.0,,Pastick,,0.0,N,,,,,,
59.2990424,-159.8762563,2013-12-13,1,0,61.0,80.0,,Pastick,,0.0,N,,,,,,
59.3007645,-159.8719531,2013-12-13,1,0,37.0,75.0,,Pastick,,0.0,N,,,,,,
59.2979634,-159.8652893,2013-12-13,1,0,66.0,70.0,,Pastick,,0.0,N,,,,,,
59.2935016,-159.8571557,2013-12-13,1,0,21.0,70.0,,Pastick,,0.0,N,,,,,,
59.2921067,-159.8584861,2013-12-13,1,0,64.0,152.0,,Pastick,,0.0,N,,,,,,
59.9097429,-159.4751555,2013-12-13,1,0,42.0,80.0,,Pastick,,0.0,N,,,,,,
59.7455491,-160.2426008,2013-12-13,1,0,38.0,152.0,,Pastick,,0.0,N,,,,,,
59.7485943,-160.2548948,2013-12-13,1,0,9.0,105.0,,Pastick,,0.0,N,,,,,,
59.7507375,-160.222432,2013-12-13,1,0,78.0,152.0,,Pastick,,0.0,N,,,,,,
59.7481497,-160.2242008,2013-12-13,1,0,40.0,65.0,,Pastick,,0.0,N,,,,,,
59.7449374,-160.22586,2013-12-13,1,0,60.0,120.0,,Pastick,,0.0,N,,,,,,
59.7423875,-160.2241127,2013-12-13,1,0,28.0,152.0,,Pastick,,0.0,N,,,,,,
60.0282894,-159.8546478,2013-12-13,1,0,20.0,80.0,,Pastick,,0.0,N,,,,,,
60.033165,-159.8689444,2013-12-13,1,0,110.0,152.0,,Pastick,,0.0,N,,,,,,
60.0300765,-159.8466667,2013-12-13,1,0,32.0,70.0,,Pastick,,0.0,N,,,,,,
60.0315234,-159.8413644,2013-12-13,1,0,60.0,152.0,,Pastick,,0.0,N,,,,,,
59.9932254,-159.8362831,2013-12-13,1,0,43.0,100.0,,Pastick,,0.0,N,,,,,,
59.9955588,-159.8350059,2013-12-13,1,0,8.0,50.0,,Pastick,,0.0,N,,,,,,
59.9979662,-159.8392598,2013-12-13,1,0,43.0,85.0,,Pastick,,0.0,N,,,,,,
59.9991359,-159.840704,2013-12-13,1,0,90.0,95.0,,Pastick,,0.0,N,,,,,,
59.903894,-159.4814415,2013-12-13,1,0,48.0,152.0,,Pastick,,0.0,N,,,,,,
59.9058423,-159.485171,2013-12-13,1,0,40.0,60.0,,Pastick,,0.0,N,,,,,,
59.3017403,-159.8395292,2013-12-13,1,0,90.0,152.0,,Pastick,,0.0,N,,,,,,
59.3044073,-159.8269002,2013-12-13,1,0,20.0,152.0,,Pastick,,0.0,N,,,,,,
59.3057329,-159.828778,2013-12-13,1,0,70.0,152.0,,Pastick,,0.0,N,,,,,,
59.3067541,-159.8327933,2013-12-13,1,0,70.0,152.0,,Pastick,,0.0,N,,,,,,
59.8285,-159.4994908,2013-12-13,1,0,20.0,152.0,,Pastick,,0.0,N,,,,,,
59.8252467,-159.5058516,2013-12-13,1,0,38.0,100.0,,Pastick,,0.0,N,,,,,,
59.7790574,-159.4819486,2013-12-13,1,0,92.0,152.0,,Pastick,,0.0,N,,,,,,
59.7807287,-159.4850031,2013-12-13,1,0,72.0,152.0,,Pastick,,0.0,N,,,,,,
59.7787211,-159.4917322,2013-12-13,1,0,50.0,100.0,,Pastick,,0.0,N,,,,,,
59.7821102,-159.5020457,2013-12-13,1,0,45.0,80.0,,Pastick,,0.0,N,,,,,,
59.7663482,-159.5366918,2013-12-13,1,0,32.0,80.0,,Pastick,,0.0,N,,,,,,
59.7650088,-159.5311527,2013-12-13,1,0,85.0,100.0,,Pastick,,0.0,N,,,,,,
59.7712349,-159.5613283,2013-12-13,1,0,120.0,152.0,,Pastick,,0.0,N,,,,,,
59.7700674,-159.5512747,2013-12-13,1,0,60.0,85.0,,Pastick,,0.0,N,,,,,,
59.7375809,-159.5237604,2013-12-13,1,0,50.0,152.0,,Pastick,,0.0,N,,,,,,
59.7387037,-159.5246599,2013-12-13,1,0,17.0,88.0,,Pastick,,0.0,N,,,,,,
59.7099755,-159.5183381,2013-12-13,1,0,55.0,75.0,,Pastick,,0.0,N,,,,,,
59.7084907,-159.5277131,2013-12-13,1,0,96.0,152.0,,Pastick,,0.0,N,,,,,,
59.7080708,-159.5312583,2013-12-13,1,0,53.0,152.0,,Pastick,,0.0,N,,,,,,
59.7053388,-159.5427355,2013-12-13,1,0,55.0,95.0,,Pastick,,0.0,N,,,,,,
59.5410254,-159.6603929,2013-12-13,1,0,41.0,70.0,,Pastick,,0.0,N,,,,,,
59.5318156,-159.6654097,2013-12-13,1,0,40.0,80.0,,Pastick,,0.0,N,,,,,,
59.8152356,-159.509172,2013-12-13,1,0,106.0,110.0,,Pastick,,0.0,N,,,,,,
59.8146563,-159.5136138,2013-12-13,1,0,93.0,152.0,,Pastick,,0.0,N,,,,,,
59.81066,-159.5214693,2013-12-13,1,0,31.0,53.0,,Pastick,,0.0,N,,,,,,
59.8089429,-159.5247568,2013-12-13,1,0,30.0,64.0,,Pastick,,0.0,N,,,,,,
59.8162867,-159.5089719,2013-12-13,1,0,63.0,80.0,,Pastick,,0.0,N,,,,,,
59.7887483,-159.5313903,2013-12-13,1,0,21.0,60.0,,Pastick,,0.0,N,,,,,,
59.7877088,-159.5211879,2013-12-13,1,0,90.0,100.0,,Pastick,,0.0,N,,,,,,
59.7656481,-159.510831,2013-12-13,1,0,66.0,90.0,,Pastick,,0.0,N,,,,,,
59.7629373,-159.5042632,2013-12-13,1,0,38.0,152.0,,Pastick,,0.0,N,,,,,,
59.7595686,-159.5038423,2013-12-13,1,0,36.0,152.0,,Pastick,,0.0,N,,,,,,
59.6874029,-159.5411085,2013-12-13,1,0,37.0,120.0,,Pastick,,0.0,N,,,,,,
59.6837531,-159.5452104,2013-12-13,1,0,44.0,65.0,,Pastick,,0.0,N,,,,,,
59.6849386,-159.5485804,2013-12-13,1,0,10.0,60.0,,Pastick,,0.0,N,,,,,,
59.6899702,-159.5440259,2013-12-13,1,0,32.0,152.0,,Pastick,,0.0,N,,,,,,
59.5504089,-159.6444668,2013-12-13,1,0,111.0,152.0,,Pastick,,0.0,N,,,,,,
59.5507268,-159.6466054,2013-12-13,1,0,80.0,152.0,,Pastick,,0.0,N,,,,,,
59.747152,-160.2384847,2013-12-13,1,0,105.0,152.0,,Pastick,,0.0,N,,,,,,
59.7515982,-160.24534,2013-12-13,1,0,42.0,75.0,,Pastick,,0.0,N,,,,,,
59.9200114,-159.531911,2013-12-13,1,0,85.0,93.0,,Pastick,,0.0,N,,,,,,
59.9185378,-159.5251734,2013-12-13,1,0,51.0,190.0,,Pastick,,0.0,N,,,,,,
59.9162515,-159.5164747,2013-12-13,1,0,100.0,130.0,,Pastick,,0.0,N,,,,,,
59.9171422,-159.5024662,2013-12-13,1,0,66.0,100.0,,Pastick,,0.0,N,,,,,,
59.9109759,-159.4980125,2013-12-13,1,0,150.0,165.0,,Pastick,,0.0,N,,,,,,
59.909972,-159.5050192,2013-12-13,1,0,25.0,90.0,,Pastick,,0.0,N,,,,,,
59.916275,-159.4984891,2013-12-13,1,0,78.0,78.0,,Pastick,,0.0,N,,,,,,
59.0836389,-154.2775556,2013-04-09,1,0,50.0,200.0,,Pastick,,0.0,N,,,,,,
59.239036,-160.1543806,2013-12-13,1,0,110.0,152.0,,Pastick,,0.0,N,,,,,,
59.2060458,-160.3649395,2013-12-13,1,0,65.0,152.0,,Pastick,,0.0,N,,,,,,
59.1385498,-160.1130711,2013-12-13,1,0,105.0,152.0,,Pastick,,0.0,N,,,,,,
59.2035099,-160.2544568,2013-12-13,1,0,80.0,152.0,,Pastick,,0.0,N,,,,,,
59.2044748,-160.2579521,2013-12-13,1,0,115.0,152.0,,Pastick,,0.0,N,,,,,,
59.1651719,-159.9207342,2013-12-13,1,0,90.0,152.0,,Pastick,,0.0,N,,,,,,
59.163197,-159.9212496,2013-12-13,1,0,120.0,152.0,,Pastick,,0.0,N,,,,,,
59.1618384,-159.9228002,2013-12-13,1,0,90.0,152.0,,Pastick,,0.0,N,,,,,,
59.1615209,-159.924807,2013-12-13,1,0,32.0,152.0,,Pastick,,0.0,N,,,,,,
59.1296313,-159.6036003,2013-12-13,1,0,45.0,152.0,,Pastick,,0.0,N,,,,,,
59.130615,-159.603515,2013-12-13,1,0,20.0,152.0,,Pastick,,0.0,N,,,,,,
59.2356861,-159.5759589,2013-12-13,1,0,65.0,152.0,,Pastick,,0.0,N,,,,,,
59.2398275,-159.3368047,2013-12-13,1,0,50.0,152.0,,Pastick,,0.0,N,,,,,,
59.2411448,-159.3360908,2013-12-13,1,0,70.0,152.0,,Pastick,,0.0,N,,,,,,
59.173002,-159.3580227,2013-12-13,1,0,40.0,152.0,,Pastick,,0.0,N,,,,,,
59.1733145,-159.3612444,2013-12-13,1,0,80.0,180.0,,Pastick,,0.0,N,,,,,,
59.1883872,-159.105738,2013-12-13,1,0,25.0,152.0,,Pastick,,0.0,N,,,,,,
58.9756213,-159.7732301,2013-12-13,1,0,168.0,168.0,,Pastick,,0.0,N,,,,,,
58.9747117,-159.7802972,2013-12-13,1,0,148.0,205.0,,Pastick,,0.0,N,,,,,,
58.9727617,-159.7887174,2013-12-13,1,0,38.0,120.0,,Pastick,,0.0,N,,,,,,
59.1966571,-159.7542684,2013-12-13,1,0,50.0,97.0,,Pastick,,0.0,N,,,,,,
59.0272665,-160.0887089,2013-12-13,1,0,83.0,130.0,,Pastick,,0.0,N,,,,,,
59.2353398,-159.2148575,2013-12-13,1,0,60.0,120.0,,Pastick,,0.0,N,,,,,,
59.2031461,-159.1598858,2013-12-13,1,0,19.0,125.0,,Pastick,,0.0,N,,,,,,
59.1980632,-159.1323235,2013-12-13,1,0,16.0,16.0,,Pastick,,0.0,N,,,,,,
59.1845719,-159.09252,2013-12-13,1,0,0.0,200.0,,Pastick,,0.0,N,,,,,,
59.3232542,-158.9568294,2013-12-13,1,0,110.0,115.0,,Pastick,,0.0,N,,,,,,
59.3249055,-158.9363848,2013-12-13,1,0,75.0,120.0,,Pastick,,0.0,N,,,,,,
59.325382,-158.9345669,2013-12-13,1,0,70.0,179.0,,Pastick,,0.0,N,,,,,,
59.3266812,-158.9265009,2013-12-13,1,0,55.0,90.0,,Pastick,,0.0,N,,,,,,
59.2627444,-159.265464,2013-12-13,1,0,48.0,48.0,,Pastick,,0.0,N,,,,,,
59.2633493,-159.2669831,2013-12-13,1,0,105.0,105.0,,Pastick,,0.0,N,,,,,,
59.2676965,-159.275312,2013-12-13,1,0,74.0,100.0,,Pastick,,0.0,N,,,,,,
59.1861835,-158.8353805,2013-12-13,1,0,65.0,110.0,,Pastick,,0.0,N,,,,,,
59.1888751,-158.8360351,2013-12-13,1,0,100.0,160.0,,Pastick,,0.0,N,,,,,,
59.1808459,-158.8064601,2013-12-13,1,0,50.0,120.0,,Pastick,,0.0,N,,,,,,
59.1902737,-158.7913551,2013-12-13,1,0,60.0,80.0,,Pastick,,0.0,N,,,,,,
59.1834594,-158.777084,2013-12-13,1,0,65.0,110.0,,Pastick,,0.0,N,,,,,,
59.3181567,-159.1000192,2013-12-13,1,0,110.0,180.0,,Pastick,,0.0,N,,,,,,
59.3192281,-159.1016066,2013-12-13,1,0,70.0,152.0,,Pastick,,0.0,N,,,,,,
59.3209857,-159.0962606,2013-12-13,1,0,73.0,190.0,,Pastick,,0.0,N,,,,,,
59.0574408,-159.7413647,2013-12-13,1,0,90.0,152.0,,Pastick,,0.0,N,,,,,,
59.0222408,-159.7694703,2013-12-13,1,0,40.0,152.0,,Pastick,,0.0,N,,,,,,
59.0228394,-159.7680716,2013-12-13,1,0,40.0,152.0,,Pastick,,0.0,N,,,,,,
59.229982,-159.6445251,2013-12-13,1,0,35.0,152.0,,Pastick,,0.0,N,,,,,,
59.2300954,-159.6499132,2013-12-13,1,0,100.0,152.0,,Pastick,,0.0,N,,,,,,
59.1968218,-159.6146716,2013-12-13,1,0,65.0,152.0,,Pastick,,0.0,N,,,,,,
59.1947665,-159.6139659,2013-12-13,1,0,30.0,152.0,,Pastick,,0.0,N,,,,,,
59.1558696,-160.1903732,2013-12-13,1,0,50.0,152.0,,Pastick,,0.0,N,,,,,,
59.1896821,-160.1490277,2013-12-13,1,0,65.0,152.0,,Pastick,,0.0,N,,,,,,
59.1888345,-160.146483,2013-12-13,1,0,38.0,152.0,,Pastick,,0.0,N,,,,,,
64.02395292136383,-145.56504359881998,2004-06-21,1,0,0.0,100.0,,Pastick,6.0,0.0,N,,,,,,
63.97088110899652,-145.1183699190152,2004-09-29,1,0,0.0,200.0,,Pastick,1.0,5.0,N,,,,,,
63.81148946594868,-144.9493213043712,2004-06-09,1,1,30.0,50.0,,Pastick,1.0,30.0,N,,,,,,
63.90563679628254,-145.38943890328628,2004-06-10,1,0,0.0,80.0,,Pastick,1.0,27.0,N,,,,,,
63.81815974372021,-144.96645428080603,2004-06-10,1,0,0.0,70.0,,Pastick,3.0,0.0,N,,,,,,
63.82009952025478,-144.92983595733958,2004-06-10,1,0,0.0,190.0,,Pastick,2.0,10.0,N,,,,,,
63.80400917827318,-145.0036470293576,2004-07-08,1,0,0.0,110.0,,Pastick,1.0,26.0,N,,,,,,
63.79521152539903,-145.02784202471867,2004-07-08,1,0,0.0,200.0,,Pastick,2.0,0.0,N,,,,,,
63.8061335840627,-145.01056517538638,2004-07-08,1,0,0.0,59.0,,Pastick,3.0,0.0,N,,,,,,
63.8072929223605,-145.01783654099867,2004-07-08,1,1,63.0,70.0,,Pastick,4.0,21.0,N,,,,,,
63.81017362548496,-145.0289086559216,2004-07-08,1,0,0.0,85.0,,Pastick,5.0,19.0,N,,,,,,
63.810895597845,-145.03511521068694,2004-07-08,1,0,0.0,85.0,,Pastick,6.0,25.0,N,,,,,,
63.8126488080724,-145.0386093491417,2004-07-08,1,0,0.0,85.0,,Pastick,7.0,5.0,N,,,,,,
63.98198832798845,-145.06869337099536,2004-07-13,1,0,0.0,200.0,,Pastick,2.0,0.0,N,,,,,,
63.97011136891876,-145.0612790637668,2004-07-14,1,0,0.0,200.0,,Pastick,3.0,4.0,N,,,,,,
63.96499353187412,-145.06996722310623,2004-07-14,1,0,0.0,170.0,,Pastick,5.0,0.0,N,,,,,,
63.82631735766787,-145.09261930807904,2004-07-05,1,0,0.0,200.0,,Pastick,1.0,0.0,N,,,,,,
63.82829798320832,-145.10738496804265,2004-07-05,1,0,0.0,80.0,,Pastick,2.0,0.0,N,,,,,,
63.830155477377645,-145.12523038410265,2004-07-05,1,1,67.0,70.0,,Pastick,3.0,26.0,N,,,,,,
63.82995867995336,-145.1426645418577,2004-07-05,1,0,0.0,135.0,,Pastick,4.0,3.0,N,,,,,,
63.85410351711814,-145.11120465918984,2004-07-20,1,0,0.0,133.0,,Pastick,1.0,5.0,N,,,,,,
63.851380638607175,-145.1171852401717,2004-07-20,1,0,0.0,50.0,,Pastick,2.0,0.0,N,,,,,,
63.84597882745872,-145.12358725657535,2004-07-20,1,0,0.0,195.0,,Pastick,3.0,0.0,N,,,,,,
63.87982253600131,-145.1826652803917,2004-07-21,1,0,0.0,200.0,,Pastick,1.0,10.0,N,,,,,,
63.86152237333389,-145.20092101816772,2004-07-21,1,0,0.0,200.0,,Pastick,2.0,0.0,N,,,,,,
63.87201773791576,-145.2118945247396,2004-07-22,1,0,0.0,170.0,,Pastick,1.0,10.0,N,,,,,,
63.87483433406523,-145.21244842725196,2004-07-22,1,0,0.0,165.0,,Pastick,2.0,30.0,N,,,,,,
63.87468080083895,-145.2174666757713,2004-07-22,1,0,0.0,200.0,,Pastick,3.0,8.0,N,,,,,,
63.94049407480978,-145.20328525089153,2004-07-26,1,0,0.0,70.0,,Pastick,1.0,0.0,N,,,,,,
63.9391367189369,-145.20096422589782,2004-07-26,1,0,0.0,85.0,,Pastick,2.0,0.0,N,,,,,,
63.93780347534786,-145.19625441332505,2004-07-26,1,0,0.0,50.0,,Pastick,3.0,0.0,N,,,,,,
63.92646216810643,-145.17517849825737,2004-07-26,1,0,0.0,85.0,,Pastick,4.0,0.0,N,,,,,,
63.92281055032174,-145.19036533642,2004-07-28,1,0,0.0,185.0,,Pastick,1.0,7.0,N,,,,,,
63.9267306503701,-145.2060226744789,2004-07-28,1,0,0.0,65.0,,Pastick,5.0,0.0,N,,,,,,
63.92941541167587,-145.2118892709418,2004-07-28,1,0,0.0,200.0,,Pastick,6.0,0.0,N,,,,,,
63.94241825587863,-145.2028150192894,2004-08-19,1,0,0.0,135.0,,Pastick,1.0,0.0,N,,,,,,
63.94531747636204,-145.20569085982785,2004-08-19,1,0,0.0,155.0,,Pastick,2.0,0.0,N,,,,,,
63.94779298560408,-145.2047975699453,2004-08-19,1,0,0.0,82.0,,Pastick,3.0,0.0,N,,,,,,
63.95079479248373,-145.2043603599194,2004-08-19,1,0,0.0,65.0,,Pastick,4.0,8.0,N,,,,,,
63.95413617663824,-145.20524884562963,2004-08-19,1,0,0.0,50.0,,Pastick,5.0,27.0,N,,,,,,
63.906924409996506,-145.3865727457201,2004-08-25,1,0,0.0,73.0,,Pastick,1.0,8.0,N,,,,,,
63.81665995888128,-144.95878002070697,2004-08-26,1,1,54.0,54.0,,Pastick,1.0,25.0,N,,,,,,
63.968144787858016,-145.2400791795712,2004-07-29,1,0,0.0,65.0,,Pastick,1.0,26.0,N,,,,,,
63.99587950711483,-145.5232405717472,2004-09-28,1,0,0.0,180.0,,Pastick,1.0,22.0,N,,,,,,
63.99643328092832,-145.52916122793354,2004-09-28,1,0,0.0,55.0,,Pastick,2.0,0.0,N,,,,,,
64.00933882589972,-145.5183977456293,2004-09-28,1,0,0.0,36.0,,Pastick,3.0,0.0,N,,,,,,
64.05772555785444,-145.72360508138877,2004-09-28,1,0,0.0,80.0,,Pastick,4.0,7.0,N,,,,,,
62.99500868038112,-151.63659324221632,1999-07-10,1,0,0.0,100.0,,Pastick,5.0,2.0,N,,,,,,
62.99918885647107,-151.6607043233633,1999-07-10,1,0,0.0,100.0,,Pastick,1.0,1.0,N,,,,,,
63.00093928784306,-151.66259872317863,1999-07-10,1,0,0.0,100.0,,Pastick,2.0,4.0,N,,,,,,
63.00592973584314,-151.65119211503838,1999-07-10,1,0,0.0,100.0,,Pastick,2.0,3.0,N,,,,,,
63.00656781930011,-151.6569296414664,1999-07-10,1,0,0.0,100.0,,Pastick,4.0,2.0,N,,,,,,
63.00946267767069,-151.65266842484417,1999-07-10,1,1,61.0,61.0,,Pastick,1.0,18.0,N,,,,,,
63.0100555389505,-151.65459656127274,1999-07-10,1,1,113.0,113.0,,Pastick,3.0,4.0,N,,,,,,
63.01387152019595,-151.65847055451832,1999-07-10,1,0,0.0,100.0,,Pastick,2.0,0.0,N,,,,,,
63.01637161811072,-151.65422660691348,1999-07-10,1,0,0.0,100.0,,Pastick,1.0,2.0,N,,,,,,
63.1042083633783,-151.64295256177752,1999-08-05,1,0,0.0,150.0,,Pastick,1.0,4.0,N,,,,,,
63.10550182156332,-151.64867882702967,1999-08-05,1,1,83.0,83.0,,Pastick,2.0,12.0,N,,,,,,
63.10656317212104,-151.6669213295108,1999-08-05,1,0,0.0,100.0,,Pastick,1.0,8.0,N,,,,,,
63.10752127028045,-151.65431255937557,1999-08-05,1,0,0.0,100.0,,Pastick,3.0,4.0,N,,,,,,
63.10814390535116,-151.67852215374066,1999-08-05,1,0,0.0,100.0,,Pastick,2.0,2.0,N,,,,,,
63.10837993052025,-151.62961790505287,1999-08-05,1,0,0.0,150.0,,Pastick,3.0,5.0,N,,,,,,
63.16164125292204,-151.5044940701492,2002-08-15,1,0,0.0,150.0,,Pastick,2.0,1.0,N,,,,,,
63.16597530401752,-151.5249241282145,2002-08-15,1,0,0.0,150.0,,Pastick,1.0,2.0,N,,,,,,
63.168109673476,-151.50668297644867,2002-08-15,1,0,0.0,150.0,,Pastick,3.0,15.0,N,,,,,,
63.19247321741376,-151.9574914502772,1999-08-22,1,0,0.0,150.0,,Pastick,1.0,120.0,N,,,,,,
63.19650486548437,-151.95891679445205,1999-08-22,1,1,49.0,49.0,,Pastick,1.0,12.0,N,,,,,,
63.19782930804829,-151.95837224553688,1999-08-22,1,1,43.0,43.0,,Pastick,2.0,24.0,N,,,,,,
63.20009830999418,-151.96425481171417,1999-08-22,1,1,53.0,53.0,,Pastick,3.0,18.0,N,,,,,,
63.20254567659229,-151.9700126591475,1999-08-22,1,1,48.0,48.0,,Pastick,4.0,9.0,N,,,,,,
63.2026825329302,-151.97778171164538,1999-08-20,1,1,44.0,90.0,,Pastick,1.0,37.0,N,,,,,,
63.19903423354919,-151.2319829010778,2002-08-30,1,0,0.0,150.0,,Pastick,1.0,1.0,N,,,,,,
63.20459008459823,-151.51941865526146,1999-07-08,1,0,0.0,100.0,,Pastick,1.0,0.0,N,,,,,,
63.20644374361366,-151.6997722935787,1999-07-12,1,0,0.0,100.0,,Pastick,2.0,10.0,N,,,,,,
63.206472545122615,-151.69507792844652,1999-07-12,1,0,0.0,100.0,,Pastick,1.0,12.0,N,,,,,,
63.20764528940918,-151.6888800985626,1999-07-12,1,1,42.0,58.0,,Pastick,3.0,31.0,N,,,,,,
63.20605508911027,-151.52304266507645,1999-07-08,1,0,0.0,150.0,,Pastick,2.0,3.0,N,,,,,,
63.20906406100964,-151.70657557432045,1999-07-12,1,0,0.0,100.0,,Pastick,3.0,9.0,N,,,,,,
63.20907059302016,-151.68575287152171,1999-07-12,1,0,0.0,100.0,,Pastick,2.0,15.0,N,,,,,,
63.20948854936682,-151.68338711945637,1999-07-12,1,1,42.0,49.0,,Pastick,1.0,31.0,N,,,,,,
63.208643359522576,-151.52678889433506,1999-07-08,1,1,112.0,112.0,,Pastick,3.0,10.0,N,,,,,,
63.21043626320635,-151.67910774608592,1999-07-12,1,1,40.0,61.0,,Pastick,5.0,34.0,N,,,,,,
63.2108304750254,-151.67324240374228,1999-07-12,1,1,36.0,48.0,,Pastick,4.0,36.0,N,,,,,,
63.21137179723303,-151.66490383735697,1999-07-12,1,0,0.0,100.0,,Pastick,2.0,10.0,N,,,,,,
63.211458443955166,-151.66840038971185,1999-07-12,1,0,0.0,100.0,,Pastick,3.0,8.0,N,,,,,,
63.21136405798052,-151.53033016620404,1999-07-08,1,0,0.0,100.0,,Pastick,4.0,4.0,N,,,,,,
63.21277165841094,-151.6591307600657,1999-07-12,1,0,0.0,100.0,,Pastick,1.0,3.0,N,,,,,,
63.21437165468766,-151.53558818669657,1999-07-08,1,0,0.0,100.0,,Pastick,1.0,1.0,N,,,,,,
63.21888522975652,-152.02658457106747,1999-08-22,1,0,0.0,100.0,,Pastick,1.0,2.0,N,,,,,,
63.21907340168661,-152.0291643613051,1999-08-22,1,0,0.0,100.0,,Pastick,2.0,11.0,N,,,,,,
63.21818917917259,-151.53931436478612,1999-07-08,1,0,0.0,100.0,,Pastick,2.0,5.0,N,,,,,,
63.21388472591884,-151.11268726496246,1999-07-12,1,0,0.0,100.0,,Pastick,1.0,1.0,N,,,,,,
63.21552722355493,-151.1079246488664,1999-07-12,1,0,0.0,100.0,,Pastick,2.0,3.0,N,,,,,,
63.21778281939608,-151.10135046875442,1999-07-12,1,0,0.0,100.0,,Pastick,1.0,1.0,N,,,,,,
63.22476421867624,-151.53273419081748,1999-07-08,1,0,0.0,100.0,,Pastick,1.0,4.0,N,,,,,,
63.22009425197541,-151.09897020141514,1999-07-12,1,0,0.0,100.0,,Pastick,2.0,5.0,N,,,,,,
63.22659945608557,-151.526173466318,1999-07-08,1,0,0.0,100.0,,Pastick,2.0,8.0,N,,,,,,
63.22928954953356,-151.52070260590375,1999-07-08,1,1,41.0,70.0,,Pastick,3.0,20.0,N,,,,,,
63.225502071806325,-151.11471598558518,1999-07-12,1,1,109.0,109.0,,Pastick,1.0,3.0,N,,,,,,
63.22652062418565,-151.1381948067616,2002-08-30,1,0,0.0,150.0,,Pastick,1.0,3.0,N,,,,,,
63.22867102922997,-151.11944582550828,1999-07-12,1,1,76.0,76.0,,Pastick,2.0,14.0,N,,,,,,
63.23138572690271,-151.12106094310764,1999-07-12,1,0,0.0,150.0,,Pastick,3.0,1.0,N,,,,,,
63.23336965230917,-151.113586142775,1999-07-12,1,0,0.0,100.0,,Pastick,4.0,3.0,N,,,,,,
63.23697266530138,-151.10907046404355,1999-07-12,1,0,0.0,150.0,,Pastick,1.0,10.0,N,,,,,,
63.238509382035474,-151.1071580664406,1999-07-12,1,0,0.0,100.0,,Pastick,2.0,1.0,N,,,,,,
63.24008672182095,-150.95390436653537,1999-07-07,1,0,0.0,100.0,,Pastick,2.0,4.0,N,,,,,,
63.24142711198494,-150.95908684151533,1999-07-07,1,0,0.0,100.0,,Pastick,3.0,0.0,N,,,,,,
63.24272300075276,-150.9605487671964,1999-07-07,1,0,0.0,100.0,,Pastick,4.0,1.0,N,,,,,,
63.24271652110399,-150.95322039890473,1999-07-07,1,0,0.0,100.0,,Pastick,1.0,1.0,N,,,,,,
63.25137471775209,-151.4198634322584,1999-08-09,1,0,0.0,100.0,,Pastick,1.0,1.0,N,,,,,,
63.2547518047015,-151.42894186825876,1999-08-09,1,0,0.0,100.0,,Pastick,3.0,10.0,N,,,,,,
63.25479709300512,-151.42248514916278,1999-08-09,1,0,0.0,150.0,,Pastick,1.0,4.0,N,,,,,,
63.2558637528085,-151.42720804291824,1999-08-09,1,0,0.0,100.0,,Pastick,2.0,1.0,N,,,,,,
63.25073741043733,-150.97856935937824,1999-07-07,1,0,0.0,100.0,,Pastick,2.0,4.0,N,,,,,,
63.25692919466252,-151.43754933901735,1999-08-09,1,1,115.0,115.0,,Pastick,1.0,13.0,N,,,,,,
63.25249317722535,-150.9763946145251,1999-07-07,1,0,0.0,100.0,,Pastick,1.0,5.0,N,,,,,,
63.25916489290945,-151.4433258184512,1999-08-09,1,0,0.0,100.0,,Pastick,2.0,5.0,N,,,,,,
63.26116036968145,-151.44849840334163,1999-08-09,1,0,0.0,100.0,,Pastick,1.0,4.0,N,,,,,,
63.26889209427486,-151.44626952169784,1999-08-09,1,1,96.0,96.0,,Pastick,2.0,28.0,N,,,,,,
63.261092375064365,-150.82234376604904,2002-08-15,1,0,0.0,150.0,,Pastick,1.0,2.0,N,,,,,,
63.26800947443239,-151.14251712427352,1999-07-14,1,0,0.0,100.0,,Pastick,3.0,4.0,N,,,,,,
63.268233154893565,-151.15073446770396,1999-07-14,1,0,0.0,100.0,,Pastick,4.0,0.0,N,,,,,,
63.26842018566737,-151.12931583086973,1999-07-14,1,0,0.0,150.0,,Pastick,2.0,12.0,N,,,,,,
63.26898180318073,-151.12423661347125,1999-07-14,1,0,0.0,100.0,,Pastick,1.0,5.0,N,,,,,,
63.26975232878982,-151.173838619167,1999-07-14,1,1,47.0,47.0,,Pastick,4.0,20.0,N,,,,,,
63.27358553630057,-151.44284762870726,1999-08-09,1,0,0.0,100.0,,Pastick,3.0,3.0,N,,,,,,
63.27108056874151,-151.16960850361727,1999-07-14,1,0,0.0,100.0,,Pastick,3.0,1.0,N,,,,,,
63.27087537639454,-151.1119541645012,1999-07-14,1,1,88.0,88.0,,Pastick,1.0,8.0,N,,,,,,
63.27107370222333,-151.11879839735553,1999-07-14,1,1,42.0,56.0,,Pastick,2.0,12.0,N,,,,,,
63.2836560084209,-151.9304742862431,1999-07-24,1,1,29.0,29.0,,Pastick,3.0,21.0,N,,,,,,
63.271351157800616,-150.80687727468475,2002-08-15,1,0,46.0,46.0,,Pastick,1.0,0.0,Y,,,,,,
63.27191704051877,-150.81155926102215,2002-08-15,1,0,68.0,68.0,,Pastick,2.0,6.0,Y,,,,,,
63.27291741646736,-150.8170658621956,2002-08-15,1,1,128.0,128.0,,Pastick,3.0,6.0,N,,,,,,
63.29583026142398,-151.93808147150463,1999-07-24,1,1,39.0,49.0,,Pastick,1.0,23.0,N,,,,,,
63.29689437353736,-151.93754363323546,1999-07-24,1,0,0.0,150.0,,Pastick,2.0,150.0,N,,,,,,
63.29596368584919,-151.6112015892629,1999-08-19,1,0,0.0,100.0,,Pastick,1.0,0.0,N,,,,,,
63.297074257367626,-151.58992262067474,1999-08-19,1,1,74.0,74.0,,Pastick,1.0,41.0,N,,,,,,
63.29719503145064,-151.59215099789512,1999-08-19,1,1,34.0,49.0,,Pastick,3.0,25.0,N,,,,,,
63.29776049948797,-151.57588463493585,1999-08-19,1,1,41.0,59.0,,Pastick,4.0,57.0,N,,,,,,
63.29814949323675,-151.60614890318644,1999-08-19,1,0,0.0,100.0,,Pastick,2.0,10.0,N,,,,,,
63.29782808510038,-151.56740277802808,1999-08-19,1,1,88.0,88.0,,Pastick,4.0,17.0,N,,,,,,
63.29796309833272,-151.56476272926685,1999-08-19,1,0,0.0,100.0,,Pastick,5.0,11.0,N,,,,,,
63.301321550401454,-151.92584935849013,1999-07-24,1,1,43.0,43.0,,Pastick,3.0,20.0,N,,,,,,
63.30243481155568,-151.9223164752525,1999-07-24,1,0,0.0,100.0,,Pastick,1.0,8.0,N,,,,,,
63.3037105099933,-151.9200940569083,1999-07-24,1,0,0.0,100.0,,Pastick,2.0,9.0,N,,,,,,
63.29569178133537,-151.06921151343354,1998-08-19,1,0,0.0,150.0,,Pastick,1.0,3.0,N,,,,,,
63.29203250748584,-150.79660693157837,1998-07-26,1,0,118.0,118.0,,Pastick,1.0,0.0,Y,,,,,,
63.30536278136127,-151.91664017451646,1999-07-24,1,0,0.0,100.0,,Pastick,3.0,9.0,N,,,,,,
63.29695654155466,-150.7887281103425,1998-07-26,1,0,0.0,100.0,,Pastick,2.0,2.0,N,,,,,,
63.297828887842925,-150.7859274489418,1998-07-26,1,0,0.0,100.0,,Pastick,3.0,4.0,N,,,,,,
63.30417138191809,-151.05896471491909,1998-08-19,1,0,0.0,150.0,,Pastick,3.0,2.0,N,,,,,,
63.3012352292547,-150.78498740602905,1998-07-26,1,0,0.0,100.0,,Pastick,4.0,7.0,N,,,,,,
63.30108998168497,-150.7687735380041,1998-07-26,1,0,0.0,100.0,,Pastick,1.0,5.0,N,,,,,,
63.30312563247383,-150.7841436639073,1998-07-26,1,0,0.0,100.0,,Pastick,1.0,1.0,N,,,,,,
63.30795854975456,-150.90601459427052,1998-08-12,1,0,0.0,100.0,,Pastick,1.0,10.0,N,,,,,,
63.30850024195946,-150.9098876253242,1998-08-12,1,0,0.0,100.0,,Pastick,1.0,7.0,N,,,,,,
63.30899713971141,-150.9150016426991,1998-08-12,1,0,0.0,130.0,,Pastick,2.0,10.0,N,,,,,,
63.307353666906906,-150.78407822720277,1998-07-26,1,0,0.0,150.0,,Pastick,2.0,2.0,N,,,,,,
63.32256853566821,-152.20070732477976,2001-09-05,1,1,44.0,44.0,,Pastick,3.0,32.0,N,,,,,,
63.30752301999768,-150.7742042730796,1998-07-26,1,0,0.0,115.0,,Pastick,3.0,6.0,N,,,,,,
63.300086981621824,-150.3046596289278,1998-07-10,1,1,130.0,130.0,,Pastick,1.0,2.0,N,,,,,,
63.30855451241747,-150.78508384561906,1998-07-26,1,0,0.0,100.0,,Pastick,3.0,4.0,N,,,,,,
63.31280735941048,-151.07479278575613,1998-08-19,1,0,0.0,150.0,,Pastick,1.0,10.0,N,,,,,,
63.31099172167515,-150.92062662122413,1998-08-12,1,1,62.0,62.0,,Pastick,4.0,6.0,N,,,,,,
63.3113147670155,-150.916311286156,1998-08-12,1,0,0.0,100.0,,Pastick,3.0,2.0,N,,,,,,
63.32547244354779,-152.19359874014316,2001-09-05,1,0,0.0,150.0,,Pastick,2.0,6.0,N,,,,,,
63.31301208445156,-150.9391871936019,1998-08-12,1,0,0.0,150.0,,Pastick,5.0,3.0,N,,,,,,
63.30267944332316,-150.30972723425714,1998-07-10,1,0,72.0,72.0,,Pastick,2.0,3.0,Y,,,,,,
63.31335329117636,-150.95102151366007,1998-08-12,1,0,0.0,100.0,,Pastick,2.0,2.0,N,,,,,,
63.31083647638201,-150.77307003880858,1998-07-26,1,0,0.0,100.0,,Pastick,2.0,3.0,N,,,,,,
63.311134601034624,-150.77606156519312,1998-07-26,1,0,0.0,150.0,,Pastick,1.0,5.0,N,,,,,,
63.31387351611004,-150.94848897473284,1998-08-12,1,0,0.0,100.0,,Pastick,1.0,9.0,N,,,,,,
63.31614411040562,-151.09864780937585,1998-08-19,1,0,0.0,100.0,,Pastick,4.0,1.0,N,,,,,,
63.31607125303313,-151.0851562823022,1998-08-19,1,0,0.0,150.0,,Pastick,1.0,4.0,N,,,,,,
63.31633576710192,-151.0935041252584,1998-08-19,1,0,0.0,100.0,,Pastick,2.0,9.0,N,,,,,,
63.3164245800168,-151.08072047987318,1998-08-19,1,0,0.0,150.0,,Pastick,2.0,11.0,N,,,,,,
63.31669387462087,-151.09611587218805,1998-08-19,1,0,0.0,150.0,,Pastick,3.0,4.0,N,,,,,,
63.30424840210946,-150.31672768477875,1998-07-10,1,0,0.0,150.0,,Pastick,1.0,0.0,N,,,,,,
63.32873870044239,-152.1824249066898,2001-09-05,1,1,58.0,58.0,,Pastick,1.0,18.0,N,,,,,,
63.30635497521904,-150.31842824899445,1998-07-10,1,0,0.0,100.0,,Pastick,2.0,2.0,N,,,,,,
63.330343703172055,-152.17590925380964,2001-09-05,1,1,158.0,158.0,,Pastick,3.0,3.0,N,,,,,,
63.30774686540603,-150.32702374282758,1998-10-10,1,0,0.0,150.0,,Pastick,2.0,0.0,N,,,,,,
63.30758873413743,-150.31765461112403,1998-07-10,1,1,42.0,53.0,,Pastick,3.0,5.0,N,,,,,,
63.331155787777725,-152.17354953064398,2001-09-05,1,0,0.0,150.0,,Pastick,2.0,7.0,N,,,,,,
63.33139489524618,-152.17144579740523,2001-09-05,1,0,0.0,150.0,,Pastick,1.0,2.0,N,,,,,,
63.30858155865338,-150.3169632319902,1998-07-10,1,1,26.0,50.0,,Pastick,1.0,21.0,N,,,,,,
63.30896046923493,-150.32517411929857,1998-10-10,1,0,0.0,100.0,,Pastick,1.0,3.0,N,,,,,,
63.33003812543157,-151.77268393085234,1999-08-20,1,0,0.0,100.0,,Pastick,1.0,5.0,N,,,,,,
63.33008306543634,-151.77477895251636,1999-08-20,1,0,0.0,100.0,,Pastick,2.0,9.0,N,,,,,,
63.31012039926892,-150.3152225956446,1998-07-10,1,0,0.0,100.0,,Pastick,2.0,3.0,N,,,,,,
63.33013848460436,-151.76766696712332,1999-08-20,1,1,44.0,44.0,,Pastick,5.0,18.0,N,,,,,,
63.33021572651308,-151.758976297478,1999-08-20,1,1,54.0,54.0,,Pastick,3.0,22.0,N,,,,,,
63.33041101920986,-151.7618237539499,1999-08-20,1,0,0.0,100.0,,Pastick,4.0,52.0,N,,,,,,
63.331153536030136,-151.778188509561,1999-08-20,1,0,0.0,100.0,,Pastick,3.0,15.0,N,,,,,,
63.33148753487797,-151.7826080770023,1999-08-20,1,0,0.0,100.0,,Pastick,4.0,2.0,N,,,,,,
63.332577172821374,-151.79252830486254,1999-08-20,1,0,0.0,100.0,,Pastick,6.0,1.0,N,,,,,,
63.33325186520505,-151.79695398891226,1999-08-20,1,0,0.0,100.0,,Pastick,1.0,0.0,N,,,,,,
63.32545539347319,-150.74345714342928,1998-08-05,1,0,0.0,150.0,,Pastick,1.0,1.0,N,,,,,,
63.326286249008426,-150.7431923151123,1998-08-05,1,0,0.0,150.0,,Pastick,2.0,5.0,N,,,,,,
63.32905391474458,-150.74389439770175,1998-08-05,1,0,0.0,150.0,,Pastick,1.0,18.0,N,,,,,,
63.331881617227374,-150.7410157403169,1998-08-05,1,0,0.0,150.0,,Pastick,2.0,8.0,N,,,,,,
63.3369301680501,-150.74513563385943,1998-08-05,1,1,62.0,79.0,,Pastick,1.0,19.0,N,,,,,,
63.33829536189746,-150.74572812731267,1998-08-05,1,0,0.0,100.0,,Pastick,2.0,5.0,N,,,,,,
63.341275223009205,-150.74565467917958,1998-08-05,1,1,61.0,65.0,,Pastick,3.0,22.0,N,,,,,,
63.34548994236816,-150.74986186451227,1998-08-05,1,0,0.0,150.0,,Pastick,4.0,48.0,N,,,,,,
63.345646296122176,-150.61470635854576,1998-07-22,1,0,0.0,100.0,,Pastick,1.0,0.0,N,,,,,,
63.34686566422511,-150.61298610183664,1998-07-22,1,0,0.0,150.0,,Pastick,2.0,3.0,N,,,,,,
63.3505446611691,-150.7481272102391,1998-08-05,1,0,0.0,100.0,,Pastick,5.0,8.0,N,,,,,,
63.348470147286456,-150.61335279901806,1998-07-22,1,0,0.0,150.0,,Pastick,3.0,3.0,N,,,,,,
63.350970049568,-150.61088625268928,1998-07-22,1,1,48.0,48.0,,Pastick,4.0,18.0,N,,,,,,
63.35231035559495,-150.60995521531973,1998-07-22,1,0,0.0,100.0,,Pastick,5.0,2.0,N,,,,,,
63.36101845093752,-151.18298449736272,1999-07-22,1,1,48.0,48.0,,Pastick,3.0,19.0,N,,,,,,
63.36165436502871,-151.21057868323604,1999-07-22,1,0,0.0,100.0,,Pastick,4.0,2.0,N,,,,,,
63.36316296493108,-151.17235057299166,1999-07-22,1,0,0.0,150.0,,Pastick,2.0,7.0,N,,,,,,
63.35078843915943,-150.3533586702673,1998-07-09,1,0,91.0,91.0,,Pastick,1.0,2.0,Y,,,,,,
63.36380911030263,-151.16882994070815,1999-07-22,1,0,0.0,150.0,,Pastick,1.0,8.0,N,,,,,,
63.36507997714303,-151.16432936917997,1999-07-22,1,1,27.0,49.0,,Pastick,2.0,21.0,N,,,,,,
63.3651319690156,-151.14750722809546,1999-07-22,1,1,44.0,44.0,,Pastick,3.0,26.0,N,,,,,,
63.374143970469326,-152.02101326861737,1999-10-10,1,1,96.0,96.0,,Pastick,2.0,24.0,N,,,,,,
63.36581144245932,-151.1563030689093,1999-07-22,1,1,26.0,43.0,,Pastick,1.0,22.0,N,,,,,,
63.35816633767752,-150.60842878516183,1998-07-22,1,1,63.0,63.0,,Pastick,1.0,20.0,N,,,,,,
63.35396382487706,-150.36528491620984,1998-07-09,1,0,0.0,62.0,,Pastick,2.0,4.0,N,,,,,,
63.37509206764907,-152.0363618007169,1999-10-10,1,1,46.0,46.0,,Pastick,3.0,29.0,N,,,,,,
63.36653030547771,-151.1459571924291,1999-07-22,1,0,0.0,150.0,,Pastick,2.0,145.0,N,,,,,,
63.36698066239493,-151.14192816804612,1999-07-22,1,1,49.0,65.0,,Pastick,1.0,38.0,N,,,,,,
63.35557121390403,-150.36673756507986,1998-07-09,1,1,31.0,75.0,,Pastick,1.0,25.0,N,,,,,,
63.35986217299801,-150.60888776105045,1998-07-22,1,0,0.0,120.0,,Pastick,2.0,3.0,N,,,,,,
63.377029365059904,-152.02425544246037,1999-10-10,1,1,56.0,56.0,,Pastick,1.0,30.0,N,,,,,,
63.35667602943764,-150.36577645988072,1998-07-09,1,0,0.0,150.0,,Pastick,2.0,2.0,N,,,,,,
63.3612117846825,-150.6181755905963,1998-07-22,1,0,0.0,42.0,,Pastick,3.0,20.0,N,,,,,,
63.37822563773276,-152.02857555475993,1999-10-10,1,1,88.0,88.0,,Pastick,4.0,8.0,N,,,,,,
63.358368031592846,-150.36792153580157,1998-07-09,1,0,0.0,100.0,,Pastick,3.0,2.0,N,,,,,,
63.36288641480964,-150.62005702309915,1998-07-21,1,0,0.0,150.0,,Pastick,1.0,9.0,N,,,,,,
63.36339407527544,-150.61765483238088,1998-07-21,1,0,0.0,100.0,,Pastick,2.0,1.0,N,,,,,,
63.38107470303897,-152.06546881002845,1999-10-10,1,1,54.0,70.0,,Pastick,1.0,30.0,N,,,,,,
63.36495092508056,-150.61624569221755,1998-07-21,1,0,0.0,100.0,,Pastick,3.0,7.0,N,,,,,,
63.36075682671831,-150.37084322311748,1998-07-09,1,1,53.0,53.0,,Pastick,4.0,8.0,N,,,,,,
63.38295814233007,-152.05434404046198,1999-10-10,1,0,84.0,84.0,,Pastick,3.0,21.0,Y,,,,,,
63.38349262639832,-152.05916810347048,1999-10-10,1,1,63.0,63.0,,Pastick,2.0,21.0,N,,,,,,
63.36760245085284,-150.61532572421606,1998-07-21,1,0,0.0,100.0,,Pastick,4.0,2.0,N,,,,,,
63.36354404682911,-150.37150856858784,1998-07-09,1,0,0.0,150.0,,Pastick,5.0,1.0,N,,,,,,
63.36595428316699,-150.36974780477732,1998-07-09,1,1,31.0,96.0,,Pastick,6.0,4.0,N,,,,,,
63.368227428650265,-150.36931976387928,1998-07-09,1,0,0.0,100.0,,Pastick,1.0,0.0,N,,,,,,
63.37118102311991,-150.52333505900307,1998-07-14,1,0,0.0,110.0,,Pastick,1.0,1.0,N,,,,,,
63.36947805348204,-150.37334698449402,1998-07-09,1,0,0.0,100.0,,Pastick,2.0,0.0,N,,,,,,
63.36988251556908,-150.37727166656373,1998-07-09,1,0,0.0,150.0,,Pastick,1.0,1.0,N,,,,,,
63.373001840182816,-150.52683984089768,1998-07-14,1,0,0.0,120.0,,Pastick,2.0,0.0,N,,,,,,
63.37397907536553,-150.53141801970006,1998-07-14,1,1,72.0,72.0,,Pastick,3.0,5.0,N,,,,,,
63.37616870653796,-150.53757350121612,1998-07-14,1,0,0.0,100.0,,Pastick,4.0,2.0,N,,,,,,
63.39428898083572,-152.05491183674457,1999-10-10,1,1,62.0,80.0,,Pastick,1.0,43.0,N,,,,,,
63.37747254488811,-150.54184442671448,1998-07-14,1,1,58.0,58.0,,Pastick,5.0,19.0,N,,,,,,
63.38171869498732,-150.55589193067183,1998-07-14,1,0,0.0,100.0,,Pastick,1.0,1.0,N,,,,,,
63.38248048294056,-150.5584291317052,1998-07-14,1,0,0.0,100.0,,Pastick,2.0,2.0,N,,,,,,
63.38411959133527,-150.56081192550212,1998-07-14,1,0,0.0,100.0,,Pastick,3.0,1.0,N,,,,,,
63.385988040896976,-150.56295533962762,1998-07-14,1,0,0.0,110.0,,Pastick,1.0,4.0,N,,,,,,
63.390170059218846,-150.56386184597662,1998-07-14,1,1,78.0,78.0,,Pastick,4.0,10.0,N,,,,,,
63.39173907453493,-150.56266761918306,1998-07-14,1,0,0.0,100.0,,Pastick,1.0,3.0,N,,,,,,
63.40306868759343,-151.34476406349094,1999-09-04,1,0,0.0,100.0,,Pastick,2.0,7.0,N,,,,,,
63.40359190210547,-151.33956766533836,1999-09-04,1,1,48.0,48.0,,Pastick,4.0,35.0,N,,,,,,
63.404882586751405,-151.33785097609456,1999-09-04,1,1,61.0,61.0,,Pastick,3.0,20.0,N,,,,,,
63.40908519002088,-151.33796818470188,1999-09-04,1,1,52.0,52.0,,Pastick,2.0,18.0,N,,,,,,
63.40620870182331,-151.09997600174754,1998-08-21,1,0,0.0,101.0,,Pastick,1.0,5.0,N,,,,,,
63.40722840980864,-151.10036917030723,1998-08-21,1,1,41.0,62.0,,Pastick,2.0,29.0,N,,,,,,
63.412394666398185,-151.33693530309674,1999-09-04,1,1,108.0,108.0,,Pastick,1.0,27.0,N,,,,,,
63.40972441133488,-151.1003842772469,1998-08-21,1,0,0.0,150.0,,Pastick,3.0,5.0,N,,,,,,
63.41360923920753,-151.3371654038384,1999-09-04,1,1,63.0,96.0,,Pastick,6.0,21.0,N,,,,,,
63.410833550038,-151.10075155867963,1998-08-21,1,1,65.0,71.0,,Pastick,4.0,21.0,N,,,,,,
63.41317142426509,-151.10237975351995,1998-08-21,1,1,148.0,148.0,,Pastick,5.0,9.0,N,,,,,,
63.41432940842496,-151.11185903391635,1998-08-21,1,1,57.0,79.0,,Pastick,6.0,48.0,N,,,,,,
63.4235258811188,-151.77089114214743,1999-08-24,1,1,106.0,106.0,,Pastick,3.0,41.0,N,,,,,,
63.41697131387321,-151.096478598416,1998-08-21,1,0,0.0,100.0,,Pastick,5.0,39.0,N,,,,,,
63.4246928683789,-151.7677755472449,1999-08-24,1,1,62.0,62.0,,Pastick,4.0,20.0,N,,,,,,
63.417430770548265,-151.09390361984785,1998-08-21,1,1,83.0,83.0,,Pastick,7.0,43.0,N,,,,,,
63.42147396730719,-151.33646923294074,1999-09-04,1,1,33.0,47.0,,Pastick,3.0,21.0,N,,,,,,
63.418803485702185,-151.07708197665434,1998-08-21,1,0,0.0,100.0,,Pastick,2.0,4.0,N,,,,,,
63.42059993212071,-151.08048823775033,1998-08-21,1,0,0.0,150.0,,Pastick,1.0,16.0,N,,,,,,
63.42108604974992,-151.09265890133477,1998-08-21,1,0,0.0,100.0,,Pastick,8.0,3.0,N,,,,,,
63.42859311795356,-151.76311920996437,1999-08-14,1,0,0.0,150.0,,Pastick,2.0,15.0,N,,,,,,
63.428609353838674,-151.7598120042621,1999-08-14,1,1,38.0,38.0,,Pastick,1.0,11.0,N,,,,,,
63.429643859851495,-151.75593961138387,1999-08-24,1,1,42.0,62.0,,Pastick,4.0,34.0,N,,,,,,
63.430093015843816,-151.7694674843464,1999-08-24,1,1,99.0,99.0,,Pastick,5.0,24.0,N,,,,,,
63.43084611678514,-151.7517590224221,1999-08-24,1,1,40.0,66.0,,Pastick,3.0,23.0,N,,,,,,
63.43552197004605,-151.60869735756415,1999-08-08,1,1,34.0,34.0,,Pastick,5.0,15.0,N,,,,,,
63.435929024418485,-151.6062521310239,1999-08-08,1,1,25.0,36.0,,Pastick,4.0,25.0,N,,,,,,
63.43615207800977,-151.598764332071,1999-08-08,1,1,43.0,43.0,,Pastick,3.0,17.0,N,,,,,,
63.436447912450525,-151.6199581631894,1999-08-08,1,1,33.0,33.0,,Pastick,1.0,24.0,N,,,,,,
63.43047570416102,-151.06717910506526,2002-09-01,1,0,0.0,150.0,,Pastick,1.0,16.0,N,,,,,,
63.438233525790594,-151.59774046680874,1999-08-08,1,1,27.0,39.0,,Pastick,2.0,23.0,N,,,,,,
63.43932305872298,-151.6333318506319,1999-08-08,1,1,33.0,51.0,,Pastick,1.0,51.0,N,,,,,,
63.43943007765259,-151.59710056787853,1999-08-08,1,0,0.0,150.0,,Pastick,1.0,130.0,N,,,,,,
63.429755956797855,-150.79415082612925,1998-08-24,1,0,0.0,100.0,,Pastick,5.0,9.0,N,,,,,,
63.431679015701896,-150.8335967530478,1998-08-24,1,0,0.0,100.0,,Pastick,4.0,9.0,N,,,,,,
63.44372998511994,-151.7408723451353,1999-08-23,1,0,0.0,100.0,,Pastick,3.0,2.0,N,,,,,,
63.44596623499448,-151.73999211291607,1999-08-23,1,0,0.0,100.0,,Pastick,2.0,8.0,N,,,,,,
63.43693878091881,-150.83823212605262,1998-08-24,1,0,0.0,150.0,,Pastick,3.0,9.0,N,,,,,,
63.4484827071725,-151.73831733140665,1999-08-23,1,0,0.0,100.0,,Pastick,1.0,9.0,N,,,,,,
63.43219109895895,-150.48995561057887,1998-09-09,1,0,0.0,150.0,,Pastick,2.0,2.0,N,,,,,,
63.4341525603106,-150.49068622280456,1998-09-09,1,1,59.0,63.0,,Pastick,1.0,63.0,N,,,,,,
63.44122597647266,-150.83971367231078,1998-08-24,1,0,0.0,150.0,,Pastick,2.0,10.0,N,,,,,,
63.44592741322215,-151.11637596443404,1998-08-20,1,1,38.0,42.0,,Pastick,3.0,42.0,N,,,,,,
63.44849332242079,-151.22216668226935,2002-09-01,1,1,54.0,62.0,,Pastick,1.0,36.0,N,,,,,,
63.44728238565638,-151.11769084577125,1998-08-20,1,0,0.0,100.0,,Pastick,2.0,8.0,N,,,,,,
63.44392060905686,-150.82320509281604,1998-08-24,1,1,88.0,88.0,,Pastick,3.0,20.0,N,,,,,,
63.45997408940608,-152.39739104929222,2000-08-29,1,1,46.0,61.0,,Pastick,2.0,20.0,N,,,,,,
63.46017576832548,-152.4026824765173,2000-08-29,1,0,0.0,100.0,,Pastick,1.0,60.0,N,,,,,,
63.44514333768663,-150.8410831093519,1998-08-24,1,0,0.0,100.0,,Pastick,1.0,3.0,N,,,,,,
63.45596832987673,-151.74031455879714,1999-08-23,1,0,0.0,100.0,,Pastick,4.0,5.0,N,,,,,,
63.44946760065567,-151.11660460563357,1998-08-20,1,0,0.0,100.0,,Pastick,1.0,5.0,N,,,,,,
63.44548361822212,-150.8197167813067,1998-08-24,1,0,0.0,150.0,,Pastick,2.0,16.0,N,,,,,,
63.46105356156516,-152.3916111327567,2000-08-29,1,0,0.0,150.0,,Pastick,1.0,150.0,N,,,,,,
63.4460893942202,-150.8182265509875,1998-08-24,1,0,0.0,100.0,,Pastick,1.0,5.0,N,,,,,,
63.46159771361887,-152.38245204711205,2000-08-29,1,1,49.0,58.0,,Pastick,2.0,31.0,N,,,,,,
63.459789099778135,-152.0042064169498,2000-08-26,1,1,43.0,43.0,,Pastick,3.0,36.0,N,,,,,,
63.46199498915896,-152.37885262470488,2000-08-29,1,0,0.0,150.0,,Pastick,3.0,28.0,N,,,,,,
63.46225025066425,-152.3756373539659,2000-08-29,1,0,0.0,120.0,,Pastick,4.0,21.0,N,,,,,,
63.43372101013599,-150.05306850420388,1998-07-08,1,0,0.0,100.0,,Pastick,1.0,2.0,N,,,,,,
63.45195092275832,-151.11565906718974,1998-08-20,1,1,89.0,89.0,,Pastick,4.0,25.0,N,,,,,,
63.43541705172792,-150.0854067165906,1998-07-08,1,0,0.0,100.0,,Pastick,2.0,0.0,N,,,,,,
63.448727569248746,-150.81812598305305,1998-08-24,1,0,0.0,100.0,,Pastick,4.0,2.0,N,,,,,,
63.43555794799779,-150.05765328182434,1998-07-08,1,1,20.0,45.0,,Pastick,2.0,37.0,N,,,,,,
63.46444397280639,-152.3602417988833,2000-08-29,1,0,0.0,150.0,,Pastick,1.0,35.0,N,,,,,,
63.44984736952903,-150.81796047438493,1998-08-24,1,0,0.0,100.0,,Pastick,3.0,13.0,N,,,,,,
63.46592321784879,-152.35587505335582,2000-08-29,1,1,41.0,41.0,,Pastick,2.0,20.0,N,,,,,,
63.45530828455285,-151.11632097621947,1998-08-20,1,0,0.0,100.0,,Pastick,3.0,3.0,N,,,,,,
63.46659801927262,-152.3542547636778,2000-08-29,1,0,0.0,100.0,,Pastick,3.0,21.0,N,,,,,,
63.462885826934375,-151.74713292160234,1999-08-23,1,0,0.0,60.0,,Pastick,3.0,4.0,N,,,,,,
63.46715296202943,-152.35193485391898,2000-08-29,1,1,46.0,46.0,,Pastick,4.0,40.0,N,,,,,,
63.43836590176658,-150.05792663916634,1998-07-08,1,0,0.0,100.0,,Pastick,3.0,2.0,N,,,,,,
63.46788013965208,-152.3480258185716,2000-08-29,1,0,0.0,150.0,,Pastick,5.0,3.0,N,,,,,,
63.44031681370545,-150.05888985134922,1998-07-08,1,0,0.0,150.0,,Pastick,4.0,5.0,N,,,,,,
63.46731633993421,-151.7446715959168,1999-08-23,1,0,0.0,150.0,,Pastick,2.0,9.0,N,,,,,,
63.4431904476859,-150.06148389035206,1998-07-08,1,0,0.0,100.0,,Pastick,5.0,1.0,N,,,,,,
63.468763201382615,-151.74486905592866,1999-08-23,1,0,0.0,100.0,,Pastick,1.0,3.0,N,,,,,,
63.47098345807581,-151.74420980762088,1999-08-22,1,1,52.0,63.0,,Pastick,4.0,41.0,N,,,,,,
63.4732007629989,-152.02146151747175,2000-08-26,1,1,56.0,60.0,,Pastick,4.0,19.0,N,,,,,,
63.4651196971986,-151.11760225030088,1998-08-20,1,0,0.0,152.0,,Pastick,5.0,26.0,N,,,,,,
63.47530371123819,-152.02580527783593,2000-08-26,1,1,42.0,42.0,,Pastick,5.0,16.0,N,,,,,,
63.47009346144759,-151.11625157988414,1998-08-20,1,0,105.0,105.0,,Pastick,4.0,14.0,Y,,,,,,
63.471156909535296,-151.11588051731204,1998-08-20,1,0,0.0,134.0,,Pastick,3.0,4.0,N,,,,,,
63.45949218497002,-150.1769596275197,1997-09-06,1,0,110.0,110.0,,Pastick,4.0,3.0,Y,,,,,,
63.46033095751312,-150.17713787985602,1997-09-06,1,1,76.0,85.0,,Pastick,3.0,18.0,N,,,,,,
63.462306789833306,-150.17941226263125,1997-09-06,1,0,0.0,120.0,,Pastick,2.0,3.0,N,,,,,,
63.46346867052497,-150.17821370257948,1997-09-06,1,1,107.0,120.0,,Pastick,1.0,5.0,N,,,,,,
63.4649993724997,-150.1775006654867,1997-09-06,1,0,0.0,150.0,,Pastick,3.0,0.0,N,,,,,,
63.46707454808924,-150.16934506437627,1998-09-09,1,0,0.0,150.0,,Pastick,1.0,2.0,N,,,,,,
63.47789893549859,-150.45236832706684,2002-08-20,1,0,0.0,150.0,,Pastick,2.0,5.0,N,,,,,,
63.47884435705623,-150.46110087726953,2002-08-20,1,0,0.0,150.0,,Pastick,1.0,1.0,N,,,,,,
63.47331497720733,-150.1647313155959,1997-09-06,1,1,51.0,110.0,,Pastick,4.0,10.0,N,,,,,,
63.4984715915515,-151.91142149410467,1999-09-01,1,0,0.0,150.0,,Pastick,6.0,3.0,N,,,,,,
63.4807167775536,-150.46744222937414,2002-08-20,1,1,88.0,88.0,,Pastick,1.0,6.0,N,,,,,,
63.47518591267228,-150.16215592614324,1997-09-06,1,0,0.0,100.0,,Pastick,2.0,6.0,N,,,,,,
63.481206626556336,-150.46569162283174,2002-08-20,1,0,0.0,150.0,,Pastick,2.0,3.0,N,,,,,,
63.50090905151169,-151.9073711011617,1999-09-01,1,0,0.0,150.0,,Pastick,5.0,14.0,N,,,,,,
63.50175798833403,-151.88244704003526,1999-09-01,1,0,0.0,100.0,,Pastick,2.0,8.0,N,,,,,,
63.50192658336037,-151.88565489309204,1999-09-01,1,0,0.0,150.0,,Pastick,3.0,18.0,N,,,,,,
63.50215414346262,-151.8791568191383,1999-09-01,1,0,0.0,100.0,,Pastick,1.0,1.0,N,,,,,,
63.50222963519956,-151.88769231151713,1999-09-01,1,1,82.0,82.0,,Pastick,4.0,19.0,N,,,,,,
63.49109607909727,-150.8729314495013,1998-09-09,1,0,0.0,150.0,,Pastick,1.0,8.0,N,,,,,,
63.50325399250026,-151.90414729599388,1999-09-01,1,0,0.0,150.0,,Pastick,3.0,20.0,N,,,,,,
63.48026336943791,-150.1600452254087,1997-09-06,1,0,0.0,100.0,,Pastick,1.0,0.0,N,,,,,,
63.50450467645568,-151.8940332713401,1999-09-01,1,1,51.0,53.0,,Pastick,1.0,32.0,N,,,,,,
63.50628844279227,-151.89838479744566,1999-09-01,1,1,48.0,48.0,,Pastick,2.0,29.0,N,,,,,,
63.482916204520926,-150.1597617403681,1997-09-06,1,0,0.0,100.0,,Pastick,3.0,2.0,N,,,,,,
63.484378258929645,-150.16011881327535,1997-09-06,1,0,0.0,120.0,,Pastick,2.0,0.0,N,,,,,,
63.48496431676585,-150.15797116493613,1997-09-06,1,0,0.0,150.0,,Pastick,1.0,0.0,N,,,,,,
63.50896020807421,-151.31393481155297,1999-08-25,1,0,0.0,100.0,,Pastick,3.0,14.0,N,,,,,,
63.49914961203285,-150.57093868949502,1998-08-26,1,0,0.0,100.0,,Pastick,2.0,6.0,N,,,,,,
63.51055990526244,-151.308755330496,1999-08-25,1,1,53.0,67.0,,Pastick,2.0,39.0,N,,,,,,
63.50010503101647,-150.57326921416643,1998-08-26,1,0,0.0,100.0,,Pastick,4.0,6.0,N,,,,,,
63.50098622277292,-150.57440029833194,1998-08-26,1,0,0.0,150.0,,Pastick,3.0,4.0,N,,,,,,
63.501742553052935,-150.5755822384843,1998-08-26,1,0,0.0,100.0,,Pastick,2.0,5.0,N,,,,,,
63.51257199663096,-151.30278695355807,1999-08-25,1,1,44.0,54.0,,Pastick,1.0,23.0,N,,,,,,
63.502762777371785,-150.57644037791945,1998-08-26,1,0,0.0,100.0,,Pastick,1.0,0.0,N,,,,,,
63.51462873816245,-151.299086614004,1999-08-25,1,1,39.0,68.0,,Pastick,3.0,39.0,N,,,,,,
63.50795163820043,-150.57477405797394,1998-08-26,1,0,0.0,100.0,,Pastick,6.0,5.0,N,,,,,,
63.51265773367808,-150.83369193664865,1998-08-25,1,1,45.0,68.0,,Pastick,3.0,41.0,N,,,,,,
63.51399973466595,-150.8351583911543,1998-08-25,1,1,96.0,96.0,,Pastick,2.0,39.0,N,,,,,,
63.51060689183228,-150.5740862858114,1998-08-26,1,0,0.0,100.0,,Pastick,4.0,3.0,N,,,,,,
63.51487949022655,-150.8363382891912,1998-08-25,1,0,0.0,150.0,,Pastick,1.0,4.0,N,,,,,,
63.5211332493811,-150.92344261290802,1998-08-25,1,0,103.0,103.0,,Pastick,1.0,9.0,Y,,,,,,
63.52240132979061,-150.9235917505418,1998-08-25,1,0,111.0,111.0,,Pastick,2.0,11.0,Y,,,,,,
63.523775814664056,-150.9230292708242,1998-08-25,1,0,79.0,79.0,,Pastick,3.0,9.0,Y,,,,,,
63.53161607834989,-151.50643124886167,1999-09-05,1,0,0.0,150.0,,Pastick,3.0,150.0,N,,,,,,
63.52504214822832,-150.9230578557538,1998-08-25,1,0,96.0,96.0,,Pastick,4.0,9.0,Y,,,,,,
63.53270814320512,-151.50011875874046,1999-09-05,1,1,47.0,47.0,,Pastick,2.0,33.0,N,,,,,,
63.52223976453179,-150.69679051851708,1998-08-26,1,0,0.0,100.0,,Pastick,5.0,6.0,N,,,,,,
63.5226277460587,-150.70082191344284,1999-07-23,1,1,33.0,33.0,,Pastick,3.0,22.0,N,,,,,,
63.533183205002494,-151.49234987149583,1999-09-05,1,1,64.0,64.0,,Pastick,1.0,4.0,N,,,,,,
63.52625816291651,-150.92333145787475,1998-08-25,1,0,47.0,47.0,,Pastick,5.0,5.0,Y,,,,,,
63.53378361759329,-151.51808483619,1999-09-05,1,1,51.0,51.0,,Pastick,4.0,21.0,N,,,,,,
63.51807407347458,-150.36296888272796,1997-07-18,1,0,0.0,150.0,,Pastick,4.0,9.0,N,,,,,,
63.53585517976091,-151.52485694898365,1999-09-05,1,1,56.0,71.0,,Pastick,1.0,22.0,N,,,,,,
63.52038279333873,-150.35959784221563,1997-07-18,1,0,0.0,150.0,,Pastick,3.0,8.0,N,,,,,,
63.520803826917664,-150.37567024760048,1997-07-18,1,0,0.0,150.0,,Pastick,3.0,0.0,N,,,,,,
63.53837873623067,-151.5346043027673,1999-09-05,1,0,0.0,150.0,,Pastick,1.0,9.0,N,,,,,,
63.5293140192477,-150.71410385402106,1999-07-23,1,1,42.0,60.0,,Pastick,4.0,23.0,N,,,,,,
63.52347804463489,-150.35894955067954,1997-07-18,1,0,0.0,150.0,,Pastick,2.0,0.0,N,,,,,,
63.52417335695212,-150.37626580696903,1997-07-18,1,0,82.0,82.0,,Pastick,4.0,8.0,Y,,,,,,
63.53246137303034,-150.72342851848177,1999-07-27,1,0,0.0,100.0,,Pastick,1.0,7.0,N,,,,,,
63.52841255385291,-150.37531288285265,1997-07-18,1,0,0.0,150.0,,Pastick,5.0,4.0,N,,,,,,
63.53431721728608,-150.71422635840497,1999-07-27,1,0,78.0,78.0,,Pastick,2.0,7.0,Y,,,,,,
63.53527380901921,-150.7117151092697,1999-07-27,1,0,118.0,118.0,,Pastick,3.0,6.0,Y,,,,,,
63.53181192858016,-150.36725344562356,1997-07-18,1,0,0.0,150.0,,Pastick,6.0,10.0,N,,,,,,
63.58031666867501,-152.3718236711191,2000-08-10,1,0,0.0,150.0,,Pastick,3.0,58.0,N,,,,,,
63.58102478897445,-152.36957203343908,2000-08-10,1,1,42.0,60.0,,Pastick,2.0,23.0,N,,,,,,
63.581508779974165,-151.90021255801716,1999-09-03,1,0,0.0,100.0,,Pastick,3.0,3.0,N,,,,,,
63.58193951303978,-151.90372158569858,1999-09-03,1,0,0.0,100.0,,Pastick,4.0,1.0,N,,,,,,
63.58221642178983,-151.8953500211783,1999-09-03,1,0,0.0,100.0,,Pastick,2.0,18.0,N,,,,,,
63.58358502636742,-151.8924158378539,1999-09-03,1,0,0.0,100.0,,Pastick,1.0,8.0,N,,,,,,
63.58333043186601,-151.8598872606481,1999-09-03,1,1,38.0,53.0,,Pastick,3.0,21.0,N,,,,,,
63.58440404748619,-151.86852829564384,1999-09-03,1,1,35.0,49.0,,Pastick,4.0,35.0,N,,,,,,
63.57996911297312,-151.38831189085113,1999-08-18,1,0,0.0,100.0,,Pastick,2.0,2.0,N,,,,,,
63.586802367504696,-151.8859838034804,1999-09-03,1,1,39.0,66.0,,Pastick,5.0,28.0,N,,,,,,
63.58439663365928,-151.32035376110386,1999-08-18,1,0,0.0,100.0,,Pastick,1.0,12.0,N,,,,,,
63.58472168469469,-151.3128583700776,1999-08-18,1,1,48.0,67.0,,Pastick,3.0,23.0,N,,,,,,
63.58524171443243,-151.32661147817487,1999-08-18,1,0,0.0,100.0,,Pastick,2.0,5.0,N,,,,,,
63.5857325531519,-151.36847882507558,1999-08-18,1,0,0.0,100.0,,Pastick,1.0,6.0,N,,,,,,
63.58542583639392,-151.3378253044447,1999-08-18,1,0,0.0,100.0,,Pastick,3.0,18.0,N,,,,,,
63.586142332431855,-151.34701330138188,1999-08-18,1,0,0.0,100.0,,Pastick,4.0,8.0,N,,,,,,
63.58589094270881,-151.31305110746163,1999-08-18,1,1,61.0,61.0,,Pastick,2.0,46.0,N,,,,,,
63.58676984576273,-151.35006027080408,1999-08-18,1,1,58.0,66.0,,Pastick,5.0,20.0,N,,,,,,
63.58684277581482,-151.3130753558893,1999-08-18,1,0,0.0,150.0,,Pastick,1.0,150.0,N,,,,,,
63.57906777463774,-150.6387937128789,1998-08-23,1,0,97.0,97.0,,Pastick,3.0,8.0,Y,,,,,,
63.598202971723794,-152.5718439147496,2000-09-10,1,0,0.0,150.0,,Pastick,6.0,11.0,N,,,,,,
63.57971723995691,-150.6411582555179,1998-08-23,1,0,81.0,81.0,,Pastick,2.0,6.0,Y,,,,,,
63.58161230392773,-150.64009438576431,1998-08-23,1,0,0.0,100.0,,Pastick,1.0,3.0,N,,,,,,
63.58769882798041,-151.013667221931,2000-08-28,1,1,53.0,68.0,,Pastick,1.0,53.0,N,,,,,,
63.58261276886912,-150.63650450365924,1998-08-23,1,0,0.0,150.0,,Pastick,1.0,5.0,N,,,,,,
63.58833016114384,-151.0119300750649,2000-08-28,1,1,109.0,109.0,,Pastick,2.0,18.0,N,,,,,,
63.58916540401591,-151.01195240116783,2000-08-28,1,1,34.0,50.0,,Pastick,3.0,34.0,N,,,,,,
63.58331162792951,-150.5575760174523,2002-08-19,1,0,0.0,150.0,,Pastick,1.0,7.0,N,,,,,,
63.58428404526925,-150.56089917061968,2002-08-19,1,0,86.0,86.0,,Pastick,1.0,15.0,Y,,,,,,
63.585231613273805,-150.5659380715881,2002-08-19,1,0,0.0,150.0,,Pastick,2.0,12.0,N,,,,,,
63.587479079597614,-150.63757223390482,1998-08-23,1,0,0.0,150.0,,Pastick,5.0,19.0,N,,,,,,
63.589258094282144,-150.63927935628092,1998-08-23,1,0,0.0,46.0,,Pastick,4.0,1.0,N,,,,,,
63.592745270462544,-150.63784097900412,1998-08-23,1,0,160.0,160.0,,Pastick,3.0,7.0,Y,,,,,,
63.59329283820396,-150.6394690557207,1998-08-23,1,0,0.0,144.0,,Pastick,2.0,7.0,N,,,,,,
63.610337268805,-152.05938110027816,2000-09-06,1,1,73.0,73.0,,Pastick,3.0,29.0,N,,,,,,
63.59451349491113,-150.6421705843696,1998-08-23,1,0,87.0,87.0,,Pastick,1.0,6.0,Y,,,,,,
63.611248181113325,-152.0683251802921,2000-09-06,1,1,47.0,47.0,,Pastick,1.0,33.0,N,,,,,,
63.611552144065605,-152.0764828205808,2000-09-06,1,1,58.0,62.0,,Pastick,2.0,62.0,N,,,,,,
63.595620677942186,-150.64671667906444,1998-08-23,1,0,62.0,62.0,,Pastick,3.0,0.0,Y,,,,,,
63.613039086799326,-152.097207501538,2000-09-06,1,0,0.0,150.0,,Pastick,1.0,6.0,N,,,,,,
63.598515131789696,-150.6534952709432,2002-09-03,1,0,110.0,110.0,,Pastick,1.0,10.0,Y,,,,,,
63.59868665424685,-150.64696737336396,1998-08-23,1,0,136.0,136.0,,Pastick,2.0,14.0,Y,,,,,,
63.61568091232552,-152.10200476596873,2000-09-06,1,0,0.0,150.0,,Pastick,4.0,9.0,N,,,,,,
63.59966519845517,-150.64531344175893,1998-08-23,1,0,63.0,63.0,,Pastick,1.0,0.0,Y,,,,,,
63.61922980929528,-152.38807013711198,2000-08-10,1,0,0.0,100.0,,Pastick,1.0,11.0,N,,,,,,
63.61586165511485,-151.60767280711934,1999-08-14,1,1,87.0,87.0,,Pastick,2.0,20.0,N,,,,,,
63.60812721484406,-150.7669804710648,1998-08-11,1,0,0.0,100.0,,Pastick,9.0,1.0,N,,,,,,
63.61885260403327,-151.6023215229996,1999-08-04,1,0,0.0,100.0,,Pastick,1.0,16.0,N,,,,,,
63.60839061126655,-150.75852775732122,1998-08-11,1,1,51.0,82.0,,Pastick,8.0,21.0,N,,,,,,
63.62634476477462,-152.41122087880692,2000-08-10,1,1,58.0,58.0,,Pastick,1.0,33.0,N,,,,,,
63.61034507417738,-150.75891847724105,1998-08-11,1,0,83.0,83.0,,Pastick,7.0,9.0,Y,,,,,,
63.62242994533984,-151.60097550988115,1999-08-04,1,0,0.0,100.0,,Pastick,2.0,15.0,N,,,,,,
63.612486066816935,-150.68500800275592,2002-08-19,1,1,43.0,43.0,,Pastick,1.0,22.0,N,,,,,,
63.61445207915958,-150.75915987701663,1998-08-11,1,0,50.0,50.0,,Pastick,4.0,5.0,Y,,,,,,
63.63100840296268,-152.40174075241143,2000-08-10,1,1,62.0,83.0,,Pastick,3.0,26.0,N,,,,,,
63.62641964519119,-151.6004967454331,1999-08-04,1,0,0.0,100.0,,Pastick,3.0,22.0,N,,,,,,
63.63369822438424,-152.3968203822875,2000-08-10,1,1,39.0,39.0,,Pastick,2.0,39.0,N,,,,,,
63.61755834476766,-150.7579869302442,1998-08-11,1,0,115.0,115.0,,Pastick,3.0,5.0,Y,,,,,,
63.63434169980236,-152.39404178109294,2000-08-10,1,1,43.0,89.0,,Pastick,1.0,89.0,N,,,,,,
63.63503722416177,-152.58489223700812,2000-09-10,1,1,49.0,68.0,,Pastick,1.0,58.0,N,,,,,,
63.635987468516525,-152.39059572925387,2000-08-10,1,0,0.0,150.0,,Pastick,1.0,150.0,N,,,,,,
63.6197868632986,-150.7552281507621,1998-08-11,1,0,33.0,33.0,,Pastick,3.0,0.0,Y,,,,,,
63.6208476834863,-150.75359046065748,1998-08-11,1,1,130.0,130.0,,Pastick,2.0,17.0,Y,,,,,,
63.63791829852406,-152.58497127927106,2000-09-10,1,1,38.0,61.0,,Pastick,2.0,30.0,N,,,,,,
63.62167602195443,-150.75431211982442,1998-08-11,1,0,64.0,64.0,,Pastick,1.0,3.0,Y,,,,,,
63.633353522886914,-151.60094264555727,1999-08-14,1,1,47.0,108.0,,Pastick,3.0,21.0,N,,,,,,
63.633483680578045,-151.5967984195447,1999-08-14,1,0,0.0,100.0,,Pastick,4.0,2.0,N,,,,,,
63.63363288016229,-151.59002920541857,1999-08-14,1,0,0.0,100.0,,Pastick,5.0,0.0,N,,,,,,
63.634164503907925,-151.58475473110977,1999-08-14,1,0,0.0,100.0,,Pastick,6.0,9.0,N,,,,,,
63.628569697040064,-150.40253167553797,1998-08-09,1,1,48.0,81.0,,Pastick,1.0,81.0,N,,,,,,
63.62962906194488,-150.4064931857727,1998-08-09,1,0,63.0,63.0,,Pastick,1.0,3.0,Y,,,,,,
63.63194055556771,-150.40868513068335,1998-08-09,1,0,0.0,100.0,,Pastick,2.0,2.0,N,,,,,,
63.63378449675896,-150.40984976578082,1998-08-09,1,0,0.0,150.0,,Pastick,3.0,9.0,N,,,,,,
63.63866418483997,-150.41453496013784,1998-08-09,1,1,49.0,58.0,,Pastick,1.0,28.0,N,,,,,,
63.66058463215349,-151.7581571615215,1999-09-07,1,1,33.0,56.0,,Pastick,4.0,33.0,N,,,,,,
63.6606599264225,-151.75233539444693,1999-09-07,1,0,0.0,150.0,,Pastick,5.0,7.0,N,,,,,,
63.660769117843046,-151.7608159028577,1999-09-07,1,1,41.0,51.0,,Pastick,3.0,51.0,N,,,,,,
63.66072670205887,-151.74865549541207,1999-09-07,1,1,40.0,56.0,,Pastick,6.0,31.0,N,,,,,,
63.6607837066236,-151.74489519505488,1999-09-07,1,0,0.0,100.0,,Pastick,1.0,58.0,N,,,,,,
63.64461803890018,-150.42304316121658,1998-08-09,1,1,36.0,52.0,,Pastick,2.0,31.0,N,,,,,,
63.6465831830541,-150.4249659252834,1998-08-09,1,0,0.0,100.0,,Pastick,1.0,5.0,N,,,,,,
63.66726776839065,-152.09307909405328,2000-08-11,1,0,0.0,100.0,,Pastick,2.0,63.0,N,,,,,,
63.66735608867356,-152.0885904404413,2000-08-11,1,1,56.0,56.0,,Pastick,1.0,17.0,N,,,,,,
63.65730527345005,-151.05387709567148,1999-07-27,1,1,42.0,56.0,,Pastick,1.0,34.0,N,,,,,,
63.65732967334319,-151.0497132225656,1999-07-27,1,1,52.0,65.0,,Pastick,2.0,52.0,N,,,,,,
63.65803861957449,-151.06297984400712,1999-07-27,1,0,0.0,100.0,,Pastick,1.0,3.0,N,,,,,,
63.64929159894277,-150.42326562599214,1998-08-09,1,0,0.0,100.0,,Pastick,2.0,1.0,N,,,,,,
63.677359509042674,-152.06975353443386,2000-08-11,1,1,39.0,48.0,,Pastick,4.0,39.0,N,,,,,,
63.67744756753791,-152.06257477658514,2000-08-11,1,0,0.0,150.0,,Pastick,5.0,3.0,N,,,,,,
63.67756587691151,-152.07811527493965,2000-08-11,1,1,81.0,81.0,,Pastick,3.0,15.0,N,,,,,,
63.67378177290294,-151.59450322463616,1999-09-02,1,0,0.0,100.0,,Pastick,5.0,18.0,N,,,,,,
63.67383803177657,-151.59199399945828,1999-09-02,1,0,0.0,100.0,,Pastick,4.0,10.0,N,,,,,,
63.678960891769655,-152.06066502413202,2000-08-11,1,1,44.0,58.0,,Pastick,1.0,40.0,N,,,,,,
63.67533461435131,-151.58169130456247,1999-09-02,1,0,0.0,150.0,,Pastick,3.0,5.0,N,,,,,,
63.67732775304106,-151.572656307976,1999-09-02,1,0,0.0,100.0,,Pastick,2.0,2.0,N,,,,,,
63.67857563890768,-151.567256323903,1999-09-02,1,0,0.0,100.0,,Pastick,1.0,2.0,N,,,,,,
63.66105129004339,-150.22331441638218,1998-07-13,1,1,28.0,70.0,,Pastick,1.0,28.0,N,,,,,,
63.66184281612093,-150.22523829653878,1998-07-13,1,1,103.0,103.0,,Pastick,2.0,16.0,N,,,,,,
63.68176979237669,-151.5509804389611,1999-09-02,1,0,0.0,150.0,,Pastick,5.0,19.0,N,,,,,,
63.66297376118101,-150.2108146150798,1998-07-13,1,0,0.0,100.0,,Pastick,3.0,3.0,N,,,,,,
63.68287414144704,-151.54655653650303,1999-09-02,1,0,0.0,100.0,,Pastick,4.0,1.0,N,,,,,,
63.68447324728334,-151.53870971617627,1999-09-02,1,0,0.0,100.0,,Pastick,3.0,4.0,N,,,,,,
63.66601604500632,-150.2111625590335,1998-07-13,1,0,0.0,100.0,,Pastick,4.0,4.0,N,,,,,,
63.68643674380372,-151.53318893333173,1999-09-02,1,0,0.0,150.0,,Pastick,2.0,13.0,N,,,,,,
63.6924381494478,-152.10813015501338,2000-08-11,1,1,46.0,58.0,,Pastick,1.0,24.0,N,,,,,,
63.68780938593547,-151.52959905804175,1999-09-02,1,0,0.0,100.0,,Pastick,1.0,8.0,N,,,,,,
63.692003516593175,-151.8975883072867,1999-09-06,1,0,0.0,150.0,,Pastick,3.0,10.0,N,,,,,,
63.66965874825226,-150.20589075018572,1998-07-13,1,1,37.0,43.0,,Pastick,5.0,37.0,N,,,,,,
63.69345770675495,-151.89995887141333,1999-09-06,1,1,56.0,56.0,,Pastick,1.0,18.0,N,,,,,,
63.694984371042665,-151.90360116248888,1999-09-06,1,1,74.0,74.0,,Pastick,2.0,22.0,N,,,,,,
63.695867340692686,-151.90522567481227,1999-09-06,1,1,73.0,73.0,,Pastick,3.0,37.0,N,,,,,,
63.696729664387775,-151.90768043428673,1999-09-06,1,1,66.0,66.0,,Pastick,1.0,42.0,N,,,,,,
63.673637475925226,-150.19989678157728,1998-07-13,1,1,27.0,43.0,,Pastick,1.0,27.0,N,,,,,,
63.68046142536583,-150.56721396118323,1998-09-02,1,0,86.0,86.0,,Pastick,1.0,8.0,Y,,,,,,
63.68070601544726,-150.562035477631,1998-09-02,1,0,53.0,53.0,,Pastick,2.0,6.0,Y,,,,,,
63.67417750647842,-150.17423918185517,2002-09-03,1,0,0.0,150.0,,Pastick,1.0,2.0,N,,,,,,
63.67471104486349,-150.19277277831495,1998-07-13,1,1,31.0,68.0,,Pastick,2.0,31.0,N,,,,,,
63.69826051992612,-151.91071651874734,1999-09-06,1,1,49.0,49.0,,Pastick,4.0,24.0,N,,,,,,
63.6884540031056,-150.97105293196984,1998-09-03,1,1,61.0,80.0,,Pastick,2.0,22.0,N,,,,,,
63.675595753257554,-150.1893277755688,1998-07-13,1,1,49.0,49.0,,Pastick,3.0,21.0,N,,,,,,
63.69936577800917,-151.91326348617662,1999-09-06,1,1,135.0,135.0,,Pastick,5.0,37.0,N,,,,,,
63.68909706820998,-150.9657273822437,1998-09-03,1,1,51.0,74.0,,Pastick,1.0,39.0,N,,,,,,
63.68330209261647,-150.5721889180076,1998-09-02,1,0,92.0,92.0,,Pastick,7.0,8.0,Y,,,,,,
63.67629993671529,-150.17896290462332,1998-07-13,1,1,32.0,72.0,,Pastick,4.0,32.0,N,,,,,,
63.68611491018602,-150.58032299459242,1998-09-02,1,1,186.0,186.0,,Pastick,6.0,19.0,N,,,,,,
63.69603829883309,-151.24412845632455,1999-07-28,1,1,37.0,37.0,,Pastick,1.0,11.0,N,,,,,,
63.68656237985923,-150.58344061502547,1998-09-02,1,0,84.0,84.0,,Pastick,5.0,5.0,Y,,,,,,
63.696871538152855,-151.24399592205816,1999-07-28,1,1,48.0,48.0,,Pastick,2.0,33.0,N,,,,,,
63.69756025818083,-151.24895060993262,1999-07-28,1,1,33.0,33.0,,Pastick,3.0,21.0,N,,,,,,
63.688262214558485,-150.58200096794437,1998-09-02,1,0,0.0,100.0,,Pastick,4.0,3.0,N,,,,,,
63.69832733387241,-151.25371860991038,1999-07-28,1,0,0.0,150.0,,Pastick,1.0,3.0,N,,,,,,
63.69881176665986,-151.2559143997519,1999-07-28,1,0,0.0,150.0,,Pastick,2.0,3.0,N,,,,,,
63.70044256259238,-151.26234969047417,1999-07-28,1,0,0.0,100.0,,Pastick,3.0,2.0,N,,,,,,
63.68185921378127,-150.03776471586775,1998-07-12,1,0,0.0,100.0,,Pastick,1.0,0.0,N,,,,,,
63.68174931093918,-150.0246053971621,1998-07-12,1,1,120.0,120.0,,Pastick,4.0,4.0,N,,,,,,
63.69277095309917,-150.5815354423655,1998-09-02,1,0,57.0,57.0,,Pastick,1.0,6.0,Y,,,,,,
63.69310804837876,-150.58342893016902,1998-09-02,1,0,37.0,37.0,,Pastick,2.0,0.0,Y,,,,,,
63.69333126702559,-150.5854940365188,1998-09-02,1,0,45.0,45.0,,Pastick,1.0,1.0,Y,,,,,,
63.704129942473706,-151.26068680026526,1999-07-28,1,0,0.0,150.0,,Pastick,4.0,1.0,N,,,,,,
63.69837804900117,-150.8249318139097,2002-09-03,1,1,66.0,66.0,,Pastick,1.0,20.0,Y,,,,,,
63.68409791679639,-150.01830910361957,1998-07-12,1,0,0.0,150.0,,Pastick,5.0,13.0,N,,,,,,
63.69769022443459,-150.4553968699291,1998-07-25,1,0,0.0,100.0,,Pastick,1.0,13.0,N,,,,,,
63.69880073986234,-150.46082250975678,1998-08-25,1,0,102.0,102.0,,Pastick,4.0,18.0,Y,,,,,,
63.69858064162962,-150.44837483019143,1998-07-25,1,1,47.0,59.0,,Pastick,2.0,22.0,N,,,,,,
63.698151322408286,-150.42426817381602,1998-07-25,1,0,0.0,100.0,,Pastick,2.0,2.0,N,,,,,,
63.69936407675692,-150.46425327186597,1998-08-25,1,0,84.0,84.0,,Pastick,3.0,21.0,Y,,,,,,
63.69893279899435,-150.42729383226072,1998-07-25,1,0,0.0,150.0,,Pastick,1.0,1.0,N,,,,,,
63.712095620431015,-151.24098761586677,1999-07-28,1,0,0.0,100.0,,Pastick,5.0,28.0,N,,,,,,
63.70018905758859,-150.43479026041297,1998-07-25,1,1,41.0,60.0,,Pastick,3.0,31.0,N,,,,,,
63.70125838218964,-150.46626978500456,1998-08-25,1,0,105.0,105.0,,Pastick,2.0,5.0,Y,,,,,,
63.70213295211608,-150.4644305468015,1998-08-25,1,0,0.0,150.0,,Pastick,1.0,4.0,N,,,,,,
63.71426153904411,-151.2419260650135,1999-07-28,1,1,39.0,48.0,,Pastick,1.0,39.0,N,,,,,,
63.69436793287909,-150.02196482380518,1998-07-12,1,1,37.0,50.0,,Pastick,6.0,18.0,N,,,,,,
63.695323336317045,-150.032997169631,2002-09-02,1,0,0.0,100.0,,Pastick,1.0,7.0,N,,,,,,
63.70357591901076,-150.45917998257994,1998-07-25,1,0,0.0,150.0,,Pastick,4.0,3.0,N,,,,,,
63.7058541886145,-150.45954248997893,1998-07-25,1,1,78.0,78.0,,Pastick,3.0,18.0,N,,,,,,
63.71834286468865,-151.2424016252664,1999-07-28,1,0,0.0,100.0,,Pastick,1.0,2.0,N,,,,,,
63.70686754944475,-150.46048411359885,1998-07-25,1,0,44.0,44.0,,Pastick,2.0,0.0,Y,,,,,,
63.719554564289446,-151.2401801483878,1999-07-28,1,0,0.0,100.0,,Pastick,2.0,3.0,N,,,,,,
63.70839057033764,-150.4607929863718,1998-07-25,1,0,110.0,110.0,,Pastick,1.0,1.0,Y,,,,,,
63.70020839629071,-150.0212091537058,1998-07-12,1,1,42.0,62.0,,Pastick,1.0,28.0,N,,,,,,
63.71528544101537,-150.77214236166873,1998-08-10,1,0,24.0,24.0,,Pastick,3.0,1.0,Y,,,,,,
63.71597362142368,-150.7748420709734,1998-08-10,1,1,54.0,70.0,,Pastick,4.0,54.0,N,,,,,,
63.70299685074278,-150.02010603642498,1998-07-12,1,1,26.0,38.0,,Pastick,2.0,38.0,N,,,,,,
63.71721636652739,-150.7745014259978,1998-08-10,1,0,79.0,79.0,,Pastick,5.0,7.0,Y,,,,,,
63.7194651363999,-150.77477021600717,1998-08-10,1,0,85.0,85.0,,Pastick,1.0,28.0,Y,,,,,,
63.72017696674988,-150.7766787047081,1998-08-10,1,1,42.0,42.0,,Pastick,2.0,20.0,N,,,,,,
63.70719846342633,-150.01958294336873,1998-07-12,1,0,0.0,120.0,,Pastick,3.0,17.0,N,,,,,,
63.72673608220763,-150.99419547419134,1998-09-03,1,1,49.0,49.0,,Pastick,1.0,34.0,N,,,,,,
63.72781106817846,-150.9920937472241,1998-09-03,1,1,61.0,76.0,,Pastick,2.0,76.0,N,,,,,,
63.72798005456862,-150.96828118941184,1998-09-03,1,0,0.0,100.0,,Pastick,1.0,10.0,N,,,,,,
63.72801954694247,-150.9659894345197,1998-09-03,1,1,71.0,71.0,,Pastick,2.0,8.0,N,,,,,,
63.73675684093649,-151.7076366478101,1999-07-26,1,0,0.0,100.0,,Pastick,3.0,4.0,N,,,,,,
63.73690968695551,-151.71771797771703,1999-07-26,1,1,41.0,41.0,,Pastick,1.0,16.0,N,,,,,,
63.72845856456002,-150.97932698454463,1998-09-03,1,0,0.0,150.0,,Pastick,3.0,0.0,N,,,,,,
63.72864672529589,-150.95891539154772,1998-09-03,1,1,54.0,54.0,,Pastick,3.0,4.0,N,,,,,,
63.72929781961975,-150.98797746452314,1998-09-03,1,1,42.0,68.0,,Pastick,1.0,68.0,N,,,,,,
63.73778496644875,-151.7132012467926,1999-07-26,1,1,56.0,56.0,,Pastick,2.0,12.0,N,,,,,,
63.72996148865503,-150.98150876074962,1998-09-03,1,0,0.0,150.0,,Pastick,3.0,36.0,N,,,,,,
63.72705021537968,-150.77873173299233,1998-08-10,1,0,72.0,72.0,,Pastick,1.0,4.0,Y,,,,,,
63.73013366669296,-150.98611515131844,1998-09-03,1,1,88.0,88.0,,Pastick,2.0,21.0,N,,,,,,
63.73971166131451,-151.74338145364374,1999-07-25,1,0,0.0,150.0,,Pastick,1.0,5.0,N,,,,,,
63.740517169990646,-151.73593048857958,1999-07-25,1,1,36.0,36.0,,Pastick,4.0,22.0,N,,,,,,
63.7407654166117,-151.7386545391498,1999-07-25,1,1,130.0,130.0,,Pastick,3.0,19.0,N,,,,,,
63.740958364564925,-151.74121901192962,1999-07-25,1,1,54.0,54.0,,Pastick,2.0,29.0,N,,,,,,
63.73066320630524,-150.78071722002412,1998-08-10,1,1,120.0,120.0,,Pastick,2.0,23.0,Y,,,,,,
63.73174673998953,-150.78344840341882,1998-08-10,1,0,0.0,110.0,,Pastick,3.0,8.0,N,,,,,,
63.75282115247112,-152.14807888962486,2000-09-09,1,1,46.0,46.0,,Pastick,2.0,23.0,N,,,,,,
63.75295906284786,-152.15168233093047,2000-09-09,1,1,42.0,55.0,,Pastick,1.0,31.0,N,,,,,,
63.75318842988643,-152.1571274194626,2000-09-09,1,1,31.0,42.0,,Pastick,3.0,31.0,N,,,,,,
63.753444690436126,-152.1672536311587,2000-09-09,1,1,84.0,84.0,,Pastick,4.0,17.0,N,,,,,,
63.75361683971214,-152.17221417286072,2000-09-09,1,0,0.0,150.0,,Pastick,3.0,5.0,N,,,,,,
63.75363522715022,-152.15987053234278,2000-09-09,1,1,43.0,43.0,,Pastick,2.0,25.0,N,,,,,,
63.75632458547025,-151.93390003101285,2000-08-09,1,0,0.0,150.0,,Pastick,1.0,2.0,N,,,,,,
63.75771846588074,-151.93184059727892,2000-08-09,1,0,0.0,150.0,,Pastick,2.0,8.0,N,,,,,,
63.75866735382817,-151.93271700665014,2000-08-09,1,0,0.0,150.0,,Pastick,3.0,2.0,N,,,,,,
63.7601071902405,-151.93323031304584,2000-08-09,1,1,39.0,39.0,,Pastick,4.0,20.0,N,,,,,,
63.76139898043534,-151.93435748029188,2000-08-09,1,1,62.0,83.0,,Pastick,1.0,39.0,N,,,,,,
63.7623155623338,-151.96408635635757,2000-08-09,1,0,0.0,150.0,,Pastick,1.0,7.0,N,,,,,,
63.76254854362164,-151.93567257998808,2000-08-09,1,0,0.0,150.0,,Pastick,2.0,3.0,N,,,,,,
63.76513473553924,-151.94317904179465,2000-08-09,1,0,0.0,150.0,,Pastick,1.0,2.0,N,,,,,,
63.76569440196972,-151.9485315899086,2000-08-09,1,1,39.0,64.0,,Pastick,2.0,64.0,N,,,,,,
63.765980714882346,-151.95211004652566,2000-08-09,1,1,62.0,66.0,,Pastick,3.0,28.0,N,,,,,,
63.76623043331799,-151.95684574765204,2000-08-09,1,0,0.0,150.0,,Pastick,4.0,9.0,N,,,,,,
63.74132199998832,-150.0353488800731,2002-09-03,1,1,72.0,72.0,,Pastick,1.0,47.0,N,,,,,,
63.78912751341064,-151.74706848408124,2000-08-13,1,1,39.0,58.0,,Pastick,4.0,58.0,N,,,,,,
63.79052010209848,-151.7451597624304,2000-08-13,1,0,0.0,61.0,,Pastick,1.0,61.0,N,,,,,,
63.77247418163541,-150.34386991279828,2002-08-29,1,1,48.0,56.0,,Pastick,1.0,32.0,N,,,,,,
63.77297313738564,-150.36667353297327,2002-08-29,1,1,38.0,51.0,,Pastick,1.0,29.0,N,,,,,,
63.79292830771573,-151.74444380308643,2000-08-13,1,0,0.0,81.0,,Pastick,3.0,81.0,N,,,,,,
63.79310690593939,-151.74640474788816,2000-08-13,1,1,43.0,43.0,,Pastick,2.0,43.0,N,,,,,,
63.79484503942627,-151.74707863390566,2000-08-13,1,1,42.0,42.0,,Pastick,1.0,31.0,N,,,,,,
63.796264923582086,-151.74831482042833,2000-08-13,1,0,107.0,107.0,,Pastick,3.0,8.0,Y,,,,,,
63.79957684640456,-151.7503809206156,2000-08-13,1,0,73.0,73.0,,Pastick,2.0,7.0,Y,,,,,,
63.802433578448415,-151.7537874128188,2000-08-13,1,0,60.0,60.0,,Pastick,1.0,10.0,Y,,,,,,
63.79126467053258,-150.7993019276185,1998-09-05,1,0,116.0,116.0,,Pastick,2.0,11.0,Y,,,,,,
63.791500290933904,-150.7970908522481,1998-09-05,1,0,64.0,64.0,,Pastick,1.0,8.0,Y,,,,,,
63.79240139491977,-150.79965997567473,1998-09-05,1,1,109.0,122.0,,Pastick,3.0,28.0,N,,,,,,
63.79362902556882,-150.8006810089485,1998-09-05,1,0,43.0,43.0,,Pastick,4.0,0.0,Y,,,,,,
63.80657858621013,-151.75880305800834,2000-08-13,1,1,102.0,102.0,,Pastick,2.0,18.0,N,,,,,,
63.79579479731283,-150.80376117064327,1998-09-05,1,1,142.0,155.0,,Pastick,5.0,38.0,N,,,,,,
63.80897578772768,-151.754717005444,2000-08-13,1,0,71.0,71.0,,Pastick,1.0,8.0,Y,,,,,,
63.7979990491002,-150.80052318859575,1998-09-05,1,0,78.0,78.0,,Pastick,6.0,10.0,Y,,,,,,
63.811725205466864,-151.88470701535715,2002-08-31,1,0,67.0,67.0,,Pastick,1.0,7.0,Y,,,,,,
63.80130222380778,-150.80105777543878,1998-09-05,1,1,107.0,107.0,,Pastick,1.0,11.0,N,,,,,,
63.81394083787308,-151.7497040097134,2000-08-13,1,1,40.0,63.0,,Pastick,3.0,32.0,N,,,,,,
63.80290960521956,-150.79871859183905,1998-09-05,1,0,0.0,170.0,,Pastick,2.0,5.0,N,,,,,,
63.80340404538106,-150.79699416642362,1998-09-05,1,1,54.0,80.0,,Pastick,3.0,33.0,N,,,,,,
63.8036139011499,-150.44822246811006,2002-09-03,1,0,0.0,150.0,,Pastick,1.0,4.0,N,,,,,,
63.8097932455776,-150.7885515464032,1998-09-05,1,1,53.0,76.0,,Pastick,1.0,58.0,N,,,,,,
63.81113206553236,-150.7868618345211,1998-09-05,1,1,43.0,43.0,,Pastick,2.0,30.0,N,,,,,,
63.812597596309175,-150.7846540548505,1998-09-05,1,1,63.0,86.0,,Pastick,3.0,44.0,N,,,,,,
63.81632890701754,-150.92902057679154,1998-09-08,1,0,0.0,100.0,,Pastick,1.0,6.0,N,,,,,,
63.823759894354346,-151.51889592331753,2000-09-11,1,1,44.0,63.0,,Pastick,3.0,63.0,N,,,,,,
63.82423006899226,-151.52537405887486,2000-09-11,1,0,0.0,150.0,,Pastick,4.0,96.0,N,,,,,,
63.82412065491226,-151.51469078114127,2000-09-11,1,1,89.0,89.0,,Pastick,1.0,89.0,N,,,,,,
63.82420637351876,-151.51255251914952,2000-09-11,1,1,64.0,64.0,,Pastick,1.0,48.0,N,,,,,,
63.82464161129879,-151.51647196603773,2000-09-11,1,0,0.0,150.0,,Pastick,2.0,43.0,N,,,,,,
63.81363058624949,-150.55168672726822,1998-07-27,1,1,38.0,60.0,,Pastick,3.0,38.0,N,,,,,,
63.80717631056469,-150.05250757053415,1999-07-23,1,1,42.0,67.0,,Pastick,3.0,51.0,N,,,,,,
63.83252968091434,-151.56699681893284,2000-09-11,1,0,0.0,100.0,,Pastick,1.0,0.0,N,,,,,,
63.83273697933526,-151.5616605359893,2000-09-11,1,0,0.0,150.0,,Pastick,3.0,56.0,N,,,,,,
63.83321199503597,-151.55978647913756,2000-09-11,1,0,0.0,150.0,,Pastick,2.0,0.0,N,,,,,,
63.8200550943895,-150.56096627831226,1998-07-26,1,1,41.0,47.0,,Pastick,4.0,25.0,Y,,,,,,
63.82031085576951,-150.55856604441794,1998-07-26,1,0,23.0,23.0,,Pastick,3.0,14.0,Y,,,,,,
63.8204162144239,-150.5563007588174,1998-07-26,1,1,57.0,85.0,,Pastick,2.0,18.0,N,,,,,,
63.82070513084174,-150.55109257865948,1998-07-26,1,0,35.0,35.0,,Pastick,1.0,0.0,Y,,,,,,
63.821858415936674,-150.5630055204508,1998-07-26,1,0,96.0,96.0,,Pastick,5.0,8.0,Y,,,,,,
63.83212783048759,-151.21266220114734,2000-08-16,1,0,0.0,150.0,,Pastick,6.0,54.0,N,,,,,,
63.83381397132249,-151.21981311931006,2000-08-16,1,0,0.0,100.0,,Pastick,5.0,33.0,N,,,,,,
63.82438683251319,-150.57024746252426,1998-07-27,1,1,33.0,56.0,,Pastick,6.0,33.0,N,,,,,,
63.82537644901464,-150.57784657409468,1998-07-27,1,0,85.0,85.0,,Pastick,7.0,5.0,Y,,,,,,
63.83471325788124,-151.19605051603384,2000-08-16,1,0,0.0,150.0,,Pastick,2.0,59.0,N,,,,,,
63.830655914962,-150.89104819571415,1998-09-08,1,0,0.0,150.0,,Pastick,1.0,5.0,N,,,,,,
63.83486772156462,-151.19835836666584,2000-08-16,1,1,54.0,54.0,,Pastick,3.0,23.0,N,,,,,,
63.83487082643419,-151.19213686221835,2000-08-16,1,0,0.0,150.0,,Pastick,1.0,43.0,N,,,,,,
63.830853768144905,-150.88186435173074,1998-09-08,1,1,40.0,40.0,,Pastick,1.0,24.0,N,,,,,,
63.83107957765803,-150.8948589651697,1998-09-08,1,0,0.0,150.0,,Pastick,2.0,5.0,N,,,,,,
63.831219001212574,-150.89950426463332,1998-09-08,1,0,0.0,100.0,,Pastick,3.0,2.0,N,,,,,,
63.83547878631401,-151.20996921135992,2000-08-16,1,0,0.0,150.0,,Pastick,4.0,24.0,N,,,,,,
63.83289934781549,-150.87321179848254,1998-09-08,1,1,60.0,77.0,,Pastick,4.0,40.0,N,,,,,,
63.83272965897133,-150.8611067551026,1998-09-08,1,1,68.0,68.0,,Pastick,2.0,46.0,N,,,,,,
63.83284676233068,-150.86416801071508,1998-09-08,1,1,71.0,71.0,,Pastick,1.0,38.0,N,,,,,,
63.83367539423767,-150.85707008070557,1998-09-08,1,1,52.0,66.0,,Pastick,1.0,38.0,N,,,,,,
63.82946137539935,-150.57995560786867,1998-07-26,1,0,28.0,28.0,,Pastick,6.0,1.0,Y,,,,,,
63.8290059945613,-150.26836740693332,1998-07-24,1,0,0.0,150.0,,Pastick,2.0,19.0,N,,,,,,
63.82923944755311,-150.2640947584725,1998-07-24,1,0,0.0,150.0,,Pastick,1.0,10.0,N,,,,,,
63.82977830476851,-150.27502351141683,1998-07-24,1,0,0.0,150.0,,Pastick,3.0,2.0,N,,,,,,
63.82986374030216,-150.25392737926393,1998-07-24,1,0,0.0,100.0,,Pastick,3.0,13.0,N,,,,,,
63.8310208908503,-150.24913719887522,1998-07-24,1,0,0.0,100.0,,Pastick,2.0,17.0,N,,,,,,
63.82631138098612,-150.0103432895384,1998-07-23,1,0,0.0,68.0,,Pastick,3.0,0.0,N,,,,,,
63.83179657535575,-150.24554314192832,1998-07-24,1,1,49.0,54.0,,Pastick,1.0,24.0,N,,,,,,
63.83327574590567,-150.23600225978984,1998-07-24,1,1,46.0,53.0,,Pastick,2.0,46.0,N,,,,,,
63.83492587009593,-150.21763646430193,1998-07-24,1,1,91.0,91.0,,Pastick,1.0,32.0,N,,,,,,
63.83538552640669,-150.22098781971786,1998-07-24,1,1,63.0,72.0,,Pastick,2.0,27.0,N,,,,,,
63.83700259839233,-150.2284968147407,1998-07-24,1,1,51.0,51.0,,Pastick,1.0,46.0,N,,,,,,
63.862762179575455,-150.96380659169048,1998-08-22,1,0,0.0,150.0,,Pastick,2.0,7.0,N,,,,,,
63.87388571473912,-151.96539484366525,2002-08-31,1,1,48.0,48.0,,Pastick,1.0,13.0,N,,,,,,
63.85146576795217,-150.1762950687933,2002-08-18,1,0,0.0,150.0,,Pastick,1.0,12.0,N,,,,,,
63.8663378092581,-150.9607998309577,1998-08-22,1,0,0.0,150.0,,Pastick,1.0,6.0,N,,,,,,
63.88925814428472,-151.69323763436307,2000-09-08,1,1,91.0,98.0,,Pastick,3.0,8.0,N,,,,,,
63.87878447399212,-150.81231129453425,1998-09-07,1,1,79.0,79.0,,Pastick,1.0,32.0,N,,,,,,
63.88644702192897,-151.39661230673025,2000-08-14,1,1,62.0,62.0,,Pastick,5.0,15.0,N,,,,,,
63.88651833866587,-151.40224992299,2000-08-14,1,0,0.0,150.0,,Pastick,6.0,7.0,N,,,,,,
63.87063595087847,-150.3258457312443,1998-08-06,1,1,49.0,65.0,,Pastick,3.0,28.0,N,,,,,,
63.88667978268711,-151.3820364364391,2000-08-14,1,0,0.0,100.0,,Pastick,3.0,3.0,N,,,,,,
63.87061162374587,-150.30422105120567,1998-08-06,1,0,0.0,100.0,,Pastick,4.0,0.0,N,,,,,,
63.88681079835506,-151.388953807576,2000-08-14,1,0,0.0,100.0,,Pastick,4.0,8.0,N,,,,,,
63.88217211085687,-150.97470262356032,1998-08-22,1,1,89.0,89.0,,Pastick,5.0,18.0,N,,,,,,
63.890781549872464,-151.7019456579364,2000-09-08,1,1,53.0,56.0,,Pastick,1.0,56.0,N,,,,,,
63.87262696320944,-150.32716345021393,1998-08-06,1,1,62.0,91.0,,Pastick,2.0,34.0,N,,,,,,
63.88349916998352,-150.97458665735658,1998-08-22,1,1,39.0,51.0,,Pastick,4.0,22.0,N,,,,,,
63.87483663085186,-150.37326819089392,2002-08-29,1,1,59.0,59.0,,Pastick,1.0,21.0,N,,,,,,
63.88511350672087,-150.97447034931662,1998-08-22,1,1,86.0,86.0,,Pastick,3.0,28.0,N,,,,,,
63.87525856737738,-150.32864452774973,1998-08-06,1,0,0.0,150.0,,Pastick,1.0,19.0,N,,,,,,
63.892123387410265,-151.40993716696647,2000-08-14,1,1,47.0,47.0,,Pastick,1.0,28.0,N,,,,,,
63.876959599883534,-150.32544793446817,1998-08-06,1,0,0.0,100.0,,Pastick,3.0,8.0,N,,,,,,
63.87742138008127,-150.33002781225588,1998-08-06,1,0,0.0,120.0,,Pastick,4.0,8.0,N,,,,,,
63.88829306261809,-150.97650244213654,1998-08-22,1,1,32.0,46.0,,Pastick,2.0,21.0,N,,,,,,
63.88983735911573,-150.97651349678495,1998-08-22,1,1,52.0,60.0,,Pastick,1.0,41.0,N,,,,,,
63.89549595497585,-151.4080757258395,2000-08-14,1,0,0.0,100.0,,Pastick,2.0,63.0,N,,,,,,
63.89610648559746,-151.41873746684996,2000-08-14,1,1,40.0,61.0,,Pastick,1.0,22.0,N,,,,,,
63.90191677551953,-152.03323136305914,2000-09-07,1,0,0.0,92.0,,Pastick,3.0,92.0,N,,,,,,
63.89187278461021,-150.9769781631047,1998-08-22,1,1,42.0,81.0,,Pastick,4.0,81.0,N,,,,,,
63.884238355974254,-150.44394070964094,2002-08-29,1,0,74.0,74.0,,Pastick,1.0,9.0,Y,,,,,,
63.88272718533533,-150.33433182995378,1998-08-06,1,0,0.0,150.0,,Pastick,2.0,5.0,N,,,,,,
63.883594918966416,-150.33512559520713,1998-08-06,1,0,79.0,79.0,,Pastick,1.0,6.0,Y,,,,,,
63.89468818693552,-150.97736637852697,1998-08-22,1,0,0.0,150.0,,Pastick,3.0,150.0,N,,,,,,
63.900437706946605,-151.42658340635705,2000-08-14,1,1,93.0,93.0,,Pastick,2.0,37.0,N,,,,,,
63.88719606900205,-150.4042861857112,2002-08-29,1,0,56.0,56.0,,Pastick,1.0,8.0,Y,,,,,,
63.89681486832957,-150.97729479899667,1998-08-22,1,0,0.0,150.0,,Pastick,2.0,150.0,N,,,,,,
63.89835176672533,-150.97677658191964,1998-08-22,1,1,42.0,66.0,,Pastick,1.0,66.0,N,,,,,,
63.91017395660435,-152.03192813080665,2000-09-07,1,1,44.0,44.0,,Pastick,3.0,9.0,N,,,,,,
63.91087328304186,-152.035858069103,2000-09-07,1,1,34.0,52.0,,Pastick,4.0,34.0,N,,,,,,
63.89542675173151,-150.67111801068012,1998-09-07,1,0,0.0,150.0,,Pastick,4.0,9.0,N,,,,,,
63.89720861746918,-150.67584118176237,1998-09-07,1,0,0.0,150.0,,Pastick,3.0,21.0,N,,,,,,
63.89808513916107,-150.6778678944331,1998-09-07,1,1,58.0,58.0,,Pastick,2.0,14.0,N,,,,,,
63.89961050262001,-150.68004496052492,1998-09-07,1,1,56.0,80.0,,Pastick,1.0,48.0,N,,,,,,
63.91974134725421,-152.02525758151148,2000-09-07,1,1,49.0,49.0,,Pastick,3.0,23.0,N,,,,,,
63.9202957392276,-152.02762379159108,2000-09-07,1,1,86.0,86.0,,Pastick,4.0,3.0,N,,,,,,
63.912399836634094,-150.712449953519,1998-09-07,1,1,106.0,106.0,,Pastick,4.0,8.0,N,,,,,,
63.912529650623206,-150.70987010357163,1998-09-07,1,1,52.0,52.0,,Pastick,5.0,20.0,N,,,,,,
63.90269186405167,-150.11794869860273,1997-09-03,1,1,44.0,44.0,,Pastick,2.0,22.0,N,,,,,,
63.90288352415964,-150.11990684465837,1997-09-03,1,1,71.0,71.0,,Pastick,3.0,9.0,N,,,,,,
63.904140144317495,-150.11355874057372,1997-09-03,1,1,84.0,84.0,,Pastick,1.0,22.0,N,,,,,,
63.926901120749086,-151.49432407216926,2000-08-27,1,1,140.0,150.0,,Pastick,4.0,110.0,N,,,,,,
63.93180787138205,-151.9982408817426,2002-08-30,1,1,54.0,54.0,,Pastick,1.0,5.0,N,,,,,,
63.92939009516125,-151.4885403782771,2000-08-27,1,0,0.0,150.0,,Pastick,1.0,96.0,N,,,,,,
63.93462113298686,-151.48491272787115,2000-08-27,1,1,97.0,97.0,,Pastick,3.0,23.0,N,,,,,,
63.93509012928735,-151.48684597613396,2000-08-27,1,1,52.0,70.0,,Pastick,2.0,34.0,N,,,,,,
63.93550586739895,-151.48970025185017,2000-08-27,1,0,0.0,150.0,,Pastick,1.0,11.0,N,,,,,,
63.9226718522962,-150.49850034133195,1998-09-06,1,1,43.0,70.0,,Pastick,1.0,22.0,N,,,,,,
63.91840883600012,-150.15336224596018,2002-08-18,1,0,0.0,150.0,,Pastick,3.0,9.0,N,,,,,,
63.92509896239202,-150.50907664439492,1998-09-06,1,1,54.0,54.0,,Pastick,5.0,31.0,N,,,,,,
63.92523991936204,-150.50630983999878,1998-09-06,1,1,42.0,42.0,,Pastick,2.0,20.0,N,,,,,,
63.92625279663214,-150.51038199710857,1998-09-06,1,0,0.0,150.0,,Pastick,3.0,6.0,N,,,,,,
63.94118947314766,-151.50198484319478,2000-08-27,1,0,0.0,150.0,,Pastick,3.0,7.0,N,,,,,,
63.9276074947043,-150.51240417675243,1998-09-06,1,1,48.0,60.0,,Pastick,1.0,19.0,N,,,,,,
63.94152316350004,-151.51259874867435,2000-08-27,1,0,89.0,89.0,,Pastick,2.0,10.0,Y,,,,,,
63.93331056117689,-150.7491284062725,2002-09-02,1,1,143.0,150.0,,Pastick,1.0,9.0,N,,,,,,
63.94465015878547,-151.51906569826187,2000-08-27,1,0,63.0,63.0,,Pastick,1.0,9.0,Y,,,,,,
63.94606040086567,-151.52268536153628,2000-08-27,1,1,48.0,79.0,,Pastick,1.0,21.0,N,,,,,,
63.93516412227092,-150.50903986819813,1998-09-06,1,1,41.0,48.0,,Pastick,4.0,12.0,N,,,,,,
63.93931774583508,-150.72960343645974,1998-09-07,1,1,47.0,60.0,,Pastick,1.0,30.0,N,,,,,,
63.94012256549518,-150.72882388876462,1998-09-07,1,1,62.0,62.0,,Pastick,2.0,34.0,N,,,,,,
63.93760282196768,-150.50778226563148,1998-09-06,1,1,148.0,148.0,,Pastick,6.0,9.0,N,,,,,,
63.94130210895255,-150.72674839895697,1998-09-07,1,1,148.0,148.0,,Pastick,3.0,8.0,N,,,,,,
63.94367365831484,-150.53196568114123,1998-09-06,1,1,128.0,128.0,,Pastick,2.0,14.0,N,,,,,,
63.94351207059291,-150.5214456304126,1998-09-06,1,1,38.0,70.0,,Pastick,1.0,20.0,N,,,,,,
63.94529274877526,-150.54111262396,1998-09-06,1,1,46.0,62.0,,Pastick,3.0,21.0,N,,,,,,
63.96149480754461,-151.18752498429455,2000-08-28,1,1,64.0,64.0,,Pastick,1.0,13.0,N,,,,,,
63.94333320597445,-150.02343284340762,1997-08-20,1,1,44.0,70.0,,Pastick,1.0,70.0,N,,,,,,
63.94344573760796,-150.02585092516557,1997-08-20,1,1,83.0,83.0,,Pastick,2.0,9.0,N,,,,,,
63.94392328716032,-150.03074206919368,1997-08-20,1,1,61.0,61.0,,Pastick,3.0,8.0,N,,,,,,
63.946623188314064,-150.0863112062213,1997-08-21,1,1,96.0,96.0,,Pastick,2.0,43.0,N,,,,,,
63.94684349432536,-150.0825306057168,1997-08-20,1,1,128.0,128.0,,Pastick,8.0,10.0,N,,,,,,
63.94724983980717,-150.09112702647064,1997-08-21,1,1,54.0,54.0,,Pastick,1.0,14.0,N,,,,,,
63.99139370614944,-151.39873852637055,2000-08-15,1,0,141.0,141.0,,Pastick,2.0,6.0,Y,,,,,,
63.99274821441683,-151.40354722081733,2000-08-15,1,0,0.0,150.0,,Pastick,1.0,5.0,N,,,,,,
63.99436025296472,-151.40648118304605,2000-08-15,1,1,45.0,45.0,,Pastick,1.0,24.0,N,,,,,,
63.98598695344887,-150.65117396300474,1998-09-04,1,1,58.0,58.0,,Pastick,1.0,23.0,N,,,,,,
63.98629705095772,-150.64703841910068,1998-09-04,1,1,50.0,50.0,,Pastick,4.0,18.0,N,,,,,,
64.00049287743597,-151.7694077519258,2000-08-12,1,1,49.0,49.0,,Pastick,1.0,38.0,N,,,,,,
63.97915840264458,-150.1677314178934,1998-08-07,1,0,76.0,76.0,,Pastick,3.0,8.0,Y,,,,,,
63.987891568012245,-150.6418335865364,1998-09-04,1,1,38.0,51.0,,Pastick,3.0,20.0,N,,,,,,
63.98801477882082,-150.63891977376477,1998-09-04,1,1,84.0,84.0,,Pastick,2.0,7.0,N,,,,,,
64.00269671544343,-151.7699856408123,2000-08-12,1,0,0.0,150.0,,Pastick,3.0,4.0,N,,,,,,
63.98906812075158,-150.63633629263344,1998-09-04,1,1,48.0,61.0,,Pastick,1.0,36.0,N,,,,,,
63.9990600461566,-151.24503087280124,2002-09-02,1,0,0.0,150.0,,Pastick,1.0,4.0,N,,,,,,
63.98236168917749,-150.14513997390202,1998-08-07,1,0,95.0,95.0,,Pastick,2.0,3.0,Y,,,,,,
63.99152361008126,-150.65430817078368,1998-09-04,1,1,52.0,52.0,,Pastick,3.0,11.0,N,,,,,,
63.98341441881882,-150.16492862114654,1998-08-07,1,0,40.0,40.0,,Pastick,2.0,0.0,Y,,,,,,
63.98354512672424,-150.1610506717733,1998-08-07,1,1,56.0,65.0,,Pastick,1.0,31.0,N,,,,,,
63.98404064922201,-150.15746278706865,1998-08-07,1,0,97.0,97.0,,Pastick,4.0,7.0,Y,,,,,,
63.9480058982743,-150.0336180921336,1997-08-20,1,1,51.0,51.0,,Pastick,4.0,27.0,N,,,,,,
63.94889725957277,-150.0637106195137,1997-08-20,1,1,61.0,65.0,,Pastick,7.0,38.0,N,,,,,,
63.9501272904004,-150.05130632182394,1997-08-20,1,1,58.0,78.0,,Pastick,3.0,20.0,N,,,,,,
63.95047564466477,-150.04812416545508,1997-08-20,1,1,44.0,69.0,,Pastick,2.0,68.0,N,,,,,,
63.95076820284304,-150.04617334209453,1997-08-20,1,0,0.0,150.0,,Pastick,1.0,5.0,N,,,,,,
63.95075311220167,-150.0441119532903,1997-08-20,1,1,49.0,49.0,,Pastick,6.0,12.0,N,,,,,,
63.95130666109735,-150.03471886439357,1997-08-20,1,1,84.0,84.0,,Pastick,5.0,24.0,N,,,,,,
63.98195571037222,-151.75849313455623,2000-08-12,1,1,60.0,60.0,,Pastick,3.0,60.0,N,,,,,,
63.98342978381447,-151.75769208675123,2000-08-12,1,1,61.0,114.0,,Pastick,4.0,17.0,N,,,,,,
63.98471416590955,-151.7577985851084,2000-08-12,1,0,0.0,150.0,,Pastick,1.0,83.0,N,,,,,,
63.97864809633031,-151.1802431254402,2000-08-28,1,1,35.0,70.0,,Pastick,4.0,35.0,N,,,,,,
63.97880233327486,-151.18252188996794,2000-08-28,1,0,0.0,100.0,,Pastick,5.0,51.0,N,,,,,,
63.98585671331507,-151.76126311619737,2000-08-12,1,1,66.0,78.0,,Pastick,2.0,4.0,N,,,,,,
63.98213596904012,-151.359068967731,2000-08-15,1,1,54.0,62.0,,Pastick,3.0,26.0,N,,,,,,
63.98288525867017,-151.1881431145606,2000-08-28,1,0,0.0,150.0,,Pastick,3.0,9.0,N,,,,,,
63.9843260588169,-151.27620457127028,2000-08-15,1,0,0.0,150.0,,Pastick,1.0,2.0,N,,,,,,
63.98446105754875,-151.27396839438936,2000-08-15,1,1,61.0,61.0,,Pastick,1.0,28.0,N,,,,,,
63.9898707833053,-151.76572541328156,2000-08-12,1,1,78.0,78.0,,Pastick,3.0,8.0,N,,,,,,
63.98424052763703,-151.19028329889565,2000-08-28,1,0,0.0,150.0,,Pastick,2.0,3.0,N,,,,,,
63.98648463593855,-151.37459371294815,2000-08-15,1,1,86.0,86.0,,Pastick,2.0,31.0,N,,,,,,
63.98579703882824,-151.19128645565786,2000-08-28,1,0,0.0,150.0,,Pastick,1.0,3.0,N,,,,,,
63.98852167546902,-151.38177299845484,2000-08-15,1,1,49.0,68.0,,Pastick,1.0,20.0,N,,,,,,
63.98961723979487,-151.38988651996436,2000-08-15,1,0,0.0,150.0,,Pastick,3.0,9.0,N,,,,,,
63.99297836005508,-150.65210026807787,1998-09-04,1,1,59.0,68.0,,Pastick,4.0,39.0,N,,,,,,
63.98425055999548,-150.15488536467802,1998-08-07,1,0,89.0,89.0,,Pastick,3.0,7.0,Y,,,,,,
63.98443733660037,-150.14519400935663,1998-08-07,1,0,92.0,92.0,,Pastick,2.0,23.0,Y,,,,,,
63.98466691389888,-150.1472768481841,1998-08-07,1,0,61.0,61.0,,Pastick,1.0,18.0,Y,,,,,,
63.98497808368377,-150.14164197677266,1998-08-07,1,0,0.0,102.0,,Pastick,1.0,16.0,N,,,,,,
63.9949222614607,-150.64960561516153,1998-09-04,1,1,54.0,59.0,,Pastick,2.0,59.0,N,,,,,,
63.9962743584589,-150.64660817203168,1998-09-04,1,1,155.0,160.0,,Pastick,3.0,5.0,N,,,,,,
63.99415564588693,-150.37196751649373,1998-08-08,1,0,0.0,82.0,,Pastick,1.0,25.0,N,,,,,,
63.99482554106671,-150.3767317616822,1998-08-08,1,1,47.0,70.0,,Pastick,2.0,41.0,N,,,,,,
63.99625202790581,-150.387111914791,1998-08-08,1,1,43.0,61.0,,Pastick,4.0,21.0,N,,,,,,
63.99656882564082,-150.38276623223695,1998-08-08,1,1,46.0,46.0,,Pastick,3.0,8.0,N,,,,,,
63.99769028300658,-150.3901891479194,1998-08-08,1,1,49.0,78.0,,Pastick,5.0,6.0,N,,,,,,
63.9984423264497,-150.4106164637801,1998-08-08,1,1,38.0,38.0,,Pastick,4.0,10.0,N,,,,,,
63.998418632630894,-150.39374200054465,1998-08-08,1,1,59.0,59.0,,Pastick,1.0,23.0,N,,,,,,
63.99869812817664,-150.400814463186,1998-08-08,1,1,35.0,35.0,,Pastick,3.0,12.0,N,,,,,,
63.99868092021019,-150.39784983035227,1998-08-08,1,0,0.0,150.0,,Pastick,2.0,8.0,N,,,,,,
63.99931934593277,-150.4169996943189,1998-08-08,1,1,58.0,58.0,,Pastick,1.0,22.0,N,,,,,,
64.01731431914398,-151.71874382136284,2001-09-02,1,1,165.0,165.0,,Pastick,2.0,8.0,N,,,,,,
64.01773486407062,-151.72267349453813,2001-09-02,1,1,43.0,43.0,,Pastick,3.0,25.0,N,,,,,,
64.0184817327027,-151.73520265311694,2001-09-02,1,0,0.0,100.0,,Pastick,4.0,41.0,N,,,,,,
64.01908458750891,-151.7179669753982,2001-09-02,1,0,0.0,150.0,,Pastick,1.0,116.0,N,,,,,,
64.02436366156684,-151.75008101285667,2002-09-02,1,1,180.0,180.0,,Pastick,1.0,10.0,N,,,,,,
64.02520191319297,-151.75049377661645,2002-09-02,1,0,0.0,150.0,,Pastick,2.0,150.0,N,,,,,,
64.02840087243312,-151.79558595736924,2001-09-02,1,0,0.0,150.0,,Pastick,2.0,16.0,N,,,,,,
64.03089677907481,-151.7956830632837,2001-09-02,1,1,76.0,76.0,,Pastick,1.0,30.0,N,,,,,,
64.03370569723543,-151.79889893821058,2001-09-02,1,1,66.0,80.0,,Pastick,2.0,66.0,N,,,,,,
64.03473973704126,-151.80348136206487,2001-09-02,1,1,53.0,53.0,,Pastick,1.0,38.0,N,,,,,,
64.0718626231527,-151.65760609806102,2002-09-02,1,1,62.0,62.0,,Pastick,1.0,42.0,N,,,,,,
63.74109378330464,-148.9190272085065,1997-09-08,1,0,0.0,120.0,,Pastick,3.0,2.0,N,,,,,,
63.74515035821895,-148.9312196412721,1997-09-08,1,0,0.0,105.0,,Pastick,4.0,4.0,Y,,,,,,
63.71955130796843,-149.07737736704027,1997-09-09,1,0,0.0,150.0,,Pastick,1.0,0.0,N,,,,,,
63.72006272015332,-149.07553157923047,1997-09-09,1,0,0.0,150.0,,Pastick,2.0,4.0,N,,,,,,
63.72135741850642,-149.40562671823486,1997-09-10,1,0,0.0,100.0,,Pastick,3.0,0.0,N,,,,,,
63.7346854304356,-149.33336535770854,1997-07-16,1,1,61.0,61.0,,Pastick,1.0,6.0,N,,,,,,
63.57123114344291,-148.99470524780853,1997-07-23,1,0,0.0,100.0,,Pastick,1.0,8.0,N,,,,,,
63.98560425638078,-149.90401845382743,1997-08-21,1,1,64.0,64.0,,Pastick,1.0,37.0,N,,,,,,
63.98682846339054,-149.90925838214284,1997-08-21,1,1,33.0,33.0,,Pastick,2.0,21.0,N,,,,,,
63.71511691807144,-149.16929940320748,1997-08-22,1,0,0.0,100.0,,Pastick,1.0,7.0,N,,,,,,
63.71752901809153,-149.1683096996164,1997-08-22,1,0,0.0,100.0,,Pastick,2.0,10.0,N,,,,,,
63.71129232206607,-149.14108872485954,1997-08-22,1,0,0.0,150.0,,Pastick,3.0,5.0,N,,,,,,
63.70987836729794,-149.14077942077782,1997-08-22,1,0,0.0,150.0,,Pastick,4.0,4.0,N,,,,,,
63.64253921689718,-149.59152670914858,1997-09-02,1,0,0.0,120.0,,Pastick,1.0,8.0,N,,,,,,
63.63943335454088,-149.59096063553991,1997-09-02,1,0,0.0,150.0,,Pastick,2.0,14.0,N,,,,,,
63.50194029506846,-149.75308788328996,1997-07-17,1,0,0.0,100.0,,Pastick,1.0,0.0,N,,,,,,
63.51004952816815,-149.7615102102326,1997-07-17,1,0,0.0,100.0,,Pastick,3.0,0.0,N,,,,,,
63.76926916355555,-149.96644062086818,1998-07-11,1,1,37.0,51.0,,Pastick,1.0,37.0,N,,,,,,
63.77450915085729,-149.97062446794646,1998-07-11,1,1,145.0,145.0,,Pastick,2.0,120.0,N,,,,,,
63.77605545668528,-149.96575295212102,1998-07-11,1,0,0.0,150.0,,Pastick,3.0,12.0,N,,,,,,
63.776824539603325,-149.9855042962606,1998-07-11,1,1,43.0,51.0,,Pastick,4.0,43.0,N,,,,,,
63.77625705974474,-149.95286379836176,1998-07-11,1,0,0.0,100.0,,Pastick,1.0,3.0,N,,,,,,
63.77677020871228,-149.9510499078816,1998-07-11,1,1,91.0,91.0,,Pastick,2.0,24.0,N,,,,,,
63.78045485198454,-149.9540134689315,1998-07-11,1,0,0.0,100.0,,Pastick,3.0,16.0,N,,,,,,
63.63377262955122,-149.00036458261977,1998-07-15,1,1,22.0,51.0,,Pastick,1.0,22.0,N,,,,,,
63.63481552902473,-149.00154838504872,1998-07-15,1,0,0.0,120.0,,Pastick,2.0,6.0,N,,,,,,
63.57153749259528,-148.96731032624285,1998-07-15,1,0,0.0,110.0,,Pastick,1.0,1.0,N,,,,,,
63.83010200895617,-149.96379508387716,1998-07-23,1,1,38.0,64.0,,Pastick,1.0,38.0,N,,,,,,
63.8311516053274,-149.9704139789944,1998-07-23,1,0,0.0,130.0,,Pastick,2.0,3.0,N,,,,,,
63.82962855580425,-149.9732837069354,1998-07-23,1,1,31.0,57.0,,Pastick,3.0,31.0,N,,,,,,
63.82770604777781,-149.9985015779306,1998-07-22,1,0,0.0,100.0,,Pastick,3.0,21.0,N,,,,,,
63.82715096642367,-150.00230640912824,1998-07-23,1,0,0.0,100.0,,Pastick,1.0,4.0,N,,,,,,
63.93039624093847,-149.32998122328172,1998-07-24,1,0,0.0,100.0,,Pastick,1.0,6.0,N,,,,,,
63.92644798641086,-149.3270419407796,1998-07-24,1,1,40.0,60.0,,Pastick,1.0,31.0,N,,,,,,
63.924332826834245,-149.32680532532012,1998-07-24,1,0,0.0,150.0,,Pastick,2.0,16.0,N,,,,,,
63.92225451463734,-149.3265106082744,1998-07-24,1,1,56.0,56.0,,Pastick,3.0,36.0,N,,,,,,
63.919768737829976,-149.32363258399246,1998-07-24,1,0,0.0,100.0,,Pastick,4.0,4.0,N,,,,,,
63.917691470399646,-149.31991186510507,1998-07-24,1,0,0.0,150.0,,Pastick,5.0,14.0,N,,,,,,
63.9144149533573,-149.31032163613793,1998-07-24,1,0,0.0,100.0,,Pastick,6.0,5.0,N,,,,,,
63.91178183063245,-149.3059656440702,1998-07-24,1,0,0.0,100.0,,Pastick,7.0,4.0,N,,,,,,
63.90840415119138,-149.29363885040598,1998-07-24,1,1,48.0,53.0,,Pastick,1.0,37.0,N,,,,,,
63.64794660293219,-149.71645821710695,1999-08-11,1,0,0.0,100.0,,Pastick,1.0,3.0,N,,,,,,
63.64825898535612,-149.72273148844778,1999-08-11,1,0,0.0,100.0,,Pastick,2.0,5.0,N,,,,,,
63.64869111874173,-149.72457121015125,1999-08-11,1,1,43.0,43.0,,Pastick,3.0,19.0,N,,,,,,
63.64952844829901,-149.72398474880612,1999-08-11,1,0,0.0,100.0,,Pastick,4.0,10.0,N,,,,,,
63.65078372725262,-149.72077102018778,1999-08-11,1,1,29.0,47.0,,Pastick,5.0,29.0,N,,,,,,
63.646398458371976,-149.71806786835756,1999-08-11,1,1,165.0,165.0,,Pastick,1.0,2.0,N,,,,,,
63.601811393159785,-149.70705052480693,1999-08-11,1,0,0.0,100.0,,Pastick,3.0,2.0,N,,,,,,
63.45583329608581,-149.92144092482403,1999-08-21,1,0,0.0,105.0,,Pastick,3.0,3.0,Y,,,,,,
63.45256492563409,-149.92929571186897,1999-08-21,1,0,0.0,100.0,,Pastick,1.0,0.0,N,,,,,,
63.45273044166233,-149.9312994985763,1999-08-21,1,0,0.0,100.0,,Pastick,2.0,1.0,N,,,,,,
63.51634205066965,-148.8755903356304,2000-06-19,1,0,0.0,86.0,,Pastick,1.0,2.0,Y,,,,,,
63.5146202179681,-148.86926538310777,2000-06-19,1,0,0.0,150.0,,Pastick,2.0,2.0,N,,,,,,
63.51212660060222,-148.86220744727504,2000-06-19,1,0,0.0,100.0,,Pastick,1.0,14.0,N,,,,,,
63.5107300736458,-148.856367702197,2000-06-19,1,0,0.0,100.0,,Pastick,2.0,10.0,N,,,,,,
63.51032655045256,-148.85286415497507,2000-06-19,1,0,0.0,150.0,,Pastick,3.0,8.0,N,,,,,,
63.50973591647565,-148.85063499021777,2000-06-19,1,0,0.0,150.0,,Pastick,4.0,2.0,N,,,,,,
63.50922270632562,-148.8479687393732,2000-06-19,1,0,0.0,54.0,,Pastick,1.0,9.0,Y,,,,,,
63.50769838138268,-148.8366553481513,2000-06-19,1,0,0.0,100.0,,Pastick,1.0,12.0,N,,,,,,
63.50670480629098,-148.8357273172497,2000-06-19,1,1,24.0,24.0,,Pastick,2.0,24.0,N,,,,,,
63.38349849675397,-148.982745206264,2000-06-20,1,0,0.0,150.0,,Pastick,1.0,3.0,N,,,,,,
63.38526166561444,-148.988950996039,2000-06-20,1,0,0.0,150.0,,Pastick,2.0,13.0,N,,,,,,
63.38580788998301,-148.9916306539765,2000-06-20,1,0,0.0,150.0,,Pastick,3.0,9.0,N,,,,,,
63.38921626727513,-148.9982921859533,2000-06-20,1,0,0.0,150.0,,Pastick,4.0,66.0,N,,,,,,
63.39038372031749,-149.0014760645765,2000-06-20,1,0,0.0,97.0,,Pastick,1.0,5.0,Y,,,,,,
63.39047760457946,-149.00374456808433,2000-06-20,1,0,0.0,150.0,,Pastick,2.0,6.0,Y,,,,,,
63.39106560540699,-149.0059875358125,2000-06-20,1,0,0.0,67.0,,Pastick,3.0,2.0,Y,,,,,,
63.412059378130586,-149.03497932605097,2000-06-21,1,0,0.0,150.0,,Pastick,1.0,2.0,N,,,,,,
63.4586543693778,-149.00903385577942,2000-06-21,1,0,0.0,56.0,,Pastick,1.0,0.0,Y,,,,,,
63.45749453157783,-149.00915315578038,2000-06-21,1,0,0.0,77.0,,Pastick,3.0,4.0,Y,,,,,,
63.455081150848095,-149.01413998617736,2000-06-21,1,0,0.0,88.0,,Pastick,4.0,3.0,Y,,,,,,
63.45159456724454,-149.00733524262426,2000-06-21,1,1,20.0,20.0,,Pastick,1.0,20.0,N,,,,,,
63.44950712171542,-149.0025354201218,2000-06-21,1,0,0.0,150.0,,Pastick,2.0,8.0,N,,,,,,
63.44559087507376,-149.00523006033583,2000-06-21,1,0,0.0,150.0,,Pastick,3.0,1.0,N,,,,,,
63.44359250849767,-149.0094420851702,2000-06-21,1,0,0.0,150.0,,Pastick,1.0,5.0,N,,,,,,
63.48238424473136,-149.12886309401105,2000-06-22,1,0,0.0,93.0,,Pastick,1.0,1.0,Y,,,,,,
63.47958988559181,-149.12658691130216,2000-06-22,1,0,0.0,100.0,,Pastick,1.0,2.0,N,,,,,,
63.47676575559301,-149.11904837599113,2000-06-22,1,0,0.0,49.0,,Pastick,2.0,0.0,Y,,,,,,
63.47427636932944,-149.10643655153203,2000-06-22,1,1,66.0,66.0,,Pastick,3.0,18.0,N,,,,,,
63.46965812709274,-149.1060566126158,2000-06-22,1,0,0.0,100.0,,Pastick,1.0,2.0,N,,,,,,
63.46861647042749,-149.10545809828778,2000-06-22,1,0,0.0,100.0,,Pastick,4.0,2.0,N,,,,,,
63.37563222823013,-149.28386379458675,2000-06-23,1,0,0.0,36.0,,Pastick,1.0,0.0,Y,,,,,,
63.375241866611766,-149.28693417178596,2000-06-23,1,0,0.0,118.0,,Pastick,2.0,2.0,Y,,,,,,
63.37489757215408,-149.28880761323498,2000-06-23,1,0,0.0,32.0,,Pastick,3.0,5.0,Y,,,,,,
63.37597486630176,-149.2932954890587,2000-06-23,1,0,0.0,100.0,,Pastick,1.0,8.0,N,,,,,,
63.376354477039705,-149.29760787974632,2000-06-23,1,0,0.0,150.0,,Pastick,2.0,1.0,N,,,,,,
63.374924437103125,-149.3072179042259,2000-06-23,1,1,53.0,53.0,,Pastick,5.0,8.0,N,,,,,,
63.37530963076944,-149.3100501115715,2000-06-23,1,0,0.0,100.0,,Pastick,6.0,8.0,N,,,,,,
63.37661346718759,-149.31547759833757,2000-06-23,1,0,0.0,100.0,,Pastick,1.0,58.0,N,,,,,,
63.37692949074118,-149.32310702176574,2000-06-23,1,0,0.0,100.0,,Pastick,2.0,14.0,N,,,,,,
63.3817215076875,-149.64527936804802,2000-06-24,1,0,0.0,150.0,,Pastick,1.0,0.0,N,,,,,,
63.37894381013315,-149.6430021744089,2000-06-24,1,0,0.0,150.0,,Pastick,1.0,2.0,N,,,,,,
63.37783046543976,-149.64201916403636,2000-06-24,1,0,0.0,150.0,,Pastick,2.0,4.0,N,,,,,,
63.37691359710176,-149.63915302065655,2000-06-24,1,0,0.0,150.0,,Pastick,3.0,0.0,N,,,,,,
63.376381070682704,-149.63638235926197,2000-06-24,1,0,0.0,150.0,,Pastick,4.0,0.0,N,,,,,,
63.37604155386752,-149.63336932643767,2000-06-24,1,0,0.0,150.0,,Pastick,5.0,0.0,N,,,,,,
63.37468155691982,-149.62676093663288,2000-06-24,1,0,0.0,150.0,,Pastick,1.0,2.0,N,,,,,,
63.37355557575155,-149.6303600490059,2000-06-24,1,0,0.0,100.0,,Pastick,2.0,0.0,N,,,,,,
63.371379166894144,-149.63928519544064,2000-06-24,1,0,0.0,150.0,,Pastick,3.0,2.0,N,,,,,,
63.36962465229556,-149.64334586069376,2000-06-24,1,0,0.0,150.0,,Pastick,1.0,3.0,N,,,,,,
63.3341253011438,-149.88020325564872,2000-06-25,1,0,0.0,33.0,,Pastick,1.0,0.0,Y,,,,,,
63.33278973863444,-149.8782909747468,2000-06-25,1,0,0.0,150.0,,Pastick,2.0,3.0,N,,,,,,
63.32907438709804,-149.87324370019056,2000-06-25,1,0,0.0,84.0,,Pastick,1.0,3.0,Y,,,,,,
63.32836285391315,-149.86709821043732,2000-06-25,1,0,0.0,58.0,,Pastick,2.0,4.0,Y,,,,,,
63.32430021930068,-149.86277789124722,2000-06-25,1,0,0.0,150.0,,Pastick,2.0,3.0,N,,,,,,
63.32061430552734,-149.86295093749922,2000-06-25,1,0,0.0,100.0,,Pastick,1.0,3.0,N,,,,,,
63.31916049116639,-149.86378525089012,2000-06-25,1,0,0.0,100.0,,Pastick,2.0,1.0,N,,,,,,
63.317737067491215,-149.87203304205244,2000-06-25,1,0,0.0,100.0,,Pastick,3.0,2.0,N,,,,,,
63.25138373173979,-149.82388475539958,2000-06-26,1,0,0.0,54.0,,Pastick,1.0,0.0,Y,,,,,,
63.251566897445045,-149.8268719716615,2000-06-26,1,0,0.0,100.0,,Pastick,2.0,0.0,N,,,,,,
63.25248215483593,-149.82917363492433,2000-06-26,1,0,0.0,100.0,,Pastick,3.0,4.0,N,,,,,,
63.25562109110157,-149.83211195364322,2000-06-26,1,0,0.0,88.0,,Pastick,4.0,17.0,Y,,,,,,
63.2567833846079,-149.83192692749753,2000-06-26,1,0,0.0,100.0,,Pastick,1.0,7.0,N,,,,,,
63.25921416295346,-149.8334410061756,2000-06-26,1,0,0.0,150.0,,Pastick,2.0,5.0,N,,,,,,
63.26076324415232,-149.83277565488737,2000-06-26,1,0,0.0,150.0,,Pastick,2.0,4.0,N,,,,,,
63.261297980262206,-149.83027641576885,2000-06-26,1,0,0.0,100.0,,Pastick,3.0,5.0,N,,,,,,
63.26413734372304,-149.82750433702282,2000-06-26,1,0,0.0,150.0,,Pastick,2.0,0.0,N,,,,,,
63.261271663477096,-149.40502397303516,2000-07-10,1,0,0.0,100.0,,Pastick,1.0,3.0,N,,,,,,
63.26311687507138,-149.40954277979034,2000-07-10,1,0,0.0,100.0,,Pastick,2.0,8.0,N,,,,,,
63.26708170813486,-149.41455831217633,2000-07-10,1,0,0.0,100.0,,Pastick,3.0,3.0,N,,,,,,
63.27175067404214,-149.4209302430705,2000-07-10,1,0,0.0,100.0,,Pastick,4.0,3.0,N,,,,,,
63.27212483883289,-149.4242714311258,2000-07-10,1,0,0.0,100.0,,Pastick,5.0,2.0,N,,,,,,
63.28840406954857,-149.44690584987765,2000-07-10,1,0,0.0,100.0,,Pastick,3.0,2.0,N,,,,,,
63.25776080928842,-149.38312923902888,2000-07-11,1,0,0.0,150.0,,Pastick,1.0,13.0,N,,,,,,
63.31201282531133,-149.2767254405295,2000-07-11,1,0,0.0,100.0,,Pastick,3.0,16.0,N,,,,,,
63.460379526352455,-148.8393593025458,2000-07-11,1,0,0.0,100.0,,Pastick,1.0,11.0,N,,,,,,
63.4907967231109,-148.84063188373278,2000-07-11,1,0,0.0,100.0,,Pastick,1.0,3.0,N,,,,,,
63.48902124561602,-148.84256633877035,2000-07-11,1,0,0.0,100.0,,Pastick,2.0,5.0,N,,,,,,
63.49150178356672,-148.83676030791548,2000-07-11,1,0,0.0,150.0,,Pastick,1.0,8.0,N,,,,,,
63.357761895960095,-149.78906105144802,2000-07-12,1,0,0.0,150.0,,Pastick,1.0,8.0,N,,,,,,
63.35696059546952,-149.78824331372192,2000-07-12,1,0,0.0,100.0,,Pastick,2.0,2.0,N,,,,,,
63.35521218800824,-149.78809382847595,2000-07-12,1,0,0.0,100.0,,Pastick,3.0,2.0,N,,,,,,
63.346904991063255,-149.79724585996615,2000-07-12,1,0,0.0,122.0,,Pastick,1.0,6.0,Y,,,,,,
63.348429259637456,-149.80149304353918,2000-07-12,1,0,0.0,150.0,,Pastick,2.0,1.0,N,,,,,,
63.348851011581445,-149.8042534869285,2000-07-12,1,0,0.0,100.0,,Pastick,1.0,4.0,N,,,,,,
63.34969224577672,-149.8030357408046,2000-07-12,1,0,0.0,100.0,,Pastick,2.0,4.0,N,,,,,,
63.35104632884818,-149.80222781647012,2000-07-12,1,0,0.0,150.0,,Pastick,3.0,5.0,N,,,,,,
63.28819622229309,-149.62157712420492,2000-07-13,1,0,0.0,72.0,,Pastick,1.0,0.0,Y,,,,,,
63.28917594473904,-149.6171369953361,2000-07-13,1,0,0.0,150.0,,Pastick,2.0,2.0,N,,,,,,
63.28647725422495,-149.60514148378414,2000-07-13,1,0,0.0,100.0,,Pastick,3.0,0.0,N,,,,,,
63.286548403059136,-149.5992825331127,2000-07-13,1,0,0.0,150.0,,Pastick,1.0,4.0,N,,,,,,
63.28616894973706,-149.5791588312838,2000-07-13,1,0,0.0,100.0,,Pastick,3.0,13.0,N,,,,,,
63.28586936115418,-149.57189037136428,2000-07-13,1,0,0.0,100.0,,Pastick,4.0,6.0,N,,,,,,
63.24136469057213,-149.75776460892052,2000-07-14,1,0,0.0,73.0,,Pastick,1.0,5.0,Y,,,,,,
63.24119925663214,-149.75517908957468,2000-07-14,1,0,0.0,127.0,,Pastick,2.0,4.0,Y,,,,,,
63.24120430528865,-149.74888472397862,2000-07-14,1,0,0.0,46.0,,Pastick,3.0,3.0,Y,,,,,,
63.24285874704741,-149.73854344903214,2000-07-14,1,0,0.0,48.0,,Pastick,3.0,7.0,Y,,,,,,
63.248081498353166,-149.70968902484395,2000-07-14,1,0,0.0,29.0,,Pastick,3.0,4.0,Y,,,,,,
63.24981105965421,-149.69996797148693,2000-07-14,1,0,0.0,150.0,,Pastick,1.0,4.0,N,,,,,,
63.24986819365163,-149.69126572677925,2000-07-14,1,0,0.0,100.0,,Pastick,2.0,0.0,N,,,,,,
63.17450963384463,-149.91549432794238,2000-07-16,1,0,0.0,100.0,,Pastick,1.0,6.0,N,,,,,,
63.16370661722181,-149.91975300679235,2000-07-16,1,0,0.0,100.0,,Pastick,1.0,4.0,N,,,,,,
63.16289750522874,-149.9171681491253,2000-07-16,1,0,0.0,100.0,,Pastick,2.0,7.0,N,,,,,,
63.40733421885689,-149.27955500111744,2000-07-17,1,0,0.0,150.0,,Pastick,1.0,9.0,N,,,,,,
63.3941646740831,-149.44443875993372,2000-07-17,1,0,0.0,150.0,,Pastick,1.0,3.0,N,,,,,,
63.39565250212375,-149.44250286986104,2000-07-17,1,0,0.0,150.0,,Pastick,2.0,2.0,N,,,,,,
63.364793233514895,-149.74745008061032,2000-07-17,1,0,0.0,150.0,,Pastick,1.0,2.0,N,,,,,,
63.27017707308448,-149.81142510955132,2000-07-17,1,0,0.0,150.0,,Pastick,1.0,1.0,N,,,,,,
63.21700284652828,-149.39539452626855,2002-07-22,1,0,0.0,150.0,,Pastick,1.0,120.0,N,,,,,,
63.21600615330604,-149.395391640875,2002-07-22,1,0,0.0,150.0,,Pastick,2.0,4.0,N,,,,,,
63.31999742826673,-149.47225683129955,2002-07-22,1,0,0.0,150.0,,Pastick,3.0,4.0,N,,,,,,
63.32351147936821,-149.46378953553804,2002-07-22,1,0,0.0,150.0,,Pastick,1.0,97.0,N,,,,,,
63.32534401884842,-149.45959153975824,2002-07-22,1,0,0.0,150.0,,Pastick,2.0,22.0,N,,,,,,
63.32756072236182,-149.44871340207155,2002-07-22,1,0,0.0,150.0,,Pastick,3.0,7.0,N,,,,,,
63.77209902100658,-149.1991361557014,2002-07-31,1,0,0.0,100.0,,Pastick,1.0,2.0,N,,,,,,
63.77052722234339,-149.20152949143653,2002-07-31,1,0,0.0,85.0,,Pastick,1.0,0.0,Y,,,,,,
63.616122739344334,-149.15791311870169,2002-08-01,1,0,0.0,58.0,,Pastick,1.0,10.0,Y,,,,,,
63.61606251692352,-149.1690665461453,2002-08-01,1,0,0.0,41.0,,Pastick,2.0,15.0,Y,,,,,,
63.62215775919381,-149.17389065881434,2002-08-01,1,0,0.0,114.0,,Pastick,3.0,0.0,Y,,,,,,
63.63497501713403,-149.16164604681774,2002-08-01,1,0,0.0,85.0,,Pastick,3.0,8.0,Y,,,,,,
63.63330213684273,-149.16303303335013,2002-08-01,1,1,96.0,96.0,,Pastick,1.0,14.0,N,,,,,,
63.63403458194458,-149.1614937656343,2002-08-01,1,1,127.0,127.0,,Pastick,2.0,5.0,N,,,,,,
63.79388226380369,-149.23003141988198,2002-08-02,1,1,38.0,54.0,,Pastick,2.0,21.0,N,,,,,,
63.79166972076396,-149.22853690621176,2002-08-02,1,0,0.0,150.0,,Pastick,3.0,0.0,N,,,,,,
63.79635068541616,-149.2583715514855,2002-08-02,1,1,106.0,106.0,,Pastick,4.0,20.0,N,,,,,,
63.804434628621664,-149.47560218915666,2002-08-02,1,0,0.0,150.0,,Pastick,1.0,0.0,N,,,,,,
63.7872849189762,-149.51449984162014,2002-08-03,1,0,0.0,150.0,,Pastick,1.0,17.0,N,,,,,,
63.78388304435103,-149.5272701802671,2002-08-03,1,0,0.0,100.0,,Pastick,2.0,5.0,N,,,,,,
63.78670800630211,-149.51771710535982,2002-08-03,1,1,41.0,58.0,,Pastick,1.0,20.0,N,,,,,,
63.78612238077476,-149.5260495295509,2002-08-03,1,0,0.0,150.0,,Pastick,2.0,7.0,N,,,,,,
63.782036391619634,-149.53323517127544,2002-08-03,1,0,0.0,150.0,,Pastick,3.0,0.0,N,,,,,,
63.77911684853773,-149.53892025081,2002-08-03,1,0,0.0,150.0,,Pastick,4.0,21.0,N,,,,,,
63.58120045516828,-149.50070543958654,2002-08-04,1,0,0.0,83.0,,Pastick,1.0,0.0,Y,,,,,,
63.58054091334572,-149.50248164237487,2002-08-04,1,0,0.0,64.0,,Pastick,1.0,3.0,Y,,,,,,
63.58009121544891,-149.5204806349263,2002-08-04,1,0,0.0,150.0,,Pastick,1.0,7.0,N,,,,,,
63.581407387411886,-149.52835707965147,2002-08-04,1,0,0.0,100.0,,Pastick,2.0,0.0,N,,,,,,
63.58361286583074,-149.53619252878082,2002-08-04,1,0,0.0,150.0,,Pastick,1.0,18.0,N,,,,,,
63.58639026778056,-149.53095651461632,2002-08-04,1,0,0.0,150.0,,Pastick,2.0,22.0,N,,,,,,
63.974870792848094,-149.61824271390628,2002-08-05,1,0,0.0,65.0,,Pastick,1.0,3.0,Y,,,,,,
63.97712119785558,-149.6263844243516,2002-08-05,1,0,0.0,57.0,,Pastick,4.0,4.0,Y,,,,,,
63.97763881422478,-149.63003073190364,2002-08-05,1,0,0.0,57.0,,Pastick,1.0,0.0,Y,,,,,,
63.981766320752506,-149.6430535199213,2002-08-05,1,1,64.0,64.0,,Pastick,1.0,18.0,N,,,,,,
63.93287153325277,-149.2180369323145,2002-08-06,1,0,0.0,150.0,,Pastick,1.0,0.0,N,,,,,,
63.93265319028357,-149.22583482985343,2002-08-06,1,0,0.0,150.0,,Pastick,2.0,18.0,N,,,,,,
63.933614505201874,-149.23454280659405,2002-08-06,1,1,83.0,83.0,,Pastick,3.0,5.0,N,,,,,,
63.93648687588822,-149.23691450243828,2002-08-06,1,1,40.0,40.0,,Pastick,4.0,14.0,N,,,,,,
63.93050229430368,-149.22382784751076,2002-08-06,1,1,38.0,38.0,,Pastick,1.0,31.0,N,,,,,,
63.929318188429,-149.2243460678571,2002-08-06,1,0,0.0,150.0,,Pastick,2.0,8.0,N,,,,,,
63.93208315303709,-149.21440377916082,2002-08-06,1,1,37.0,37.0,,Pastick,1.0,37.0,N,,,,,,
63.93184510137786,-149.23342243512565,2002-08-06,1,1,62.0,62.0,,Pastick,2.0,62.0,N,,,,,,
63.70711251246709,-149.25609333591314,2002-08-07,1,0,0.0,150.0,,Pastick,1.0,3.0,N,,,,,,
63.71210093049414,-149.1959142904985,2002-08-07,1,1,41.0,60.0,,Pastick,1.0,14.0,N,,,,,,
63.71500990667485,-149.1965042940942,2002-08-07,1,0,0.0,100.0,,Pastick,2.0,7.0,N,,,,,,
63.71633032755441,-149.19646496179698,2002-08-07,1,0,0.0,150.0,,Pastick,3.0,7.0,N,,,,,,
63.52349496607472,-149.12410331776823,2002-08-14,1,0,0.0,150.0,,Pastick,1.0,1.0,N,,,,,,
63.52444406607,-149.1194274420459,2002-08-14,1,0,0.0,150.0,,Pastick,2.0,2.0,N,,,,,,
63.52741955794711,-149.10516608631465,2002-08-14,1,1,93.0,93.0,,Pastick,1.0,6.0,N,,,,,,
63.52806464133884,-149.10342344722082,2002-08-14,1,0,0.0,150.0,,Pastick,2.0,8.0,N,,,,,,
63.531079760594736,-149.1016942448405,2002-08-14,1,0,0.0,100.0,,Pastick,3.0,16.0,N,,,,,,
63.5362358296117,-149.10090686661087,2002-08-14,1,0,0.0,150.0,,Pastick,1.0,5.0,N,,,,,,
63.588962208022274,-148.95621834091543,2002-08-16,1,0,0.0,54.0,,Pastick,1.0,6.0,Y,,,,,,
63.598037885267296,-148.87139304161477,2002-08-16,1,0,0.0,100.0,,Pastick,3.0,26.0,N,,,,,,
63.58596354080371,-148.89939956840632,2002-08-15,1,1,48.0,48.0,,Pastick,1.0,35.0,N,,,,,,
63.58728521781602,-148.90331711731983,2002-08-16,1,0,0.0,150.0,,Pastick,1.0,7.0,N,,,,,,
63.66574601112233,-148.8644162336033,2002-08-16,1,0,0.0,78.0,,Pastick,1.0,8.0,Y,,,,,,
63.8856551616578,-149.9447715900901,2002-08-17,1,1,46.0,46.0,,Pastick,1.0,38.0,N,,,,,,
63.88487770951217,-149.94766523767402,2002-08-17,1,0,0.0,150.0,,Pastick,1.0,15.0,N,,,,,,
63.90416768837504,-149.98588579241877,2002-08-17,1,0,0.0,58.0,,Pastick,2.0,3.0,Y,,,,,,
63.90543141959578,-149.9803509779164,2002-08-17,1,0,0.0,67.0,,Pastick,3.0,4.0,Y,,,,,,
63.88476337558408,-149.82879517811563,2002-08-17,1,1,62.0,62.0,,Pastick,1.0,23.0,N,,,,,,
63.88667917958135,-149.82589065534003,2002-08-17,1,0,0.0,150.0,,Pastick,1.0,0.0,N,,,,,,
63.87627133276006,-149.80647075236126,2002-08-17,1,0,0.0,150.0,,Pastick,2.0,0.0,N,,,,,,
63.96573083782243,-149.83174068357178,2002-08-18,1,1,51.0,51.0,,Pastick,1.0,17.0,N,,,,,,
63.51041020439478,-149.33214265692126,2002-08-20,1,0,0.0,150.0,,Pastick,1.0,3.0,N,,,,,,
63.50945230378526,-149.33306964882948,2002-08-20,1,0,0.0,150.0,,Pastick,2.0,4.0,N,,,,,,
63.456086161355394,-148.84927519969645,2002-08-21,1,1,56.0,56.0,,Pastick,1.0,22.0,N,,,,,,
63.77315850455642,-149.42864469848553,2002-08-28,1,1,56.0,56.0,,Pastick,1.0,23.0,N,,,,,,
63.77247608983544,-149.42704389899993,2002-08-28,1,0,0.0,150.0,,Pastick,2.0,7.0,N,,,,,,
63.7646028410422,-149.43813323893087,2002-08-28,1,0,0.0,56.0,,Pastick,1.0,1.0,Y,,,,,,
63.76380622281548,-149.43532603099877,2002-08-28,1,0,0.0,49.0,,Pastick,2.0,2.0,Y,,,,,,
63.501436580071584,-149.2612506962662,2002-09-04,1,0,0.0,150.0,,Pastick,1.0,4.0,N,,,,,,
63.74768775945192,-149.500922164728,2002-09-04,1,0,0.0,150.0,,Pastick,1.0,0.0,N,,,,,,
63.52504768042931,-149.2745043868288,1997-07-14,1,0,0.0,150.0,,Pastick,1.0,3.0,N,,,,,,
63.52355736035429,-149.27788531746546,1997-07-14,1,0,0.0,150.0,,Pastick,1.0,2.0,N,,,,,,
63.52228252500472,-149.28238926706172,1997-07-14,1,0,0.0,150.0,,Pastick,2.0,2.0,N,,,,,,
63.52003069007097,-149.28902674505468,1997-07-14,1,0,0.0,150.0,,Pastick,3.0,96.0,N,,,,,,
63.51853659762903,-149.29598551448174,1997-07-14,1,0,0.0,150.0,,Pastick,1.0,5.0,N,,,,,,
63.517420799076525,-149.30898656925316,1997-07-14,1,0,0.0,150.0,,Pastick,5.0,2.0,N,,,,,,
63.50885469255061,-149.37652391001706,1997-07-15,1,0,0.0,150.0,,Pastick,1.0,0.0,N,,,,,,
63.50708432090392,-149.37390414764909,1997-07-15,1,0,0.0,150.0,,Pastick,2.0,5.0,N,,,,,,
63.506013653425285,-149.37132266626196,1997-07-15,1,1,110.0,110.0,,Pastick,3.0,5.0,N,,,,,,
63.50551594217197,-149.36177368183712,1997-07-15,1,0,0.0,150.0,,Pastick,4.0,2.0,N,,,,,,
63.50335095977461,-149.3541982836122,1997-07-15,1,0,0.0,150.0,,Pastick,1.0,3.0,N,,,,,,
63.50198619522296,-149.35310107551888,1997-07-15,1,0,0.0,150.0,,Pastick,3.0,3.0,N,,,,,,
63.50650379681006,-149.27013405876755,1997-07-15,1,0,0.0,80.0,,Pastick,1.0,2.0,N,,,,,,
63.50779812232184,-149.26834731677795,1997-07-15,1,0,0.0,110.0,,Pastick,2.0,3.0,N,,,,,,
63.731862417092,-149.33746848165782,1997-07-16,1,0,0.0,150.0,,Pastick,1.0,8.0,N,,,,,,
63.7341287466722,-149.3361359820429,1997-07-16,1,0,0.0,100.0,,Pastick,2.0,8.0,N,,,,,,
63.73789334849206,-149.32710444943447,1997-07-16,1,0,0.0,71.0,,Pastick,3.0,2.0,Y,,,,,,
63.73637960326559,-149.32576408557065,1997-07-16,1,0,0.0,150.0,,Pastick,4.0,10.0,N,,,,,,
63.73305794284116,-149.33904636559717,1997-07-16,1,0,0.0,150.0,,Pastick,5.0,5.0,N,,,,,,
63.50418412991277,-149.74801682123356,1997-07-17,1,1,89.0,105.0,,Pastick,2.0,15.0,N,,,,,,
63.510818809190525,-149.76399756630167,1997-07-17,1,1,80.0,100.0,,Pastick,4.0,15.0,N,,,,,,
63.51221907343336,-149.76682769552198,1997-07-17,1,1,112.0,125.0,,Pastick,5.0,8.0,N,,,,,,
63.51516742609603,-149.77087412368093,1997-07-17,1,0,0.0,110.0,,Pastick,6.0,6.0,N,,,,,,
63.517052149878666,-149.7778953275564,1997-07-17,1,1,65.0,88.0,,Pastick,1.0,5.0,N,,,,,,
63.52416908793061,-149.78739937536278,1997-07-17,1,1,30.0,39.0,,Pastick,2.0,30.0,N,,,,,,
63.52744729483639,-149.7846209321893,1997-07-17,1,1,43.0,43.0,,Pastick,3.0,23.0,N,,,,,,
63.51871159829837,-149.78632361997853,1997-07-17,1,0,0.0,150.0,,Pastick,2.0,2.0,N,,,,,,
63.75432508535852,-149.4262154816204,1997-07-19,1,0,0.0,89.0,,Pastick,1.0,0.0,Y,,,,,,
63.75760241212293,-149.42728772596843,1997-07-19,1,0,0.0,100.0,,Pastick,2.0,0.0,N,,,,,,
63.75935249439394,-149.42893886932185,1997-07-19,1,1,89.0,100.0,,Pastick,3.0,7.0,N,,,,,,
63.76125845520039,-149.42879843067828,1997-07-19,1,0,0.0,90.0,,Pastick,1.0,0.0,Y,,,,,,
63.76485160571856,-149.42604413759437,1997-07-19,1,0,0.0,68.0,,Pastick,2.0,6.0,Y,,,,,,
63.773286469129545,-149.41781994271565,1997-07-19,1,0,0.0,100.0,,Pastick,1.0,8.0,N,,,,,,
63.61141722188659,-149.26242220091257,1997-07-20,1,0,0.0,70.0,,Pastick,2.0,8.0,Y,,,,,,
63.61066924583508,-149.25746039799233,1997-07-20,1,0,0.0,91.0,,Pastick,3.0,9.0,Y,,,,,,
63.61195307767947,-149.24658705607507,1997-07-20,1,0,0.0,100.0,,Pastick,2.0,8.0,N,,,,,,
63.613336177609725,-149.24369006396208,1997-07-20,1,0,0.0,150.0,,Pastick,3.0,4.0,N,,,,,,
63.61546935693874,-149.2410536557688,1997-07-20,1,0,0.0,150.0,,Pastick,4.0,8.0,N,,,,,,
63.61581200356916,-149.2357739306005,1997-07-20,1,0,0.0,150.0,,Pastick,5.0,2.0,N,,,,,,
63.58135476222817,-148.99946439604437,1997-07-23,1,0,0.0,110.0,,Pastick,1.0,2.0,N,,,,,,
63.58023053742342,-149.0002519780812,1997-07-23,1,0,0.0,92.0,,Pastick,2.0,0.0,Y,,,,,,
63.57868254002148,-148.99923658631124,1997-07-23,1,0,0.0,113.0,,Pastick,3.0,0.0,Y,,,,,,
63.575764787168325,-148.99794393662913,1997-07-23,1,0,0.0,120.0,,Pastick,4.0,7.0,N,,,,,,
63.57505201846096,-149.0001302729957,1997-07-23,1,0,0.0,150.0,,Pastick,1.0,8.0,N,,,,,,
63.57445667740921,-148.9958174414249,1997-07-23,1,0,0.0,80.0,,Pastick,2.0,8.0,N,,,,,,
63.57257005783536,-148.9946176433631,1997-07-23,1,0,0.0,150.0,,Pastick,3.0,7.0,N,,,,,,
63.68376054586546,-149.2996839763587,1997-07-24,1,1,38.0,48.0,,Pastick,1.0,32.0,N,,,,,,
63.6838477594988,-149.2959086848622,1997-07-24,1,1,32.0,41.0,,Pastick,2.0,29.0,N,,,,,,
63.6838862181832,-149.2918058113155,1997-07-24,1,0,0.0,120.0,,Pastick,3.0,7.0,N,,,,,,
63.68378665017773,-149.28281723901793,1997-07-24,1,0,0.0,150.0,,Pastick,6.0,2.0,N,,,,,,
63.683889772065534,-149.28027700907043,1997-07-24,1,0,0.0,100.0,,Pastick,7.0,0.0,N,,,,,,
63.6844950327584,-149.27834344530305,1997-07-24,1,0,0.0,100.0,,Pastick,1.0,7.0,N,,,,,,
63.685196627133,-149.27542639523583,1997-07-24,1,1,81.0,81.0,,Pastick,2.0,9.0,N,,,,,,
63.686047098703845,-149.27274364241026,1997-07-24,1,0,0.0,100.0,,Pastick,3.0,2.0,N,,,,,,
63.68784666240158,-149.2730699447261,1997-07-24,1,0,0.0,100.0,,Pastick,4.0,0.0,N,,,,,,
63.62041279366218,-149.91524660704917,1997-07-25,1,0,0.0,110.0,,Pastick,3.0,4.0,N,,,,,,
63.61981444484865,-149.91330786388815,1997-07-25,1,0,0.0,100.0,,Pastick,4.0,12.0,N,,,,,,
63.61828669452457,-149.91290909163712,1997-07-25,1,0,0.0,150.0,,Pastick,5.0,3.0,N,,,,,,
63.61558537003718,-149.90837355966272,1997-07-25,1,1,38.0,56.0,,Pastick,2.0,10.0,N,,,,,,
63.61394600566351,-149.9059454328268,1997-07-25,1,0,0.0,150.0,,Pastick,3.0,7.0,N,,,,,,
63.612498881560086,-149.90244740872407,1997-07-25,1,1,97.0,97.0,,Pastick,4.0,15.0,N,,,,,,
63.611918806066384,-149.89469917433692,1997-07-25,1,0,0.0,100.0,,Pastick,5.0,4.0,N,,,,,,
63.61203008123461,-149.89051280832945,1997-07-25,1,0,0.0,150.0,,Pastick,1.0,5.0,N,,,,,,
63.61279270741215,-149.88653379600137,1997-07-25,1,0,0.0,150.0,,Pastick,2.0,0.0,N,,,,,,
63.691606912177306,-149.39122504890832,1997-07-26,1,1,41.0,41.0,,Pastick,1.0,9.0,N,,,,,,
63.6901599435068,-149.39939808398162,1997-07-26,1,0,0.0,120.0,,Pastick,4.0,8.0,N,,,,,,
63.69154440703032,-149.40843800246418,1997-07-26,1,0,0.0,150.0,,Pastick,1.0,10.0,N,,,,,,
63.69218699579137,-149.41670740065734,1997-07-26,1,0,0.0,100.0,,Pastick,1.0,5.0,N,,,,,,
63.69102411018384,-149.41911712408637,1997-07-26,1,1,58.0,84.0,,Pastick,2.0,38.0,N,,,,,,
63.684100016217634,-149.43302980284864,1997-07-26,1,1,82.0,82.0,,Pastick,2.0,16.0,N,,,,,,
63.68078038869985,-149.43976329851324,1997-07-26,1,0,0.0,100.0,,Pastick,1.0,9.0,N,,,,,,
63.62582503887505,-149.47085719378018,1997-07-27,1,0,0.0,100.0,,Pastick,3.0,7.0,N,,,,,,
63.629320825760445,-149.46599260995276,1997-07-27,1,1,58.0,58.0,,Pastick,4.0,13.0,N,,,,,,
63.63013108206557,-149.4606318539397,1997-07-27,1,1,72.0,72.0,,Pastick,5.0,23.0,N,,,,,,
63.63178066079564,-149.44183565464735,1997-07-27,1,1,52.0,65.0,,Pastick,2.0,19.0,N,,,,,,
63.63554713979723,-149.44159387051494,1997-07-27,1,0,0.0,100.0,,Pastick,3.0,54.0,N,,,,,,
63.63627746673523,-149.43824384542933,1997-07-27,1,1,48.0,90.0,,Pastick,4.0,38.0,N,,,,,,
63.62915353006567,-149.44952403477555,1997-07-27,1,0,0.0,150.0,,Pastick,1.0,5.0,N,,,,,,
63.63006194732744,-149.44574610708068,1997-07-27,1,0,0.0,150.0,,Pastick,2.0,10.0,N,,,,,,
63.63701792761224,-149.42685716032983,1997-07-27,1,0,0.0,100.0,,Pastick,3.0,0.0,N,,,,,,
63.56135239756157,-149.30579672859176,1997-07-28,1,0,0.0,150.0,,Pastick,3.0,1.0,N,,,,,,
63.56525939520928,-149.3051660400304,1997-07-28,1,0,0.0,150.0,,Pastick,3.0,0.0,N,,,,,,
63.56570364319631,-149.326593638677,1997-07-28,1,1,82.0,82.0,,Pastick,4.0,16.0,N,,,,,,
63.56624702462636,-149.3483525633561,1997-07-28,1,0,0.0,150.0,,Pastick,3.0,4.0,N,,,,,,
63.56364215279074,-149.34731218568908,1997-07-28,1,1,29.0,61.0,,Pastick,4.0,20.0,N,,,,,,
63.645376788377135,-149.0180055154135,1997-07-30,1,0,0.0,120.0,,Pastick,3.0,8.0,N,,,,,,
63.64423622065837,-149.0167531337561,1997-07-30,1,0,0.0,81.0,,Pastick,4.0,5.0,Y,,,,,,
63.64237501816503,-149.01567188069606,1997-07-30,1,0,0.0,150.0,,Pastick,1.0,10.0,N,,,,,,
63.64190618431287,-149.0126094642571,1997-07-30,1,0,0.0,150.0,,Pastick,2.0,9.0,N,,,,,,
63.64104099941522,-149.01220489326653,1997-07-30,1,0,0.0,120.0,,Pastick,3.0,11.0,N,,,,,,
63.63822325592536,-149.00633150966158,1997-07-30,1,0,0.0,150.0,,Pastick,1.0,22.0,N,,,,,,
63.63817851729715,-149.00438994993544,1997-07-30,1,0,0.0,100.0,,Pastick,2.0,2.0,N,,,,,,
63.78378261603733,-149.6868877624009,1997-08-08,1,0,0.0,100.0,,Pastick,1.0,0.0,N,,,,,,
63.78399557055492,-149.68461391568397,1997-08-08,1,1,91.0,91.0,,Pastick,2.0,8.0,N,,,,,,
63.78249749397152,-149.70280318143307,1997-08-08,1,0,0.0,100.0,,Pastick,2.0,5.0,N,,,,,,
63.7811032182172,-149.70723720752056,1997-08-08,1,0,0.0,110.0,,Pastick,3.0,18.0,N,,,,,,
63.78123142478293,-149.7133192531557,1997-08-08,1,0,0.0,100.0,,Pastick,4.0,3.0,N,,,,,,
63.78010729152255,-149.71674331852745,1997-08-08,1,1,40.0,48.0,,Pastick,1.0,24.0,N,,,,,,
63.77590705460209,-149.75918540402984,1997-08-09,1,0,0.0,150.0,,Pastick,1.0,2.0,N,,,,,,
63.77556814916381,-149.75718351982934,1997-08-09,1,1,54.0,88.0,,Pastick,2.0,20.0,N,,,,,,
63.77439438892323,-149.75234001883769,1997-08-09,1,0,0.0,150.0,,Pastick,3.0,5.0,N,,,,,,
63.77921821616213,-149.74850683104052,1997-08-09,1,1,43.0,52.0,,Pastick,4.0,43.0,N,,,,,,
63.78126647961162,-149.74375290046166,1997-08-09,1,0,0.0,150.0,,Pastick,1.0,4.0,N,,,,,,
63.78285160385186,-149.74067899839164,1997-08-09,1,0,0.0,150.0,,Pastick,1.0,0.0,N,,,,,,
63.78336124336378,-149.7370132117922,1997-08-09,1,1,27.0,51.0,,Pastick,3.0,27.0,N,,,,,,
63.73267833432192,-148.91051530580935,1997-08-10,1,1,86.0,116.0,,Pastick,1.0,12.0,N,,,,,,
63.97707635109949,-149.24919061899982,1997-08-10,1,0,0.0,110.0,,Pastick,3.0,1.0,N,,,,,,
63.973838856355165,-149.2748631686988,1997-08-10,1,0,0.0,150.0,,Pastick,4.0,11.0,N,,,,,,
63.97331044132499,-149.27764029682106,1997-08-10,1,1,53.0,70.0,,Pastick,5.0,26.0,N,,,,,,
63.972452444721725,-149.2865208782089,1997-08-10,1,0,0.0,150.0,,Pastick,6.0,22.0,N,,,,,,
63.97030080069913,-149.2993815503238,1997-08-10,1,1,71.0,71.0,,Pastick,7.0,17.0,N,,,,,,
63.97186620428406,-149.23775825232516,1997-08-10,1,0,0.0,120.0,,Pastick,1.0,7.0,N,,,,,,
63.97470258920055,-149.2412955656639,1997-08-10,1,0,0.0,150.0,,Pastick,4.0,18.0,N,,,,,,
63.976209743007765,-149.2402104378891,1997-08-10,1,0,0.0,150.0,,Pastick,5.0,8.0,N,,,,,,
63.977304193428175,-149.24084983853135,1997-08-10,1,0,0.0,100.0,,Pastick,6.0,4.0,N,,,,,,
63.97232102096176,-149.3140561306694,1997-08-11,1,0,0.0,150.0,,Pastick,1.0,1.0,N,,,,,,
63.973279668163286,-149.3192442480494,1997-08-11,1,0,0.0,150.0,,Pastick,2.0,5.0,N,,,,,,
63.95802859047271,-149.4595887931844,1997-08-12,1,0,0.0,150.0,,Pastick,3.0,14.0,N,,,,,,
63.95728455843253,-149.46268938154665,1997-08-12,1,0,0.0,100.0,,Pastick,1.0,0.0,N,,,,,,
63.95726812651834,-149.46524108953517,1997-08-12,1,0,0.0,150.0,,Pastick,2.0,3.0,N,,,,,,
63.93019750169867,-149.64190705175633,1997-08-13,1,0,0.0,74.0,,Pastick,1.0,7.0,Y,,,,,,
63.92935669109704,-149.6417258232722,1997-08-13,1,0,0.0,100.0,,Pastick,2.0,3.0,N,,,,,,
63.927868525118974,-149.6410959395343,1997-08-13,1,0,0.0,150.0,,Pastick,1.0,6.0,N,,,,,,
63.92607231818559,-149.64160017160353,1997-08-13,1,0,0.0,150.0,,Pastick,2.0,4.0,N,,,,,,
63.92499387008594,-149.64066208346526,1997-08-13,1,0,0.0,50.0,,Pastick,3.0,5.0,N,,,,,,
63.923538903103605,-149.63968864333577,1997-08-13,1,0,0.0,100.0,,Pastick,4.0,10.0,N,,,,,,
63.920410744061655,-149.64035317039983,1997-08-13,1,1,85.0,85.0,,Pastick,5.0,18.0,N,,,,,,
63.91879027123096,-149.6390991583705,1997-08-13,1,1,90.0,100.0,,Pastick,6.0,10.0,N,,,,,,
63.98539509305494,-149.91444686526538,1997-08-21,1,0,0.0,150.0,,Pastick,3.0,5.0,N,,,,,,
63.98569572139862,-149.92004076197188,1997-08-21,1,1,61.0,61.0,,Pastick,1.0,20.0,N,,,,,,
63.98561758240021,-149.92970577660992,1997-08-21,1,1,55.0,68.0,,Pastick,2.0,46.0,N,,,,,,
63.98592951233259,-149.93648727439216,1997-08-21,1,1,52.0,52.0,,Pastick,3.0,28.0,N,,,,,,
63.98592664427221,-149.94194740793128,1997-08-21,1,0,0.0,100.0,,Pastick,1.0,8.0,N,,,,,,
63.983912241245655,-149.95400539033167,1997-08-21,1,1,68.0,68.0,,Pastick,1.0,51.0,N,,,,,,
63.712556621955606,-149.1699941441172,1997-08-22,1,0,0.0,150.0,,Pastick,1.0,2.0,N,,,,,,
63.71351893256136,-149.16988564890138,1997-08-22,1,0,0.0,100.0,,Pastick,2.0,3.0,N,,,,,,
63.72035026294175,-149.16876875513853,1997-08-22,1,0,0.0,100.0,,Pastick,1.0,5.0,N,,,,,,
63.72837929477989,-149.16920159740562,1997-08-22,1,0,0.0,145.0,,Pastick,4.0,4.0,N,,,,,,
63.72686141326271,-149.16983476147433,1997-08-22,1,1,110.0,120.0,,Pastick,5.0,18.0,N,,,,,,
63.96746270233617,-149.83273329572515,1997-08-22,1,1,51.0,51.0,,Pastick,1.0,18.0,N,,,,,,
63.96665122638093,-149.8292179863624,1997-08-22,1,1,61.0,61.0,,Pastick,2.0,61.0,N,,,,,,
63.96767732355362,-149.82633794283402,1997-08-22,1,1,48.0,48.0,,Pastick,3.0,0.0,N,,,,,,
63.96850043968268,-149.82419339468476,1997-08-22,1,1,70.0,70.0,,Pastick,4.0,19.0,N,,,,,,
63.96631984429904,-149.84843486525585,1997-08-22,1,1,48.0,61.0,,Pastick,5.0,22.0,N,,,,,,
63.9665453277041,-149.85888014147358,1997-08-22,1,1,71.0,71.0,,Pastick,6.0,17.0,N,,,,,,
63.96838313255186,-149.83893711649432,1997-08-22,1,1,49.0,49.0,,Pastick,1.0,21.0,N,,,,,,
63.96759864789952,-149.84368060749264,1997-08-22,1,0,0.0,100.0,,Pastick,1.0,0.0,N,,,,,,
63.966162171793776,-149.85508084888622,1997-08-22,1,0,0.0,100.0,,Pastick,2.0,4.0,N,,,,,,
63.96790418576978,-149.86692803352173,1997-08-22,1,1,42.0,60.0,,Pastick,1.0,20.0,N,,,,,,
63.968249322999256,-149.86945673358534,1997-08-22,1,1,69.0,74.0,,Pastick,2.0,42.0,N,,,,,,
63.972383502788574,-149.88514955956387,1997-08-22,1,1,61.0,61.0,,Pastick,3.0,54.0,N,,,,,,
63.644184874218176,-149.63290745534917,1997-08-24,1,0,0.0,150.0,,Pastick,3.0,0.0,N,,,,,,
63.64218853713862,-149.63207602368752,1997-08-24,1,0,0.0,120.0,,Pastick,1.0,5.0,N,,,,,,
63.64120665100027,-149.62929855048324,1997-08-24,1,1,120.0,120.0,,Pastick,2.0,22.0,N,,,,,,
63.64187742975912,-149.61911941083687,1997-08-24,1,0,0.0,100.0,,Pastick,3.0,0.0,N,,,,,,
63.64221493978316,-149.61981712403582,1997-08-24,1,0,0.0,150.0,,Pastick,4.0,1.0,N,,,,,,
63.69526564261464,-148.97271535486007,1997-08-25,1,0,0.0,120.0,,Pastick,1.0,6.0,N,,,,,,
63.70664920260069,-148.95824675877557,1997-08-25,1,0,0.0,150.0,,Pastick,2.0,10.0,N,,,,,,
63.70025126167896,-148.97445861203835,1997-08-25,1,1,60.0,60.0,,Pastick,3.0,47.0,N,,,,,,
63.70645875836705,-148.9702359299154,1997-08-25,1,1,93.0,93.0,,Pastick,4.0,15.0,N,,,,,,
63.70549825138541,-148.9754718683901,1997-08-25,1,0,0.0,150.0,,Pastick,1.0,18.0,N,,,,,,
63.678554987455215,-148.82603254628833,1997-08-26,1,0,0.0,100.0,,Pastick,1.0,6.0,N,,,,,,
63.67874293198473,-148.81472187588986,1997-08-26,1,0,0.0,100.0,,Pastick,6.0,4.0,N,,,,,,
63.679040253147306,-148.80964560904354,1997-08-26,1,0,0.0,100.0,,Pastick,7.0,5.0,N,,,,,,
63.68000048682552,-148.80036521040094,1997-08-26,1,0,0.0,100.0,,Pastick,8.0,0.0,N,,,,,,
63.68244242965022,-148.78159271097235,1997-08-26,1,0,0.0,150.0,,Pastick,1.0,0.0,N,,,,,,
63.68304005153212,-148.78407711134324,1997-08-26,1,0,0.0,150.0,,Pastick,2.0,7.0,N,,,,,,
63.684061980707774,-148.78636589239568,1997-08-26,1,0,0.0,100.0,,Pastick,3.0,8.0,N,,,,,,
63.68430770162791,-148.7911539905075,1997-08-26,1,1,78.0,78.0,,Pastick,5.0,31.0,N,,,,,,
63.94909725740034,-149.50295176635072,1997-08-27,1,1,51.0,51.0,,Pastick,1.0,38.0,N,,,,,,
63.94965878962361,-149.49955093143382,1997-08-27,1,1,74.0,74.0,,Pastick,2.0,53.0,N,,,,,,
63.9519984305875,-149.4919585353433,1997-08-12,1,0,0.0,150.0,,Pastick,1.0,7.0,N,,,,,,
63.95745008609647,-149.4719566301623,1997-08-12,1,1,102.0,102.0,,Pastick,2.0,21.0,N,,,,,,
63.956544146884966,-149.47453192149743,1997-08-12,1,0,0.0,150.0,,Pastick,3.0,5.0,N,,,,,,
63.95598034571404,-149.4765245663837,1997-08-12,1,0,0.0,150.0,,Pastick,4.0,7.0,N,,,,,,
63.97566213591011,-149.9792822620307,1997-08-28,1,1,48.0,48.0,,Pastick,3.0,22.0,N,,,,,,
63.64412600084366,-149.57217766474338,1997-09-03,1,0,0.0,150.0,,Pastick,3.0,12.0,N,,,,,,
63.64387480509266,-149.57867971271696,1997-09-03,1,0,0.0,150.0,,Pastick,4.0,10.0,N,,,,,,
63.64364005469101,-149.58574877741205,1997-09-03,1,0,0.0,100.0,,Pastick,5.0,7.0,N,,,,,,
63.643046233498495,-149.5888055431569,1997-09-03,1,1,72.0,72.0,,Pastick,1.0,22.0,N,,,,,,
63.72694268445189,-149.33132928387934,1997-09-03,1,0,0.0,100.0,,Pastick,1.0,9.0,N,,,,,,
63.51851689021073,-149.9284553227555,1997-09-03,1,1,48.0,68.0,,Pastick,2.0,32.0,N,,,,,,
63.517018160522895,-149.92443967535888,1997-09-03,1,1,30.0,50.0,,Pastick,3.0,30.0,N,,,,,,
63.51334994764164,-149.9193378371413,1997-09-03,1,1,44.0,80.0,,Pastick,4.0,31.0,N,,,,,,
63.51020706333252,-149.92062541862302,1997-09-03,1,1,27.0,41.0,,Pastick,5.0,27.0,N,,,,,,
63.509874384024045,-149.90430294384274,1997-09-04,1,0,0.0,100.0,,Pastick,1.0,3.0,N,,,,,,
63.50990761262537,-149.89956056864483,1997-09-04,1,0,0.0,100.0,,Pastick,2.0,9.0,N,,,,,,
63.50368419184151,-149.9070513877597,1997-09-04,1,0,0.0,150.0,,Pastick,1.0,3.0,N,,,,,,
63.50352323908788,-149.9048033951278,1997-09-04,1,0,0.0,100.0,,Pastick,2.0,2.0,N,,,,,,
63.68201243713632,-148.84704297527455,1997-09-05,1,1,96.0,96.0,,Pastick,3.0,8.0,N,,,,,,
63.680623387798256,-148.85314009267907,1997-09-05,1,0,0.0,150.0,,Pastick,4.0,7.0,N,,,,,,
63.68026878727533,-148.85766655428455,1997-09-05,1,1,43.0,68.0,,Pastick,1.0,29.0,N,,,,,,
63.67956623401286,-148.8613208264328,1997-09-05,1,1,66.0,66.0,,Pastick,2.0,30.0,N,,,,,,
63.67888125295966,-148.867766388151,1997-09-05,1,0,0.0,100.0,,Pastick,1.0,9.0,N,,,,,,
63.67894900479308,-148.87084424452507,1997-09-05,1,0,0.0,100.0,,Pastick,2.0,5.0,N,,,,,,
63.67569018268773,-148.88734921409647,1997-09-05,1,0,0.0,100.0,,Pastick,3.0,19.0,N,,,,,,
63.6776724081952,-148.88062686361536,1997-09-05,1,0,0.0,100.0,,Pastick,4.0,4.0,N,,,,,,
63.75349079611373,-148.9518600198301,1997-09-08,1,0,0.0,86.0,,Pastick,1.0,0.0,Y,,,,,,
63.75267146832236,-148.9507087245209,1997-09-08,1,0,0.0,120.0,,Pastick,2.0,2.0,N,,,,,,
63.7528566442692,-148.9469709726881,1997-09-08,1,0,0.0,100.0,,Pastick,3.0,20.0,N,,,,,,
63.75081522517006,-148.9425733893663,1997-09-08,1,0,0.0,78.0,,Pastick,4.0,0.0,Y,,,,,,
63.7491969559958,-148.94274602442005,1997-09-08,1,0,0.0,125.0,,Pastick,5.0,21.0,N,,,,,,
63.746951275282754,-148.9388420486496,1997-09-08,1,0,0.0,100.0,,Pastick,6.0,17.0,N,,,,,,
63.74688091871469,-148.93672927611507,1997-09-08,1,0,57.0,57.0,,Pastick,7.0,21.0,Y,,,,,,
63.74415429464072,-148.92649029398754,1997-09-08,1,0,0.0,150.0,,Pastick,1.0,17.0,N,,,,,,
63.74401339515335,-148.92157618286723,1997-09-08,1,1,64.0,64.0,,Pastick,2.0,31.0,N,,,,,,
63.48084106152301,-149.55318862618006,1999-08-21,1,0,0.0,100.0,,Pastick,1.0,6.0,N,,,,,,
63.96325521282744,-145.52265250068112,2000-06-27,1,0,0.0,92.0,,Pastick,6.0,9.0,N,,,,,,
63.95997247697912,-145.5621946234952,2000-06-28,1,0,0.0,92.0,,Pastick,13.0,8.0,N,,,,,,
63.847191576564654,-145.69079248874033,2000-07-07,1,0,0.0,47.0,,Pastick,1.0,8.0,N,,,,,,
63.84625407132234,-145.69929598800914,2000-07-07,1,0,0.0,47.0,,Pastick,3.0,14.0,N,,,,,,
63.8471381357981,-145.70379030546377,2000-07-07,1,0,0.0,25.0,,Pastick,5.0,4.0,N,,,,,,
63.84383644428527,-145.7119743746025,2000-07-07,1,0,0.0,39.0,,Pastick,7.0,7.0,N,,,,,,
63.85168879445967,-145.72093103563813,2000-07-07,1,0,0.0,108.0,,Pastick,9.0,10.0,N,,,,,,
63.851610942927664,-145.72329402240126,2000-07-07,1,0,0.0,50.0,,Pastick,10.0,9.0,N,,,,,,
63.850334983412274,-145.67817833500646,2000-07-26,1,1,52.0,79.0,,Pastick,8.0,20.0,N,,,,,,
63.78885906377028,-145.8924450928038,2000-08-16,1,0,0.0,40.0,,Pastick,6.0,8.0,N,,,,,,
63.80753855465099,-145.87757788268848,2000-08-17,1,1,85.0,85.0,,Pastick,11.0,20.0,N,,,,,,
63.782644284932736,-145.9084335110136,2000-08-19,1,1,36.0,53.0,,Pastick,8.0,36.0,N,,,,,,
63.78449484383548,-145.86443197243707,2000-08-21,1,1,91.0,95.0,,Pastick,3.0,0.0,N,,,,,,
63.77594922786628,-145.87345737254097,2000-08-21,1,1,48.0,80.0,,Pastick,9.0,48.0,N,,,,,,
64.61697612825532,-146.70317578322852,2000-06-13,1,0,0.0,130.0,,Pastick,4.0,10.0,N,,,,,,
64.62650722825991,-146.70840500005707,2000-06-13,1,0,0.0,60.0,,Pastick,8.0,4.0,N,,,,,,
64.02416460636988,-145.70913401512442,2000-06-20,1,0,0.0,85.0,,Pastick,3.0,12.0,N,,,,,,
63.84680588577009,-145.81246326180602,2000-06-27,1,0,0.0,95.0,,Pastick,2.0,11.0,N,,,,,,
63.8466679868106,-145.83300849141062,2000-06-27,1,0,0.0,95.0,,Pastick,9.0,4.0,N,,,,,,
63.845742511238015,-145.8384560298847,2000-06-27,1,0,0.0,80.0,,Pastick,11.0,4.0,N,,,,,,
63.843174966967965,-145.78380354389247,2000-06-28,1,0,0.0,65.0,,Pastick,13.0,6.0,N,,,,,,
63.87431119619205,-145.7774704313889,2000-06-29,1,0,0.0,75.0,,Pastick,2.0,6.0,N,,,,,,
63.86313546205516,-145.77307229800078,2000-06-29,1,0,0.0,80.0,,Pastick,11.0,8.0,N,,,,,,
63.87139272605873,-145.85746613057768,2000-07-11,1,1,78.0,90.0,,Pastick,2.0,2.0,N,,,,,,
63.8355177949567,-145.7646189074713,2000-07-13,1,0,0.0,100.0,,Pastick,14.0,6.0,N,,,,,,
63.79028817328975,-145.84684652747376,2000-07-18,1,1,78.0,90.0,,Pastick,1.0,7.0,N,,,,,,
63.784429379071135,-145.8459900039099,2000-07-18,1,1,35.0,40.0,,Pastick,4.0,11.0,N,,,,,,
63.7853863748195,-145.86709492894772,2000-07-18,1,0,0.0,130.0,,Pastick,7.0,4.0,N,,,,,,
63.79349931749643,-145.85335270365468,2000-07-19,1,1,65.0,80.0,,Pastick,3.0,6.0,N,,,,,,
63.78142571122518,-145.80663020095542,2000-07-20,1,0,0.0,80.0,,Pastick,11.0,7.0,N,,,,,,
63.79132919059639,-145.7930190765472,2000-07-20,1,1,25.0,40.0,,Pastick,4.0,20.0,Y,,,,,,
63.788147575279126,-145.7925056491473,2000-07-20,1,0,0.0,90.0,,Pastick,6.0,2.0,N,,,,,,
63.78116139760791,-145.7942650864468,2000-07-20,1,0,0.0,90.0,,Pastick,8.0,4.0,Y,,,,,,
63.8334258008217,-145.85841600699405,2000-07-24,1,0,0.0,80.0,,Pastick,3.0,9.0,N,,,,,,
63.83489790365267,-145.85729935248477,2000-07-24,1,0,0.0,70.0,,Pastick,4.0,70.0,N,,,,,,
64.60316829835119,-146.69540647237636,2000-07-31,1,0,0.0,100.0,,Pastick,1.0,17.0,Y,,,,,,
64.60577094479788,-146.69997504904242,2000-07-31,1,0,0.0,115.0,,Pastick,4.0,16.0,Y,,,,,,
63.83167989369918,-145.7135868703765,2000-08-01,1,0,0.0,100.0,,Pastick,6.0,0.0,N,,,,,,
63.8314791199799,-145.90969309613217,2000-08-01,1,0,0.0,55.0,,Pastick,10.0,30.0,N,,,,,,
63.82477991258266,-145.89973124067723,2000-08-01,1,0,0.0,90.0,,Pastick,14.0,3.0,N,,,,,,
63.823460194603655,-145.89029376233228,2000-08-01,1,0,0.0,80.0,,Pastick,17.0,20.0,N,,,,,,
64.60434890620226,-146.6343724853425,2000-08-07,1,0,0.0,180.0,,Pastick,5.0,16.0,N,,,,,,
63.82521786167778,-145.93543702171132,2000-08-15,1,0,0.0,122.0,,Pastick,16.0,7.0,N,,,,,,
63.85696931306538,-145.91934555800748,2000-08-16,1,1,70.0,80.0,,Pastick,24.0,0.0,N,,,,,,
63.79072310368616,-145.80323350727673,2000-08-17,1,1,48.0,60.0,,Pastick,8.0,9.0,N,,,,,,
63.81554196982659,-145.92083141063242,2000-08-21,1,0,0.0,85.0,,Pastick,2.0,25.0,N,,,,,,
63.78737050417178,-145.77062186055394,2000-08-23,1,0,0.0,50.0,,Pastick,2.0,50.0,N,,,,,,
63.788424365168645,-145.7752842669514,2000-08-23,1,1,45.0,60.0,,Pastick,4.0,11.0,N,,,,,,
63.75378967617057,-145.85982742497606,2000-08-24,1,0,0.0,60.0,,Pastick,3.0,0.0,N,,,,,,
63.75348888470664,-145.87179816816186,2000-08-24,1,0,0.0,110.0,,Pastick,9.0,8.0,N,,,,,,
63.753119319660485,-145.87965683292023,2000-08-24,1,0,0.0,60.0,,Pastick,11.0,11.0,Y,,,,,,
63.75655755436868,-145.87858816265438,2000-08-24,1,0,0.0,110.0,,Pastick,13.0,12.0,N,,,,,,
63.73815410775344,-145.87923635293978,2000-08-29,1,0,0.0,145.0,,Pastick,3.0,13.0,N,,,,,,
63.73605850366015,-145.89378230756543,2000-08-29,1,1,56.0,80.0,,Pastick,8.0,12.0,N,,,,,,
64.0066510220389,-145.7250979361691,2000-06-22,1,0,0.0,75.0,,Pastick,3.0,8.0,N,,,,,,
63.9875977660559,-145.71711577169185,2000-06-22,1,0,0.0,125.0,,Pastick,4.0,4.0,N,,,,,,
64.0089119192845,-145.62276242406296,2000-06-29,1,0,0.0,50.0,,Pastick,2.0,5.0,N,,,,,,
63.96045753819215,-145.6792759833251,2000-07-05,1,0,0.0,100.0,,Pastick,3.0,5.0,N,,,,,,
63.93852897515728,-145.67814573581535,2000-07-06,1,0,0.0,100.0,,Pastick,7.0,0.0,N,,,,,,
63.97110375415991,-145.78201098271526,2000-07-14,1,0,0.0,90.0,,Pastick,11.0,0.0,N,,,,,,
63.93756222509304,-145.83543124093828,2000-07-17,1,0,0.0,90.0,,Pastick,6.0,0.0,N,,,,,,
63.9350361235222,-145.62777727437083,2000-07-19,1,0,0.0,80.0,,Pastick,7.0,16.0,N,,,,,,
63.89978663570329,-145.73192481971398,2000-07-20,1,0,0.0,100.0,,Pastick,18.0,0.0,N,,,,,,
63.92652746657719,-145.71899008461506,2000-07-20,1,0,0.0,95.0,,Pastick,11.0,0.0,N,,,,,,
63.885999235164654,-145.65813257305885,2000-07-28,1,0,0.0,100.0,,Pastick,13.0,10.0,N,,,,,,
63.88079050845051,-145.7151893151659,2000-07-31,1,1,90.0,100.0,,Pastick,7.0,30.0,N,,,,,,
63.87955064629544,-145.69498737546814,2000-08-02,1,1,60.0,86.0,,Pastick,7.0,7.0,N,,,,,,
63.89133805884223,-145.6764747265223,2000-08-07,1,1,40.0,60.0,,Pastick,1.0,26.0,N,,,,,,
63.88832337532804,-145.6924009426089,2000-08-07,1,0,0.0,187.0,,Pastick,6.0,8.0,N,,,,,,
63.9049420943413,-145.67222680524063,2000-08-09,1,0,0.0,100.0,,Pastick,7.0,9.0,N,,,,,,
63.85312940871329,-145.8141493104746,2000-09-05,1,0,0.0,80.0,,Pastick,2.0,6.0,N,,,,,,
63.83476396375511,-145.82160988433938,2000-09-05,1,0,0.0,80.0,,Pastick,3.0,4.0,N,,,,,,
63.807004178939,-145.92895584222896,2000-09-06,1,1,50.0,65.0,,Pastick,1.0,14.0,N,,,,,,
63.80211227764104,-145.93618679078102,2000-09-06,1,1,50.0,67.0,,Pastick,2.0,12.0,N,,,,,,
63.79565756580242,-145.93232965367375,2000-09-06,1,1,40.0,60.0,,Pastick,3.0,10.0,N,,,,,,
63.78992851947296,-145.934372787361,2000-09-06,1,1,40.0,50.0,,Pastick,4.0,12.0,N,,,,,,
63.8648211374486,-145.83252040415294,2000-09-07,1,0,0.0,85.0,,Pastick,1.0,5.0,N,,,,,,
63.86792591795987,-145.8279957019421,2000-09-07,1,0,0.0,95.0,,Pastick,4.0,5.0,N,,,,,,
63.85922565990766,-145.82760514654657,2000-09-07,1,0,0.0,90.0,,Pastick,8.0,3.0,N,,,,,,
63.83206698012692,-145.81558432756557,2000-09-08,1,1,90.0,100.0,,Pastick,1.0,30.0,N,,,,,,
63.82286530044125,-145.82304183113328,2000-09-08,1,1,80.0,100.0,,Pastick,2.0,5.0,N,,,,,,
63.936111386930506,-145.66020423009246,2000-08-29,1,0,0.0,185.0,,Pastick,1.0,9.0,N,,,,,,
63.9325641972764,-145.66000642022868,2000-08-29,1,0,0.0,100.0,,Pastick,3.0,17.0,N,,,,,,
63.922978284476585,-145.6619526418972,2000-08-29,1,1,70.0,100.0,,Pastick,6.0,14.0,N,,,,,,
63.92417130308995,-145.6570218543666,2000-08-29,1,1,80.0,95.0,,Pastick,9.0,20.0,N,,,,,,
63.93472673892119,-145.65994394060914,2000-08-29,1,1,60.0,75.0,,Pastick,2.0,50.0,N,,,,,,
63.9178218934043,-145.66050613929838,2000-08-29,1,1,85.0,85.0,,Pastick,7.0,50.0,N,,,,,,
63.950499673592624,-145.53495998154852,2000-06-22,1,0,0.0,110.0,,Pastick,2.0,2.0,N,,,,,,
63.91391348663237,-145.59101426672498,2000-07-05,1,0,0.0,85.0,,Pastick,1.0,5.0,N,,,,,,
63.79004739999322,-145.7162145010489,2000-07-11,1,0,0.0,115.0,,Pastick,10.0,10.0,N,,,,,,
63.79561373605872,-145.73161246951892,2000-07-12,1,0,0.0,62.0,,Pastick,6.0,7.0,N,,,,,,
63.930771162061895,-145.46222861704828,2000-07-18,1,1,90.0,94.0,,Pastick,12.0,16.0,N,,,,,,
63.929256770971136,-145.53792523653013,2000-07-19,1,0,0.0,70.0,,Pastick,16.0,5.0,N,,,,,,
63.88448143735325,-145.60208091129735,2000-07-20,1,1,100.0,104.0,,Pastick,3.0,8.0,N,,,,,,
63.8855500265412,-145.60212961132743,2000-07-20,1,1,57.0,70.0,,Pastick,5.0,30.0,N,,,,,,
63.90325741769567,-145.60473332234125,2000-07-24,1,1,33.0,45.0,,Pastick,2.0,45.0,N,,,,,,
63.90249759883597,-145.60226461883263,2000-07-24,1,1,90.0,100.0,,Pastick,3.0,35.0,N,,,,,,
63.90232147067354,-145.59611939937292,2000-07-24,1,0,0.0,65.0,,Pastick,4.0,6.0,N,,,,,,
63.81134456628612,-145.62622096557422,2000-08-03,1,0,0.0,92.0,,Pastick,1.0,8.0,N,,,,,,
63.8798403286472,-145.85203302044278,2000-08-10,1,1,60.0,100.0,,Pastick,1.0,30.0,N,,,,,,
64.89231261103805,-147.08175217527264,1997-06-02,1,0,0.0,180.0,,Pastick,1.0,7.0,N,,,,,,
64.89231595423225,-147.07541591247332,1997-06-02,1,0,0.0,100.0,,Pastick,3.0,12.0,N,,,,,,
64.89231853431126,-147.0701356921855,1997-06-02,1,0,0.0,180.0,,Pastick,4.0,12.0,N,,,,,,
64.90415963983698,-147.0765056675405,1997-06-02,1,0,0.0,64.0,,Pastick,5.0,4.0,Y,,,,,,
64.90291115597753,-147.05959872437572,1997-06-03,1,0,0.0,150.0,,Pastick,1.0,5.0,N,,,,,,
64.9012956084562,-147.06065153916143,1997-06-03,1,0,0.0,44.0,,Pastick,2.0,8.0,Y,,,,,,
64.89913641328356,-147.07332242597468,1997-06-03,1,0,0.0,47.0,,Pastick,1.0,5.0,Y,,,,,,
64.88027325631028,-147.19508423378562,1997-06-09,1,0,0.0,102.0,,Pastick,1.0,5.0,N,,,,,,
64.88189167174282,-147.1925624389797,1997-06-09,1,1,32.0,45.0,,Pastick,2.0,13.0,N,,,,,,
64.87863595304128,-147.21132724319165,1997-09-23,1,1,73.0,85.0,,Pastick,1.0,15.0,N,,,,,,
64.87865951792847,-147.19401701703742,1997-09-23,1,1,107.0,110.0,,Pastick,2.0,4.0,N,,,,,,
64.64096432227376,-147.1019838644201,1997-06-25,1,0,0.0,130.0,,Pastick,17.0,6.0,N,,,,,,
64.6489586005557,-147.10322789351764,1997-06-26,1,0,0.0,180.0,,Pastick,5.0,7.0,N,,,,,,
64.78000756711643,-147.89610908152963,1997-07-01,1,1,54.0,70.0,,Pastick,4.0,6.0,N,,,,,,
64.77853734165497,-147.81815253839034,1997-07-02,1,1,34.0,55.0,,Pastick,7.0,34.0,N,,,,,,
64.74454468082332,-147.9850138139195,1997-07-03,1,0,0.0,70.0,,Pastick,8.0,4.0,N,,,,,,
64.74737561899514,-147.98843640573267,1997-07-03,1,0,0.0,190.0,,Pastick,11.0,3.0,N,,,,,,
64.37425990139515,-147.3429088439948,1997-07-08,1,0,0.0,190.0,,Pastick,2.0,5.0,N,,,,,,
64.3831471236886,-147.32971141027068,1997-07-08,1,0,0.0,110.0,,Pastick,11.0,4.0,N,,,,,,
64.39650681872588,-147.3100447978793,1997-07-09,1,0,0.0,70.0,,Pastick,7.0,30.0,N,,,,,,
64.37869273382546,-147.45227329267405,1997-07-10,1,0,0.0,170.0,,Pastick,3.0,5.0,N,,,,,,
64.37825189286085,-147.4584216128426,1997-07-10,1,0,0.0,150.0,,Pastick,5.0,26.0,N,,,,,,
64.3531545987021,-147.4026336460389,1997-07-15,1,0,0.0,50.0,,Pastick,4.0,24.0,N,,,,,,
64.6549006356075,-147.04657621892392,1997-07-16,1,0,0.0,130.0,,Pastick,8.0,18.0,N,,,,,,
64.64779848334445,-147.02829154432345,1997-07-17,1,0,0.0,65.0,,Pastick,16.0,7.0,N,,,,,,
64.36650854091071,-147.23203993203674,1997-07-24,1,0,0.0,190.0,,Pastick,11.0,0.0,N,,,,,,
64.44675905141355,-147.43710575664844,1997-07-25,1,1,70.0,80.0,,Pastick,10.0,8.0,N,,,,,,
64.44825791282685,-147.42476634184902,1997-07-25,1,0,0.0,180.0,,Pastick,16.0,4.0,N,,,,,,
64.41308623801109,-147.43229493739997,1997-07-26,1,0,0.0,190.0,,Pastick,7.0,16.0,N,,,,,,
64.73561944796978,-147.91727772074938,1997-07-29,1,0,0.0,130.0,,Pastick,3.0,25.0,N,,,,,,
64.73241281870261,-147.9192058669121,1997-07-29,1,0,0.0,60.0,,Pastick,10.0,60.0,N,,,,,,
64.73270614735915,-148.02888964625933,1997-07-30,1,0,0.0,125.0,,Pastick,7.0,5.0,N,,,,,,
64.73472436554798,-148.02123834633267,1997-07-30,1,1,50.0,75.0,,Pastick,10.0,22.0,N,,,,,,
64.7395365709679,-147.99585844002954,1997-07-31,1,0,0.0,175.0,,Pastick,4.0,8.0,N,,,,,,
64.73568684619721,-147.9958428186199,1997-07-31,1,0,0.0,120.0,,Pastick,7.0,18.0,N,,,,,,
64.73322265581574,-147.99930096328373,1997-07-31,1,0,0.0,100.0,,Pastick,10.0,30.0,N,,,,,,
64.69585188689945,-147.9121788876752,1997-08-05,1,0,0.0,125.0,,Pastick,3.0,8.0,N,,,,,,
64.78596870549639,-147.92639319663087,1997-08-05,1,0,0.0,180.0,,Pastick,16.0,12.0,N,,,,,,
64.75181929023367,-147.90965301155305,1997-08-06,1,0,0.0,190.0,,Pastick,4.0,9.0,N,,,,,,
64.75376620750994,-147.9126394807069,1997-08-06,1,1,75.0,100.0,,Pastick,6.0,6.0,N,,,,,,
64.74362146386031,-147.81804204559353,1997-08-12,1,0,0.0,150.0,,Pastick,3.0,15.0,N,,,,,,
64.74313070860951,-147.81590562940988,1997-08-12,1,1,62.0,80.0,,Pastick,4.0,14.0,N,,,,,,
64.73406747686867,-147.81750136676197,1997-08-12,1,1,37.0,65.0,,Pastick,14.0,65.0,N,,,,,,
64.74577836392973,-147.7791168644539,1997-08-13,1,1,50.0,70.0,,Pastick,4.0,7.0,N,,,,,,
64.73970919493605,-147.77110805083473,1997-08-13,1,1,47.0,70.0,,Pastick,4.0,12.0,N,,,,,,
64.77575636687622,-147.96858996283424,1997-08-14,1,0,0.0,150.0,,Pastick,4.0,6.0,N,,,,,,
64.77799374310091,-147.95846897601402,1997-08-14,1,1,60.0,75.0,,Pastick,11.0,14.0,N,,,,,,
64.77506369402491,-147.97159361775212,1997-08-14,1,1,44.0,60.0,,Pastick,13.0,9.0,N,,,,,,
64.65784976547297,-146.97955731215035,1997-08-19,1,0,0.0,190.0,,Pastick,13.0,14.0,N,,,,,,
64.65708157263578,-146.9548721600711,1997-08-21,1,1,48.0,60.0,,Pastick,15.0,20.0,N,,,,,,
64.64358108727613,-146.97178302894525,1997-08-28,1,0,0.0,180.0,,Pastick,4.0,14.0,N,,,,,,
64.7709805076073,-147.80190092095367,1997-09-16,1,1,64.0,80.0,,Pastick,5.0,74.0,N,,,,,,
64.76534874782489,-147.8061907404126,1997-09-16,1,1,82.0,90.0,,Pastick,12.0,7.0,N,,,,,,
64.70506345970942,-147.12097651026966,1997-09-30,1,0,0.0,190.0,,Pastick,12.0,2.0,N,,,,,,
64.745020496805,-147.06387205914345,1997-10-01,1,0,0.0,180.0,,Pastick,1.0,3.0,N,,,,,,
64.6890842951783,-147.02730742502516,1997-10-02,1,0,0.0,150.0,,Pastick,1.0,55.0,N,,,,,,
64.86248140395912,-147.6181360466359,1997-06-03,1,0,0.0,190.0,,Pastick,6.0,8.0,N,,,,,,
64.79095690273664,-147.83426896025222,1997-07-02,1,0,0.0,185.0,,Pastick,1.0,5.0,N,,,,,,
64.74303928441097,-147.95865919404426,1997-07-03,1,0,0.0,150.0,,Pastick,3.0,12.0,N,,,,,,
64.35951108670629,-147.34887648727133,1997-07-08,1,1,18.0,48.0,,Pastick,2.0,18.0,N,,,,,,
64.84747977468747,-147.60901976390713,1997-07-17,1,0,0.0,145.0,,Pastick,2.0,3.0,N,,,,,,
64.79398616733599,-147.6055190301713,1997-07-17,1,0,0.0,75.0,,Pastick,1.0,4.0,N,,,,,,
64.3633925145988,-147.297843898968,1997-07-24,1,0,0.0,125.0,,Pastick,2.0,14.0,N,,,,,,
64.36308668743693,-147.25539731735856,1997-07-24,1,1,38.0,40.0,,Pastick,1.0,38.0,N,,,,,,
64.40469607962048,-147.48942126428875,1997-07-26,1,0,0.0,80.0,,Pastick,2.0,16.0,N,,,,,,
64.73710779698565,-147.95305171440006,1997-07-29,1,0,0.0,49.0,,Pastick,2.0,22.0,N,,,,,,
64.74019431690402,-147.95173213019706,1997-07-29,1,0,0.0,120.0,,Pastick,4.0,15.0,N,,,,,,
64.74097499308338,-147.95453218702517,1997-07-26,1,0,0.0,140.0,,Pastick,7.0,13.0,N,,,,,,
64.73958629273736,-148.043433793599,1997-07-30,1,0,0.0,76.0,,Pastick,7.0,5.0,N,,,,,,
64.72975589247547,-148.0181744835497,1997-07-31,1,1,50.0,52.0,,Pastick,1.0,9.0,N,,,,,,
64.72594309396372,-148.0193117200085,1997-07-31,1,0,0.0,42.0,,Pastick,8.0,40.0,N,,,,,,
64.85424732677795,-147.64066293475096,1997-08-04,1,0,0.0,39.0,,Pastick,3.0,26.0,N,,,,,,
64.78228440772183,-147.73664606942913,1997-08-05,1,1,52.0,99.0,,Pastick,1.0,26.0,N,,,,,,
64.75220109095139,-147.85761657233644,1997-08-07,1,0,0.0,120.0,,Pastick,4.0,16.0,N,,,,,,
64.74139587360747,-147.80163336154766,1997-08-12,1,1,48.0,50.0,,Pastick,5.0,25.0,N,,,,,,
64.73919109047267,-147.80278621642148,1997-08-12,1,1,80.0,80.0,,Pastick,2.0,15.0,N,,,,,,
64.82712804320418,-147.6534614993341,1997-08-18,1,0,0.0,160.0,,Pastick,1.0,0.0,N,,,,,,
64.82702760240876,-147.64770678993673,1997-08-18,1,0,0.0,140.0,,Pastick,2.0,0.0,N,,,,,,
64.82750368447459,-147.63301070545702,1997-08-18,1,0,0.0,170.0,,Pastick,3.0,0.0,N,,,,,,
64.82335255209935,-147.63006911594405,1997-08-18,1,0,0.0,150.0,,Pastick,4.0,0.0,N,,,,,,
64.76557341363792,-147.8511240884261,1997-09-16,1,0,0.0,145.0,,Pastick,7.0,2.0,N,,,,,,
64.76247830375696,-147.86031790352845,1997-09-16,1,0,0.0,150.0,,Pastick,12.0,18.0,N,,,,,,
64.38750146065098,-147.4202201890124,1997-07-08,1,1,50.0,50.0,,Pastick,4.0,25.0,N,,,,,,
64.39535147976889,-147.49298787562884,1997-07-26,1,0,0.0,80.0,,Pastick,4.0,8.0,N,,,,,,
64.753794717773,-147.85825549688286,1997-08-07,1,1,58.0,58.0,,Pastick,6.0,16.0,N,,,,,,
64.86568666992132,-147.64104074271776,1997-08-21,1,0,0.0,59.0,,Pastick,1.0,29.0,Y,,,,,,
64.72956014137748,-147.06316378788287,1997-06-11,1,0,0.0,20.0,,Pastick,4.0,15.0,N,,,,,,
64.74139040264295,-147.0151364110853,1997-06-18,1,1,130.0,130.0,,Pastick,3.0,28.0,N,,,,,,
64.66966553115917,-147.03143551116597,1997-06-26,1,0,0.0,190.0,,Pastick,1.0,8.0,N,,,,,,
64.78287824560125,-147.8827827600687,1997-07-02,1,0,0.0,100.0,,Pastick,2.0,6.0,N,,,,,,
64.77968271910858,-147.8829307572729,1997-07-02,1,1,32.0,39.0,,Pastick,7.0,22.0,N,,,,,,
64.76286001704885,-147.99583451912798,1997-07-03,1,0,0.0,62.0,,Pastick,1.0,7.0,N,,,,,,
64.76495813029824,-147.98939456168216,1997-07-03,1,1,36.0,36.0,,Pastick,7.0,26.0,N,,,,,,
64.3759166321863,-147.37016069267432,1997-07-08,1,0,0.0,100.0,,Pastick,7.0,5.0,N,,,,,,
64.38110296494325,-147.37738157981022,1997-07-08,1,0,0.0,124.0,,Pastick,10.0,7.0,Y,,,,,,
64.37418796388249,-147.45226141920702,1997-07-09,1,0,0.0,57.0,,Pastick,3.0,55.0,N,,,,,,
64.34975451021796,-147.3572416460333,1997-07-15,1,1,28.0,58.0,,Pastick,1.0,58.0,N,,,,,,
64.35072748069915,-147.3519537988345,1997-07-15,1,1,39.0,41.0,,Pastick,3.0,39.0,N,,,,,,
64.34666544177722,-147.34691275405513,1997-07-15,1,0,0.0,80.0,,Pastick,9.0,10.0,Y,,,,,,
64.39635814937581,-147.2995283269581,1997-07-24,1,0,0.0,150.0,,Pastick,7.0,12.0,N,,,,,,
64.42887897718138,-147.41069993217098,1997-07-25,1,0,0.0,140.0,,Pastick,5.0,8.0,N,,,,,,
64.42104904329004,-147.48039229351338,1997-07-26,1,0,0.0,126.0,,Pastick,5.0,8.0,N,,,,,,
64.42890932269297,-147.49678815488184,1997-07-26,1,0,0.0,110.0,,Pastick,11.0,12.0,N,,,,,,
64.43251217845811,-147.5007783067626,1997-07-26,1,0,0.0,89.0,,Pastick,15.0,15.0,N,,,,,,
64.74436156974633,-147.92568278231775,1997-07-29,1,0,0.0,125.0,,Pastick,6.0,15.0,N,,,,,,
64.74517622047864,-147.90858937716598,1997-07-29,1,0,0.0,75.0,,Pastick,4.0,15.0,N,,,,,,
64.73648301406165,-148.03422054839322,1997-07-30,1,0,0.0,125.0,,Pastick,5.0,17.0,N,,,,,,
64.74234166802395,-148.03570479969662,1997-07-31,1,1,160.0,160.0,,Pastick,3.0,8.0,N,,,,,,
64.74441138223429,-148.0297338396285,1997-07-31,1,0,0.0,125.0,,Pastick,8.0,8.0,N,,,,,,
64.77811958859124,-147.76000505285003,1997-08-05,1,1,59.0,62.0,,Pastick,9.0,59.0,N,,,,,,
64.77354657012835,-147.7645659627315,1997-08-05,1,0,0.0,79.0,,Pastick,12.0,56.0,N,,,,,,
64.77523669188409,-147.76047076586147,1997-08-05,1,0,0.0,75.0,,Pastick,11.0,28.0,N,,,,,,
64.75345944962164,-147.98985654298474,1997-08-06,1,0,0.0,175.0,,Pastick,3.0,12.0,N,,,,,,
64.75579840907497,-147.99034145507446,1997-08-06,1,1,60.0,100.0,,Pastick,6.0,10.0,N,,,,,,
64.74723627248034,-147.85023208024958,1997-08-07,1,0,0.0,75.0,,Pastick,1.0,10.0,N,,,,,,
64.74272778794469,-147.85555187972324,1997-08-07,1,1,40.0,40.0,,Pastick,9.0,40.0,N,,,,,,
64.74562603703488,-147.78587691981406,1997-08-13,1,1,50.0,50.0,,Pastick,3.0,8.0,N,,,,,,
64.74707006812227,-147.78770460207812,1997-08-13,1,1,40.0,40.0,,Pastick,5.0,40.0,N,,,,,,
64.91260102127656,-147.75903162475848,1999-06-10,1,0,0.0,52.0,,Pastick,9.0,9.0,N,,,,,,
64.91679343949073,-147.7778179679093,1999-06-11,1,0,0.0,52.0,,Pastick,9.0,12.0,Y,,,,,,
64.67176446592305,-146.81092671829418,1999-06-21,1,0,0.0,85.0,,Pastick,12.0,4.0,Y,,,,,,
64.68784944062212,-146.83783420770686,1999-07-19,1,0,0.0,80.0,,Pastick,4.0,6.0,Y,,,,,,
64.68333063641445,-146.81069942993145,1999-07-20,1,0,0.0,70.0,,Pastick,4.0,2.0,Y,,,,,,
64.75792728772836,-146.8527557803414,1999-08-02,1,0,0.0,50.0,,Pastick,2.0,8.0,Y,,,,,,
64.61290869613579,-146.26723718405572,1999-08-10,1,0,0.0,40.0,,Pastick,1.0,17.0,N,,,,,,
64.61057242751787,-146.25229158093666,1999-08-10,1,0,0.0,60.0,,Pastick,7.0,8.0,Y,,,,,,
64.60344225910696,-146.244253635367,1999-08-10,1,0,0.0,60.0,,Pastick,14.0,5.0,Y,,,,,,
64.61094631946798,-146.25524960730243,1999-08-10,1,1,42.0,50.0,,Pastick,6.0,14.0,N,,,,,,
64.69590542326796,-146.23341623062296,1999-08-11,1,0,0.0,90.0,,Pastick,9.0,11.0,Y,,,,,,
64.6899739009684,-146.21798630131624,1999-08-11,1,0,0.0,65.0,,Pastick,13.0,10.0,N,,,,,,
64.62526747193208,-146.48959825686438,1999-08-16,1,0,0.0,105.0,,Pastick,1.0,17.0,Y,,,,,,
64.61696092625066,-146.482687288623,1999-08-16,1,0,0.0,70.0,,Pastick,5.0,9.0,Y,,,,,,
64.58968992149899,-146.4649083526619,1999-08-17,1,1,76.0,95.0,,Pastick,12.0,5.0,N,,,,,,
64.58125955117063,-146.6603226343938,1999-08-18,1,0,0.0,80.0,,Pastick,2.0,7.0,Y,,,,,,
64.5769055413632,-146.66340396582584,1999-08-18,1,0,0.0,60.0,,Pastick,6.0,5.0,Y,,,,,,
64.57728003681359,-146.674338772845,1999-08-18,1,0,0.0,60.0,,Pastick,10.0,16.0,Y,,,,,,
64.60259040991187,-146.80461585090373,1999-08-19,1,1,70.0,75.0,,Pastick,1.0,6.0,N,,,,,,
64.72185634338246,-146.7080716774519,1999-08-24,1,0,0.0,75.0,,Pastick,13.0,9.0,Y,,,,,,
64.79148113580672,-146.64705432897918,1999-08-25,1,0,0.0,105.0,,Pastick,5.0,18.0,N,,,,,,
64.67641007366281,-146.79553593190747,1999-08-30,1,0,0.0,70.0,,Pastick,3.0,6.0,Y,,,,,,
64.67541827348435,-146.7921282129903,1999-08-30,1,0,0.0,80.0,,Pastick,5.0,16.0,Y,,,,,,
64.69161738263568,-146.7372235451265,1999-08-31,1,0,0.0,100.0,,Pastick,6.0,6.0,N,,,,,,
64.66296826626578,-146.802192114611,1999-09-17,1,0,0.0,70.0,,Pastick,4.0,20.0,Y,,,,,,
64.64209797908964,-146.5462659371041,1999-09-21,1,0,0.0,75.0,,Pastick,2.0,14.0,Y,,,,,,
64.64610921791376,-146.53761775432977,1999-09-21,1,0,0.0,65.0,,Pastick,5.0,15.0,Y,,,,,,
64.66029471198969,-146.93310981456213,1999-06-14,1,0,0.0,50.0,,Pastick,1.0,13.0,Y,,,,,,
64.66717334092996,-146.88351451978312,1999-06-21,1,0,0.0,40.0,,Pastick,1.0,5.0,Y,,,,,,
64.66211969467152,-146.85151622427037,1999-06-22,1,0,0.0,99.0,,Pastick,8.0,4.0,Y,,,,,,
64.57169278776561,-146.7391518306334,1999-07-01,1,1,21.0,40.0,,Pastick,4.0,21.0,N,,,,,,
64.60215522016289,-146.67073983741298,1999-07-08,1,1,33.0,62.0,,Pastick,3.0,11.0,N,,,,,,
64.60407458129517,-146.99729752226884,1999-07-26,1,1,21.0,21.0,,Pastick,8.0,15.0,N,,,,,,
64.68166185788095,-146.20741147100952,1999-08-10,1,0,0.0,72.0,,Pastick,1.0,9.0,Y,,,,,,
64.67975859086869,-146.20558095834798,1999-08-10,1,0,0.0,48.0,,Pastick,2.0,7.0,Y,,,,,,
64.67643388562443,-146.20475628473588,1999-08-10,1,0,0.0,62.0,,Pastick,3.0,5.0,Y,,,,,,
64.67226956285175,-146.2029926907262,1999-08-10,1,1,62.0,62.0,,Pastick,6.0,6.0,N,,,,,,
64.67117429621227,-146.31975726234737,1999-08-11,1,0,0.0,1166.0,,Pastick,1.0,19.0,Y,,,,,,
64.67258742341497,-146.31291286055048,1999-08-11,1,0,0.0,134.0,,Pastick,3.0,12.0,Y,,,,,,
64.6627834662729,-146.28352619001402,1999-08-11,1,0,0.0,89.0,,Pastick,7.0,19.0,Y,,,,,,
64.58303097039426,-146.65036111188067,1999-08-16,1,0,0.0,42.0,,Pastick,10.0,11.0,Y,,,,,,
64.59090018182108,-146.62814055156048,1999-08-18,1,0,0.0,70.0,,Pastick,1.0,56.0,N,,,,,,
64.59260538619564,-146.62118227275974,1999-08-18,1,0,0.0,70.0,,Pastick,4.0,7.0,Y,,,,,,
64.59707094588947,-146.6377919915515,1999-08-18,1,0,0.0,80.0,,Pastick,11.0,7.0,N,,,,,,
64.76592718275909,-146.6515293718432,1999-08-25,1,0,0.0,61.0,,Pastick,1.0,15.0,Y,,,,,,
64.77482553886777,-146.64270851266997,1999-08-25,1,0,0.0,98.0,,Pastick,8.0,8.0,Y,,,,,,
64.65636938446669,-146.38572718321066,1999-09-17,1,0,0.0,60.0,,Pastick,3.0,10.0,Y,,,,,,
64.6588553067617,-146.2049358683234,1999-08-11,1,0,0.0,53.0,,Pastick,1.0,16.0,N,,,,,,
64.61368922116935,-146.57686340411698,1999-08-17,1,0,0.0,61.0,,Pastick,6.0,4.0,Y,,,,,,
64.61223451581264,-146.57650974741412,1999-08-17,1,0,0.0,58.0,,Pastick,7.0,3.0,N,,,,,,
64.63562365228853,-146.66579471168006,1999-07-15,1,0,0.0,58.0,,Pastick,3.0,10.0,Y,,,,,,
64.63328091379428,-146.62793777757614,1999-07-20,1,0,0.0,93.0,,Pastick,5.0,9.0,Y,,,,,,
64.64525027172084,-146.7028043037495,1999-07-23,1,0,0.0,58.0,,Pastick,5.0,16.0,Y,,,,,,
64.63860838670666,-146.7349739862872,1999-07-29,1,0,0.0,93.0,,Pastick,4.0,13.0,Y,,,,,,
64.68375431087063,-146.23153780395424,1999-08-10,1,0,0.0,49.0,,Pastick,1.0,15.0,N,,,,,,
64.62701479259404,-146.61290192823589,1999-08-16,1,0,0.0,41.0,,Pastick,2.0,13.0,N,,,,,,
64.61456833914447,-146.59599916866753,1999-08-17,1,0,0.0,45.0,,Pastick,5.0,21.0,N,,,,,,
64.71923350597939,-146.67653689993662,1999-08-26,1,0,0.0,54.0,,Pastick,2.0,5.0,N,,,,,,
64.22410867821176,-146.6267237700043,2002-06-12,1,1,18.0,60.0,,Pastick,1.0,18.0,N,,,,,,
64.22034938421957,-146.6235184326277,2002-06-12,1,1,18.0,80.0,,Pastick,4.0,18.0,Y,,,,,,
63.8252990361597,-146.82505510732278,2002-06-12,1,0,0.0,23.0,,Pastick,5.0,23.0,Y,,,,,,
64.2224406439738,-146.62365488722793,2002-06-12,1,1,16.0,50.0,,Pastick,7.0,16.0,N,,,,,,
64.22111749142684,-146.62210664711353,2002-06-12,1,1,25.0,80.0,,Pastick,1.0,25.0,N,,,,,,
64.20440238273181,-146.61988359104313,2002-06-12,1,1,20.0,70.0,,Pastick,1.0,20.0,N,,,,,,
64.20338479573833,-146.6219776242936,2002-06-12,1,1,55.0,112.0,,Pastick,2.0,4.0,N,,,,,,
64.19768382502043,-146.6423371055909,2002-06-12,1,1,42.0,50.0,,Pastick,4.0,15.0,N,,,,,,
64.17551820489304,-146.65344470107453,2002-06-13,1,1,23.0,44.0,,Pastick,1.0,23.0,N,,,,,,
64.18388717925598,-146.66338341734615,2002-06-13,1,1,24.0,48.0,,Pastick,4.0,24.0,N,,,,,,
64.17381984080093,-146.65247839994657,2002-06-13,1,0,0.0,100.0,,Pastick,1.0,20.0,N,,,,,,
64.18461712179209,-146.66471232192444,2002-06-13,1,1,35.0,40.0,,Pastick,2.0,35.0,N,,,,,,
64.15289093073031,-146.7182153702142,2002-06-14,1,1,55.0,65.0,,Pastick,1.0,55.0,N,,,,,,
64.15369291723363,-146.71993410426285,2002-06-14,1,1,14.0,43.0,,Pastick,3.0,14.0,N,,,,,,
64.15419531927024,-146.7245752158802,2002-06-14,1,1,26.0,40.0,,Pastick,4.0,26.0,N,,,,,,
64.1585148169808,-146.74094045930755,2002-06-14,1,0,0.0,100.0,,Pastick,3.0,17.0,N,,,,,,
64.15716479648479,-146.7437903912689,2002-06-14,1,1,27.0,50.0,,Pastick,2.0,50.0,N,,,,,,
64.1561642444178,-146.75159175308167,2002-06-14,1,0,0.0,80.0,,Pastick,6.0,4.0,N,,,,,,
64.15771020082782,-146.76387332656853,2002-06-14,1,0,0.0,50.0,,Pastick,7.0,0.0,N,,,,,,
64.15511051495119,-146.7391424495592,2002-06-14,1,1,34.0,44.0,,Pastick,5.0,44.0,N,,,,,,
64.0465837471947,-146.41613423077743,2002-06-15,1,1,23.0,46.0,,Pastick,5.0,23.0,N,,,,,,
64.04694031880761,-146.4110887426534,2002-06-15,1,1,21.0,40.0,,Pastick,6.0,15.0,N,,,,,,
64.04778773447569,-146.40982156241532,2002-06-15,1,1,30.0,45.0,,Pastick,7.0,30.0,N,,,,,,
64.0471565973817,-146.40909762377171,2002-06-15,1,1,20.0,37.0,,Pastick,8.0,17.0,N,,,,,,
64.04653961641753,-146.41408720281692,2002-06-15,1,1,17.0,41.0,,Pastick,3.0,17.0,N,,,,,,
64.02238402797337,-146.4329682700473,2002-06-15,1,1,35.0,44.0,,Pastick,1.0,44.0,N,,,,,,
64.02488711844943,-146.4443975613759,2002-06-15,1,1,38.0,52.0,,Pastick,4.0,38.0,N,,,,,,
64.0215303868172,-146.4466536200008,2002-06-15,1,1,25.0,45.0,,Pastick,7.0,32.0,N,,,,,,
64.01973509702233,-146.44889881375673,2002-06-15,1,1,15.0,32.0,,Pastick,8.0,32.0,N,,,,,,
63.96734720254277,-146.60082302716927,2002-06-16,1,1,22.0,32.0,,Pastick,1.0,22.0,N,,,,,,
63.95465967957187,-146.5950637775692,2002-06-16,1,1,47.0,47.0,,Pastick,5.0,47.0,N,,,,,,
63.99260177731394,-146.51034401026894,2002-06-16,1,1,21.0,35.0,,Pastick,2.0,21.0,N,,,,,,
63.99029987455941,-146.51167188019755,2002-06-16,1,0,0.0,60.0,,Pastick,4.0,10.0,N,,,,,,
63.98685768963546,-146.520927954857,2002-06-16,1,1,28.0,45.0,,Pastick,6.0,29.0,N,,,,,,
63.993483403816526,-146.50832541913823,2002-06-16,1,1,33.0,50.0,,Pastick,1.0,33.0,N,,,,,,
63.991284848655866,-146.51102109162392,2002-06-16,1,1,24.0,34.0,,Pastick,3.0,16.0,N,,,,,,
63.98855880326151,-146.5170158389894,2002-06-16,1,1,23.0,31.0,,Pastick,5.0,23.0,N,,,,,,
63.96873215583824,-146.6051736613556,2002-06-16,1,1,19.0,42.0,,Pastick,1.0,16.0,N,,,,,,
63.96172015801127,-146.60073983199732,2002-06-16,1,1,21.0,42.0,,Pastick,5.0,21.0,N,,,,,,
64.12153807680133,-146.584095084565,2002-06-17,1,1,25.0,30.0,,Pastick,1.0,30.0,N,,,,,,
64.1570555079623,-146.59955966820732,2002-06-17,1,1,21.0,37.0,,Pastick,1.0,21.0,N,,,,,,
64.15196687383911,-146.59293146749243,2002-06-17,1,1,20.0,32.0,,Pastick,2.0,17.0,N,,,,,,
64.15046668771531,-146.57973611118257,2002-06-17,1,1,38.0,45.0,,Pastick,3.0,30.0,N,,,,,,
64.14845207671716,-146.5720381740406,2002-06-17,1,1,24.0,34.0,,Pastick,4.0,24.0,N,,,,,,
64.15844772310791,-146.6033023759025,2002-06-17,1,1,21.0,40.0,,Pastick,1.0,12.0,N,,,,,,
64.15457154729806,-146.5969639442065,2002-06-17,1,1,34.0,50.0,,Pastick,2.0,34.0,N,,,,,,
64.15053828653406,-146.58594287372603,2002-06-17,1,1,27.0,35.0,,Pastick,3.0,20.0,N,,,,,,
64.17418165720025,-146.57552997657672,2002-06-17,1,1,27.0,43.0,,Pastick,4.0,27.0,N,,,,,,
64.12150363042504,-146.58146720505866,2002-06-17,1,1,24.0,46.0,,Pastick,1.0,24.0,N,,,,,,
64.12326120436099,-146.57480776100326,2002-06-17,1,1,22.0,35.0,,Pastick,3.0,22.0,N,,,,,,
64.08835333858602,-146.63471645621527,2002-06-18,1,1,30.0,40.0,,Pastick,2.0,13.0,N,,,,,,
64.09091292312553,-146.6391134347002,2002-06-18,1,1,21.0,35.0,,Pastick,3.0,18.0,N,,,,,,
64.08948874923715,-146.63658855524233,2002-06-18,1,1,31.0,39.0,,Pastick,3.0,22.0,N,,,,,,
64.09187772579382,-146.64096756952188,2002-06-18,1,0,0.0,75.0,,Pastick,4.0,4.0,N,,,,,,
64.08773853449131,-146.6328991795227,2002-06-18,1,1,26.0,60.0,,Pastick,2.0,26.0,N,,,,,,
64.24463933387979,-146.72289177578472,2003-06-18,1,0,0.0,50.0,,Pastick,1.0,3.0,N,,,,,,
64.24250546798399,-146.71918021936312,2003-06-18,1,0,0.0,50.0,,Pastick,3.0,12.0,N,,,,,,
64.2402439319162,-146.72860687155688,2003-06-18,1,0,0.0,75.0,,Pastick,6.0,0.0,N,,,,,,
64.24395462205003,-146.7262192457136,2003-06-18,1,0,0.0,100.0,,Pastick,1.0,6.0,N,,,,,,
64.23895360406408,-146.7296299597907,2003-06-18,1,0,0.0,90.0,,Pastick,6.0,0.0,N,,,,,,
64.08860697264105,-146.77834412368105,2002-06-19,1,0,0.0,100.0,,Pastick,1.0,15.0,N,,,,,,
64.08652283815722,-146.78285201777425,2002-06-19,1,1,32.0,50.0,,Pastick,2.0,10.0,N,,,,,,
64.08371030099944,-146.78642150582638,2002-06-19,1,1,16.0,37.0,,Pastick,3.0,13.0,N,,,,,,
64.10092808638042,-146.71166208940258,2002-06-19,1,0,0.0,75.0,,Pastick,1.0,13.0,N,,,,,,
64.10329621222705,-146.69788867984113,2002-06-19,1,1,49.0,55.0,,Pastick,1.0,39.0,N,,,,,,
64.10093205373161,-146.7136729090944,2002-06-19,1,1,36.0,56.0,,Pastick,2.0,36.0,N,,,,,,
64.10118379849953,-146.70938181401732,2002-06-19,1,1,19.0,50.0,,Pastick,3.0,12.0,N,,,,,,
64.10156652275626,-146.70336561864264,2002-06-19,1,1,28.0,35.0,,Pastick,4.0,3.0,N,,,,,,
64.08952791936946,-146.77614217279773,2002-06-19,1,1,27.0,65.0,,Pastick,1.0,33.0,N,,,,,,
64.08751533496394,-146.78044472751537,2002-06-19,1,1,15.0,40.0,,Pastick,2.0,19.0,N,,,,,,
63.97520742013421,-146.75897851696658,2003-06-19,1,1,31.0,60.0,,Pastick,1.0,31.0,N,,,,,,
63.9733259965337,-146.76087384293476,2003-06-19,1,1,21.0,48.0,,Pastick,2.0,12.0,N,,,,,,
63.970834518002135,-146.7628966210925,2003-06-19,1,0,0.0,60.0,,Pastick,3.0,5.0,N,,,,,,
63.96115560475941,-146.75995685022562,2003-06-19,1,1,19.0,35.0,,Pastick,5.0,35.0,N,,,,,,
63.974377294291095,-146.76168191627102,2003-06-19,1,1,25.0,55.0,,Pastick,1.0,14.0,N,,,,,,
63.97287373866193,-146.76418656792956,2003-06-19,1,1,15.0,31.0,,Pastick,2.0,10.0,N,,,,,,
63.966866049113925,-146.7617253780634,2003-06-19,1,0,0.0,180.0,,Pastick,4.0,6.0,N,,,,,,
63.96026653843559,-146.75957656173807,2003-06-19,1,1,42.0,49.0,,Pastick,5.0,42.0,N,,,,,,
63.91636002287277,-146.87730282639723,2003-06-20,1,1,20.0,45.0,,Pastick,1.0,37.0,N,,,,,,
63.918773099774896,-146.87617107227788,2003-06-20,1,1,15.0,42.0,,Pastick,2.0,18.0,N,,,,,,
63.92224774821676,-146.87813340157427,2003-06-20,1,1,25.0,45.0,,Pastick,6.0,25.0,N,,,,,,
63.92390802252383,-146.87820775247934,2003-06-20,1,1,20.0,38.0,,Pastick,7.0,38.0,N,,,,,,
63.9259438287153,-146.8766492150934,2003-06-20,1,1,34.0,45.0,,Pastick,8.0,7.0,N,,,,,,
63.92799791657546,-146.8754982171385,2003-06-20,1,1,22.0,40.0,,Pastick,9.0,22.0,N,,,,,,
63.89775259471767,-146.8536321572641,2003-06-20,1,0,0.0,152.0,,Pastick,1.0,0.0,N,,,,,,
63.89816835874437,-146.85658374643495,2003-06-20,1,1,19.0,43.0,,Pastick,2.0,43.0,N,,,,,,
63.89835049848571,-146.85929214002363,2003-06-20,1,0,0.0,45.0,,Pastick,3.0,8.0,N,,,,,,
63.89993822456202,-146.8680848939282,2003-06-20,1,1,34.0,40.0,,Pastick,4.0,40.0,N,,,,,,
63.89946509358204,-146.8708576591062,2003-06-20,1,1,45.0,60.0,,Pastick,5.0,52.0,N,,,,,,
63.897824698357184,-146.88365784383328,2003-06-20,1,1,13.0,21.0,,Pastick,6.0,13.0,N,,,,,,
63.89872542046914,-146.88785056364364,2003-06-20,1,0,0.0,50.0,,Pastick,7.0,6.0,N,,,,,,
63.88702294944631,-146.3885787380823,2003-06-21,1,1,20.0,45.0,,Pastick,1.0,17.0,N,,,,,,
63.88529584740044,-146.38975656320255,2003-06-21,1,0,0.0,65.0,,Pastick,2.0,5.0,N,,,,,,
63.88226071931656,-146.39360934941718,2003-06-21,1,1,18.0,39.0,,Pastick,3.0,7.0,N,,,,,,
63.93470654006615,-146.39557675665503,2003-06-21,1,1,40.0,55.0,,Pastick,4.0,40.0,N,,,,,,
63.87800226299004,-146.40330953544782,2003-06-21,1,0,0.0,76.0,,Pastick,5.0,9.0,N,,,,,,
63.871646274908166,-146.47453411464093,2003-06-21,1,0,0.0,46.0,,Pastick,6.0,4.0,N,,,,,,
63.87293773578647,-146.46938105650096,2003-06-21,1,1,21.0,39.0,,Pastick,7.0,39.0,N,,,,,,
63.85529937303273,-146.2566066628547,2003-06-22,1,1,20.0,36.0,,Pastick,1.0,28.0,N,,,,,,
63.85336048377799,-146.25653580852298,2003-06-22,1,0,0.0,60.0,,Pastick,2.0,2.0,N,,,,,,
63.85373643537113,-146.2633599795169,2003-06-22,1,1,40.0,51.0,,Pastick,3.0,10.0,N,,,,,,
63.85312964563135,-146.26935555136916,2003-06-22,1,1,25.0,53.0,,Pastick,4.0,15.0,N,,,,,,
63.85171777119374,-146.27952053981184,2003-06-22,1,1,20.0,50.0,,Pastick,5.0,28.0,N,,,,,,
63.85156475636703,-146.28304291853496,2003-06-22,1,1,42.0,57.0,,Pastick,6.0,3.0,N,,,,,,
63.85762557985617,-146.3829518189904,2003-06-22,1,1,20.0,50.0,,Pastick,3.0,29.0,N,,,,,,
63.8549827204084,-146.3552046919943,2003-06-22,1,1,16.0,55.0,,Pastick,7.0,16.0,N,,,,,,
63.85475235602372,-146.35185385681427,2003-06-22,1,1,24.0,51.0,,Pastick,9.0,51.0,N,,,,,,
63.85680549305686,-146.36352332062378,2003-06-22,1,1,32.0,55.0,,Pastick,6.0,8.0,N,,,,,,
63.8224501073309,-146.97433436613102,2003-06-23,1,0,0.0,50.0,,Pastick,1.0,4.0,N,,,,,,
63.82842788244262,-146.9803234063052,2003-06-23,1,1,20.0,32.0,,Pastick,4.0,12.0,N,,,,,,
63.831210626320335,-146.98678394974175,2003-06-23,1,1,20.0,40.0,,Pastick,5.0,40.0,N,,,,,,
63.835966399733145,-146.98163931492238,2003-06-23,1,0,0.0,80.0,,Pastick,6.0,3.0,N,,,,,,
63.82147036090609,-147.03329015182885,2003-06-23,1,0,0.0,80.0,,Pastick,5.0,14.0,N,,,,,,
63.82495224373937,-147.0338022066317,2003-06-23,1,1,22.0,30.0,,Pastick,8.0,30.0,N,,,,,,
63.82563392547559,-147.03530657536916,2003-06-23,1,1,24.0,45.0,,Pastick,9.0,5.0,N,,,,,,
63.82148278715221,-146.7351426623515,2003-06-24,1,0,0.0,31.0,,Pastick,3.0,5.0,Y,,,,,,
63.82077962977148,-146.7334224992151,2003-06-24,1,1,18.0,41.0,,Pastick,4.0,15.0,N,,,,,,
63.815674205393854,-146.7339379030067,2003-06-24,1,0,0.0,25.0,,Pastick,5.0,12.0,N,,,,,,
63.8050207016142,-146.60421692331002,2003-06-24,1,0,0.0,46.0,,Pastick,1.0,7.0,N,,,,,,
63.80358461454656,-146.61075422081882,2003-06-24,1,0,0.0,37.0,,Pastick,2.0,37.0,Y,,,,,,
63.80103017826294,-146.61196689341207,2003-06-24,1,1,20.0,25.0,,Pastick,3.0,12.0,N,,,,,,
63.79862251806806,-146.6143749815311,2003-06-24,1,1,27.0,50.0,,Pastick,4.0,17.0,N,,,,,,
63.79712750929093,-146.62257550327715,2003-06-24,1,1,70.0,76.0,,Pastick,5.0,4.0,N,,,,,,
63.74241529570529,-146.46277384943787,2003-06-25,1,0,0.0,83.0,,Pastick,1.0,0.0,N,,,,,,
63.73428407427691,-146.4627053661066,2003-06-25,1,1,25.0,44.0,,Pastick,4.0,19.0,N,,,,,,
63.73953556021861,-146.45827068723193,2003-06-25,1,1,20.0,29.0,,Pastick,5.0,20.0,N,,,,,,
63.73903883193437,-146.45268936240302,2003-06-25,1,1,40.0,10.0,,Pastick,6.0,31.0,N,,,,,,
63.72865664144374,-146.3674987031865,2003-06-25,1,0,0.0,60.0,,Pastick,1.0,0.0,N,,,,,,
63.72920649016422,-146.36396295619966,2003-06-25,1,1,17.0,35.0,,Pastick,2.0,8.0,N,,,,,,
63.729973354959085,-146.35677710267217,2003-06-25,1,1,28.0,40.0,,Pastick,3.0,15.0,N,,,,,,
63.73100100699482,-146.34581815339698,2003-06-25,1,1,18.0,40.0,,Pastick,4.0,18.0,N,,,,,,
64.10332188034101,-146.49631151638593,2002-06-26,1,1,38.0,50.0,,Pastick,3.0,50.0,N,,,,,,
64.1044379358424,-146.49208434180568,2002-06-26,1,1,25.0,45.0,,Pastick,2.0,25.0,N,,,,,,
64.14703923050733,-146.46732029372754,2002-06-26,1,1,24.0,50.0,,Pastick,2.0,24.0,N,,,,,,
64.14389309315645,-146.47578596153488,2002-06-26,1,1,34.0,42.0,,Pastick,3.0,34.0,N,,,,,,
64.14387449065936,-146.48314358445162,2002-06-26,1,1,21.0,40.0,,Pastick,4.0,21.0,N,,,,,,
64.14741794267556,-146.4653604363401,2002-06-26,1,1,19.0,60.0,,Pastick,2.0,19.0,N,,,,,,
64.14366516200204,-146.47979768241868,2002-06-26,1,1,31.0,62.0,,Pastick,4.0,31.0,N,,,,,,
64.14646823063372,-146.47070192375082,2002-06-26,1,1,36.0,43.0,,Pastick,3.0,43.0,N,,,,,,
64.1043347781805,-146.48570393100377,2002-06-26,1,0,0.0,71.0,,Pastick,2.0,25.0,N,,,,,,
64.10219751923857,-146.49815815090687,2002-06-26,1,1,26.0,40.0,,Pastick,3.0,26.0,N,,,,,,
64.10146161635656,-146.508677492896,2002-06-26,1,0,0.0,100.0,,Pastick,4.0,2.0,N,,,,,,
63.9923853504308,-146.82977542466494,2002-06-27,1,0,0.0,54.0,,Pastick,5.0,25.0,N,,,,,,
63.9839991620558,-146.8790498384297,2002-06-27,1,1,40.0,50.0,,Pastick,3.0,50.0,N,,,,,,
63.9902710258419,-146.8252102298426,2002-06-27,1,0,0.0,45.0,,Pastick,4.0,22.0,N,,,,,,
63.979040791741646,-146.86362654114413,2002-06-27,1,1,30.0,45.0,,Pastick,4.0,38.0,N,,,,,,
64.02471580312142,-146.7691105763154,2002-06-28,1,1,34.0,60.0,,Pastick,1.0,25.0,N,,,,,,
64.02416891030305,-146.7810447633429,2002-06-28,1,1,36.0,46.0,,Pastick,3.0,36.0,N,,,,,,
64.02223978290405,-146.78728005906768,2002-06-28,1,1,46.0,60.0,,Pastick,4.0,21.0,N,,,,,,
64.05418788996336,-146.800413034285,2002-06-28,1,0,0.0,80.0,,Pastick,3.0,3.0,N,,,,,,
64.02412144240284,-146.77349446601704,2002-06-28,1,0,0.0,55.0,,Pastick,1.0,18.0,N,,,,,,
64.02393462307347,-146.78642820347255,2002-06-28,1,0,0.0,80.0,,Pastick,3.0,8.0,N,,,,,,
64.020583151041,-146.7897273952152,2002-06-28,1,1,40.0,60.0,,Pastick,4.0,20.0,N,,,,,,
64.05349636564945,-146.80666560692669,2002-06-28,1,1,31.0,40.0,,Pastick,5.0,31.0,N,,,,,,
64.05790389711188,-146.7821937631531,2002-06-28,1,1,25.0,40.0,,Pastick,1.0,25.0,N,,,,,,
64.03462873030263,-146.23585037932736,2002-06-29,1,0,0.0,70.0,,Pastick,2.0,10.0,N,,,,,,
64.03668730207663,-146.23309166288996,2002-06-29,1,1,42.0,70.0,,Pastick,3.0,42.0,N,,,,,,
64.03848895693383,-146.22421786277872,2002-06-29,1,1,24.0,46.0,,Pastick,4.0,24.0,N,,,,,,
64.04042821031179,-146.21933177133087,2002-06-29,1,0,0.0,95.0,,Pastick,5.0,20.0,N,,,,,,
64.0175321353686,-146.17035847154924,2002-06-29,1,1,32.0,53.0,,Pastick,1.0,8.0,N,,,,,,
64.02239397155334,-146.16837254393485,2002-06-29,1,0,0.0,50.0,,Pastick,2.0,7.0,N,,,,,,
64.03420414668369,-146.23702883568905,2002-06-29,1,0,0.0,80.0,,Pastick,2.0,10.0,N,,,,,,
64.035724135663,-146.23424406774447,2002-06-29,1,1,30.0,60.0,,Pastick,3.0,30.0,N,,,,,,
64.03859964799801,-146.22984518702046,2002-06-29,1,1,41.0,70.0,,Pastick,4.0,25.0,N,,,,,,
64.03958609286482,-146.2229588946114,2002-06-29,1,1,40.0,59.0,,Pastick,5.0,27.0,N,,,,,,
64.01575828060965,-146.17247732691354,2002-06-29,1,1,40.0,45.0,,Pastick,1.0,45.0,N,,,,,,
64.02358823550199,-146.17478296505053,2002-06-29,1,1,41.0,68.0,,Pastick,4.0,6.0,N,,,,,,
64.02816357364887,-146.1729081850408,2002-06-29,1,0,0.0,33.0,,Pastick,5.0,6.0,N,,,,,,
64.01666011428037,-146.1700979320816,2002-06-29,1,1,30.0,56.0,,Pastick,2.0,8.0,N,,,,,,
64.01925727004758,-146.16914104368732,2002-06-29,1,1,25.0,80.0,,Pastick,3.0,15.0,N,,,,,,
63.95255023075134,-146.13256093736695,2002-06-30,1,0,0.0,120.0,,Pastick,1.0,7.0,N,,,,,,
63.95463415126613,-146.13888576632863,2002-06-30,1,1,30.0,63.0,,Pastick,3.0,6.0,N,,,,,,
63.95907800011124,-146.19701723444632,2002-06-30,1,0,0.0,80.0,,Pastick,1.0,6.0,N,,,,,,
63.956176747211984,-146.19011872914436,2002-06-30,1,1,32.0,53.0,,Pastick,2.0,32.0,N,,,,,,
63.95595754273431,-146.1798568569418,2002-06-30,1,1,29.0,50.0,,Pastick,3.0,29.0,N,,,,,,
63.94719620971605,-146.19227597985068,2002-06-30,1,1,24.0,50.0,,Pastick,4.0,12.0,N,,,,,,
63.959936825443954,-146.19652304460132,2002-06-30,1,1,46.0,53.0,,Pastick,1.0,53.0,N,,,,,,
63.9583115920253,-146.1931398077906,2002-06-30,1,1,26.0,47.0,,Pastick,2.0,26.0,N,,,,,,
63.95643190260114,-146.18760040381494,2002-06-30,1,1,38.0,64.0,,Pastick,3.0,5.0,N,,,,,,
63.9480536602361,-146.19314924200336,2002-06-30,1,1,17.0,38.0,,Pastick,4.0,22.0,N,,,,,,
63.94467253172476,-146.188736849259,2002-06-30,1,1,45.0,56.0,,Pastick,5.0,31.0,N,,,,,,
63.95261199642599,-146.13088527020972,2002-06-30,1,1,40.0,60.0,,Pastick,1.0,60.0,N,,,,,,
63.95257659217613,-146.13396852430787,2002-06-30,1,0,0.0,88.0,,Pastick,2.0,12.0,N,,,,,,
63.95633397521458,-146.15475672341395,2002-06-30,1,1,50.0,65.0,,Pastick,5.0,13.0,N,,,,,,
64.07548387977161,-146.56284658802608,2002-07-01,1,1,46.0,65.0,,Pastick,1.0,33.0,N,,,,,,
64.07561382587461,-146.55538234277657,2002-07-01,1,0,0.0,115.0,,Pastick,2.0,11.0,N,,,,,,
64.07660517646022,-146.5480065647736,2002-07-01,1,1,33.0,60.0,,Pastick,3.0,21.0,N,,,,,,
64.04822016646419,-146.51731528787064,2002-07-01,1,1,22.0,64.0,,Pastick,1.0,22.0,N,,,,,,
64.04798297474157,-146.5054817360293,2002-07-01,1,1,30.0,50.0,,Pastick,2.0,5.0,N,,,,,,
64.04808360500414,-146.49300735096503,2002-07-01,1,1,48.0,65.0,,Pastick,3.0,8.0,N,,,,,,
64.04799178164608,-146.48475541022802,2002-07-01,1,1,50.0,65.0,,Pastick,4.0,50.0,N,,,,,,
64.04827242688552,-146.5222706808885,2002-07-01,1,1,27.0,66.0,,Pastick,1.0,40.0,N,,,,,,
64.04836474483125,-146.51223358944324,2002-07-01,1,1,62.0,71.0,,Pastick,2.0,8.0,N,,,,,,
64.04835643822385,-146.49922852053714,2002-07-01,1,1,37.0,65.0,,Pastick,3.0,30.0,N,,,,,,
64.0480791764375,-146.48917758220912,2002-07-01,1,1,24.0,39.0,,Pastick,4.0,39.0,N,,,,,,
64.07497974991635,-146.5653145022761,2002-07-01,1,1,30.0,70.0,,Pastick,1.0,45.0,N,,,,,,
64.0760472487252,-146.55920909941548,2002-07-01,1,1,28.0,60.0,,Pastick,2.0,33.0,N,,,,,,
64.0758392889818,-146.54990504808612,2002-07-01,1,1,30.0,80.0,,Pastick,3.0,22.0,N,,,,,,
63.79756019912314,-146.8780629608867,2003-07-01,1,1,30.0,60.0,,Pastick,4.0,21.0,N,,,,,,
63.79797855476036,-146.86415675798466,2003-07-01,1,1,21.0,35.0,,Pastick,5.0,21.0,N,,,,,,
64.1967827397431,-146.74288916180217,2002-07-02,1,0,0.0,85.0,,Pastick,2.0,42.0,N,,,,,,
64.19541615134449,-146.73641634968655,2002-07-02,1,1,40.0,60.0,,Pastick,3.0,28.0,N,,,,,,
64.10395434128759,-146.6473376730812,2002-07-02,1,1,25.0,60.0,,Pastick,1.0,30.0,N,,,,,,
64.10767241510469,-146.64115389974395,2002-07-02,1,1,37.0,57.0,,Pastick,2.0,25.0,N,,,,,,
64.10709095054312,-146.63467592885956,2002-07-02,1,1,50.0,70.0,,Pastick,3.0,50.0,N,,,,,,
64.1143119813047,-146.62992109998763,2002-07-02,1,1,49.0,69.0,,Pastick,4.0,69.0,N,,,,,,
64.10577316704995,-146.64614485097883,2002-07-02,1,1,42.0,53.0,,Pastick,1.0,47.0,N,,,,,,
64.10803123976619,-146.6374754242511,2002-07-02,1,1,20.0,75.0,,Pastick,2.0,20.0,N,,,,,,
64.1108140682704,-146.6306860163686,2002-07-02,1,1,37.0,74.0,,Pastick,3.0,37.0,N,,,,,,
64.11759811909536,-146.6305754764528,2002-07-02,1,1,27.0,45.0,,Pastick,4.0,20.0,N,,,,,,
64.19560234102963,-146.74016177157185,2002-07-02,1,0,0.0,82.0,,Pastick,3.0,24.0,N,,,,,,
64.19532654460875,-146.74662922333883,2002-07-02,1,0,0.0,80.0,,Pastick,4.0,0.0,N,,,,,,
63.82041532387983,-146.91193004452603,2003-07-02,1,1,27.0,54.0,,Pastick,1.0,44.0,N,,,,,,
63.82210326411019,-146.91322498041154,2003-07-02,1,1,30.0,53.0,,Pastick,2.0,4.0,N,,,,,,
63.823726675070034,-146.9116962173742,2003-07-02,1,1,36.0,60.0,,Pastick,3.0,0.0,N,,,,,,
63.825153650160296,-146.91181365642217,2003-07-02,1,1,22.0,50.0,,Pastick,4.0,22.0,N,,,,,,
63.82834719130014,-146.90973100416485,2003-07-02,1,1,36.0,50.0,,Pastick,5.0,19.0,N,,,,,,
63.83408257985816,-146.91111501866803,2003-07-02,1,0,0.0,60.0,,Pastick,6.0,0.0,N,,,,,,
63.83487977690112,-146.90869383661655,2003-07-02,1,0,0.0,80.0,,Pastick,7.0,7.0,N,,,,,,
63.79696084304352,-146.88035918418774,2003-07-02,1,0,0.0,42.0,,Pastick,3.0,25.0,Y,,,,,,
63.78661986095821,-146.76223253280986,2003-07-04,1,1,18.0,33.0,,Pastick,1.0,33.0,N,,,,,,
63.78768744003641,-146.76751951398296,2003-07-04,1,0,0.0,70.0,,Pastick,2.0,0.0,N,,,,,,
63.78798533525711,-146.7742740562407,2003-07-04,1,1,18.0,40.0,,Pastick,3.0,40.0,N,,,,,,
63.78824280903777,-146.7841945184804,2003-07-04,1,0,0.0,65.0,,Pastick,4.0,4.0,N,,,,,,
63.79066991384639,-146.78691555281122,2003-07-04,1,1,25.0,54.0,,Pastick,5.0,20.0,N,,,,,,
63.79210139077483,-146.79003006095672,2003-07-04,1,0,0.0,65.0,,Pastick,6.0,16.0,N,,,,,,
63.79403596587199,-146.79356740653714,2003-07-04,1,0,0.0,100.0,,Pastick,7.0,5.0,N,,,,,,
63.82537504128045,-146.82856967269336,2003-07-04,1,1,59.0,76.0,,Pastick,4.0,76.0,N,,,,,,
63.8252990361597,-146.82505510732278,2003-07-04,1,0,0.0,23.0,,Pastick,5.0,23.0,Y,,,,,,
63.84699138906936,-146.59685616035162,2003-07-05,1,0,0.0,69.0,,Pastick,1.0,15.0,N,,,,,,
63.84755901461335,-146.5976614123521,2003-07-05,1,0,0.0,40.0,,Pastick,2.0,0.0,N,,,,,,
63.849269206386026,-146.59948752593272,2003-07-05,1,1,30.0,50.0,,Pastick,5.0,3.0,N,,,,,,
63.85023444708129,-146.59805025925343,2003-07-05,1,1,37.0,50.0,,Pastick,6.0,50.0,N,,,,,,
63.8520368586908,-146.59753643377047,2003-07-05,1,0,0.0,50.0,,Pastick,7.0,25.0,N,,,,,,
63.853257488626326,-146.5975800060241,2003-07-05,1,0,0.0,52.0,,Pastick,8.0,20.0,N,,,,,,
63.85504859858538,-146.59623232489645,2003-07-05,1,0,0.0,70.0,,Pastick,9.0,5.0,N,,,,,,
63.86165019157385,-146.59178391054198,2003-07-05,1,1,41.0,55.0,,Pastick,12.0,55.0,N,,,,,,
63.8628587699336,-146.59392300174966,2003-07-05,1,0,0.0,60.0,,Pastick,13.0,3.0,N,,,,,,
63.90982580504316,-146.59878744598436,2003-07-06,1,1,25.0,52.0,,Pastick,1.0,38.0,N,,,,,,
63.91014099288625,-146.59595017059564,2003-07-06,1,0,0.0,90.0,,Pastick,2.0,2.0,N,,,,,,
63.91092539749915,-146.5940435257951,2003-07-06,1,0,0.0,200.0,,Pastick,3.0,0.0,N,,,,,,
63.91466581179216,-146.59019823342126,2003-07-06,1,1,41.0,71.0,,Pastick,5.0,21.0,N,,,,,,
63.914790810948574,-146.5868128223023,2003-07-06,1,1,30.0,50.0,,Pastick,6.0,8.0,N,,,,,,
63.91434250260698,-146.57454900602136,2003-07-06,1,0,0.0,70.0,,Pastick,7.0,6.0,N,,,,,,
63.87649116050549,-146.5662262161673,2003-07-06,1,1,28.0,50.0,,Pastick,1.0,28.0,N,,,,,,
63.87373593915725,-146.56024409977238,2003-07-06,1,0,0.0,47.0,,Pastick,2.0,25.0,N,,,,,,
63.86801091956612,-146.53461211842512,2003-07-06,1,1,19.0,37.0,,Pastick,6.0,28.0,N,,,,,,
63.8720237598985,-146.55499965766296,2003-07-06,1,0,0.0,62.0,,Pastick,3.0,10.0,N,,,,,,
63.87091801301348,-146.5514760118076,2003-07-06,1,0,0.0,70.0,,Pastick,4.0,0.0,N,,,,,,
63.86963429078644,-146.5484642606586,2003-07-06,1,0,0.0,52.0,,Pastick,5.0,3.0,N,,,,,,
63.82297755860764,-146.51820808098026,2003-07-07,1,1,46.0,61.0,,Pastick,4.0,61.0,N,,,,,,
63.82403914334437,-146.51630041117548,2003-07-07,1,0,0.0,70.0,,Pastick,5.0,0.0,N,,,,,,
63.827481233621725,-146.50975926804207,2003-07-07,1,0,0.0,43.0,,Pastick,6.0,9.0,N,,,,,,
63.828929790518174,-146.50556825521372,2003-07-07,1,0,0.0,60.0,,Pastick,7.0,7.0,N,,,,,,
63.83233443846184,-146.4987204697551,2003-07-07,1,0,0.0,97.0,,Pastick,8.0,2.0,N,,,,,,
63.97378539550764,-146.04688525542076,2002-07-08,1,1,40.0,65.0,,Pastick,1.0,32.0,N,,,,,,
63.97234482992869,-146.03802838102268,2002-07-08,1,1,52.0,70.0,,Pastick,3.0,17.0,N,,,,,,
63.8614076672038,-146.9774928772718,2003-07-08,1,1,18.0,37.0,,Pastick,1.0,24.0,N,,,,,,
63.86022325085091,-146.97865338770728,2003-07-08,1,1,15.0,50.0,,Pastick,2.0,27.0,N,,,,,,
63.85809624675704,-146.97784133285336,2003-07-08,1,0,0.0,80.0,,Pastick,3.0,10.0,N,,,,,,
63.856148659365694,-146.97664278901186,2003-07-08,1,0,0.0,71.0,,Pastick,4.0,5.0,N,,,,,,
63.853815356880375,-146.9765633698101,2003-07-08,1,1,22.0,47.0,,Pastick,5.0,41.0,N,,,,,,
63.8517691610991,-146.97607698171754,2003-07-08,1,1,19.0,45.0,,Pastick,6.0,14.0,N,,,,,,
63.84859221428854,-146.97559164408082,2003-07-08,1,1,25.0,50.0,,Pastick,7.0,25.0,N,,,,,,
63.84695013014952,-146.9767724177128,2003-07-08,1,0,0.0,65.0,,Pastick,8.0,14.0,N,,,,,,
63.95873537174643,-145.9899653718105,2002-07-09,1,1,69.0,75.0,,Pastick,1.0,75.0,N,,,,,,
63.95611899448757,-145.97142096697866,2002-07-09,1,1,50.0,55.0,,Pastick,4.0,10.0,N,,,,,,
63.95940235621653,-145.97883441422383,2002-07-09,1,1,40.0,54.0,,Pastick,3.0,54.0,N,,,,,,
63.85859376805345,-146.95587153261255,2003-07-09,1,0,0.0,65.0,,Pastick,1.0,0.0,N,,,,,,
63.86083570734528,-146.95088382027132,2003-07-09,1,1,20.0,26.0,,Pastick,2.0,20.0,N,,,,,,
63.86316754763845,-146.94679033597544,2003-07-09,1,1,20.0,40.0,,Pastick,3.0,20.0,N,,,,,,
63.86611022864833,-146.94452620293302,2003-07-09,1,1,20.0,40.0,,Pastick,4.0,40.0,N,,,,,,
63.8650419243547,-146.94355166626545,2003-07-09,1,1,40.0,73.0,,Pastick,5.0,57.0,N,,,,,,
63.86622612277058,-146.94255226075296,2003-07-09,1,1,21.0,38.0,,Pastick,6.0,38.0,N,,,,,,
63.86723028200743,-146.940210157753,2003-07-09,1,1,50.0,70.0,,Pastick,7.0,50.0,N,,,,,,
63.86913197679158,-146.9382322001049,2003-07-09,1,1,43.0,52.0,,Pastick,8.0,7.0,N,,,,,,
63.97499903429531,-146.8267558181422,2002-07-10,1,1,29.0,53.0,,Pastick,1.0,29.0,N,,,,,,
63.97078108249893,-146.8266389355667,2002-07-10,1,1,36.0,55.0,,Pastick,2.0,36.0,N,,,,,,
63.96524494706983,-146.82736744585975,2002-07-10,1,1,35.0,60.0,,Pastick,3.0,35.0,N,,,,,,
63.96103550163374,-146.82686254545158,2002-07-10,1,1,36.0,60.0,,Pastick,4.0,36.0,N,,,,,,
63.95809243716376,-146.8272277651481,2002-07-10,1,1,31.0,45.0,,Pastick,5.0,45.0,N,,,,,,
63.94055853259262,-146.86212030887262,2002-07-10,1,1,33.0,65.0,,Pastick,2.0,15.0,N,,,,,,
63.97406559192532,-146.82663903545932,2002-07-10,1,1,36.0,59.0,,Pastick,1.0,36.0,N,,,,,,
63.9667522161679,-146.82705185167833,2002-07-10,1,1,35.0,60.0,,Pastick,2.0,52.0,N,,,,,,
63.96360275124963,-146.82741839788306,2002-07-10,1,1,31.0,52.0,,Pastick,3.0,31.0,N,,,,,,
63.9591511769488,-146.82705791937903,2002-07-10,1,1,29.0,55.0,,Pastick,4.0,29.0,N,,,,,,
63.9564951827805,-146.82733967416584,2002-07-10,1,1,46.0,60.0,,Pastick,5.0,46.0,N,,,,,,
63.94475369088913,-146.85724340690643,2002-07-10,1,1,25.0,80.0,,Pastick,1.0,31.0,N,,,,,,
63.94185174399803,-146.86311367191055,2002-07-10,1,1,30.0,50.0,,Pastick,3.0,42.0,N,,,,,,
63.94364671972431,-146.8012203300266,2002-07-11,1,1,32.0,60.0,,Pastick,1.0,32.0,N,,,,,,
63.94197901248235,-146.79582546799722,2002-07-11,1,1,36.0,58.0,,Pastick,2.0,40.0,N,,,,,,
63.93900821510261,-146.78929855656023,2002-07-11,1,1,39.0,65.0,,Pastick,3.0,39.0,N,,,,,,
63.93563962707862,-146.781021879172,2002-07-11,1,1,42.0,60.0,,Pastick,4.0,42.0,N,,,,,,
63.9301084327544,-146.77315218009403,2002-07-11,1,1,31.0,48.0,,Pastick,5.0,31.0,N,,,,,,
63.98470926109734,-146.76339214865163,2002-07-11,1,0,0.0,40.0,,Pastick,3.0,18.0,N,,,,,,
63.979710768063285,-146.76343437892706,2002-07-11,1,0,0.0,85.0,,Pastick,4.0,13.0,N,,,,,,
63.94292544898567,-146.79879745427877,2002-07-11,1,1,37.0,65.0,,Pastick,1.0,64.0,N,,,,,,
63.940880713430026,-146.79338524914164,2002-07-11,1,1,39.0,70.0,,Pastick,2.0,39.0,N,,,,,,
63.93749410864716,-146.78490367539104,2002-07-11,1,1,29.0,60.0,,Pastick,3.0,29.0,N,,,,,,
63.933659342238215,-146.77710080112257,2002-07-11,1,1,32.0,60.0,,Pastick,4.0,39.0,N,,,,,,
63.98826321762908,-146.76910471667532,2002-07-11,1,0,0.0,100.0,,Pastick,1.0,0.0,N,,,,,,
63.98705010554625,-146.76809295009116,2002-07-11,1,0,0.0,80.0,,Pastick,2.0,6.0,N,,,,,,
63.982825595781776,-146.76393930601955,2002-07-11,1,1,31.0,70.0,,Pastick,4.0,13.0,N,,,,,,
63.99069698295658,-146.7056038444066,2002-07-12,1,1,50.0,65.0,,Pastick,2.0,27.0,N,,,,,,
63.99200030855111,-146.7066325308973,2002-07-12,1,1,32.0,40.0,,Pastick,2.0,7.0,N,,,,,,
63.981495070445,-146.7039026187203,2002-07-12,1,0,0.0,58.0,,Pastick,3.0,9.0,N,,,,,,
63.92279617508836,-146.18302782021598,2002-07-12,1,1,27.0,33.0,,Pastick,4.0,27.0,N,,,,,,
63.970358260697246,-146.6995680372383,2002-07-12,1,0,0.0,80.0,,Pastick,4.0,20.0,N,,,,,,
63.923524831134685,-146.18015196709626,2002-07-13,1,1,31.0,50.0,,Pastick,4.0,18.0,N,,,,,,
64.03534604794748,-146.7208140639214,2002-07-14,1,0,0.0,160.0,,Pastick,1.0,8.0,Y,,,,,,
64.04620613696001,-146.72160655253555,2002-07-14,1,0,0.0,60.0,,Pastick,2.0,0.0,N,,,,,,
64.04388488145412,-146.72318594881116,2002-07-14,1,1,37.0,45.0,,Pastick,3.0,22.0,N,,,,,,
64.03597480744962,-146.72111484912622,2002-07-14,1,0,0.0,105.0,,Pastick,1.0,8.0,N,,,,,,
64.03264381223626,-146.71564198613854,2002-07-14,1,1,47.0,90.0,,Pastick,3.0,42.0,N,,,,,,
64.00284204417929,-146.64296938428936,2002-07-15,1,0,0.0,70.0,,Pastick,2.0,23.0,N,,,,,,
64.00128445640304,-146.63372723559704,2002-07-15,1,1,52.0,70.0,,Pastick,3.0,38.0,N,,,,,,
63.998714583256245,-146.62194418008548,2002-07-15,1,1,53.0,68.0,,Pastick,4.0,22.0,N,,,,,,
64.00742817329932,-146.64311535232898,2002-07-15,1,1,32.0,50.0,,Pastick,1.0,20.0,N,,,,,,
64.01165639974887,-146.64005472425816,2002-07-15,1,0,0.0,85.0,,Pastick,2.0,4.0,N,,,,,,
64.00403906603474,-146.648066101219,2002-07-15,1,1,65.0,82.0,,Pastick,1.0,5.0,N,,,,,,
64.00145199836825,-146.6361172357166,2002-07-15,1,1,46.0,54.0,,Pastick,3.0,22.0,N,,,,,,
63.99894038339533,-146.62596865212413,2002-07-15,1,1,27.0,55.0,,Pastick,4.0,18.0,N,,,,,,
64.0063413183202,-146.6463807143071,2002-07-15,1,1,27.0,43.0,,Pastick,1.0,16.0,N,,,,,,
64.00895705172937,-146.6408052681259,2002-07-15,1,1,34.0,64.0,,Pastick,2.0,24.0,N,,,,,,
64.0099716838949,-146.63741760461298,2002-07-15,1,0,0.0,49.0,,Pastick,3.0,17.0,N,,,,,,
64.02133441966201,-146.65273846305274,2002-07-16,1,0,0.0,100.0,,Pastick,1.0,11.0,N,,,,,,
64.02221747486557,-146.6618736737117,2002-07-16,1,1,50.0,60.0,,Pastick,3.0,24.0,N,,,,,,
63.99429743727438,-146.7296247572464,2002-07-16,1,0,0.0,85.0,,Pastick,2.0,10.0,N,,,,,,
63.9975754979308,-146.73098321985754,2002-07-16,1,1,40.0,55.0,,Pastick,3.0,25.0,N,,,,,,
64.00365487156897,-146.73311265511705,2002-07-16,1,1,27.0,50.0,,Pastick,4.0,27.0,N,,,,,,
63.99181397797545,-146.7308955214787,2002-07-16,1,0,0.0,115.0,,Pastick,1.0,4.0,N,,,,,,
63.9962372093951,-146.73036237717704,2002-07-16,1,0,0.0,63.0,,Pastick,3.0,10.0,N,,,,,,
64.00099750375001,-146.7325450792529,2002-07-16,1,0,0.0,52.0,,Pastick,4.0,15.0,N,,,,,,
64.02152427973195,-146.6495851481875,2002-07-16,1,1,40.0,64.0,,Pastick,1.0,15.0,N,,,,,,
64.02146224881686,-146.65744283716066,2002-07-16,1,1,85.0,105.0,,Pastick,3.0,6.0,N,,,,,,
64.0230882853582,-146.66589413091634,2002-07-16,1,0,0.0,90.0,,Pastick,4.0,9.0,N,,,,,,
64.020805267673,-146.61714419876307,2002-07-16,1,1,31.0,63.0,,Pastick,1.0,31.0,N,,,,,,
64.02649507567095,-146.60714099817218,2002-07-16,1,1,37.0,70.0,,Pastick,4.0,26.0,N,,,,,,
64.00433431347295,-146.50864592860304,2002-07-17,1,1,45.0,63.0,,Pastick,1.0,45.0,N,,,,,,
64.00579976655436,-146.51477548042257,2002-07-17,1,1,42.0,60.0,,Pastick,2.0,42.0,N,,,,,,
64.00251238071105,-146.508596138388,2002-07-17,1,1,37.0,62.0,,Pastick,1.0,62.0,N,,,,,,
64.00543294477141,-146.5124301846265,2002-07-17,1,1,49.0,55.0,,Pastick,2.0,8.0,N,,,,,,
64.00454992727921,-146.51673977186312,2002-07-17,1,1,28.0,33.0,,Pastick,3.0,33.0,N,,,,,,
63.92038673027934,-146.68526109102444,2003-07-17,1,1,37.0,40.0,,Pastick,1.0,40.0,N,,,,,,
63.92368287915139,-146.68234923800722,2003-07-17,1,1,41.0,55.0,,Pastick,2.0,55.0,N,,,,,,
63.85926236572077,-146.88326796278287,2003-07-18,1,0,0.0,73.0,,Pastick,1.0,0.0,N,,,,,,
63.860357066103866,-146.88308033399505,2003-07-18,1,1,38.0,60.0,,Pastick,2.0,60.0,N,,,,,,
63.86165841851357,-146.88319699521912,2003-07-18,1,1,27.0,40.0,,Pastick,3.0,27.0,N,,,,,,
63.86709473403357,-146.88069195390008,2003-07-18,1,0,0.0,45.0,,Pastick,6.0,7.0,N,,,,,,
63.86884366542433,-146.87944322175588,2003-07-18,1,0,0.0,75.0,,Pastick,7.0,11.0,N,,,,,,
63.87131044905992,-146.8781098220691,2003-07-18,1,1,40.0,45.0,,Pastick,9.0,45.0,N,,,,,,
63.87132558303671,-146.87481285002022,2003-07-18,1,0,0.0,75.0,,Pastick,10.0,0.0,N,,,,,,
63.87138643037797,-146.87255358281718,2003-07-18,1,1,34.0,44.0,,Pastick,11.0,44.0,N,,,,,,
63.870386556245066,-146.87864293912753,2003-07-18,1,1,24.0,27.0,,Pastick,80.0,24.0,N,,,,,,
63.858700234249646,-146.89954400705938,2003-07-19,1,0,0.0,90.0,,Pastick,1.0,5.0,N,,,,,,
63.85783479779148,-146.88243987863598,2003-07-19,1,0,0.0,70.0,,Pastick,2.0,7.0,N,,,,,,
63.8557056453736,-146.87968252941707,2003-07-19,1,1,31.0,54.0,,Pastick,3.0,54.0,N,,,,,,
63.853792372256336,-146.8775754886785,2003-07-19,1,1,29.0,50.0,,Pastick,4.0,45.0,N,,,,,,
63.85098612190302,-146.87034786415813,2003-07-19,1,0,0.0,50.0,,Pastick,7.0,4.0,N,,,,,,
63.846752442668894,-146.8629456118865,2003-07-19,1,0,0.0,55.0,,Pastick,8.0,7.0,N,,,,,,
64.04959034225335,-146.75190549560003,2003-07-19,1,0,0.0,30.0,,Pastick,1.0,6.0,N,,,,,,
64.0498549292962,-146.75446331922518,2003-07-19,1,1,51.0,76.0,,Pastick,4.0,38.0,N,,,,,,
64.05068045566942,-146.75441509481246,2003-07-19,1,1,30.0,40.0,,Pastick,5.0,10.0,N,,,,,,
64.05249206763338,-146.75374369091895,2003-07-19,1,1,29.0,36.0,,Pastick,6.0,23.0,N,,,,,,
63.878189135078486,-146.78242592174234,2003-07-20,1,0,0.0,53.0,,Pastick,1.0,9.0,N,,,,,,
63.87838136323333,-146.78494863344005,2003-07-20,1,0,0.0,75.0,,Pastick,2.0,44.0,N,,,,,,
63.8793290410275,-146.78860567075483,2003-07-20,1,0,0.0,42.0,,Pastick,3.0,5.0,N,,,,,,
63.88018697301764,-146.79232468986763,2003-07-20,1,1,33.0,44.0,,Pastick,4.0,33.0,N,,,,,,
63.86360634338451,-146.4748469681897,2003-07-21,1,1,22.0,40.0,,Pastick,1.0,26.0,N,,,,,,
63.68580115134435,-146.4767658007982,2003-07-21,1,1,47.0,52.0,,Pastick,2.0,8.0,N,,,,,,
63.86753731092256,-146.4748957164625,2003-07-21,1,1,16.0,27.0,,Pastick,3.0,16.0,N,,,,,,
63.774833411624336,-146.56758442759107,2003-07-22,1,1,32.0,55.0,,Pastick,1.0,28.0,N,,,,,,
63.774192495523536,-146.5693384534306,2003-07-22,1,1,22.0,51.0,,Pastick,2.0,10.0,N,,,,,,
63.77229624190736,-146.57449825182232,2003-07-22,1,1,37.0,50.0,,Pastick,3.0,6.0,N,,,,,,
63.772517935801496,-146.94460856989676,2003-07-22,1,1,30.0,52.0,,Pastick,5.0,52.0,N,,,,,,
63.77052838902947,-146.58066939461696,2003-07-22,1,1,31.0,55.0,,Pastick,6.0,55.0,N,,,,,,
63.7374508026018,-146.23742163759934,2003-07-22,1,0,0.0,80.0,,Pastick,4.0,65.0,N,,,,,,
63.7784790406156,-146.6864573205707,2003-07-22,1,0,0.0,59.0,,Pastick,1.0,11.0,N,,,,,,
63.77644384163234,-146.68325489310263,2003-07-22,1,0,0.0,105.0,,Pastick,2.0,0.0,N,,,,,,
63.77513453788075,-146.6756029185013,2003-07-22,1,0,0.0,152.0,,Pastick,3.0,8.0,N,,,,,,
63.77775569978996,-146.66411234837022,2003-07-22,1,0,0.0,203.0,,Pastick,4.0,10.0,N,,,,,,
63.77897531257624,-146.65610559118974,2003-07-22,1,0,0.0,50.0,,Pastick,5.0,14.0,N,,,,,,
63.78007233646086,-146.65325223869172,2003-07-22,1,0,0.0,110.0,,Pastick,6.0,0.0,N,,,,,,
63.78073808564144,-146.64652933570042,2003-07-22,1,1,47.0,55.0,,Pastick,7.0,55.0,N,,,,,,
63.72754508694652,-146.22276490424844,2003-07-23,1,0,0.0,65.0,,Pastick,1.0,0.0,N,,,,,,
63.7361871671338,-146.23437689800318,2003-07-23,1,0,0.0,60.0,,Pastick,3.0,9.0,N,,,,,,
63.74073580141084,-146.24428175050494,2003-07-23,1,0,0.0,75.0,,Pastick,5.0,6.0,N,,,,,,
63.72981176525671,-146.22703631689453,2003-07-23,1,0,0.0,42.0,,Pastick,2.0,7.0,N,,,,,,
63.74130202164324,-146.24615069664267,2003-07-23,1,1,30.0,47.0,,Pastick,6.0,30.0,N,,,,,,
63.901712429350525,-146.76639336149452,2003-07-23,1,1,30.0,45.0,,Pastick,3.0,21.0,N,,,,,,
63.90378988142525,-146.76358473563192,2003-07-23,1,0,0.0,50.0,,Pastick,4.0,15.0,N,,,,,,
63.902155711783166,-146.7576289956433,2003-07-23,1,1,22.0,40.0,,Pastick,5.0,32.0,N,,,,,,
63.90111744395776,-146.75393007660057,2003-07-23,1,1,40.0,47.0,,Pastick,6.0,47.0,N,,,,,,
63.900529362116046,-146.75114419217223,2003-07-23,1,0,0.0,50.0,,Pastick,7.0,0.0,N,,,,,,
63.7191903330845,-146.20319643298978,2003-07-23,1,1,25.0,54.0,,Pastick,1.0,25.0,N,,,,,,
63.72077831631239,-146.2014714954004,2003-07-23,1,1,45.0,47.0,,Pastick,2.0,19.0,N,,,,,,
63.72569116546059,-146.19888300086953,2003-07-23,1,1,47.0,47.0,,Pastick,5.0,23.0,N,,,,,,
63.7312219348001,-146.19445340795255,2003-07-23,1,0,0.0,50.0,,Pastick,6.0,3.0,N,,,,,,
64.109167274134,-146.38286394095837,2002-07-24,1,1,80.0,104.0,,Pastick,1.0,20.0,N,,,,,,
64.11565075292553,-146.39023433424038,2002-07-24,1,0,0.0,70.0,,Pastick,3.0,4.0,N,,,,,,
64.11186285550626,-146.3815314781874,2002-07-24,1,0,0.0,145.0,,Pastick,2.0,5.0,N,,,,,,
64.10903096207743,-146.30856420310965,2002-07-24,1,1,40.0,65.0,,Pastick,1.0,32.0,N,,,,,,
64.10603131409252,-146.31188139525847,2002-07-24,1,1,48.0,65.0,,Pastick,2.0,48.0,N,,,,,,
64.10398529177522,-146.3195456028639,2002-07-24,1,1,30.0,60.0,,Pastick,3.0,30.0,N,,,,,,
64.10165860712354,-146.32676401007348,2002-07-24,1,1,42.0,55.0,,Pastick,4.0,55.0,N,,,,,,
64.11024244415286,-146.30855464465645,2002-07-24,1,1,74.0,81.0,,Pastick,1.0,68.0,N,,,,,,
64.10683279076076,-146.31056857261066,2002-07-24,1,1,25.0,55.0,,Pastick,2.0,17.0,N,,,,,,
64.10349993329794,-146.3155557451668,2002-07-24,1,1,36.0,57.0,,Pastick,3.0,20.0,N,,,,,,
64.10281160150672,-146.3257511280909,2002-07-24,1,1,29.0,44.0,,Pastick,4.0,44.0,N,,,,,,
64.11059790224732,-146.38587018041545,2002-07-24,1,0,0.0,80.0,,Pastick,1.0,0.0,N,,,,,,
64.11600729360619,-146.3875164767066,2002-07-24,1,0,0.0,40.0,,Pastick,3.0,4.0,N,,,,,,
64.11045586908374,-146.38199378966434,2002-07-24,1,1,62.0,87.0,,Pastick,2.0,0.0,N,,,,,,
64.07199449636151,-146.1903445251723,2002-07-25,1,1,48.0,68.0,,Pastick,1.0,58.0,N,,,,,,
64.07069793006187,-146.19767939279697,2002-07-25,1,0,0.0,95.0,,Pastick,2.0,12.0,N,,,,,,
64.07053250519195,-146.21506618117644,2002-07-25,1,0,0.0,60.0,,Pastick,4.0,21.0,N,,,,,,
64.07184730772676,-146.1961704241901,2002-07-25,1,1,33.0,48.0,,Pastick,1.0,27.0,N,,,,,,
64.07010015592417,-146.2081502462518,2002-07-25,1,0,0.0,165.0,,Pastick,3.0,10.0,N,,,,,,
64.01423069475736,-146.08108131394147,2002-07-26,1,1,42.0,74.0,,Pastick,1.0,42.0,N,,,,,,
64.02165401625435,-146.06999228277755,2002-07-26,1,0,0.0,60.0,,Pastick,5.0,0.0,N,,,,,,
64.01772977339797,-146.07808153193264,2002-07-26,1,1,49.0,62.0,,Pastick,3.0,40.0,N,,,,,,
64.0188339954078,-146.07108864985395,2002-07-26,1,0,0.0,90.0,,Pastick,4.0,41.0,N,,,,,,
64.01618774496825,-146.07833696221616,2002-07-26,1,0,0.0,100.0,,Pastick,2.0,18.0,N,,,,,,
64.01816982131831,-146.0738932404076,2002-07-26,1,1,70.0,80.0,,Pastick,3.0,25.0,N,,,,,,
64.02060851779979,-146.07070229685127,2002-07-26,1,0,0.0,150.0,,Pastick,4.0,6.0,N,,,,,,
63.86708845900168,-145.96659707077643,2002-07-27,1,1,70.0,83.0,,Pastick,1.0,13.0,N,,,,,,
63.8707874496936,-145.9642631147034,2002-07-27,1,1,43.0,60.0,,Pastick,2.0,20.0,N,,,,,,
63.86818461266289,-145.96802209085007,2002-07-28,1,0,0.0,150.0,,Pastick,2.0,0.0,N,,,,,,
63.87038418889005,-145.96059413592417,2002-07-28,1,1,107.0,115.0,,Pastick,3.0,13.0,N,,,,,,
63.90238707201406,-145.96656240211686,2002-07-28,1,0,0.0,90.0,,Pastick,3.0,11.0,N,,,,,,
63.87692438498521,-146.9452580271607,2002-07-29,1,0,0.0,83.0,,Pastick,2.0,9.0,N,,,,,,
63.8812223410098,-146.94351919799777,2002-07-29,1,1,47.0,65.0,,Pastick,3.0,47.0,N,,,,,,
63.87128773901978,-146.9430100062953,2002-07-29,1,1,50.0,76.0,,Pastick,1.0,29.0,N,,,,,,
63.87893435626321,-146.94462305652158,2002-07-29,1,1,47.0,68.0,,Pastick,3.0,47.0,N,,,,,,
64.10990292782613,-146.45239004484816,2002-07-30,1,1,41.0,50.0,,Pastick,1.0,41.0,N,,,,,,
64.11115793192198,-146.44491407796374,2002-07-30,1,1,58.0,77.0,,Pastick,2.0,58.0,N,,,,,,
64.1141362074333,-146.43296830527248,2002-07-30,1,1,42.0,55.0,,Pastick,3.0,44.0,N,,,,,,
64.11215985167482,-146.4210408869367,2002-07-30,1,0,0.0,54.0,,Pastick,4.0,0.0,N,,,,,,
63.96857317130682,-146.1467083809579,2002-07-30,1,1,39.0,50.0,,Pastick,3.0,29.0,N,,,,,,
64.1124846319484,-146.4169695901081,2002-07-30,1,1,87.0,95.0,,Pastick,4.0,24.0,N,,,,,,
64.10982066555611,-146.4567842165929,2002-07-30,1,1,36.0,44.0,,Pastick,1.0,44.0,N,,,,,,
64.11011286258221,-146.44856804710287,2002-07-30,1,0,0.0,106.0,,Pastick,2.0,9.0,N,,,,,,
64.11208562451779,-146.44109796733207,2002-07-30,1,1,33.0,40.0,,Pastick,3.0,40.0,N,,,,,,
63.90286211529157,-146.78439457695666,2003-07-30,1,0,0.0,100.0,,Pastick,1.0,8.0,N,,,,,,
63.74183891931874,-146.5751790614757,2003-07-30,1,0,0.0,90.0,,Pastick,1.0,7.0,N,,,,,,
63.70495184195948,-146.0903318869773,2002-07-31,1,0,0.0,65.0,,Pastick,1.0,3.0,N,,,,,,
63.706637957948736,-146.09298919221004,2002-07-31,1,0,0.0,65.0,,Pastick,3.0,0.0,N,,,,,,
63.70460153692269,-146.0874498062297,2002-07-31,1,0,0.0,65.0,,Pastick,1.0,6.0,N,,,,,,
64.02307271353745,-146.7042602777995,2003-07-31,1,0,0.0,125.0,,Pastick,1.0,6.0,N,,,,,,
63.954846727842046,-146.7887508862217,2003-07-31,1,0,0.0,100.0,,Pastick,1.0,8.0,N,,,,,,
63.87646320134347,-146.6340707489334,2003-08-01,1,0,0.0,70.0,,Pastick,1.0,5.0,N,,,,,,
63.8774590557682,-146.63395601615937,2003-08-01,1,0,0.0,64.0,,Pastick,2.0,16.0,N,,,,,,
63.87921883022644,-146.63427919043562,2003-08-01,1,0,0.0,101.0,,Pastick,3.0,63.0,N,,,,,,
63.88222670521286,-146.63487122231996,2003-08-01,1,1,38.0,45.0,,Pastick,4.0,45.0,N,,,,,,
63.88697295958646,-146.63442270422306,2003-08-01,1,1,59.0,80.0,,Pastick,5.0,8.0,N,,,,,,
63.8878999992895,-146.63548991736897,2003-08-01,1,1,29.0,46.0,,Pastick,6.0,46.0,N,,,,,,
63.93093971604942,-146.71532681079108,2003-08-01,1,0,0.0,107.0,,Pastick,1.0,18.0,N,,,,,,
63.918889698029695,-146.9131095011102,2003-08-01,1,1,30.0,45.0,,Pastick,2.0,40.0,N,,,,,,
64.0383620892019,-146.53804082051792,2003-08-01,1,1,42.0,130.0,,Pastick,1.0,42.0,N,,,,,,
63.810070659302816,-146.39382094416692,2003-08-02,1,1,38.0,63.0,,Pastick,1.0,38.0,N,,,,,,
63.81007133874734,-146.38971876331038,2003-08-02,1,1,32.0,47.0,,Pastick,2.0,39.0,N,,,,,,
63.8156612876772,-146.37682171266724,2003-08-02,1,1,37.0,55.0,,Pastick,3.0,30.0,N,,,,,,
63.81481830188629,-146.36869553730867,2003-08-02,1,0,0.0,63.0,,Pastick,4.0,22.0,N,,,,,,
63.81476884032775,-146.36355791173787,2003-08-02,1,1,82.0,85.0,,Pastick,5.0,7.0,N,,,,,,
63.81581904445449,-146.36156395742933,2003-08-02,1,1,56.0,60.0,,Pastick,6.0,8.0,N,,,,,,
64.09674073863845,-146.60924869515097,2003-08-02,1,0,0.0,110.0,,Pastick,1.0,23.0,N,,,,,,
64.0751912711689,-146.7258682461498,2003-08-02,1,1,32.0,111.0,,Pastick,2.0,32.0,N,,,,,,
64.10632762362029,-146.42582096296255,2003-08-02,1,1,40.0,113.0,,Pastick,1.0,113.0,N,,,,,,
64.13470272945061,-146.7286715940875,2003-08-02,1,1,29.0,113.0,,Pastick,1.0,17.0,N,,,,,,
64.15667907441765,-146.61985808891225,2003-08-03,1,1,20.0,90.0,,Pastick,1.0,90.0,N,,,,,,
64.18342164128869,-146.57752899613214,2003-08-03,1,1,32.0,87.0,,Pastick,1.0,22.0,N,,,,,,
63.87139922770565,-146.61579983939131,2003-08-03,1,0,0.0,52.0,,Pastick,1.0,0.0,N,,,,,,
63.8717369837582,-146.61121606700755,2003-08-03,1,1,36.0,54.0,,Pastick,2.0,36.0,N,,,,,,
63.87196234922566,-146.60826191404317,2003-08-03,1,1,30.0,51.0,,Pastick,3.0,18.0,N,,,,,,
63.87212310136515,-146.60140101217868,2003-08-03,1,1,50.0,50.0,,Pastick,4.0,50.0,N,,,,,,
63.807191086912255,-146.38141510564884,2003-08-03,1,1,31.0,100.0,,Pastick,1.0,38.0,N,,,,,,
63.76317273305103,-146.38189172943015,2003-08-04,1,1,56.0,70.0,,Pastick,1.0,70.0,N,,,,,,
63.76380474390255,-146.38698709512366,2003-08-04,1,1,26.0,55.0,,Pastick,2.0,15.0,N,,,,,,
63.76402342778668,-146.38988163306797,2003-08-04,1,0,0.0,70.0,,Pastick,3.0,7.0,N,,,,,,
63.76643655813406,-146.4025023010709,2003-08-04,1,0,0.0,70.0,,Pastick,4.0,12.0,N,,,,,,
63.76576719129406,-146.40557810785484,2003-08-04,1,0,0.0,54.0,,Pastick,5.0,7.0,N,,,,,,
63.76267269749237,-146.41478658464914,2003-08-04,1,0,0.0,56.0,,Pastick,6.0,24.0,N,,,,,,
63.8729976025485,-146.73166605623,2003-08-04,1,0,0.0,62.0,,Pastick,1.0,5.0,N,,,,,,
63.87530916002298,-146.72018455723764,2003-08-04,1,0,0.0,65.0,,Pastick,2.0,28.0,N,,,,,,
63.87447697540077,-146.7168141230286,2003-08-04,1,0,0.0,65.0,,Pastick,3.0,12.0,N,,,,,,
63.87304854509177,-146.7160347455831,2003-08-04,1,0,0.0,47.0,,Pastick,4.0,8.0,N,,,,,,
63.871448681514536,-146.71478909747276,2003-08-04,1,1,37.0,37.0,,Pastick,5.0,18.0,Y,,,,,,
63.86709773493308,-146.7065921066637,2003-08-04,1,1,42.0,42.0,,Pastick,6.0,27.0,N,,,,,,
63.85026686270206,-146.75236113003376,2003-08-05,1,0,0.0,70.0,,Pastick,1.0,6.0,N,,,,,,
63.85060283554223,-146.74942973615546,2003-08-05,1,0,0.0,60.0,,Pastick,2.0,10.0,N,,,,,,
63.85119980767235,-146.7418794632214,2003-08-05,1,1,43.0,63.0,,Pastick,4.0,43.0,N,,,,,,
63.846741758220446,-146.73317685630062,2003-08-05,1,1,42.0,68.0,,Pastick,7.0,42.0,N,,,,,,
63.85190898038432,-146.73701233892984,2003-08-05,1,0,0.0,50.0,,Pastick,5.0,3.0,N,,,,,,
63.85115590604542,-146.74751315761424,2003-08-05,1,0,0.0,68.0,,Pastick,3.0,11.0,N,,,,,,
63.78036838208566,-146.5668302790614,2003-08-06,1,1,28.0,58.0,,Pastick,1.0,28.0,N,,,,,,
63.77997438058608,-146.56117658700867,2003-08-06,1,0,0.0,43.0,,Pastick,2.0,0.0,N,,,,,,
63.77445600584949,-146.54126438099436,2003-08-06,1,0,0.0,66.0,,Pastick,3.0,13.0,N,,,,,,
63.773513009460125,-146.53823750973015,2003-08-06,1,1,28.0,43.0,,Pastick,4.0,43.0,N,,,,,,
63.7695114538068,-146.52747425363307,2003-08-06,1,1,26.0,55.0,,Pastick,5.0,55.0,N,,,,,,
63.76706586709861,-146.51796485821987,2003-08-06,1,0,0.0,51.0,,Pastick,6.0,5.0,N,,,,,,
63.75796301450615,-146.5476129263905,2003-08-06,1,1,58.0,62.0,,Pastick,1.0,46.0,N,,,,,,
63.756081136219535,-146.54563642774394,2003-08-06,1,1,30.0,52.0,,Pastick,2.0,30.0,N,,,,,,
63.75383519596665,-146.54206496619113,2003-08-06,1,0,0.0,60.0,,Pastick,3.0,10.0,N,,,,,,
63.752311426798045,-146.53984010922056,2003-08-06,1,0,0.0,70.0,,Pastick,4.0,12.0,N,,,,,,
63.748871754389285,-146.53349277985356,2003-08-06,1,0,0.0,50.0,,Pastick,5.0,40.0,N,,,,,,
63.97501824450866,-146.0446574772341,2002-08-08,1,1,57.0,65.0,,Pastick,1.0,14.0,N,,,,,,
63.97205286809768,-146.10750733134003,2002-08-08,1,1,45.0,60.0,,Pastick,2.0,9.0,N,,,,,,
63.97189937358427,-146.0344691194336,2002-08-08,1,1,84.0,90.0,,Pastick,4.0,49.0,N,,,,,,
63.94426287188884,-146.0711104520766,2002-08-08,1,1,54.0,58.0,,Pastick,1.0,58.0,N,,,,,,
63.94656786002376,-146.08072764895596,2002-08-08,1,1,62.0,66.0,,Pastick,4.0,66.0,N,,,,,,
63.94307452705226,-146.07053765785122,2002-08-08,1,1,85.0,88.0,,Pastick,1.0,81.0,N,,,,,,
63.94579545293785,-146.07922245063122,2002-08-08,1,0,0.0,55.0,,Pastick,3.0,9.0,N,,,,,,
63.99172064021403,-146.11552646079355,2002-08-09,1,0,0.0,110.0,,Pastick,1.0,12.0,N,,,,,,
63.9942195587326,-146.0972131426744,2002-08-09,1,1,60.0,60.0,,Pastick,3.0,32.0,N,,,,,,
63.95960390452269,-145.98197133520148,2002-08-09,1,1,43.0,55.0,,Pastick,2.0,43.0,N,,,,,,
63.95769031145451,-145.97532399922005,2002-08-09,1,1,41.0,52.0,,Pastick,3.0,25.0,N,,,,,,
63.99007958592097,-146.1157418278653,2002-08-09,1,1,45.0,55.0,,Pastick,1.0,36.0,N,,,,,,
63.99336694610231,-146.10445648983213,2002-08-09,1,0,0.0,92.0,,Pastick,3.0,0.0,N,,,,,,
63.81701674275424,-146.09082286444828,2002-08-10,1,0,0.0,85.0,,Pastick,3.0,0.0,N,,,,,,
63.81677052100724,-146.08877914314203,2002-08-10,1,1,65.0,87.0,,Pastick,4.0,20.0,N,,,,,,
63.81446384100428,-146.08308510420804,2002-08-10,1,0,0.0,68.0,,Pastick,5.0,0.0,N,,,,,,
63.81334439834781,-146.07501739460827,2002-08-10,1,1,47.0,65.0,,Pastick,6.0,32.0,N,,,,,,
63.81203375588005,-146.07077493681035,2002-08-10,1,0,0.0,60.0,,Pastick,7.0,0.0,N,,,,,,
63.81170359294356,-146.06550524504365,2002-08-10,1,0,0.0,90.0,,Pastick,8.0,17.0,N,,,,,,
63.810475598070674,-146.06574900785623,2002-08-10,1,0,0.0,80.0,,Pastick,9.0,0.0,N,,,,,,
63.7272282152148,-145.99316868845173,2002-08-11,1,1,56.0,60.0,,Pastick,3.0,28.0,N,,,,,,
63.724664266750985,-145.99874696333134,2002-08-11,1,1,63.0,80.0,,Pastick,4.0,15.0,N,,,,,,
63.723024987905376,-146.00568872195208,2002-08-11,1,1,40.0,54.0,,Pastick,5.0,27.0,N,,,,,,
63.7243565394386,-146.00355648806098,2002-08-11,1,1,59.0,70.0,,Pastick,6.0,17.0,N,,,,,,
63.6882776838286,-145.9895971021248,2002-08-11,1,1,46.0,60.0,,Pastick,1.0,28.0,N,,,,,,
63.68958865203337,-145.98584965334177,2002-08-11,1,1,38.0,50.0,,Pastick,2.0,31.0,N,,,,,,
63.69056980785747,-145.9824372655261,2002-08-11,1,0,0.0,100.0,,Pastick,3.0,20.0,N,,,,,,
63.68910950372102,-145.98790924071628,2002-08-11,1,0,0.0,100.0,,Pastick,1.0,24.0,N,,,,,,
63.69348875995486,-145.97638623945832,2002-08-11,1,1,43.0,55.0,,Pastick,2.0,43.0,N,,,,,,
63.69987203964383,-145.97538704211007,2002-08-11,1,1,36.0,49.0,,Pastick,3.0,17.0,N,,,,,,
63.70812594255986,-145.97618139633713,2002-08-12,1,0,0.0,164.0,,Pastick,2.0,8.0,N,,,,,,
63.71412390057948,-145.98541685286548,2002-08-12,1,0,0.0,70.0,,Pastick,3.0,18.0,N,,,,,,
63.722295248348544,-146.0383507284771,2002-08-12,1,1,43.0,60.0,,Pastick,1.0,11.0,N,,,,,,
63.72648118479251,-146.04292656211226,2002-08-12,1,1,45.0,50.0,,Pastick,3.0,45.0,N,,,,,,
63.73010997423019,-146.04742122523214,2002-08-12,1,1,80.0,85.0,,Pastick,4.0,12.0,N,,,,,,
63.70550042693963,-145.97425282367072,2002-08-12,1,1,27.0,55.0,,Pastick,1.0,27.0,N,,,,,,
63.709541664162856,-145.98218109881898,2002-08-12,1,0,0.0,120.0,,Pastick,3.0,9.0,N,,,,,,
63.72117677517027,-146.03751816383556,2002-08-12,1,1,48.0,72.0,,Pastick,1.0,37.0,N,,,,,,
63.72472155874104,-146.0401513677921,2002-08-12,1,1,42.0,67.0,,Pastick,3.0,40.0,N,,,,,,
63.72759710598792,-146.0460882846698,2002-08-12,1,1,42.0,60.0,,Pastick,4.0,13.0,N,,,,,,
63.73113758932902,-146.04809547649955,2002-08-12,1,0,0.0,100.0,,Pastick,5.0,6.0,N,,,,,,
63.76917316305301,-146.12896595640666,2002-08-12,1,1,49.0,60.0,,Pastick,1.0,49.0,N,,,,,,
63.7703554105122,-146.28173714035202,2002-08-12,1,0,0.0,72.0,,Pastick,3.0,0.0,N,,,,,,
63.76995334128472,-146.11119718817372,2002-08-12,1,1,54.0,60.0,,Pastick,4.0,30.0,N,,,,,,
63.76947566973416,-146.12112881395248,2002-08-13,1,0,0.0,85.0,,Pastick,2.0,10.0,N,,,,,,
63.7697390528018,-146.11722695355414,2002-08-13,1,0,0.0,85.0,,Pastick,3.0,0.0,N,,,,,,
63.786786387300495,-146.07625251743823,2002-08-13,1,0,0.0,59.0,,Pastick,1.0,4.0,N,,,,,,
63.79313909299888,-146.07460364264537,2002-08-13,1,0,0.0,35.0,,Pastick,3.0,3.0,N,,,,,,
63.78552846432832,-146.07602987375725,2002-08-13,1,1,66.0,80.0,,Pastick,1.0,30.0,N,,,,,,
63.78792272596877,-146.0757080322125,2002-08-13,1,1,47.0,65.0,,Pastick,2.0,33.0,N,,,,,,
63.79433134425832,-146.0743818903201,2002-08-13,1,0,0.0,120.0,,Pastick,4.0,5.0,N,,,,,,
63.87855536372622,-146.70099667587152,2003-08-13,1,0,0.0,65.0,,Pastick,1.0,0.0,N,,,,,,
63.88016234694557,-146.7012849618629,2003-08-13,1,1,85.0,100.0,,Pastick,2.0,22.0,N,,,,,,
63.88315730321696,-146.70447003007882,2003-08-13,1,1,24.0,50.0,,Pastick,3.0,13.0,N,,,,,,
63.88711797816722,-146.70157760970972,2003-08-13,1,1,30.0,52.0,,Pastick,4.0,30.0,N,,,,,,
63.88842279553105,-146.09112141503547,2003-08-13,1,1,33.0,58.0,,Pastick,5.0,40.0,N,,,,,,
63.89379801726695,-146.6987978003925,2003-08-13,1,1,50.0,65.0,,Pastick,6.0,13.0,N,,,,,,
63.869521295499176,-146.76596870433943,2003-08-13,1,0,0.0,69.0,,Pastick,2.0,28.0,N,,,,,,
63.87091339780294,-146.7666490630949,2003-08-13,1,0,0.0,60.0,,Pastick,3.0,11.0,N,,,,,,
63.87253754489511,-146.76653383356455,2003-08-13,1,0,0.0,68.0,,Pastick,4.0,20.0,N,,,,,,
63.87754003347819,-146.76893502207722,2003-08-13,1,1,48.0,60.0,,Pastick,7.0,48.0,N,,,,,,
63.87952089428238,-146.76741231305544,2003-08-13,1,1,28.0,44.0,,Pastick,8.0,28.0,N,,,,,,
63.79781307572471,-146.48942773896164,2003-08-13,1,1,35.0,50.0,,Pastick,6.0,50.0,N,,,,,,
63.79789238061003,-146.48648298027462,2003-08-13,1,0,0.0,43.0,,Pastick,7.0,29.0,N,,,,,,
63.80388894906523,-146.47445595144563,2003-08-13,1,0,0.0,100.0,,Pastick,8.0,15.0,N,,,,,,
63.86813776758803,-146.7650441526804,2003-08-13,1,0,0.0,60.0,,Pastick,1.0,0.0,N,,,,,,
63.86361209918432,-146.16022788471147,2002-08-14,1,1,38.0,54.0,,Pastick,1.0,54.0,N,,,,,,
63.866680916822126,-146.15397050207758,2002-08-14,1,1,30.0,54.0,,Pastick,2.0,20.0,N,,,,,,
63.86992430120143,-146.13783592036862,2002-08-14,1,1,44.0,59.0,,Pastick,3.0,12.0,N,,,,,,
63.87185975314948,-146.1328104739365,2002-08-14,1,0,0.0,90.0,,Pastick,4.0,11.0,N,,,,,,
63.85986166897506,-146.16817230493976,2002-08-14,1,1,40.0,62.0,,Pastick,1.0,35.0,N,,,,,,
63.865005005817885,-146.1559132430662,2002-08-14,1,1,35.0,60.0,,Pastick,2.0,55.0,N,,,,,,
63.59982216637264,-146.15279615266536,2002-08-14,1,1,40.0,70.0,,Pastick,3.0,25.0,N,,,,,,
63.60075235524574,-146.14317279085125,2002-08-14,1,0,0.0,110.0,,Pastick,4.0,6.0,N,,,,,,
63.8216273414833,-146.13126732849815,2002-08-14,1,1,46.0,60.0,,Pastick,1.0,27.0,N,,,,,,
63.8206305676616,-146.1267065965251,2002-08-14,1,0,0.0,60.0,,Pastick,2.0,9.0,N,,,,,,
63.81991160573527,-146.13400183251275,2002-08-14,1,0,0.0,80.0,,Pastick,3.0,7.0,N,,,,,,
63.82301098632652,-146.11818066215417,2002-08-14,1,0,0.0,119.0,,Pastick,4.0,8.0,N,,,,,,
63.79628251192123,-146.41258800189553,2003-08-14,1,1,35.0,40.0,,Pastick,1.0,35.0,N,,,,,,
63.8490291026229,-146.73258580244837,2003-08-14,1,0,0.0,65.0,,Pastick,6.0,7.0,N,,,,,,
63.796525622134006,-146.41944365276174,2003-08-14,1,0,0.0,78.0,,Pastick,2.0,0.0,N,,,,,,
63.79417214823948,-146.42338892256208,2003-08-14,1,0,0.0,70.0,,Pastick,3.0,30.0,N,,,,,,
63.79154456223445,-146.43066736364435,2003-08-14,1,1,55.0,70.0,,Pastick,4.0,70.0,N,,,,,,
63.78779292084136,-146.43977276722498,2003-08-14,1,0,0.0,64.0,,Pastick,5.0,7.0,N,,,,,,
63.787559371792526,-146.44436326857053,2003-08-14,1,1,48.0,65.0,,Pastick,6.0,27.0,N,,,,,,
63.78490915060896,-146.45068486700896,2003-08-14,1,0,0.0,60.0,,Pastick,7.0,15.0,N,,,,,,
63.78386420836799,-146.46397404159654,2003-08-14,1,0,0.0,56.0,,Pastick,8.0,2.0,N,,,,,,
63.79532138590296,-146.50583211602745,2003-08-14,1,0,0.0,63.0,,Pastick,1.0,8.0,N,,,,,,
63.79612567654862,-146.50222538346785,2003-08-14,1,1,32.0,40.0,,Pastick,2.0,32.0,N,,,,,,
63.79704683988489,-146.50129572552927,2003-08-14,1,0,0.0,58.0,,Pastick,3.0,35.0,Y,,,,,,
63.797039817178906,-146.49926603428875,2003-08-14,1,1,58.0,80.0,,Pastick,4.0,58.0,N,,,,,,
63.79767438558584,-146.49336818059416,2003-08-14,1,0,0.0,68.0,,Pastick,5.0,23.0,Y,,,,,,
63.8220457073968,-146.12920241269035,2002-08-15,1,0,0.0,130.0,,Pastick,1.0,8.0,N,,,,,,
63.8203745259887,-146.1244391421252,2002-08-15,1,1,45.0,50.0,,Pastick,2.0,50.0,N,,,,,,
63.82176056489551,-146.1191746585606,2002-08-15,1,1,58.0,70.0,,Pastick,3.0,25.0,N,,,,,,
63.78778472214668,-146.26223971484677,2003-08-15,1,1,39.0,56.0,,Pastick,1.0,33.0,N,,,,,,
63.78694232595347,-146.25897450277773,2003-08-15,1,0,0.0,41.0,,Pastick,2.0,32.0,N,,,,,,
63.77483344012282,-146.2533694683298,2003-08-15,1,0,0.0,40.0,,Pastick,8.0,30.0,N,,,,,,
63.783014434166375,-146.25781964293333,2003-08-15,1,1,52.0,60.0,,Pastick,3.0,15.0,N,,,,,,
63.78039802429496,-146.2568943233877,2003-08-15,1,1,41.0,60.0,,Pastick,4.0,30.0,N,,,,,,
63.77850543064786,-146.2553618367535,2003-08-15,1,1,38.0,52.0,,Pastick,5.0,38.0,N,,,,,,
63.81228639283684,-146.38932559147088,2003-08-16,1,1,36.0,53.0,,Pastick,1.0,33.0,N,,,,,,
63.81477851396507,-146.3886623104619,2003-08-16,1,0,0.0,60.0,,Pastick,2.0,60.0,N,,,,,,
63.81675646388844,-146.38526786844366,2003-08-16,1,1,35.0,45.0,,Pastick,3.0,21.0,N,,,,,,
63.82124462593059,-146.3791768739639,2003-08-16,1,1,42.0,53.0,,Pastick,4.0,42.0,N,,,,,,
63.82301162726218,-146.37686245833663,2003-08-16,1,1,50.0,51.0,,Pastick,5.0,23.0,N,,,,,,
63.825370854531904,-146.37453461509972,2003-08-16,1,1,32.0,52.0,,Pastick,6.0,32.0,N,,,,,,
63.81791465426088,-146.32696323742744,2003-08-16,1,1,46.0,60.0,,Pastick,1.0,34.0,N,,,,,,
63.81926893943631,-146.33257835896828,2003-08-16,1,1,34.0,55.0,,Pastick,2.0,21.0,N,,,,,,
63.82537630481314,-146.34141475926208,2003-08-16,1,1,44.0,57.0,,Pastick,3.0,20.0,N,,,,,,
63.82734884354362,-146.34693644930087,2003-08-16,1,1,43.0,59.0,,Pastick,4.0,18.0,N,,,,,,
63.82819136824975,-146.34868485263806,2003-08-16,1,1,69.0,85.0,,Pastick,5.0,32.0,N,,,,,,
63.83153989195991,-146.35090402134915,2003-08-16,1,1,41.0,66.0,,Pastick,8.0,21.0,N,,,,,,
63.822189241859455,-146.30477700848328,2003-08-18,1,1,29.0,50.0,,Pastick,1.0,29.0,N,,,,,,
63.82299953612575,-146.28506956483722,2003-08-18,1,0,0.0,85.0,,Pastick,3.0,7.0,N,,,,,,
63.82023862638147,-146.27492092909566,2003-08-18,1,1,35.0,40.0,,Pastick,6.0,21.0,N,,,,,,
63.82371907162237,-146.29451943390157,2003-08-18,1,0,0.0,70.0,,Pastick,2.0,26.0,N,,,,,,
63.801080156745655,-146.2953695241395,2003-08-18,1,1,24.0,50.0,,Pastick,3.0,29.0,N,,,,,,
63.80264061535816,-146.29330030338588,2003-08-18,1,1,24.0,56.0,,Pastick,4.0,24.0,N,,,,,,
63.807458616584725,-146.28753454485573,2003-08-18,1,1,37.0,45.0,,Pastick,5.0,41.0,N,,,,,,
63.809753241846025,-146.28694860352417,2003-08-18,1,1,50.0,60.0,,Pastick,6.0,32.0,N,,,,,,
63.84570036513594,-146.81301341507952,2003-08-19,1,0,0.0,50.0,,Pastick,1.0,50.0,N,,,,,,
63.84657193352953,-146.813841300731,2003-08-19,1,1,42.0,51.0,,Pastick,2.0,51.0,N,,,,,,
63.84739219197562,-146.81666230889277,2003-08-19,1,0,0.0,30.0,,Pastick,3.0,30.0,N,,,,,,
63.84863180786729,-146.81758964694404,2003-08-19,1,0,0.0,42.0,,Pastick,4.0,8.0,N,,,,,,
63.84948227330312,-146.8231357375675,2003-08-19,1,0,0.0,35.0,,Pastick,5.0,35.0,Y,,,,,,
63.85144692011385,-146.8378473422486,2003-08-19,1,1,26.0,34.0,,Pastick,6.0,34.0,N,,,,,,
63.85990006844384,-146.7654383884313,2003-08-19,1,1,31.0,50.0,,Pastick,1.0,40.0,N,,,,,,
63.85817138467346,-146.77316234598962,2003-08-19,1,0,0.0,90.0,,Pastick,2.0,18.0,N,,,,,,
63.85681753308966,-146.7797840298205,2003-08-19,1,0,0.0,50.0,,Pastick,3.0,11.0,N,,,,,,
63.85410345705464,-146.78924249655,2003-08-19,1,1,45.0,55.0,,Pastick,4.0,30.0,N,,,,,,
63.85234471612865,-146.7956416672665,2003-08-19,1,0,0.0,60.0,,Pastick,5.0,15.0,N,,,,,,
64.06138682307436,-146.6931790354978,2002-08-24,1,1,38.0,60.0,,Pastick,1.0,30.0,N,,,,,,
64.06270444932615,-146.70105353926883,2002-08-24,1,0,0.0,110.0,,Pastick,2.0,18.0,N,,,,,,
64.06038443451934,-146.69021912383795,2002-08-24,1,1,50.0,60.0,,Pastick,1.0,38.0,N,,,,,,
64.06257454858577,-146.69898536117202,2002-08-24,1,1,80.0,100.0,,Pastick,2.0,0.0,N,,,,,,
64.09664708732026,-146.40632480271896,2002-08-25,1,1,36.0,45.0,,Pastick,3.0,19.0,N,,,,,,
64.09625192168842,-146.44728319089413,2002-08-25,1,1,43.0,60.0,,Pastick,2.0,43.0,N,,,,,,
63.83617163987325,-146.4275911130087,2003-08-27,1,0,0.0,51.0,,Pastick,1.0,4.0,N,,,,,,
63.83422047272086,-146.43578108759002,2003-08-27,1,0,0.0,54.0,,Pastick,3.0,6.0,N,,,,,,
63.83445594306637,-146.4432763785076,2003-08-27,1,0,0.0,33.0,,Pastick,4.0,23.0,N,,,,,,
63.83481355253399,-146.44759863816577,2003-08-27,1,1,33.0,44.0,,Pastick,5.0,42.0,N,,,,,,
63.834939408271175,-146.45952726038013,2003-08-27,1,1,56.0,60.0,,Pastick,6.0,41.0,N,,,,,,
63.85051473854522,-146.99802081612032,2003-08-28,1,0,0.0,40.0,,Pastick,1.0,12.0,N,,,,,,
63.841113523875904,-147.03892427759004,2003-08-28,1,1,44.0,50.0,,Pastick,6.0,25.0,N,,,,,,
63.82306272012551,-146.59898613908538,2003-08-29,1,0,0.0,40.0,,Pastick,1.0,3.0,N,,,,,,
63.81826452654944,-146.63752761229023,2003-08-30,1,0,0.0,34.0,,Pastick,3.0,3.0,N,,,,,,
63.77657022000709,-146.19415482156893,2003-08-30,1,1,58.0,75.0,,Pastick,7.0,36.0,N,,,,,,
63.86821339502524,-146.27777553003392,2003-08-30,1,0,0.0,57.0,,Pastick,9.0,44.0,N,,,,,,
63.86933710238948,-146.4591720180185,2003-08-30,1,1,43.0,50.0,,Pastick,10.0,50.0,N,,,,,,
63.843993722424166,-145.9172812741749,2003-09-01,1,0,0.0,100.0,,Pastick,1.0,15.0,N,,,,,,
63.80940732911986,-145.73651660675165,2003-09-01,1,0,0.0,100.0,,Pastick,1.0,7.0,N,,,,,,
67.30224999999999,-153.417903333,2008-08-08,1,0,0.0,27.0,,Pastick,,0.0,,,,,,,
67.31228000000002,-153.449271667,2008-08-09,1,1,64.0,64.0,,Pastick,,8.0,,,,,,,
67.31237499999997,-153.442618333,2008-08-09,1,1,31.0,31.0,,Pastick,,30.0,,,,,,,
67.31900859359999,-153.450637888,2008-08-07,1,1,0.0,84.0,,Pastick,,35.0,,,,,,,
67.9293016667,-155.048318333,2008-08-02,1,1,84.0,84.0,,Pastick,,7.0,,,,,,,
67.9298416667,-155.054325,2008-08-02,1,1,24.0,24.0,,Pastick,,24.0,,,,,,,
67.92880999999997,-155.044401667,2008-08-02,1,1,94.5,94.5,,Pastick,,1.0,,,,,,,
67.92938166670001,-155.037776667,2008-08-02,1,1,38.0,38.0,,Pastick,,38.0,,,,,,,
67.92652999999999,-155.032921667,2008-08-04,1,1,0.0,69.0,,Pastick,,2.0,,,,,,,
67.9288716667,-155.033448333,2008-08-04,1,1,38.0,38.0,,Pastick,,18.0,,,,,,,
67.92968499999999,-155.0317,2008-08-04,1,1,41.0,41.0,,Pastick,,21.0,,,,,,,
67.92333329999998,-155.027066667,2008-08-04,1,1,63.0,63.0,,Pastick,,18.0,,,,,,,
67.92794000000006,-155.020718333,2008-08-04,1,1,57.0,57.0,,Pastick,,40.0,,,,,,,
67.92883833329999,-155.014455,2008-08-04,1,1,0.0,37.0,,Pastick,,6.0,,,,,,,
67.9275716667,-155.015678333,2008-08-04,1,1,42.0,42.0,,Pastick,,29.0,,,,,,,
67.93066999999995,-155.050968333,2008-08-06,1,1,0.0,38.0,,Pastick,,10.0,,,,,,,
67.14552705000004,-150.8595301,2009-08-15,1,1,95.0,95.0,,Pastick,,0.0,,,,,,,
67.14517064999995,-150.8530993,2009-08-16,1,1,80.0,80.0,,Pastick,,0.0,,,,,,,
67.14445459,-150.8517045,2009-08-16,1,1,44.0,50.0,,Pastick,,0.0,,,,,,,
67.13509417999998,-150.8551407,2009-08-17,1,1,90.0,95.0,,Pastick,,0.0,,,,,,,
67.13459923000002,-150.8532416,2009-08-17,1,1,58.0,65.0,,Pastick,,0.0,,,,,,,
67.13535989,-150.8519992,2009-08-17,1,1,58.0,65.0,,Pastick,,0.0,,,,,,,
67.15352657000003,-150.9087567,2009-08-18,1,1,35.0,40.0,,Pastick,,0.0,,,,,,,
67.15534334999994,-150.9085338,2009-08-18,1,1,50.0,52.0,,Pastick,,0.0,,,,,,,
67.15561684999997,-150.9179555,2009-08-19,1,1,46.0,50.0,,Pastick,,0.0,,,,,,,
67.15742919,-150.9177109,2009-08-19,1,1,62.0,65.0,,Pastick,,0.0,,,,,,,
67.14786627000001,-150.8573122,2009-08-20,1,1,52.0,55.0,,Pastick,,0.0,,,,,,,
68.06926073,-153.0043607,2010-07-18,1,1,42.0,45.0,,Pastick,,0.0,,,,,,,
68.06918561999997,-153.0091608,2010-07-18,1,1,42.0,42.0,,Pastick,,0.0,,,,,,,
68.06911915999999,-153.0139803,2010-07-18,1,1,30.0,30.0,,Pastick,,0.0,,,,,,,
68.07091163,-153.0141887,2010-07-18,1,1,65.0,45.0,,Pastick,,0.0,,,,,,,
68.07271096999996,-153.0143943,2010-07-20,1,1,35.0,35.0,,Pastick,,0.0,,,,,,,
67.71644500000001,-154.704586667,2008-08-05,1,1,0.0,43.0,,Pastick,,3.0,,,,,,,
67.71712500000002,-154.703006667,2008-08-05,1,1,0.0,40.0,,Pastick,,2.5,,,,,,,
67.70162333329999,-154.719268333,2008-08-05,1,1,73.0,73.0,,Pastick,,1.0,,,,,,,
67.89230000000002,-153.2325333,2008-08-02,1,1,54.0,54.0,,Pastick,,5.0,,,,,,,
67.87432777779998,-153.270369444,2008-08-02,1,1,25.0,25.0,,Pastick,,20.0,,,,,,,
67.87735277779998,-153.26761388900002,2008-08-02,1,1,38.0,38.0,,Pastick,,3.0,,,,,,,
67.87883055559996,-153.259391667,2008-08-02,1,1,0.0,30.0,,Pastick,,1.0,,,,,,,
67.87409444439999,-153.282152778,2008-08-04,1,1,0.0,38.0,,Pastick,,4.0,,,,,,,
67.8737305556,-153.285194444,2008-08-04,1,1,29.0,29.0,,Pastick,,5.0,,,,,,,
67.8722638889,-153.274663889,2008-08-05,1,1,0.0,40.0,,Pastick,,13.0,,,,,,,
67.87688611110002,-153.263272222,2008-08-05,1,1,0.0,40.0,,Pastick,,12.0,,,,,,,
67.87773888890001,-153.261419444,2008-08-05,1,1,0.0,40.0,,Pastick,,4.0,,,,,,,
67.8708805556,-150.873102778,2008-08-06,1,0,0.0,38.0,,Pastick,,1.5,,,,,,,
67.86650299999997,-150.862556,2008-08-08,1,1,88.0,88.0,,Pastick,,14.0,,,,,,,
67.86790600000003,-150.862447,2008-08-08,1,1,65.0,65.0,,Pastick,,8.0,,,,,,,
67.87070277780002,-150.890136111,2008-08-07,1,1,37.0,50.0,,Pastick,,8.5,,,,,,,
67.87513611110003,-150.897061111,2008-08-07,1,1,39.0,39.0,,Pastick,,14.0,,,,,,,
67.87477777780003,-150.908775,2008-08-07,1,1,0.0,50.0,,Pastick,,13.0,,,,,,,
67.86603299999999,-150.859647,2008-08-09,1,1,0.0,35.0,,Pastick,,20.0,,,,,,,
67.86646100000003,-150.857231,2008-08-09,1,1,0.0,55.0,,Pastick,,28.0,,,,,,,
67.86524999999999,-150.846597,2008-08-09,1,1,0.0,45.0,,Pastick,,14.0,,,,,,,
67.86601399999995,-150.838772,2008-08-09,1,1,0.0,43.0,,Pastick,,4.0,,,,,,,
67.1307861111,-150.890877778,2008-08-07,1,0,0.0,130.0,,Pastick,,5.0,,,,,,,
67.13174444440001,-150.89102222200003,2008-08-07,1,1,96.0,96.0,,Pastick,,10.0,,,,,,,
67.13560555560004,-150.8846,2008-08-07,1,1,42.0,42.0,,Pastick,,12.0,,,,,,,
67.13400555560003,-150.908294444,2008-08-08,1,0,0.0,130.0,,Pastick,,40.0,,,,,,,
67.13766944439996,-150.905372222,2008-08-08,1,0,0.0,130.0,,Pastick,,2.0,,,,,,,
67.13665833329999,-150.901597222,2008-08-08,1,1,42.0,42.0,,Pastick,,40.0,,,,,,,
67.13757222219998,-150.895830556,2008-08-08,1,0,0.0,130.0,,Pastick,,40.0,,,,,,,
67.12971388890003,-150.851522222,2008-08-09,1,0,0.0,0.0,,Pastick,,0.0,,,,,,,
67.13036111109999,-150.844836111,2008-08-09,1,0,0.0,130.0,,Pastick,,11.0,,,,,,,
67.13431111109996,-150.85415,2008-08-09,1,0,0.0,110.0,,Pastick,,4.0,,,,,,,
67.1354555556,-150.856033333,2008-08-09,1,1,56.0,56.0,,Pastick,,21.0,,,,,,,
67.13630833329998,-150.85839722200004,2008-08-09,1,1,43.0,43.0,,Pastick,,21.0,,,,,,,
63.31426515102567,-145.74091618568517,1998-07-24,1,1,28.0,64.0,,Pastick,1.0,13.0,N,,,,,,
63.35675820633763,-145.74193600837887,1997-06-21,1,0,0.0,152.0,,Pastick,1.0,10.0,N,,,,,,
63.33521524457464,-145.75212512572406,1998-07-23,1,0,0.0,76.0,,Pastick,2.0,8.0,N,,,,,,
63.31202492458678,-145.75566349948016,1998-07-24,1,0,0.0,152.0,,Pastick,2.0,0.0,N,,,,,,
63.29619129388316,-145.76498356575837,1999-06-22,1,0,0.0,76.0,,Pastick,1.0,5.0,N,,,,,,
63.409085962239566,-145.76321433561054,1998-07-23,1,0,0.0,152.0,,Pastick,1.0,0.0,N,,,,,,
63.40464781182766,-145.77107415605428,1997-06-21,1,1,36.0,36.0,,Pastick,1.0,25.0,N,,,,,,
63.2311172509557,-145.78306661773792,1997-06-21,1,1,66.0,66.0,,Pastick,3.0,10.0,N,,,,,,
63.20973069103286,-145.7908662818497,1998-07-22,1,1,28.0,28.0,,Pastick,1.0,8.0,N,,,,,,
63.435804232271856,-145.78799978875236,1999-06-24,1,0,0.0,152.0,,Pastick,1.0,0.0,N,,,,,,
63.28235933658847,-145.79647880965263,1997-06-22,1,0,0.0,152.0,,Pastick,1.0,0.0,N,,,,,,
63.27850112893552,-145.801982195141,1997-06-21,1,0,0.0,152.0,,Pastick,1.0,3.0,N,,,,,,
63.28611712780275,-145.80677086737774,1999-06-22,1,0,0.0,152.0,,Pastick,1.0,10.0,N,,,,,,
63.28759002869056,-145.80686951578693,1999-06-22,1,1,0.0,83.0,,Pastick,3.0,8.0,Y,,,,,,
63.22681872058215,-145.8097136211761,1999-06-21,1,0,0.0,152.0,,Pastick,2.0,5.0,N,,,,,,
63.20301455228842,-145.82488810377112,1998-07-21,1,0,0.0,152.0,,Pastick,2.0,5.0,N,,,,,,
63.19187518338942,-145.83360782583267,1998-07-21,1,0,0.0,152.0,,Pastick,1.0,13.0,N,,,,,,
63.4390254651221,-145.83100374391466,1998-07-23,1,0,0.0,152.0,,Pastick,1.0,10.0,N,,,,,,
63.194602630863216,-145.84113089668548,1997-06-20,1,0,0.0,152.0,,Pastick,1.0,8.0,N,,,,,,
63.18662816250614,-145.8584200107434,1997-06-20,1,0,0.0,152.0,,Pastick,1.0,10.0,N,,,,,,
63.189142556664414,-145.8879917862327,1997-06-19,1,0,0.0,152.0,,Pastick,1.0,10.0,N,,,,,,
63.190511070488,-145.8908210424398,1998-07-20,1,0,0.0,152.0,,Pastick,3.0,0.0,N,,,,,,
63.182858378485925,-145.92282439161465,1997-06-19,1,0,0.0,152.0,,Pastick,1.0,0.0,N,,,,,,
63.18463021311889,-145.92329506314073,1997-06-19,1,0,0.0,41.0,,Pastick,2.0,8.0,Y,,,,,,
63.17955123154865,-145.9318076653843,1998-07-20,1,0,0.0,152.0,,Pastick,3.0,18.0,N,,,,,,
63.11331614448534,-145.99174173969172,1997-06-18,1,0,0.0,152.0,,Pastick,3.0,5.0,N,,,,,,
63.01537050323735,-146.0356006751588,1999-06-16,1,1,20.0,51.0,,Pastick,1.0,13.0,N,,,,,,
63.02764243124364,-146.04246798763208,1998-06-18,1,0,0.0,152.0,,Pastick,1.0,15.0,N,,,,,,
63.02935116020483,-146.04561367542172,1998-06-18,1,0,0.0,43.0,,Pastick,1.0,3.0,Y,,,,,,
63.02878569158476,-146.0549802343228,1998-06-18,1,0,0.0,152.0,,Pastick,3.0,8.0,N,,,,,,
63.02947508093483,-146.0574086319975,1998-06-18,1,0,0.0,152.0,,Pastick,5.0,0.0,N,,,,,,
63.00847210281224,-146.0848666029068,1999-06-16,1,1,64.0,64.0,,Pastick,4.0,25.0,N,,,,,,
63.01006755738499,-146.0886877488132,1999-06-16,1,0,0.0,152.0,,Pastick,1.0,5.0,N,,,,,,
62.97733705983261,-146.102057307905,1999-06-17,1,1,36.0,36.0,,Pastick,1.0,23.0,N,,,,,,
62.95663244471505,-146.20597557631146,1998-06-17,1,0,0.0,152.0,,Pastick,3.0,64.0,N,,,,,,
62.95858975361552,-146.215721103253,1998-06-17,1,1,56.0,61.0,,Pastick,5.0,56.0,N,,,,,,
62.96149367508539,-146.22307679077727,1998-06-17,1,1,51.0,51.0,,Pastick,3.0,51.0,N,,,,,,
62.96088515263168,-146.22504491914367,1998-06-17,1,0,0.0,152.0,,Pastick,2.0,97.0,N,,,,,,
63.00499958309791,-159.1866119588803,2010-07-24,1,0,,,,Pastick,,,,,,,,,
63.00508533749561,-159.18667023764206,2010-07-24,1,0,,,,Pastick,,,,,,,,,
62.919780321669606,-159.484571662922,2010-07-25,1,0,50.0,,,Pastick,,,,,,,,,
62.20588819886457,-159.78228429709992,2003-06-21,1,0,,110.0,,Pastick,2.0,6.0,N,,,,,,
62.19805770660759,-159.77798836642216,2003-06-21,1,0,,70.0,,Pastick,4.0,22.0,N,,,,,,
62.1947346885906,-159.7734640442833,2003-06-21,1,0,,195.0,,Pastick,1.0,8.0,N,,,,,,
62.192873686542406,-159.78196703914847,2003-06-21,1,0,,190.0,,Pastick,4.0,80.0,N,,,,,,
62.19409467417728,-159.79143342705368,2003-06-18,1,0,,175.0,,Pastick,2.0,22.0,N,,,,,,
62.194867544747794,-159.7881292665692,2003-06-18,1,0,,195.0,,Pastick,3.0,19.0,N,,,,,,
62.13335391649235,-159.7384731378846,2003-06-19,1,0,,195.0,,Pastick,1.0,5.0,N,,,,,,
62.20634393958037,-159.78740949036745,2003-06-22,1,0,,145.0,,Pastick,4.0,9.0,N,,,,,,
62.18519309939784,-159.81867089861495,2003-06-23,1,0,,180.0,,Pastick,7.0,10.0,N,,,,,,
62.10198616454762,-160.03689383976993,2003-06-25,1,0,,185.0,,Pastick,1.0,18.0,N,,,,,,
62.11540105514797,-160.0787900691262,2003-06-26,1,0,,80.0,,Pastick,1.0,16.0,Y,,,,,,
62.07144773599177,-160.0649435656712,2003-06-27,1,1,77.0,118.0,,Pastick,1.0,25.0,N,,,,,,
62.08417302273683,-160.08057284137385,2003-06-27,1,0,,200.0,,Pastick,2.0,8.0,N,,,,,,
62.0740722899716,-159.87087732659447,2003-06-28,1,0,,195.0,,Pastick,6.0,3.0,N,,,,,,
62.3169513998932,-159.99142442779615,2003-07-13,1,0,,160.0,,Pastick,1.0,0.0,N,,,,,,
62.15862045915257,-159.65899707171553,2003-07-16,1,0,,200.0,,Pastick,2.0,23.0,N,,,,,,
62.38227107965763,-159.58665644108365,2003-07-18,1,1,85.0,110.0,,Pastick,2.0,50.0,N,,,,,,
62.38315508681915,-159.57702505190878,2003-07-18,1,1,100.0,125.0,,Pastick,4.0,100.0,N,,,,,,
62.46564085809386,-159.52153372771622,2003-07-19,1,1,75.0,90.0,,Pastick,2.0,24.0,N,,,,,,
62.46428652588428,-159.51398745138755,2003-07-19,1,0,,125.0,,Pastick,4.0,11.0,N,,,,,,
62.54642007006138,-159.54192163883826,2003-07-21,1,0,,115.0,,Pastick,8.0,10.0,N,,,,,,
62.49795262565032,-160.32176300515974,2003-07-24,1,0,,63.0,,Pastick,5.0,17.0,N,,,,,,
61.89317674693642,-160.50918047796057,2003-08-13,1,0,,130.0,,Pastick,2.0,130.0,N,,,,,,
61.894518294323866,-160.5047364276958,2003-08-13,1,0,60.0,70.0,,Pastick,4.0,18.0,N,,,,,,
61.89731377681338,-160.49950676648382,2003-08-13,1,0,,180.0,,Pastick,5.0,100.0,N,,,,,,
61.90831584891145,-159.96037102098867,2003-08-16,1,0,,190.0,,Pastick,3.0,190.0,N,,,,,,
61.91495722163039,-159.95677121713769,2003-08-16,1,0,,190.0,,Pastick,5.0,9.0,N,,,,,,
61.92056188903342,-160.664923163329,2003-08-17,1,0,,190.0,,Pastick,3.0,9.0,N,,,,,,
61.9795026360121,-160.90398361885383,2003-08-18,1,0,,50.0,,Pastick,1.0,4.0,N,,,,,,
61.97856430169651,-160.9036579073771,2003-08-18,1,0,,140.0,,Pastick,2.0,7.0,N,,,,,,
62.68591591209969,-160.20829862245682,2003-08-22,1,0,,190.0,,Pastick,2.0,5.0,N,,,,,,
62.91199094318331,-160.06484095135713,2003-09-09,1,0,,190.0,,Pastick,2.0,8.0,N,,,,,,
62.93115545939146,-160.10453894721513,2003-09-10,1,0,,65.0,,Pastick,6.0,8.0,N,,,,,,
62.07395715001606,-159.8489781038064,2003-06-28,1,0,,200.0,,Pastick,7.0,4.0,N,,,,,,
62.23237239562109,-160.0859282090382,2003-07-15,1,0,,48.0,,Pastick,2.0,20.0,N,,,,,,
62.23412591960522,-160.0901282686595,2003-07-15,1,0,,180.0,,Pastick,5.0,3.0,N,,,,,,
61.76544262160293,-159.68772783694115,2004-08-16,1,1,52.0,75.0,,Pastick,1.0,75.0,N,,,,,,
61.76890312951468,-159.68507635233473,2004-08-16,1,1,75.0,80.0,,Pastick,2.0,21.0,N,,,,,,
61.77254507739573,-159.68743156865818,2004-08-16,1,1,78.0,82.0,,Pastick,3.0,7.0,N,,,,,,
61.77708980591246,-159.6851826450556,2004-08-16,1,0,,125.0,,Pastick,4.0,120.0,N,,,,,,
61.78025906669291,-159.67423942276517,2004-08-16,1,0,,65.0,,Pastick,5.0,50.0,N,,,,,,
61.78475739702522,-159.66487725799337,2004-08-16,1,0,,150.0,,Pastick,6.0,130.0,N,,,,,,
61.7834992518512,-159.661437559427,2004-08-16,1,0,,150.0,,Pastick,7.0,0.0,N,,,,,,
61.784829168455865,-159.6740930384648,2004-08-16,1,0,,200.0,,Pastick,8.0,14.0,N,,,,,,
61.79099258237952,-159.66383623582348,2004-08-17,1,1,65.0,86.0,,Pastick,1.0,50.0,N,,,,,,
61.79331107871624,-159.65774173932095,2004-08-17,1,1,65.0,70.0,,Pastick,2.0,7.0,N,,,,,,
61.79474119746,-159.65151372518775,2004-08-17,1,1,70.0,75.0,,Pastick,3.0,16.0,N,,,,,,
61.79761367019525,-159.64776214744572,2004-08-17,1,1,110.0,120.0,,Pastick,4.0,3.0,N,,,,,,
61.79810457788577,-159.6445480153072,2004-08-17,1,1,70.0,75.0,,Pastick,5.0,3.0,N,,,,,,
61.91784420287162,-159.03757897935722,2004-08-26,1,0,,84.0,,Pastick,1.0,2.0,N,,,,,,
61.79840171144611,-159.02961863060213,2004-08-26,1,0,,120.0,,Pastick,2.0,21.0,N,,,,,,
61.79975180372389,-159.04860670146897,2004-08-26,1,0,,120.0,,Pastick,3.0,25.0,N,,,,,,
61.8064738159293,-159.0529808719148,2004-08-26,1,0,,85.0,,Pastick,4.0,12.0,N,,,,,,
61.811938443435686,-159.0585121049875,2004-08-26,1,0,,110.0,,Pastick,5.0,12.0,N,,,,,,
61.819062052903824,-159.06718041497223,2004-08-26,1,0,,200.0,,Pastick,6.0,39.0,N,,,,,,
61.82656473746608,-159.07097470112197,2004-08-26,1,0,,200.0,,Pastick,7.0,37.0,N,,,,,,
61.83272958532918,-159.07510937296834,2004-08-26,1,1,80.0,85.0,,Pastick,8.0,25.0,N,,,,,,
61.78417157155665,-160.34480363025335,2004-08-28,1,1,80.0,82.0,,Pastick,6.0,10.0,N,,,,,,
61.7838213443545,-160.35485656488262,2004-08-28,1,0,,200.0,,Pastick,7.0,5.0,N,,,,,,
61.78422784231787,-160.36638389964978,2004-08-28,1,0,48.0,55.0,,Pastick,8.0,10.0,N,,,,,,
61.78331415373336,-160.37157648720657,2004-08-28,1,0,,200.0,,Pastick,9.0,70.0,N,,,,,,
61.782144494947566,-160.3789946035953,2004-08-28,1,0,,200.0,,Pastick,10.0,8.0,N,,,,,,
61.76272706852556,-159.88023428631624,2004-08-16,1,0,,62.0,,Pastick,3.0,5.0,N,,,,,,
61.76430123437773,-159.87974873546028,2004-08-16,1,0,,70.0,,Pastick,4.0,7.0,N,,,,,,
61.7706158759241,-159.86933542453096,2004-08-16,1,0,,70.0,,Pastick,5.0,6.0,N,,,,,,
61.770227754693245,-159.8393822329233,2004-08-17,1,0,,75.0,,Pastick,1.0,7.0,N,,,,,,
61.77257677234378,-159.83103148033172,2004-08-17,1,0,,80.0,,Pastick,2.0,6.0,N,,,,,,
61.77551499289986,-159.81562538344457,2004-08-17,1,0,,150.0,,Pastick,3.0,6.0,N,,,,,,
61.775732705158646,-159.80765149108626,2004-08-17,1,0,,125.0,,Pastick,4.0,18.0,N,,,,,,
61.89921750313983,-159.18324498613117,2004-08-26,1,0,,80.0,,Pastick,1.0,8.0,Y,,,,,,
61.89530850425413,-159.17254748054128,2004-08-26,1,0,,70.0,,Pastick,2.0,12.0,Y,,,,,,
61.8896835699692,-159.16231923383503,2004-08-26,1,0,,150.0,,Pastick,3.0,17.0,N,,,,,,
61.88379689391588,-159.1526830606318,2004-08-26,1,0,,102.0,,Pastick,4.0,7.0,N,,,,,,
61.87769683844503,-159.1403873523341,2004-08-26,1,0,,115.0,,Pastick,5.0,12.0,N,,,,,,
61.87618313338113,-159.13705278358862,2004-08-26,1,0,,60.0,,Pastick,6.0,7.0,N,,,,,,
61.87099672617333,-159.1253943492919,2004-08-26,1,0,,70.0,,Pastick,7.0,15.0,Y,,,,,,
61.86528221208972,-159.11065855530293,2004-08-26,1,1,73.0,95.0,,Pastick,8.0,40.0,N,,,,,,
61.85893839006225,-159.09499507256913,2004-08-26,1,1,55.0,75.0,,Pastick,9.0,26.0,N,,,,,,
61.85108165536677,-159.0844260294066,2004-08-26,1,1,52.0,72.0,,Pastick,10.0,72.0,N,,,,,,
61.9481323948067,-158.62291193613768,2004-08-27,1,1,80.0,90.0,,Pastick,8.0,32.0,N,,,,,,
61.9439008357346,-158.6183712865893,2004-08-27,1,0,55.0,60.0,,Pastick,9.0,34.0,Y,,,,,,
61.939796888178265,-158.62105205742574,2004-08-27,1,0,,90.0,,Pastick,10.0,9.0,N,,,,,,
64.76422287124701,-148.00664840577508,2002-06-11,1,0,0.0,53.0,,Pastick,1.0,5.0,N,,,,,,
64.7925625822335,-148.06454749483905,2002-06-17,1,0,0.0,75.0,,Pastick,7.0,10.0,Y,,,,,,
64.77596529933174,-148.07138103292743,2002-06-24,1,1,50.0,60.0,,Pastick,4.0,27.0,N,,,,,,
64.8019428044932,-148.11079103195888,2002-06-28,1,0,0.0,54.0,,Pastick,1.0,18.0,Y,,,,,,
64.76712487813131,-148.12723179952738,2002-07-09,1,0,0.0,180.0,,Pastick,7.0,21.0,N,,,,,,
64.75755184745327,-148.17887407173637,2002-07-11,1,0,0.0,43.0,,Pastick,3.0,2.0,Y,,,,,,
64.80047086679969,-148.221673374048,2002-07-24,1,0,0.0,160.0,,Pastick,4.0,10.0,Y,,,,,,
64.8170025533327,-148.1984081955014,2002-08-14,1,0,0.0,100.0,,Pastick,6.0,19.0,N,,,,,,
64.80432396286037,-148.08242340224282,2002-06-20,1,0,0.0,78.0,,Pastick,3.0,9.0,Y,,,,,,
64.79900560138095,-148.09178800069662,2002-06-20,1,0,0.0,43.0,,Pastick,5.0,3.0,Y,,,,,,
64.82668256159754,-148.06568393218586,2002-06-24,1,1,48.0,76.0,,Pastick,4.0,18.0,N,,,,,,
64.82674267752445,-148.05978619697032,2002-06-24,1,1,45.0,45.0,,Pastick,5.0,5.0,N,,,,,,
64.82191875979483,-148.07297482341383,2002-07-02,1,1,54.0,54.0,,Pastick,8.0,12.0,N,,,,,,
64.80184425625053,-148.14503968208422,2002-07-03,1,0,0.0,62.0,,Pastick,2.0,23.0,Y,,,,,,
64.80001898107302,-148.15014087747008,2002-07-03,1,0,0.0,66.0,,Pastick,4.0,10.0,Y,,,,,,
64.79843697522922,-148.18920581955882,2002-07-09,1,0,0.0,70.0,,Pastick,1.0,21.0,Y,,,,,,
64.81855163490953,-148.18316203964935,2002-07-09,1,0,0.0,180.0,,Pastick,6.0,7.0,N,,,,,,
64.83478810100776,-148.13923045699207,2002-07-11,1,0,0.0,71.0,,Pastick,3.0,8.0,Y,,,,,,
64.82298349619167,-148.13030397460562,2002-07-11,1,0,0.0,86.0,,Pastick,8.0,15.0,Y,,,,,,
64.84307243109438,-148.0576665037551,2002-07-15,1,0,0.0,42.0,,Pastick,3.0,28.0,Y,,,,,,
64.84620181557915,-148.06681464335458,2002-07-15,1,1,60.0,60.0,,Pastick,6.0,21.0,N,,,,,,
64.73457852515668,-148.24570595303598,2002-08-14,1,1,58.0,58.0,,Pastick,1.0,11.0,N,,,,,,
64.63707386337478,-149.04648386078293,2002-08-14,1,0,0.0,180.0,,Pastick,1.0,0.0,N,,,,,,
64.63979816255339,-149.03902752165965,2002-08-14,1,0,0.0,180.0,,Pastick,2.0,0.0,N,,,,,,
64.63770002188924,-149.05569896450586,2002-09-03,1,1,125.0,125.0,,Pastick,3.0,8.0,N,,,,,,
64.8761914630548,-148.05945416023465,2002-09-05,1,0,0.0,90.0,,Pastick,1.0,17.0,Y,,,,,,
64.87317049462769,-148.09861765508674,2002-09-05,1,0,0.0,33.0,,Pastick,7.0,6.0,Y,,,,,,
64.87125113611941,-148.08992769398793,2002-09-05,1,0,0.0,95.0,,Pastick,9.0,4.0,Y,,,,,,
64.87460666875485,-148.07024193455416,2002-09-05,1,0,0.0,40.0,,Pastick,2.0,2.0,Y,,,,,,
64.86633993717484,-148.07048292101,2002-09-05,1,0,0.0,70.0,,Pastick,5.0,12.0,Y,,,,,,
64.87124135237839,-148.0739916949664,2002-09-05,1,0,0.0,73.0,,Pastick,3.0,6.0,Y,,,,,,
64.87050504512423,-148.07653725314,2002-09-05,1,0,0.0,90.0,,Pastick,4.0,11.0,Y,,,,,,
64.86860826711916,-148.0807034036144,2002-09-05,1,0,0.0,75.0,,Pastick,6.0,10.0,Y,,,,,,
64.8721681331741,-148.10552111394873,2002-09-05,1,0,0.0,53.0,,Pastick,8.0,12.0,Y,,,,,,
64.87488915059859,-148.19805227392226,2002-09-06,1,0,0.0,55.0,,Pastick,1.0,23.0,Y,,,,,,
64.87583285990763,-148.0744283451998,2002-09-06,1,0,0.0,52.0,,Pastick,2.0,11.0,Y,,,,,,
64.88329623203518,-148.06860286529417,2002-09-06,1,0,0.0,60.0,,Pastick,3.0,17.0,Y,,,,,,
64.88798670390872,-148.06775443370515,2002-09-06,1,0,0.0,64.0,,Pastick,4.0,17.0,Y,,,,,,
64.85553059415423,-148.12226201266148,2002-09-09,1,0,0.0,120.0,,Pastick,1.0,6.0,Y,,,,,,
64.8566733605214,-148.11828040825554,2002-09-09,1,0,0.0,85.0,,Pastick,2.0,21.0,Y,,,,,,
64.86014281882677,-148.12350921971162,2002-09-09,1,0,0.0,55.0,,Pastick,3.0,12.0,Y,,,,,,
64.8852772820509,-148.11898427223292,2002-09-10,1,0,0.0,24.0,,Pastick,3.0,8.0,Y,,,,,,
64.88191166612452,-148.10461252764358,2002-09-10,1,1,34.0,48.0,,Pastick,4.0,34.0,N,,,,,,
64.88024614372151,-148.10412183741028,2002-09-10,1,0,0.0,42.0,,Pastick,5.0,14.0,Y,,,,,,
64.87291686354254,-148.09039623495804,2002-09-10,1,1,65.0,80.0,,Pastick,6.0,24.0,N,,,,,,
64.888153030172,-148.05954537751722,2002-09-11,1,0,0.0,48.0,,Pastick,2.0,16.0,Y,,,,,,
64.9335832123101,-148.0513114906885,2002-09-12,1,0,0.0,180.0,,Pastick,1.0,5.0,N,,,,,,
64.93165727134539,-148.09570223222366,2002-09-12,1,0,0.0,150.0,,Pastick,2.0,3.0,N,,,,,,
64.9248921623457,-148.1052603261974,2002-09-12,1,0,0.0,180.0,,Pastick,3.0,7.0,N,,,,,,
64.92623666816438,-148.09452915705697,2002-09-12,1,1,82.0,105.0,,Pastick,4.0,25.0,N,,,,,,
64.92198709556868,-148.0939752270852,2002-09-12,1,1,120.0,120.0,,Pastick,5.0,7.0,N,,,,,,
64.92305734354298,-148.097317867935,2002-09-12,1,1,65.0,75.0,,Pastick,6.0,5.0,N,,,,,,
64.8957038027605,-148.0628006913819,2002-09-17,1,0,0.0,50.0,,Pastick,2.0,16.0,Y,,,,,,
64.89315789363302,-148.06242540687018,2002-09-17,1,0,0.0,55.0,,Pastick,1.0,6.0,Y,,,,,,
64.93778434245358,-148.12847427899305,2002-09-19,1,0,0.0,45.0,,Pastick,7.0,1.0,N,,,,,,
64.91486274247754,-148.13347266027333,2002-09-23,1,1,63.0,70.0,,Pastick,2.0,4.0,N,,,,,,
64.89015188400997,-148.19275493380792,2002-10-03,1,1,65.0,90.0,,Pastick,5.0,10.0,N,,,,,,
64.72836340368312,-148.2344810685249,2002-08-14,1,1,50.0,50.0,,Pastick,8.0,20.0,N,,,,,,
64.76243735571849,-148.0288437016699,2002-06-13,1,1,57.0,83.0,,Pastick,2.0,14.0,N,,,,,,
64.75844247292927,-148.03550169156273,2002-06-13,1,0,0.0,97.0,,Pastick,4.0,8.0,Y,,,,,,
64.81341775173628,-148.10877826950974,2002-06-21,1,1,45.0,65.0,,Pastick,3.0,24.0,N,,,,,,
64.81413227589194,-148.09349546092378,2002-06-21,1,1,39.0,48.0,,Pastick,5.0,39.0,N,,,,,,
64.8370695742457,-148.04996860373956,2002-06-25,1,0,0.0,145.0,,Pastick,7.0,7.0,Y,,,,,,
64.78495173000259,-148.1243148775076,2002-07-02,1,0,0.0,165.0,,Pastick,7.0,8.0,Y,,,,,,
64.79428647139717,-148.14290909680454,2002-07-02,1,0,0.0,50.0,,Pastick,11.0,18.0,Y,,,,,,
64.79860239421687,-148.16264753445404,2002-07-08,1,1,52.0,65.0,,Pastick,4.0,38.0,N,,,,,,
64.80132716017242,-148.1630806992365,2002-07-08,1,1,48.0,48.0,,Pastick,5.0,15.0,N,,,,,,
64.77665660361126,-148.17226179095982,2002-07-10,1,0,0.0,70.0,,Pastick,4.0,13.0,N,,,,,,
64.78271103759334,-148.17833102158284,2002-07-15,1,1,60.0,60.0,,Pastick,3.0,9.0,N,,,,,,
64.78493185921631,-148.18457151559625,2002-07-15,1,0,0.0,77.0,,Pastick,5.0,8.0,Y,,,,,,
64.84112030882582,-148.0746039160709,2002-07-16,1,0,0.0,60.0,,Pastick,2.0,11.0,Y,,,,,,
64.79702853442795,-148.22339097444598,2002-07-19,1,0,0.0,150.0,,Pastick,4.0,7.0,N,,,,,,
64.83866930991238,-148.10897405819784,2002-07-25,1,0,0.0,75.0,,Pastick,3.0,9.0,Y,,,,,,
64.85685081721782,-148.07348085720685,2002-07-26,1,0,0.0,75.0,,Pastick,6.0,7.0,Y,,,,,,
64.85649902231263,-148.06749690259755,2002-07-26,1,0,0.0,90.0,,Pastick,8.0,8.0,Y,,,,,,
64.73852839271974,-148.21200845658032,2002-08-05,1,0,0.0,61.0,,Pastick,9.0,5.0,Y,,,,,,
64.7759984619127,-148.04406148846095,2002-06-12,1,0,0.0,60.0,,Pastick,4.0,13.0,N,,,,,,
64.79253482449191,-148.0469947901329,2002-06-18,1,0,0.0,130.0,,Pastick,1.0,8.0,Y,,,,,,
64.81996405301493,-148.05393716694286,2002-06-28,1,0,0.0,120.0,,Pastick,2.0,19.0,N,,,,,,
64.82125310806208,-148.05565188236784,2002-06-28,1,1,62.0,90.0,,Pastick,3.0,27.0,N,,,,,,
64.75096969367819,-148.11319426125132,2002-07-08,1,0,0.0,180.0,,Pastick,5.0,3.0,N,,,,,,
64.73717109933415,-148.10550697465638,2002-07-08,1,0,0.0,53.0,,Pastick,9.0,1.0,Y,,,,,,
64.82513932548167,-148.1717566813963,2002-07-12,1,0,0.0,75.0,,Pastick,2.0,26.0,Y,,,,,,
64.82329312719631,-148.16573481398663,2002-07-10,1,0,0.0,78.0,,Pastick,4.0,11.0,N,,,,,,
64.93355048973982,-148.09939720389147,2002-07-12,1,0,0.0,55.0,,Pastick,5.0,3.0,N,,,,,,
64.92748358201892,-148.09703353684012,2002-07-12,1,0,0.0,165.0,,Pastick,6.0,12.0,N,,,,,,
64.7920835342291,-148.15159167683032,2002-07-16,1,0,0.0,75.0,,Pastick,3.0,4.0,Y,,,,,,
64.80989939805727,-148.2512045333285,2002-07-31,1,0,0.0,44.0,,Pastick,7.0,6.0,Y,,,,,,
64.85424383941066,-148.486933076819,2003-06-30,1,0,0.0,52.0,,Pastick,1.0,31.0,Y,,,,,,
64.85262736607085,-148.48882666706066,2003-06-30,1,0,0.0,110.0,,Pastick,2.0,13.0,Y,,,,,,
64.82233306828722,-148.38721711545736,2003-07-08,1,1,61.0,70.0,,Pastick,1.0,22.0,N,,,,,,
64.3638294982762,-149.03376616976112,2003-07-30,1,0,0.0,52.0,,Pastick,3.0,8.0,N,,,,,,
64.19433161627211,-149.20795107315152,2003-08-11,1,0,0.0,72.0,,Pastick,2.0,17.0,N,,,,,,
64.21418529214233,-149.25413848954415,2003-08-13,1,0,0.0,72.0,,Pastick,19.0,12.0,N,,,,,,
64.21415806726857,-149.25706325488392,2003-08-13,1,0,0.0,90.0,,Pastick,20.0,5.0,N,,,,,,
64.17179491290445,-149.30101610181674,2003-08-18,1,0,0.0,88.0,,Pastick,3.0,10.0,N,,,,,,
64.17333207926634,-149.30941778197626,2003-08-18,1,1,42.0,50.0,,Pastick,6.0,15.0,N,,,,,,
64.17410145462924,-149.31242521849407,2003-08-18,1,0,0.0,87.0,,Pastick,7.0,12.0,N,,,,,,
64.1749473938254,-149.31513045572325,2003-08-18,1,0,0.0,71.0,,Pastick,8.0,18.0,N,,,,,,
64.17595776384417,-149.31822012175505,2003-08-18,1,0,0.0,104.0,,Pastick,9.0,13.0,N,,,,,,
64.17634709392284,-149.32140215711982,2003-08-18,1,0,0.0,185.0,,Pastick,10.0,7.0,N,,,,,,
64.19977694946446,-149.3646931050806,2003-08-20,1,1,45.0,52.0,,Pastick,1.0,16.0,N,,,,,,
64.20118596325305,-149.3647309044631,2003-08-20,1,1,47.0,54.0,,Pastick,2.0,27.0,N,,,,,,
64.20959787690393,-149.3647893312945,2003-08-20,1,0,0.0,62.0,,Pastick,3.0,10.0,N,,,,,,
64.21311959057877,-149.3646571003177,2003-08-20,1,0,0.0,55.0,,Pastick,4.0,8.0,N,,,,,,
64.21482184762733,-149.34204465818615,2003-08-20,1,0,0.0,75.0,,Pastick,5.0,27.0,N,,,,,,
64.21506187964017,-149.32928431644834,2003-08-20,1,0,0.0,54.0,,Pastick,6.0,2.0,N,,,,,,
64.21676465969482,-149.3119665589496,2003-08-20,1,0,0.0,60.0,,Pastick,7.0,5.0,N,,,,,,
64.22904973096291,-149.31689050005477,2003-08-20,1,0,0.0,55.0,,Pastick,8.0,15.0,N,,,,,,
64.21414249921457,-149.3000601459251,2003-08-20,1,1,45.0,54.0,,Pastick,9.0,29.0,N,,,,,,
64.21351215693936,-149.29332938278247,2003-08-20,1,1,56.0,60.0,,Pastick,10.0,15.0,N,,,,,,
64.21517781540526,-149.29474533250348,2003-08-20,1,1,51.0,55.0,,Pastick,11.0,37.0,N,,,,,,
64.91265853662053,-148.27622185647152,2003-06-02,1,0,0.0,29.0,,Pastick,2.0,10.0,Y,,,,,,
64.88528794732257,-148.4094299111664,2003-06-23,1,0,0.0,63.0,,Pastick,4.0,6.0,Y,,,,,,
64.76130988262153,-148.3751297192656,2003-07-01,1,0,0.0,60.0,,Pastick,2.0,7.0,Y,,,,,,
64.76302777534421,-148.36987708313023,2003-07-01,1,1,41.0,41.0,,Pastick,3.0,15.0,N,,,,,,
64.76890233290806,-148.3457821386332,2003-07-02,1,0,0.0,43.0,,Pastick,1.0,22.0,Y,,,,,,
64.71061146870483,-148.3329197509394,2003-07-08,1,0,0.0,181.0,,Pastick,1.0,13.0,N,,,,,,
64.70181580455859,-148.36158108027996,2003-07-08,1,0,0.0,187.0,,Pastick,8.0,9.0,N,,,,,,
64.73742209923209,-148.33155148587244,2003-07-10,1,0,0.0,47.0,,Pastick,8.0,9.0,Y,,,,,,
64.70455857028635,-148.3152942177826,2003-07-10,1,0,0.0,61.0,,Pastick,11.0,34.0,N,,,,,,
64.35656418444528,-149.1692417443942,2003-07-18,1,0,0.0,80.0,,Pastick,1.0,80.0,N,,,,,,
64.37619460159006,-149.1383013070875,2003-07-16,1,1,70.0,78.0,,Pastick,1.0,15.0,N,,,,,,
64.19262495012356,-149.22867912983585,2003-08-07,1,0,0.0,80.0,,Pastick,4.0,5.0,N,,,,,,
64.20395774757269,-149.25132851345197,2003-08-12,1,0,0.0,70.0,,Pastick,3.0,5.0,N,,,,,,
64.21456244472766,-149.27785344030607,2003-08-14,1,0,0.0,35.0,,Pastick,3.0,3.0,N,,,,,,
64.21595321179404,-149.27848316348985,2003-08-14,1,0,0.0,99.0,,Pastick,4.0,6.0,N,,,,,,
64.22321526874967,-149.28660683726034,2003-08-14,1,0,0.0,50.0,,Pastick,5.0,11.0,N,,,,,,
64.22234723759475,-149.28527740478023,2003-08-14,1,0,0.0,68.0,,Pastick,6.0,6.0,N,,,,,,
64.90410439891404,-148.34674015973357,2003-06-17,1,0,0.0,49.0,,Pastick,2.0,7.0,Y,,,,,,
64.887876184439,-148.3558962798756,2003-06-17,1,1,48.0,90.0,,Pastick,5.0,90.0,N,,,,,,
64.81386910352124,-148.4856968312075,2003-07-03,1,1,85.0,100.0,,Pastick,2.0,15.0,N,,,,,,
64.34514874050704,-149.21280685293976,2003-07-14,1,0,0.0,140.0,,Pastick,1.0,6.0,N,,,,,,
64.3428458185248,-149.201190810228,2003-07-14,1,0,0.0,160.0,,Pastick,2.0,19.0,N,,,,,,
64.34920110351685,-149.1988611513604,2003-07-14,1,0,0.0,54.0,,Pastick,3.0,8.0,N,,,,,,
64.34214303818543,-149.18877212450468,2003-07-14,1,0,0.0,81.0,,Pastick,4.0,6.0,N,,,,,,
64.21519524398218,-149.19431918591582,2003-08-07,1,1,75.0,85.0,,Pastick,4.0,24.0,N,,,,,,
64.229337768916,-149.1292401749236,2003-08-11,1,0,0.0,115.0,,Pastick,10.0,7.0,N,,,,,,
64.25786101899602,-149.09182086956994,2003-08-13,1,1,73.0,73.0,,Pastick,1.0,15.0,N,,,,,,
64.25792038654627,-149.09832815651396,2003-08-13,1,1,61.0,61.0,,Pastick,2.0,12.0,N,,,,,,
64.25780518238382,-149.10197335742998,2003-08-13,1,0,0.0,185.0,,Pastick,3.0,5.0,N,,,,,,
64.2579006126891,-149.123326431097,2003-08-13,1,0,0.0,120.0,,Pastick,6.0,9.0,N,,,,,,
64.21341283771461,-149.41910104266853,2003-08-18,1,0,0.0,76.0,,Pastick,1.0,23.0,N,,,,,,
64.21348897579408,-149.3806019461889,2003-08-18,1,0,0.0,89.0,,Pastick,5.0,7.0,N,,,,,,
64.21391278636746,-149.36668308056244,2003-08-18,1,0,0.0,67.0,,Pastick,6.0,6.0,N,,,,,,
64.22768517737882,-149.42960844245337,2003-08-19,1,1,32.0,32.0,,Pastick,1.0,31.0,N,,,,,,
64.22785731501685,-149.4203219956942,2003-08-19,1,0,0.0,120.0,,Pastick,2.0,12.0,N,,,,,,
64.22755277508841,-149.4181092243943,2003-08-19,1,1,70.0,70.0,,Pastick,3.0,16.0,N,,,,,,
64.22777607227857,-149.4094872218073,2003-08-19,1,0,0.0,182.0,,Pastick,4.0,7.0,N,,,,,,
64.22791661977892,-149.4025903629884,2003-08-19,1,1,99.0,103.0,,Pastick,5.0,21.0,N,,,,,,
64.22841327558857,-149.3914756465242,2003-08-19,1,0,0.0,80.0,,Pastick,6.0,9.0,N,,,,,,
64.22472425882694,-149.3782066441749,2003-08-19,1,1,80.0,83.0,,Pastick,8.0,18.0,N,,,,,,
64.22836918596249,-149.37326060601396,2003-08-19,1,0,0.0,60.0,,Pastick,9.0,6.0,N,,,,,,
64.22755521570252,-149.37362391986403,2003-08-19,1,0,0.0,50.0,,Pastick,10.0,3.0,N,,,,,,
64.35505629051296,-149.06541463734837,2003-08-20,1,1,60.0,70.0,,Pastick,7.0,30.0,N,,,,,,
64.35165471951566,-149.20585161549937,2003-08-21,1,0,0.0,136.0,,Pastick,1.0,12.0,N,,,,,,
64.35385484910184,-149.20461917271103,2003-08-21,1,0,0.0,160.0,,Pastick,2.0,10.0,N,,,,,,
64.35408087777611,-149.20092896836664,2003-08-21,1,0,0.0,187.0,,Pastick,4.0,7.0,N,,,,,,
64.7744172362045,-148.26571383699215,2003-07-02,1,0,0.0,43.0,,Pastick,1.0,11.0,Y,,,,,,
64.77317870213089,-148.26887357162016,2003-07-02,1,1,18.0,44.0,,Pastick,2.0,29.0,Y,,,,,,
64.69043057655996,-148.2858842732672,2003-07-07,1,0,0.0,94.0,,Pastick,2.0,0.0,Y,,,,,,
64.72292190786756,-148.34118778471228,2003-07-09,1,1,64.0,64.0,,Pastick,1.0,19.0,N,,,,,,
64.73118064333858,-148.35379721090655,2003-07-09,1,0,0.0,42.0,,Pastick,8.0,6.0,Y,,,,,,
64.73470324182613,-148.27536523307768,2003-07-11,1,0,0.0,186.0,,Pastick,1.0,8.0,N,,,,,,
64.74877131320983,-148.28724889199188,2003-07-11,1,0,0.0,187.0,,Pastick,4.0,13.0,N,,,,,,
64.37550531074345,-149.15106035745575,2003-07-17,1,0,0.0,67.0,,Pastick,1.0,8.0,N,,,,,,
64.37766778914708,-149.15297116823072,2003-07-17,1,0,0.0,119.0,,Pastick,2.0,56.0,N,,,,,,
64.20753109230446,-149.1947220040829,2003-08-06,1,1,66.0,82.0,,Pastick,1.0,15.0,N,,,,,,
64.18554941039444,-149.19139705718908,2003-08-06,1,0,0.0,55.0,,Pastick,8.0,8.0,Y,,,,,,
64.18376330895835,-149.17636987193586,2003-08-06,1,0,0.0,50.0,,Pastick,11.0,5.0,Y,,,,,,
64.24189076269028,-149.11361796956925,2003-08-12,1,0,0.0,180.0,,Pastick,5.0,5.0,N,,,,,,
64.2362170838866,-149.0986627601021,2003-08-12,1,0,0.0,100.0,,Pastick,6.0,22.0,N,,,,,,
64.2298334873821,-149.2807805546598,2003-08-14,1,0,0.0,44.0,,Pastick,1.0,6.0,N,,,,,,
64.23063165250989,-149.2785363180117,2003-08-14,1,0,0.0,150.0,,Pastick,2.0,0.0,N,,,,,,
64.23446852890916,-149.07146857822704,2003-08-14,1,0,0.0,57.0,,Pastick,3.0,0.0,N,,,,,,
64.23348832996729,-149.27439854329694,2003-08-14,1,0,0.0,85.0,,Pastick,4.0,5.0,N,,,,,,
64.23492972569267,-149.26773033775046,2003-08-14,1,0,0.0,110.0,,Pastick,5.0,10.0,N,,,,,,
64.2440612464438,-149.26536297941942,2003-08-14,1,0,0.0,50.0,,Pastick,6.0,4.0,N,,,,,,
64.22868826080423,-149.36243954056263,2003-08-19,1,0,0.0,67.0,,Pastick,1.0,10.0,N,,,,,,
64.23116659437706,-149.36186727402645,2003-08-19,1,0,0.0,53.0,,Pastick,2.0,5.0,N,,,,,,
64.22819654927608,-149.39483929930603,2003-08-19,1,0,0.0,95.0,,Pastick,5.0,18.0,N,,,,,,
64.24259499055155,-149.43038131288446,2003-08-19,1,0,0.0,50.0,,Pastick,11.0,7.0,N,,,,,,
64.21757128251711,-149.3669750903279,1994-06-15,1,0,0.0,66.0,,Pastick,9.0,11.0,N,,,,,,
64.21204939482783,-149.34304697209643,1994-06-17,1,0,0.0,105.0,,Pastick,6.0,5.0,N,,,,,,
64.22870919362354,-149.36724680334365,1994-06-21,1,0,0.0,42.0,,Pastick,5.0,2.0,N,,,,,,
64.2103204728818,-149.3794434124847,1994-06-22,1,0,0.0,73.0,,Pastick,17.0,3.0,N,,,,,,
64.22459214693654,-149.383556871494,1994-06-23,1,0,0.0,78.0,,Pastick,10.0,18.0,N,,,,,,
64.21497518302643,-149.398416804043,1994-08-23,1,0,0.0,146.0,,Pastick,9.0,6.0,N,,,,,,
64.21498197177051,-149.39307825535695,1994-08-23,1,0,0.0,162.0,,Pastick,7.0,22.0,N,,,,,,
64.20503490380862,-149.30995759826115,1994-08-24,1,0,0.0,108.0,,Pastick,22.0,18.0,N,,,,,,
64.21444597400262,-149.30643420357737,1994-08-24,1,0,0.0,80.0,,Pastick,29.0,5.0,N,,,,,,
65.61707364276918,-143.93770693474858,2008-06-29,1,0,0.0,85.0,,Pastick,,5.0,N,,,,,,
65.64781735238506,-143.81129916808848,2008-06-30,1,1,62.0,70.0,,Pastick,,22.0,N,,,,,,
65.6431614601366,-143.79991990402425,2008-06-30,1,0,0.0,75.0,,Pastick,,3.0,N,,,,,,
65.64258026102148,-143.80306245443552,2008-06-30,1,1,65.0,70.0,,Pastick,,70.0,N,,,,,,
65.64756816207732,-143.80798613874742,2008-06-30,1,1,28.0,52.0,,Pastick,,41.0,N,,,,,,
65.4840442233964,-143.57683782660408,2008-07-01,1,0,0.0,125.0,,Pastick,,8.0,N,,,,,,
65.48567224491993,-143.5830830949856,2008-07-01,1,0,0.0,54.0,,Pastick,,28.0,N,,,,,,
65.49321939807811,-143.60142050505152,2008-07-01,1,0,0.0,60.0,,Pastick,,6.0,N,,,,,,
65.48849317258848,-143.61729882080235,2008-07-01,1,0,0.0,37.0,,Pastick,,26.0,N,,,,,,
65.46443231750979,-143.49323414069903,2008-07-02,1,0,0.0,97.0,,Pastick,,3.0,Y,,,,,,
65.46168162633195,-143.48807274408267,2008-07-02,1,0,0.0,65.0,,Pastick,,7.0,N,,,,,,
65.46015225775562,-143.4961034437721,2008-07-02,1,0,0.0,90.0,,Pastick,,0.0,N,,,,,,
65.45824429064808,-143.50939077526257,2008-07-02,1,0,0.0,66.0,,Pastick,,3.0,N,,,,,,
65.39211438037486,-143.243990714002,2008-07-03,1,1,47.0,65.0,,Pastick,,12.0,N,,,,,,
65.38673781059215,-143.24479487968546,2008-07-03,1,1,29.0,45.0,,Pastick,,20.0,N,,,,,,
65.38381864012705,-143.2450973034778,2008-07-03,1,1,42.0,57.0,,Pastick,,57.0,N,,,,,,
65.38086955135923,-143.24867293689135,2008-07-03,1,0,0.0,119.0,,Pastick,,4.0,N,,,,,,
65.37503876796312,-143.2342602615621,2008-07-03,1,0,0.0,69.0,,Pastick,,3.0,N,,,,,,
65.32743580998451,-143.08734114642485,2008-07-04,1,1,40.0,60.0,,Pastick,,33.0,N,,,,,,
65.31958942804205,-143.07691942590756,2008-07-04,1,0,0.0,81.0,,Pastick,,1.0,N,,,,,,
65.09568077255652,-143.3801172107541,2008-07-13,1,0,0.0,50.0,,Pastick,,2.0,N,,,,,,
65.10420287163936,-143.38166764868413,2008-07-13,1,0,0.0,65.0,,Pastick,,12.0,N,,,,,,
65.10600346620157,-143.3819140451739,2008-07-13,1,0,0.0,80.0,,Pastick,,12.0,N,,,,,,
65.1071019208074,-143.38171415014372,2008-07-13,1,0,0.0,72.0,,Pastick,,2.0,N,,,,,,
65.08846748296648,-143.5142918713317,2008-07-14,1,0,0.0,80.0,,Pastick,,5.0,N,,,,,,
65.09003949900318,-143.49248140252672,2008-07-14,1,0,0.0,60.0,,Pastick,,0.0,N,,,,,,
65.08505494700464,-143.48312904733604,2008-07-14,1,0,0.0,61.0,,Pastick,,0.0,N,,,,,,
65.08191701649575,-143.4816471303015,2008-07-14,1,0,0.0,50.0,,Pastick,,4.0,N,,,,,,
65.07503488670622,-143.4841721864888,2008-07-14,1,0,0.0,61.0,,Pastick,,0.0,N,,,,,,
65.1979714268749,-143.77024174946655,2008-07-15,1,0,0.0,62.0,,Pastick,,0.0,N,,,,,,
65.19691234261639,-143.7705324847511,2008-07-15,1,0,0.0,75.0,,Pastick,,0.0,N,,,,,,
65.19413709271072,-143.77043391682503,2008-07-15,1,0,0.0,82.0,,Pastick,,0.0,N,,,,,,
65.190973262773,-143.77076122918746,2008-07-15,1,0,0.0,66.0,,Pastick,,0.0,N,,,,,,
65.18874714309095,-143.4852798250044,2008-07-16,1,0,0.0,183.0,,Pastick,,0.0,N,,,,,,
65.18968298207594,-143.4823544539379,2008-07-16,1,0,0.0,53.0,,Pastick,,7.0,N,,,,,,
65.19230719076954,-143.47398152293678,2008-07-16,1,0,0.0,85.0,,Pastick,,0.0,N,,,,,,
65.19480768106155,-143.4714180792299,2008-07-16,1,0,0.0,90.0,,Pastick,,6.0,N,,,,,,
65.20052698075412,-143.47028241538277,2008-07-16,1,0,0.0,49.0,,Pastick,,27.0,Y,,,,,,
65.20366122803861,-143.453932501543,2008-07-16,1,0,0.0,46.0,,Pastick,,41.0,N,,,,,,
65.09207401300658,-143.8003905160183,2008-07-17,1,0,0.0,40.0,,Pastick,,0.0,N,,,,,,
65.08908435292646,-143.80101027774555,2008-07-17,1,0,0.0,70.0,,Pastick,,0.0,N,,,,,,
65.08556798283445,-143.80460787243678,2008-07-17,1,0,0.0,70.0,,Pastick,,12.0,N,,,,,,
65.08265258332008,-143.80732235463086,2008-07-17,1,1,73.0,78.0,,Pastick,,7.0,N,,,,,,
65.07999887496982,-143.8149924774698,2008-07-17,1,0,0.0,55.0,,Pastick,,18.0,N,,,,,,
65.26471656763033,-143.72145117904756,2008-07-18,1,1,36.0,63.0,,Pastick,,21.0,N,,,,,,
65.26922846564995,-143.7100445744204,2008-07-18,1,0,0.0,90.0,,Pastick,,4.0,N,,,,,,
65.28234270573157,-143.70399207170098,2008-07-18,1,1,50.0,55.0,,Pastick,,39.0,N,,,,,,
65.28837817656826,-143.71060966682847,2008-07-18,1,0,0.0,50.0,,Pastick,,40.0,N,,,,,,
65.53288089066875,-143.66159951250816,2008-07-28,1,1,55.0,71.0,,Pastick,,55.0,N,,,,,,
65.53245434147722,-143.66683694400444,2008-07-28,1,0,0.0,183.0,,Pastick,,115.0,N,,,,,,
65.53196182271131,-143.67285900277258,2008-07-28,1,1,24.0,55.0,,Pastick,,15.0,N,,,,,,
65.58359884334448,-143.9485591885027,2008-07-29,1,0,0.0,110.0,,Pastick,,0.0,N,,,,,,
65.58526608392201,-143.94978939588646,2008-07-29,1,0,0.0,80.0,,Pastick,,23.0,N,,,,,,
65.58615372363654,-143.95079848560462,2008-07-29,1,0,0.0,90.0,,Pastick,,10.0,N,,,,,,
65.5847271216944,-143.9400964778605,2008-07-29,1,0,0.0,85.0,,Pastick,,22.0,N,,,,,,
65.58487205129323,-143.93530554699427,2008-07-29,1,0,0.0,110.0,,Pastick,,7.0,N,,,,,,
65.50353862784877,-143.70947479047322,2008-07-30,1,1,82.0,85.0,,Pastick,,85.0,N,,,,,,
65.49005407060586,-143.72899751259578,2008-07-30,1,0,0.0,80.0,,Pastick,,11.0,N,,,,,,
65.49103970014156,-143.7274217125966,2008-07-30,1,0,0.0,70.0,,Pastick,,10.0,N,,,,,,
65.49293735972051,-143.72387088965397,2008-07-30,1,1,45.0,60.0,,Pastick,,24.0,N,,,,,,
65.49653294842793,-143.71916243695037,2008-07-30,1,1,41.0,60.0,,Pastick,,46.0,N,,,,,,
65.4976404481704,-143.7168772768761,2008-07-30,1,1,45.0,70.0,,Pastick,,70.0,N,,,,,,
65.49282913771783,-143.65752628441686,2008-07-31,1,0,0.0,80.0,,Pastick,,0.0,N,,,,,,
65.49280315793023,-143.65983088407586,2008-07-31,1,0,0.0,111.0,,Pastick,,0.0,N,,,,,,
65.49558101072478,-143.67270700098484,2008-07-31,1,0,0.0,130.0,,Pastick,,2.0,N,,,,,,
65.49630437114259,-143.67495175009995,2008-07-31,1,1,78.0,86.0,,Pastick,,30.0,N,,,,,,
65.50605738330881,-143.6845324298787,2008-07-31,1,0,0.0,183.0,,Pastick,,0.0,N,,,,,,
65.44933318030309,-143.6253605289631,2008-08-01,1,0,0.0,155.0,,Pastick,,45.0,N,,,,,,
65.47257221156731,-143.8571618545455,2008-08-13,1,1,66.0,76.0,,Pastick,,43.0,N,,,,,,
65.47418170022287,-143.8487371149441,2008-08-13,1,0,0.0,183.0,,Pastick,,12.0,N,,,,,,
65.46995663620255,-143.82437461983912,2008-08-13,1,1,65.0,78.0,,Pastick,,78.0,N,,,,,,
65.46976124529672,-143.82226086956192,2008-08-13,1,1,65.0,75.0,,Pastick,,17.0,N,,,,,,
65.47357535491692,-143.8163551462412,2008-08-13,1,0,0.0,183.0,,Pastick,,7.0,N,,,,,,
65.40084364386341,-143.83311449879744,2008-08-14,1,1,60.0,76.0,,Pastick,,48.0,N,,,,,,
65.40296997366936,-143.83072506677323,2008-08-14,1,1,55.0,65.0,,Pastick,,21.0,N,,,,,,
65.40532520281886,-143.82776147401796,2008-08-14,1,1,69.0,80.0,,Pastick,,18.0,N,,,,,,
65.4111492821258,-143.82129508839347,2008-08-14,1,1,33.0,52.0,,Pastick,,27.0,N,,,,,,
65.4166954223431,-143.8177610130592,2008-08-14,1,1,45.0,70.0,,Pastick,,21.0,N,,,,,,
65.42199119164873,-143.81505214778923,2008-08-14,1,1,65.0,75.0,,Pastick,,56.0,N,,,,,,
65.32336142632099,-143.8687820055562,2008-08-15,1,1,42.0,57.0,,Pastick,,26.0,N,,,,,,
65.32200791536789,-143.86478576527267,2008-08-15,1,1,46.0,72.0,,Pastick,,38.0,N,,,,,,
65.31859882246661,-143.84757386999826,2008-08-15,1,1,80.0,90.0,,Pastick,,61.0,N,,,,,,
65.3186093820713,-143.84487791036338,2008-08-15,1,1,45.0,55.0,,Pastick,,44.0,N,,,,,,
65.34622110291417,-143.6712867511,2008-08-16,1,1,58.0,72.0,,Pastick,,44.0,N,,,,,,
65.34318232502677,-143.6819419924969,2008-08-16,1,1,70.0,82.0,,Pastick,,16.0,N,,,,,,
65.52089068324337,-143.73705568225483,2008-08-27,1,1,45.0,62.0,,Pastick,,59.0,N,,,,,,
65.52099830262523,-143.73408613278417,2008-08-27,1,1,55.0,63.0,,Pastick,,63.0,N,,,,,,
65.455971140229,-143.6224006119052,2008-08-01,1,1,58.0,72.0,,Pastick,,28.0,N,,,,,,
65.456839919112,-143.6187332013922,2008-08-01,1,0,0.0,183.0,,Pastick,,183.0,N,,,,,,
65.45203642205986,-143.63447441633363,2008-08-01,1,0,0.0,115.0,,Pastick,,8.0,N,,,,,,
65.45077687013864,-143.62534895683345,2008-08-01,1,1,49.0,64.0,,Pastick,,42.0,N,,,,,,
65.34002218527422,-143.6863792951837,2008-08-16,1,0,0.0,66.0,,Pastick,,13.0,N,,,,,,
65.33887444535249,-143.68935872761116,2008-08-16,1,0,0.0,62.0,,Pastick,,19.0,N,,,,,,
65.51930422836874,-143.71004072455517,2008-08-27,1,1,61.0,73.0,,Pastick,,13.0,N,,,,,,
65.19117367053921,-143.7614073593147,2008-07-15,1,0,0.0,88.0,,Pastick,,9.0,N,,,,,,
65.1896939304754,-143.76086556215444,2008-07-15,1,1,68.0,73.0,,Pastick,,24.0,N,,,,,,
65.51899133959758,-143.71611005459988,2008-08-27,1,1,47.0,53.0,,Pastick,,33.0,N,,,,,,
65.0993003785772,-143.3788862542858,2008-07-13,1,1,41.0,60.0,,Pastick,,4.0,N,,,,,,
65.10120468316724,-143.37995101938242,2008-07-13,1,0,0.0,65.0,,Pastick,,8.0,N,,,,,,
65.06953635501435,-143.81558542945385,2008-10-15,1,1,38.0,43.0,,Pastick,,29.0,N,,,,,,
65.63289658642427,-143.9527845383775,2008-06-29,1,1,66.0,70.0,,Pastick,,47.0,N,,,,,,
65.62859348618713,-143.95245169292113,2008-06-29,1,1,58.0,69.0,,Pastick,,13.0,N,,,,,,
65.61951672629957,-143.95725646133437,2008-06-29,1,0,0.0,95.0,,Pastick,,9.0,N,,,,,,
65.61660996792843,-143.96303075430484,2008-06-29,1,0,0.0,71.0,,Pastick,,8.0,N,,,,,,
65.60793993805405,-143.74140839189292,2008-06-30,1,0,0.0,75.0,,Pastick,,8.0,N,,,,,,
65.60418684853316,-143.7439177761789,2008-06-30,1,0,0.0,58.0,,Pastick,,13.0,N,,,,,,
65.60898474210188,-143.7609476112206,2008-06-30,1,1,48.0,58.0,,Pastick,,22.0,N,,,,,,
65.48602931151187,-143.5633883047929,2008-07-01,1,0,0.0,85.0,,Pastick,,0.0,N,,,,,,
65.48179653022561,-143.55914286945702,2008-07-01,1,1,43.0,50.0,,Pastick,,33.0,N,,,,,,
65.47701784000688,-143.56082353371735,2008-07-01,1,0,0.0,74.0,,Pastick,,6.0,N,,,,,,
65.47132569233267,-143.57568422823135,2008-07-01,1,0,0.0,78.0,,Pastick,,11.0,N,,,,,,
65.46972793289999,-143.57712416119708,2008-07-01,1,0,0.0,82.0,,Pastick,,9.0,N,,,,,,
65.45692057283048,-143.23910340972284,2008-07-02,1,0,0.0,101.0,,Pastick,,2.0,N,,,,,,
65.459294412526,-143.2373067484112,2008-07-02,1,1,31.0,38.0,,Pastick,,28.0,N,,,,,,
65.46236370346277,-143.2415414437212,2008-07-02,1,1,40.0,44.0,,Pastick,,27.0,N,,,,,,
65.4681806569191,-143.25564424769496,2008-07-02,1,1,39.0,41.0,,Pastick,,22.0,N,,,,,,
65.47009441642359,-143.25642141513492,2008-07-02,1,1,51.0,54.0,,Pastick,,28.0,N,,,,,,
65.47784189768845,-143.26057136731947,2008-07-02,1,1,30.0,38.0,,Pastick,,30.0,N,,,,,,
65.47459609003134,-143.27486309957365,2008-07-02,1,1,22.0,39.0,,Pastick,,39.0,N,,,,,,
65.38453192482655,-143.1525229566337,2008-07-03,1,1,43.0,68.0,,Pastick,,32.0,N,,,,,,
65.38650552402768,-143.1482555557047,2008-07-03,1,1,36.0,52.0,,Pastick,,36.0,N,,,,,,
65.38773440316149,-143.14528559352055,2008-07-03,1,1,48.0,52.0,,Pastick,,48.0,N,,,,,,
65.38733676310726,-143.14183585471355,2008-07-03,1,1,45.0,47.0,,Pastick,,29.0,N,,,,,,
65.38736442169252,-143.1376870645165,2008-07-03,1,1,64.0,74.0,,Pastick,,24.0,N,,,,,,
65.37763379394059,-143.210344590917,2008-07-04,1,1,55.0,88.0,,Pastick,,70.0,N,,,,,,
65.37967462479028,-143.21215281844442,2008-07-04,1,0,0.0,101.0,,Pastick,,9.0,N,,,,,,
65.3808091947185,-143.21291213808252,2008-07-04,1,0,0.0,46.0,,Pastick,,25.0,N,,,,,,
65.39532539421766,-143.20446450437137,2008-07-04,1,1,39.0,59.0,,Pastick,,28.0,N,,,,,,
65.07653739659888,-143.30779239301626,2008-07-13,1,0,0.0,67.0,,Pastick,,41.0,N,,,,,,
65.0763980838852,-143.292052184855,2008-07-13,1,0,0.0,66.0,,Pastick,,10.0,N,,,,,,
65.06783396178034,-143.28325890304097,2008-07-13,1,0,0.0,68.0,,Pastick,,17.0,N,,,,,,
65.062903886978,-143.25952278900945,2008-07-13,1,0,0.0,60.0,,Pastick,,24.0,N,,,,,,
65.07884774580789,-143.59002546906234,2008-07-14,1,0,0.0,80.0,,Pastick,,0.0,N,,,,,,
65.08214594527942,-143.58599729488725,2008-07-14,1,0,0.0,71.0,,Pastick,,21.0,N,,,,,,
65.21411406079623,-143.52323774945023,2008-07-16,1,0,0.0,71.0,,Pastick,,2.0,N,,,,,,
65.21438253217995,-143.5311257081691,2008-07-16,1,0,0.0,67.0,,Pastick,,24.0,N,,,,,,
65.21863325246596,-143.53433295304816,2008-07-16,1,1,31.0,54.0,,Pastick,,21.0,N,,,,,,
65.21920523479137,-143.54372295358775,2008-07-16,1,0,0.0,67.0,,Pastick,,0.0,N,,,,,,
65.22427938613218,-143.55022645752555,2008-07-16,1,1,49.0,78.0,,Pastick,,78.0,N,,,,,,
65.22825006821138,-143.56189675268158,2008-07-16,1,1,32.0,47.0,,Pastick,,47.0,N,,,,,,
65.10826590428682,-143.69118796535983,2008-07-17,1,0,0.0,71.0,,Pastick,,16.0,N,,,,,,
65.103958444352,-143.689423918555,2008-07-17,1,0,0.0,72.0,,Pastick,,12.0,N,,,,,,
65.10214526340842,-143.6886992200476,2008-07-17,1,0,0.0,88.0,,Pastick,,23.0,N,,,,,,
65.09897615375168,-143.69120080386926,2008-07-17,1,0,0.0,74.0,,Pastick,,9.0,N,,,,,,
65.09703691317941,-143.68818432605246,2008-07-17,1,1,51.0,61.0,,Pastick,,18.0,N,,,,,,
65.09154693371813,-143.6907853217014,2008-07-17,1,0,0.0,37.0,,Pastick,,13.0,N,,,,,,
65.23532811567222,-143.31680789763993,2008-07-18,1,0,0.0,58.0,,Pastick,,9.0,N,,,,,,
65.2337297754665,-143.31749445856775,2008-07-18,1,1,48.0,52.0,,Pastick,,28.0,N,,,,,,
65.2307215074114,-143.32692066206872,2008-07-18,1,1,42.0,51.0,,Pastick,,33.0,N,,,,,,
65.23246142713921,-143.32812916019893,2008-07-18,1,1,27.0,52.0,,Pastick,,52.0,N,,,,,,
65.23658255540164,-143.31375587638124,2008-07-18,1,0,0.0,45.0,,Pastick,,0.0,N,,,,,,
65.2391366043503,-143.3094650048146,2008-07-18,1,0,0.0,45.0,,Pastick,,4.0,N,,,,,,
65.592095753001,-144.00272864721174,2008-07-27,1,1,150.0,150.0,,Pastick,,1.0,N,,,,,,
65.5910169128811,-144.00376867839435,2008-07-27,1,0,0.0,75.0,,Pastick,,5.0,N,,,,,,
65.590001533018,-144.00455380982095,2008-07-27,1,1,137.0,145.0,,Pastick,,5.0,N,,,,,,
65.58922436331191,-144.00591896932966,2008-07-27,1,0,0.0,94.0,,Pastick,,0.0,N,,,,,,
65.59378277008503,-143.986822726937,2008-07-27,1,0,0.0,183.0,,Pastick,,0.0,N,,,,,,
65.50211479613733,-143.76184961954124,2008-08-13,1,0,0.0,80.0,,Pastick,,8.0,N,,,,,,
65.50042090594363,-143.76050399084983,2008-08-13,1,0,0.0,69.0,,Pastick,,0.0,N,,,,,,
65.50012677640967,-143.75950327260475,2008-08-13,1,0,0.0,70.0,,Pastick,,0.0,N,,,,,,
65.49957935533428,-143.75788933277292,2008-08-13,1,1,45.0,70.0,,Pastick,,70.0,N,,,,,,
65.50254680521304,-143.75426197860384,2008-08-13,1,0,0.0,65.0,,Pastick,,10.0,N,,,,,,
65.47491964015512,-143.79100986675402,2008-08-14,1,0,0.0,183.0,,Pastick,,5.0,N,,,,,,
65.47265475973695,-143.78938201710912,2008-08-14,1,1,63.0,72.0,,Pastick,,32.0,N,,,,,,
65.46885792646322,-143.7732855020508,2008-08-14,1,0,0.0,60.0,,Pastick,,8.0,N,,,,,,
65.46469345499216,-143.7649187672083,2008-08-14,1,0,0.0,92.0,,Pastick,,0.0,N,,,,,,
65.36754528496193,-143.85048980189987,2008-08-15,1,1,48.0,57.0,,Pastick,,57.0,N,,,,,,
65.36555240441163,-143.8476534431874,2008-08-15,1,0,0.0,29.0,,Pastick,,12.0,N,,,,,,
65.36446434400268,-143.8450326847057,2008-08-15,1,1,74.0,82.0,,Pastick,,22.0,N,,,,,,
65.35903228295682,-143.83921790975813,2008-08-15,1,1,48.0,58.0,,Pastick,,48.0,N,,,,,,
65.35778614224964,-143.8382716707706,2008-08-15,1,0,0.0,185.0,,Pastick,,72.0,N,,,,,,
65.35574934198647,-143.83493752403726,2008-08-15,1,1,45.0,58.0,,Pastick,,16.0,N,,,,,,
65.35197701515258,-143.5699044397446,2008-08-16,1,1,50.0,62.0,,Pastick,,23.0,N,,,,,,
65.35588734463248,-143.56406979619015,2008-08-16,1,1,47.0,54.0,,Pastick,,42.0,N,,,,,,
65.35619035354974,-143.55876287644904,2008-08-16,1,1,60.0,67.0,,Pastick,,22.0,N,,,,,,
65.37209007905508,-143.63961184558713,2008-08-17,1,1,125.0,140.0,,Pastick,,5.0,N,,,,,,
65.37108860323612,-143.60849403896796,2008-08-17,1,1,92.0,118.0,,Pastick,,8.0,N,,,,,,
65.2712795729108,-143.57771486975037,2008-08-18,1,1,51.0,57.0,,Pastick,,14.0,N,,,,,,
65.26937462441326,-143.586027621245,2008-08-18,1,1,45.0,52.0,,Pastick,,21.0,N,,,,,,
65.26257135836053,-143.55583835938634,2008-08-18,1,1,51.0,57.0,,Pastick,,45.0,N,,,,,,
65.27587403578515,-143.59107058473114,2008-08-18,1,0,0.0,60.0,,Pastick,,4.0,N,,,,,,
65.27530289463591,-143.58888550551274,2008-08-18,1,0,0.0,70.0,,Pastick,,11.0,N,,,,,,
65.27455874459785,-143.58621595538142,2008-08-18,1,0,0.0,71.0,,Pastick,,13.0,N,,,,,,
65.27690483583216,-143.59183811317632,2008-08-18,1,1,75.0,81.0,,Pastick,,23.0,N,,,,,,
65.5415404290341,-143.76700838998056,2008-08-28,1,1,57.0,75.0,,Pastick,,2.0,N,,,,,,
65.54213000873706,-143.76062765925894,2008-08-28,1,1,35.0,50.0,,Pastick,,35.0,N,,,,,,
65.54545158759699,-143.7542166767213,2008-08-28,1,1,60.0,73.0,,Pastick,,60.0,N,,,,,,
65.45054562404117,-143.6471420662589,2008-08-28,1,0,0.0,140.0,,Pastick,,0.0,N,,,,,,
65.42012944476895,-143.604430099417,2008-08-29,1,1,59.0,64.0,,Pastick,,64.0,N,,,,,,
65.41704490375253,-143.59888715268028,2008-08-29,1,1,55.0,69.0,,Pastick,,25.0,N,,,,,,
65.41456830383167,-143.5996851149907,2008-08-29,1,1,49.0,68.0,,Pastick,,32.0,N,,,,,,
65.42382519564228,-143.60490040546898,2008-08-29,1,0,0.0,101.0,,Pastick,,0.0,N,,,,,,
65.06519566465977,-143.24246468744897,2008-07-13,1,0,0.0,50.0,,Pastick,,32.0,N,,,,,,
65.54726576684907,-143.748511023836,2008-08-28,1,1,48.0,70.0,,Pastick,,70.0,N,,,,,,
65.54858733616408,-143.7475577535754,2008-08-28,1,0,0.0,183.0,,Pastick,,0.0,N,,,,,,
65.09017849482842,-143.5829707471726,2008-07-14,1,0,0.0,69.0,,Pastick,,10.0,N,,,,,,
65.09233666500175,-143.58365546595573,2008-07-14,1,0,0.0,69.0,,Pastick,,7.0,N,,,,,,
61.171673,-162.772819,2016-08-15,1,1,73.16876178,73.16876178,,Schaefer_2020,,,,,,,,,
69.06835722,-148.8050906,2014-08-13,1,1,32.34,32.34,,Schaefer_2020,,,,,,,,,
70.1367865,-148.6532817,2018-08-26,1,1,49.0999985,49.0999985,,Schaefer_2020,,,,,,,,,
60.52358,-117.02277,2012-08-18,1,1,100.0,100.0,,Schaefer_2020,,,,,,,,,
60.95744,-117.34259,2008-06-22,1,1,62.33333333,62.33333333,,Schaefer_2020,,,,,,,,,
60.95797,-117.16102,2013-08-10,1,1,100.0,100.0,,Schaefer_2020,,,,,,,,,
60.96547,-117.17677,2013-08-10,1,1,32.16666667,32.16666667,,Schaefer_2020,,,,,,,,,
60.96918,-117.29615,2012-08-18,1,1,59.0,59.0,,Schaefer_2020,,,,,,,,,
62.02872,-116.31459,2013-08-10,1,1,67.16666667,67.16666667,,Schaefer_2020,,,,,,,,,
62.07367,-116.3219,2013-08-11,1,1,60.17,60.17,,Schaefer_2020,,,,,,,,,
62.32266,-113.1125,2013-08-10,1,1,59.66666667,59.66666667,,Schaefer_2020,,,,,,,,,
62.3272,-113.1178,2013-08-10,1,1,55.33333333,55.33333333,,Schaefer_2020,,,,,,,,,
62.36486,-113.07933,2013-08-11,1,1,65.0,65.0,,Schaefer_2020,,,,,,,,,
62.38303,-113.38303,2013-08-10,1,1,74.83333333,74.83333333,,Schaefer_2020,,,,,,,,,
62.49023,-113.50581,2013-08-11,1,1,21.33333333,21.33333333,,Schaefer_2020,,,,,,,,,
62.49374,-113.43828,2013-08-10,1,1,59.25,59.25,,Schaefer_2020,,,,,,,,,
62.54267,-116.4457,2013-08-10,1,1,37.0,37.0,,Schaefer_2020,,,,,,,,,
62.56528,-116.37776,2013-08-11,1,1,100.0,100.0,,Schaefer_2020,,,,,,,,,
68.5467217,-149.4897183,2016-08-14,1,1,45.0,45.0,,Schaefer_2020,,,,,,,,,
68.63,-150.27,2013-08-11,1,1,47.7,47.7,,Schaefer_2020,,,,,,,,,
68.63445,-149.496402,2013-08-11,1,1,59.0,59.0,,Schaefer_2020,,,,,,,,,
68.640922,-149.490398,2013-08-11,1,1,35.0,35.0,,Schaefer_2020,,,,,,,,,
68.641337,-149.481337,2013-08-11,1,1,47.5,47.5,,Schaefer_2020,,,,,,,,,
68.641595,-149.476437,2013-08-11,1,1,50.0,50.0,,Schaefer_2020,,,,,,,,,
68.641615,-149.470523,2013-08-11,1,1,44.0,44.0,,Schaefer_2020,,,,,,,,,
68.6420467,-149.4654817,2013-08-11,1,1,55.3,55.3,,Schaefer_2020,,,,,,,,,
68.6473933,-149.36225,2016-08-14,1,1,48.0,48.0,,Schaefer_2020,,,,,,,,,
68.647438,-149.3660783,2016-08-14,1,1,46.0,46.0,,Schaefer_2020,,,,,,,,,
68.64898,-149.338395,2016-08-14,1,1,29.0,29.0,,Schaefer_2020,,,,,,,,,
68.6510883,-149.2523,2014-08-13,1,1,55.0,55.0,,Schaefer_2020,,,,,,,,,
68.6513083,-149.2313,2014-08-13,1,1,40.0,40.0,,Schaefer_2020,,,,,,,,,
68.6515117,-149.3205083,2016-08-14,1,1,48.0,48.0,,Schaefer_2020,,,,,,,,,
68.78868,-148.85028,2016-08-15,1,1,60.3,60.3,,Schaefer_2020,,,,,,,,,
68.877721,-150.485307,2013-08-11,1,1,66.9,66.9,,Schaefer_2020,,,,,,,,,
68.881152,-150.730976,2013-08-11,1,1,55.85,55.85,,Schaefer_2020,,,,,,,,,
68.901161,-150.579065,2013-08-11,1,1,65.1,65.1,,Schaefer_2020,,,,,,,,,
68.906329,-150.233182,2013-08-11,1,1,66.75,66.75,,Schaefer_2020,,,,,,,,,
68.920772,-150.036893,2013-08-11,1,1,52.35,52.35,,Schaefer_2020,,,,,,,,,
68.93,-150.27,2013-08-11,1,1,34.29506172839506,34.29506172839506,,Schaefer_2020,,,,,,,,,
68.9344853,-150.2728053,2013-08-11,1,1,48.76470588235294,48.76470588235294,,Schaefer_2020,,,,,,,,,
68.947777,-150.671791,2013-08-11,1,1,53.1,53.1,,Schaefer_2020,,,,,,,,,
68.948905,-150.439662,2013-08-11,1,1,65.8,65.8,,Schaefer_2020,,,,,,,,,
68.95,-150.21,2013-08-11,1,1,40.28875,40.28875,,Schaefer_2020,,,,,,,,,
68.950556,-150.835485,2013-08-11,1,1,47.05,47.05,,Schaefer_2020,,,,,,,,,
68.95141278,-150.2115191,2013-08-11,1,1,62.431372549019606,62.431372549019606,,Schaefer_2020,,,,,,,,,
68.95215,-148.8761,2016-08-15,1,1,46.3,46.3,,Schaefer_2020,,,,,,,,,
68.98135,-148.83099,2014-08-13,1,1,88.0,88.0,,Schaefer_2020,,,,,,,,,
68.985278,-150.521837,2013-08-11,1,1,67.6,67.6,,Schaefer_2020,,,,,,,,,
68.99,-150.28,2013-08-11,1,1,43.907407407407405,43.907407407407405,,Schaefer_2020,,,,,,,,,
68.99113,-150.625969,2013-08-11,1,1,65.05000000000001,65.05000000000001,,Schaefer_2020,,,,,,,,,
68.99675103,-150.2815055,2013-08-11,1,1,57.64705882352941,57.64705882352941,,Schaefer_2020,,,,,,,,,
68.999,-150.28,2013-08-11,1,1,61.85,61.85,,Schaefer_2020,,,,,,,,,
69.003587,-150.734651,2013-08-11,1,1,63.6,63.6,,Schaefer_2020,,,,,,,,,
69.005575,-150.392413,2013-08-11,1,1,57.1,57.1,,Schaefer_2020,,,,,,,,,
69.017626,-150.915936,2013-08-11,1,1,48.85,48.85,,Schaefer_2020,,,,,,,,,
69.021547,-150.549971,2013-08-11,1,1,62.3,62.3,,Schaefer_2020,,,,,,,,,
69.025704,-150.122863,2013-08-11,1,1,43.4,43.4,,Schaefer_2020,,,,,,,,,
69.032527,-150.796653,2013-08-11,1,1,45.75,45.75,,Schaefer_2020,,,,,,,,,
69.036425,-150.678506,2013-08-11,1,1,57.9,57.9,,Schaefer_2020,,,,,,,,,
69.04042677,-150.4120252,2013-08-11,1,1,50.6078431372549,50.6078431372549,,Schaefer_2020,,,,,,,,,
69.040767,-150.384684,2013-08-11,1,1,61.2,61.2,,Schaefer_2020,,,,,,,,,
69.052827,-150.609415,2013-08-11,1,1,49.3,49.3,,Schaefer_2020,,,,,,,,,
69.065788,-148.779538,2014-08-13,1,1,52.3,52.3,,Schaefer_2020,,,,,,,,,
69.073889,-150.414931,2013-08-11,1,1,65.85,65.85,,Schaefer_2020,,,,,,,,,
69.0742031,-150.4039689,2013-08-11,1,1,49.10204081632653,49.10204081632653,,Schaefer_2020,,,,,,,,,
69.075018,-150.739097,2013-08-11,1,1,58.95,58.95,,Schaefer_2020,,,,,,,,,
69.083073,-150.192424,2013-08-11,1,1,55.2,55.2,,Schaefer_2020,,,,,,,,,
69.097619,-150.605476,2013-08-11,1,1,57.8,57.8,,Schaefer_2020,,,,,,,,,
69.107448,-148.859077,2014-08-11,1,1,55.7,55.7,,Schaefer_2020,,,,,,,,,
69.117951,-150.522133,2013-08-11,1,1,65.65,65.65,,Schaefer_2020,,,,,,,,,
69.119455,-148.868207,2014-08-11,1,1,38.7,38.7,,Schaefer_2020,,,,,,,,,
69.125093,-148.148851,2014-08-11,1,1,37.7,37.7,,Schaefer_2020,,,,,,,,,
69.12554,-148.8390967,2016-08-17,1,1,46.0,46.0,,Schaefer_2020,,,,,,,,,
69.1265317,-148.8427617,2016-08-17,1,1,41.0,41.0,,Schaefer_2020,,,,,,,,,
69.1278967,-148.8450817,2016-08-17,1,1,45.3,45.3,,Schaefer_2020,,,,,,,,,
69.131161,-150.776315,2013-08-11,1,1,59.85,59.85,,Schaefer_2020,,,,,,,,,
69.142566,-150.920629,2013-08-11,1,1,42.95,42.95,,Schaefer_2020,,,,,,,,,
69.1467,-148.8383,2018-08-24,1,1,37.07142857142857,37.07142857142857,,Schaefer_2020,,,,,,,,,
69.14941,-148.846,2014-08-13,1,1,43.3,43.3,,Schaefer_2020,,,,,,,,,
69.14942,-150.669112,2013-08-11,1,1,58.8,58.8,,Schaefer_2020,,,,,,,,,
69.1501067,-148.8415917,2014-08-13,1,1,30.0,30.0,,Schaefer_2020,,,,,,,,,
69.15909,-150.372051,2013-08-11,1,1,38.85,38.85,,Schaefer_2020,,,,,,,,,
69.1591,-148.8291,2018-08-24,1,1,41.023809523809526,41.023809523809526,,Schaefer_2020,,,,,,,,,
69.173131,-150.832241,2013-08-11,1,1,58.1,58.1,,Schaefer_2020,,,,,,,,,
69.182426,-150.528724,2013-08-11,1,1,59.65,59.65,,Schaefer_2020,,,,,,,,,
69.214349,-150.955404,2013-08-11,1,1,68.65,68.65,,Schaefer_2020,,,,,,,,,
69.215311,-150.879409,2013-08-11,1,1,58.65,58.65,,Schaefer_2020,,,,,,,,,
69.228117,-150.748094,2013-08-11,1,1,52.9,52.9,,Schaefer_2020,,,,,,,,,
69.233693,-150.601337,2013-08-11,1,1,56.65,56.65,,Schaefer_2020,,,,,,,,,
69.261326,-150.891772,2013-08-11,1,1,54.3,54.3,,Schaefer_2020,,,,,,,,,
69.2796,-150.662435,2013-08-11,1,1,56.75,56.75,,Schaefer_2020,,,,,,,,,
69.281249,-150.478394,2013-08-11,1,1,47.15,47.15,,Schaefer_2020,,,,,,,,,
69.290306,-150.783888,2013-08-11,1,1,59.2,59.2,,Schaefer_2020,,,,,,,,,
69.302733,-150.903301,2013-08-11,1,1,57.1,57.1,,Schaefer_2020,,,,,,,,,
69.312696,-150.701603,2013-08-11,1,1,47.3,47.3,,Schaefer_2020,,,,,,,,,
69.321175,-151.064796,2013-08-11,1,1,45.3,45.3,,Schaefer_2020,,,,,,,,,
69.341872,-150.921334,2013-08-11,1,1,57.150000000000006,57.150000000000006,,Schaefer_2020,,,,,,,,,
69.358039,-150.68531,2013-08-11,1,1,62.8,62.8,,Schaefer_2020,,,,,,,,,
69.364545,-150.596434,2013-08-11,1,1,52.150000000000006,52.150000000000006,,Schaefer_2020,,,,,,,,,
69.384466,-150.928384,2013-08-11,1,1,57.25,57.25,,Schaefer_2020,,,,,,,,,
69.397455,-150.700217,2013-08-11,1,1,63.1,63.1,,Schaefer_2020,,,,,,,,,
69.429722,-150.873225,2013-08-11,1,1,53.1,53.1,,Schaefer_2020,,,,,,,,,
70.03275,-148.641444,2018-08-24,1,1,43.59090909090909,43.59090909090909,,Schaefer_2020,,,,,,,,,
70.1653,-148.4581,2018-08-24,1,1,43.11764705882353,43.11764705882353,,Schaefer_2020,,,,,,,,,
70.17602,-148.46095,2018-08-24,1,1,52.5,52.5,,Schaefer_2020,,,,,,,,,
70.17647,-148.45083,2018-08-24,1,1,56.5,56.5,,Schaefer_2020,,,,,,,,,
70.17655,-148.45404,2018-08-24,1,1,54.33,54.33,,Schaefer_2020,,,,,,,,,
70.17693,-148.46035,2018-08-24,1,1,54.67,54.67,,Schaefer_2020,,,,,,,,,
70.17785,-148.45966,2018-08-24,1,1,49.83,49.83,,Schaefer_2020,,,,,,,,,
70.17786,-148.45332,2018-08-24,1,1,53.5,53.5,,Schaefer_2020,,,,,,,,,
70.17831,-148.45505,2018-08-24,1,1,60.67,60.67,,Schaefer_2020,,,,,,,,,
70.1786,-148.4375,2018-08-24,1,1,37.97619047619048,37.97619047619048,,Schaefer_2020,,,,,,,,,
70.17894,-148.4479,2018-08-24,1,1,70.0,70.0,,Schaefer_2020,,,,,,,,,
70.17943,-148.46352,2018-08-24,1,1,53.33,53.33,,Schaefer_2020,,,,,,,,,
70.17954,-148.45835,2018-08-24,1,1,53.83,53.83,,Schaefer_2020,,,,,,,,,
70.1797,-148.47202,2018-08-24,1,1,54.67,54.67,,Schaefer_2020,,,,,,,,,
70.17976,-148.46548,2018-08-24,1,1,54.67,54.67,,Schaefer_2020,,,,,,,,,
70.1798,-148.44678,2018-08-24,1,1,51.67,51.67,,Schaefer_2020,,,,,,,,,
70.17987,-148.46011,2018-08-24,1,1,60.33,60.33,,Schaefer_2020,,,,,,,,,
70.17996,-148.47456,2018-08-22,1,1,49.67,49.67,,Schaefer_2020,,,,,,,,,
70.17997,-148.4679,2018-08-24,1,1,67.0,67.0,,Schaefer_2020,,,,,,,,,
70.18027,-148.46254,2018-08-24,1,1,54.0,54.0,,Schaefer_2020,,,,,,,,,
70.18039,-148.4576,2018-08-24,1,1,54.17,54.17,,Schaefer_2020,,,,,,,,,
70.18052,-148.47089,2018-08-24,1,1,40.0,40.0,,Schaefer_2020,,,,,,,,,
70.1806,-148.44583,2018-08-24,1,1,59.25,59.25,,Schaefer_2020,,,,,,,,,
70.1808,-148.47357,2018-08-22,1,1,45.33,45.33,,Schaefer_2020,,,,,,,,,
70.18105,-148.46127,2018-08-24,1,1,55.0,55.0,,Schaefer_2020,,,,,,,,,
70.18134,-148.46976,2018-08-24,1,1,47.0,47.0,,Schaefer_2020,,,,,,,,,
70.1814,-148.46349,2018-08-24,1,1,56.0,56.0,,Schaefer_2020,,,,,,,,,
70.18144,-148.44479,2018-08-24,1,1,53.67,53.67,,Schaefer_2020,,,,,,,,,
70.18152,-148.45796,2018-08-24,1,1,50.0,50.0,,Schaefer_2020,,,,,,,,,
70.18163,-148.47255,2018-08-22,1,1,44.67,44.67,,Schaefer_2020,,,,,,,,,
70.18166,-148.46588,2018-08-24,1,1,52.33,52.33,,Schaefer_2020,,,,,,,,,
70.18188,-148.46016,2018-08-24,1,1,51.67,51.67,,Schaefer_2020,,,,,,,,,
70.18216,-148.46869,2018-08-24,1,1,62.0,62.0,,Schaefer_2020,,,,,,,,,
70.18224,-148.44378,2018-08-24,1,1,51.33,51.33,,Schaefer_2020,,,,,,,,,
70.18225,-148.46245,2018-08-24,1,1,51.67,51.67,,Schaefer_2020,,,,,,,,,
70.1825,-148.46497,2018-08-24,1,1,52.67,52.67,,Schaefer_2020,,,,,,,,,
70.18297,-148.45567,2018-08-24,1,1,45.17,45.17,,Schaefer_2020,,,,,,,,,
70.18298,-148.46756,2018-08-24,1,1,51.33,51.33,,Schaefer_2020,,,,,,,,,
70.18306,-148.44264,2018-08-24,1,1,47.5,47.5,,Schaefer_2020,,,,,,,,,
70.18324,-148.44719,2018-08-24,1,1,62.33,62.33,,Schaefer_2020,,,,,,,,,
70.18331,-148.46394,2018-08-24,1,1,50.0,50.0,,Schaefer_2020,,,,,,,,,
70.18335,-148.44953,2018-08-24,1,1,52.67,52.67,,Schaefer_2020,,,,,,,,,
70.18381,-148.46645,2018-08-24,1,1,49.0,49.0,,Schaefer_2020,,,,,,,,,
70.18389,-148.46037,2018-08-24,1,1,42.67,42.67,,Schaefer_2020,,,,,,,,,
70.18422,-148.44877,2018-08-24,1,1,62.33,62.33,,Schaefer_2020,,,,,,,,,
70.18435,-148.4568,2018-08-24,1,1,55.33,55.33,,Schaefer_2020,,,,,,,,,
70.18462,-148.46533,2018-08-24,1,1,63.33,63.33,,Schaefer_2020,,,,,,,,,
70.18474,-148.45929,2018-08-24,1,1,54.0,54.0,,Schaefer_2020,,,,,,,,,
70.18485,-148.44901,2018-08-22,1,1,62.67,62.67,,Schaefer_2020,,,,,,,,,
70.18523,-148.45143,2018-08-22,1,1,48.0,48.0,,Schaefer_2020,,,,,,,,,
70.18532,-148.43764,2018-08-24,1,1,47.25,47.25,,Schaefer_2020,,,,,,,,,
70.18546,-148.46425,2018-08-24,1,1,45.67,45.67,,Schaefer_2020,,,,,,,,,
70.18555,-148.45825,2018-08-24,1,1,55.67,55.67,,Schaefer_2020,,,,,,,,,
70.1858,-148.46754,2018-08-22,1,1,57.67,57.67,,Schaefer_2020,,,,,,,,,
70.18581,-148.46083,2018-08-24,1,1,49.67,49.67,,Schaefer_2020,,,,,,,,,
70.18599,-148.45622,2018-08-22,1,1,52.33,52.33,,Schaefer_2020,,,,,,,,,
70.18638,-148.4586,2018-08-22,1,1,51.67,51.67,,Schaefer_2020,,,,,,,,,
70.18665,-148.46661,2018-08-22,1,1,43.33,43.33,,Schaefer_2020,,,,,,,,,
70.18714,-148.46335,2018-08-22,1,1,44.33,44.33,,Schaefer_2020,,,,,,,,,
66.562303,-159.004629,2022-09-15,1,1,55.0,55.0,120.0,Selawik,,,,,,,,,
66.56204802,-159.001464,2022-09-15,1,1,50.0,50.0,120.0,Selawik,,,,,,,,,
66.43699698,-159.051896,2022-09-15,1,1,100.0,100.0,120.0,Selawik,,,,,,,,,
66.45071698,-158.890106,2022-09-15,1,0,,120.0,120.0,Selawik,,,,,,,,,
65.16652487910758,-164.8182193939321,2019-09-15,1,1,,,,Seward,,,,,,,,,
65.16236798404653,-164.80718377827748,2019-09-15,1,1,,,,Seward,,,,,,,,,
64.97659082669185,-166.2065509749779,2019-09-15,1,0,,,,Seward,,,,,,,,,
64.97875645837064,-166.20730553069995,2019-09-15,1,0,,,,Seward,,,,,,,,,
64.98110630740287,-166.2196192539351,2019-09-15,1,0,,,,Seward,,,,,,,,,
64.9776278254397,-166.22138919846788,2019-09-15,1,0,,,,Seward,,,,,,,,,
64.98192849687295,-166.21122124115658,2019-09-15,1,0,,,,Seward,,,,,,,,,
64.98102626258382,-166.2195308311261,2019-09-15,1,1,,,,Seward,,,,,,,,,
64.97928191486933,-166.2210408119636,2019-09-15,1,1,,,,Seward,,,,,,,,,
64.9811633206595,-166.20930035014018,2019-09-15,1,1,,,,Seward,,,,,,,,,
64.97879737156653,-166.2265074974984,2019-09-15,1,1,,,,Seward,,,,,,,,,
64.97722444136926,-166.2036551869818,2019-09-15,1,0,,,,Seward,,,,,,,,,
64.97613931112556,-166.2035640249884,2019-09-15,1,1,,,,Seward,,,,,,,,,
64.97555842403573,-166.20548735362786,2019-09-15,1,1,,,,Seward,,,,,,,,,
64.97607411995945,-166.20940952890018,2019-09-15,1,1,,,,Seward,,,,,,,,,
64.97954441848336,-166.20680401479032,2019-09-15,1,0,,,,Seward,,,,,,,,,
64.72772545714813,-165.9418121975912,2019-08-15,1,0,,,,Seward,,,,,,,,,
64.73216124076257,-165.9504397304274,2019-08-15,1,0,,,,Seward,,,,,,,,,
64.7264832084403,-165.94637548023042,2019-08-15,1,0,,,,Seward,,,,,,,,,
71.33467241412075,-156.65056712236446,2015-09-01,1,0,,132.0,,Wagner_2019,,,,,,,,,
71.3328873953876,-156.64409607245736,2015-09-01,1,1,142.0,142.0,,Wagner_2019,,,,,,,,,
67.4749,-162.2664,2016-12-15,1,0,,100.0,101.0,Wang_2018,,,,,,,,,
69.1704,-158.0067,2004-12-15,1,1,50.0,100.0,101.0,Wang_2018,,,,,,,,,
69.1555,-158.0305,2015-12-15,1,1,75.0,100.0,101.0,Wang_2018,,,,,,,,,
71.309,-156.661,2016-12-15,1,1,50.0,100.0,101.0,Wang_2018,,,,,,,,,
64.707,-148.291,2016-12-15,1,1,100.0,100.0,101.0,Wang_2018,,,,,,,,,
64.715,-148.288,2016-12-15,1,0,,100.0,101.0,Wang_2018,,,,,,,,,
65.314,-143.132,2016-12-15,1,0,,100.0,101.0,Wang_2018,,,,,,,,,
67.7142,-150.585,2016-12-15,1,0,,100.0,101.0,Wang_2018,,,,,,,,,
62.12400000000001,-141.847,2016-12-15,1,0,,100.0,101.0,Wang_2018,,,,,,,,,
61.274,-142.621,2016-12-15,1,0,,100.0,101.0,Wang_2018,,,,,,,,,
69.972,-144.7706,2015-12-15,1,1,50.0,100.0,101.0,Wang_2018,,,,,,,,,
68.069,-149.58,2016-12-15,1,1,75.0,100.0,101.0,Wang_2018,,,,,,,,,
63.26800000000001,-149.539,2016-12-15,1,0,,100.0,101.0,Wang_2018,,,,,,,,,
66.2759,-164.5309,2016-12-15,1,0,,100.0,101.0,Wang_2018,,,,,,,,,
70.161,-148.465,2016-12-15,1,0,,100.0,101.0,Wang_2018,,,,,,,,,
70.8645,-153.90670000000003,2015-12-15,1,1,50.0,100.0,101.0,Wang_2018,,,,,,,,,
65.2752,-163.82,2016-12-15,1,0,,100.0,101.0,Wang_2018,,,,,,,,,
70.5685,-152.965,2015-12-15,1,1,50.0,100.0,101.0,Wang_2018,,,,,,,,,
70.3352,-152.052,2015-12-15,1,1,50.0,100.0,101.0,Wang_2018,,,,,,,,,
69.675,-148.72,2016-12-15,1,0,,100.0,101.0,Wang_2018,,,,,,,,,
61.603,-143.013,2016-12-15,1,0,,100.0,101.0,Wang_2018,,,,,,,,,
62.393,-145.145,2016-12-15,1,1,75.0,100.0,101.0,Wang_2018,,,,,,,,,
62.391,-145.147,2016-12-15,1,0,,100.0,101.0,Wang_2018,,,,,,,,,
68.477,-149.502,2016-12-15,1,1,75.0,100.0,101.0,Wang_2018,,,,,,,,,
68.156,-156.8958,2016-12-15,1,0,,100.0,101.0,Wang_2018,,,,,,,,,
69.156,-148.837,2016-12-15,1,1,75.0,100.0,101.0,Wang_2018,,,,,,,,,
67.5448,-157.0774,2016-12-15,1,0,,100.0,101.0,Wang_2018,,,,,,,,,
70.4416,-154.3656,2015-12-15,1,1,75.0,100.0,101.0,Wang_2018,,,,,,,,,
68.64,-149.352,2016-12-15,1,0,,100.0,101.0,Wang_2018,,,,,,,,,
69.9896,-153.0938,2015-12-15,1,1,75.0,100.0,101.0,Wang_2018,,,,,,,,,
68.479,-155.738,2013-12-15,1,1,75.0,100.0,101.0,Wang_2018,,,,,,,,,
68.48,-155.744,2016-12-15,1,1,100.0,100.0,101.0,Wang_2018,,,,,,,,,
67.5734,-158.4317,2016-12-15,1,0,,100.0,101.0,Wang_2018,,,,,,,,,
67.9835,-155.013,2016-12-15,1,0,,100.0,101.0,Wang_2018,,,,,,,,,
68.3165,-161.4918,2016-12-15,1,0,,100.0,101.0,Wang_2018,,,,,,,,,
69.7516,-154.6176,2015-12-15,1,0,,100.0,101.0,Wang_2018,,,,,,,,,
70.6898,-152.6333,2015-12-15,1,0,,100.0,101.0,Wang_2018,,,,,,,,,
65.8203,-164.5428,2016-12-15,1,0,,100.0,101.0,Wang_2018,,,,,,,,,
67.1414,-162.9945,2016-12-15,1,0,,100.0,101.0,Wang_2018,,,,,,,,,
69.7776,-144.7933,2015-12-15,1,1,75.0,100.0,101.0,Wang_2018,,,,,,,,,
69.8894,-142.9839,2015-12-15,1,1,75.0,100.0,101.0,Wang_2018,,,,,,,,,
67.7663,-152.1642,2016-12-15,1,0,,100.0,101.0,Wang_2018,,,,,,,,,
70.0366,-157.0814,2015-12-15,1,1,75.0,100.0,101.0,Wang_2018,,,,,,,,,
65.085,-164.895,2016-12-15,1,1,100.0,100.0,101.0,Wang_2018,,,,,,,,,
67.6243,-154.3446,2016-12-15,1,0,,100.0,101.0,Wang_2018,,,,,,,,,
62.71,-150.54,2016-12-15,1,0,,100.0,101.0,Wang_2018,,,,,,,,,
68.6816,-144.8421,2015-12-15,1,1,100.0,100.0,101.0,Wang_2018,,,,,,,,,
65.8523,-164.7078,2016-12-15,1,0,,100.0,101.0,Wang_2018,,,,,,,,,
67.4599,-159.8413,2016-12-15,1,0,,100.0,101.0,Wang_2018,,,,,,,,,
67.995,-160.3957,2016-12-15,1,0,,100.0,101.0,Wang_2018,,,,,,,,,
69.433,-148.674,2016-12-15,1,0,,100.0,101.0,Wang_2018,,,,,,,,,
69.428,-148.7,2016-12-15,1,0,,100.0,101.0,Wang_2018,,,,,,,,,
66.606,-160.01899999999998,2016-12-15,1,1,75.0,100.0,101.0,Wang_2018,,,,,,,,,
64.869,-147.861,2016-12-15,1,1,100.0,100.0,101.0,Wang_2018,,,,,,,,,
64.866,-147.857,2016-12-15,1,0,,100.0,101.0,Wang_2018,,,,,,,,,
64.868,-147.859,2016-12-15,1,0,,100.0,101.0,Wang_2018,,,,,,,,,
64.867,-147.858,2016-12-15,1,1,100.0,100.0,101.0,Wang_2018,,,,,,,,,
70.6285,-156.8353,2015-12-15,1,1,50.0,100.0,101.0,Wang_2018,,,,,,,,,
67.5502,-163.5672,2016-12-15,1,0,,100.0,101.0,Wang_2018,,,,,,,,,
60.908,-142.901,2016-12-15,1,0,,100.0,101.0,Wang_2018,,,,,,,,,
61.181,-144.342,2016-12-15,1,0,,100.0,101.0,Wang_2018,,,,,,,,,
63.524,-150.043,2016-12-15,1,0,,100.0,101.0,Wang_2018,,,,,,,,,
70.1959,-161.07809999999998,2015-12-15,1,1,75.0,100.0,101.0,Wang_2018,,,,,,,,,
64.853,-147.857,2016-12-15,1,0,,100.0,101.0,Wang_2018,,,,,,,,,
64.517,-143.202,2016-12-15,1,0,,100.0,101.0,Wang_2018,,,,,,,,,
69.3957,-152.1428,2015-12-15,1,1,50.0,100.0,101.0,Wang_2018,,,,,,,,,
63.814,-150.109,2016-12-15,1,0,,100.0,101.0,Wang_2018,,,,,,,,,
70.374,-148.552,2016-12-15,1,1,50.0,100.0,101.0,Wang_2018,,,,,,,,,
68.317659,-133.53335,2017-08-18,1,0,,,100.0,Zhang_2019,,0.0,,,,,,,
68.331711,-133.6525,2017-08-15,1,1,82.3,82.3,100.0,Zhang_2019,,16.0,,,,,,,
68.317379,-133.43895,2017-08-18,1,1,53.7,53.7,100.0,Zhang_2019,,66.0,,,,,,,
68.339481,-133.69961,2017-08-16,1,1,43.8,43.8,100.0,Zhang_2019,,20.0,,,,,,,
68.332539,-133.6474,2017-08-17,1,1,30.25,30.25,100.0,Zhang_2019,,29.0,,,,,,,
68.308784,-133.52917,2017-08-18,1,1,66.4,66.4,100.0,Zhang_2019,,22.0,,,,,,,
68.33927,-133.70625,2017-08-16,1,0,,100.0,100.0,Zhang_2019,,0.0,,,,,,,
68.333867,-133.6553,2017-08-16,1,1,42.8,42.8,100.0,Zhang_2019,,10.0,,,,,,,
68.333254,-133.65774,2017-08-16,1,1,91.0,91.0,100.0,Zhang_2019,,4.0,,,,,,,
68.385338,-133.75692,2017-08-16,1,1,100.0,100.0,100.0,Zhang_2019,,2.0,,,,,,,
68.355137,-133.67626,2017-08-18,1,1,53.0,53.0,100.0,Zhang_2019,,55.0,,,,,,,
68.367656,-133.72043,2017-08-16,1,1,36.25,36.25,100.0,Zhang_2019,,32.0,,,,,,,
68.370204,-133.71907,2017-08-16,1,1,50.5,50.5,100.0,Zhang_2019,,15.0,,,,,,,
69.430643,-132.99825,2017-08-20,1,0,,100.0,100.0,Zhang_2019,,0.0,,,,,,,
69.431564,-132.99962,2017-08-20,1,1,37.8,37.8,100.0,Zhang_2019,,27.0,,,,,,,
69.387158,-133.02399,2017-08-20,1,1,37.0,37.0,100.0,Zhang_2019,,26.0,,,,,,,
69.386076,-133.01884,2017-08-20,1,1,42.0,42.0,100.0,Zhang_2019,,25.0,,,,,,,
69.388552,-133.02046,2017-08-20,1,1,42.0,42.0,100.0,Zhang_2019,,18.0,,,,,,,
69.37159,-133.04358,2017-08-21,1,1,87.5,87.5,100.0,Zhang_2019,,0.0,,,,,,,
69.282861,-132.90927,2017-08-19,1,1,51.0,51.0,100.0,Zhang_2019,,12.7,,,,,,,
69.29147,-132.92206,2017-08-19,1,1,83.0,83.0,100.0,Zhang_2019,,0.0,,,,,,,
69.304085,-132.96697,2017-08-19,1,1,37.7,37.7,100.0,Zhang_2019,,29.3,,,,,,,
69.320285,-133.0127,2017-08-22,1,1,65.3,65.3,100.0,Zhang_2019,,8.0,,,,,,,
69.357525,-133.03357,2017-08-21,1,1,81.7,81.7,100.0,Zhang_2019,,25.0,,,,,,,
69.350775,-133.0346,2017-08-22,1,1,46.2,46.2,100.0,Zhang_2019,,45.0,,,,,,,
69.32375,-133.02832,2017-08-22,1,1,48.2,48.2,100.0,Zhang_2019,,7.5,,,,,,,
69.309959,-132.99436,2017-08-22,1,1,31.7,31.7,100.0,Zhang_2019,,30.0,,,,,,,
69.311748,-132.99887,2017-08-22,1,1,48.7,48.7,100.0,Zhang_2019,,10.0,,,,,,,
69.339985,-133.02805,2017-08-22,1,1,45.4,45.4,100.0,Zhang_2019,,23.0,,,,,,,
