lat,lon,date,n_grouped,pf_observed,pf_depth,obs_depth,obs_limit,source,transect_point,org_thick,rock,Soil Type,rocky/silty,Wildfire,Widlfire date/name,Burn Year,Canopy and Surface
63.13604209499999,-117.24136410000001,2019-08-15,10,1,,,,Bonaventure_Whati,,,,,,,,,
63.142165392,-117.26967200000001,2019-08-15,5,0,,,,Bonaventure_Whati,,,,,,,,,
63.13999948749999,-117.26309125,2019-08-15,4,1,,,,Bonaventure_Whati,,,,,,,,,
63.14260599,-117.249753,2019-08-15,2,1,,,,Bonaventure_Whati,,,,,,,,,
63.1394699825,-117.24050775,2019-08-15,4,0,,,,Bonaventure_Whati,,,,,,,,,
63.14390768333333,-117.27514666666667,2019-08-15,3,0,,,,Bonaventure_Whati,,,,,,,,,
63.145959212,-117.26271899999999,2019-08-15,5,0,,,,Bonaventure_Whati,,,,,,,,,
63.144046679999995,-117.25251566666667,2019-08-15,3,1,,,,Bonaventure_Whati,,,,,,,,,
63.15156251,-117.2721595,2019-08-15,2,0,,,,Bonaventure_Whati,,,,,,,,,
63.14988436499999,-117.26368092857145,2019-08-15,14,1,,,,Bonaventure_Whati,,,,,,,,,
63.15035607363636,-117.25341863636366,2019-08-15,11,1,,,,Bonaventure_Whati,,,,,,,,,
63.16132022222223,-117.14329022222222,2019-08-15,9,1,,,,Bonaventure_Whati,,,,,,,,,
63.16776139875,-117.143899875,2019-08-15,8,0,,,,Bonaventure_Whati,,,,,,,,,
63.16629200333333,-117.13552733333331,2019-08-15,3,1,,,,Bonaventure_Whati,,,,,,,,,
63.17174951,-117.14411899999999,2019-08-15,4,1,,,,Bonaventure_Whati,,,,,,,,,
63.16093,-117.17017550000001,2019-08-15,6,1,,,,Bonaventure_Whati,,,,,,,,,
63.166410799999994,-117.17155079999998,2019-08-15,5,0,,,,Bonaventure_Whati,,,,,,,,,
63.152005612,-117.2238184,2019-08-15,5,0,,,,Bonaventure_Whati,,,,,,,,,
63.15951871,-117.2730497142857,2019-08-15,7,1,,,,Bonaventure_Whati,,,,,,,,,
63.17022064333333,-117.28136933333333,2019-08-15,6,0,,,,Bonaventure_Whati,,,,,,,,,
63.168418020000004,-117.276727,2019-08-15,2,0,,,,Bonaventure_Whati,,,,,,,,,
63.17817451,-117.304431,2019-08-15,4,1,,,,Bonaventure_Whati,,,,,,,,,
63.177833495,-117.295181,2019-08-15,2,1,,,,Bonaventure_Whati,,,,,,,,,
63.128093416,-117.23580299999999,2019-08-15,5,1,,,,Bonaventure_Whati,,,,,,,,,
63.16505254111112,-117.21556355555555,2019-08-15,9,1,,,,Bonaventure_Whati,,,,,,,,,
63.130467485,-117.2549095,2019-08-15,2,1,,,,Bonaventure_Whati,,,,,,,,,
66.26713080131599,-150.3496964771416,2016-09-02,25,0,108.7,147.1818181818182,137.96,Minsley_2017,,6.636363636363637,,,,,,,
65.80080577538364,-149.4370551929524,2016-09-03,33,1,55.515151515151516,55.65625,129.54545454545453,Minsley_2017,,7.625,,,,,,,
65.5681000294118,-148.92456509893051,2013-08-16,187,1,46.035650623885914,46.03565062388592,132.0,Schaefer_2020,,8.0,,,,,,,
65.57209161320151,-148.9266088398122,2017-02-27,56,1,72.0,68.85185185185185,132.89285714285714,Minsley_2017,,6.7894736842105265,,,,,,,
65.34074438499813,-146.91477980987702,2014-02-24,226,1,35.16275430359936,36.88786482334869,130.525,Schaefer_2020,,13.555555555555555,,,,,,,
65.23026547195883,-148.12553907208755,2016-03-11,60,1,54.869565217391305,61.52,130.85,Minsley_2017,,15.20754716981132,,,,,,,
60.75907,-115.8616,1990-08-15,2,1,66.5,66.5,,Holloway_2019,,88.0,,"Clay, silt, with some stones",,,,1971,"Spruce; moss, lab tea, willow, birch."
60.71421,-115.89195,1990-08-15,4,0,115.0,115.0,,Holloway_2019,,30.5,,Sand and gravel,,,,,"Poplar, spruce, tamarack; Moss, willow, lab tea"
60.70697,-115.9038,1990-08-15,2,0,,,,Holloway_2019,,30.0,,Gravel,,,,1981,"Poplar, spruce, willow"
60.67968,-115.95303,1990-08-15,2,1,60.0,60.0,,Holloway_2019,,60.0,,,,,,,"Spruce, tamarack, willow; grass, labrador tea, moss"
60.6603,-116.01446,1990-08-15,2,0,54.0,54.0,,Holloway_2019,,51.0,,Sand,,,,,"Spruce, tamarack (small); Wet, sedge, willow, birch"
60.62586,-116.06358,1990-08-15,2,0,,,,Holloway_2019,,38.0,,Sand,,,,,"Spruce, tamarack; hummocky sphagnum, lichen, lab tea"
60.60585,-116.09553,1990-08-15,2,0,,,,Holloway_2019,,15.0,,Gravel,,,,,"Poplar, jack pine, spruce"
60.57663,-116.11031,1990-08-15,2,0,113.0,113.0,,Holloway_2019,,63.0,,Sand,,,,,"Spruce and tamarack; hummocky moss, grass, lab tea, lichen, birch"
60.5679,-116.11639,1990-08-15,2,0,,,,Holloway_2019,,42.0,,Sand,,,,,"Spruce, tamarack; hummocky moss, horse tails, lab tea"
60.55503,-116.15326,1990-08-15,2,0,,,,Holloway_2019,,20.0,,Sand,,,,,"Spruce, jack pine, tamarack; Moss, lichen, sedge"
60.52057,-116.22886,1990-08-15,2,0,,,,Holloway_2019,,16.0,,"Sand, silt, clay, some stones",,,,,"Poplar, spruce, jack pine"
60.492785,-116.298835,1990-08-15,4,1,101.5,101.5,,Holloway_2019,,48.333333333333336,,"Organic, sand, silt, clay",,,,,"Spruce, tamarack, willow; Wet moss"
60.48296,-116.318,1990-08-15,2,0,,,,Holloway_2019,,62.5,,"Silt, sand, some stones",,,,,"Tamarack, willow, spruce; sedge, moss, wet"
61.35923968,-116.63540266666666,2000-04-14,3,1,99.0,99.0,,Holloway_2019,,58.0,,Sand and gravel,,,,,
60.44796,-116.34259,1990-08-15,2,0,,,,Holloway_2019,,6.0,,"Clay, silt, some stones",,,,,"Jack pine, poplar; forest litter"
60.41035,-116.36451,1990-08-15,2,1,67.5,67.5,,Holloway_2019,,75.5,,"Sand, silt",,,,,"Spruce; hummocky moss, lab tea"
60.33794,-116.46609,1990-08-15,2,0,69.0,69.0,,Holloway_2019,,153.0,,Scattered stones,,,,,"Spruce, jack pine, poplar; moss, willow"
60.27525,-116.56372666666668,1990-08-15,6,1,100.0,100.0,,Holloway_2019,,43.833333333333336,,"Silt, sand, clay",,,,,"Spruce, willow, birch, tamarack; moss, lab tea, sedge, wet"
60.20906,-116.64973,1990-08-15,2,0,,,,Holloway_2019,,14.0,,Sand and gravel,,,,,"Poplar, birch, spruce, jack pine"
60.17967,-116.68008,1990-08-15,2,0,,,,Holloway_2019,,19.0,,"Silt, sand",,,,,"Poplar, spruce"
60.10029,-116.76576,1990-08-15,2,0,,,,Holloway_2019,,27.0,,"Organic sand, silt, clay",,,,,"Poplar, birch, spruce, tamarack, willow; moss, lab tea"
60.03948,-116.87433,1990-08-15,2,1,65.5,65.5,,Holloway_2019,,128.5,,"Clay, silt",,,,,"Spruce, tamarack, jack pine; hummocky sphagnum, lichen, lab tea"
59.9962,-116.9896,1990-08-15,2,1,57.0,57.0,,Holloway_2019,,85.5,,"Clay, silt, sand",,,,,"Spruce; hummocky sphagnum and moss, lichen, lab tea, cranberry"
59.944824999999994,-117.02464,1990-08-15,4,1,56.666666666666664,56.666666666666664,,Holloway_2019,,61.333333333333336,,,,,,,"Spruce, tamarack; sphagnum, moss, lichen, lab tea"
59.950799999999994,-117.02249,1981-04-15,3,1,68.0,68.0,,Holloway_2019,,61.0,,Clay,,,,,Spruce; hummocky sphagnum
59.93847333333333,-117.02777333333334,1981-04-15,3,0,,,,Holloway_2019,,60.666666666666664,,"Clay, silt",,,,,"Spruce, tamarack, willow; Moss"
59.924445,-117.035515,1990-08-15,4,1,61.333333333333336,61.333333333333336,,Holloway_2019,,75.5,,"Clay, silt",,,,,"Spruce; hummocky sphagnum, lichen, lab tea"
59.90151,-117.04208,1990-08-15,4,0,,,,Holloway_2019,,39.25,,"Silt, clay",,,,,"Spruce, tamarack, poplar; moss, licen, grass, rose "
60.986405676666664,-117.12420066666668,2000-04-14,3,1,78.0,78.0,,Holloway_2019,,60.5,,"Clay, silt",,,,,
60.97439532666667,-117.11982866666665,2000-04-14,3,1,62.0,62.0,,Holloway_2019,,50.0,,Clay,,,,,
59.8577,-117.03937,1990-08-15,2,0,244.0,244.0,,Holloway_2019,,15.0,,Sand,,,,,"Poplar, willow; grass, roses"
59.82221,-117.04533,1990-08-15,2,1,69.0,69.0,,Holloway_2019,,157.5,,"Clay, silt",,,,,"Spruce, tamarack; hummocky sphagnum, lichen, lab tea"
59.811,-117.05457,1990-08-15,2,1,57.0,57.0,,Holloway_2019,,63.0,,,,,,2012,"Spruce, tamarack, birch; hummocky sphagnum and moss, lichen, lab tea, grass"
59.79554,-117.06028,1990-08-15,2,1,58.0,58.0,,Holloway_2019,,60.5,,"Clay, silt",,,,2012,"Spruce, tamarack, birch; hummocky sphagnum, lichen, lab tea"
59.77014,-117.07363,1990-08-15,2,0,,,,Holloway_2019,,1.0,,Clay,,,,2012,"Poplar, spruce; forest litter"
59.75018,-117.08062,1990-08-15,2,1,144.0,144.0,,Holloway_2019,,34.5,,"Sand, clay, silt",,,,,"Spruce, willow; hummocky moss, horse tails, lab tea, wet"
59.739,-117.08811,1990-08-15,2,0,,,,Holloway_2019,,15.0,,Sand and gravel,,,,,"Poplar, spruce"
60.83587966333334,-117.193327,2000-04-14,3,1,85.5,85.5,,Holloway_2019,,68.5,,"Silt, sand",,,,,
59.618599999999994,-117.17266333333335,1990-08-15,6,1,70.0,70.0,,Holloway_2019,,64.83333333333333,,Sand,,,,,Spruce; sphagnum
59.58442,-117.19044,1990-08-15,2,1,67.0,67.0,,Holloway_2019,,45.5,,"Silt, sand",,,,,"Spruce, tamarack; hummocky sphagnum, moss, lab tea"
59.57549,-117.19389,1990-08-15,2,0,366.0,366.0,,Holloway_2019,,7.0,,Gravel,,,,,"Spruce, poplar, willow; roses, forest litter"
59.54106,-117.18603,1990-08-15,2,1,,,,Holloway_2019,,58.0,,"Silt, clay",,,,,"Spruce; hummocky moss, lab tea, lichen"
59.52972,-117.18673,1990-08-15,2,1,62.0,62.0,,Holloway_2019,,81.0,,"Silt, clay",,,,2000/2012,"Spruce; hummocky sphagnum and moss, lichen, lab tea"
59.44915,-117.23153,1990-08-15,2,1,88.5,88.5,,Holloway_2019,,108.0,,"Silt, clay",,,,2007,"Spruce; hummocky sphagnum and moss, lab tea"
59.40496,-117.285,1990-08-15,2,0,,,,Holloway_2019,,10.0,,Gravel and  clay,,,,,"Poplar, willow; moss, fire weed"
59.38885,-117.30077,1990-08-15,2,0,,,,Holloway_2019,,23.0,,"Clay, Silt",,,,2012,"Spruce, birch; hummocky sphagnum and moss, lab tea, horsetails, peat plateau "
59.37919,-117.30682,1990-08-15,2,1,88.5,88.5,,Holloway_2019,,55.5,,,,,,2012,"Spruce, birch; hummocky sphagnum, lab tea"
59.29908,-117.37759,1990-08-15,2,1,93.5,93.5,,Holloway_2019,,181.0,,"Organic, silt, clay",,,,2012,"Spruce; hummocky sphagnum, lab tea"
59.20103,-117.53072,1990-08-15,2,0,61.0,61.0,,Holloway_2019,,43.0,,"Clay, sand, gravel",,,,,Grass
59.19257,-117.54987,1990-08-15,2,1,65.0,65.0,,Holloway_2019,,50.0,,"Silt, sand, gravel",,,,,"Spruce; sphagnum, moss"
59.15883,-117.64358,1990-08-15,2,1,59.5,59.5,,Holloway_2019,,74.5,,"Clay, silt",,,,,"Spruce; hummocky moss, lichen, lab tea"
59.10526,-117.67385,1990-08-15,2,1,72.0,72.0,,Holloway_2019,,70.5,,"Silt, clay, sand",,,,,"Spruce, tamarack; hummocky sphagnum, lab tea"
59.00904,-117.66958,1990-08-15,2,0,61.0,61.0,,Holloway_2019,,53.5,,Gravel,,,,,Poplar; moss. Possibly disturbed
58.97108,-117.61462,1990-08-15,2,0,,,,Holloway_2019,,,,Gravel,,,,,"Poplar, jack pine, spruce"
58.92592,-117.54022,1990-08-15,2,0,,,,Holloway_2019,,101.0,,"Clay, silt, gravel",,,,,"Spruce; sphagnum, lichen, lab tea, cranberry, wet"
58.79031,-117.39533,1990-08-15,2,1,127.5,127.5,,Holloway_2019,,97.0,,Gravel,,,,,"Spruce, tamarack; sphagnum, sedge, lab tea, cranberry, cloudberry"
58.00439,-117.19946,1990-08-15,2,0,76.0,76.0,,Holloway_2019,,131.5,,"Sand, organics",,,,,"Spruce; hummocky sphagnum, lichen, lab tea"
57.78964,-117.66701,1990-08-15,2,0,91.0,91.0,,Holloway_2019,,91.0,,,,,,,"Spruce; sphagnum, lichen, lab tea"
57.78733,-117.71267,1990-08-15,2,0,84.0,84.0,,Holloway_2019,,64.5,,"Organic, silt, clay",,,,,Poplar
64.6960440819673,-148.32279548360634,2018-02-16,671,1,77.91405861897664,43.3584229390681,157.0,James_2019,,,,,,,,,
64.91988813559321,-147.82074024576266,2019-09-04,118,1,91.75531914893617,73.47966101694915,0.3864406779661017,James_2020,,,,,,,,,
64.6961232170968,-147.96061273763442,2018-03-26,93,1,86.36507936507937,93.45652173913044,100.33695652173913,Minsley_2015,,10.596153846153847,,,,,,,
65.76522533599999,-156.49020320000002,2018-07-08,5,0,,,,Koyukuk_2018,,,,,,,,,
65.752625275,-156.506421775,2018-07-08,4,1,,,,Koyukuk_2018,,,,,,,,,
65.66004202333333,-156.46337813333335,2018-07-08,3,1,,,,Koyukuk_2018,,,,,,,,,
65.66108284,-156.448984775,2018-07-08,4,0,,,,Koyukuk_2018,,,,,,,,,
65.69095449999999,-156.38558803333333,2018-07-08,3,0,,,,Koyukuk_2018,,,,,,,,,
65.695392594,-156.3840672,2018-07-08,5,0,,,,Koyukuk_2018,,,,,,,,,
65.701569225,-156.403161,2018-07-08,2,1,,,,Koyukuk_2018,,,,,,,,,
65.70086271666666,-156.39357266666664,2018-07-08,6,0,,,,Koyukuk_2018,,,,,,,,,
65.70141534333334,-156.3854223333333,2018-07-08,3,0,,,,Koyukuk_2018,,,,,,,,,
65.702643985,-156.40898551666666,2018-07-08,6,1,,,,Koyukuk_2018,,,,,,,,,
65.70298665,-156.3806660333333,2018-07-08,3,0,,,,Koyukuk_2018,,,,,,,,,
65.61591708,-156.5327522875,2018-07-08,8,1,,,,Koyukuk_2018,,,,,,,,,
65.615042856,-156.51855416,2018-07-08,5,1,,,,Koyukuk_2018,,,,,,,,,
65.614588852,-156.51117026,2018-07-08,5,1,,,,Koyukuk_2018,,,,,,,,,
65.615303055,-156.50058934999998,2018-07-08,2,1,,,,Koyukuk_2018,,,,,,,,,
65.6173454525,-156.48871757499998,2018-07-08,4,1,,,,Koyukuk_2018,,,,,,,,,
65.619049235,-156.53571505,2018-07-08,2,1,,,,Koyukuk_2018,,,,,,,,,
65.61920357666666,-156.4860417,2018-07-08,3,1,,,,Koyukuk_2018,,,,,,,,,
65.8732498025,-156.26142815,2018-07-08,4,1,,,,Koyukuk_2018,,,,,,,,,
65.876668524,-156.26409134,2018-07-08,5,0,,,,Koyukuk_2018,,,,,,,,,
65.778701348,-156.43510946,2018-07-08,5,0,,,,Koyukuk_2018,,,,,,,,,
65.71548044666667,-156.36308076666668,2018-07-08,3,1,,,,Koyukuk_2018,,,,,,,,,
65.73542215714286,-156.38864478571426,2018-07-08,14,1,67.57142857142857,67.57142857142857,100.0,Koyukuk_2018,,,,,,,,,
65.671627235,-156.58801060000002,2018-07-08,2,1,,,,Koyukuk_2018,,,,,,,,,
65.66163455699999,-156.43251894000002,2018-07-08,10,0,,,,Koyukuk_2018,,,,,,,,,
65.72610464600001,-156.21006695600002,2018-07-08,25,1,58.80555555555556,58.80555555555556,100.0,Koyukuk_2018,,,,,,,,,
65.71104269,-156.27449205,2018-07-08,2,1,,,,Koyukuk_2018,,,,,,,,,
65.7205242975,-156.51778325,2018-07-08,12,0,,,,Koyukuk_2018,,,,,,,,,
65.69711951333333,-156.49881086666667,2018-07-08,3,0,,,,Koyukuk_2018,,,,,,,,,
65.68645301874999,-156.4866326875,2018-07-08,8,0,,,,Koyukuk_2018,,,,,,,,,
65.68874034,-156.45807996666667,2018-07-08,3,1,,,,Koyukuk_2018,,,,,,,,,
65.690995055,-156.4461224,2018-07-08,2,0,,,,Koyukuk_2018,,,,,,,,,
65.65664471285713,-156.4095563142857,2018-07-08,7,0,,,,Koyukuk_2018,,,,,,,,,
65.62515502833334,-156.54314223333333,2018-07-08,6,0,,,,Koyukuk_2018,,,,,,,,,
65.804822435,-156.3624964,2018-07-08,2,1,,,,Koyukuk_2018,,,,,,,,,
65.81012528000001,-156.36711213333334,2018-07-08,3,0,,,,Koyukuk_2018,,,,,,,,,
65.81820893666666,-156.34420303333334,2018-07-08,3,0,,,,Koyukuk_2018,,,,,,,,,
65.8158592,-156.327597725,2018-07-08,4,0,,,,Koyukuk_2018,,,,,,,,,
65.83431117999999,-156.34201705,2018-07-08,4,0,,,,Koyukuk_2018,,,,,,,,,
65.85885045,-156.27374199999997,2018-07-08,4,0,,,,Koyukuk_2018,,,,,,,,,
65.86063846333333,-156.26204636666668,2018-07-08,3,0,,,,Koyukuk_2018,,,,,,,,,
65.72903683333334,-156.5196713,2018-07-08,3,0,,,,Koyukuk_2018,,,,,,,,,
65.74428158500001,-156.55637437500002,2018-07-08,4,0,,,,Koyukuk_2018,,,,,,,,,
65.75976205250001,-156.5186210125,2018-07-08,8,1,,,,Koyukuk_2018,,,,,,,,,
65.762025415,-156.50500625,2018-07-08,2,0,,,,Koyukuk_2018,,,,,,,,,
65.76469293666666,-156.50746475,2018-07-08,6,0,,,,Koyukuk_2018,,,,,,,,,
65.85950487222223,-156.23531372222223,2018-07-08,9,0,,,,Koyukuk_2018,,,,,,,,,
65.85139662666667,-156.26188236666667,2018-07-08,3,0,,,,Koyukuk_2018,,,,,,,,,
65.84936676999999,-156.33996216,2018-07-08,5,0,,,,Koyukuk_2018,,,,,,,,,
65.85570069,-156.32781785,2018-07-08,2,0,,,,Koyukuk_2018,,,,,,,,,
65.82477625428571,-156.37463572857146,2018-07-08,7,0,,,,Koyukuk_2018,,,,,,,,,
65.82264667666668,-156.36641446666667,2018-07-08,3,0,,,,Koyukuk_2018,,,,,,,,,
65.8286956025,-156.37355157500002,2018-07-08,8,0,,,,Koyukuk_2018,,,,,,,,,
65.829170105,-156.36560880000002,2018-07-08,2,0,,,,Koyukuk_2018,,,,,,,,,
65.831554375,-156.3699007,2018-07-08,2,0,,,,Koyukuk_2018,,,,,,,,,
65.82679933000001,-156.33731573333333,2018-07-08,3,0,,,,Koyukuk_2018,,,,,,,,,
65.79810227333333,-156.36716579999998,2018-07-08,3,0,,,,Koyukuk_2018,,,,,,,,,
65.729004405,-156.532472625,2018-07-08,4,0,,,,Koyukuk_2018,,,,,,,,,
65.73315040666667,-156.53782186666666,2018-07-08,3,0,,,,Koyukuk_2018,,,,,,,,,
65.72609454428571,-156.47653092857144,2018-07-08,7,0,,,,Koyukuk_2018,,,,,,,,,
65.67041158666666,-156.45276084999998,2018-07-08,6,0,,,,Koyukuk_2018,,,,,,,,,
65.674001745,-156.44598904999998,2018-07-08,2,0,,,,Koyukuk_2018,,,,,,,,,
65.69663537,-156.35649023749997,2018-07-08,8,0,,,,Koyukuk_2018,,,,,,,,,
65.772712776,-156.46544774,2018-07-08,5,1,,,,Koyukuk_2018,,,,,,,,,
65.75232472,-156.5513741727273,2018-07-08,11,1,,,,Koyukuk_2018,,,,,,,,,
65.75197192,-156.54427727499998,2018-07-08,4,1,,,,Koyukuk_2018,,,,,,,,,
65.754967255,-156.5505489,2018-07-08,4,1,,,,Koyukuk_2018,,,,,,,,,
65.65536558333334,-156.47924426666665,2018-07-08,3,1,,,,Koyukuk_2018,,,,,,,,,
65.66623595333334,-156.37581526666665,2018-07-08,3,1,,,,Koyukuk_2018,,,,,,,,,
65.66861525,-156.3731237,2018-07-08,2,1,,,,Koyukuk_2018,,,,,,,,,
65.66979202499999,-156.36922195,2018-07-08,2,1,,,,Koyukuk_2018,,,,,,,,,
65.6676419425,-156.356248975,2018-07-08,4,1,,,,Koyukuk_2018,,,,,,,,,
65.67171074000001,-156.353504,2018-07-08,2,1,,,,Koyukuk_2018,,,,,,,,,
65.64906786833333,-156.37676833333333,2018-07-08,6,1,,,,Koyukuk_2018,,,,,,,,,
65.64875115000001,-156.366889725,2018-07-08,4,1,,,,Koyukuk_2018,,,,,,,,,
64.75200646569377,-148.10736523294193,2015-07-11,99,1,97.7159090909091,116.56565656565657,132.0,Minsley_2015,,11.523809523809524,,,,,,,
65.76064802330188,-149.38449712830186,2015-08-29,106,0,146.126213592233,146.126213592233,132.0,Minsley_2015,,8.454545454545455,,,,,,,
65.81396477,-149.58143818529413,2015-08-29,34,1,97.84375,98.41176470588235,132.0,Minsley_2015,,6.235294117647059,,,,,,,
65.78270621130434,-149.44090846956524,2015-08-29,23,1,90.55,92.47619047619048,132.0,Minsley_2015,,10.823529411764707,,,,,,,
65.84443028470588,-149.6539844882353,2015-08-29,17,0,88.54545454545455,143.76470588235293,132.0,Minsley_2015,,14.235294117647058,,,,,,,
66.17172612285714,-150.2073255761905,2015-08-29,21,0,129.2,162.28571428571428,132.0,Minsley_2015,,8.904761904761905,,,,,,,
66.42004176716667,-150.55411097166672,2015-08-29,60,1,40.766666666666666,40.766666666666666,132.0,Minsley_2015,,44.583333333333336,,,,,,,
67.1229750097059,-150.33991637058827,2015-08-29,34,1,47.88235294117647,47.88235294117647,132.0,Minsley_2015,,40.0,,,,,,,
68.64221211612497,-149.57140308875003,2015-08-29,80,1,60.985074626865675,60.985074626865675,132.0,Minsley_2015,,15.15,,,,,,,
64.39709086050001,-149.01062483,2015-08-29,20,1,107.0,147.44444444444446,132.0,Minsley_2015,,11.882352941176471,,,,,,,
66.45471589285715,-150.5770707857143,2016-09-05,28,1,56.642857142857146,56.642857142857146,132.0,Minsley_2017,,25.384615384615383,,,,,,,
65.6538140576154,-149.08952538923077,2017-06-16,130,1,79.26724137931035,84.95384615384616,132.0,Minsley_2017,,7.619047619047619,,,,,,,
65.65084498166665,-149.08129341666665,2017-08-14,6,1,101.6,105.16666666666667,132.0,Minsley_2017,,,,,,,,,
65.6554107357143,-149.0908441904762,2017-01-30,21,0,129.28571428571428,127.80952380952381,132.0,Minsley_2017,,10.4,,,,,,,
66.89780788,-150.51982676,2016-09-07,25,1,73.3125,136.92,132.0,Minsley_2017,,30.0,,,,,,,
65.28544399999998,-148.13753588235292,2016-09-08,17,1,57.6,79.4,132.0,Minsley_2017,,11.333333333333334,,,,,,,
65.02957686333332,-147.69929554761907,2021-09-14,21,1,63.5625,79.85714285714286,132.0,Minsley_2021,,,,,,,,,
64.91490585805555,-147.84742026388892,2021-09-16,36,1,58.24242424242424,64.38888888888889,132.0,Minsley_2021,,,,,,,,,
65.503090375,-150.174270625,2008-06-20,8,0,33.75,151.875,,Pastick,,7.25,N,,,,,,
65.5069445,-150.167917,2008-06-22,2,0,0.0,166.5,,Pastick,,1.5,N,,,,,,
65.5081945,-150.16222199999999,2008-06-20,2,0,45.0,100.0,,Pastick,,9.0,N,,,,,,
65.5109725,-150.153333,2008-06-19,2,0,24.5,122.5,,Pastick,,5.5,N,,,,,,
65.512778,-150.139861,2008-06-20,2,0,47.5,110.0,,Pastick,,2.5,N,,,,,,
65.49531785714287,-150.18837285714287,2008-06-23,7,1,33.0,102.14285714285714,,Pastick,,10.0,N,,,,,,
65.4986668,-150.1481112,2008-06-23,5,0,21.0,116.8,,Pastick,,15.6,N,,,,,,
65.50055549999999,-150.141389,2008-06-23,2,1,30.0,83.5,,Pastick,,6.5,N,,,,,,
65.494236,-150.25791650000002,2008-06-24,4,0,10.5,130.0,,Pastick,,4.5,N,,,,,,
65.6691112,-149.7893334,2008-07-06,5,1,35.4,94.0,,Pastick,,10.8,N,,,,,,
65.66962966666667,-149.78000033333333,2008-07-03,3,0,31.666666666666668,106.66666666666667,,Pastick,,2.3333333333333335,N,,,,,,
65.67944433333334,-149.74675900000003,2008-07-05,3,1,51.333333333333336,57.333333333333336,,Pastick,,24.666666666666668,N,,,,,,
65.6716672,-149.8394444,2008-07-07,5,0,14.0,98.0,,Pastick,,12.4,N,,,,,,
65.67212966666666,-149.83175933333334,2008-07-07,3,0,20.666666666666668,130.0,,Pastick,,10.666666666666666,N,,,,,,
66.0037222,-149.0812778,2008-07-18,5,1,44.2,93.8,,Pastick,,15.2,N,,,,,,
66.00916649999999,-149.094583,2008-07-18,2,1,44.5,150.0,,Pastick,,12.0,N,,,,,,
66.0085556,-149.0841666,2008-07-17,5,1,47.6,131.0,,Pastick,,17.6,N,,,,,,
66.02101866666666,-149.11037066666668,2008-07-19,3,1,44.0,116.66666666666667,,Pastick,,7.666666666666667,N,,,,,,
65.99768499999999,-149.03129633333333,2008-07-20,3,1,43.0,116.66666666666667,,Pastick,,6.0,N,,,,,,
66.00222233333334,-149.031852,2008-07-20,3,1,56.666666666666664,127.33333333333333,,Pastick,,9.0,N,,,,,,
66.01944449999999,-149.05006975,2008-07-21,4,1,61.25,70.5,,Pastick,,23.5,N,,,,,,
66.02041700000001,-149.04055549999998,2008-07-21,2,0,50.0,155.0,,Pastick,,10.0,N,,,,,,
66.0037778,-149.066111,2008-07-22,5,1,59.0,104.6,,Pastick,,8.2,N,,,,,,
65.97138899999999,-149.00305550000002,2008-07-31,2,0,27.5,137.5,,Pastick,,12.0,N,,,,,,
65.96375,-148.9981945,2008-07-31,2,1,60.5,77.5,,Pastick,,23.0,N,,,,,,
65.99763899999999,-148.9404165,2008-08-01,2,1,84.5,95.0,,Pastick,,12.5,N,,,,,,
66.003333,-149.1765275,2008-08-02,2,1,70.0,87.5,,Pastick,,8.5,N,,,,,,
65.98537033333334,-149.04731466666667,2008-08-03,3,1,93.33333333333333,146.66666666666666,,Pastick,,0.0,N,,,,,,
65.9375,-149.333056,2008-08-04,2,0,0.0,170.0,,Pastick,,6.5,N,,,,,,
65.9425,-149.32763849999998,2008-08-04,2,0,50.0,160.0,,Pastick,,5.0,N,,,,,,
65.97740733333335,-149.31824066666667,2008-08-05,3,1,45.666666666666664,86.33333333333333,,Pastick,,21.0,N,,,,,,
66.03367499999999,-149.2674985,2008-09-14,2,1,38.5,65.0,,Pastick,,30.0,N,,,,,,
65.82055575000001,-149.9575,2008-08-15,4,0,0.0,86.25,,Pastick,,9.0,N,,,,,,
65.84326425,-149.92527775000002,2008-08-16,4,0,0.0,118.75,,Pastick,,3.75,Y,,,,,,
65.88520825,-149.67937475,2008-08-17,4,1,55.0,100.0,,Pastick,,14.0,N,,,,,,
65.825557,-149.541667,2008-08-18,2,1,43.5,65.0,,Pastick,,13.0,N,,,,,,
64.24867733333333,-138.54456366666668,1993-04-18,3,0,0.0,85.0,,Pastick,,7.5,,,,,,,
64.22999666666666,-138.50811466666667,1993-04-18,3,0,27.5,80.0,,Pastick,,11.0,,,,,,,
66.53375,-145.17791649999998,2010-06-23,2,0,0.0,141.0,,Pastick,,2.5,N,,,,,,
66.55277780000002,-145.4687222,2010-06-24,5,1,44.2,64.0,,Pastick,,15.6,N,,,,,,
66.55268533333333,-145.45888866666667,2010-06-24,3,1,52.666666666666664,81.0,,Pastick,,8.333333333333334,N,,,,,,
66.62472225,-145.787014,2010-06-25,4,0,22.5,134.75,,Pastick,,8.0,N,,,,,,
66.55041650000001,-145.875972,2010-08-11,2,0,0.0,83.5,,Pastick,,4.0,N,,,,,,
66.56333366666668,-145.74027800000002,2010-06-27,3,0,18.0,64.66666666666667,,Pastick,,8.0,N,,,,,,
66.375278,-145.108611,2010-07-15,3,0,0.0,109.0,,Pastick,,11.666666666666666,N,,,,,,
66.2879165,-146.6783335,2010-07-19,2,0,0.0,168.5,,Pastick,,7.0,N,,,,,,
66.293611,-146.672639,2010-07-19,2,0,25.0,125.0,,Pastick,,4.0,N,,,,,,
66.297778,-146.59180550000002,2010-07-19,2,0,0.0,109.0,,Pastick,,7.0,N,,,,,,
66.29583333333333,-146.46490766666668,2010-07-10,3,0,16.666666666666668,103.0,,Pastick,,12.0,N,,,,,,
66.367222,-146.687639,2010-07-11,2,1,27.5,81.5,,Pastick,,6.0,N,,,,,,
66.36838499999999,-146.672771,2010-07-11,2,0,0.0,102.0,,Pastick,,2.0,N,,,,,,
66.395417,-146.4936805,2010-07-31,4,0,13.0,94.75,,Pastick,,12.5,N,,,,,,
66.33037033333333,-146.87675933333333,2010-07-13,3,0,0.0,103.0,,Pastick,,8.666666666666666,N,,,,,,
66.33736099999999,-146.87625,2010-07-17,2,1,33.5,66.0,,Pastick,,19.5,N,,,,,,
66.60694450000001,-146.60291675000002,2010-07-14,4,0,0.0,102.0,,Pastick,,11.75,N,,,,,,
66.6535556,-146.56433320000002,2010-07-15,5,0,8.0,97.2,,Pastick,,9.6,N,,,,,,
66.4685,-145.2702778,2010-07-27,5,1,39.6,71.0,,Pastick,,15.2,N,,,,,,
66.315417,-145.305556,2010-07-28,2,0,0.0,109.0,,Pastick,,20.0,N,,,,,,
66.3195835,-145.30777799999998,2010-07-28,2,1,14.0,90.5,,Pastick,,11.0,N,,,,,,
66.3233888,-145.4673332,2010-07-29,5,1,51.6,141.4,,Pastick,,30.4,N,,,,,,
66.44751175,-146.265347,2010-08-28,4,0,23.0,187.25,,Pastick,,12.25,N,,,,,,
66.554722,-145.2005555,2010-08-01,2,0,81.0,160.0,,Pastick,,10.0,N,,,,,,
66.6602224,-144.73883299999997,2010-08-10,5,0,0.0,94.6,,Pastick,,3.2,N,,,,,,
66.53034699999999,-146.1213195,2010-08-11,4,0,44.25,100.25,,Pastick,,9.0,N,,,,,,
66.61231500000001,-145.23416699999999,2010-08-12,3,1,58.0,124.66666666666667,,Pastick,,14.333333333333334,N,,,,,,
66.590648,-146.05148133333333,2010-08-13,3,0,43.333333333333336,167.0,,Pastick,,4.333333333333333,N,,,,,,
66.5945835,-146.0525,2010-08-13,2,1,101.5,101.5,,Pastick,,7.0,N,,,,,,
66.631296,-146.04490733333333,2010-08-14,3,1,92.66666666666667,159.33333333333334,,Pastick,,12.0,N,,,,,,
66.63,-146.03305575,2010-08-14,4,1,43.0,133.5,,Pastick,,3.75,N,,,,,,
66.635417,-146.047639,2010-08-14,2,1,40.5,140.5,,Pastick,,6.5,N,,,,,,
66.618426,-145.68222233333333,2010-08-15,3,1,109.33333333333333,109.33333333333333,,Pastick,,6.0,N,,,,,,
66.623056,-145.67708299999998,2010-08-15,2,0,70.5,135.5,,Pastick,,6.0,N,,,,,,
66.61465275,-145.64118075000002,2010-09-14,4,1,57.75,107.75,,Pastick,,6.5,N,,,,,,
66.6220835,-145.4475,2010-08-17,2,0,0.0,104.0,,Pastick,,3.0,N,,,,,,
66.64694449999999,-144.882361,2010-08-18,2,1,73.0,73.0,,Pastick,,39.0,N,,,,,,
66.65125,-144.890417,2010-08-18,2,0,0.0,200.0,,Pastick,,2.0,N,,,,,,
66.663611,-144.81435166666665,2010-08-19,3,0,27.333333333333332,151.66666666666666,,Pastick,,20.333333333333332,N,,,,,,
66.64694433333332,-145.10925899999998,2010-08-20,3,1,108.0,158.0,,Pastick,,6.666666666666667,N,,,,,,
66.65284725000001,-145.18472225,2010-08-21,4,1,99.0,147.75,,Pastick,,7.0,N,,,,,,
66.6522225,-145.1677775,2010-08-21,2,1,147.5,147.5,,Pastick,,9.5,N,,,,,,
66.6313425,-145.29901850000002,2010-10-04,6,1,134.0,134.0,,Pastick,,4.833333333333333,N,,,,,,
66.6354025,-145.29305549999998,2010-09-27,2,0,59.0,154.5,,Pastick,,7.0,N,,,,,,
66.31907433333333,-144.77666666666667,2010-09-08,3,1,78.33333333333333,78.33333333333333,,Pastick,,24.333333333333332,N,,,,,,
66.24305575,-144.7754865,2010-09-09,4,1,43.25,93.25,,Pastick,,29.25,N,,,,,,
66.41231499999999,-144.88416666666666,2010-09-10,3,1,56.333333333333336,109.33333333333333,,Pastick,,9.666666666666666,N,,,,,,
66.2701385,-144.8091665,2010-09-20,2,0,28.0,128.0,,Pastick,,14.0,N,,,,,,
66.5766665,-145.269306,2010-09-13,2,1,127.0,127.0,,Pastick,,11.0,N,,,,,,
66.31925933333333,-144.90120366666665,2010-09-07,3,1,75.66666666666667,75.66666666666667,,Pastick,,13.333333333333334,N,,,,,,
66.63583299999999,-144.93611149999998,2010-06-22,2,0,0.0,195.0,,Pastick,,6.0,N,,,,,,
66.65680549999999,-145.090833,2010-06-22,2,0,0.0,167.5,,Pastick,,0.0,N,,,,,,
66.46046299999999,-145.12833333333333,2010-06-23,3,0,0.0,112.66666666666667,,Pastick,,6.666666666666667,N,,,,,,
66.5459725,-145.435764,2010-06-24,4,0,0.0,122.25,,Pastick,,4.25,N,,,,,,
66.63148133333333,-145.78064833333335,2010-06-25,3,0,29.666666666666668,66.0,,Pastick,,9.0,N,,,,,,
66.5425,-145.91472233333334,2010-06-26,3,0,0.0,74.33333333333333,,Pastick,,3.3333333333333335,N,,,,,,
66.54638866666666,-145.91824033333333,2010-06-26,3,0,45.0,146.66666666666666,,Pastick,,14.0,N,,,,,,
66.55537033333333,-145.72416666666666,2010-06-27,3,0,0.0,157.33333333333334,,Pastick,,2.6666666666666665,N,,,,,,
66.28962966666666,-146.96962933333336,2010-07-08,3,0,34.333333333333336,131.66666666666666,,Pastick,,31.666666666666668,N,,,,,,
66.26314833333333,-146.83101833333333,2010-07-09,3,1,53.333333333333336,113.66666666666667,,Pastick,,21.333333333333332,N,,,,,,
66.24490733333333,-146.518241,2010-07-10,3,1,39.333333333333336,96.0,,Pastick,,31.0,N,,,,,,
66.24902750000001,-146.522361,2010-07-10,2,0,0.0,154.0,,Pastick,,8.5,N,,,,,,
66.335417,-146.5533335,2010-07-11,4,0,0.0,164.5,,Pastick,,9.75,N,,,,,,
66.31518533333333,-146.42490733333332,2010-07-12,3,0,62.0,166.0,,Pastick,,0.6666666666666666,N,,,,,,
66.3179165,-146.44597199999998,2010-07-12,2,0,0.0,153.0,,Pastick,,12.0,N,,,,,,
66.381667,-146.8881945,2010-07-13,2,0,0.0,142.0,,Pastick,,9.0,N,,,,,,
66.70652799999999,-146.543889,2010-07-14,2,0,0.0,137.0,,Pastick,,13.0,N,,,,,,
66.704028,-146.534722,2010-07-14,2,0,0.0,117.5,,Pastick,,13.0,N,,,,,,
66.70875000000001,-146.5475,2010-07-14,2,0,0.0,96.0,,Pastick,,4.0,N,,,,,,
65.13428883333333,-141.67805133333331,2002-07-20,6,0,21.833333333333332,121.83333333333333,,Pastick,,22.0,N,,,,,,
66.42194433333333,-145.27870366666667,2010-07-27,3,0,22.0,149.66666666666666,,Pastick,,16.0,N,,,,,,
66.42972233333334,-145.28962966666666,2010-07-27,3,0,19.0,119.0,,Pastick,,12.666666666666666,N,,,,,,
66.43231466666667,-146.08981500000002,2010-07-28,3,1,52.0,105.66666666666667,,Pastick,,11.333333333333334,N,,,,,,
66.44481466666666,-145.7097223333333,2010-07-28,3,0,24.666666666666668,122.33333333333333,,Pastick,,26.0,N,,,,,,
66.3025,-145.08490766666668,2010-07-29,3,1,101.0,101.0,,Pastick,,20.333333333333332,N,,,,,,
66.30604175,-145.08590275,2010-07-29,4,1,74.75,75.25,,Pastick,,25.5,N,,,,,,
66.48537033333334,-145.86249966666665,2010-07-30,3,0,37.333333333333336,129.66666666666666,,Pastick,,10.333333333333334,N,,,,,,
66.579861,-145.2166665,2010-07-31,2,1,65.0,167.5,,Pastick,,13.0,N,,,,,,
66.56347199999999,-145.1908335,2010-07-31,2,1,112.0,112.0,,Pastick,,10.5,N,,,,,,
66.6612222,-144.784111,2010-08-10,5,1,89.6,131.2,,Pastick,,5.0,N,,,,,,
66.54062475,-146.05319450000002,2010-08-11,4,1,85.75,113.25,,Pastick,,18.75,N,,,,,,
66.63791649999999,-145.23034725,2010-08-12,4,1,90.0,140.0,,Pastick,,3.5,N,,,,,,
66.5863195,-146.03916675,2010-08-13,4,0,0.0,172.75,,Pastick,,0.0,N,,,,,,
66.62027775,-145.8356945,2010-08-15,4,1,109.5,109.5,,Pastick,,5.5,N,,,,,,
66.63148166666666,-145.70814833333336,2010-08-16,3,1,71.66666666666667,135.0,,Pastick,,5.0,N,,,,,,
66.6039446,-145.430611,2010-08-17,5,1,114.6,114.6,,Pastick,,10.4,N,,,,,,
66.640972,-144.788472,2010-08-18,2,1,151.0,151.0,,Pastick,,0.0,N,,,,,,
66.6330555,-144.794861,2010-08-18,2,1,158.5,158.5,,Pastick,,1.0,N,,,,,,
66.640556,-144.9645835,2010-08-20,2,0,100.0,185.0,,Pastick,,0.0,N,,,,,,
66.636667,-144.9793055,2010-08-20,2,0,0.0,101.5,,Pastick,,0.0,N,,,,,,
66.630417,-144.9983335,2010-08-20,2,0,0.0,152.0,,Pastick,,0.0,N,,,,,,
66.494722,-145.23791699999998,2010-06-23,2,1,45.0,155.0,,Pastick,,8.5,N,,,,,,
66.6425,-145.7858335,2010-06-25,2,1,46.0,146.0,,Pastick,,4.0,N,,,,,,
66.564722,-145.79805566666667,2010-06-27,3,0,38.333333333333336,145.0,,Pastick,,3.0,N,,,,,,
65.42712966666666,-144.83166666666668,2011-06-22,3,1,19.333333333333332,101.66666666666667,,Pastick,,22.333333333333332,N,,,,,,
65.43194433333333,-144.78287033333334,2011-06-23,3,1,30.0,43.333333333333336,,Pastick,,25.0,N,,,,,,
65.430417,-144.73305549999998,2011-06-24,2,1,36.0,46.0,,Pastick,,25.0,N,,,,,,
65.433611,-144.71722233333335,2011-08-07,3,0,16.333333333333332,54.666666666666664,,Pastick,,19.666666666666668,N,,,,,,
65.33370366666666,-145.35601866666664,2011-07-03,3,0,14.0,80.66666666666667,,Pastick,,10.0,N,,,,,,
65.42898133333334,-144.6561113333333,2011-07-04,3,1,31.333333333333332,45.333333333333336,,Pastick,,39.666666666666664,N,,,,,,
65.42861099999999,-144.6465275,2011-07-04,2,0,0.0,60.0,,Pastick,,11.0,Y,,,,,,
65.29347250000001,-146.2388885,2011-07-05,2,0,0.0,60.0,,Pastick,,4.5,N,,,,,,
65.29888899999999,-146.23666666666665,2011-07-05,3,1,29.333333333333332,43.333333333333336,,Pastick,,18.0,N,,,,,,
65.29388900000001,-145.1743055,2011-07-06,2,1,40.0,40.0,,Pastick,,22.0,N,,,,,,
65.18944450000001,-145.4269445,2011-07-07,2,0,0.0,55.0,,Pastick,,12.5,Y,,,,,,
65.36444449999999,-144.92791649999998,2011-07-09,2,1,60.0,60.0,,Pastick,,16.5,N,,,,,,
65.4054165,-145.2776385,2011-07-10,2,1,65.0,65.0,,Pastick,,16.0,N,,,,,,
65.2506945,-145.176111,2011-07-10,2,1,48.5,48.5,,Pastick,,44.5,N,,,,,,
65.36541700000001,-144.32999999999998,2011-07-11,2,0,0.0,56.0,,Pastick,,26.5,Y,,,,,,
65.36268533333333,-144.600185,2011-08-18,3,1,28.666666666666668,78.66666666666667,,Pastick,,30.333333333333332,N,,,,,,
65.35981466666668,-144.58981466666668,2011-07-12,3,0,16.666666666666668,41.0,,Pastick,,12.0,Y,,,,,,
65.46722249999999,-145.133333,2011-07-13,2,0,25.0,57.0,,Pastick,,29.0,Y,,,,,,
65.23652799999999,-145.7690275,2011-07-23,2,1,20.0,60.0,,Pastick,,24.0,N,,,,,,
65.241111,-145.79888899999997,2011-09-12,2,1,27.5,55.0,,Pastick,,21.0,N,,,,,,
65.17611099999999,-144.3693055,2011-07-24,2,1,65.0,65.0,,Pastick,,50.0,N,,,,,,
65.1808335,-144.3727775,2011-07-24,2,0,0.0,122.0,,Pastick,,16.0,N,,,,,,
65.48601833333333,-145.700278,2011-07-25,3,0,0.0,72.0,,Pastick,,22.0,Y,,,,,,
65.3901385,-144.26458300000002,2011-07-26,2,0,0.0,151.0,,Pastick,,5.0,N,,,,,,
65.3705555,-144.2720835,2011-07-26,2,1,29.5,105.5,,Pastick,,20.5,N,,,,,,
65.26277766666668,-145.267037,2011-07-27,3,0,16.0,116.66666666666667,,Pastick,,26.0,N,,,,,,
65.26388850000001,-145.2543055,2011-07-27,2,0,0.0,151.5,,Pastick,,3.5,N,,,,,,
65.379861,-145.3643055,2011-07-28,2,0,0.0,151.0,,Pastick,,15.5,N,,,,,,
65.3719445,-145.3518055,2011-07-28,2,0,0.0,37.5,,Pastick,,6.5,Y,,,,,,
65.179861,-145.418611,2011-07-29,2,1,43.0,43.0,,Pastick,,28.0,N,,,,,,
65.21013875,-145.33819425000002,2011-07-29,4,0,0.0,121.75,,Pastick,,9.0,N,,,,,,
65.53814816666666,-145.4439815,2011-07-31,6,1,21.833333333333332,24.5,,Pastick,,11.833333333333334,N,,,,,,
65.5431945,-145.45666649999998,2011-07-31,2,1,20.5,96.5,,Pastick,,17.0,N,,,,,,
65.30166650000001,-145.62777749999998,2011-08-01,2,0,0.0,92.0,,Pastick,,14.0,N,,,,,,
65.30625,-145.6191665,2011-08-01,2,0,0.0,52.0,,Pastick,,8.0,Y,,,,,,
65.3038885,-145.6591665,2011-08-01,2,1,51.0,51.0,,Pastick,,22.0,N,,,,,,
66.774444,-145.80805550000002,2011-08-12,2,1,48.0,139.5,,Pastick,,3.0,N,,,,,,
66.7119445,-145.716111,2011-08-12,2,0,37.0,115.5,,Pastick,,33.0,N,,,,,,
66.8256945,-144.539583,2011-08-13,2,1,80.0,125.0,,Pastick,,11.0,N,,,,,,
66.822685,-144.520278,2011-08-13,3,0,0.0,105.33333333333333,,Pastick,,28.666666666666668,N,,,,,,
66.73472233333332,-145.794722,2011-08-14,3,1,118.33333333333333,118.33333333333333,,Pastick,,19.0,N,,,,,,
66.732639,-145.7859725,2011-08-14,2,0,57.5,133.5,,Pastick,,11.0,N,,,,,,
67.19138866666667,-145.23925933333337,2011-08-15,3,1,103.66666666666667,103.66666666666667,,Pastick,,20.666666666666668,N,,,,,,
67.192222,-145.202778,2011-09-23,2,0,30.0,107.0,,Pastick,,31.0,N,,,,,,
66.660764,-143.93777775,2011-08-16,4,0,44.25,118.0,,Pastick,,10.75,N,,,,,,
67.0676385,-144.8581945,2011-08-17,2,1,66.5,161.5,,Pastick,,14.0,N,,,,,,
66.48898133333334,-145.18583333333333,2011-08-18,3,0,0.0,170.66666666666666,,Pastick,,1.3333333333333333,N,,,,,,
66.18194433333333,-144.342963,2011-08-19,3,1,119.0,119.0,,Pastick,,12.333333333333334,N,,,,,,
66.1768055,-144.348194,2011-08-19,2,0,37.0,122.0,,Pastick,,44.0,N,,,,,,
66.5356945,-144.7081945,2011-08-20,2,1,139.5,139.5,,Pastick,,7.5,N,,,,,,
66.51574066666667,-144.689722,2011-08-20,3,1,96.33333333333333,96.33333333333333,,Pastick,,27.666666666666668,N,,,,,,
66.04722233333334,-144.21388866666666,2011-08-21,3,1,72.66666666666667,72.66666666666667,,Pastick,,49.333333333333336,N,,,,,,
66.429028,-145.41875,2011-09-01,2,1,134.0,134.0,,Pastick,,17.0,N,,,,,,
66.61745383333334,-146.81782416666667,2011-09-02,6,1,53.5,110.16666666666667,,Pastick,,36.666666666666664,N,,,,,,
66.955139,-145.4765275,2011-09-03,2,0,0.0,123.5,,Pastick,,6.0,N,,,,,,
66.95569449999999,-145.46277800000001,2011-09-03,2,0,89.5,165.5,,Pastick,,22.0,N,,,,,,
67.0022225,-145.921528,2011-09-04,2,1,120.0,120.0,,Pastick,,24.0,N,,,,,,
66.9961115,-145.9080555,2011-09-04,2,1,145.0,145.0,,Pastick,,5.0,N,,,,,,
66.709236,-146.017639,2011-09-05,4,0,0.0,152.0,,Pastick,,1.0,N,,,,,,
66.707083,-146.0419445,2011-09-05,2,1,147.5,147.5,,Pastick,,3.5,N,,,,,,
66.26870366666667,-146.05462966666667,2011-09-06,3,1,88.66666666666667,150.33333333333334,,Pastick,,6.0,N,,,,,,
66.92041649999999,-145.7245835,2011-09-07,2,0,0.0,152.0,,Pastick,,17.0,N,,,,,,
66.9588885,-145.6325,2011-09-07,2,0,0.0,132.5,,Pastick,,6.5,N,,,,,,
67.01263900000001,-146.9109725,2011-09-08,2,0,0.0,113.0,,Pastick,,13.0,N,,,,,,
67.0172225,-146.90736099999998,2011-09-08,2,0,0.0,152.0,,Pastick,,20.0,N,,,,,,
66.1887222,-145.59305559999999,2011-09-09,5,1,65.6,126.6,,Pastick,,14.6,N,,,,,,
66.27444466666667,-146.20814800000002,2011-09-10,3,1,69.66666666666667,120.66666666666667,,Pastick,,11.0,N,,,,,,
66.80944433333333,-145.88240766666667,2011-09-28,3,1,156.33333333333334,156.33333333333334,,Pastick,,8.333333333333334,N,,,,,,
65.27166650000001,-145.89666649999998,2011-11-03,2,1,20.0,97.0,,Pastick,,44.0,N,,,,,,
65.19749999999999,-145.659583,2011-07-23,2,0,0.0,100.5,,Pastick,,9.5,Y,,,,,,
65.2027775,-145.664861,2011-07-23,2,0,0.0,94.5,,Pastick,,4.0,Y,,,,,,
65.183194,-143.933056,2011-07-24,2,0,0.0,61.5,,Pastick,,4.0,Y,,,,,,
65.1743055,-143.912083,2011-07-24,2,1,72.5,72.5,,Pastick,,28.0,N,,,,,,
65.50546333333334,-145.8033333333333,2011-07-25,3,1,32.666666666666664,53.0,,Pastick,,8.333333333333334,N,,,,,,
65.5054442,-145.2808888,2011-07-26,5,1,29.8,47.6,,Pastick,,15.2,N,,,,,,
65.49490733333333,-145.26120366666666,2011-07-26,3,1,39.333333333333336,95.0,,Pastick,,17.666666666666668,Y,,,,,,
65.27027749999999,-145.5706945,2011-07-27,2,1,44.0,54.0,,Pastick,,18.0,N,,,,,,
65.27499966666666,-145.54953700000002,2011-07-27,3,1,37.666666666666664,74.33333333333333,,Pastick,,38.666666666666664,N,,,,,,
65.27902800000001,-145.540417,2011-07-27,2,0,0.0,152.0,,Pastick,,0.0,N,,,,,,
65.17590299999999,-144.51937500000003,2011-07-28,4,0,32.0,66.0,,Pastick,,23.5,N,,,,,,
65.18361125,-144.51784725,2011-07-28,4,1,30.25,92.5,,Pastick,,12.25,N,,,,,,
65.616667,-145.758056,2011-07-29,2,1,71.5,71.5,,Pastick,,21.5,N,,,,,,
65.61458300000001,-145.740139,2011-07-29,2,1,25.0,67.5,,Pastick,,19.0,N,,,,,,
65.608056,-145.69597199999998,2011-07-29,2,1,21.0,53.5,,Pastick,,21.0,N,,,,,,
65.0581945,-145.633889,2011-07-30,2,0,26.0,70.0,,Pastick,,24.0,Y,,,,,,
65.057778,-145.62444449999998,2011-07-30,2,0,0.0,35.0,,Pastick,,4.5,Y,,,,,,
65.0544725,-145.64761149999998,2011-08-25,2,0,0.0,59.0,,Pastick,,14.0,N,,,,,,
65.3294445,-144.296528,2011-07-31,2,1,65.5,71.5,,Pastick,,35.0,Y,,,,,,
65.2991665,-145.0516665,2011-08-01,2,0,0.0,110.5,,Pastick,,5.0,Y,,,,,,
65.305,-145.06935166666668,2011-08-01,3,0,16.0,57.333333333333336,,Pastick,,13.0,Y,,,,,,
65.266389,-144.735972,2011-07-08,2,0,25.0,55.0,,Pastick,,16.0,N,,,,,,
65.399028,-144.7330555,2011-07-09,2,1,27.5,31.0,,Pastick,,19.0,Y,,,,,,
65.39787066666668,-144.719074,2011-07-05,3,1,17.333333333333332,78.0,,Pastick,,15.666666666666666,N,,,,,,
65.39703666666666,-144.710278,2011-07-08,3,0,0.0,46.333333333333336,,Pastick,,18.333333333333332,N,,,,,,
65.30935166666666,-144.875185,2011-07-10,3,0,15.666666666666666,59.333333333333336,,Pastick,,8.333333333333334,N,,,,,,
65.453194,-144.9730555,2011-07-12,2,0,0.0,51.0,,Pastick,,12.0,Y,,,,,,
65.40074066666666,-144.695185,2011-07-04,3,0,7.0,50.0,,Pastick,,17.333333333333332,N,,,,,,
65.3330555,-144.6681945,2011-07-05,2,0,0.0,58.0,,Pastick,,9.5,N,,,,,,
65.3404165,-144.64361100000002,2011-07-05,2,0,0.0,48.0,,Pastick,,21.5,N,,,,,,
65.36729175,-145.2781945,2011-07-06,4,0,0.0,93.5,,Pastick,,13.5,N,,,,,,
65.37305533333334,-145.28148133333335,2011-07-06,3,0,0.0,60.0,,Pastick,,16.0,N,,,,,,
66.686944,-145.1166665,2011-08-13,2,0,0.0,153.0,,Pastick,,9.0,N,,,,,,
66.58805566666666,-146.883889,2011-08-14,3,1,122.0,127.33333333333333,,Pastick,,43.333333333333336,N,,,,,,
66.471944,-145.001667,2011-08-15,2,0,0.0,154.5,,Pastick,,8.0,N,,,,,,
66.641944,-144.4308335,2011-08-16,2,0,26.0,118.0,,Pastick,,2.0,N,,,,,,
66.70861149999999,-144.2822225,2011-08-16,2,0,0.0,176.0,,Pastick,,0.0,N,,,,,,
66.84305549999999,-145.094722,2011-08-17,2,0,0.0,152.0,,Pastick,,4.5,N,,,,,,
66.0127775,-144.5493055,2011-09-25,2,1,94.5,94.5,,Pastick,,29.0,N,,,,,,
66.0201385,-144.52597250000002,2011-08-18,2,1,57.5,72.5,,Pastick,,21.0,N,,,,,,
66.727778,-145.870972,2011-08-19,2,0,25.0,119.0,,Pastick,,10.5,N,,,,,,
66.72916699999999,-145.8319445,2011-08-19,2,0,25.0,102.5,,Pastick,,15.0,N,,,,,,
66.4125,-143.70416649999999,2011-08-20,2,0,0.0,99.0,,Pastick,,11.5,N,,,,,,
66.41999999999999,-144.48541699999998,2011-08-21,2,1,129.0,129.0,,Pastick,,5.5,N,,,,,,
66.92888866666668,-146.44425933333335,2011-09-01,3,0,0.0,61.666666666666664,,Pastick,,26.666666666666668,N,,,,,,
66.71819450000001,-145.526111,2011-09-02,2,0,0.0,200.0,,Pastick,,8.5,N,,,,,,
67.22412033333335,-145.26171283333335,2011-09-03,6,1,47.333333333333336,70.83333333333333,,Pastick,,15.666666666666666,N,,,,,,
66.880278,-145.141528,2011-09-04,2,0,0.0,157.5,,Pastick,,5.0,N,,,,,,
66.8673615,-145.148472,2011-09-04,2,0,0.0,140.0,,Pastick,,5.5,N,,,,,,
66.88287033333333,-146.22101833333332,2011-09-05,3,0,0.0,86.66666666666667,,Pastick,,0.0,N,,,,,,
66.87259233333333,-146.2305553333333,2011-09-05,3,0,0.0,168.33333333333334,,Pastick,,15.333333333333334,N,,,,,,
66.68861133333333,-145.78166666666667,2011-09-06,3,1,104.33333333333333,107.66666666666667,,Pastick,,17.666666666666668,N,,,,,,
66.68847249999999,-145.745833,2011-09-06,2,0,52.5,144.0,,Pastick,,36.0,N,,,,,,
67.04145824999999,-145.64715274999998,2011-09-07,4,0,0.0,160.0,,Pastick,,17.5,N,,,,,,
66.394537,-146.42342599999998,2011-09-08,3,0,58.333333333333336,161.66666666666666,,Pastick,,20.333333333333332,N,,,,,,
66.2147225,-146.507361,2011-09-09,2,1,123.5,123.5,,Pastick,,5.0,N,,,,,,
66.20768500000001,-146.5223146666667,2011-09-09,3,1,67.33333333333333,68.33333333333333,,Pastick,,19.666666666666668,N,,,,,,
66.24902775,-146.2402085,2011-09-10,4,1,58.75,158.75,,Pastick,,22.25,N,,,,,,
66.2569445,-146.24708299999998,2011-09-10,2,1,115.0,115.0,,Pastick,,26.5,N,,,,,,
66.376852,-146.33259266666667,2011-09-11,3,1,120.0,153.33333333333334,,Pastick,,9.333333333333334,N,,,,,,
66.3775,-146.356111,2011-09-11,2,0,0.0,200.0,,Pastick,,4.0,N,,,,,,
66.3608322,-164.7097168,2014-01-14,2,1,26.0,180.0,,Pastick,,0.0,N,,,,,,
66.54347229999999,-164.09791565,2014-01-14,2,1,42.0,80.0,,Pastick,,0.0,N,,,,,,
66.5638885,-164.456665,2014-01-14,2,1,32.0,62.5,,Pastick,,0.0,N,,,,,,
64.84125413333334,-163.69620993999996,2013-08-21,15,1,34.666666666666664,37.86666666666667,,Schaefer_2020,,0.0,N,,,,,,
61.588921985714286,-159.49179574285714,2012-08-30,7,0,80.57142857142857,290.14285714285717,,Pastick,,0.0,N,,,,,,
61.593321233333334,-159.4894385,2012-10-17,6,1,68.83333333333333,109.0,,Pastick,,0.0,N,,,,,,
61.53232691428571,-158.78486925714287,2012-08-30,7,1,61.285714285714285,106.28571428571429,,Pastick,,0.0,N,,,,,,
61.53046336666667,-158.77546073333335,2012-08-30,3,1,42.666666666666664,87.33333333333333,,Pastick,,0.0,N,,,,,,
61.601229780000004,-159.557839,2012-08-30,5,0,80.4,468.2,,Pastick,,0.0,N,,,,,,
61.53999046,-160.31658797999998,2012-08-30,5,0,92.4,181.0,,Pastick,,0.0,N,,,,,,
61.5457807875,-160.32743042500002,2012-08-30,8,1,90.625,112.125,,Pastick,,0.0,N,,,,,,
61.550065366666665,-160.32693046666665,2012-08-30,3,0,130.0,175.0,,Pastick,,0.0,N,,,,,,
61.5263567,-158.742275,2012-08-30,4,1,73.0,75.0,,Pastick,,0.0,N,,,,,,
61.520209075000004,-158.75170115,2012-08-30,4,0,87.0,176.25,,Pastick,,0.0,N,,,,,,
61.52365113333334,-158.67261386666667,2012-08-30,3,0,65.33333333333333,155.0,,Pastick,,0.0,N,,,,,,
61.8449808,-158.07381845,2012-08-30,2,1,61.0,102.5,,Pastick,,0.0,N,,,,,,
61.84249196666667,-158.09077426666667,2012-08-30,3,1,94.66666666666667,122.0,,Pastick,,0.0,N,,,,,,
61.81014515,-157.38632825000002,2012-08-30,2,1,47.0,100.0,,Pastick,,0.0,N,,,,,,
61.87811713333334,-157.658286,2012-08-30,3,0,112.0,170.0,,Pastick,,0.0,N,,,,,,
61.83797505,-158.0077158,2012-08-30,2,1,70.5,105.0,,Pastick,,0.0,N,,,,,,
61.79438265,-157.4316458,2012-08-30,2,1,74.5,152.5,,Pastick,,0.0,N,,,,,,
61.855004750000006,-157.9466671,2012-08-30,2,1,116.0,150.0,,Pastick,,0.0,N,,,,,,
61.8246412,-158.0364336,2012-08-30,2,1,111.5,180.0,,Pastick,,0.0,N,,,,,,
62.070668145330586,-160.06321868855707,2010-01-31,3,1,77.0,192.66666666666666,,Pastick,,8.333333333333334,N,,,,,,
62.38134772655254,-159.58515631369457,2009-08-15,3,1,80.0,113.33333333333333,,Pastick,,16.666666666666668,N,,,,,,
62.38256644340957,-159.57572327595437,2008-02-07,2,1,100.0,135.0,,Pastick,,50.0,N,,,,,,
62.46535137099454,-159.51874161977594,2008-02-08,4,1,70.0,93.75,,Pastick,,8.75,N,,,,,,
62.464489400000005,-159.5092795,2012-08-30,2,0,96.5,142.5,,Pastick,,0.0,N,,,,,,
61.877109320588076,-160.13835826106788,2009-01-15,5,0,81.75,323.8,,Pastick,,26.8,N,,,,,,
61.89282947354338,-160.5058896676094,2009-08-24,6,0,99.0,120.0,,Pastick,,24.666666666666668,N,,,,,,
61.89707479227113,-160.4966935554946,2009-08-24,3,0,142.5,173.33333333333334,,Pastick,,33.333333333333336,N,,,,,,
61.5691115,-158.91792415,2012-08-30,2,1,72.0,80.0,,Pastick,,0.0,N,,,,,,
61.275073899999995,-160.56607993333333,2012-08-30,3,0,76.66666666666667,93.33333333333333,,Pastick,,0.0,N,,,,,,
61.284280550000005,-160.5729545,2012-08-30,2,0,34.5,57.0,,Pastick,,0.0,N,,,,,,
61.29447986666667,-160.57163263333334,2012-08-30,3,0,51.666666666666664,115.0,,Pastick,,0.0,N,,,,,,
61.725858624999994,-158.19095147500002,2012-08-30,4,0,63.75,187.5,,Pastick,,0.0,N,,,,,,
61.738838179999995,-158.16223367999999,2012-08-30,5,0,69.4,138.0,,Pastick,,0.0,N,,,,,,
61.7433137,-158.1549492,2012-08-30,2,0,57.5,105.0,,Pastick,,0.0,N,,,,,,
61.721602399999995,-158.25081966666667,2012-08-30,3,0,58.0,103.33333333333333,,Pastick,,0.0,N,,,,,,
61.680439975,-158.21770592500002,2012-08-30,4,0,63.25,87.0,,Pastick,,0.0,N,,,,,,
61.6337799,-158.30864904999999,2012-08-30,2,1,187.5,200.0,,Pastick,,0.0,N,,,,,,
61.3142811,-159.95929365,2012-08-30,2,1,52.5,115.0,,Pastick,,0.0,N,,,,,,
61.31403095,-159.94953755,2012-08-30,2,1,40.0,125.0,,Pastick,,0.0,N,,,,,,
61.314783899999995,-159.9924116,2012-08-30,2,1,65.0,72.5,,Pastick,,0.0,N,,,,,,
61.29417814999999,-160.19890095,2012-08-30,2,1,61.0,75.0,,Pastick,,0.0,N,,,,,,
61.2989092,-160.1928561,2012-08-30,2,1,83.0,120.0,,Pastick,,0.0,N,,,,,,
61.29885245,-160.18549919999998,2012-08-30,2,0,72.5,90.0,,Pastick,,0.0,N,,,,,,
61.30046225,-160.1784848,2012-08-30,2,1,59.0,90.0,,Pastick,,0.0,N,,,,,,
61.288030649999996,-160.233655,2012-08-30,2,1,80.0,105.0,,Pastick,,0.0,N,,,,,,
61.256718500000005,-159.0390036,2012-08-30,2,1,68.0,92.5,,Pastick,,0.0,N,,,,,,
61.2599951,-159.01901445,2012-08-30,2,1,80.0,90.0,,Pastick,,0.0,N,,,,,,
61.2540528,-159.0707411,2012-08-30,2,1,65.0,80.0,,Pastick,,0.0,N,,,,,,
61.765811073867646,-159.6851407123137,2009-12-25,3,1,59.666666666666664,76.66666666666667,,Pastick,,25.0,N,,,,,,
61.77093856897014,-159.6857946736643,2007-04-21,3,1,77.0,81.33333333333333,,Pastick,,9.333333333333334,N,,,,,,
61.77650100295623,-159.6839047725278,2008-08-23,2,0,120.0,125.0,,Pastick,,60.0,N,,,,,,
61.79156286527394,-159.6595109187861,2008-08-23,4,1,65.0,78.0,,Pastick,,14.25,N,,,,,,
61.79626345588508,-159.64816062421116,2007-04-22,3,1,96.66666666666667,105.0,,Pastick,,6.333333333333333,N,,,,,,
61.79751543894289,-159.64326995765362,2008-08-23,2,1,70.0,75.0,,Pastick,,1.5,N,,,,,,
61.43499069999999,-159.0783208,2012-08-30,3,1,79.33333333333333,91.66666666666667,,Pastick,,0.0,N,,,,,,
61.440323750000005,-159.06592225,2012-08-30,2,1,60.0,79.0,,Pastick,,0.0,N,,,,,,
60.99949325,-159.051399,2012-08-30,2,0,53.5,75.0,,Pastick,,0.0,N,,,,,,
60.9980693,-159.0409972,2012-08-30,2,1,106.0,160.0,,Pastick,,0.0,N,,,,,,
61.7775351,-158.7010728,2012-08-30,2,1,64.5,75.0,,Pastick,,0.0,N,,,,,,
61.78214621622698,-160.37566193026728,2007-04-29,3,0,100.0,200.0,,Pastick,,26.0,N,,,,,,
61.783146814105955,-160.3663949332166,2009-12-29,3,0,55.333333333333336,103.33333333333333,,Pastick,,3.3333333333333335,N,,,,,,
61.78323887217725,-160.3535669324413,2008-08-29,2,0,120.0,200.0,,Pastick,,2.5,N,,,,,,
61.78358898577832,-160.3435141651267,2008-08-29,2,1,80.0,82.0,,Pastick,,5.0,N,,,,,,
61.844440269024375,-159.07774445444664,2008-08-28,4,1,43.333333333333336,135.0,,Pastick,,53.0,N,,,,,,
61.83213524266459,-159.07383978648417,2008-08-28,2,1,80.0,85.0,,Pastick,,12.5,N,,,,,,
61.3477258,-160.58617456666664,2012-08-30,3,0,85.66666666666667,106.66666666666667,,Pastick,,0.0,N,,,,,,
61.3478658,-160.56375685,2012-08-30,2,1,49.5,65.0,,Pastick,,0.0,N,,,,,,
61.35051715,-160.5478546,2012-08-30,2,1,60.0,75.0,,Pastick,,0.0,N,,,,,,
61.71824685,-158.20108815,2012-08-30,4,0,100.0,399.75,,Pastick,,0.0,N,,,,,,
61.66338315,-158.2514931,2012-08-30,2,1,70.5,147.5,,Pastick,,0.0,N,,,,,,
61.59244495,-158.44822585,2012-08-30,2,1,54.0,95.0,,Pastick,,0.0,N,,,,,,
61.86468825604486,-159.10938697765147,2008-08-28,2,1,73.0,95.0,,Pastick,,20.0,N,,,,,,
61.858344295031124,-159.09372403628458,2008-08-28,2,1,55.0,75.0,,Pastick,,13.0,N,,,,,,
61.85048742768338,-159.0831555147033,2008-08-28,2,1,52.0,72.0,,Pastick,,36.0,N,,,,,,
61.940367096059425,-158.61847041914191,2009-12-29,3,0,63.0,80.0,,Pastick,,3.0,N,,,,,,
61.9454183178673,-158.61937524329466,2008-08-28,2,1,67.5,75.0,,Pastick,,17.0,N,,,,,,
61.70847955,-159.27983855,2012-08-30,2,1,59.0,79.0,,Pastick,,0.0,N,,,,,,
61.7111027,-159.30020375,2012-08-30,2,1,66.0,89.0,,Pastick,,0.0,N,,,,,,
61.7168562,-159.3126125,2012-08-30,2,1,58.0,76.5,,Pastick,,0.0,N,,,,,,
61.72221775,-159.32512585,2012-08-30,2,1,62.0,75.0,,Pastick,,0.0,N,,,,,,
61.70295135,-160.5218189,2012-08-30,2,1,90.5,125.0,,Pastick,,0.0,N,,,,,,
61.70896315,-160.51771725,2012-08-30,2,1,56.5,140.0,,Pastick,,0.0,N,,,,,,
61.74736266666667,-158.20375496666668,2012-08-30,3,0,73.33333333333333,150.0,,Pastick,,0.0,N,,,,,,
61.748963720000006,-158.1947472,2012-08-30,5,0,87.0,175.0,,Pastick,,0.0,N,,,,,,
61.7530527,-158.2073455,2012-08-30,2,0,52.5,130.0,,Pastick,,0.0,N,,,,,,
61.38846543333333,-159.66135753333333,2012-08-30,3,1,65.66666666666667,104.0,,Pastick,,0.0,N,,,,,,
61.44393396666667,-160.31074026666667,2012-08-30,3,0,145.66666666666666,190.0,,Pastick,,0.0,N,,,,,,
61.5416022,-160.567047,2012-08-30,2,1,41.0,48.5,,Pastick,,0.0,N,,,,,,
61.5458677,-160.57500512500002,2012-08-30,4,1,50.25,83.5,,Pastick,,0.0,N,,,,,,
61.54149615,-160.5416616,2012-08-30,2,1,56.0,65.5,,Pastick,,0.0,N,,,,,,
62.163506133333335,-160.57863569999998,2012-08-30,3,0,77.33333333333333,182.0,,Pastick,,0.0,N,,,,,,
61.64127175,-159.95027915,2012-08-30,2,0,97.0,155.0,,Pastick,,0.0,N,,,,,,
61.6475616,-159.95207665,2012-08-30,2,1,98.0,117.5,,Pastick,,0.0,N,,,,,,
61.60321376666667,-156.57029143333332,2012-08-30,3,0,96.33333333333333,118.66666666666667,,Pastick,,0.0,N,,,,,,
61.601465649999994,-156.5567076,2012-08-30,2,0,97.5,102.5,,Pastick,,0.0,N,,,,,,
61.3650459,-156.17574565,2012-08-30,2,1,47.0,172.0,,Pastick,,0.0,N,,,,,,
62.15479236666667,-159.37528109999997,2012-08-30,3,0,60.666666666666664,104.0,,Pastick,,0.0,N,,,,,,
61.5182729,-156.5018896,2012-08-30,2,1,131.0,152.0,,Pastick,,0.0,N,,,,,,
61.15974175,-156.351774875,2012-08-30,4,0,86.5,151.0,,Pastick,,0.0,N,,,,,,
61.201404100000005,-157.37784165,2012-08-30,2,0,109.0,152.0,,Pastick,,0.0,N,,,,,,
61.206371,-157.37307225,2012-08-30,2,1,99.0,152.0,,Pastick,,0.0,N,,,,,,
61.388193400000006,-156.3919281,2012-08-30,2,1,82.0,152.0,,Pastick,,0.0,N,,,,,,
61.6663035,-156.16782465,2012-08-30,2,1,97.0,152.0,,Pastick,,0.0,N,,,,,,
61.666793299999995,-156.15527805,2012-08-30,2,1,87.5,152.0,,Pastick,,0.0,N,,,,,,
61.666956549999995,-156.14392345,2012-08-30,2,1,90.0,152.0,,Pastick,,0.0,N,,,,,,
62.66358466666667,-160.51887603333333,2012-08-30,3,0,120.0,175.0,,Pastick,,0.0,N,,,,,,
62.6689943,-160.518818,2012-08-30,2,0,121.0,162.5,,Pastick,,0.0,N,,,,,,
62.093466750000005,-159.3593113,2012-08-30,2,1,74.0,115.0,,Pastick,,0.0,N,,,,,,
62.0894464,-159.34833945,2012-08-30,2,1,61.5,100.0,,Pastick,,0.0,N,,,,,,
61.475952750000005,-159.2346521,2012-08-30,2,1,76.0,142.0,,Pastick,,0.0,N,,,,,,
61.47650145,-159.24923195,2012-08-30,2,1,109.0,134.0,,Pastick,,0.0,N,,,,,,
64.80212255,-165.47088855,2012-08-30,2,1,107.5,151.0,,Pastick,,0.0,N,,,,,,
64.7966303,-165.42758089999998,2012-08-30,3,1,60.666666666666664,150.0,,Pastick,,0.0,N,,,,,,
64.78613544999999,-165.63506769999998,2012-08-30,2,0,54.5,151.0,,Pastick,,0.0,N,,,,,,
64.7909016,-165.63266525,2012-08-30,2,1,69.0,150.0,,Pastick,,0.0,N,,,,,,
64.79692170000001,-165.6307963,2012-08-30,2,0,74.0,150.0,,Pastick,,0.0,N,,,,,,
61.191341,-159.22189303333334,2012-08-30,3,0,66.33333333333333,150.0,,Pastick,,0.0,N,,,,,,
64.78648645,-165.59248265000002,2012-08-30,2,1,59.0,107.5,,Pastick,,0.0,N,,,,,,
64.82649103333334,-165.63206756666668,2012-08-30,3,0,78.66666666666667,150.66666666666666,,Pastick,,0.0,N,,,,,,
64.8317877,-165.63605895,2012-08-30,2,1,66.5,105.0,,Pastick,,0.0,N,,,,,,
64.81899615,-165.4121621,2012-08-30,2,1,52.5,151.0,,Pastick,,0.0,N,,,,,,
64.80191855,-165.44236145000002,2012-08-30,2,1,85.0,150.0,,Pastick,,0.0,N,,,,,,
64.79226625,-165.60339425,2012-08-30,2,1,66.5,150.0,,Pastick,,0.0,N,,,,,,
64.78998920000001,-165.56163553333332,2012-08-30,3,0,68.66666666666667,150.0,,Pastick,,0.0,N,,,,,,
64.791492975,-165.55186955000002,2012-08-30,4,0,62.25,150.5,,Pastick,,0.0,N,,,,,,
61.7482448,-156.7759218,2012-08-30,4,0,57.0,90.0,,Pastick,,0.0,N,,,,,,
61.711792822222215,-157.1910635888889,2012-08-30,9,0,79.55555555555556,126.0,,Pastick,,0.0,N,,,,,,
62.193690021093495,-159.78718056655427,2007-02-22,5,0,69.0,186.0,,Pastick,,24.2,N,,,,,,
62.19226944714765,-159.77756883607083,2010-05-13,4,0,73.33333333333333,122.0,,Pastick,,2.0,N,,,,,,
62.193024050000005,-159.77126925,2012-08-30,2,0,98.0,177.5,,Pastick,,0.0,N,,,,,,
62.1974706033038,-159.77669103321108,2008-01-25,2,0,43.0,70.0,,Pastick,,11.0,N,,,,,,
59.0786111,-157.3838889,2013-11-29,2,1,75.0,125.0,,Pastick,,0.0,N,,,,,,
58.8911111,-157.1325,2013-11-29,2,1,43.0,110.0,,Pastick,,0.0,N,,,,,,
59.785277799999996,-159.83055556666667,2013-12-13,3,0,69.33333333333333,95.0,,Pastick,,0.0,N,,,,,,
59.146574066666666,-160.86138893333333,2013-12-13,3,0,70.66666666666667,152.0,,Pastick,,0.0,N,,,,,,
59.051111125,-161.2198611,2013-12-13,4,1,69.5,152.5,,Pastick,,0.0,N,,,,,,
59.32694445,-159.88444445,2013-12-13,2,1,70.0,152.0,,Pastick,,0.0,N,,,,,,
59.32597225,-159.8740278,2013-12-13,2,0,77.0,152.0,,Pastick,,0.0,N,,,,,,
59.37020835,-157.4398611,2013-11-29,4,0,65.5,125.25,,Pastick,,0.0,N,,,,,,
59.37425926666666,-157.45601853333335,2013-11-29,3,0,45.666666666666664,118.33333333333333,,Pastick,,0.0,N,,,,,,
59.37469165,-157.44502015,2013-11-29,4,0,79.25,142.75,,Pastick,,0.0,N,,,,,,
59.37319445,-157.4375,2013-11-29,4,1,106.25,95.75,,Pastick,,0.0,N,,,,,,
58.6510185,-158.06722223333333,2013-11-29,3,1,36.666666666666664,77.33333333333333,,Pastick,,0.0,N,,,,,,
58.8676389,-157.5623611,2013-11-29,2,1,44.0,77.5,,Pastick,,0.0,N,,,,,,
59.24013885,-157.74055555,2013-11-29,2,1,76.0,121.5,,Pastick,,0.0,N,,,,,,
59.22,-157.7781944,2013-11-29,2,1,75.5,119.0,,Pastick,,0.0,N,,,,,,
58.882407400000005,-157.11231483333333,2013-11-29,3,1,55.666666666666664,70.0,,Pastick,,0.0,N,,,,,,
58.674444449999996,-158.04208334999998,2013-11-29,2,1,100.0,118.5,,Pastick,,0.0,N,,,,,,
58.77819445,-157.9426389,2013-11-29,2,1,38.5,91.5,,Pastick,,0.0,N,,,,,,
59.2336111,-157.9758333,2013-11-29,2,1,62.5,120.0,,Pastick,,0.0,N,,,,,,
58.9894444,-157.0925,2013-11-29,2,1,125.0,171.0,,Pastick,,0.0,N,,,,,,
58.9877778,-157.0858333,2013-11-29,2,0,77.5,171.0,,Pastick,,0.0,N,,,,,,
58.98930555,-157.10694445000001,2013-11-29,2,1,65.0,104.0,,Pastick,,0.0,N,,,,,,
59.15375,-157.55875,2013-11-29,2,1,33.0,82.5,,Pastick,,0.0,N,,,,,,
59.0405556,-158.02249999999998,2013-11-29,2,1,103.0,120.0,,Pastick,,0.0,N,,,,,,
59.04125,-158.000902775,2013-11-29,4,0,72.75,150.5,,Pastick,,0.0,N,,,,,,
59.55677776,-157.61016669999998,2013-11-29,5,0,106.0,154.4,,Pastick,,0.0,N,,,,,,
59.601012499999996,-157.22411805000002,2013-11-29,2,1,109.0,172.5,,Pastick,,0.0,N,,,,,,
58.6909722,-158.15944445,2013-11-29,2,1,31.5,112.0,,Pastick,,0.0,N,,,,,,
58.6952778,-158.1891667,2013-11-29,2,1,24.0,121.5,,Pastick,,0.0,N,,,,,,
58.9763889,-157.9244444,2013-11-29,2,1,48.5,120.0,,Pastick,,0.0,N,,,,,,
58.975,-157.9125,2013-11-29,2,1,28.0,112.5,,Pastick,,0.0,N,,,,,,
59.681203700000005,-158.0822222,2013-11-29,3,0,108.0,151.33333333333334,,Pastick,,0.0,N,,,,,,
59.6811111,-158.0694444,2013-11-29,2,0,101.5,150.0,,Pastick,,0.0,N,,,,,,
59.182685166666666,-158.01499996666666,2013-11-29,3,0,66.33333333333333,109.0,,Pastick,,0.0,N,,,,,,
59.20222225,-157.17833335,2013-11-29,2,0,85.0,112.5,,Pastick,,0.0,N,,,,,,
59.20375,-157.16958334999998,2013-11-29,4,0,80.0,125.5,,Pastick,,0.0,N,,,,,,
58.80069445,-157.8216667,2013-11-29,2,1,72.5,122.5,,Pastick,,0.0,N,,,,,,
58.9026389,-157.34444445,2013-11-29,2,1,101.5,186.5,,Pastick,,0.0,N,,,,,,
58.9062037,-157.36268516666667,2013-11-29,3,0,62.333333333333336,139.66666666666666,,Pastick,,0.0,N,,,,,,
58.79680555,-158.55,2013-11-29,2,0,127.5,182.5,,Pastick,,0.0,N,,,,,,
58.7976852,-158.54453703333334,2013-11-29,3,0,87.66666666666667,147.66666666666666,,Pastick,,0.0,N,,,,,,
58.80155556,-158.54944446000002,2013-11-29,5,0,77.2,125.6,,Pastick,,0.0,N,,,,,,
59.723055566666666,-157.2922222,2013-11-29,3,1,101.0,134.33333333333334,,Pastick,,0.0,N,,,,,,
59.72444446666666,-157.27592593333335,2013-11-29,3,0,90.66666666666667,173.33333333333334,,Pastick,,0.0,N,,,,,,
59.7275,-157.28444445,2013-11-29,2,0,115.0,172.5,,Pastick,,0.0,N,,,,,,
59.728194450000004,-157.26625,2013-11-29,2,1,76.0,112.5,,Pastick,,0.0,N,,,,,,
59.817499999999995,-157.03083335,2013-11-29,2,1,97.5,120.0,,Pastick,,0.0,N,,,,,,
59.7011111,-156.81236109999998,2013-11-29,2,1,66.5,82.5,,Pastick,,0.0,N,,,,,,
60.180694450000004,-157.38930555000002,2013-11-29,2,1,113.5,140.0,,Pastick,,0.0,N,,,,,,
60.166250000000005,-157.42430554999999,2013-11-29,2,1,92.5,116.5,,Pastick,,0.0,N,,,,,,
60.03458335,-157.6127778,2013-11-29,2,1,76.0,137.5,,Pastick,,0.0,N,,,,,,
59.07648146666667,-157.77703703333336,2013-11-29,3,0,105.0,136.66666666666666,,Pastick,,0.0,N,,,,,,
59.079027800000006,-157.77819445,2013-11-29,2,0,125.0,180.0,,Pastick,,0.0,N,,,,,,
60.3711111,-157.905208325,2013-11-29,4,0,97.5,120.5,,Pastick,,0.0,N,,,,,,
60.72277776666667,-154.66564816666667,2013-11-29,3,0,55.333333333333336,63.666666666666664,,Pastick,,0.0,N,,,,,,
60.0963889,-156.24925926666666,2013-11-29,3,1,64.33333333333333,75.33333333333333,,Pastick,,0.0,N,,,,,,
60.39705556,-156.15883334,2013-11-29,5,0,46.4,76.4,,Pastick,,0.0,N,,,,,,
59.8887963,-156.0200926,2013-11-29,3,0,71.66666666666667,95.0,,Pastick,,0.0,N,,,,,,
59.43430555,-157.3413889,2013-11-29,2,1,87.5,121.0,,Pastick,,0.0,N,,,,,,
59.882361149999994,-155.60194445000002,2013-11-29,2,1,49.5,116.0,,Pastick,,0.0,N,,,,,,
59.553333333333335,-157.23194443333333,2013-11-29,3,0,89.0,141.66666666666666,,Pastick,,0.0,N,,,,,,
58.9309722,-157.205,2013-11-29,2,1,71.5,47.5,,Pastick,,0.0,N,,,,,,
59.6161111,-157.36722220000001,2013-11-29,2,1,76.5,152.5,,Pastick,,0.0,N,,,,,,
59.642638899999994,-157.25625,2013-11-29,4,0,73.75,128.25,,Pastick,,0.0,N,,,,,,
59.818375,-156.984425,2013-04-08,2,1,79.5,152.0,,Pastick,,0.0,N,,,,,,
61.57876318333334,-159.58248984999997,2012-08-30,6,0,93.5,200.0,,Pastick,,0.0,N,,,,,,
61.5822717,-159.571537,2012-08-30,3,0,156.66666666666666,466.3333333333333,,Pastick,,0.0,N,,,,,,
61.56693388,-159.52678512000003,2012-08-30,5,0,111.0,161.2,,Pastick,,0.0,N,,,,,,
61.5688176,-159.51588420000002,2012-08-30,2,0,82.5,200.0,,Pastick,,0.0,N,,,,,,
61.57141756666666,-159.55124693333335,2012-08-30,3,0,150.0,200.0,,Pastick,,0.0,N,,,,,,
61.58057286666667,-159.24331064444448,2012-08-30,9,0,123.33333333333333,178.22222222222223,,Pastick,,0.0,N,,,,,,
61.58071265,-159.23727965,2012-08-30,2,0,103.5,200.0,,Pastick,,0.0,N,,,,,,
61.536203549999996,-158.6062883,2012-08-30,4,0,44.75,88.75,,Pastick,,0.0,N,,,,,,
61.5936718,-159.0170566,2012-08-30,4,0,81.0,319.5,,Pastick,,0.0,N,,,,,,
61.58195203333333,-159.94041373333334,2012-08-30,3,0,81.66666666666667,466.3333333333333,,Pastick,,0.0,N,,,,,,
61.87231250000001,-158.117167625,2012-08-30,4,0,36.25,290.25,,Pastick,,0.0,N,,,,,,
61.84963818333333,-157.60016315,2012-08-30,6,0,48.833333333333336,238.83333333333334,,Pastick,,0.0,N,,,,,,
61.85539576666667,-157.59059436666666,2012-08-30,3,0,47.0,92.33333333333333,,Pastick,,0.0,N,,,,,,
61.707586449999994,-157.1539163,2012-08-30,2,0,134.5,200.0,,Pastick,,0.0,N,,,,,,
61.70659005,-157.1393348,2012-08-30,2,0,135.5,200.0,,Pastick,,0.0,N,,,,,,
61.83332938571429,-157.61971814285715,2012-08-30,7,0,49.0,219.71428571428572,,Pastick,,0.0,N,,,,,,
61.83745295,-157.61416975,2012-08-30,2,0,84.5,100.0,,Pastick,,0.0,N,,,,,,
61.840222499999996,-157.61236365000002,2012-08-30,2,0,54.0,110.0,,Pastick,,0.0,N,,,,,,
61.8415605,-157.6106125,2012-08-30,2,0,144.5,200.0,,Pastick,,0.0,N,,,,,,
61.5991217,-159.46816224999998,2012-08-30,2,0,86.0,103.0,,Pastick,,0.0,N,,,,,,
61.58669833333334,-159.52896913333333,2012-08-30,3,0,133.33333333333334,196.66666666666666,,Pastick,,0.0,N,,,,,,
61.8566721,-158.1334623,2012-08-30,2,0,70.0,200.0,,Pastick,,0.0,N,,,,,,
61.68943935,-157.1633095,2012-08-30,2,0,94.0,175.0,,Pastick,,0.0,N,,,,,,
61.68127304285715,-157.18326074285713,2012-08-30,7,0,86.57142857142857,151.42857142857142,,Pastick,,0.0,N,,,,,,
61.67274655,-157.1923321,2012-08-30,2,0,105.0,160.0,,Pastick,,0.0,N,,,,,,
61.72790176666667,-157.14764036666668,2012-08-30,3,0,114.66666666666667,174.66666666666666,,Pastick,,0.0,N,,,,,,
61.737353799999994,-157.16455574999998,2012-08-30,8,0,91.75,170.375,,Pastick,,0.0,N,,,,,,
61.74318462,-157.2340188,2012-08-30,5,0,75.6,178.0,,Pastick,,0.0,N,,,,,,
61.734428824999995,-157.2366653,2012-08-30,4,0,92.5,162.5,,Pastick,,0.0,N,,,,,,
61.65430796666667,-157.14861961666668,2012-08-30,6,0,78.0,162.5,,Pastick,,0.0,N,,,,,,
61.78834055,-157.39402404999998,2012-08-30,2,0,100.0,117.0,,Pastick,,0.0,N,,,,,,
61.7776758,-157.38616274999998,2012-08-30,2,0,47.0,71.5,,Pastick,,0.0,N,,,,,,
61.8337504,-157.56483405,2012-08-30,2,0,84.0,147.5,,Pastick,,0.0,N,,,,,,
61.824340199999995,-157.5720707,2013-01-23,2,0,46.5,75.0,,Pastick,,0.0,N,,,,,,
61.864799250000004,-157.6611657,2012-08-30,2,0,60.0,93.5,,Pastick,,0.0,N,,,,,,
61.9000617,-157.7964212,2012-08-30,2,0,64.5,64.5,,Pastick,,0.0,N,,,,,,
61.904392650000005,-157.7968411,2012-08-30,2,0,73.5,95.0,,Pastick,,0.0,N,,,,,,
61.8517255875,-157.62867091249998,2012-08-30,8,0,93.875,140.0,,Pastick,,0.0,N,,,,,,
61.81155570000001,-156.48908566666668,2012-08-30,3,0,101.66666666666667,163.33333333333334,,Pastick,,0.0,N,,,,,,
61.82200025,-156.4886974,2012-08-30,2,0,150.0,200.0,,Pastick,,0.0,N,,,,,,
61.79003795,-156.6919841,2012-08-30,2,0,51.5,130.0,,Pastick,,0.0,N,,,,,,
61.80782919999999,-156.69466303333334,2012-08-30,3,0,54.333333333333336,193.33333333333334,,Pastick,,0.0,N,,,,,,
61.7075086,-156.95611315,2012-08-30,2,0,70.5,569.5,,Pastick,,0.0,N,,,,,,
61.787434250000004,-156.5992259,2012-08-30,4,0,51.5,123.75,,Pastick,,0.0,N,,,,,,
61.781782050000004,-156.605864,2012-08-30,2,0,150.0,180.0,,Pastick,,0.0,N,,,,,,
61.7764578,-156.60775725000002,2012-08-30,2,0,84.0,175.0,,Pastick,,0.0,N,,,,,,
61.8413099,-158.10651485,2012-08-30,2,0,27.0,200.0,,Pastick,,0.0,N,,,,,,
61.5983827,-159.41188015,2012-08-30,2,0,79.5,134.5,,Pastick,,0.0,N,,,,,,
61.76964944,-157.35866668,2012-08-30,5,0,91.4,108.8,,Pastick,,0.0,N,,,,,,
61.87608723333333,-157.67736106666666,2012-08-30,3,0,33.666666666666664,112.66666666666667,,Pastick,,0.0,N,,,,,,
61.79310445,-156.51102705,2012-08-30,2,0,92.5,200.0,,Pastick,,0.0,N,,,,,,
61.7755399,-156.77333845,2012-08-30,4,0,70.25,200.0,,Pastick,,0.0,N,,,,,,
61.804677999999996,-157.51163975,2013-01-23,2,0,113.5,200.0,,Pastick,,0.0,N,,,,,,
61.80018295,-157.3665599,2012-08-30,2,0,58.0,100.0,,Pastick,,0.0,N,,,,,,
61.769908,-156.76030985,2012-08-30,2,0,113.0,175.0,,Pastick,,0.0,N,,,,,,
61.7860555,-156.77717245000002,2012-08-30,2,0,113.0,200.0,,Pastick,,0.0,N,,,,,,
61.765744075,-157.250351825,2012-08-30,4,0,61.5,165.0,,Pastick,,0.0,N,,,,,,
61.7192384,-157.1992228,2012-08-30,2,0,83.0,200.0,,Pastick,,0.0,N,,,,,,
61.89502775,-157.75631505,2012-08-30,2,0,125.0,200.0,,Pastick,,0.0,N,,,,,,
61.805394050000004,-156.45677945,2012-08-30,2,0,125.0,200.0,,Pastick,,0.0,N,,,,,,
61.7650254,-156.52178930000002,2012-08-30,2,0,50.5,100.0,,Pastick,,0.0,N,,,,,,
61.768838599999995,-156.5325353,2012-08-30,2,0,110.5,150.0,,Pastick,,0.0,N,,,,,,
61.7353212,-156.8203499,2012-08-30,2,0,75.5,200.0,,Pastick,,0.0,N,,,,,,
61.775476825000005,-156.560209825,2012-08-30,4,0,102.25,170.0,,Pastick,,0.0,N,,,,,,
61.7743859,-156.54863475000002,2012-08-30,2,0,81.0,200.0,,Pastick,,0.0,N,,,,,,
61.599999100000005,-159.43065330000002,2012-08-30,2,0,182.5,200.0,,Pastick,,0.0,N,,,,,,
61.788926599999996,-157.32288225,2012-08-30,2,0,81.0,142.0,,Pastick,,0.0,N,,,,,,
62.205440905654335,-159.7882254843382,2011-07-22,7,0,111.33333333333333,139.28571428571428,,Pastick,,1.2857142857142858,N,,,,,,
62.20573823552368,-159.7820102509625,2008-01-25,6,0,93.33333333333333,104.16666666666667,,Pastick,2.0,6.666666666666667,N,,,,,,
62.132766308246175,-159.7371792689423,2008-01-24,2,0,46.0,195.0,,Pastick,,2.5,N,,,,,,
62.185730639879566,-159.81405665972298,2010-12-26,5,0,65.0,122.8,,Pastick,,2.0,N,,,,,,
62.18777398956181,-159.79587324872966,2009-08-07,3,0,98.5,173.33333333333334,,Pastick,,56.666666666666664,N,,,,,,
62.05100356666667,-160.0545941,2012-08-30,3,0,140.0,160.0,,Pastick,,0.0,N,,,,,,
62.10078454801511,-160.0349075041283,2008-12-06,7,0,118.75,187.14285714285714,,Pastick,,4.0,N,,,,,,
62.10483946666667,-160.05435536666667,2012-08-30,3,0,140.0,160.0,,Pastick,,0.0,N,,,,,,
62.1104311,-160.0627291,2012-08-30,2,0,140.0,160.0,,Pastick,,0.0,N,,,,,,
62.114081206350306,-160.0748790530609,2009-04-27,8,0,76.0,103.75,,Pastick,,11.125,N,,,,,,
62.083588561368416,-160.07927512068693,2008-01-28,2,0,85.0,200.0,,Pastick,,4.0,N,,,,,,
62.14280785,-159.77686895,2012-08-30,2,0,140.0,160.0,,Pastick,,0.0,N,,,,,,
62.0732964966572,-159.86960564219817,2009-08-09,3,0,135.0,193.33333333333334,,Pastick,,1.0,N,,,,,,
62.3163665499466,-159.99011821389809,2008-02-05,2,0,100.0,160.0,,Pastick,,0.0,N,,,,,,
62.298220799999996,-160.0696954,2012-08-30,2,0,180.0,200.0,,Pastick,,0.0,N,,,,,,
62.2012072,-160.1324268,2012-08-30,4,0,146.25,166.25,,Pastick,,0.0,N,,,,,,
62.2216679,-160.0876518,2012-08-30,2,0,40.0,60.0,,Pastick,,0.0,N,,,,,,
62.15700978978815,-159.6572904929289,2010-05-19,4,0,105.66666666666667,180.0,,Pastick,,5.75,N,,,,,,
62.645073675,-159.546394475,2012-08-30,4,0,125.0,145.0,,Pastick,,0.0,N,,,,,,
62.54218583333333,-159.5382843,2012-08-30,3,0,83.33333333333333,103.33333333333333,,Pastick,,0.0,N,,,,,,
62.54583143503069,-159.54061331941915,2008-02-09,2,0,95.0,115.0,,Pastick,,5.0,N,,,,,,
62.29463615,-159.92767435000002,2012-08-30,2,0,105.0,125.0,,Pastick,,0.0,N,,,,,,
62.2983769,-159.934095,2012-08-30,2,0,140.0,155.0,,Pastick,,0.0,N,,,,,,
62.49787117521677,-160.31879113505326,2009-08-17,3,0,101.5,95.33333333333333,,Pastick,,5.666666666666667,N,,,,,,
62.5033707,-160.31479255,2012-08-30,2,0,140.0,160.0,,Pastick,,0.0,N,,,,,,
62.401385875,-160.067191125,2012-08-30,4,0,140.0,160.0,,Pastick,,0.0,N,,,,,,
62.40474176,-160.08839196000002,2012-08-30,5,0,128.0,148.0,,Pastick,,0.0,N,,,,,,
61.978238899999994,-160.47463119999998,2012-08-30,2,0,140.0,160.0,,Pastick,,0.0,N,,,,,,
61.96132623333333,-160.47496243333333,2012-08-30,3,0,56.666666666666664,76.66666666666667,,Pastick,,0.0,N,,,,,,
61.8213249,-160.1120511,2012-08-30,2,0,65.0,85.0,,Pastick,,0.0,N,,,,,,
61.91839505,-160.34975745000003,2012-08-30,2,0,140.0,160.0,,Pastick,,0.0,N,,,,,,
61.99230686666667,-160.4344152,2012-08-30,3,0,106.66666666666667,126.66666666666667,,Pastick,,0.0,N,,,,,,
61.996138275,-160.44395419999998,2012-08-30,4,0,97.5,117.5,,Pastick,,0.0,N,,,,,,
61.90635503722787,-159.95878093024717,2010-05-27,4,0,144.0,175.0,,Pastick,,47.5,N,,,,,,
61.914371260815194,-159.95548285856884,2008-02-22,2,0,125.0,190.0,,Pastick,,4.5,N,,,,,,
61.9292971,-159.7603181,2012-08-30,2,0,90.0,110.0,,Pastick,,0.0,N,,,,,,
61.914377650000006,-160.66175365,2012-08-30,2,0,155.0,170.0,,Pastick,,0.0,N,,,,,,
61.92050209634448,-160.66341808777634,2009-08-25,3,0,166.0,193.33333333333334,,Pastick,,3.0,N,,,,,,
61.97458853333333,-160.8968796,2012-08-30,3,0,118.33333333333333,138.33333333333334,,Pastick,,0.0,N,,,,,,
61.97819620754173,-160.90176590524618,2009-01-18,5,0,76.33333333333333,108.0,,Pastick,,2.2,N,,,,,,
62.755647466666666,-160.1199268,2012-08-30,3,0,106.66666666666667,126.66666666666667,,Pastick,,0.0,N,,,,,,
62.74988945,-160.1703518,2012-08-30,2,0,140.0,160.0,,Pastick,,0.0,N,,,,,,
62.68473153736656,-160.20564090748562,2009-08-27,3,0,150.0,180.0,,Pastick,,1.6666666666666667,N,,,,,,
62.69418625,-160.24600055000002,2012-08-30,4,0,115.0,135.0,,Pastick,,0.0,N,,,,,,
62.699604699999995,-160.249688,2012-08-30,2,0,140.0,160.0,,Pastick,,0.0,N,,,,,,
62.656611049999995,-160.19653935000002,2012-08-30,2,0,140.0,160.0,,Pastick,,0.0,N,,,,,,
62.64560879999999,-160.2032945,2012-08-30,3,0,140.0,156.66666666666666,,Pastick,,0.0,N,,,,,,
62.668705,-160.21869900000002,2012-08-30,2,0,140.0,160.0,,Pastick,,0.0,N,,,,,,
62.661260049999996,-160.30049115,2012-08-30,2,0,130.0,145.0,,Pastick,,0.0,N,,,,,,
62.91268592159166,-160.06840567567855,2008-03-05,2,0,140.0,175.0,,Pastick,,4.0,N,,,,,,
62.910878266666664,-160.06213236666665,2013-02-21,3,0,130.0,180.0,,Pastick,,0.0,N,,,,,,
62.88338964,-160.0740264,2012-08-30,5,0,120.0,140.0,,Pastick,,0.0,N,,,,,,
62.90044845,-160.06750365,2012-08-30,2,0,140.0,160.0,,Pastick,,0.0,N,,,,,,
62.9174862,-160.084485,2012-08-30,2,0,115.0,135.0,,Pastick,,0.0,N,,,,,,
62.92926153984786,-160.10584533680378,2010-08-14,4,0,57.333333333333336,73.75,,Pastick,,2.0,N,,,,,,
62.07337047500803,-159.84768485190318,2008-01-28,2,0,90.0,200.0,,Pastick,,2.0,N,,,,,,
62.23180483587105,-160.0856816796163,2009-08-14,6,0,99.5,129.33333333333334,,Pastick,,3.8333333333333335,N,,,,,,
61.543106800000004,-158.8473756,2012-08-30,2,0,74.0,102.0,,Pastick,,0.0,N,,,,,,
61.54889165,-158.8505363,2012-08-30,2,0,36.0,140.0,,Pastick,,0.0,N,,,,,,
61.32757625,-160.57278904999998,2012-08-30,2,0,43.0,130.0,,Pastick,,0.0,N,,,,,,
61.3358406,-160.5813899,2012-08-30,2,0,80.0,130.0,,Pastick,,0.0,N,,,,,,
61.458977759999996,-160.63969279999998,2012-08-30,5,0,172.4,198.0,,Pastick,,0.0,N,,,,,,
61.4622954,-160.6432133,2012-08-30,2,0,135.0,195.0,,Pastick,,0.0,N,,,,,,
61.42957523333333,-160.5776247,2012-08-30,3,0,116.66666666666667,200.0,,Pastick,,0.0,N,,,,,,
61.43332825,-160.57906735,2012-08-30,2,0,135.0,200.0,,Pastick,,0.0,N,,,,,,
61.472990225000004,-160.383562725,2012-08-30,4,0,140.0,160.0,,Pastick,,0.0,N,,,,,,
61.49018676666666,-160.4490375,2012-08-30,3,0,150.0,170.0,,Pastick,,0.0,N,,,,,,
61.386632199999994,-160.57749695,2012-08-30,2,0,140.0,160.0,,Pastick,,0.0,N,,,,,,
61.4920447,-160.12300885000002,2012-08-30,2,0,165.0,185.0,,Pastick,,0.0,N,,,,,,
61.497688933333336,-160.13116496666666,2012-08-30,3,0,144.0,163.33333333333334,,Pastick,,0.0,N,,,,,,
61.50152193333333,-160.13593216666666,2012-08-30,3,0,106.66666666666667,126.66666666666667,,Pastick,,0.0,N,,,,,,
61.56727063333333,-160.34046873333332,2012-08-30,3,0,103.33333333333333,123.33333333333333,,Pastick,,0.0,N,,,,,,
61.7091866,-158.24548479999999,2012-08-30,4,0,111.5,172.5,,Pastick,,0.0,N,,,,,,
61.70679855,-158.2385741,2012-08-30,2,0,48.5,100.0,,Pastick,,0.0,N,,,,,,
61.68079055,-158.20067665,2012-08-30,2,0,65.5,113.0,,Pastick,,0.0,N,,,,,,
61.6589082,-158.27660155,2012-08-30,2,0,50.5,200.0,,Pastick,,0.0,N,,,,,,
61.322023625,-157.17995424999998,2012-08-30,4,0,53.5,66.5,,Pastick,,0.0,N,,,,,,
61.311696999999995,-157.21208515,2012-08-30,2,0,64.5,150.0,,Pastick,,0.0,N,,,,,,
61.351549899999995,-157.0797999,2012-08-30,2,0,84.0,200.0,,Pastick,,0.0,N,,,,,,
61.35377595,-157.0998534,2012-08-30,2,0,132.5,200.0,,Pastick,,0.0,N,,,,,,
61.3549528,-157.11407165,2012-08-30,2,0,85.5,137.5,,Pastick,,0.0,N,,,,,,
61.522296600000004,-156.94657975,2012-08-30,2,0,141.0,175.0,,Pastick,,0.0,N,,,,,,
61.52675875,-156.93668380000003,2012-08-30,2,0,117.5,200.0,,Pastick,,0.0,N,,,,,,
61.374241940000005,-157.0344849,2012-08-30,5,0,80.8,176.0,,Pastick,,0.0,N,,,,,,
61.437734266666666,-157.04795046666666,2012-08-30,3,0,126.66666666666667,200.0,,Pastick,,0.0,N,,,,,,
61.779670183346454,-159.6729616113826,2008-08-23,2,0,50.0,65.0,,Pastick,,25.0,N,,,,,,
61.78441265516036,-159.6701690988194,2007-04-21,3,0,56.0,183.33333333333334,,Pastick,,48.0,N,,,,,,
61.7835393759256,-159.6618795797135,2008-08-23,2,0,130.0,150.0,,Pastick,,0.0,N,,,,,,
60.99383605,-158.97737375,2012-08-30,2,0,58.0,88.5,,Pastick,,0.0,N,,,,,,
61.46202096666667,-157.4049838,2012-08-30,3,0,40.0,369.6666666666667,,Pastick,,0.0,N,,,,,,
61.449856749999995,-157.37984,2012-08-30,2,0,40.5,107.5,,Pastick,,0.0,N,,,,,,
61.14166575,-157.80305049999998,2012-08-30,2,0,112.5,599.5,,Pastick,,0.0,N,,,,,,
61.143097350000005,-157.77688915,2012-08-30,2,0,71.0,112.5,,Pastick,,0.0,N,,,,,,
61.36007273333333,-157.8188437,2012-08-30,3,0,103.33333333333333,126.66666666666667,,Pastick,,0.0,N,,,,,,
61.1921799,-158.5700959,2012-08-30,2,0,29.5,62.5,,Pastick,,0.0,N,,,,,,
61.1837366,-158.5673749,2012-08-30,2,0,55.0,125.0,,Pastick,,0.0,N,,,,,,
61.16544385,-158.5574959,2012-08-30,2,0,46.0,529.5,,Pastick,,0.0,N,,,,,,
61.17128785,-158.56147585,2012-08-30,2,0,40.0,574.5,,Pastick,,0.0,N,,,,,,
61.15850845,-158.56026880000002,2012-08-30,2,0,48.0,999.0,,Pastick,,0.0,N,,,,,,
61.70099313333333,-158.33672676666666,2012-08-30,3,0,54.666666666666664,401.3333333333333,,Pastick,,0.0,N,,,,,,
61.7095835,-158.3300741,2012-08-30,2,0,63.5,535.5,,Pastick,,0.0,N,,,,,,
61.71467615,-158.3269275,2012-08-30,2,0,73.0,574.5,,Pastick,,0.0,N,,,,,,
61.71929325,-158.32566335,2012-08-30,2,0,57.5,999.0,,Pastick,,0.0,N,,,,,,
61.91724965143581,-159.0363065396786,2008-08-28,2,0,52.0,84.0,,Pastick,,1.0,N,,,,,,
61.86172905,-158.4830093,2012-08-30,2,0,72.5,544.5,,Pastick,,0.0,N,,,,,,
61.71718535,-159.1531815,2012-08-30,2,0,62.5,140.0,,Pastick,,0.0,N,,,,,,
61.725577599999994,-159.1460326,2012-08-30,2,0,52.5,92.5,,Pastick,,0.0,N,,,,,,
61.871310550000004,-158.475528,2012-08-30,2,0,110.0,200.0,,Pastick,,0.0,N,,,,,,
61.79780685572305,-159.02835126530107,2008-08-28,2,0,90.0,120.0,,Pastick,,10.5,N,,,,,,
61.79915715186195,-159.04733895073448,2008-08-28,2,0,65.0,120.0,,Pastick,,12.5,N,,,,,,
61.80587920796465,-159.05171273595738,2008-08-28,2,0,85.0,92.5,,Pastick,,6.0,N,,,,,,
61.81134392171784,-159.05724365249375,2008-08-28,2,0,70.0,110.0,,Pastick,,6.0,N,,,,,,
61.81846762645191,-159.06591150748613,2008-08-28,2,0,152.0,200.0,,Pastick,,19.5,N,,,,,,
61.82597031873304,-159.069705450561,2008-08-28,2,0,152.0,200.0,,Pastick,,18.5,N,,,,,,
61.57890005,-158.1252245,2012-08-30,2,0,68.0,82.0,,Pastick,,0.0,N,,,,,,
61.1403417,-159.95212755,2012-08-30,2,0,95.0,150.0,,Pastick,,0.0,N,,,,,,
61.150236899999996,-159.8023704,2012-08-30,2,0,94.5,150.0,,Pastick,,0.0,N,,,,,,
61.1401702,-159.7684502,2012-08-30,3,0,65.66666666666667,150.0,,Pastick,,0.0,N,,,,,,
61.19325965,-159.2015184,2012-08-30,2,0,46.0,150.0,,Pastick,,0.0,N,,,,,,
61.1964784,-159.15599590000002,2012-08-30,3,0,86.0,150.0,,Pastick,,0.0,N,,,,,,
61.47736985,-160.5647657,2012-08-30,2,0,155.0,175.0,,Pastick,,0.0,N,,,,,,
61.4818773,-160.56124575,2012-08-30,2,0,133.0,180.0,,Pastick,,0.0,N,,,,,,
61.4181724,-160.576657175,2012-08-30,4,0,105.25,190.0,,Pastick,,0.0,N,,,,,,
61.40123385,-160.61222800000002,2012-08-30,2,0,140.0,160.0,,Pastick,,0.0,N,,,,,,
61.45605,-160.21421345,2012-08-30,2,0,147.0,180.0,,Pastick,,0.0,N,,,,,,
61.4618077,-160.2184532,2012-08-30,2,0,40.0,60.0,,Pastick,,0.0,N,,,,,,
61.46641275,-160.22805415,2012-08-30,2,0,155.0,175.0,,Pastick,,0.0,N,,,,,,
61.561711533333344,-160.32958646666668,2012-08-30,3,0,40.0,60.0,,Pastick,,0.0,N,,,,,,
61.735453,-158.1497129,2012-08-30,2,0,75.0,85.0,,Pastick,,0.0,N,,,,,,
61.73334786666666,-158.1348965666667,2012-08-30,3,0,76.66666666666667,123.33333333333333,,Pastick,,0.0,N,,,,,,
61.72694855,-158.135631,2012-08-30,2,0,41.0,70.0,,Pastick,,0.0,N,,,,,,
61.6376236,-158.26917355,2012-08-30,2,0,55.0,75.0,,Pastick,,0.0,N,,,,,,
61.645935825,-158.2894656,2012-08-30,4,0,57.25,170.0,,Pastick,,0.0,N,,,,,,
61.313476550000004,-157.18747775,2012-08-30,2,0,63.5,569.5,,Pastick,,0.0,N,,,,,,
61.422040550000006,-157.05678165,2012-08-30,2,0,100.5,200.0,,Pastick,,0.0,N,,,,,,
61.41872305,-157.07929095,2012-08-30,2,0,95.0,249.5,,Pastick,,0.0,N,,,,,,
61.414200699999995,-157.0852844,2012-08-30,2,0,95.0,200.0,,Pastick,,0.0,N,,,,,,
61.5186176,-157.00058593333335,2012-08-30,3,0,93.0,193.33333333333334,,Pastick,,0.0,N,,,,,,
61.5230157,-157.00043805,2012-08-30,2,0,142.5,200.0,,Pastick,,0.0,N,,,,,,
61.377541775,-157.0447343,2012-08-30,4,0,136.25,175.0,,Pastick,,0.0,N,,,,,,
61.44547033333333,-157.05200613333332,2012-08-30,3,0,146.66666666666666,196.66666666666666,,Pastick,,0.0,N,,,,,,
61.757189741817264,-159.87814000607585,2008-08-23,4,0,34.0,75.0,,Pastick,,5.75,N,,,,,,
61.76292717572582,-159.87871085544413,2008-08-23,4,0,62.0,66.0,,Pastick,,3.0,N,,,,,,
61.77002878796205,-159.86805466226548,2008-08-23,2,0,50.0,70.0,,Pastick,,3.0,N,,,,,,
61.77061917567901,-159.83574513775167,2007-04-22,3,0,50.0,76.66666666666667,,Pastick,,4.333333333333333,N,,,,,,
61.77519586601951,-159.81211405817695,2007-04-22,3,0,60.0,141.66666666666666,,Pastick,,8.0,N,,,,,,
61.359179999999995,-158.939868,2012-08-30,2,0,41.5,72.0,,Pastick,,0.0,N,,,,,,
61.431922400000005,-157.60201189999998,2012-08-30,2,0,43.0,77.5,,Pastick,,0.0,N,,,,,,
61.43722425,-157.59894335,2012-08-30,2,0,32.5,72.5,,Pastick,,0.0,N,,,,,,
61.4228301,-157.6084629,2012-08-30,2,0,47.0,84.0,,Pastick,,0.0,N,,,,,,
61.28102345,-157.4736573,2012-08-30,2,0,33.5,62.5,,Pastick,,0.0,N,,,,,,
61.1059323,-158.4527708,2012-08-30,2,0,42.5,88.5,,Pastick,,0.0,N,,,,,,
61.11443475,-158.45507325,2012-08-30,2,0,67.5,125.0,,Pastick,,0.0,N,,,,,,
61.687897275,-158.53311605,2012-08-30,4,0,63.5,91.25,,Pastick,,0.0,N,,,,,,
61.89862430156991,-159.1819707430656,2008-08-28,2,0,61.0,80.0,,Pastick,,4.0,N,,,,,,
61.89471515212706,-159.17127359027063,2008-08-28,2,0,54.0,70.0,,Pastick,,6.0,N,,,,,,
61.8890901349846,-159.1610457669175,2008-08-28,2,0,70.0,150.0,,Pastick,,8.5,N,,,,,,
61.88320334695794,-159.15140998031592,2008-08-28,2,0,67.0,102.0,,Pastick,,3.5,N,,,,,,
61.87634629295654,-159.13744753398066,2008-08-28,4,0,52.0,87.5,,Pastick,,4.75,N,,,,,,
61.870402913086664,-159.12412227464594,2008-08-28,2,0,46.0,70.0,,Pastick,,7.5,N,,,,,,
61.634478349999995,-158.69351125,2012-08-30,2,0,74.5,92.5,,Pastick,,0.0,N,,,,,,
61.640139,-158.69575733333332,2012-08-30,3,0,39.666666666666664,61.666666666666664,,Pastick,,0.0,N,,,,,,
61.51193655,-158.2655476,2012-08-30,2,0,42.5,62.5,,Pastick,,0.0,N,,,,,,
61.5018101,-158.2589666,2012-08-30,2,0,53.0,117.5,,Pastick,,0.0,N,,,,,,
62.16022835,-160.61760185,2012-08-30,2,0,146.0,181.0,,Pastick,,0.0,N,,,,,,
62.16193575,-160.59657475,2012-08-30,2,0,101.5,182.0,,Pastick,,0.0,N,,,,,,
61.620202649999996,-159.95326355,2012-08-30,2,0,66.0,89.5,,Pastick,,0.0,N,,,,,,
61.4607917,-158.5866535,2012-08-30,2,0,92.5,113.5,,Pastick,,0.0,N,,,,,,
60.994835800000004,-158.9098338,2012-08-30,2,0,80.0,130.0,,Pastick,,0.0,N,,,,,,
60.99232615,-158.8755334,2012-08-30,2,0,68.5,88.5,,Pastick,,0.0,N,,,,,,
61.8860226,-159.26509944999998,2012-08-30,2,0,52.5,73.0,,Pastick,,0.0,N,,,,,,
61.06918374999999,-156.69787835,2012-08-30,2,0,93.5,123.5,,Pastick,,0.0,N,,,,,,
61.24540585,-156.54775855,2012-08-30,2,0,126.0,192.0,,Pastick,,0.0,N,,,,,,
61.01714445,-157.47356195,2012-08-30,2,0,64.5,144.0,,Pastick,,0.0,N,,,,,,
61.3636257,-156.19696620000002,2012-08-30,2,0,130.0,192.0,,Pastick,,0.0,N,,,,,,
61.965626549999996,-156.756205,2012-08-30,2,0,57.5,152.0,,Pastick,,0.0,N,,,,,,
61.974347800000004,-156.7557261,2012-08-30,2,0,100.0,172.0,,Pastick,,0.0,N,,,,,,
61.979898649999996,-156.7546785,2012-08-30,2,0,52.5,97.5,,Pastick,,0.0,N,,,,,,
61.7628348,-156.2611404,2012-08-30,2,0,72.5,192.0,,Pastick,,0.0,N,,,,,,
62.66435575,-160.32604394999998,2012-08-30,2,0,162.5,200.0,,Pastick,,0.0,N,,,,,,
62.665255300000005,-160.316642,2012-12-05,3,0,159.0,200.0,,Pastick,,0.0,N,,,,,,
62.49342035,-160.58173275000001,2012-08-30,2,0,110.0,200.0,,Pastick,,0.0,N,,,,,,
62.496804850000004,-160.59320079999998,2012-08-30,2,0,72.5,126.0,,Pastick,,0.0,N,,,,,,
62.5192206,-160.43690855,2012-08-30,2,0,85.5,200.0,,Pastick,,0.0,N,,,,,,
62.50284105,-160.4477799,2012-08-30,2,0,122.5,200.0,,Pastick,,0.0,N,,,,,,
62.2016737,-160.15559195,2013-01-23,2,0,122.0,185.0,,Pastick,,0.0,N,,,,,,
61.497775,-156.50328985,2012-08-30,2,0,38.5,152.0,,Pastick,,0.0,N,,,,,,
61.1217246,-156.34893255,2012-08-30,2,0,59.5,151.0,,Pastick,,0.0,N,,,,,,
61.12688165,-156.34600204999998,2012-08-30,2,0,66.5,151.0,,Pastick,,0.0,N,,,,,,
61.13595255,-156.34659675,2012-08-30,2,0,81.5,151.0,,Pastick,,0.0,N,,,,,,
61.32194895,-156.92721154999998,2012-08-30,2,0,59.0,152.0,,Pastick,,0.0,N,,,,,,
61.331762049999995,-156.83350869999998,2012-08-30,2,0,57.0,151.0,,Pastick,,0.0,N,,,,,,
61.18144595,-157.38866000000002,2012-08-30,2,0,111.0,152.0,,Pastick,,0.0,N,,,,,,
61.1697568,-157.4070586,2012-08-30,2,0,89.0,151.0,,Pastick,,0.0,N,,,,,,
61.385002150000005,-156.427634,2012-08-30,2,0,112.0,151.0,,Pastick,,0.0,N,,,,,,
61.390198749999996,-156.37477305,2012-08-30,2,0,52.5,152.0,,Pastick,,0.0,N,,,,,,
61.3923678,-156.3469905,2012-08-30,2,0,119.0,151.0,,Pastick,,0.0,N,,,,,,
61.483009300000006,-156.82032535,2012-08-30,2,0,140.0,151.0,,Pastick,,0.0,N,,,,,,
61.9468935,-156.4044208,2012-08-30,2,0,124.0,152.0,,Pastick,,0.0,N,,,,,,
61.32035223333333,-158.17080196666666,2012-08-30,3,0,91.66666666666667,121.66666666666667,,Pastick,,0.0,N,,,,,,
60.9598893,-158.6632743,2012-08-30,2,0,38.5,72.0,,Pastick,,0.0,N,,,,,,
60.972262175,-158.68511734999998,2012-08-30,4,0,73.75,100.0,,Pastick,,0.0,N,,,,,,
62.66695335,-160.3408124,2012-08-30,2,0,78.0,110.0,,Pastick,,0.0,N,,,,,,
62.6719023,-160.34101665,2012-08-30,2,0,92.5,177.5,,Pastick,,0.0,N,,,,,,
64.80655920000001,-165.56381575,2012-08-30,2,0,66.0,150.0,,Pastick,,0.0,N,,,,,,
64.76335660000001,-165.49207475,2012-08-30,2,0,70.5,152.0,,Pastick,,0.0,N,,,,,,
64.7648038,-165.47896244999998,2012-08-30,2,0,81.0,150.0,,Pastick,,0.0,N,,,,,,
64.7653873,-165.4690609,2012-08-30,2,0,99.0,151.0,,Pastick,,0.0,N,,,,,,
64.7577931,-165.46947556666666,2012-08-30,3,0,92.0,150.0,,Pastick,,0.0,N,,,,,,
64.757285,-165.54989485,2012-08-30,2,0,65.5,150.0,,Pastick,,0.0,N,,,,,,
59.34240739999999,-157.48379633333334,2013-11-29,3,0,79.0,123.0,,Pastick,,0.0,N,,,,,,
59.3475,-157.48597225,2013-11-29,2,0,73.5,94.5,,Pastick,,0.0,N,,,,,,
59.351203700000006,-157.47935183333334,2013-11-29,3,0,84.66666666666667,109.33333333333333,,Pastick,,0.0,N,,,,,,
59.35666665,-157.47638885,2013-11-29,2,0,84.0,89.0,,Pastick,,0.0,N,,,,,,
59.3583468,-157.4728925,2014-01-03,2,0,120.0,135.0,,Pastick,,0.0,N,,,,,,
59.359722233333336,-157.48898146666667,2013-11-29,3,0,43.333333333333336,81.66666666666667,,Pastick,,0.0,N,,,,,,
59.35944443333333,-157.47833333333332,2013-11-29,3,0,50.666666666666664,112.66666666666667,,Pastick,,0.0,N,,,,,,
59.0394444,-157.9919444,2013-11-29,2,0,38.0,100.0,,Pastick,,0.0,N,,,,,,
59.5569444,-157.5994444,2013-11-29,2,0,110.0,190.0,,Pastick,,0.0,N,,,,,,
59.5655556,-157.5369444,2013-11-29,2,0,22.0,183.0,,Pastick,,0.0,N,,,,,,
59.800222240000004,-157.52338888000003,2013-11-29,5,0,127.0,168.4,,Pastick,,0.0,N,,,,,,
59.0791667,-157.3672222,2013-11-29,2,0,80.0,105.0,,Pastick,,0.0,N,,,,,,
59.0622222,-158.4622222,2013-11-29,2,0,30.0,183.0,,Pastick,,0.0,N,,,,,,
59.058611150000004,-158.45749999999998,2013-11-29,2,0,30.0,183.0,,Pastick,,0.0,N,,,,,,
59.063472225,-158.4604861,2013-11-29,4,0,149.0,183.0,,Pastick,,0.0,N,,,,,,
59.06962962222222,-158.46413582222223,2013-11-29,9,0,69.77777777777777,146.11111111111111,,Pastick,,0.0,N,,,,,,
59.0691667,-158.4463889,2013-11-29,2,0,120.0,152.5,,Pastick,,0.0,N,,,,,,
59.07238892,-158.4657778,2013-11-29,5,0,124.6,168.2,,Pastick,,0.0,N,,,,,,
59.073148133333326,-158.45287036666667,2013-11-29,3,0,117.33333333333333,149.33333333333334,,Pastick,,0.0,N,,,,,,
59.0727778,-158.4502778,2013-11-29,2,0,95.0,171.5,,Pastick,,0.0,N,,,,,,
58.85652775,-157.85166665,2013-11-29,4,0,114.0,145.0,,Pastick,,0.0,N,,,,,,
59.0679167,-158.1901389,2013-11-29,4,0,115.0,190.0,,Pastick,,0.0,N,,,,,,
59.04996034285715,-158.51091272857144,2013-11-29,7,0,111.71428571428571,169.57142857142858,,Pastick,,0.0,N,,,,,,
59.05370369999999,-158.50916666666666,2013-11-29,3,0,64.0,133.33333333333334,,Pastick,,0.0,N,,,,,,
59.55833332500001,-157.7811111,2013-11-29,4,0,121.25,170.0,,Pastick,,0.0,N,,,,,,
59.043333325,-158.56652780000002,2013-11-29,4,0,150.0,182.5,,Pastick,,0.0,N,,,,,,
59.0391667,-158.5547222,2013-11-29,2,0,130.0,170.0,,Pastick,,0.0,N,,,,,,
59.0330556,-158.5413889,2013-11-29,2,0,125.0,190.0,,Pastick,,0.0,N,,,,,,
59.04314816666667,-158.54083333333332,2013-11-29,3,0,106.66666666666667,190.0,,Pastick,,0.0,N,,,,,,
58.6355556,-158.0694444,2013-11-29,2,0,170.0,183.0,,Pastick,,0.0,N,,,,,,
59.1966667,-158.1136111,2013-11-29,2,0,150.0,183.0,,Pastick,,0.0,N,,,,,,
59.2233333,-158.2166667,2013-11-29,2,0,170.0,175.0,,Pastick,,0.0,N,,,,,,
59.2230556,-158.2011111,2013-11-29,2,0,92.0,105.0,,Pastick,,0.0,N,,,,,,
59.22675926666667,-158.17898146666667,2013-11-29,3,0,65.66666666666667,110.0,,Pastick,,0.0,N,,,,,,
58.8875,-158.4044444,2013-11-29,2,0,95.0,150.0,,Pastick,,0.0,N,,,,,,
59.258263875000004,-157.48597220000002,2013-11-29,4,0,58.25,131.5,,Pastick,,0.0,N,,,,,,
59.059652799999995,-158.500833325,2013-11-29,4,0,109.0,183.0,,Pastick,,0.0,N,,,,,,
59.064106333333335,-158.50452956666666,2013-12-22,3,0,141.66666666666666,185.33333333333334,,Pastick,,0.0,N,,,,,,
59.84375,-160.02347225,2013-12-13,2,0,72.5,105.0,,Pastick,,0.0,N,,,,,,
59.849999966666665,-160.02731483333332,2013-12-13,3,0,41.666666666666664,76.66666666666667,,Pastick,,0.0,N,,,,,,
59.87493055,-160.0196528,2013-12-13,4,0,41.75,88.75,,Pastick,,0.0,N,,,,,,
59.8731944,-160.04222225,2013-12-13,2,0,76.5,113.5,,Pastick,,0.0,N,,,,,,
59.77777775,-159.85486115,2013-12-13,2,0,52.5,90.0,,Pastick,,0.0,N,,,,,,
59.789777779999994,-159.8197222,2013-12-13,5,0,47.2,117.8,,Pastick,,0.0,N,,,,,,
59.77777776666667,-159.80703703333333,2013-12-13,3,0,40.666666666666664,78.33333333333333,,Pastick,,0.0,N,,,,,,
59.56680555,-159.39611109999998,2013-12-13,2,0,72.5,120.0,,Pastick,,0.0,N,,,,,,
59.55805555,-159.39625,2013-12-13,2,0,43.0,75.0,,Pastick,,0.0,N,,,,,,
59.85546300000001,-160.0055555666667,2013-12-13,3,0,49.333333333333336,100.66666666666667,,Pastick,,0.0,N,,,,,,
59.848796300000004,-160.01055556666668,2013-12-13,3,0,53.666666666666664,76.66666666666667,,Pastick,,0.0,N,,,,,,
59.861319449999996,-159.993263875,2013-12-13,4,0,30.75,52.5,,Pastick,,0.0,N,,,,,,
59.559722199999996,-159.3651389,2013-12-13,2,0,70.0,108.5,,Pastick,,0.0,N,,,,,,
59.63435186666667,-160.3673148,2013-12-13,3,0,33.666666666666664,61.0,,Pastick,,0.0,N,,,,,,
59.640000025000006,-160.364930525,2013-12-09,4,0,71.25,144.25,,Pastick,,0.0,N,,,,,,
59.630092600000005,-160.3475926,2013-12-13,3,0,27.333333333333332,61.666666666666664,,Pastick,,0.0,N,,,,,,
59.635972249999995,-160.3509722,2013-12-13,2,0,54.5,82.5,,Pastick,,0.0,N,,,,,,
59.6423148,-160.34666666666666,2013-12-13,3,0,95.66666666666667,129.0,,Pastick,,0.0,N,,,,,,
59.6430556,-160.34,2013-12-13,2,0,120.0,127.5,,Pastick,,0.0,N,,,,,,
59.65648149999999,-160.3708333333333,2013-12-13,3,0,94.33333333333333,113.33333333333333,,Pastick,,0.0,N,,,,,,
59.64847225,-160.37805555,2013-12-13,2,0,75.0,107.5,,Pastick,,0.0,N,,,,,,
59.489999999999995,-160.57930555000002,2013-12-13,2,0,61.5,122.5,,Pastick,,0.0,N,,,,,,
59.496527799999996,-160.56152780000002,2013-12-13,2,0,75.0,132.5,,Pastick,,0.0,N,,,,,,
59.502777800000004,-160.56916665,2013-12-13,2,0,92.5,97.5,,Pastick,,0.0,N,,,,,,
59.470370366666664,-160.56851853333333,2013-12-13,3,0,96.0,117.66666666666667,,Pastick,,0.0,N,,,,,,
59.47175926666667,-160.56,2013-12-13,3,0,86.0,118.33333333333333,,Pastick,,0.0,N,,,,,,
59.40111115,-160.38125000000002,2013-12-13,2,0,84.0,102.5,,Pastick,,0.0,N,,,,,,
59.405277766666664,-160.36333333333334,2013-12-13,3,0,95.0,143.33333333333334,,Pastick,,0.0,N,,,,,,
59.408388880000004,-160.36427777999998,2013-12-13,5,0,55.0,108.2,,Pastick,,0.0,N,,,,,,
59.411458325,-160.396180525,2013-12-13,4,0,80.0,147.75,,Pastick,,0.0,N,,,,,,
59.654027774999996,-160.395555575,2013-12-13,4,0,42.75,109.75,,Pastick,,0.0,N,,,,,,
59.6538889,-160.3854167,2013-12-13,2,0,63.5,121.0,,Pastick,,0.0,N,,,,,,
59.6325926,-160.39342593333333,2013-12-13,3,0,58.333333333333336,104.0,,Pastick,,0.0,N,,,,,,
59.49212963333333,-160.61018520000002,2013-12-13,3,0,59.666666666666664,177.33333333333334,,Pastick,,0.0,N,,,,,,
59.49333335,-160.6272222,2013-12-13,2,0,44.0,152.0,,Pastick,,0.0,N,,,,,,
59.491249974999995,-160.6626389,2013-12-13,4,0,35.5,67.5,,Pastick,,0.0,N,,,,,,
59.3961111,-160.3913889,2013-12-13,2,0,98.5,120.0,,Pastick,,0.0,N,,,,,,
59.39069442500001,-160.3975,2013-12-13,4,0,69.5,121.0,,Pastick,,0.0,N,,,,,,
59.12125,-159.25902775,2013-12-13,2,0,77.5,151.0,,Pastick,,0.0,N,,,,,,
59.126944449999996,-159.2684722,2013-12-13,2,0,63.5,136.0,,Pastick,,0.0,N,,,,,,
59.14638885,-161.1120833,2013-12-13,2,0,91.0,152.0,,Pastick,,0.0,N,,,,,,
59.10368055000001,-159.512777775,2013-12-13,4,0,86.5,133.5,,Pastick,,0.0,N,,,,,,
59.069166675,-159.958750025,2013-12-13,4,0,71.0,152.0,,Pastick,,0.0,N,,,,,,
59.075416700000005,-160.3161111,2013-12-13,2,0,74.5,151.0,,Pastick,,0.0,N,,,,,,
59.15657406666667,-160.31296296666667,2013-12-13,3,0,51.0,150.66666666666666,,Pastick,,0.0,N,,,,,,
59.34680555,-157.51875,2013-11-29,2,0,80.0,131.5,,Pastick,,0.0,N,,,,,,
59.3452778,-157.5072222,2013-11-29,2,0,117.5,166.5,,Pastick,,0.0,N,,,,,,
59.3477778,-157.4975,2013-11-29,2,0,77.5,141.5,,Pastick,,0.0,N,,,,,,
59.35222225,-157.5177778,2013-11-29,2,0,85.0,146.5,,Pastick,,0.0,N,,,,,,
59.35277775,-157.50180555,2013-11-29,2,0,72.5,121.5,,Pastick,,0.0,N,,,,,,
59.35041665,-157.4975,2013-11-29,2,0,57.5,113.0,,Pastick,,0.0,N,,,,,,
59.36763885,-157.47861115,2013-11-29,2,0,27.0,57.5,,Pastick,,0.0,N,,,,,,
59.048148166666664,-158.53555553333334,2013-11-29,3,0,104.0,177.33333333333334,,Pastick,,0.0,N,,,,,,
59.3425,-158.3074074,2013-12-17,3,0,72.0,110.0,,Pastick,,0.0,N,,,,,,
59.346354149999996,-158.3070111,2013-11-29,2,0,71.0,92.0,,Pastick,,0.0,N,,,,,,
59.1984875,-158.0743625,2013-11-29,2,0,62.5,85.0,,Pastick,,0.0,N,,,,,,
59.21125,-157.7798611,2013-11-29,2,0,160.0,183.0,,Pastick,,0.0,N,,,,,,
58.886666649999995,-158.44486110000003,2013-11-29,2,0,82.5,190.0,,Pastick,,0.0,N,,,,,,
58.8894444,-158.4277778,2013-11-29,2,0,78.0,120.0,,Pastick,,0.0,N,,,,,,
59.30444445,-157.2948611,2013-11-29,2,0,92.5,140.0,,Pastick,,0.0,N,,,,,,
59.49597225,-157.93541664999998,2013-11-29,2,0,146.5,182.5,,Pastick,,0.0,N,,,,,,
59.49046296666666,-157.9495370333333,2013-11-29,3,0,138.33333333333334,181.66666666666666,,Pastick,,0.0,N,,,,,,
59.2534722,-157.4597222,2013-11-29,2,0,127.5,183.0,,Pastick,,0.0,N,,,,,,
58.93805553333334,-157.67925923333334,2013-11-29,3,0,111.66666666666667,170.0,,Pastick,,0.0,N,,,,,,
58.9411111,-157.67791665,2013-11-29,2,0,155.5,175.0,,Pastick,,0.0,N,,,,,,
59.4752778,-158.37680555,2013-11-29,2,0,170.0,183.0,,Pastick,,0.0,N,,,,,,
58.86148146666667,-158.24129626666664,2013-11-29,3,0,81.0,172.66666666666666,,Pastick,,0.0,N,,,,,,
58.77203703333333,-157.92500003333333,2013-11-29,3,0,122.33333333333333,172.66666666666666,,Pastick,,0.0,N,,,,,,
59.1872222,-158.31509256666666,2013-11-29,3,0,106.0,172.66666666666666,,Pastick,,0.0,N,,,,,,
59.185370400000004,-158.29500000000002,2013-11-29,3,0,108.33333333333333,147.0,,Pastick,,0.0,N,,,,,,
59.59377778,-158.09199998,2013-11-29,5,0,61.6,92.4,,Pastick,,0.0,N,,,,,,
59.5947222,-158.0827778,2013-11-29,2,0,107.5,130.0,,Pastick,,0.0,N,,,,,,
59.16777775,-157.544374975,2013-11-29,4,0,93.25,152.25,,Pastick,,0.0,N,,,,,,
61.341690400000005,-157.23167446666668,2015-06-12,3,0,115.0,180.0,,Pastick,,0.0,N,,,,,,
59.718888899999996,-157.97375,2013-11-29,2,0,123.5,145.0,,Pastick,,0.0,N,,,,,,
59.70958335,-157.93444445,2013-11-29,2,0,80.0,112.5,,Pastick,,0.0,N,,,,,,
59.0777778,-157.3972222,2013-11-29,2,0,117.5,140.0,,Pastick,,0.0,N,,,,,,
58.9059722,-158.0965278,2013-11-29,2,0,165.0,190.0,,Pastick,,0.0,N,,,,,,
58.91444445,-158.10208335,2013-11-29,2,0,152.5,190.0,,Pastick,,0.0,N,,,,,,
58.91916666666666,-158.10629626666665,2013-11-29,3,0,102.33333333333333,185.0,,Pastick,,0.0,N,,,,,,
59.5105556,-156.5883333,2013-11-29,2,0,88.5,100.0,,Pastick,,0.0,N,,,,,,
59.421111100000005,-158.13777775,2013-11-29,2,0,142.5,182.5,,Pastick,,0.0,N,,,,,,
59.4244444,-158.1363889,2013-11-29,2,0,56.0,161.0,,Pastick,,0.0,N,,,,,,
59.434166649999995,-158.12555555,2013-11-29,2,0,93.0,168.5,,Pastick,,0.0,N,,,,,,
58.85944445,-157.8284722,2013-11-29,2,0,94.0,163.5,,Pastick,,0.0,N,,,,,,
59.12805555,-157.75458335,2013-11-29,2,0,94.5,166.0,,Pastick,,0.0,N,,,,,,
59.05666665,-158.22166665,2013-11-29,2,0,100.0,171.0,,Pastick,,0.0,N,,,,,,
59.0588889,-158.2072222,2013-11-29,2,0,93.0,171.0,,Pastick,,0.0,N,,,,,,
58.76444446666667,-157.55120366666665,2013-11-29,3,0,78.0,177.33333333333334,,Pastick,,0.0,N,,,,,,
59.00185186666667,-158.33185186666665,2013-11-29,3,0,125.0,175.0,,Pastick,,0.0,N,,,,,,
58.9961111,-158.305,2013-11-29,2,0,47.0,151.5,,Pastick,,0.0,N,,,,,,
58.99522222,-158.29300002,2013-11-29,5,0,92.8,163.6,,Pastick,,0.0,N,,,,,,
59.05819445,-158.4401389,2013-11-29,2,0,122.5,180.0,,Pastick,,0.0,N,,,,,,
59.062407400000005,-158.43675926666666,2013-11-29,3,0,69.66666666666667,170.66666666666666,,Pastick,,0.0,N,,,,,,
59.6722222,-157.5504629333333,2013-11-29,3,0,99.33333333333333,157.33333333333334,,Pastick,,0.0,N,,,,,,
59.656203733333335,-157.55925926666666,2013-11-29,3,0,100.33333333333333,160.66666666666666,,Pastick,,0.0,N,,,,,,
59.79888885,-157.79902775,2013-11-29,2,0,98.5,161.0,,Pastick,,0.0,N,,,,,,
59.8041667,-157.8041667,2013-11-29,2,0,89.0,163.5,,Pastick,,0.0,N,,,,,,
59.9594444,-158.0388889,2013-11-29,2,0,47.0,121.0,,Pastick,,0.0,N,,,,,,
59.9605556,-158.0505556,2013-11-29,2,0,105.0,165.0,,Pastick,,0.0,N,,,,,,
59.94157406666667,-158.11537036666667,2013-11-29,3,0,85.0,159.66666666666666,,Pastick,,0.0,N,,,,,,
59.193055566666665,-158.00175926666665,2013-11-29,3,0,81.0,115.0,,Pastick,,0.0,N,,,,,,
59.174027800000005,-158.02097220000002,2013-11-29,2,0,137.5,190.0,,Pastick,,0.0,N,,,,,,
59.324444424999996,-157.87097219999998,2013-11-29,4,0,100.25,152.5,,Pastick,,0.0,N,,,,,,
59.343611100000004,-157.8725,2013-11-29,2,0,73.0,190.0,,Pastick,,0.0,N,,,,,,
59.352500000000006,-157.87972225,2013-11-29,2,0,95.0,190.0,,Pastick,,0.0,N,,,,,,
59.10805555,-158.31805555,2013-11-29,4,0,52.5,150.5,,Pastick,,0.0,N,,,,,,
59.0976852,-158.30546296666668,2013-11-29,3,0,97.66666666666667,190.0,,Pastick,,0.0,N,,,,,,
59.065092566666664,-157.18675926666666,2013-11-29,3,0,88.66666666666667,126.33333333333333,,Pastick,,0.0,N,,,,,,
59.071111099999996,-157.2411111,2013-11-29,2,0,112.5,190.0,,Pastick,,0.0,N,,,,,,
59.56611115,-157.77097220000002,2013-11-29,2,0,89.5,145.0,,Pastick,,0.0,N,,,,,,
59.39074073333333,-158.30046296666666,2013-11-29,3,0,76.33333333333333,136.33333333333334,,Pastick,,0.0,N,,,,,,
59.270833350000004,-157.9347222,2013-11-29,2,0,144.0,190.0,,Pastick,,0.0,N,,,,,,
59.506440733333335,-157.9115287,2013-11-29,3,0,128.33333333333334,160.0,,Pastick,,0.0,N,,,,,,
59.02819445,-158.52930555,2013-11-29,2,0,82.5,187.5,,Pastick,,0.0,N,,,,,,
59.0308333,-158.52375,2013-11-29,2,0,112.5,185.0,,Pastick,,0.0,N,,,,,,
59.03287038333334,-158.51925925,2013-11-29,6,0,77.0,166.66666666666666,,Pastick,,0.0,N,,,,,,
59.42405373333333,-157.55052866666668,2013-11-29,3,0,138.33333333333334,176.66666666666666,,Pastick,,0.0,N,,,,,,
59.07430555,-158.487847225,2013-11-29,4,0,82.5,160.75,,Pastick,,0.0,N,,,,,,
59.071944450000004,-158.51055555,2013-11-29,2,0,47.0,186.5,,Pastick,,0.0,N,,,,,,
59.02247500000001,-158.54755003333332,2013-11-29,3,0,90.33333333333333,157.66666666666666,,Pastick,,0.0,N,,,,,,
59.0527778,-158.5563889,2013-11-29,2,0,111.0,165.0,,Pastick,,0.0,N,,,,,,
59.0583333,-158.555,2013-11-29,2,0,130.0,190.0,,Pastick,,0.0,N,,,,,,
58.813888899999995,-158.5577778,2013-11-29,3,0,36.666666666666664,108.33333333333333,,Pastick,,0.0,N,,,,,,
58.8191667,-158.54972220000002,2013-11-29,2,0,108.0,150.0,,Pastick,,0.0,N,,,,,,
58.839629599999995,-158.5558333,2013-11-29,3,0,104.0,133.66666666666666,,Pastick,,0.0,N,,,,,,
58.823125025,-158.54104165,2013-11-29,4,0,131.25,172.0,,Pastick,,0.0,N,,,,,,
58.831805550000006,-158.5474537,2013-11-29,6,0,95.5,179.83333333333334,,Pastick,,0.0,N,,,,,,
58.837222225,-158.538263925,2013-11-29,4,0,65.0,184.75,,Pastick,,0.0,N,,,,,,
59.08208335,-158.49430554999998,2013-11-29,2,0,35.0,130.0,,Pastick,,0.0,N,,,,,,
59.03472225,-158.58666664999998,2013-11-29,2,0,110.0,184.0,,Pastick,,0.0,N,,,,,,
59.05518516666666,-158.52657406666665,2013-11-29,3,0,113.33333333333333,185.33333333333334,,Pastick,,0.0,N,,,,,,
59.04319445,-158.52125,2013-11-29,2,0,142.5,186.5,,Pastick,,0.0,N,,,,,,
59.04083333333333,-158.46453703333336,2013-11-29,3,0,90.33333333333333,184.33333333333334,,Pastick,,0.0,N,,,,,,
59.8445833,-156.51625,2013-11-29,2,0,115.5,130.0,,Pastick,,0.0,N,,,,,,
61.759575653333336,-156.21061953333333,2015-07-01,3,0,74.0,97.5,,Pastick,,0.0,N,,,,,,
59.965625,-157.89520835,2013-11-29,4,0,111.5,151.25,,Pastick,,0.0,N,,,,,,
59.96600003333334,-157.88250000000002,2013-11-29,3,0,74.0,95.0,,Pastick,,0.0,N,,,,,,
60.09620370000001,-158.46592593333332,2013-11-29,3,0,52.333333333333336,103.33333333333333,,Pastick,,0.0,N,,,,,,
60.31046296666667,-158.75111110000003,2013-12-22,3,0,53.333333333333336,88.33333333333333,,Pastick,,0.0,N,,,,,,
60.18819445,-159.58291665000002,2013-11-29,2,0,57.5,75.0,,Pastick,,0.0,N,,,,,,
60.19,-159.59291665,2013-11-29,2,0,41.0,95.0,,Pastick,,0.0,N,,,,,,
59.955185199999995,-158.90722219999998,2013-11-29,3,0,81.66666666666667,123.33333333333333,,Pastick,,0.0,N,,,,,,
59.97291665,-158.8163889,2013-11-29,2,0,74.5,120.0,,Pastick,,0.0,N,,,,,,
59.9815278,-158.72666665,2013-11-29,2,0,109.5,132.5,,Pastick,,0.0,N,,,,,,
59.71930555,-157.28152775,2013-11-29,2,0,25.5,31.0,,Pastick,,0.0,N,,,,,,
59.85564813333334,-157.3049074,2013-11-29,3,0,120.0,164.66666666666666,,Pastick,,0.0,N,,,,,,
61.304390527500004,-157.06080782499998,2015-01-23,4,0,47.0,90.0,,Pastick,,0.0,N,,,,,,
60.706357239999996,-157.15986303333332,2014-09-05,6,0,107.2,164.0,,Pastick,,0.0,N,,,,,,
59.6652778,-155.96791665,2013-11-29,2,0,145.0,155.0,,Pastick,,0.0,N,,,,,,
59.69319445,-156.02125,2013-11-29,2,0,67.5,110.0,,Pastick,,0.0,N,,,,,,
60.09319445,-158.2425,2013-11-29,2,0,67.5,162.5,,Pastick,,0.0,N,,,,,,
60.081041675,-158.265694425,2013-11-29,4,0,109.0,143.75,,Pastick,,0.0,N,,,,,,
60.06097225,-158.30375,2013-11-29,2,0,114.0,127.5,,Pastick,,0.0,N,,,,,,
60.148055525000004,-159.564652775,2013-11-29,4,0,41.75,87.0,,Pastick,,0.0,N,,,,,,
60.1448611,-159.51819445,2013-11-29,2,0,33.5,100.0,,Pastick,,0.0,N,,,,,,
60.146805549999996,-159.52916665,2013-11-29,2,0,36.0,126.0,,Pastick,,0.0,N,,,,,,
59.679166699999996,-156.43583335,2013-11-29,2,0,75.0,105.0,,Pastick,,0.0,N,,,,,,
59.6622222,-156.48652775,2013-11-29,2,0,94.0,127.5,,Pastick,,0.0,N,,,,,,
59.71819445,-157.30055555,2013-11-29,2,0,100.5,125.0,,Pastick,,0.0,N,,,,,,
59.08527775,-158.5530556,2013-11-29,2,0,60.5,181.5,,Pastick,,0.0,N,,,,,,
60.199722225,-158.721388875,2013-11-29,4,0,48.25,94.25,,Pastick,,0.0,N,,,,,,
61.307680932000004,-158.26798051999998,2014-10-31,5,0,69.0,92.0,,Pastick,,0.0,N,,,,,,
60.0612963,-159.26861113333334,2013-11-29,3,0,53.333333333333336,75.66666666666667,,Pastick,,0.0,N,,,,,,
60.05388885,-159.2047222,2013-11-29,2,0,69.5,86.5,,Pastick,,0.0,N,,,,,,
60.05166665,-156.8040278,2013-11-29,2,0,62.5,105.0,,Pastick,,0.0,N,,,,,,
60.17,-158.50416665,2013-11-29,2,0,30.5,118.5,,Pastick,,0.0,N,,,,,,
60.17375,-158.51375000000002,2013-11-29,2,0,52.0,102.5,,Pastick,,0.0,N,,,,,,
59.73,-157.24819445,2013-11-29,2,0,89.5,107.5,,Pastick,,0.0,N,,,,,,
59.7939861,-157.43600072499999,2013-11-29,4,0,110.0,167.5,,Pastick,,0.0,N,,,,,,
59.734872233333334,-157.2022,2013-11-29,3,0,110.0,155.0,,Pastick,,0.0,N,,,,,,
59.502916674999994,-157.12673610000002,2013-11-29,4,0,66.5,107.5,,Pastick,,0.0,N,,,,,,
59.5059722,-157.13111115,2013-11-29,2,0,71.0,95.0,,Pastick,,0.0,N,,,,,,
59.81740743333334,-157.5096296,2013-11-29,3,0,107.0,131.66666666666666,,Pastick,,0.0,N,,,,,,
59.755000025,-157.34708335000002,2013-11-29,4,0,71.75,115.0,,Pastick,,0.0,N,,,,,,
59.72625,-157.19819445000002,2013-11-29,2,0,22.5,95.0,,Pastick,,0.0,N,,,,,,
59.723148133333325,-157.215,2013-11-29,3,0,131.66666666666666,143.33333333333334,,Pastick,,0.0,N,,,,,,
61.73279654,-156.87360863333333,2015-06-12,3,0,132.5,147.5,,Pastick,,0.0,N,,,,,,
59.66875,-157.1536111,2013-11-29,2,0,101.0,132.5,,Pastick,,0.0,N,,,,,,
59.582037033333336,-157.08907406666665,2013-11-29,3,0,107.0,158.33333333333334,,Pastick,,0.0,N,,,,,,
59.5916667,-157.0785185,2013-11-29,3,0,79.33333333333333,173.33333333333334,,Pastick,,0.0,N,,,,,,
59.54453706666667,-157.05601849999996,2013-11-29,3,0,116.66666666666667,140.0,,Pastick,,0.0,N,,,,,,
59.548425933333334,-157.06777780000002,2013-11-29,3,0,118.33333333333333,148.33333333333334,,Pastick,,0.0,N,,,,,,
59.490228699999996,-157.17493613333332,2013-11-29,3,0,118.33333333333333,156.66666666666666,,Pastick,,0.0,N,,,,,,
59.500000025,-157.1829167,2013-11-29,4,0,117.25,152.5,,Pastick,,0.0,N,,,,,,
59.62430555,-157.07180555,2013-11-29,2,0,78.0,110.0,,Pastick,,0.0,N,,,,,,
59.6302778,-157.0948611,2013-11-29,2,0,51.5,105.0,,Pastick,,0.0,N,,,,,,
58.90588888,-157.72155555999998,2013-11-29,5,0,81.4,166.0,,Pastick,,0.0,N,,,,,,
58.90907406666667,-157.7163889,2013-11-29,3,0,85.66666666666667,180.0,,Pastick,,0.0,N,,,,,,
59.08347225,-158.6004861,2013-11-29,4,0,39.25,145.0,,Pastick,,0.0,N,,,,,,
59.113194449999995,-158.61944445,2013-11-29,2,0,142.5,180.0,,Pastick,,0.0,N,,,,,,
59.0762963,-158.56027776666664,2013-11-29,3,0,116.66666666666667,183.33333333333334,,Pastick,,0.0,N,,,,,,
59.831944449999995,-157.49416665,2013-11-29,2,0,61.0,110.0,,Pastick,,0.0,N,,,,,,
59.79044446,-157.41277775999998,2013-11-29,5,0,146.0,168.0,,Pastick,,0.0,N,,,,,,
59.73333336666667,-157.34722223333333,2013-11-29,3,0,94.0,136.66666666666666,,Pastick,,0.0,N,,,,,,
59.73625,-157.3445833,2013-11-29,2,0,76.5,95.0,,Pastick,,0.0,N,,,,,,
59.742083324999996,-157.24361112499997,2013-11-29,4,0,95.75,131.0,,Pastick,,0.0,N,,,,,,
59.71740739999999,-157.1765740666667,2013-11-29,3,0,104.0,125.66666666666667,,Pastick,,0.0,N,,,,,,
59.721388899999994,-157.16833335,2013-11-29,2,0,151.0,193.5,,Pastick,,0.0,N,,,,,,
59.665166680000006,-157.1265,2013-11-29,5,0,76.6,117.8,,Pastick,,0.0,N,,,,,,
59.6261111,-157.12916666666666,2013-11-29,3,0,104.0,174.0,,Pastick,,0.0,N,,,,,,
59.628333350000005,-157.1247222,2013-11-29,2,0,97.0,104.5,,Pastick,,0.0,N,,,,,,
59.628333325,-157.115902775,2013-11-29,4,0,105.25,135.0,,Pastick,,0.0,N,,,,,,
59.5999074,-157.05666666666664,2013-11-29,3,0,140.0,179.0,,Pastick,,0.0,N,,,,,,
59.60430555,-157.04763889999998,2013-11-29,2,0,107.5,145.0,,Pastick,,0.0,N,,,,,,
59.5486111,-157.08402775,2013-11-29,2,0,110.0,150.0,,Pastick,,0.0,N,,,,,,
59.550820825,-157.10261945,2013-11-29,4,0,73.75,157.5,,Pastick,,0.0,N,,,,,,
59.55555555,-157.11902775,2013-11-29,2,0,105.0,160.0,,Pastick,,0.0,N,,,,,,
59.51694443333334,-157.09157406666668,2013-11-29,3,0,70.33333333333333,143.33333333333334,,Pastick,,0.0,N,,,,,,
59.51743055,-157.07381945,2013-11-29,4,0,107.0,140.0,,Pastick,,0.0,N,,,,,,
59.481944475,-157.160000025,2013-11-29,4,0,120.75,143.75,,Pastick,,0.0,N,,,,,,
58.918055575000004,-157.701805575,2013-11-29,4,0,91.25,141.25,,Pastick,,0.0,N,,,,,,
59.5596806,-157.1087625,2013-11-29,2,0,122.5,135.0,,Pastick,,0.0,N,,,,,,
59.270833333333336,-157.63601853333333,2013-11-29,3,0,68.66666666666667,121.66666666666667,,Pastick,,0.0,N,,,,,,
59.2716667,-157.62347219999998,2013-11-29,2,0,108.0,147.5,,Pastick,,0.0,N,,,,,,
59.23194443333333,-157.65675926666665,2013-11-29,3,0,98.0,173.33333333333334,,Pastick,,0.0,N,,,,,,
59.181944433333335,-157.70231479999998,2013-11-29,3,0,110.66666666666667,156.66666666666666,,Pastick,,0.0,N,,,,,,
59.1865278,-157.7136111,2013-11-29,2,0,149.0,170.0,,Pastick,,0.0,N,,,,,,
61.38279046666667,-157.23355726666668,2015-06-12,3,0,71.5,110.0,,Pastick,,0.0,N,,,,,,
59.13574073333333,-157.74435186666665,2013-11-29,3,0,125.33333333333333,161.66666666666666,,Pastick,,0.0,N,,,,,,
59.11097225,-157.7366667,2013-11-29,2,0,130.0,150.0,,Pastick,,0.0,N,,,,,,
59.1077778,-157.72347225,2013-11-29,2,0,148.5,170.0,,Pastick,,0.0,N,,,,,,
61.36072988,-157.26616199999998,2015-06-12,3,0,108.0,152.5,,Pastick,,0.0,N,,,,,,
61.34723258,-157.2655836,2015-06-12,3,0,101.0,145.0,,Pastick,,0.0,N,,,,,,
61.346314803333335,-157.26241030000003,2015-06-12,3,0,98.0,125.0,,Pastick,,0.0,N,,,,,,
59.07538887999999,-157.75966666,2013-11-29,5,0,99.8,141.0,,Pastick,,0.0,N,,,,,,
59.0738889,-157.7525,2013-11-29,2,0,130.0,152.5,,Pastick,,0.0,N,,,,,,
59.06435186666667,-157.72527776666666,2013-11-29,3,0,138.33333333333334,171.66666666666666,,Pastick,,0.0,N,,,,,,
59.023518499999994,-157.75962963333333,2013-11-29,3,0,106.0,138.33333333333334,,Pastick,,0.0,N,,,,,,
59.018472200000005,-157.74624999999997,2013-11-29,2,0,135.0,165.0,,Pastick,,0.0,N,,,,,,
59.0120833,-157.74416665,2013-11-29,2,0,94.0,120.0,,Pastick,,0.0,N,,,,,,
59.00583335,-157.7175,2013-11-29,2,0,126.5,142.5,,Pastick,,0.0,N,,,,,,
58.995000000000005,-157.70513885,2013-11-29,2,0,122.0,142.5,,Pastick,,0.0,N,,,,,,
58.965972225,-157.7004861,2013-11-29,4,0,106.25,153.75,,Pastick,,0.0,N,,,,,,
58.969027800000006,-157.6965278,2013-11-29,2,0,97.0,140.0,,Pastick,,0.0,N,,,,,,
60.3888889,-157.6277778,2013-11-29,2,0,60.0,95.0,,Pastick,,0.0,N,,,,,,
60.385,-157.66027780000002,2013-11-29,2,0,53.0,85.0,,Pastick,,0.0,N,,,,,,
60.468333300000005,-158.43833333333333,2013-11-29,3,0,53.666666666666664,96.66666666666667,,Pastick,,0.0,N,,,,,,
60.41458335,-158.2676389,2013-11-29,2,0,125.0,139.0,,Pastick,,0.0,N,,,,,,
60.49398146666667,-158.71740739999998,2013-11-29,3,0,44.333333333333336,100.0,,Pastick,,0.0,N,,,,,,
60.404907433333335,-158.5463889,2013-11-29,3,0,52.666666666666664,110.0,,Pastick,,0.0,N,,,,,,
60.620902775000005,-157.386944425,2013-11-29,4,0,53.25,97.5,,Pastick,,0.0,N,,,,,,
60.61291665,-157.39583335,2013-11-29,2,0,77.5,125.0,,Pastick,,0.0,N,,,,,,
62.34958398,-157.04745496666666,2015-06-12,3,0,119.0,142.5,,Pastick,,0.0,N,,,,,,
60.622962933333326,-156.98416666666665,2013-11-29,3,0,56.0,92.33333333333333,,Pastick,,0.0,N,,,,,,
60.47796293333334,-158.0525926,2013-11-29,3,0,54.333333333333336,77.66666666666667,,Pastick,,0.0,N,,,,,,
60.2591667,-157.1586111,2013-11-29,2,0,19.0,79.0,,Pastick,,0.0,N,,,,,,
60.2652778,-157.1576389,2013-11-29,2,0,73.0,127.5,,Pastick,,0.0,N,,,,,,
60.21291665,-156.99125,2013-11-29,2,0,61.0,85.0,,Pastick,,0.0,N,,,,,,
60.2204167,-157.0026389,2013-11-29,2,0,38.5,78.0,,Pastick,,0.0,N,,,,,,
60.219166650000005,-156.99416665,2013-11-29,2,0,31.0,108.5,,Pastick,,0.0,N,,,,,,
59.274611119999996,-157.65044444000003,2013-11-29,5,0,92.0,140.0,,Pastick,,0.0,N,,,,,,
59.1789815,-157.68851853333334,2013-11-29,3,0,102.66666666666667,142.33333333333334,,Pastick,,0.0,N,,,,,,
59.11761110000001,-157.72294446,2013-11-29,5,0,60.2,122.0,,Pastick,,0.0,N,,,,,,
59.097083299999994,-157.77305555,2013-11-29,2,0,82.0,100.0,,Pastick,,0.0,N,,,,,,
59.04962963333333,-157.76444443333335,2013-11-29,3,0,73.33333333333333,153.33333333333334,,Pastick,,0.0,N,,,,,,
59.04194445,-157.73583335,2013-11-29,2,0,65.0,100.0,,Pastick,,0.0,N,,,,,,
58.978703700000004,-157.6473148,2013-11-29,3,0,145.0,181.66666666666666,,Pastick,,0.0,N,,,,,,
58.95666665,-157.66069445,2013-11-29,2,0,130.0,180.0,,Pastick,,0.0,N,,,,,,
58.9613889,-157.6817592333333,2013-11-29,3,0,96.66666666666667,165.0,,Pastick,,0.0,N,,,,,,
58.9398611,-157.69152775,2013-11-29,2,0,137.5,180.0,,Pastick,,0.0,N,,,,,,
60.2944444,-158.0258333,2013-11-29,2,0,90.5,106.5,,Pastick,,0.0,N,,,,,,
60.30333335,-158.0013889,2013-11-29,2,0,72.5,95.0,,Pastick,,0.0,N,,,,,,
60.382129633333335,-157.85277776666666,2013-11-29,3,0,65.33333333333333,95.0,,Pastick,,0.0,N,,,,,,
60.244305600000004,-157.77013885,2013-11-29,2,0,60.0,90.0,,Pastick,,0.0,N,,,,,,
60.24944445,-157.76763885,2013-11-29,2,0,48.5,82.5,,Pastick,,0.0,N,,,,,,
60.2538889,-157.7584722,2013-11-29,2,0,60.0,109.0,,Pastick,,0.0,N,,,,,,
59.940462966666665,-157.53749996666667,2013-11-29,3,0,138.33333333333334,170.0,,Pastick,,0.0,N,,,,,,
60.742407433333334,-157.4584259333333,2013-11-29,3,0,84.0,121.66666666666667,,Pastick,,0.0,N,,,,,,
60.3563889,-157.15097225,2013-11-29,2,0,115.0,140.0,,Pastick,,0.0,N,,,,,,
60.3586111,-157.13999996666666,2013-11-29,3,0,59.0,91.66666666666667,,Pastick,,0.0,N,,,,,,
60.4051389,-157.21847225,2013-11-29,2,0,65.0,100.0,,Pastick,,0.0,N,,,,,,
60.0551389,-157.78402775,2013-11-29,2,0,66.0,90.5,,Pastick,,0.0,N,,,,,,
60.053055549999996,-157.84305555,2013-11-29,2,0,155.0,185.0,,Pastick,,0.0,N,,,,,,
60.07546296666666,-157.95379630000002,2013-11-29,3,0,110.66666666666667,155.0,,Pastick,,0.0,N,,,,,,
60.53916665,-156.74333335,2013-11-29,2,0,76.0,152.5,,Pastick,,0.0,N,,,,,,
60.53666665,-156.7234722,2013-11-29,2,0,95.5,122.5,,Pastick,,0.0,N,,,,,,
59.90444445,-155.45305555,2013-11-29,2,0,73.5,85.0,,Pastick,,0.0,N,,,,,,
59.9104167,-155.44388885,2013-11-29,2,0,66.0,106.0,,Pastick,,0.0,N,,,,,,
59.914305549999995,-155.43333335,2013-11-29,2,0,35.5,69.0,,Pastick,,0.0,N,,,,,,
60.3163889,-155.75263890000002,2013-11-29,2,0,49.5,92.5,,Pastick,,0.0,N,,,,,,
60.32074073333333,-155.76574076666665,2013-11-29,3,0,41.333333333333336,70.0,,Pastick,,0.0,N,,,,,,
60.819027750000004,-154.77152775000002,2013-11-29,2,0,29.0,79.5,,Pastick,,0.0,N,,,,,,
60.82,-154.9002778,2013-11-29,2,0,46.0,82.5,,Pastick,,0.0,N,,,,,,
60.717430575,-154.643333325,2013-11-29,4,0,33.5,66.75,,Pastick,,0.0,N,,,,,,
62.05995629,-156.55520426666666,2015-06-12,3,0,88.5,107.5,,Pastick,,0.0,N,,,,,,
60.24402775,-156.6361111,2013-11-29,2,0,76.5,104.0,,Pastick,,0.0,N,,,,,,
60.665902775000006,-154.73375,2013-11-29,4,0,53.25,100.0,,Pastick,,0.0,N,,,,,,
60.72222225,-154.7575,2013-11-29,2,0,38.0,62.5,,Pastick,,0.0,N,,,,,,
60.5937037,-155.03523149999998,2013-11-29,6,0,27.5,64.66666666666667,,Pastick,,0.0,N,,,,,,
60.59648146666667,-155.16712959999998,2013-12-01,3,0,18.666666666666668,107.0,,Pastick,,0.0,N,,,,,,
60.6338889,-155.0351389,2013-11-29,2,0,44.5,74.0,,Pastick,,0.0,N,,,,,,
60.58527776666667,-155.5425926,2013-11-29,3,0,53.666666666666664,87.0,,Pastick,,0.0,N,,,,,,
59.864259266666664,-156.33287033333332,2013-11-29,3,0,91.0,116.66666666666667,,Pastick,,0.0,N,,,,,,
61.81837090333334,-156.34035503333334,2015-06-12,3,0,84.5,152.5,,Pastick,,0.0,N,,,,,,
59.9738889,-155.96925926666665,2013-11-29,3,0,60.333333333333336,82.0,,Pastick,,0.0,N,,,,,,
60.0470833,-156.0033333,2013-11-29,2,0,34.0,87.5,,Pastick,,0.0,N,,,,,,
60.052777750000004,-156.01375000000002,2013-11-29,2,0,65.5,92.5,,Pastick,,0.0,N,,,,,,
60.69638885,-155.15777774999998,2013-11-29,2,0,130.0,170.0,,Pastick,,0.0,N,,,,,,
60.8473611,-155.1754167,2013-11-29,2,0,73.5,131.0,,Pastick,,0.0,N,,,,,,
60.83877778,-155.16255556000002,2013-11-29,5,0,60.4,109.4,,Pastick,,0.0,N,,,,,,
60.4736111,-154.99958329999998,2013-11-29,2,0,42.0,83.5,,Pastick,,0.0,N,,,,,,
60.4797222,-155.01166665,2013-11-29,2,0,52.5,87.5,,Pastick,,0.0,N,,,,,,
60.58256945000001,-154.575555575,2013-11-29,4,0,88.5,110.0,,Pastick,,0.0,N,,,,,,
60.5863889,-154.57125000000002,2013-11-29,2,0,66.5,75.0,,Pastick,,0.0,N,,,,,,
60.47944445,-155.38708335,2013-11-29,2,0,80.0,95.0,,Pastick,,0.0,N,,,,,,
60.405222200000004,-155.40594446,2013-11-29,5,0,64.0,99.0,,Pastick,,0.0,N,,,,,,
60.52291665,-155.9975,2013-11-29,2,0,58.0,77.5,,Pastick,,0.0,N,,,,,,
60.532152775,-155.99256945,2013-11-29,4,0,52.25,86.25,,Pastick,,0.0,N,,,,,,
60.1459722,-158.01652775,2013-11-29,2,0,59.0,100.0,,Pastick,,0.0,N,,,,,,
60.0837037,-157.49638886666665,2013-11-29,3,0,79.66666666666667,152.0,,Pastick,,0.0,N,,,,,,
60.5751852,-157.60527776666666,2013-11-29,3,0,46.666666666666664,68.33333333333333,,Pastick,,0.0,N,,,,,,
60.57930555,-157.60750000000002,2013-11-29,2,0,67.5,80.0,,Pastick,,0.0,N,,,,,,
60.233148166666666,-158.40694443333334,2013-11-29,3,0,61.666666666666664,83.33333333333333,,Pastick,,0.0,N,,,,,,
60.32462963333334,-156.82944443333332,2013-11-29,3,0,80.0,113.33333333333333,,Pastick,,0.0,N,,,,,,
58.99564813333334,-158.54388886666666,2013-11-29,3,0,97.66666666666667,201.66666666666666,,Pastick,,0.0,N,,,,,,
59.005555533333336,-158.55648146666667,2013-11-29,3,0,191.66666666666666,246.66666666666666,,Pastick,,0.0,N,,,,,,
59.07791665,-158.47458335,2013-11-29,2,0,141.0,220.0,,Pastick,,0.0,N,,,,,,
58.9748611,-157.72472225,2013-11-29,2,0,43.0,107.5,,Pastick,,0.0,N,,,,,,
58.95305555,-157.7388889,2013-11-29,2,0,60.0,121.0,,Pastick,,0.0,N,,,,,,
58.915,-157.86722220000001,2013-11-29,2,0,105.0,180.0,,Pastick,,0.0,N,,,,,,
58.896388900000005,-157.8491667,2013-11-29,2,0,63.5,180.0,,Pastick,,0.0,N,,,,,,
59.00569445,-158.57138885,2013-11-29,2,0,96.5,190.0,,Pastick,,0.0,N,,,,,,
59.0351389,-158.19013890000002,2013-11-29,2,0,77.5,107.5,,Pastick,,0.0,N,,,,,,
59.4552778,-157.3809722,2013-11-29,2,0,115.0,185.0,,Pastick,,0.0,N,,,,,,
59.46041665,-157.3486111,2013-11-29,2,0,124.0,145.0,,Pastick,,0.0,N,,,,,,
59.45958335,-157.33944444999997,2014-01-01,2,0,112.5,172.5,,Pastick,,0.0,N,,,,,,
59.458611133333335,-157.27527776666668,2013-11-29,3,0,82.66666666666667,130.0,,Pastick,,0.0,N,,,,,,
59.3047222,-157.59069445,2014-01-01,2,0,135.0,155.0,,Pastick,,0.0,N,,,,,,
59.34583335,-157.43930555,2013-11-29,2,0,117.5,132.5,,Pastick,,0.0,N,,,,,,
59.80814816666666,-158.07194446666668,2013-11-29,3,0,108.33333333333333,141.0,,Pastick,,0.0,N,,,,,,
60.545277766666665,-154.6316666666667,2013-11-29,3,0,58.666666666666664,82.66666666666667,,Pastick,,0.0,N,,,,,,
59.6662963,-156.19425923333333,2013-11-29,3,0,115.0,166.66666666666666,,Pastick,,0.0,N,,,,,,
59.6713889,-156.19930555000002,2013-11-29,2,0,110.0,119.0,,Pastick,,0.0,N,,,,,,
60.4423611,-155.74333335,2013-11-29,2,0,103.5,130.0,,Pastick,,0.0,N,,,,,,
59.4375,-157.32625,2013-11-29,2,0,110.5,155.0,,Pastick,,0.0,N,,,,,,
59.7711111,-158.37652775,2013-11-29,2,0,74.0,107.5,,Pastick,,0.0,N,,,,,,
59.46569445,-157.28152775,2013-11-29,2,0,92.5,152.5,,Pastick,,0.0,N,,,,,,
59.1177778,-157.6538889,2013-11-29,2,0,132.5,153.5,,Pastick,,0.0,N,,,,,,
59.0975,-157.6726389,2013-11-29,2,0,150.0,187.5,,Pastick,,0.0,N,,,,,,
59.5068056,-157.66930555,2014-01-01,2,0,74.0,120.0,,Pastick,,0.0,N,,,,,,
59.5040278,-157.6491667,2013-11-29,2,0,86.5,115.0,,Pastick,,0.0,N,,,,,,
59.465,-157.63583334999998,2013-11-29,2,0,63.5,80.0,,Pastick,,0.0,N,,,,,,
59.44958335,-157.65944445,2013-11-29,2,0,20.5,41.5,,Pastick,,0.0,N,,,,,,
59.57333333333333,-157.2609259333333,2014-01-12,3,0,67.66666666666667,133.33333333333334,,Pastick,,0.0,N,,,,,,
59.12685186666667,-157.67453703333334,2013-11-29,3,0,90.0,136.66666666666666,,Pastick,,0.0,N,,,,,,
59.057916675,-157.668125,2013-11-29,4,0,87.25,108.75,,Pastick,,0.0,N,,,,,,
59.01569445,-157.6648611,2013-11-29,2,0,61.0,160.0,,Pastick,,0.0,N,,,,,,
59.6173611,-157.64680555,2013-11-29,2,0,73.0,170.0,,Pastick,,0.0,N,,,,,,
59.514583349999995,-157.55208335,2013-11-29,2,0,105.0,147.5,,Pastick,,0.0,N,,,,,,
59.265347225,-158.65173612499999,2013-11-29,4,0,61.25,86.25,,Pastick,,0.0,N,,,,,,
59.303055549999996,-158.62097219999998,2013-11-29,2,0,53.5,90.0,,Pastick,,0.0,N,,,,,,
59.3034722,-158.61124999999998,2013-11-29,2,0,56.5,100.0,,Pastick,,0.0,N,,,,,,
59.244861099999994,-158.66222225,2013-11-29,2,0,60.0,100.0,,Pastick,,0.0,N,,,,,,
59.46472225,-157.65833335,2013-11-29,2,0,99.0,127.5,,Pastick,,0.0,N,,,,,,
59.71111115,-157.02847225,2013-11-29,2,0,143.0,176.5,,Pastick,,0.0,N,,,,,,
58.9172222,-157.94138885,2013-11-29,2,0,60.0,155.0,,Pastick,,0.0,N,,,,,,
59.26875,-158.61430554999998,2013-11-29,2,0,84.5,185.0,,Pastick,,0.0,N,,,,,,
59.2636111,-158.60944445,2013-11-29,2,0,75.0,100.0,,Pastick,,0.0,N,,,,,,
59.28601853333333,-158.64814813333334,2013-11-29,3,0,53.0,113.66666666666667,,Pastick,,0.0,N,,,,,,
59.282916650000004,-158.6268056,2013-11-29,2,0,121.0,155.0,,Pastick,,0.0,N,,,,,,
59.6877778,-158.42388885,2013-11-29,2,0,59.5,95.0,,Pastick,,0.0,N,,,,,,
59.7055556,-158.3844444,2013-11-29,2,0,52.0,80.0,,Pastick,,0.0,N,,,,,,
59.6710185,-157.3240741,2013-11-29,3,0,104.33333333333333,174.0,,Pastick,,0.0,N,,,,,,
59.0686111,-158.57694444999998,2013-11-29,2,0,84.5,124.0,,Pastick,,0.0,N,,,,,,
59.760846875000006,-160.27330697500003,2013-12-13,4,0,64.75,119.25,,Pastick,,0.0,N,,,,,,
59.752242700000004,-160.26748551666665,2013-12-13,6,0,37.666666666666664,110.0,,Pastick,,0.0,N,,,,,,
60.033573966666665,-159.87195253333334,2013-12-13,3,0,74.66666666666667,106.33333333333333,,Pastick,,0.0,N,,,,,,
60.0333184,-159.8621121,2013-12-13,2,0,87.5,152.0,,Pastick,,0.0,N,,,,,,
60.039515075,-159.870888825,2013-12-13,4,0,39.5,87.25,,Pastick,,0.0,N,,,,,,
60.00953663333333,-159.87408639999998,2013-12-13,3,0,74.33333333333333,111.66666666666667,,Pastick,,0.0,N,,,,,,
60.01868845,-159.8682154,2013-12-13,2,0,56.0,87.5,,Pastick,,0.0,N,,,,,,
60.049291833333335,-159.86607813333333,2013-12-13,3,0,62.666666666666664,87.66666666666667,,Pastick,,0.0,N,,,,,,
60.055047349999995,-159.86923395,2013-12-13,2,0,39.0,66.5,,Pastick,,0.0,N,,,,,,
59.920023725,-159.53735212499998,2013-12-13,4,0,35.0,107.0,,Pastick,,0.0,N,,,,,,
59.27351065,-159.852348025,2013-12-13,4,0,46.75,83.75,,Pastick,,0.0,N,,,,,,
59.74021114,-160.25557318,2013-12-13,5,0,45.2,72.8,,Pastick,,0.0,N,,,,,,
59.75432596666667,-160.29499583333333,2013-12-13,3,0,55.666666666666664,68.33333333333333,,Pastick,,0.0,N,,,,,,
59.7636268,-160.3114756,2013-12-13,2,0,51.5,131.5,,Pastick,,0.0,N,,,,,,
60.03113385,-159.8948884,2013-12-13,2,0,50.5,67.5,,Pastick,,0.0,N,,,,,,
59.937574850000004,-159.47406185,2013-12-13,2,0,2.0,116.0,,Pastick,,0.0,N,,,,,,
59.92230345,-159.48556330000002,2013-12-13,2,0,46.5,79.0,,Pastick,,0.0,N,,,,,,
59.91017396666666,-159.46316363333335,2013-12-13,3,0,16.666666666666668,152.0,,Pastick,,0.0,N,,,,,,
59.90593424285714,-159.48446637142857,2013-12-13,7,0,49.857142857142854,95.0,,Pastick,,0.0,N,,,,,,
59.29990345,-159.8741047,2013-12-13,2,0,49.0,77.5,,Pastick,,0.0,N,,,,,,
59.292804149999995,-159.85782089999998,2013-12-13,2,0,42.5,111.0,,Pastick,,0.0,N,,,,,,
59.74635055,-160.24054274999997,2013-12-13,2,0,71.5,152.0,,Pastick,,0.0,N,,,,,,
59.74366245,-160.22498635,2013-12-13,2,0,44.0,136.0,,Pastick,,0.0,N,,,,,,
59.7494436,-160.2233164,2013-12-13,2,0,59.0,108.5,,Pastick,,0.0,N,,,,,,
60.02918295,-159.85065724999998,2013-12-13,2,0,26.0,75.0,,Pastick,,0.0,N,,,,,,
59.9943921,-159.8356445,2013-12-13,2,0,25.5,75.0,,Pastick,,0.0,N,,,,,,
59.99855105,-159.8399819,2013-12-13,2,0,66.5,90.0,,Pastick,,0.0,N,,,,,,
59.93977725,-159.48557825,2013-12-13,2,0,79.5,152.0,,Pastick,,0.0,N,,,,,,
59.30563143333333,-159.8294905,2013-12-13,3,0,53.333333333333336,152.0,,Pastick,,0.0,N,,,,,,
59.829906933333326,-159.5023064333333,2013-12-13,3,0,53.333333333333336,121.33333333333333,,Pastick,,0.0,N,,,,,,
59.7797249,-159.48836765,2013-12-13,2,0,61.0,126.0,,Pastick,,0.0,N,,,,,,
59.7656785,-159.53392225,2013-12-13,2,0,58.5,90.0,,Pastick,,0.0,N,,,,,,
59.77155423333334,-159.5575456,2013-12-13,3,0,80.0,114.0,,Pastick,,0.0,N,,,,,,
61.723628700000006,-158.49567536666666,2015-06-22,3,0,33.5,120.0,,Pastick,,0.0,N,,,,,,
59.70828075,-159.5294857,2013-12-13,2,0,74.5,152.0,,Pastick,,0.0,N,,,,,,
59.53310895,-159.70980724999998,2013-12-13,2,0,107.5,152.0,,Pastick,,0.0,N,,,,,,
59.81539286666666,-159.5105859,2013-12-13,3,0,87.33333333333333,114.0,,Pastick,,0.0,N,,,,,,
59.809801449999995,-159.52311305,2013-12-13,2,0,30.5,58.5,,Pastick,,0.0,N,,,,,,
61.72656421666667,-158.46993873333335,2015-06-22,3,0,37.0,152.0,,Pastick,,0.0,N,,,,,,
59.68536486666667,-159.54496643333334,2013-12-13,3,0,30.333333333333332,81.66666666666667,,Pastick,,0.0,N,,,,,,
59.550248,-159.6455999,2013-12-13,4,0,72.0,134.0,,Pastick,,0.0,N,,,,,,
59.9167086,-159.50047765,2013-12-13,2,0,72.0,89.0,,Pastick,,0.0,N,,,,,,
59.910721075,-159.50394085,2013-12-13,4,0,61.75,106.25,,Pastick,,0.0,N,,,,,,
59.127883350000005,-159.083375,2013-04-08,2,0,63.0,152.0,,Pastick,,0.0,N,,,,,,
59.422574999999995,-161.15030835,2013-04-08,2,0,110.5,152.0,,Pastick,,0.0,N,,,,,,
59.23461875,-160.1543039,2013-12-13,2,0,60.0,152.0,,Pastick,,0.0,N,,,,,,
59.207225,-160.36683106666666,2013-12-13,3,0,78.33333333333333,152.0,,Pastick,,0.0,N,,,,,,
59.20399235,-160.25620445,2013-12-13,2,0,97.5,152.0,,Pastick,,0.0,N,,,,,,
59.162932049999995,-159.92239775,2013-12-13,4,0,83.0,152.0,,Pastick,,0.0,N,,,,,,
59.13012315,-159.60355765,2013-12-13,2,0,32.5,152.0,,Pastick,,0.0,N,,,,,,
59.23754493333333,-159.57487419999998,2013-12-13,3,0,68.33333333333333,152.0,,Pastick,,0.0,N,,,,,,
59.23798085,-159.46422185,2013-12-13,2,0,90.0,152.0,,Pastick,,0.0,N,,,,,,
59.2303194,-159.42735495,2013-12-13,2,0,39.0,152.0,,Pastick,,0.0,N,,,,,,
59.240486149999995,-159.33644775,2013-12-13,2,0,60.0,152.0,,Pastick,,0.0,N,,,,,,
59.17315825,-159.35963355,2013-12-13,2,0,60.0,166.0,,Pastick,,0.0,N,,,,,,
58.9751665,-159.77676365000002,2013-12-13,2,0,158.0,186.5,,Pastick,,0.0,N,,,,,,
59.19604546666667,-159.75261163333334,2013-12-13,3,0,84.33333333333333,130.0,,Pastick,,0.0,N,,,,,,
59.025965150000005,-160.10295209999998,2013-12-13,2,0,170.0,193.5,,Pastick,,0.0,N,,,,,,
59.02701436666667,-160.0924348,2013-12-13,3,0,81.33333333333333,120.0,,Pastick,,0.0,N,,,,,,
59.23605768,-159.21469754,2013-12-13,5,0,78.0,109.4,,Pastick,,0.0,N,,,,,,
59.20777973333333,-159.1684531666667,2013-12-13,3,0,77.33333333333333,125.0,,Pastick,,0.0,N,,,,,,
59.325143749999995,-158.93547585,2013-12-13,2,0,72.5,149.5,,Pastick,,0.0,N,,,,,,
59.26304685,-159.26622355,2013-12-13,2,0,76.5,76.5,,Pastick,,0.0,N,,,,,,
59.26715073333333,-159.27658433333332,2013-12-13,3,0,65.33333333333333,135.66666666666666,,Pastick,,0.0,N,,,,,,
59.187529299999994,-158.83570780000002,2013-12-13,2,0,82.5,135.0,,Pastick,,0.0,N,,,,,,
59.319456833333334,-159.09929546666666,2013-12-13,3,0,84.33333333333333,174.0,,Pastick,,0.0,N,,,,,,
59.05473836666667,-159.74351953333334,2013-12-13,3,0,108.33333333333333,152.0,,Pastick,,0.0,N,,,,,,
59.0225401,-159.76877095,2013-12-13,2,0,40.0,152.0,,Pastick,,0.0,N,,,,,,
59.12259305,-159.6994785,2013-12-13,2,0,117.5,156.0,,Pastick,,0.0,N,,,,,,
59.2300387,-159.64721915,2013-12-13,2,0,67.5,152.0,,Pastick,,0.0,N,,,,,,
59.19579415,-159.61431875,2013-12-13,2,0,47.5,152.0,,Pastick,,0.0,N,,,,,,
59.1892583,-160.14775535,2013-12-13,2,0,51.5,152.0,,Pastick,,0.0,N,,,,,,
64.02458666646113,-145.56620154803835,2004-06-21,6,0,0.0,105.0,,Pastick,1.0,0.0,N,,,,,,
63.90628060313952,-145.38800582450318,2004-07-18,2,0,0.0,76.5,,Pastick,1.0,17.5,N,,,,,,
63.817409851300745,-144.9626171507565,2004-07-18,2,0,27.0,62.0,,Pastick,3.0,12.5,N,,,,,,
63.815719268699986,-144.95607871400006,2018-08-16,100,1,54.65,54.65,,Schaefer_2020,,,,,,,,,
63.8067132532116,-145.0142008581925,2004-07-08,2,0,31.5,64.5,,Pastick,3.0,10.5,N,,,,,,
63.811239343800786,-145.03421107191673,2004-07-08,3,0,0.0,85.0,,Pastick,5.0,16.333333333333332,N,,,,,,
63.9819800146129,-145.07234566714337,2004-07-13,3,0,0.0,178.33333333333334,,Pastick,2.0,0.0,N,,,,,,
63.97912439345114,-145.0599294405563,2004-07-13,2,0,0.0,260.0,,Pastick,3.0,4.5,N,,,,,,
63.85274207786266,-145.11419494968078,2004-07-20,2,0,0.0,91.5,,Pastick,1.0,2.5,N,,,,,,
63.87384429093998,-145.21393654258762,2004-07-22,3,0,0.0,178.33333333333334,,Pastick,1.0,16.0,N,,,,,,
63.93914475636485,-145.20016796337146,2004-07-26,3,0,0.0,68.33333333333333,,Pastick,1.0,0.0,N,,,,,,
63.943867866120335,-145.20425293955861,2004-08-19,2,0,0.0,145.0,,Pastick,1.0,0.0,N,,,,,,
63.9492938890439,-145.20457896493235,2004-08-19,2,0,0.0,73.5,,Pastick,3.0,4.0,N,,,,,,
63.92670509256141,-145.17255177840218,2004-07-26,4,0,0.0,137.25,,Pastick,2.0,2.25,N,,,,,,
63.92807303102298,-145.20895597271036,2004-07-28,2,0,0.0,132.5,,Pastick,5.0,0.0,N,,,,,,
63.95130911443506,-145.2627864379781,2004-09-29,2,0,0.0,190.0,,Pastick,2.0,19.0,N,,,,,,
63.996156394021575,-145.52620089984038,2004-09-28,2,0,0.0,117.5,,Pastick,1.0,11.0,N,,,,,,
63.000064072157066,-151.66165152327096,1999-07-10,2,0,0.0,100.0,,Pastick,1.0,2.5,N,,,,,,
63.00800394294111,-151.65384668565542,1999-07-10,4,0,43.5,93.5,,Pastick,2.0,6.75,N,,,,,,
63.106499069215054,-151.65372571991523,1999-08-05,4,0,20.75,95.75,,Pastick,2.0,6.5,N,,,,,,
63.10908982376097,-151.6262943669865,1999-08-05,3,0,40.0,90.0,,Pastick,3.0,2.6666666666666665,Y,,,,,,
63.19405374807923,-151.95923008259786,1999-08-22,3,1,30.333333333333332,65.33333333333333,,Pastick,2.0,12.666666666666666,N,,,,,,
63.19896380902124,-151.9613135286255,1999-08-22,2,1,48.0,48.0,,Pastick,2.0,21.0,N,,,,,,
63.20261410476124,-151.97389718539642,1999-08-21,2,1,46.0,69.0,,Pastick,4.0,23.0,N,,,,,,
63.207349224316424,-151.52491577970574,1999-07-08,2,0,56.0,131.0,,Pastick,2.0,6.5,N,,,,,,
63.20775390231165,-151.70317393394959,1999-07-12,2,0,0.0,100.0,,Pastick,2.0,9.5,N,,,,,,
63.2070589172659,-151.69197901350458,1999-07-12,2,0,21.0,79.0,,Pastick,1.0,21.5,N,,,,,,
63.20966513519778,-151.682749245688,1999-07-12,3,1,27.333333333333332,70.0,,Pastick,2.0,26.666666666666668,N,,,,,,
63.21207172782198,-151.66201729871133,1999-07-12,2,0,0.0,100.0,,Pastick,2.0,6.5,N,,,,,,
63.21897931572157,-152.0278744661863,1999-08-22,2,0,0.0,100.0,,Pastick,1.0,6.5,N,,,,,,
63.21470597473689,-151.11030595691443,1999-07-12,2,0,0.0,100.0,,Pastick,1.0,2.0,N,,,,,,
63.225681837380904,-151.52945382856774,1999-07-08,2,0,0.0,100.0,,Pastick,1.0,6.0,N,,,,,,
63.22708655051815,-151.11708090554674,1999-07-12,2,1,92.5,92.5,,Pastick,1.0,8.5,N,,,,,,
63.23237768960594,-151.11732354294134,1999-07-12,2,0,0.0,125.0,,Pastick,3.0,2.0,N,,,,,,
63.23774102366843,-151.10811426524208,1999-07-12,2,0,0.0,125.0,,Pastick,1.0,5.5,N,,,,,,
63.24173833891567,-150.95669009353796,1999-07-07,4,0,0.0,100.0,,Pastick,2.0,1.5,N,,,,,,
63.246144655465,-150.95873390902904,1999-07-07,2,0,39.0,89.0,,Pastick,1.0,1.5,Y,,,,,,
63.2486456509484,-151.4158201958911,1999-08-09,2,0,0.0,125.0,,Pastick,3.0,7.0,N,,,,,,
63.25584049968201,-151.43324560363806,1999-08-09,2,0,57.5,107.5,,Pastick,3.0,11.5,N,,,,,,
63.25533042290681,-151.4248465960405,1999-08-09,2,0,0.0,125.0,,Pastick,1.0,2.5,N,,,,,,
63.26016263129545,-151.44591211089642,1999-08-09,2,0,0.0,100.0,,Pastick,2.0,4.5,N,,,,,,
63.251615293831335,-150.97748198695166,1999-07-07,2,0,0.0,100.0,,Pastick,2.0,4.5,N,,,,,,
63.259472190258236,-151.40699818827363,2002-08-30,2,1,41.0,116.0,,Pastick,2.0,12.0,N,,,,,,
63.26812131466298,-151.14662579598874,1999-07-14,2,0,0.0,100.0,,Pastick,3.0,2.0,N,,,,,,
63.26870099442405,-151.1267762221705,1999-07-14,2,0,0.0,125.0,,Pastick,2.0,8.5,N,,,,,,
63.27097453930894,-151.1153762809284,1999-07-14,2,1,65.0,72.0,,Pastick,1.0,10.0,N,,,,,,
63.2711048873443,-151.16888428332965,1999-07-14,4,0,11.75,99.25,,Pastick,4.0,8.25,N,,,,,,
63.28248926264416,-151.9292947097205,1999-07-24,3,0,9.666666666666666,93.0,,Pastick,1.0,64.66666666666667,N,,,,,,
63.27241722849307,-150.81431256160886,2002-08-15,2,0,98.0,98.0,,Pastick,2.0,6.0,Y,,,,,,
63.29636231748067,-151.93781255237005,1999-07-24,2,1,19.5,99.5,,Pastick,1.0,86.5,N,,,,,,
63.29705658954297,-151.60867524622466,1999-08-19,2,0,0.0,100.0,,Pastick,1.0,5.0,N,,,,,,
63.2975917112882,-151.59687957752038,1999-08-19,3,1,28.666666666666668,73.0,,Pastick,3.0,20.0,N,,,,,,
63.296624239625025,-151.5861810186683,1999-08-19,3,0,24.666666666666668,91.33333333333333,,Pastick,3.0,29.0,N,,,,,,
63.297895591716554,-151.56608275364746,1999-08-19,2,1,44.0,94.0,,Pastick,4.0,14.0,N,,,,,,
63.303207413327925,-151.92122501629186,1999-07-24,4,0,10.75,85.75,,Pastick,3.0,11.5,N,,,,,,
63.30691515680991,-151.91658186815727,1999-07-24,2,0,0.0,125.0,,Pastick,1.0,3.5,N,,,,,,
63.297651228427156,-151.0671715143075,1998-08-19,3,0,36.333333333333336,142.33333333333334,,Pastick,1.0,10.0,N,,,,,,
63.30080154067767,-151.06236427475625,1998-08-19,2,0,30.0,106.5,,Pastick,1.0,22.5,N,,,,,,
63.29867355288409,-150.78654765510444,1998-07-26,3,0,0.0,100.0,,Pastick,2.0,4.333333333333333,N,,,,,,
63.30795408966219,-150.7845810364109,1998-07-26,2,0,0.0,125.0,,Pastick,2.0,3.0,N,,,,,,
63.310985538708316,-150.77456580200084,1998-07-26,2,0,0.0,125.0,,Pastick,2.0,4.0,N,,,,,,
63.311036277233036,-150.92615308526385,1998-08-12,3,0,20.666666666666668,90.66666666666667,,Pastick,6.0,7.0,N,,,,,,
63.30960404956212,-150.91373351805976,1998-08-12,3,0,0.0,110.0,,Pastick,1.0,6.333333333333333,N,,,,,,
63.324020489608,-152.19715303246147,2001-09-05,2,1,22.0,97.0,,Pastick,3.0,19.0,N,,,,,,
63.303463922716304,-150.31322745951795,1998-07-10,2,0,36.0,111.0,,Pastick,2.0,1.5,Y,,,,,,
63.30766276099936,-150.32207018056116,1998-08-25,4,0,10.5,100.75,,Pastick,2.0,2.5,N,,,,,,
63.31123948617729,-150.31170373091186,1998-07-10,3,0,36.666666666666664,120.0,,Pastick,2.0,2.0,N,,,,,,
63.316391250709465,-151.09608926894077,1998-08-19,3,0,0.0,116.66666666666667,,Pastick,4.0,4.666666666666667,N,,,,,,
63.316247916524965,-151.08293838108767,1998-08-19,2,0,0.0,150.0,,Pastick,1.0,7.5,N,,,,,,
63.3136134036432,-150.94975524419647,1998-08-12,2,0,0.0,100.0,,Pastick,2.0,5.5,N,,,,,,
63.330079397130724,-152.17729456371447,2001-09-05,3,1,72.0,122.0,,Pastick,1.0,9.333333333333334,N,,,,,,
63.33090804544815,-151.77852517969322,1999-08-20,3,0,0.0,100.0,,Pastick,2.0,8.666666666666666,N,,,,,,
63.330088305017966,-151.77017544898783,1999-08-20,2,0,22.0,72.0,,Pastick,1.0,11.5,N,,,,,,
63.33031337286147,-151.76040002571395,1999-08-20,2,1,27.0,77.0,,Pastick,3.0,37.0,N,,,,,,
63.33070442875575,-151.75120637118508,1999-08-20,2,1,21.5,105.5,,Pastick,1.0,35.5,N,,,,,,
63.332914519013215,-151.79474114688742,1999-08-20,2,0,0.0,100.0,,Pastick,6.0,0.5,N,,,,,,
63.326931852408734,-150.74351461874778,1998-08-05,3,0,0.0,150.0,,Pastick,1.0,8.0,N,,,,,,
63.33883358431893,-150.7455061467839,1998-08-05,3,1,41.0,81.33333333333333,,Pastick,1.0,15.333333333333334,N,,,,,,
63.34699403587791,-150.61368175313348,1998-07-22,3,0,0.0,133.33333333333334,,Pastick,1.0,2.0,N,,,,,,
63.35164020258148,-150.6104207340045,1998-07-22,2,1,24.0,74.0,,Pastick,4.0,10.0,N,,,,,,
63.352880010097444,-150.74931736148682,1998-08-05,3,0,0.0,100.0,,Pastick,5.0,2.6666666666666665,N,,,,,,
63.364017350792246,-151.16850329429326,1999-07-22,3,0,9.0,116.33333333333333,,Pastick,2.0,12.0,N,,,,,,
63.36583113724666,-151.1467322102623,1999-07-22,2,1,22.0,97.0,,Pastick,3.0,85.5,N,,,,,,
63.37646632442067,-152.0246147552792,1999-10-10,3,1,80.0,80.0,,Pastick,2.0,20.666666666666668,N,,,,,,
63.35901425533776,-150.60865827310613,1998-07-22,2,1,31.5,91.5,,Pastick,1.0,11.5,N,,,,,,
63.36374380505521,-150.61798584923253,1998-07-21,3,0,0.0,116.66666666666667,,Pastick,1.0,5.666666666666667,N,,,,,,
63.355403689406245,-150.36593298039017,1998-07-09,3,0,10.333333333333334,95.66666666666667,,Pastick,2.0,10.333333333333334,N,,,,,,
63.359562429155574,-150.36938237945952,1998-07-09,2,0,26.5,76.5,,Pastick,3.0,5.0,N,,,,,,
63.36474916499805,-150.37062818668258,1998-07-09,2,0,15.5,123.0,,Pastick,5.0,2.5,N,,,,,,
63.369195999233796,-150.373312804979,1998-07-09,3,0,0.0,116.66666666666667,,Pastick,1.0,0.3333333333333333,N,,,,,,
63.38228366471864,-152.06231845674947,1999-10-10,2,1,58.5,66.5,,Pastick,1.0,25.5,N,,,,,,
63.38138058004157,-152.05150856972577,1999-10-10,3,1,61.666666666666664,61.666666666666664,,Pastick,2.0,16.333333333333332,N,,,,,,
63.37272064622275,-150.52719763986693,1998-07-14,3,0,24.0,100.66666666666667,,Pastick,1.0,2.0,N,,,,,,
63.37682062571304,-150.5397089639653,1998-07-14,2,0,29.0,79.0,,Pastick,4.0,10.5,N,,,,,,
63.3943149735264,-152.05885380590252,1999-10-10,3,1,30.0,73.0,,Pastick,2.0,24.0,N,,,,,,
63.383576702540026,-150.55952208187668,1998-07-14,4,0,0.0,102.5,,Pastick,1.0,2.0,N,,,,,,
63.38826022712371,-150.56367680736378,1998-07-14,3,1,42.333333333333336,75.66666666666667,,Pastick,2.0,11.666666666666666,N,,,,,,
63.40384772548344,-151.34072756830795,1999-09-04,3,1,36.333333333333336,69.66666666666667,,Pastick,2.0,20.666666666666668,N,,,,,,
63.41300195280286,-151.3370503534676,1999-09-04,2,1,85.5,102.0,,Pastick,1.0,24.0,N,,,,,,
63.407720507655604,-151.10024314976724,1998-08-21,3,0,13.666666666666666,104.33333333333333,,Pastick,1.0,13.0,N,,,,,,
63.413750416345025,-151.10711939371816,1998-08-21,2,1,102.5,113.5,,Pastick,5.0,28.5,N,,,,,,
63.423309864508155,-151.76925745384935,1999-08-24,4,1,53.5,91.0,,Pastick,2.0,55.0,N,,,,,,
63.42934306689869,-151.7662933471554,1999-08-19,2,0,49.5,124.5,,Pastick,2.0,19.5,N,,,,,,
63.42969977682511,-151.75583687935602,1999-08-20,3,1,40.0,55.333333333333336,,Pastick,1.0,22.666666666666668,N,,,,,,
63.431699131528276,-151.74666139024444,1999-08-24,2,0,34.5,109.5,,Pastick,1.0,84.0,N,,,,,,
63.42114378127923,-151.3383395774226,1999-09-04,5,1,33.8,92.2,,Pastick,5.0,56.6,N,,,,,,
63.4184960447238,-151.0943470398662,1998-08-21,3,0,27.666666666666668,94.33333333333333,,Pastick,5.0,28.333333333333332,N,,,,,,
63.419922925928894,-151.07621213837987,1998-08-21,3,0,0.0,133.33333333333334,,Pastick,2.0,12.333333333333334,N,,,,,,
63.412972893647094,-150.51067207592405,2002-08-20,2,0,0.0,125.0,,Pastick,2.0,1.5,N,,,,,,
63.43586769082477,-151.604571273553,1999-08-08,3,1,34.0,37.666666666666664,,Pastick,5.0,19.0,N,,,,,,
63.43883180172159,-151.59742051734364,1999-08-08,2,1,13.5,94.5,,Pastick,2.0,76.5,N,,,,,,
63.43977654058268,-151.636016715828,1999-08-08,3,1,23.0,62.333333333333336,,Pastick,1.0,54.666666666666664,N,,,,,,
63.44484811005721,-151.74043222902569,1999-08-23,2,0,0.0,100.0,,Pastick,3.0,5.0,N,,,,,,
63.43908237869573,-150.8389728991817,1998-08-24,2,0,0.0,150.0,,Pastick,3.0,9.5,N,,,,,,
63.43317182963477,-150.4903209166917,1998-09-09,2,0,29.5,106.5,,Pastick,2.0,32.5,N,,,,,,
63.44755913317807,-151.11689047194628,1998-08-20,3,0,12.666666666666666,80.66666666666667,,Pastick,3.0,18.333333333333332,N,,,,,,
63.45794295094796,-151.11596045919867,1998-08-20,3,0,14.333333333333334,95.0,,Pastick,3.0,13.666666666666666,N,,,,,,
63.456870014312244,-151.99620433906685,2000-08-26,2,1,63.0,67.5,,Pastick,2.0,15.5,N,,,,,,
63.445164540499725,-150.82038280837008,1998-08-24,3,0,29.333333333333332,112.66666666666667,,Pastick,3.0,13.666666666666666,N,,,,,,
63.4502827083018,-150.81795239316142,1998-08-24,4,0,0.0,100.0,,Pastick,4.0,8.5,N,,,,,,
63.46007492886578,-152.40003676290476,2000-08-29,2,1,23.0,80.5,,Pastick,2.0,40.0,N,,,,,,
63.46194765114736,-152.37898067526092,2000-08-29,3,0,16.333333333333332,109.33333333333333,,Pastick,2.0,26.666666666666668,N,,,,,,
63.43463947906689,-150.0553608930141,1998-07-08,2,0,10.0,72.5,,Pastick,1.0,19.5,N,,,,,,
63.43934135773601,-150.0584082452578,1998-07-08,2,0,0.0,125.0,,Pastick,3.0,3.5,N,,,,,,
63.466029542989304,-152.35557661745895,2000-08-29,4,0,21.75,84.25,,Pastick,1.0,29.0,N,,,,,,
63.46424295546469,-152.01183618128823,2000-08-26,3,1,63.666666666666664,74.0,,Pastick,1.0,18.666666666666668,N,,,,,,
63.46011678228581,-151.23504900287622,1999-08-25,2,0,0.0,100.0,,Pastick,1.0,5.5,N,,,,,,
63.46902099979754,-151.74458348648878,1999-08-22,3,0,17.333333333333332,104.33333333333333,,Pastick,2.0,17.666666666666668,N,,,,,,
63.47251308438882,-151.74122585010704,1999-08-22,3,0,13.666666666666666,105.33333333333333,,Pastick,3.0,26.0,N,,,,,,
63.47425223711855,-152.02363339765384,2000-08-26,2,1,49.0,51.0,,Pastick,4.0,17.5,N,,,,,,
63.465576822082795,-150.83770614724844,2001-08-16,2,1,57.5,107.5,,Pastick,2.0,4.5,N,,,,,,
63.47291928887557,-151.12687054304467,1998-08-20,4,0,75.75,107.25,,Pastick,1.0,9.5,Y,,,,,,
63.47062518549144,-151.1160660485981,1998-08-20,2,0,52.5,119.5,,Pastick,4.0,9.0,Y,,,,,,
63.461399650710355,-150.1779308681466,1997-09-06,4,0,73.25,108.75,,Pastick,4.0,7.25,N,,,,,,
63.48492777100593,-151.34694869415762,1999-08-25,2,1,64.0,70.0,,Pastick,1.0,14.5,N,,,,,,
63.48025592038872,-150.46474490982516,2002-08-20,3,0,29.333333333333332,129.33333333333334,,Pastick,1.0,3.3333333333333335,N,,,,,,
63.474250444939806,-150.16344362086957,1997-09-06,2,1,25.5,105.0,,Pastick,4.0,8.0,N,,,,,,
63.499690321531595,-151.90939629763318,1999-09-01,2,0,0.0,150.0,,Pastick,6.0,8.5,N,,,,,,
63.50197140229799,-151.8852647482148,1999-09-01,3,0,27.333333333333332,110.66666666666667,,Pastick,2.0,15.0,N,,,,,,
63.505396559623975,-151.89620903439288,1999-09-01,2,1,49.5,50.5,,Pastick,1.0,30.5,N,,,,,,
63.482519277629486,-150.15997525968405,1997-09-06,3,0,0.0,106.66666666666667,,Pastick,1.0,0.6666666666666666,N,,,,,,
63.4900241079281,-150.69183148943503,1999-07-23,2,1,19.0,81.5,,Pastick,2.0,20.0,N,,,,,,
63.50976005666833,-151.3113450710245,1999-08-25,2,0,26.5,83.5,,Pastick,3.0,26.5,N,,,,,,
63.51428174107175,-151.2963265047397,1999-08-25,3,1,70.66666666666667,83.0,,Pastick,2.0,26.0,N,,,,,,
63.500949239249394,-150.5741261636794,1998-08-26,5,0,0.0,110.0,,Pastick,2.0,4.2,N,,,,,,
63.50864215121228,-150.5719653196829,1998-08-26,5,0,0.0,102.0,,Pastick,6.0,5.8,N,,,,,,
63.510811723946176,-150.73749710496364,1999-07-23,4,1,42.5,49.0,,Pastick,2.0,39.0,N,,,,,,
63.513845652856865,-150.83506287233138,1998-08-25,3,1,47.0,104.66666666666667,,Pastick,3.0,28.0,N,,,,,,
63.51510323297962,-150.82029692905823,1998-08-24,2,0,0.0,100.0,,Pastick,6.0,4.5,N,,,,,,
63.52308813551602,-150.92328037250695,1998-08-25,4,0,97.25,97.25,,Pastick,1.0,9.5,Y,,,,,,
63.527825179962264,-150.92273473394184,1998-08-25,2,0,44.0,44.0,,Pastick,5.0,2.5,Y,,,,,,
63.532162110777506,-151.50327500380106,1999-09-05,2,0,23.5,98.5,,Pastick,3.0,91.5,N,,,,,,
63.53306735768869,-151.4935695318919,1999-09-05,3,1,53.0,53.0,,Pastick,1.0,10.333333333333334,N,,,,,,
63.51786927063479,-150.36294242415698,1997-07-18,4,0,0.0,137.5,,Pastick,2.0,5.5,N,,,,,,
63.522433755295246,-150.69880621597997,1999-02-07,2,0,16.5,66.5,,Pastick,5.0,14.0,N,,,,,,
63.5348193986771,-151.52147089258682,1999-09-05,2,1,53.5,61.0,,Pastick,4.0,21.5,N,,,,,,
63.53698590201612,-151.5385648925854,1999-09-05,3,0,0.0,133.33333333333334,,Pastick,3.0,4.666666666666667,N,,,,,,
63.52248859193489,-150.37596802728476,1997-07-18,2,0,41.0,116.0,,Pastick,3.0,4.0,N,,,,,,
63.534795513152645,-150.71297073383732,1999-07-27,2,0,98.0,98.0,,Pastick,2.0,6.5,Y,,,,,,
63.58067072882473,-152.37069785227908,2000-08-10,2,0,21.0,105.0,,Pastick,3.0,40.5,N,,,,,,
63.58146354833869,-151.8542555386702,1999-09-03,4,1,38.0,65.5,,Pastick,2.0,54.25,N,,,,,,
63.58188823826793,-151.899761388298,1999-09-03,3,0,0.0,100.0,,Pastick,3.0,7.333333333333333,N,,,,,,
63.584819174045855,-151.32348261963938,1999-08-18,2,0,0.0,100.0,,Pastick,1.0,8.5,N,,,,,,
63.58581846773944,-151.31299494447617,1999-08-18,3,1,36.333333333333336,92.66666666666667,,Pastick,3.0,73.0,N,,,,,,
63.5864560890973,-151.34853678609298,1999-08-18,2,0,29.0,83.0,,Pastick,4.0,14.0,N,,,,,,
63.576245456798915,-150.5413150067252,2002-08-19,2,0,0.0,150.0,,Pastick,2.0,6.5,N,,,,,,
63.59813202305222,-152.56714860826912,2000-09-10,3,0,14.666666666666666,101.33333333333333,,Pastick,4.0,55.0,N,,,,,,
63.59778307172767,-152.55669299751733,2000-09-10,3,0,16.666666666666668,116.66666666666667,,Pastick,1.0,39.0,N,,,,,,
63.58075252184788,-150.6391377144551,1998-08-23,4,0,44.5,107.0,,Pastick,1.0,5.5,Y,,,,,,
63.588398131046716,-151.0125165660546,2000-08-28,3,1,65.33333333333333,75.66666666666667,,Pastick,1.0,35.0,N,,,,,,
63.57747411277255,-150.25416403279553,1999-07-23,4,0,8.5,93.25,,Pastick,1.0,8.0,N,,,,,,
63.58427576215752,-150.56147108655338,2002-08-19,3,0,28.666666666666668,128.66666666666666,,Pastick,1.0,11.333333333333334,N,,,,,,
63.58836858693988,-150.63842579509287,1998-08-23,2,0,0.0,98.0,,Pastick,5.0,10.0,N,,,,,,
63.59351720119255,-150.63982687303147,1998-08-23,3,0,82.33333333333333,130.33333333333334,,Pastick,3.0,6.666666666666667,Y,,,,,,
63.598955661497236,-150.64859202868868,1999-12-26,3,0,103.0,103.0,,Pastick,1.0,8.0,Y,,,,,,
63.61140016258946,-152.07240400043645,2000-09-06,2,1,52.5,54.5,,Pastick,1.0,47.5,N,,,,,,
63.609529100465124,-152.0593204199242,2000-09-06,3,0,24.333333333333332,124.33333333333333,,Pastick,1.0,28.0,N,,,,,,
63.613198208786415,-152.0989672316109,2000-09-06,4,0,0.0,137.5,,Pastick,2.0,4.5,N,,,,,,
63.61652854440629,-151.60447808971367,1999-08-06,4,1,45.75,70.75,,Pastick,1.0,30.25,N,,,,,,
63.608954300096,-150.76147556854235,1998-08-11,3,0,44.666666666666664,88.33333333333333,,Pastick,9.0,10.333333333333334,N,,,,,,
63.613606850880004,-150.75821767868212,1998-08-11,2,0,52.0,52.0,,Pastick,5.0,4.0,Y,,,,,,
63.62031727339245,-150.75440930570977,1998-08-11,2,0,81.5,81.5,,Pastick,3.0,8.5,Y,,,,,,
63.62257383686792,-150.75469196629504,1998-08-11,3,0,70.33333333333333,70.33333333333333,,Pastick,1.0,12.0,Y,,,,,,
63.631326436157956,-152.4021526328468,2000-08-10,4,0,25.25,105.5,,Pastick,2.0,43.5,N,,,,,,
63.63587765324706,-152.58690830052913,2000-09-10,4,1,38.75,86.75,,Pastick,2.0,32.75,N,,,,,,
63.63341860173248,-151.598870532551,1999-08-14,2,1,23.5,104.0,,Pastick,3.0,11.5,N,,,,,,
63.6338986920351,-151.58739196826417,1999-08-14,2,0,0.0,100.0,,Pastick,5.0,4.5,N,,,,,,
63.630149855312304,-150.40682262581763,1998-08-09,3,0,21.0,104.33333333333333,,Pastick,3.0,6.0,N,,,,,,
63.62855004572744,-150.40343192095503,1998-08-09,2,1,47.5,71.0,,Pastick,2.0,53.0,N,,,,,,
63.63474927206644,-150.41023303468646,1998-08-09,3,0,0.0,133.33333333333334,,Pastick,3.0,10.0,N,,,,,,
63.66119921550897,-151.7615143961776,1999-09-07,4,1,18.5,89.25,,Pastick,4.0,63.25,N,,,,,,
63.66072344503499,-151.7486286949713,1999-09-07,3,0,13.333333333333334,102.0,,Pastick,5.0,32.0,N,,,,,,
63.66079762387611,-151.74186410338496,1999-09-07,2,0,31.5,131.5,,Pastick,3.0,0.0,N,,,,,,
63.64560061097714,-150.42400454325,1998-08-09,2,1,18.0,76.0,,Pastick,2.0,18.0,N,,,,,,
63.6673119285321,-152.0908347672473,2000-08-11,2,0,28.0,78.0,,Pastick,2.0,40.0,N,,,,,,
63.65810885259873,-151.0593684405266,1999-07-27,4,0,10.5,89.0,,Pastick,1.0,12.25,N,,,,,,
63.65758418555609,-151.04663802825806,1999-07-27,3,1,27.0,67.33333333333333,,Pastick,2.0,29.666666666666668,N,,,,,,
63.67842430696178,-152.07948894287085,2000-08-11,3,0,27.0,127.0,,Pastick,3.0,15.666666666666666,N,,,,,,
63.67792265611675,-152.06433111171702,2000-08-11,3,1,27.666666666666668,85.33333333333333,,Pastick,4.0,27.333333333333332,N,,,,,,
63.673809902339755,-151.5932486120472,1999-09-02,2,0,0.0,100.0,,Pastick,5.0,14.0,N,,,,,,
63.676331183696185,-151.57717380626923,1999-09-02,2,0,0.0,125.0,,Pastick,3.0,3.5,N,,,,,,
63.661447053082156,-150.22427635646048,1998-07-13,2,1,65.5,86.5,,Pastick,1.0,22.0,N,,,,,,
63.682321966911864,-151.54876848773205,1999-09-02,2,0,0.0,125.0,,Pastick,5.0,10.0,N,,,,,,
63.66449490309367,-150.21098858705665,1998-07-13,2,0,0.0,100.0,,Pastick,3.0,3.5,N,,,,,,
63.69164359593502,-151.89776414846213,1999-09-06,4,0,14.0,114.0,,Pastick,1.0,8.0,N,,,,,,
63.69646047401231,-151.9068059475838,1999-09-06,4,1,65.5,65.5,,Pastick,2.0,31.25,N,,,,,,
63.67417426039436,-150.1963347799461,1998-07-13,2,1,29.0,55.5,,Pastick,1.0,29.0,N,,,,,,
63.68188175899115,-150.5697014395954,1998-09-02,2,0,89.0,89.0,,Pastick,1.0,8.0,Y,,,,,,
63.675923610478755,-150.17409047687934,1999-07-26,4,0,8.0,105.5,,Pastick,1.0,9.0,N,,,,,,
63.68877553565779,-150.96839015710677,1998-09-03,2,1,56.0,77.0,,Pastick,2.0,30.5,N,,,,,,
63.68827594628042,-150.5819633894388,1998-09-02,5,0,69.6,113.2,,Pastick,6.0,8.0,N,,,,,,
63.69307008950117,-150.58348613635113,1998-09-02,3,0,46.333333333333336,46.333333333333336,,Pastick,1.0,2.3333333333333335,Y,,,,,,
63.698569550266136,-151.25481650483113,1999-07-28,2,0,0.0,150.0,,Pastick,1.0,3.0,N,,,,,,
63.69682336505559,-151.2456916627718,1999-07-28,3,1,39.333333333333336,39.333333333333336,,Pastick,1.0,21.666666666666668,N,,,,,,
63.70228625253304,-151.2615182453697,1999-07-28,2,0,0.0,125.0,,Pastick,3.0,1.5,N,,,,,,
63.68107526388235,-150.03313957864867,1998-07-12,3,0,21.333333333333332,93.66666666666667,,Pastick,3.0,13.0,N,,,,,,
63.682923613867786,-150.02145725039082,1998-07-12,2,1,60.0,135.0,,Pastick,4.0,8.5,N,,,,,,
63.69980773293631,-150.46378185554244,1998-08-25,3,0,97.0,97.0,,Pastick,4.0,14.666666666666666,Y,,,,,,
63.69813543303211,-150.45188585006025,1998-07-25,2,0,23.5,79.5,,Pastick,1.0,17.5,N,,,,,,
63.70385435324712,-150.46105100645346,1998-08-04,3,0,26.0,126.0,,Pastick,1.0,8.333333333333334,N,,,,,,
63.7076290598912,-150.46063854998533,1998-07-25,2,0,77.0,77.0,,Pastick,2.0,0.5,Y,,,,,,
63.69956092829147,-150.43104204633684,1998-07-25,2,0,20.5,105.0,,Pastick,1.0,16.0,N,,,,,,
63.69240465122872,-150.02402634213772,1998-07-12,3,0,12.333333333333334,53.666666666666664,,Pastick,2.0,11.333333333333334,N,,,,,,
63.71317857973756,-151.24145684044015,1999-07-28,2,0,19.5,74.0,,Pastick,5.0,33.5,N,,,,,,
63.718948714489045,-151.2412908868271,1999-07-28,2,0,0.0,100.0,,Pastick,1.0,2.5,N,,,,,,
63.70160262351675,-150.0206575950654,1998-07-12,2,1,34.0,50.0,,Pastick,1.0,33.0,N,,,,,,
63.716594993975534,-150.77467174848562,1998-08-10,2,1,66.5,74.5,,Pastick,4.0,30.5,N,,,,,,
63.71450494936726,-150.77218350758147,1998-08-10,3,0,56.333333333333336,68.0,,Pastick,1.0,8.333333333333334,Y,,,,,,
63.71982105157489,-150.77572446035765,1998-08-10,2,0,63.5,63.5,,Pastick,1.0,24.0,Y,,,,,,
63.72471525930785,-150.78180453855165,1998-08-10,3,0,48.666666666666664,82.0,,Pastick,3.0,8.666666666666666,Y,,,,,,
63.731204973147385,-150.78208281172147,1998-08-10,2,1,60.0,115.0,,Pastick,2.0,15.5,Y,,,,,,
63.7284946591747,-150.99009545931426,1998-09-03,4,1,60.0,70.25,,Pastick,1.0,49.75,N,,,,,,
63.729210026607525,-150.98041787264714,1998-09-03,2,0,0.0,150.0,,Pastick,3.0,18.0,N,,,,,,
63.728049418103666,-150.96858511789713,1998-09-03,4,0,17.75,92.75,,Pastick,2.0,7.5,N,,,,,,
63.73734732670213,-151.71545961225482,1999-07-26,2,1,48.5,48.5,,Pastick,1.0,14.0,N,,,,,,
63.7402836523744,-151.7385828316964,1999-07-25,5,1,44.0,95.4,,Pastick,5.0,36.4,N,,,,,,
63.75384621945893,-152.17191866922371,2000-09-09,4,0,21.0,133.5,,Pastick,4.0,6.0,N,,,,,,
63.75358157633872,-152.1602926952299,2000-09-09,4,1,39.25,79.5,,Pastick,3.0,32.5,N,,,,,,
63.75289010765949,-152.14988061027765,2000-09-09,2,1,44.0,50.5,,Pastick,2.0,27.0,N,,,,,,
63.758204398854915,-151.93292198699692,2000-08-09,4,0,9.75,122.25,,Pastick,1.0,8.0,N,,,,,,
63.76197376202849,-151.93501503014,2000-08-09,2,1,31.0,116.5,,Pastick,1.0,21.0,N,,,,,,
63.76596851672335,-151.95249579469544,2000-08-09,3,1,33.666666666666664,93.33333333333333,,Pastick,2.0,33.666666666666664,N,,,,,,
63.784484486283915,-151.46598241396856,2000-09-11,2,0,0.0,150.0,,Pastick,5.0,41.5,N,,,,,,
63.79142070729106,-151.74576919937158,2000-08-13,4,1,20.5,60.75,,Pastick,4.0,60.75,N,,,,,,
63.79555498150418,-151.747696727167,2000-08-13,2,1,74.5,74.5,,Pastick,1.0,19.5,N,,,,,,
63.80100521242649,-151.75208416671722,2000-08-13,2,0,66.5,66.5,,Pastick,2.0,8.5,Y,,,,,,
63.79219884548877,-150.79918344112247,1998-09-05,4,0,83.0,86.25,,Pastick,2.0,11.75,Y,,,,,,
63.79689692320652,-150.80214217961952,1998-09-05,2,1,110.0,116.5,,Pastick,5.0,24.0,N,,,,,,
63.8025386248028,-150.79892351123382,1998-09-05,3,1,53.666666666666664,119.0,,Pastick,1.0,16.333333333333332,N,,,,,,
63.807777186968906,-151.75676003172617,2000-08-13,2,1,86.5,86.5,,Pastick,2.0,13.0,N,,,,,,
63.81970626696845,-152.1057228520651,2002-08-30,2,0,0.0,150.0,,Pastick,1.0,0.0,N,,,,,,
63.811174302473056,-150.78668914525826,1998-09-05,3,1,53.0,68.33333333333333,,Pastick,1.0,44.0,N,,,,,,
63.8242105248818,-151.5202473160767,2000-09-11,3,0,14.666666666666666,121.0,,Pastick,3.0,67.33333333333333,N,,,,,,
63.82416351421551,-151.5136216501454,2000-09-11,2,1,76.5,76.5,,Pastick,1.0,68.5,N,,,,,,
63.812796563012675,-150.5503367446578,1998-07-27,3,1,24.666666666666668,92.66666666666667,,Pastick,1.0,26.333333333333332,N,,,,,,
63.807953025264304,-150.05154574266422,1999-07-23,3,1,45.666666666666664,56.0,,Pastick,3.0,47.666666666666664,N,,,,,,
63.82095675516309,-150.5619858993815,1998-07-26,2,1,68.5,71.5,,Pastick,4.0,16.5,Y,,,,,,
63.81972481745022,-150.5546046087164,1998-07-26,5,1,48.2,57.8,,Pastick,5.0,12.4,N,,,,,,
63.82488164076392,-150.57404701830947,1998-07-27,2,1,59.0,70.5,,Pastick,6.0,19.0,N,,,,,,
63.83282621842852,-151.56281461135322,2000-09-11,3,0,0.0,133.33333333333334,,Pastick,1.0,18.666666666666668,N,,,,,,
63.83380686270803,-151.21414817727245,2000-08-16,3,0,0.0,133.33333333333334,,Pastick,6.0,37.0,N,,,,,,
63.834817268626686,-151.195515248306,2000-08-16,3,0,18.0,118.0,,Pastick,2.0,41.666666666666664,N,,,,,,
63.834411802539734,-151.18666684242322,2000-08-16,2,0,22.5,97.5,,Pastick,1.0,13.5,N,,,,,,
63.83098483127753,-150.89513714183906,1998-09-08,3,0,0.0,133.33333333333334,,Pastick,1.0,4.0,N,,,,,,
63.83297420742019,-150.87128475843457,1998-09-08,2,1,30.0,113.5,,Pastick,4.0,79.5,N,,,,,,
63.83285094295735,-150.86465567280462,1998-09-08,3,1,59.0,60.333333333333336,,Pastick,2.0,42.0,N,,,,,,
63.837639640265635,-151.3579540126469,2002-08-30,2,0,0.0,125.0,,Pastick,1.0,44.5,N,,,,,,
63.829392149664905,-150.27169545917508,1998-07-24,2,0,0.0,150.0,,Pastick,2.0,10.5,N,,,,,,
63.83089373550274,-150.24953590668918,1998-07-24,3,0,16.333333333333332,84.66666666666667,,Pastick,3.0,18.0,N,,,,,,
63.8267311737049,-150.00632484933334,1998-07-23,2,0,0.0,84.0,,Pastick,3.0,2.0,N,,,,,,
63.82790206887026,-149.9959803213569,1998-07-22,3,1,54.666666666666664,103.33333333333333,,Pastick,1.0,27.333333333333332,N,,,,,,
63.836194062399514,-150.2247423172293,1998-07-24,2,1,57.0,61.5,,Pastick,2.0,36.5,N,,,,,,
63.86454999441678,-150.9623032113241,1998-08-22,2,0,0.0,150.0,,Pastick,2.0,6.5,N,,,,,,
63.887961273317806,-151.69208952680108,2000-09-08,3,1,53.333333333333336,105.66666666666667,,Pastick,2.0,7.333333333333333,N,,,,,,
63.894350662978184,-151.70560659107656,2000-09-08,5,0,19.2,97.6,,Pastick,4.0,91.4,N,,,,,,
63.878384814628426,-150.8179530230554,1998-09-07,4,1,46.0,95.75,,Pastick,1.0,72.5,N,,,,,,
63.88648268029742,-151.39943111486014,2000-08-14,2,1,31.0,106.0,,Pastick,5.0,11.0,N,,,,,,
63.886745290521084,-151.38549512200757,2000-08-14,2,0,0.0,100.0,,Pastick,3.0,5.5,N,,,,,,
63.886524747686394,-151.3790106446902,2000-08-14,2,0,0.0,125.0,,Pastick,2.0,1.0,N,,,,,,
63.87163145704396,-150.32650459072912,1998-08-06,2,1,55.5,78.0,,Pastick,3.0,31.0,N,,,,,,
63.876546515780724,-150.32804009149126,1998-08-06,3,0,0.0,123.33333333333333,,Pastick,1.0,11.666666666666666,N,,,,,,
63.88463094263832,-150.97501435481888,1998-08-22,5,1,51.2,86.8,,Pastick,5.0,44.8,N,,,,,,
63.88906521086691,-150.97650796946073,1998-08-22,2,1,42.0,53.0,,Pastick,2.0,31.0,N,,,,,,
63.89328048577286,-150.97717227081583,1998-08-22,2,1,21.0,115.5,,Pastick,4.0,115.5,N,,,,,,
63.89758331752745,-150.97703569045814,1998-08-22,2,0,21.0,108.0,,Pastick,2.0,108.0,N,,,,,,
63.893809671193054,-151.409006446403,2000-08-14,2,1,23.5,73.5,,Pastick,1.0,45.5,N,,,,,,
63.90225969147605,-152.0303805717416,2000-09-07,3,0,13.0,71.66666666666667,,Pastick,3.0,71.66666666666667,N,,,,,,
63.88452808195143,-150.33586435124857,1998-08-06,5,0,37.8,121.8,,Pastick,2.0,5.2,N,,,,,,
63.90943592151694,-152.03195365156748,2000-09-07,4,1,31.25,78.75,,Pastick,1.0,50.5,N,,,,,,
63.89758275274545,-150.67621801185012,1998-09-07,4,0,28.5,109.5,,Pastick,4.0,23.0,N,,,,,,
63.91946010367376,-152.02547634575885,2000-09-07,4,1,54.0,79.0,,Pastick,2.0,33.0,N,,,,,,
63.91246474362865,-150.71116002854532,1998-09-07,2,1,79.0,79.0,,Pastick,4.0,14.0,N,,,,,,
63.90323851084293,-150.11713809461162,1997-09-03,3,1,66.33333333333333,66.33333333333333,,Pastick,2.0,17.666666666666668,N,,,,,,
63.927988917713805,-151.49189963466995,2000-08-27,4,1,50.0,115.75,,Pastick,4.0,68.0,N,,,,,,
63.93507237655772,-151.4871529852851,2000-08-27,3,1,49.666666666666664,105.66666666666667,,Pastick,3.0,22.666666666666668,N,,,,,,
63.92553055946206,-150.50858949383408,1998-09-06,3,1,32.0,82.0,,Pastick,5.0,19.0,N,,,,,,
63.92980611200621,-150.5116310161185,1998-09-06,3,1,72.66666666666667,76.66666666666667,,Pastick,1.0,13.0,N,,,,,,
63.91912737450614,-150.15367017628247,2002-08-18,3,0,0.0,150.0,,Pastick,3.0,7.666666666666667,N,,,,,,
63.94308666114276,-151.51583222346812,2000-08-27,2,0,76.0,76.0,,Pastick,2.0,9.5,Y,,,,,,
63.940247473427604,-150.72839190806044,1998-09-07,3,1,85.66666666666667,90.0,,Pastick,1.0,24.0,N,,,,,,
63.94448320354505,-150.53653915255063,1998-09-06,2,1,87.0,95.0,,Pastick,2.0,17.5,N,,,,,,
63.961221556845,-151.1896053453938,2000-08-28,3,1,67.33333333333333,76.66666666666667,,Pastick,3.0,21.333333333333332,N,,,,,,
63.943567410247574,-150.02667527925564,1997-08-20,3,1,62.666666666666664,71.33333333333333,,Pastick,1.0,29.0,N,,,,,,
63.95053106252746,-150.04742894566598,1997-08-20,4,1,37.75,86.5,,Pastick,3.0,26.25,N,,,,,,
63.949656279685826,-150.03416847826358,1997-08-20,2,1,67.5,67.5,,Pastick,4.0,25.5,N,,,,,,
63.9469055074822,-150.0866562794696,1997-08-20,3,1,92.66666666666667,92.66666666666667,,Pastick,2.0,22.333333333333332,N,,,,,,
63.99283405784366,-151.40292231007797,2000-08-15,3,0,62.0,112.0,,Pastick,1.0,11.666666666666666,N,,,,,,
63.972932464408714,-150.04035942754248,2002-08-18,2,1,43.0,118.0,,Pastick,2.0,12.0,N,,,,,,
63.98799545626716,-150.65156268219738,1998-09-04,4,1,39.75,77.25,,Pastick,1.0,47.5,N,,,,,,
63.988324822528206,-150.63902988431153,1998-09-04,3,1,56.666666666666664,65.33333333333333,,Pastick,3.0,21.0,N,,,,,,
63.99225098506817,-150.6532042194308,1998-09-04,2,1,55.5,60.0,,Pastick,3.0,25.0,N,,,,,,
63.9955983099598,-150.6481068935966,1998-09-04,2,1,104.5,109.5,,Pastick,2.0,32.0,N,,,,,,
63.99999536413454,-150.6476757764193,1998-09-04,2,1,66.5,73.5,,Pastick,5.0,14.5,N,,,,,,
64.00158367256034,-151.76785678575817,2000-08-12,4,1,26.5,98.75,,Pastick,1.0,57.25,N,,,,,,
63.981769986803236,-150.16534048815316,1998-08-07,5,0,40.0,63.4,,Pastick,3.0,13.4,Y,,,,,,
63.98414560460874,-150.15617407587334,1998-08-07,2,0,93.0,93.0,,Pastick,4.0,7.0,Y,,,,,,
63.98469411139433,-150.14470427810446,1998-08-07,3,0,51.0,85.0,,Pastick,1.0,19.0,Y,,,,,,
63.98398909335283,-151.7588117306533,2000-08-12,4,1,46.75,100.5,,Pastick,3.0,41.0,N,,,,,,
63.98184610922233,-151.75460522730145,2000-08-12,2,0,16.5,97.0,,Pastick,2.0,45.5,N,,,,,,
63.97872521480258,-151.1813825077041,2000-08-28,2,1,17.5,85.0,,Pastick,4.0,43.0,N,,,,,,
63.98430760837848,-151.1899042897047,2000-08-28,3,0,0.0,150.0,,Pastick,3.0,5.0,N,,,,,,
63.98439355818282,-151.2750864828298,2000-08-15,2,0,30.5,105.5,,Pastick,1.0,15.0,N,,,,,,
63.997453647847756,-150.3903476877517,1998-08-08,3,1,50.333333333333336,66.0,,Pastick,4.0,16.666666666666668,N,,,,,,
63.99569718335377,-150.37974899695956,1998-08-08,2,1,46.5,58.0,,Pastick,2.0,24.5,N,,,,,,
63.998689524193416,-150.39933214676915,1998-08-08,2,1,17.5,92.5,,Pastick,3.0,10.0,N,,,,,,
64.01804459024117,-151.71979476376637,2001-09-02,3,1,69.33333333333333,119.33333333333333,,Pastick,2.0,49.666666666666664,N,,,,,,
64.0247827873799,-151.75028739473657,2002-09-02,2,1,90.0,165.0,,Pastick,1.0,80.0,N,,,,,,
64.02719742546395,-151.79477139308577,2001-09-02,3,1,44.0,94.0,,Pastick,1.0,32.333333333333336,N,,,,,,
64.03311407111717,-151.79935445451972,2001-09-02,3,1,65.0,69.66666666666667,,Pastick,1.0,44.666666666666664,N,,,,,,
63.744439349337675,-148.9264287060423,1997-09-08,3,0,21.333333333333332,106.33333333333333,,Pastick,4.0,17.333333333333332,N,,,,,,
63.74691609699872,-148.93778566238234,1997-09-08,2,0,28.5,78.5,,Pastick,6.0,19.0,N,,,,,,
63.75245853346884,-148.94802827660135,1997-09-08,4,0,0.0,96.0,,Pastick,1.0,5.5,Y,,,,,,
63.719807014060876,-149.07645447313536,1997-09-09,2,0,0.0,150.0,,Pastick,1.0,2.0,N,,,,,,
63.71935827325692,-149.13328446048104,1997-09-09,2,0,0.0,100.0,,Pastick,1.0,11.0,N,,,,,,
63.722061510889354,-149.4070166298474,1997-09-10,3,0,32.0,116.66666666666667,,Pastick,1.0,9.333333333333334,N,,,,,,
63.73425902325179,-149.3343735730696,1997-07-16,6,0,10.166666666666666,118.5,,Pastick,1.0,6.166666666666667,N,,,,,,
63.73713647587883,-149.32643426750258,1997-07-16,2,0,0.0,110.5,,Pastick,3.0,6.0,Y,,,,,,
63.573327474287105,-148.99631765139807,1997-07-23,4,0,0.0,120.0,,Pastick,1.0,7.75,N,,,,,,
63.57722366359491,-148.99859026147018,1997-07-23,2,0,0.0,116.5,,Pastick,3.0,3.5,Y,,,,,,
63.580792649825796,-148.99985818706278,1997-07-23,2,0,0.0,101.0,,Pastick,1.0,1.0,N,,,,,,
63.9859280783024,-149.93921734116174,1997-08-21,2,1,26.0,76.0,,Pastick,3.0,18.0,N,,,,,,
63.986371734224306,-149.91556601929238,1997-08-21,4,1,27.5,102.5,,Pastick,1.0,14.25,N,,,,,,
63.98596890542985,-149.9050925452282,1997-08-21,3,1,32.333333333333336,82.33333333333333,,Pastick,2.0,19.333333333333332,N,,,,,,
63.713730824196126,-149.16972639874203,1997-08-22,3,0,0.0,116.66666666666667,,Pastick,1.0,4.0,N,,,,,,
63.71893964051664,-149.16853922737747,1997-08-22,2,0,0.0,100.0,,Pastick,2.0,7.5,N,,,,,,
63.72192211675001,-149.17021570417788,1997-08-22,2,0,18.0,78.0,,Pastick,2.0,10.0,N,,,,,,
63.710585344682,-149.14093407281868,1997-08-22,2,0,0.0,150.0,,Pastick,3.0,4.5,N,,,,,,
63.64216471490689,-149.58926041631437,1997-09-02,4,0,18.0,110.5,,Pastick,1.0,12.75,N,,,,,,
63.64400040296816,-149.57542868873017,1997-09-03,2,0,0.0,150.0,,Pastick,3.0,11.0,N,,,,,,
63.50306221249062,-149.75055235226176,1997-07-17,2,0,44.5,102.5,,Pastick,1.0,7.5,N,,,,,,
63.51043416867934,-149.76275388826713,1997-07-17,2,0,40.0,100.0,,Pastick,3.0,7.5,N,,,,,,
63.517881874088516,-149.78210947376746,1997-07-17,2,1,32.5,119.0,,Pastick,1.0,3.5,N,,,,,,
63.775282303771284,-149.96818871003376,1998-07-11,2,1,72.5,147.5,,Pastick,2.0,66.0,N,,,,,,
63.77736900379796,-149.98812651257404,1998-07-11,3,1,35.333333333333336,51.0,,Pastick,4.0,23.0,N,,,,,,
63.77784973194342,-149.95122774218282,1998-07-11,5,0,18.2,98.2,,Pastick,1.0,9.0,N,,,,,,
63.69508430373433,-150.00156305657745,1998-07-12,2,1,77.0,86.0,,Pastick,9.0,17.5,N,,,,,,
63.63429407928797,-149.00095648383424,1998-07-15,2,1,11.0,85.5,,Pastick,1.0,14.0,N,,,,,,
63.64177406729771,-149.0134954127399,1997-07-30,3,0,0.0,140.0,,Pastick,1.0,10.0,N,,,,,,
63.63820088661126,-149.0053607297985,1997-07-30,2,0,0.0,125.0,,Pastick,1.0,12.0,N,,,,,,
63.64480650451775,-149.0173793245848,1997-07-30,2,0,0.0,100.5,,Pastick,3.0,6.5,N,,,,,,
63.64867261557037,-149.01793665555186,1997-07-30,2,0,0.0,94.5,,Pastick,1.0,1.0,Y,,,,,,
63.572301151560374,-148.9694514001953,1998-07-15,3,0,32.0,102.0,,Pastick,1.0,7.666666666666667,N,,,,,,
63.830467258006564,-149.97805695160562,1998-07-23,3,1,23.333333333333332,71.33333333333333,,Pastick,3.0,51.666666666666664,N,,,,,,
63.83062680714178,-149.96710453143578,1998-07-23,2,1,19.0,97.0,,Pastick,1.0,20.5,N,,,,,,
63.918730104114815,-149.32177222454877,1998-07-24,2,0,0.0,125.0,,Pastick,4.0,9.0,N,,,,,,
63.924345109294144,-149.3267859581247,1998-07-24,3,1,32.0,88.66666666666667,,Pastick,1.0,27.666666666666668,N,,,,,,
63.91309839199488,-149.30814364010405,1998-07-24,2,0,0.0,100.0,,Pastick,6.0,4.5,N,,,,,,
63.64860122349228,-149.72109742550958,1999-08-11,6,0,39.5,92.5,,Pastick,1.0,11.333333333333334,N,,,,,,
63.60352599574007,-149.70384458361224,1999-08-11,5,0,0.0,96.4,,Pastick,1.0,2.2,N,,,,,,
63.454127276005885,-149.92580659857498,1999-08-21,5,0,0.0,107.8,,Pastick,1.0,2.4,N,,,,,,
63.48085003065026,-149.56072632743397,1999-08-21,4,0,20.25,95.25,,Pastick,1.0,6.0,N,,,,,,
63.50976172441795,-148.85048929485535,2000-06-19,3,0,0.0,118.0,,Pastick,3.0,6.333333333333333,N,,,,,,
63.50782899415172,-148.83941729160756,2000-06-29,4,0,6.0,73.75,,Pastick,2.0,13.5,N,,,,,,
63.38485601745047,-148.98777561875985,2000-06-20,3,0,0.0,150.0,,Pastick,1.0,8.333333333333334,N,,,,,,
63.39028579939477,-149.00237508860664,2000-06-20,4,0,0.0,116.0,,Pastick,4.0,19.75,Y,,,,,,
63.45707668393457,-149.0107756659124,2000-06-21,3,0,0.0,73.66666666666667,,Pastick,1.0,2.3333333333333335,Y,,,,,,
63.44308260928633,-149.0091816391773,2000-06-21,5,0,0.0,150.0,,Pastick,3.0,5.4,N,,,,,,
63.47497063844659,-149.1114166085988,2000-06-22,2,0,0.0,150.0,,Pastick,1.0,3.5,N,,,,,,
63.480987065161585,-149.1277250026566,2000-06-22,2,0,0.0,96.5,,Pastick,1.0,1.5,Y,,,,,,
63.469141022095954,-149.10458836839877,2000-06-22,4,0,0.0,112.5,,Pastick,1.0,3.5,N,,,,,,
63.376771478964386,-149.31929231005165,2000-06-23,2,0,0.0,100.0,,Pastick,1.0,36.0,N,,,,,,
63.375117033936284,-149.30863400789872,2000-06-23,2,1,26.5,76.5,,Pastick,5.0,8.0,N,,,,,,
63.37569830150508,-149.2975103853343,2000-06-23,4,0,0.0,137.5,,Pastick,1.0,4.75,N,,,,,,
63.37525722233199,-149.28653519320255,2000-06-23,3,0,0.0,62.0,,Pastick,1.0,2.3333333333333335,Y,,,,,,
63.377041711074746,-149.63918484798495,2000-06-24,3,0,0.0,150.0,,Pastick,2.0,1.3333333333333333,N,,,,,,
63.374759562179634,-149.63016343735882,2000-06-24,3,0,0.0,133.33333333333334,,Pastick,5.0,0.6666666666666666,N,,,,,,
63.380332658910326,-149.64414077122848,2000-06-24,2,0,0.0,150.0,,Pastick,1.0,1.0,N,,,,,,
63.37050190959485,-149.6413155280672,2000-06-24,2,0,0.0,150.0,,Pastick,3.0,2.5,N,,,,,,
63.319887398346864,-149.86336809419467,2000-06-25,2,0,0.0,100.0,,Pastick,1.0,2.0,N,,,,,,
63.325521177365395,-149.86369847251834,2000-06-25,3,0,0.0,133.33333333333334,,Pastick,3.0,7.333333333333333,N,,,,,,
63.33345751988912,-149.87924711519776,2000-06-25,2,0,0.0,91.5,,Pastick,1.0,1.5,Y,,,,,,
63.252763468780586,-149.82801057890717,2000-06-26,4,0,0.0,85.5,,Pastick,1.0,5.25,Y,,,,,,
63.257998773780685,-149.83268396683656,2000-06-26,2,0,0.0,125.0,,Pastick,1.0,6.0,N,,,,,,
63.262491850096445,-149.8289539614545,2000-06-26,5,0,0.0,120.0,,Pastick,2.0,3.8,N,,,,,,
63.26219426927424,-149.40728337641275,2000-07-10,2,0,0.0,100.0,,Pastick,1.0,5.5,N,,,,,,
63.27193775643751,-149.42260083709814,2000-07-10,2,0,0.0,100.0,,Pastick,4.0,2.5,N,,,,,,
63.280467410615806,-149.44027952121735,2000-07-10,2,0,0.0,125.0,,Pastick,1.0,45.0,N,,,,,,
63.29743925394049,-149.4681576743188,2000-07-10,2,0,0.0,125.0,,Pastick,1.0,4.0,N,,,,,,
63.257739586233136,-149.37938760285476,2000-07-11,3,0,0.0,133.33333333333334,,Pastick,1.0,9.0,N,,,,,,
63.31148390175451,-149.2751730271515,2000-07-11,3,0,0.0,133.33333333333334,,Pastick,1.0,56.333333333333336,N,,,,,,
63.49043991743122,-148.8399861768062,2000-07-11,3,0,0.0,116.66666666666667,,Pastick,1.0,5.333333333333333,N,,,,,,
63.35608491177086,-149.78608247432874,2000-07-12,5,0,0.0,130.0,,Pastick,1.0,2.8,N,,,,,,
63.347667125350355,-149.79936945175268,2000-07-12,2,0,0.0,136.0,,Pastick,1.0,3.5,Y,,,,,,
63.34426019462485,-149.79013147298204,2000-07-12,2,0,0.0,79.0,,Pastick,1.0,0.0,Y,,,,,,
63.349863195402115,-149.80317234806773,2000-07-12,3,0,0.0,116.66666666666667,,Pastick,1.0,4.333333333333333,N,,,,,,
63.28868608351607,-149.6193570597705,2000-07-13,2,0,0.0,111.0,,Pastick,1.0,1.0,Y,,,,,,
63.28614052541666,-149.5999773463332,2000-07-13,3,0,0.0,133.33333333333334,,Pastick,3.0,2.0,N,,,,,,
63.28631158126129,-149.59108657556868,2000-07-13,4,0,0.0,112.5,,Pastick,3.0,58.5,N,,,,,,
63.2412560841643,-149.75394280749126,2000-07-14,3,0,0.0,82.0,,Pastick,1.0,4.0,Y,,,,,,
63.2424117544218,-149.74231928728167,2000-07-14,3,0,0.0,58.0,,Pastick,1.0,5.333333333333333,N,,,,,,
63.24482038674788,-149.7273634030101,2000-07-14,2,0,0.0,100.0,,Pastick,1.0,45.5,N,,,,,,
63.24983962665292,-149.6956168491331,2000-07-14,2,0,0.0,125.0,,Pastick,1.0,2.0,N,,,,,,
63.16866892339127,-149.91386375998218,2000-07-16,2,0,0.0,100.0,,Pastick,1.0,1.5,N,,,,,,
63.17345859145885,-149.91305128646798,2000-07-16,5,0,0.0,104.2,,Pastick,1.0,3.8,N,,,,,,
63.16416668899361,-149.9309857002794,2000-07-16,2,0,0.0,125.0,,Pastick,1.0,2.5,N,,,,,,
63.16330206122528,-149.91846057795883,2000-07-16,2,0,0.0,100.0,,Pastick,1.0,5.5,N,,,,,,
63.405746122054815,-149.2800431439918,2000-07-17,3,0,0.0,150.0,,Pastick,1.0,11.333333333333334,N,,,,,,
63.394908588103426,-149.44347081489738,2000-07-17,2,0,0.0,150.0,,Pastick,1.0,2.5,N,,,,,,
63.216504499917164,-149.39539308357178,2002-07-22,2,0,0.0,150.0,,Pastick,1.0,62.0,N,,,,,,
63.31962366457022,-149.47464800789666,2002-07-22,3,0,0.0,150.0,,Pastick,1.0,3.3333333333333335,N,,,,,,
63.32442774910831,-149.46169053764814,2002-07-22,2,0,0.0,150.0,,Pastick,1.0,59.5,N,,,,,,
63.77243176194648,-149.2001308392777,2002-07-31,4,0,0.0,121.25,,Pastick,1.0,1.0,N,,,,,,
63.63063352921906,-149.16416230667784,2002-08-01,3,0,32.0,79.66666666666667,,Pastick,1.0,7.0,Y,,,,,,
63.63450479953931,-149.16156990622602,2002-08-01,2,0,63.5,106.0,,Pastick,3.0,6.5,Y,,,,,,
63.79277599228382,-149.22928416304688,2002-08-02,2,1,19.0,102.0,,Pastick,2.0,10.5,N,,,,,,
63.80381225883241,-149.47506680702585,2002-08-02,3,0,11.333333333333334,136.0,,Pastick,1.0,5.0,N,,,,,,
63.78057662007868,-149.5360777110427,2002-08-03,2,0,0.0,150.0,,Pastick,3.0,10.5,N,,,,,,
63.785426596531536,-149.5334683351545,2002-08-03,2,0,0.0,150.0,,Pastick,1.0,1.0,N,,,,,,
63.7850027125629,-149.52665985490898,2002-08-03,2,0,0.0,125.0,,Pastick,2.0,6.0,N,,,,,,
63.78699646263915,-149.51610847348996,2002-08-03,2,0,20.5,104.0,,Pastick,1.0,18.5,N,,,,,,
63.580870684257,-149.5015935409807,2002-08-04,2,0,0.0,73.5,,Pastick,1.0,1.5,Y,,,,,,
63.582510126621315,-149.53227480421614,2002-08-04,2,0,0.0,125.0,,Pastick,2.0,9.0,N,,,,,,
63.57985014398197,-149.51323387057118,2002-08-04,2,1,44.5,119.5,,Pastick,2.0,11.0,N,,,,,,
63.97699717430427,-149.62645461307045,2002-08-05,3,0,21.333333333333332,65.0,,Pastick,3.0,7.0,Y,,,,,,
63.97558653224015,-149.6201288787999,2002-08-05,2,0,0.0,94.5,,Pastick,1.0,3.0,Y,,,,,,
63.98064530039054,-149.63853183544617,2002-08-05,3,1,46.666666666666664,96.66666666666667,,Pastick,2.0,13.333333333333334,N,,,,,,
63.93272980328987,-149.23398262085985,2002-08-06,2,1,72.5,72.5,,Pastick,3.0,33.5,N,,,,,,
63.93133630156725,-149.22301141938397,2002-08-06,4,0,9.5,122.0,,Pastick,1.0,14.25,N,,,,,,
63.71448038824113,-149.19629451546325,2002-08-07,3,0,13.666666666666666,103.33333333333333,,Pastick,1.0,9.333333333333334,N,,,,,,
63.71969840703994,-149.19874122196399,2002-08-07,2,0,45.5,120.5,,Pastick,1.0,9.5,N,,,,,,
63.523969516072356,-149.12176537990706,2002-08-14,2,0,0.0,150.0,,Pastick,1.0,1.5,N,,,,,,
63.528854653293564,-149.1034279261253,2002-08-14,3,0,31.0,114.33333333333333,,Pastick,1.0,10.0,N,,,,,,
63.59866250414012,-148.87283205931067,2002-08-16,3,0,0.0,133.33333333333334,,Pastick,1.0,12.0,N,,,,,,
63.58662437930987,-148.9013583428631,2002-08-15,2,1,24.0,99.0,,Pastick,1.0,21.0,N,,,,,,
63.88526643558498,-149.94621841388206,2002-08-17,2,1,23.0,98.0,,Pastick,1.0,26.5,N,,,,,,
63.90479955398541,-149.9831183851676,2002-08-17,2,0,0.0,62.5,,Pastick,2.0,3.5,Y,,,,,,
63.88572127758272,-149.82734291672784,2002-08-17,2,1,31.0,106.0,,Pastick,1.0,11.5,N,,,,,,
63.96807675438452,-149.86819238355355,1997-08-22,2,1,55.5,67.0,,Pastick,1.0,31.0,N,,,,,,
63.96635374974893,-149.8569804951799,1997-08-22,2,1,35.5,85.5,,Pastick,6.0,10.5,N,,,,,,
63.9674338749168,-149.84368419641427,1997-08-22,3,1,32.333333333333336,70.0,,Pastick,1.0,14.333333333333334,N,,,,,,
63.96661492217984,-149.83123065521977,1999-04-21,3,1,54.333333333333336,54.333333333333336,,Pastick,1.0,32.0,N,,,,,,
63.96808888161815,-149.82526566875939,1997-08-22,2,1,59.0,59.0,,Pastick,3.0,9.5,N,,,,,,
63.50993125409002,-149.33260615287537,2002-08-20,2,0,0.0,150.0,,Pastick,1.0,3.5,N,,,,,,
63.46092014693327,-149.08319958023958,2002-08-21,2,0,0.0,150.0,,Pastick,1.0,5.5,N,,,,,,
63.45058931847076,-148.94624482912997,2002-08-21,2,0,0.0,150.0,,Pastick,1.0,3.5,N,,,,,,
63.77281729719593,-149.42784429874274,2002-08-28,2,1,28.0,103.0,,Pastick,1.0,15.0,N,,,,,,
63.77397356794064,-149.41754055267896,1997-07-19,3,1,62.333333333333336,102.33333333333333,,Pastick,1.0,27.333333333333332,N,,,,,,
63.755963748740726,-149.4267516037944,1997-07-19,2,0,0.0,94.5,,Pastick,1.0,0.0,Y,,,,,,
63.760305474797164,-149.42886865000008,1997-07-19,2,1,44.5,95.0,,Pastick,3.0,3.5,N,,,,,,
63.76420453192884,-149.43672963496482,2002-08-28,2,0,0.0,52.5,,Pastick,1.0,1.5,Y,,,,,,
63.76593437550252,-149.42466293206832,1997-07-19,3,0,27.333333333333332,98.0,,Pastick,3.0,2.6666666666666665,N,,,,,,
63.684080071670806,-148.92392572807069,2002-08-29,2,1,23.0,98.0,,Pastick,1.0,13.5,N,,,,,,
63.51790649940952,-149.30484311547332,1997-07-14,3,0,10.0,116.66666666666667,,Pastick,2.0,8.333333333333334,N,,,,,,
63.51928364385,-149.2925061297682,1997-07-14,2,0,0.0,150.0,,Pastick,3.0,50.5,N,,,,,,
63.5243025203918,-149.2761948521471,1997-07-14,2,0,0.0,150.0,,Pastick,1.0,2.5,N,,,,,,
63.50266857749878,-149.35364967956554,1997-07-15,2,0,0.0,150.0,,Pastick,1.0,3.0,N,,,,,,
63.507969506727264,-149.37521402883306,1997-07-15,2,0,0.0,150.0,,Pastick,1.0,2.5,N,,,,,,
63.50715095956595,-149.26924068777276,1997-07-15,2,0,0.0,95.0,,Pastick,1.0,2.5,N,,,,,,
63.525808191383504,-149.78601015377603,1997-07-17,2,1,36.5,41.0,,Pastick,2.0,26.5,N,,,,,,
63.6113190004589,-149.25743795655546,1997-07-20,3,0,0.0,103.66666666666667,,Pastick,2.0,6.666666666666667,Y,,,,,,
63.61249376759355,-149.24703321854096,1997-07-20,3,0,0.0,133.33333333333334,,Pastick,1.0,6.666666666666667,N,,,,,,
63.61564068025395,-149.23841379318463,1997-07-20,2,0,0.0,150.0,,Pastick,4.0,5.0,N,,,,,,
63.683831507849156,-149.29579949084547,1997-07-24,3,1,23.333333333333332,69.66666666666667,,Pastick,1.0,22.666666666666668,N,,,,,,
63.68379813771475,-149.28407219658703,1997-07-24,4,0,14.0,114.0,,Pastick,4.0,4.5,N,,,,,,
63.68589635524921,-149.27489585691882,1997-07-24,4,0,20.25,95.25,,Pastick,1.0,4.5,N,,,,,,
63.614765687850344,-149.90715949624476,1997-07-25,2,1,19.0,103.0,,Pastick,2.0,8.5,N,,,,,,
63.61224719823772,-149.89058192622258,1997-07-25,3,0,0.0,133.33333333333334,,Pastick,5.0,3.0,N,,,,,,
63.619504644345135,-149.9138211875248,1997-07-25,3,0,0.0,120.0,,Pastick,3.0,6.333333333333333,N,,,,,,
63.62372174307009,-149.9152831131465,1997-07-25,2,0,0.0,107.5,,Pastick,1.0,5.5,N,,,,,,
63.690521703123935,-149.42002508261288,1997-07-26,4,0,14.5,96.0,,Pastick,1.0,26.25,N,,,,,,
63.690963680258164,-149.39714608421437,1997-07-26,3,1,52.333333333333336,92.33333333333333,,Pastick,2.0,21.0,N,,,,,,
63.68101582644284,-149.44335005070585,1997-07-26,3,0,0.0,116.66666666666667,,Pastick,1.0,3.3333333333333335,N,,,,,,
63.624199554108635,-149.47278154052879,1997-07-27,3,0,0.0,106.66666666666667,,Pastick,1.0,3.0,N,,,,,,
63.630332046062925,-149.44570193216785,1997-07-27,3,0,17.333333333333332,121.66666666666667,,Pastick,2.0,11.333333333333334,N,,,,,,
63.559430024251604,-149.30380205089634,1997-07-28,3,0,0.0,114.33333333333333,,Pastick,1.0,1.3333333333333333,Y,,,,,,
63.5642836567003,-149.30516771064927,1997-07-28,3,0,14.0,97.33333333333333,,Pastick,1.0,6.333333333333333,N,,,,,,
63.56455506112595,-149.3309713659054,1997-07-28,3,1,76.33333333333333,79.0,,Pastick,4.0,12.0,N,,,,,,
63.56578518668633,-149.34767665830466,1997-07-28,3,0,9.666666666666666,120.33333333333333,,Pastick,2.0,9.666666666666666,N,,,,,,
63.78081397817422,-149.71243325973458,1997-08-08,3,0,13.333333333333334,86.0,,Pastick,3.0,15.0,N,,,,,,
63.78504651694468,-149.6985603250948,1997-08-08,2,0,0.0,110.0,,Pastick,8.0,2.0,N,,,,,,
63.7863194512068,-149.69110874019353,1997-08-08,4,0,43.75,116.25,,Pastick,3.0,4.0,N,,,,,,
63.775289864229705,-149.7562363142323,1997-08-09,3,0,18.0,129.33333333333334,,Pastick,1.0,9.0,N,,,,,,
63.7811120998752,-149.7443129099646,1997-08-09,3,0,14.333333333333334,117.33333333333333,,Pastick,1.0,15.666666666666666,N,,,,,,
63.97399260517341,-149.24134091213926,1997-08-10,2,0,0.0,120.0,,Pastick,2.0,8.0,N,,,,,,
63.97060246078082,-149.23606353823337,1997-08-10,3,0,10.666666666666666,102.66666666666667,,Pastick,1.0,13.666666666666666,N,,,,,,
63.976323219183996,-149.24288661527106,1997-08-10,4,0,0.0,127.5,,Pastick,3.0,7.75,N,,,,,,
63.972881443023354,-149.282080587515,1997-08-10,2,1,26.5,110.0,,Pastick,5.0,24.0,N,,,,,,
63.97280034456252,-149.3166501893594,1997-08-11,2,0,0.0,150.0,,Pastick,1.0,3.0,N,,,,,,
63.95665819289849,-149.47433770601447,1997-08-12,3,0,34.0,134.0,,Pastick,2.0,11.0,N,,,,,,
63.957527091807854,-149.46250642142206,1997-08-12,3,0,0.0,133.33333333333334,,Pastick,3.0,5.666666666666667,N,,,,,,
63.962124589044365,-149.4560567806788,1997-08-12,2,1,102.0,102.0,,Pastick,1.0,21.0,N,,,,,,
63.91960050764631,-149.63972616438517,1997-08-13,2,1,87.5,92.5,,Pastick,5.0,14.0,N,,,,,,
63.92486836379171,-149.64065029946818,1997-08-13,3,0,0.0,100.0,,Pastick,2.0,6.333333333333333,N,,,,,,
63.929140905971565,-149.64157627152093,1997-08-13,3,0,0.0,108.0,,Pastick,1.0,5.333333333333333,N,,,,,,
63.93260403908471,-149.6414194422541,1997-08-13,3,1,71.0,71.0,,Pastick,1.0,16.333333333333332,N,,,,,,
63.7276203540213,-149.16951817944,1997-08-22,2,0,55.0,132.5,,Pastick,4.0,11.0,N,,,,,,
63.640587348369834,-149.63062991474493,1997-08-24,4,1,41.25,111.25,,Pastick,4.0,12.25,N,,,,,,
63.64171106941984,-149.6202402859318,1997-08-24,4,0,0.0,112.5,,Pastick,1.0,1.5,N,,,,,,
63.644969325505876,-149.63306097954805,1997-08-24,3,0,0.0,116.0,,Pastick,1.0,1.6666666666666667,Y,,,,,,
63.69693465837878,-148.9734304247977,1997-08-25,5,0,21.6,129.6,,Pastick,1.0,6.2,N,,,,,,
63.70597850487623,-148.97285389915274,1997-08-25,2,1,46.5,121.5,,Pastick,4.0,16.5,N,,,,,,
63.67881345258528,-148.82050907832775,1997-08-26,5,0,0.0,120.0,,Pastick,1.0,7.0,N,,,,,,
63.67889159256602,-148.8121837424667,1997-08-26,2,0,0.0,100.0,,Pastick,6.0,4.5,N,,,,,,
63.68346304087951,-148.7857974263047,1997-08-26,4,0,19.5,119.5,,Pastick,1.0,11.5,N,,,,,,
63.949378023511976,-149.50125134889225,1997-08-27,2,1,62.5,62.5,,Pastick,1.0,45.5,N,,,,,,
63.976792923321334,-149.98063618334754,1997-08-28,3,1,48.333333333333336,48.333333333333336,,Pastick,1.0,24.0,N,,,,,,
63.51177850548709,-149.91998162788218,1997-09-03,2,1,35.5,60.5,,Pastick,4.0,29.0,N,,,,,,
63.517767525366814,-149.9264474990572,1997-09-03,2,1,39.0,59.0,,Pastick,2.0,31.0,N,,,,,,
63.51938990081162,-149.93144157035658,1997-09-03,2,0,0.0,125.0,,Pastick,1.0,7.0,N,,,,,,
63.50989099832471,-149.90193175624378,1997-09-04,2,0,0.0,100.0,,Pastick,1.0,6.0,N,,,,,,
63.50360371546469,-149.90592739144375,1997-09-04,2,0,0.0,125.0,,Pastick,1.0,2.5,N,,,,,,
63.67913216392187,-148.86664381970297,1997-09-05,3,0,22.0,88.66666666666667,,Pastick,2.0,14.666666666666666,N,,,,,,
63.680446087536794,-148.85540332348182,1997-09-05,2,0,21.5,109.0,,Pastick,4.0,18.0,N,,,,,,
63.682238351790566,-148.84412549968545,1997-09-05,3,1,46.0,84.66666666666667,,Pastick,1.0,12.0,N,,,,,,
63.67668129544147,-148.88398803885593,1997-09-05,2,0,0.0,100.0,,Pastick,3.0,11.5,N,,,,,,
63.84669610356022,-145.70154314673647,2000-07-07,2,0,0.0,36.0,,Pastick,3.0,9.0,N,,,,,,
63.84692342678566,-145.71639143432532,2011-12-22,8,1,39.125,44.0,,Schaefer_2020,7.0,7.0,N,,,,,,
63.85164986869367,-145.72211252901968,2000-07-07,2,0,0.0,79.0,,Pastick,9.0,9.5,N,,,,,,
63.78494060932749,-145.86576345069238,2000-08-04,2,1,45.5,112.5,,Pastick,3.0,2.0,N,,,,,,
63.84620524902431,-145.83573226064766,2000-06-27,2,0,0.0,87.5,,Pastick,9.0,4.0,N,,,,,,
63.7918937453931,-145.8500996155642,2000-07-18,2,1,71.5,85.0,,Pastick,1.0,6.5,N,,,,,,
63.789738382937756,-145.79276236284727,2000-07-20,2,1,12.5,65.0,,Pastick,4.0,11.0,Y,,,,,,
63.83416185223719,-145.85785767973942,2000-07-24,2,0,0.0,75.0,,Pastick,3.0,39.5,N,,,,,,
64.60446962157454,-146.6976907607094,2000-07-31,2,0,0.0,107.5,,Pastick,1.0,16.5,Y,,,,,,
63.82412005359316,-145.89501250150477,2000-08-01,2,0,0.0,85.0,,Pastick,14.0,11.5,N,,,,,,
63.787897434670214,-145.77295306375265,2000-08-23,2,0,22.5,55.0,,Pastick,2.0,30.5,N,,,,,,
63.75438858624526,-145.87668105457882,2000-08-24,3,0,0.0,93.33333333333333,,Pastick,9.0,10.333333333333334,N,,,,,,
63.83341547194101,-145.81859710595248,2000-09-06,2,0,45.0,90.0,,Pastick,3.0,17.0,N,,,,,,
63.86637352770424,-145.83025805304752,2000-09-07,2,0,0.0,90.0,,Pastick,1.0,5.0,N,,,,,,
63.9344674410427,-145.66005153031008,2000-08-29,3,0,20.0,120.0,,Pastick,1.0,25.333333333333332,N,,,,,,
63.92357479378327,-145.65948724813188,2000-08-29,2,1,75.0,97.5,,Pastick,6.0,17.0,N,,,,,,
63.88501573194723,-145.60210526131237,2000-07-20,2,1,78.5,87.0,,Pastick,3.0,19.0,N,,,,,,
63.90269216240173,-145.6010391135156,2000-07-24,3,1,41.0,70.0,,Pastick,2.0,28.666666666666668,N,,,,,,
64.89231428263514,-147.07858404387298,1997-06-02,2,0,0.0,140.0,,Pastick,1.0,9.5,N,,,,,,
64.90210338221686,-147.0601251317686,1997-06-03,2,0,0.0,97.0,,Pastick,1.0,6.5,N,,,,,,
64.88027481532718,-147.1938878966009,1997-07-14,3,1,46.333333333333336,85.66666666666667,,Pastick,2.0,7.333333333333333,N,,,,,,
64.74596014990922,-147.98672510982607,1997-07-03,2,0,0.0,130.0,,Pastick,8.0,3.5,N,,,,,,
64.37847231334315,-147.45534745275833,1997-07-10,2,0,0.0,160.0,,Pastick,3.0,15.5,N,,,,,,
64.7336208156814,-147.91831765769382,1997-07-29,4,0,0.0,111.25,,Pastick,3.0,72.75,N,,,,,,
64.7345945807104,-148.03155509732628,1997-07-30,2,0,0.0,125.0,,Pastick,7.0,11.0,N,,,,,,
64.73445475100647,-147.9975718909518,1997-07-31,2,0,0.0,110.0,,Pastick,7.0,24.0,N,,,,,,
64.7527927488718,-147.91114624613,1997-08-06,2,0,37.5,145.0,,Pastick,4.0,7.5,N,,,,,,
64.74337608623492,-147.8169738375017,1997-08-12,2,0,31.0,115.0,,Pastick,3.0,14.5,N,,,,,,
64.74615815636228,-147.78423279544867,1997-08-13,3,1,46.666666666666664,53.333333333333336,,Pastick,4.0,18.333333333333332,N,,,,,,
64.77541003045056,-147.97009179029317,1997-08-14,2,0,22.0,105.0,,Pastick,4.0,7.5,N,,,,,,
64.73942570232435,-147.95310534387409,1997-07-28,3,0,0.0,103.0,,Pastick,2.0,16.666666666666668,N,,,,,,
64.74096398038066,-148.0395692966478,1997-07-30,2,0,80.0,118.0,,Pastick,7.0,6.5,N,,,,,,
64.7278494932196,-148.01874310177908,1997-07-31,2,1,25.0,47.0,,Pastick,1.0,24.5,N,,,,,,
64.75299790436219,-147.85793603460965,1997-08-07,2,0,29.0,89.0,,Pastick,4.0,16.0,N,,,,,,
64.74029348204007,-147.80220978898456,1997-08-12,2,1,64.0,65.0,,Pastick,5.0,20.0,N,,,,,,
64.82707782280647,-147.65058414463542,1997-08-18,2,0,0.0,150.0,,Pastick,1.0,0.0,N,,,,,,
64.82542811828696,-147.63153991070055,1997-08-18,2,0,0.0,160.0,,Pastick,3.0,0.0,N,,,,,,
64.78128048235492,-147.8828567586708,1997-07-02,2,0,16.0,69.5,,Pastick,2.0,14.0,N,,,,,,
64.76390907367355,-147.99261454040507,1997-07-03,2,0,18.0,49.0,,Pastick,1.0,16.5,N,,,,,,
64.35024099545856,-147.35459772243388,1997-07-15,2,1,33.5,49.5,,Pastick,1.0,48.5,N,,,,,,
64.43071075057554,-147.49878323082223,1997-07-26,2,0,0.0,99.5,,Pastick,11.0,13.5,N,,,,,,
64.77439163100621,-147.76251836429648,1997-08-05,2,0,0.0,77.0,,Pastick,12.0,42.0,N,,,,,,
64.75462892934831,-147.9900989990296,1997-08-06,2,0,30.0,137.5,,Pastick,3.0,11.0,N,,,,,,
64.61075937349293,-146.25377059411954,1999-08-10,2,0,21.0,55.0,,Pastick,7.0,11.0,Y,,,,,,
64.67591417357357,-146.79383207244888,1999-08-30,2,0,0.0,75.0,,Pastick,3.0,11.0,Y,,,,,,
64.6743517242381,-146.20387448773104,1999-08-10,2,0,31.0,62.0,,Pastick,3.0,5.5,Y,,,,,,
64.67188085981363,-146.3163350614489,1999-08-11,2,0,0.0,650.0,,Pastick,1.0,15.5,Y,,,,,,
64.59175278400836,-146.6246614121601,1999-08-18,2,0,0.0,70.0,,Pastick,1.0,31.5,N,,,,,,
64.612961868491,-146.57668657576556,1999-08-17,2,0,0.0,59.5,,Pastick,6.0,3.5,Y,,,,,,
64.62060630603919,-146.57325341248674,1999-08-18,2,0,0.0,45.5,,Pastick,1.0,10.5,N,,,,,,
64.22177059481953,-146.62482104207575,2002-06-12,7,1,22.857142857142858,66.71428571428571,,Pastick,1.0,22.857142857142858,N,,,,,,
63.825335783102226,-146.82955873066365,2003-04-30,6,0,21.666666666666668,45.833333333333336,,Pastick,5.0,30.166666666666668,N,,,,,,
63.82581561765349,-146.82184158690592,2003-07-04,2,1,30.0,38.5,,Pastick,6.0,38.5,Y,,,,,,
64.20389358923507,-146.62093060766836,2002-06-12,2,1,37.5,91.0,,Pastick,1.0,12.0,N,,,,,,
64.176502722219,-146.654617603912,2002-06-13,5,1,25.6,64.8,,Pastick,1.0,25.0,N,,,,,,
64.18526189611191,-146.66510591153303,2002-06-13,4,1,23.0,56.25,,Pastick,4.0,24.5,N,,,,,,
64.15341040412507,-146.72080725502977,2002-06-14,9,1,25.88888888888889,56.44444444444444,,Pastick,1.0,25.88888888888889,N,,,,,,
64.15676079057141,-146.747561732364,2002-06-14,4,1,18.25,53.75,,Pastick,6.0,25.0,N,,,,,,
64.15681266596599,-146.74004145443337,2002-06-14,2,0,17.0,72.0,,Pastick,3.0,30.5,N,,,,,,
64.04776239817977,-146.4213877400539,2002-06-15,7,1,24.0,47.142857142857146,,Pastick,1.0,24.0,N,,,,,,
64.04710606677062,-146.41102378291436,2002-06-15,4,1,22.0,40.75,,Pastick,6.0,19.75,N,,,,,,
64.0222440512853,-146.44671102707053,2002-06-15,4,1,25.5,38.75,,Pastick,5.0,25.75,N,,,,,,
64.02446638426083,-146.44155473056387,2002-06-15,3,1,27.666666666666668,37.0,,Pastick,2.0,27.666666666666668,N,,,,,,
63.96490294559273,-146.6014966847144,2002-06-16,7,1,11.0,33.714285714285715,,Pastick,2.0,19.0,N,,,,,,
63.968039679190504,-146.60299834426243,2002-06-16,2,1,20.5,37.0,,Pastick,1.0,19.0,N,,,,,,
63.98515209486904,-146.52168594180637,2002-06-16,3,1,16.666666666666668,42.333333333333336,,Pastick,6.0,22.333333333333332,N,,,,,,
63.99139550017642,-146.51101232736346,2002-06-16,3,1,15.0,43.0,,Pastick,2.0,15.666666666666666,N,,,,,,
64.12217430617473,-146.5794076715667,2002-06-17,5,1,14.2,65.2,,Pastick,1.0,20.6,N,,,,,,
64.12632308302781,-146.56475900265946,2002-06-17,2,0,0.0,70.0,,Pastick,3.0,10.0,N,,,,,,
64.1512525801866,-146.58943717060924,2002-06-17,2,1,23.5,33.5,,Pastick,2.0,18.5,N,,,,,,
64.15581352763019,-146.5982618062069,2002-06-17,2,1,27.5,43.5,,Pastick,1.0,27.5,N,,,,,,
64.08873952014294,-146.63484689467302,2002-06-18,5,1,21.6,50.8,,Pastick,2.0,19.4,N,,,,,,
64.10121316512587,-146.70883155783105,2002-06-18,5,1,16.4,56.2,,Pastick,2.0,20.0,N,,,,,,
64.10243136749165,-146.70062714924188,2002-06-19,2,1,38.5,45.0,,Pastick,1.0,21.0,N,,,,,,
64.23959876799015,-146.72911841567378,2003-06-18,2,0,0.0,82.5,,Pastick,6.0,0.0,N,,,,,,
64.24106475260966,-146.71849366482633,2003-06-18,5,0,3.6,55.2,,Pastick,4.0,9.2,N,,,,,,
64.24443003009436,-146.7229488427357,2003-06-18,3,0,0.0,70.0,,Pastick,1.0,5.666666666666667,N,,,,,,
64.24442512455717,-146.71879980094292,2003-06-18,2,0,0.0,61.5,,Pastick,2.0,5.5,N,,,,,,
64.08270269988257,-146.7867436350289,2002-06-19,3,1,16.0,52.333333333333336,,Pastick,3.0,15.333333333333334,N,,,,,,
64.08754838192074,-146.78054695632355,2002-06-19,3,1,15.666666666666666,63.333333333333336,,Pastick,2.0,14.666666666666666,N,,,,,,
63.9685281637367,-146.76152237247985,2003-06-19,4,0,13.25,82.0,,Pastick,3.0,20.75,N,,,,,,
63.97394611240523,-146.76143021102547,2003-06-19,4,1,23.0,48.5,,Pastick,1.0,16.75,N,,,,,,
63.96012198081755,-146.75720277099956,2003-06-19,3,1,28.0,57.333333333333336,,Pastick,6.0,20.333333333333332,N,,,,,,
63.95687472906905,-146.74921520650952,2003-06-19,2,1,10.5,55.0,,Pastick,7.0,10.5,N,,,,,,
63.939025826425706,-146.7393989361346,2003-06-19,2,1,28.5,45.0,,Pastick,8.0,32.5,N,,,,,,
63.918501417620575,-146.87679741200427,2003-06-20,3,1,11.666666666666666,45.0,,Pastick,1.0,18.333333333333332,N,,,,,,
63.92233719607907,-146.8777864342245,2003-06-20,3,1,19.0,42.666666666666664,,Pastick,5.0,36.0,N,,,,,,
63.92697087264538,-146.87607371611597,2003-06-20,2,1,28.0,42.5,,Pastick,8.0,14.5,N,,,,,,
63.89970165907203,-146.8694712765172,2003-06-20,2,1,39.5,50.0,,Pastick,4.0,46.0,N,,,,,,
63.89809048398259,-146.85650268124087,2003-06-20,3,0,6.333333333333333,80.0,,Pastick,1.0,17.0,N,,,,,,
63.898275059413166,-146.88575420373846,2003-06-20,2,1,6.5,35.5,,Pastick,6.0,9.5,N,,,,,,
63.8837782833585,-146.39168295630986,2003-06-21,2,0,9.0,52.0,,Pastick,2.0,6.0,N,,,,,,
63.87329011172369,-146.40973935006917,2003-06-21,2,0,0.0,55.5,,Pastick,6.0,4.5,N,,,,,,
63.86557182715353,-146.47487134232608,2003-07-21,2,1,19.0,33.5,,Pastick,1.0,21.0,N,,,,,,
63.87064779257661,-146.47389474473832,2003-07-01,3,1,30.666666666666668,46.0,,Pastick,5.0,18.0,N,,,,,,
63.853433040501244,-146.26635776544305,2003-06-22,2,1,32.5,52.0,,Pastick,3.0,12.5,N,,,,,,
63.85432992840536,-146.25657123568885,2003-06-22,2,1,10.0,48.0,,Pastick,1.0,15.0,N,,,,,,
63.85164126378039,-146.2812817291734,2003-06-22,2,1,31.0,53.5,,Pastick,5.0,15.5,N,,,,,,
63.85752784034918,-146.38599847204208,2003-06-22,3,1,23.0,44.333333333333336,,Pastick,1.0,28.0,N,,,,,,
63.85693725758559,-146.3649171374503,2003-06-22,3,1,15.0,57.333333333333336,,Pastick,4.0,21.666666666666668,N,,,,,,
63.854867538216055,-146.35352927440428,2003-06-22,2,1,20.0,53.0,,Pastick,7.0,33.5,N,,,,,,
63.82426910753795,-146.97563983199882,2003-06-23,3,1,33.0,56.0,,Pastick,1.0,11.0,N,,,,,,
63.829819254381476,-146.98355367802347,2003-06-23,2,1,20.0,36.0,,Pastick,4.0,26.0,N,,,,,,
63.818826489799406,-147.0335551617532,2003-06-23,5,0,3.2,43.4,,Pastick,1.0,16.0,Y,,,,,,
63.82416724918928,-147.03265342364745,2003-06-23,4,0,11.5,57.5,,Pastick,6.0,14.25,N,,,,,,
63.82184189474354,-146.7339965292305,2003-06-24,4,1,13.75,42.5,,Pastick,1.0,8.5,N,,,,,,
63.81159552014101,-146.73893158290508,2003-06-24,2,0,8.0,50.0,,Pastick,6.0,7.5,N,,,,,,
63.797875013679494,-146.61847524240414,2003-06-24,2,1,48.5,63.0,,Pastick,4.0,10.5,N,,,,,,
63.804302658080374,-146.60748557206443,2003-06-24,2,0,0.0,41.5,,Pastick,1.0,22.0,N,,,,,,
63.740998483591284,-146.46249186486705,2003-06-25,4,0,5.0,55.5,,Pastick,1.0,8.75,N,,,,,,
63.72893156580398,-146.36573082969306,2003-06-25,2,0,8.5,47.5,,Pastick,1.0,4.0,N,,,,,,
63.73132670297106,-146.33364967537995,2003-06-25,2,1,27.5,43.0,,Pastick,5.0,12.5,N,,,,,,
64.103927735323,-146.49299235647257,2002-06-26,5,1,29.4,49.0,,Pastick,3.0,34.2,N,,,,,,
64.14381091527262,-146.47957574280173,2002-06-26,3,1,28.666666666666668,48.0,,Pastick,4.0,28.666666666666668,N,,,,,,
64.14697513460554,-146.46779421793948,2002-06-26,3,1,26.333333333333332,51.0,,Pastick,2.0,28.666666666666668,N,,,,,,
64.14838893155114,-146.46218665580994,2002-06-26,2,0,22.5,65.0,,Pastick,1.0,25.0,N,,,,,,
63.986752666654425,-146.82161227129464,2002-06-27,7,0,3.2857142857142856,59.57142857142857,,Pastick,1.0,16.285714285714285,N,,,,,,
63.99132818813635,-146.82749282725376,2002-06-27,2,0,0.0,49.5,,Pastick,5.0,23.5,N,,,,,,
63.97723473118481,-146.8593781649851,2002-06-27,5,0,6.0,73.0,,Pastick,1.0,14.0,N,,,,,,
64.02273161683038,-146.78612010527456,2002-06-28,4,1,30.5,61.5,,Pastick,3.0,21.25,N,,,,,,
64.0236612820292,-146.7757558382347,2002-06-28,3,0,0.0,68.33333333333333,,Pastick,2.0,8.666666666666666,N,,,,,,
64.05467034902792,-146.80052726027458,2002-06-28,4,0,7.75,85.5,,Pastick,3.0,14.25,N,,,,,,
64.05726064478546,-146.79025691913452,2002-06-28,3,1,16.0,51.0,,Pastick,2.0,11.666666666666666,N,,,,,,
64.03451863395033,-146.23567931584105,2002-06-29,6,0,17.0,70.0,,Pastick,1.0,21.833333333333332,N,,,,,,
64.03950108670348,-146.22216950957366,2002-06-29,3,1,21.333333333333332,66.66666666666667,,Pastick,5.0,23.666666666666668,N,,,,,,
64.01730195007654,-146.17051869355794,2002-06-29,4,1,31.75,58.5,,Pastick,1.0,19.0,N,,,,,,
64.02299110352766,-146.1715777544927,2002-06-29,2,0,20.5,59.0,,Pastick,2.0,6.5,N,,,,,,
63.956072423514605,-146.14891939458016,2002-06-30,3,1,33.666666666666664,48.333333333333336,,Pastick,4.0,15.333333333333334,N,,,,,,
63.953943488363535,-146.13643708499356,2002-06-30,3,1,26.666666666666668,59.333333333333336,,Pastick,3.0,28.666666666666668,N,,,,,,
63.95257960645116,-146.13247157729484,2002-06-30,3,0,13.333333333333334,89.33333333333333,,Pastick,1.0,26.333333333333332,N,,,,,,
63.957987013478714,-146.1928798439595,2002-06-30,5,1,28.4,59.4,,Pastick,1.0,24.4,N,,,,,,
63.946640800558974,-146.19138735703766,2002-06-30,3,1,28.666666666666668,48.0,,Pastick,4.0,21.666666666666668,N,,,,,,
64.07553117607195,-146.56068813312356,2002-07-01,4,1,26.0,77.5,,Pastick,1.0,30.5,N,,,,,,
64.07622223272101,-146.54895580642986,2002-07-01,2,1,31.5,70.0,,Pastick,3.0,21.5,N,,,,,,
64.04828577939365,-146.51727318606746,2002-07-01,3,1,37.0,67.0,,Pastick,1.0,23.333333333333332,N,,,,,,
64.04822002161399,-146.4961179357511,2002-07-01,2,1,42.5,65.0,,Pastick,3.0,19.0,N,,,,,,
64.04803547904179,-146.48696649621857,2002-07-01,2,1,37.0,52.0,,Pastick,4.0,44.5,N,,,,,,
63.79658313354001,-146.88216717466435,2003-07-01,4,1,12.5,49.0,,Pastick,4.0,17.25,N,,,,,,
63.7964365051717,-146.85953652243253,2003-07-01,3,1,22.0,36.333333333333336,,Pastick,5.0,19.333333333333332,N,,,,,,
64.19645043545965,-146.7427540433042,2002-07-02,7,0,5.714285714285714,78.14285714285714,,Pastick,2.0,16.428571428571427,N,,,,,,
64.10635779080211,-146.64302796201378,2002-07-02,4,1,31.0,61.25,,Pastick,1.0,30.5,N,,,,,,
63.82208175435335,-146.91228374743727,2003-07-02,3,1,31.0,55.666666666666664,,Pastick,1.0,16.0,N,,,,,,
63.82675042073022,-146.91077233029353,2003-07-02,2,1,29.0,50.0,,Pastick,4.0,20.5,N,,,,,,
63.83448117837964,-146.9099044276423,2003-07-02,2,0,0.0,70.0,,Pastick,6.0,3.5,N,,,,,,
63.78945636144208,-146.7855550356458,2003-07-04,2,0,12.5,59.5,,Pastick,4.0,12.0,N,,,,,,
63.79306867832341,-146.79179873374693,2003-07-04,2,0,0.0,82.5,,Pastick,6.0,10.5,N,,,,,,
63.84843588681894,-146.59833690702257,2003-07-05,6,0,11.166666666666666,52.833333333333336,,Pastick,1.0,18.833333333333332,N,,,,,,
63.853447648634166,-146.597116254897,2003-07-05,3,0,0.0,57.333333333333336,,Pastick,7.0,16.666666666666668,N,,,,,,
63.85981058841021,-146.5950248071743,2003-07-05,2,0,11.5,73.5,,Pastick,10.0,11.5,N,,,,,,
63.86225448075373,-146.5928534561458,2003-07-05,2,1,20.5,57.5,,Pastick,12.0,29.0,N,,,,,,
63.91029739847619,-146.5962603807917,2003-07-06,3,0,8.333333333333334,114.0,,Pastick,1.0,13.333333333333334,N,,,,,,
63.87085868789947,-146.5516466433764,2003-07-06,3,0,0.0,61.333333333333336,,Pastick,3.0,4.333333333333333,N,,,,,,
63.822189073250456,-146.5213013538553,2003-07-07,5,0,12.6,62.0,,Pastick,1.0,21.6,N,,,,,,
63.82820551206995,-146.5076637616279,2003-07-07,2,0,0.0,51.5,,Pastick,6.0,8.0,N,,,,,,
63.97296135614622,-146.0430486151691,2002-07-20,5,1,54.2,68.4,,Pastick,1.0,19.4,N,,,,,,
63.847771172219026,-146.9761820308968,2003-07-08,2,1,12.5,57.5,,Pastick,7.0,19.5,N,,,,,,
63.85279225898974,-146.97632017576382,2003-07-08,2,1,20.5,46.0,,Pastick,5.0,27.5,N,,,,,,
63.858156052324546,-146.97771250319082,2003-07-08,3,0,5.0,67.0,,Pastick,2.0,14.0,N,,,,,,
63.95907303373162,-145.9862679211983,2002-07-24,4,1,54.25,62.75,,Pastick,1.0,49.75,N,,,,,,
63.95773722071954,-145.9751931268075,2002-07-19,3,1,43.666666666666664,53.666666666666664,,Pastick,3.0,29.666666666666668,N,,,,,,
63.955787461501316,-145.96770747892884,2002-07-24,2,1,50.5,60.0,,Pastick,5.0,21.5,N,,,,,,
63.85971473769936,-146.95337767644193,2003-07-09,2,0,10.0,45.5,,Pastick,1.0,10.0,N,,,,,,
63.866152139445255,-146.94271007192611,2003-07-09,4,1,32.75,55.25,,Pastick,4.0,46.25,N,,,,,,
63.87020985790568,-146.9406211032001,2003-01-17,2,1,46.5,64.0,,Pastick,8.0,18.0,N,,,,,,
63.87412393651768,-146.94393033582332,2002-07-29,2,0,0.0,82.5,,Pastick,1.0,5.5,N,,,,,,
63.87792937062421,-146.94494054184113,2002-07-29,2,0,23.5,75.5,,Pastick,2.0,28.0,N,,,,,,
63.95791293229769,-146.82720845289768,2002-07-10,3,1,35.333333333333336,53.333333333333336,,Pastick,5.0,40.0,N,,,,,,
63.9632943999844,-146.82721612973148,2002-07-10,3,1,34.0,57.333333333333336,,Pastick,3.0,34.0,N,,,,,,
63.97242333721212,-146.826638985513,2002-07-10,2,1,36.0,57.0,,Pastick,2.0,36.0,N,,,,,,
63.9405780422867,-146.86141129078632,2002-07-10,4,1,33.5,61.25,,Pastick,2.0,26.0,N,,,,,,
63.93188388749631,-146.7751264906083,2002-07-11,2,1,31.5,54.0,,Pastick,5.0,35.0,N,,,,,,
63.936566867862894,-146.7829627772815,2002-07-11,2,1,35.5,60.0,,Pastick,4.0,35.5,N,,,,,,
63.94192839163268,-146.79600272380588,2002-07-11,3,1,37.333333333333336,64.33333333333333,,Pastick,2.0,47.666666666666664,N,,,,,,
63.98126818192253,-146.7636868424733,2002-07-11,2,0,15.5,77.5,,Pastick,4.0,13.0,N,,,,,,
63.98652116142065,-146.76619286914314,2002-07-11,5,0,0.0,72.0,,Pastick,2.0,11.0,N,,,,,,
63.992069683970485,-146.7087882106485,2002-07-12,4,0,20.5,63.0,,Pastick,1.0,11.25,N,,,,,,
63.924553070593866,-146.17670889736323,2002-07-12,8,1,26.625,65.875,,Pastick,1.0,21.375,N,,,,,,
64.03466183782517,-146.72062446329056,2002-07-14,5,0,28.4,129.0,,Pastick,1.0,19.0,N,,,,,,
64.0459355582522,-146.72090267472058,2002-07-14,4,0,9.25,62.0,,Pastick,1.0,10.0,N,,,,,,
64.00295664802712,-146.64395961428107,2002-07-15,2,0,0.0,67.5,,Pastick,2.0,26.5,N,,,,,,
64.00136822738565,-146.6349222356568,2002-07-15,2,1,49.0,62.0,,Pastick,3.0,30.0,N,,,,,,
63.99882748332578,-146.62395641610482,2002-07-15,2,1,40.0,61.5,,Pastick,4.0,20.0,N,,,,,,
64.00528816641713,-146.6460003035764,2002-07-15,4,1,42.75,57.0,,Pastick,1.0,17.0,N,,,,,,
64.01030672573913,-146.64042999619204,2002-07-15,2,0,17.0,74.5,,Pastick,2.0,14.0,N,,,,,,
64.02225600301354,-146.66173688059624,2002-07-16,3,1,45.0,85.0,,Pastick,3.0,13.0,N,,,,,,
64.02139044313105,-146.65271730186618,2002-07-16,4,0,18.5,79.75,,Pastick,1.0,17.5,N,,,,,,
63.993042389703945,-146.7303369300191,2002-07-16,4,0,0.0,85.75,,Pastick,1.0,8.5,N,,,,,,
63.99690635366295,-146.73067279851728,2002-07-16,2,1,20.0,59.0,,Pastick,3.0,17.5,N,,,,,,
64.00232618765949,-146.732828867185,2002-07-16,2,1,13.5,51.0,,Pastick,4.0,21.0,N,,,,,,
64.02275091195705,-146.612435779515,2002-07-16,5,1,41.0,66.4,,Pastick,1.0,26.0,N,,,,,,
64.00505234354713,-146.51670651640768,2002-07-17,5,1,29.8,50.0,,Pastick,2.0,26.4,N,,,,,,
64.003423347092,-146.5086210334955,2002-07-17,2,1,41.0,62.5,,Pastick,1.0,53.5,N,,,,,,
63.922034804715366,-146.68380516451583,2003-07-17,2,1,39.0,47.5,,Pastick,1.0,47.5,N,,,,,,
63.852585355933776,-146.8758452855086,2003-07-19,3,0,9.666666666666666,56.666666666666664,,Pastick,4.0,18.333333333333332,N,,,,,,
63.857600936295285,-146.88179679027863,2003-07-18,3,0,10.333333333333334,65.66666666666667,,Pastick,1.0,20.333333333333332,N,,,,,,
63.862463746711946,-146.88306649488914,2003-07-18,4,1,36.75,53.0,,Pastick,2.0,41.25,N,,,,,,
63.86796919972895,-146.88006758782797,2003-07-18,2,0,0.0,60.0,,Pastick,6.0,9.0,N,,,,,,
63.87100752944723,-146.87718853707227,2003-07-18,3,1,21.333333333333332,49.0,,Pastick,9.0,23.0,N,,,,,,
64.05016323202075,-146.75369596720927,2003-07-19,6,0,18.333333333333332,50.666666666666664,,Pastick,1.0,18.0,N,,,,,,
63.880827421484106,-146.7946572012343,2003-07-20,5,0,15.0,53.2,,Pastick,3.0,30.8,N,,,,,,
63.87828524915591,-146.78368727759118,2003-07-20,2,0,0.0,64.0,,Pastick,1.0,26.5,N,,,,,,
63.901664322850955,-146.76718311806144,2003-07-22,4,1,15.0,54.5,,Pastick,1.0,26.0,N,,,,,,
63.90126750595232,-146.75423442147203,2003-07-23,3,1,20.666666666666668,45.666666666666664,,Pastick,5.0,26.333333333333332,N,,,,,,
63.77141231546842,-146.57758382321964,2003-07-22,2,1,34.0,52.5,,Pastick,3.0,30.5,N,,,,,,
63.77451295357393,-146.56846144051082,2003-07-22,2,1,27.0,53.0,,Pastick,1.0,19.0,N,,,,,,
63.74101891152704,-146.2452162235738,2003-07-23,2,0,15.0,61.0,,Pastick,5.0,18.0,N,,,,,,
63.777461441123975,-146.68485610683666,2003-07-22,2,0,0.0,82.0,,Pastick,1.0,5.5,N,,,,,,
63.7783655061831,-146.66010896977997,2003-07-22,2,0,0.0,126.5,,Pastick,4.0,12.0,N,,,,,,
63.780405211051146,-146.64989078719606,2003-07-22,2,0,23.5,82.5,,Pastick,6.0,27.5,N,,,,,,
63.72867842610162,-146.22490061057147,2003-07-23,2,0,0.0,53.5,,Pastick,1.0,3.5,N,,,,,,
63.721001020915615,-146.2011716198051,2003-07-23,4,1,26.75,57.25,,Pastick,1.0,19.5,N,,,,,,
64.11052097524284,-146.3830648473064,2002-07-24,4,1,35.5,104.0,,Pastick,1.0,6.25,N,,,,,,
64.11582902326586,-146.38887540547347,2002-07-24,2,0,0.0,55.0,,Pastick,3.0,4.0,N,,,,,,
64.10281850013516,-146.32402024700943,2002-07-24,3,1,33.666666666666664,53.0,,Pastick,4.0,43.0,N,,,,,,
64.10476562369523,-146.31371857021264,2002-07-24,2,1,42.0,61.0,,Pastick,2.0,34.0,N,,,,,,
64.10870206566368,-146.30922914012558,2002-07-24,3,1,46.333333333333336,67.0,,Pastick,1.0,39.0,N,,,,,,
64.07031633055806,-146.2116082137141,2002-07-25,2,0,0.0,112.5,,Pastick,4.0,15.5,N,,,,,,
64.07064406495073,-146.19890050638742,2002-07-25,4,0,20.25,70.75,,Pastick,2.0,15.75,N,,,,,,
64.01608020505206,-146.07836427315908,2002-07-26,6,1,36.0,82.66666666666667,,Pastick,1.0,25.166666666666668,N,,,,,,
64.02113126702707,-146.0703472898144,2002-07-26,2,0,0.0,105.0,,Pastick,5.0,3.0,N,,,,,,
63.86770271203225,-145.96414053568225,2002-07-27,5,0,35.4,127.6,,Pastick,1.0,5.2,N,,,,,,
63.90150986826783,-145.9706763912797,2002-07-28,6,1,29.5,81.16666666666667,,Pastick,2.0,36.166666666666664,N,,,,,,
64.10994548532149,-146.45258076951464,2002-07-30,3,1,25.666666666666668,66.66666666666667,,Pastick,1.0,31.333333333333332,N,,,,,,
64.11162177821988,-146.44300602264792,2002-07-30,2,1,45.5,58.5,,Pastick,2.0,49.0,N,,,,,,
64.11232224181161,-146.4190052385224,2002-07-30,2,0,43.5,74.5,,Pastick,4.0,12.0,N,,,,,,
63.70544308966896,-146.09080986088998,2002-07-31,5,0,18.2,61.4,,Pastick,1.0,12.8,N,,,,,,
63.87771369577937,-146.63410198517613,2003-08-01,3,0,0.0,78.33333333333333,,Pastick,1.0,28.0,N,,,,,,
63.888765029940075,-146.6368890160411,2003-08-01,4,1,38.75,57.0,,Pastick,5.0,28.0,N,,,,,,
63.810809463629,-146.3909550996494,2003-08-06,3,1,35.333333333333336,54.333333333333336,,Pastick,1.0,36.666666666666664,N,,,,,,
63.81576748892675,-146.3869650894528,2003-08-16,2,0,17.5,52.5,,Pastick,2.0,40.5,N,,,,,,
63.81479357110702,-146.36612672452327,2003-08-02,2,0,41.0,74.0,,Pastick,4.0,14.5,N,,,,,,
63.87169952022984,-146.61175927348066,2003-08-03,3,1,22.0,52.333333333333336,,Pastick,1.0,18.0,N,,,,,,
63.76366696824675,-146.3862534858739,2003-08-04,3,1,27.333333333333332,65.0,,Pastick,1.0,30.666666666666668,N,,,,,,
63.76610187471406,-146.4040402044629,2003-08-04,2,0,0.0,62.0,,Pastick,4.0,9.5,N,,,,,,
63.76956855304895,-146.43020763354312,2003-08-04,2,0,0.0,105.0,,Pastick,7.0,3.0,N,,,,,,
63.87357084050751,-146.7169556308305,2003-08-04,4,0,9.25,53.5,,Pastick,2.0,16.5,N,,,,,,
63.850434849122145,-146.75089543309463,2003-08-05,2,0,0.0,65.0,,Pastick,1.0,8.0,N,,,,,,
63.84788543042167,-146.7328813293745,2003-08-09,2,1,21.0,66.5,,Pastick,7.0,24.5,N,,,,,,
63.85155439402834,-146.7394459010756,2003-08-05,2,1,21.5,56.5,,Pastick,4.0,23.0,N,,,,,,
63.780171381335876,-146.56400343303505,2003-08-06,2,1,14.0,50.5,,Pastick,1.0,14.0,N,,,,,,
63.7739845076548,-146.53975094536224,2003-08-06,2,0,14.0,54.5,,Pastick,3.0,28.0,N,,,,,,
63.75495816609309,-146.54385069696752,2003-08-06,2,1,15.0,56.0,,Pastick,2.0,20.0,N,,,,,,
63.94497233688556,-146.076245777089,2002-08-08,5,1,34.4,66.0,,Pastick,3.0,36.0,N,,,,,,
63.9917627925299,-146.1114164978278,2002-08-09,4,1,43.0,79.25,,Pastick,1.0,27.0,N,,,,,,
63.99379325241746,-146.10083481625327,2002-08-09,2,1,30.0,76.0,,Pastick,3.0,16.0,N,,,,,,
63.81188933631052,-146.06926164607964,2002-08-10,4,0,11.75,73.75,,Pastick,6.0,12.25,N,,,,,,
63.81763656118677,-146.09234174747942,2002-08-10,4,0,16.25,89.25,,Pastick,1.0,13.25,N,,,,,,
63.72401526469832,-146.00266405778146,2002-08-11,3,1,54.0,68.0,,Pastick,4.0,19.666666666666668,N,,,,,,
63.72787676674696,-145.98752287729138,2002-08-11,3,0,17.333333333333332,73.33333333333333,,Pastick,1.0,26.666666666666668,N,,,,,,
63.68938641186012,-145.98644831542722,2002-08-11,4,1,21.0,77.5,,Pastick,1.0,25.75,N,,,,,,
63.70728605200145,-145.97671774445655,2002-08-12,5,0,20.2,95.8,,Pastick,1.0,12.6,N,,,,,,
63.723838030677136,-146.03921960337675,2002-08-12,4,1,40.25,61.0,,Pastick,2.0,31.75,N,,,,,,
63.727039145390215,-146.04450742339102,2002-08-12,2,1,43.5,55.0,,Pastick,3.0,29.0,N,,,,,,
63.730623781779606,-146.04775835086585,2002-08-12,2,1,40.0,92.5,,Pastick,4.0,9.0,N,,,,,,
63.76891723291052,-146.12449726798695,2002-08-12,4,0,12.25,68.75,,Pastick,1.0,14.75,N,,,,,,
63.769846197043265,-146.1142120708639,2002-08-12,2,1,27.0,72.5,,Pastick,4.0,15.0,N,,,,,,
63.78674585919919,-146.07599680780268,2002-08-13,3,1,37.666666666666664,68.0,,Pastick,1.0,22.333333333333332,N,,,,,,
63.792307649849775,-146.07475772365427,2002-08-13,4,0,15.0,67.5,,Pastick,3.0,7.0,N,,,,,,
63.795265973437004,-146.07527480899608,2002-08-13,2,1,25.5,81.5,,Pastick,4.0,18.5,N,,,,,,
63.879358855335894,-146.7011408188672,2003-08-13,2,0,42.5,82.5,,Pastick,1.0,11.0,N,,,,,,
63.88513764069209,-146.70302381989427,2003-08-13,2,1,27.0,51.0,,Pastick,3.0,21.5,N,,,,,,
63.869524153630046,-146.7658873067049,2003-08-13,3,0,0.0,63.0,,Pastick,2.0,13.0,N,,,,,,
63.873927054596976,-146.76746536046434,2003-08-13,3,0,11.666666666666666,46.333333333333336,,Pastick,4.0,14.333333333333334,N,,,,,,
63.87853046388028,-146.76817366756632,2003-08-13,2,1,38.0,52.0,,Pastick,7.0,38.0,N,,,,,,
63.796383429878844,-146.50215481482834,2003-08-14,4,0,22.5,60.25,,Pastick,1.0,33.25,N,,,,,,
63.7977932806402,-146.4897596332768,2003-08-13,3,0,11.666666666666666,53.666666666666664,,Pastick,6.0,34.0,N,,,,,,
63.86509934060811,-146.15670387661842,2002-08-14,3,1,34.333333333333336,56.0,,Pastick,2.0,43.0,N,,,,,,
63.87089202717546,-146.13532319715256,2002-08-14,2,1,22.0,74.5,,Pastick,3.0,11.5,N,,,,,,
63.96358953689103,-146.89163381999933,2002-08-21,5,0,32.0,98.0,,Pastick,1.0,14.4,N,,,,,,
63.60028726080919,-146.14798447175832,2002-08-14,2,1,20.0,90.0,,Pastick,3.0,15.5,N,,,,,,
63.82091794965313,-146.12912346247032,2002-08-14,5,0,18.2,76.0,,Pastick,1.0,20.2,N,,,,,,
63.82238577561102,-146.11867766035738,2002-08-14,2,0,29.0,94.5,,Pastick,4.0,16.5,N,,,,,,
63.792858355236966,-146.4270281431032,2003-08-14,2,0,27.5,70.0,,Pastick,3.0,50.0,N,,,,,,
63.796404067027616,-146.41601582732864,2003-08-14,2,1,17.5,59.0,,Pastick,1.0,17.5,N,,,,,,
63.78623426120075,-146.44752406778974,2003-08-14,2,1,24.0,62.5,,Pastick,6.0,21.0,N,,,,,,
63.77570327702795,-146.25496918607436,2003-08-15,3,0,10.333333333333334,54.0,,Pastick,7.0,30.0,N,,,,,,
63.77361554080912,-146.24984555364892,2003-08-15,3,1,22.0,61.333333333333336,,Pastick,9.0,39.0,N,,,,,,
63.77945172747141,-146.2561280800706,2003-08-15,2,1,39.5,56.0,,Pastick,4.0,34.0,N,,,,,,
63.78736352405008,-146.26060710881225,2003-08-15,2,1,19.5,48.5,,Pastick,1.0,32.5,N,,,,,,
63.82320903590823,-146.37685798246676,2003-08-16,3,1,41.333333333333336,52.0,,Pastick,4.0,32.333333333333336,N,,,,,,
63.82773014279958,-146.37429939476453,2003-08-16,2,1,44.0,60.0,,Pastick,7.0,44.0,N,,,,,,
63.818591796848594,-146.32977079819784,2003-08-16,2,1,40.0,57.5,,Pastick,1.0,27.5,N,,,,,,
63.827669840304296,-146.34598422811933,2003-08-16,4,1,39.0,63.75,,Pastick,3.0,18.25,N,,,,,,
63.830773567816536,-146.3491333108908,2003-08-16,2,1,49.5,66.5,,Pastick,7.0,23.0,N,,,,,,
63.82335930387406,-146.2897944993694,2003-08-18,2,0,0.0,77.5,,Pastick,3.0,16.5,N,,,,,,
63.82124341506514,-146.27843693114013,2003-08-18,3,1,35.333333333333336,47.666666666666664,,Pastick,4.0,24.666666666666668,N,,,,,,
63.819545835294214,-146.26923025881626,2003-08-18,2,1,37.0,54.0,,Pastick,7.0,41.5,N,,,,,,
63.80062728569504,-146.29590350029073,2003-08-18,4,1,24.5,53.25,,Pastick,1.0,22.0,N,,,,,,
63.808605929215375,-146.28724157418995,2003-08-18,2,1,43.5,52.5,,Pastick,5.0,36.5,N,,,,,,
63.84801955166889,-146.81780724853382,2003-08-19,4,0,10.5,39.5,,Pastick,2.0,31.0,N,,,,,,
63.85749445888156,-146.77647318790505,2003-08-19,2,0,0.0,70.0,,Pastick,2.0,14.5,N,,,,,,
63.853224086591645,-146.79244208190823,2003-08-19,2,1,22.5,57.5,,Pastick,4.0,22.5,N,,,,,,
63.848415958653874,-146.37939151474671,2003-08-20,2,1,35.5,162.0,,Pastick,1.0,23.0,N,,,,,,
64.06329568617522,-146.7016414923524,2002-08-24,4,0,20.0,100.0,,Pastick,2.0,7.5,N,,,,,,
64.06088562879685,-146.69169907966787,2002-08-24,2,1,44.0,60.0,,Pastick,1.0,34.0,N,,,,,,
64.09622932723833,-146.44842569474648,2002-08-25,3,1,47.333333333333336,59.333333333333336,,Pastick,1.0,47.333333333333336,N,,,,,,
64.09628867801455,-146.40793268011637,2002-08-25,3,1,28.333333333333332,66.66666666666667,,Pastick,3.0,14.666666666666666,N,,,,,,
64.13669299837115,-146.70165556874608,2002-08-25,3,1,50.0,67.0,,Pastick,4.0,37.333333333333336,N,,,,,,
63.83463474780018,-146.44543750833668,2003-08-27,2,0,16.5,38.5,,Pastick,4.0,32.5,N,,,,,,
63.83519605629705,-146.43168610029937,2003-08-27,2,0,0.0,52.5,,Pastick,1.0,5.0,N,,,,,,
63.85046384540448,-146.996285468043,2003-08-28,3,0,0.0,50.666666666666664,,Pastick,1.0,12.666666666666666,N,,,,,,
63.84172349969695,-147.03990774037376,2003-08-28,3,0,14.666666666666666,38.0,,Pastick,5.0,17.333333333333332,N,,,,,,
63.78832904907007,-146.84846714182953,2003-08-28,2,0,0.0,51.0,,Pastick,7.0,12.0,N,,,,,,
63.82150859396828,-146.59950256436565,2003-08-29,3,0,20.0,57.666666666666664,,Pastick,1.0,29.0,N,,,,,,
63.81853791409721,-146.6356146301912,2003-08-30,3,0,0.0,38.666666666666664,,Pastick,1.0,2.3333333333333335,N,,,,,,
63.75265764358974,-146.18077077107938,2003-08-30,2,0,0.0,44.5,,Pastick,4.0,14.5,N,,,,,,
63.77684067706377,-146.19544531269995,2003-08-30,3,1,31.333333333333332,65.0,,Pastick,6.0,31.0,N,,,,,,
67.13058425926668,-150.85215925933332,2008-08-09,3,0,0.0,63.333333333333336,,Pastick,,0.0,,,,,,,
67.13188944443998,-150.847672778,2008-08-09,5,1,36.6,88.6,,Pastick,,11.8,,,,,,,
67.13578647776667,-150.857124179,2008-12-11,9,1,63.44444444444444,77.77777777777777,,Pastick,,8.88888888888889,,,,,,,
67.3123275,-153.445945,2008-08-09,2,1,47.5,47.5,,Pastick,,19.0,,,,,,,
67.92965583334998,-155.04950333325,2008-08-03,4,1,50.625,60.125,,Pastick,,10.5,,,,,,,
67.9293127778,-155.03430833333334,2008-08-03,3,1,39.0,39.0,,Pastick,,25.666666666666668,,,,,,,
67.14570942666667,-150.85541006666668,2009-08-16,6,1,62.666666666666664,65.0,,Pastick,,0.0,,,,,,,
67.15547898999998,-150.913239225,2009-08-18,4,1,48.25,51.75,,Pastick,,0.0,,,,,,,
68.07023762199998,-153.01121696,2010-07-18,5,1,42.8,39.4,,Pastick,,0.0,,,,,,,
67.71678500000002,-154.703796667,2008-08-05,2,1,0.0,41.5,,Pastick,,2.75,,,,,,,
67.87442222223335,-153.29217499966668,2008-08-04,3,1,9.666666666666666,35.666666666666664,,Pastick,,5.333333333333333,,,,,,,
67.87317916664999,-153.2784083335,2008-08-04,2,1,0.0,39.0,,Pastick,,8.5,,,,,,,
67.87732592593333,-153.26410185166668,2008-08-04,3,1,12.666666666666666,39.333333333333336,,Pastick,,6.333333333333333,,,,,,,
67.8702162962,-150.87604854233334,2008-08-06,3,0,0.0,21.0,,Pastick,,0.5,,,,,,,
67.86672575,-150.86047025,2008-08-08,4,1,38.25,60.75,,Pastick,,17.5,,,,,,,
67.87495694445003,-150.90291805549998,2008-08-07,2,1,19.5,44.5,,Pastick,,13.5,,,,,,,
67.13010787035,-150.89167500000002,2008-08-07,6,0,16.0,102.66666666666667,,Pastick,,3.6666666666666665,,,,,,,
67.13469965277501,-150.909513888875,2008-08-08,8,0,18.75,105.625,,Pastick,,40.0,,,,,,,
63.28685357824665,-145.80682019158235,1999-06-22,2,0,0.0,117.5,,Pastick,1.0,9.0,N,,,,,,
63.196801756235104,-145.82201906074516,1999-06-20,2,0,0.0,152.0,,Pastick,1.0,5.0,N,,,,,,
63.193238907126315,-145.83736936125908,1998-01-04,2,0,0.0,152.0,,Pastick,1.0,10.5,N,,,,,,
63.189826813576204,-145.88940641433624,1998-01-03,2,0,0.0,152.0,,Pastick,1.0,5.0,N,,,,,,
63.18374429580241,-145.92305972737768,1997-06-19,2,0,0.0,96.5,,Pastick,1.0,4.0,N,,,,,,
63.029130386259794,-146.05619443316016,1998-06-18,2,0,0.0,152.0,,Pastick,3.0,4.0,N,,,,,,
63.02849679572424,-146.0440408315269,1998-06-18,2,0,0.0,97.5,,Pastick,1.0,9.0,N,,,,,,
63.00926983009862,-146.08677717586,1999-06-16,2,1,32.0,108.0,,Pastick,4.0,15.0,N,,,,,,
62.960322860444194,-146.22128093772463,1998-06-17,3,1,35.666666666666664,88.0,,Pastick,5.0,68.0,N,,,,,,
63.64630343634972,-158.01116820089447,2010-07-16,20,0,59.5,,,Pastick,,,,,,,,,
62.90185159707034,-159.4247135632509,2010-07-21,19,0,50.75,,,Pastick,,,,,,,,,
62.90328949163175,-159.483817278794,2010-07-22,20,0,47.73684210526316,,,Pastick,,,,,,,,,
63.003581490832275,-159.18650982775176,2010-07-23,40,0,72.65714285714286,,,Pastick,,,,,,,,,
62.91040810629892,-159.52156908004318,2010-07-24,19,0,31.57894736842105,,,Pastick,,,,,,,,,
62.9190461626898,-159.48552284636477,2010-07-25,20,0,70.55,,,Pastick,,,,,,,,,
62.92766017724218,-159.4989125854775,2010-07-25,20,0,57.7,,,Pastick,,,,,,,,,
63.02765360497811,-158.90290852988457,2010-07-27,40,0,50.22222222222222,,,Pastick,,,,,,,,,
62.950804738902114,-159.5738069488817,2010-08-04,20,0,63.75,,,Pastick,,,,,,,,,
62.950339116142814,-159.70835807481689,2010-08-04,20,0,90.6,,,Pastick,,,,,,,,,
62.98375190330256,-159.51524053123626,2010-08-05,20,0,64.05,,,Pastick,,,,,,,,,
62.97312263984057,-159.52764137530548,2010-08-05,18,0,54.611111111111114,,,Pastick,,,,,,,,,
62.96899523408886,-159.58921158938406,2010-08-06,19,0,43.421052631578945,,,Pastick,,,,,,,,,
62.95512433766212,-159.58265866270176,2010-08-06,19,0,57.0,,,Pastick,,,,,,,,,
62.984915010930436,-159.2033636770579,2010-08-07,20,1,111.3,,,Pastick,,,,,,,,,
62.95604679407519,-159.63330934008212,2010-08-09,20,0,39.1,,,Pastick,,,,,,,,,
64.79874970061383,-148.222532174247,2002-07-21,2,0,0.0,155.0,,Pastick,4.0,8.5,Y,,,,,,
64.826712619561,-148.06273506457808,2002-06-24,2,1,46.5,60.5,,Pastick,4.0,11.5,N,,,,,,
64.80093161866178,-148.14759027977715,2002-07-03,2,0,0.0,64.0,,Pastick,2.0,16.5,Y,,,,,,
64.8420175539319,-148.10039367347656,2002-07-24,2,1,28.0,65.0,,Pastick,3.0,19.5,N,,,,,,
64.63738694263202,-149.05109141264438,2002-08-24,2,0,62.5,152.5,,Pastick,1.0,4.0,N,,,,,,
64.8726693139009,-148.10206938451773,2002-09-05,2,0,0.0,43.0,,Pastick,7.0,9.0,Y,,,,,,
64.87208399983098,-148.090161964473,2002-09-07,2,0,32.5,87.5,,Pastick,9.0,14.0,Y,,,,,,
64.8701182215406,-148.0770774505736,2002-09-05,3,0,0.0,79.33333333333333,,Pastick,3.0,9.0,Y,,,,,,
64.87521976433123,-148.072335139877,2002-09-05,2,0,0.0,46.0,,Pastick,2.0,6.5,Y,,,,,,
64.88806986704037,-148.0636499056112,2002-09-08,2,0,0.0,56.0,,Pastick,4.0,16.5,Y,,,,,,
64.85610197733781,-148.1202712104585,2002-09-09,2,0,0.0,102.5,,Pastick,1.0,13.5,Y,,,,,,
64.88808021153709,-148.1185799569456,2002-09-10,3,0,0.0,42.666666666666664,,Pastick,2.0,11.333333333333334,Y,,,,,,
64.88107890492302,-148.10436718252691,2002-09-10,2,1,17.0,45.0,,Pastick,4.0,24.0,N,,,,,,
64.92397475294433,-148.1012890970662,2002-09-12,2,0,32.5,127.5,,Pastick,3.0,6.0,N,,,,,,
64.92411188186654,-148.09425219207108,2002-09-12,2,1,101.0,112.5,,Pastick,4.0,16.0,N,,,,,,
64.9326038805426,-148.09754971805756,2002-08-12,2,0,0.0,102.5,,Pastick,2.0,3.0,N,,,,,,
64.89443084819675,-148.06261304912604,2002-09-17,2,0,0.0,52.5,,Pastick,2.0,11.0,Y,,,,,,
64.79318500281315,-148.14725038681743,2002-07-09,2,0,0.0,62.5,,Pastick,11.0,11.0,Y,,,,,,
64.79996477719465,-148.16286411684527,2002-07-08,2,1,50.0,56.5,,Pastick,4.0,26.5,N,,,,,,
64.78382144840484,-148.18145126858954,2002-07-15,2,1,30.0,68.5,,Pastick,3.0,8.5,N,,,,,,
64.85667491976523,-148.0704888799022,2002-07-26,2,0,0.0,82.5,,Pastick,6.0,7.5,Y,,,,,,
64.8206085805385,-148.05479452465534,2002-06-28,2,0,31.0,105.0,,Pastick,2.0,23.0,N,,,,,,
64.82421622633899,-148.16874574769145,2002-07-11,2,0,0.0,76.5,,Pastick,2.0,18.5,Y,,,,,,
64.85343560274075,-148.48787987193984,2003-06-30,2,0,0.0,81.0,,Pastick,1.0,22.0,Y,,,,,,
64.82136174095753,-148.38935830552683,2003-07-08,3,1,56.0,71.33333333333333,,Pastick,1.0,32.0,N,,,,,,
64.1655824379847,-149.1854278852952,2003-08-06,2,0,16.5,65.0,,Pastick,3.0,39.5,N,,,,,,
64.21417167970546,-149.25560087221402,2003-08-13,2,0,0.0,81.0,,Pastick,19.0,8.5,N,,,,,,
64.17267005039753,-149.30571970684036,2003-08-18,4,0,29.25,68.5,,Pastick,3.0,17.5,N,,,,,,
64.17083576707887,-149.29949592428918,2003-08-18,2,0,0.0,90.0,,Pastick,1.0,10.5,N,,,,,,
64.17575075053081,-149.3182509115327,2003-08-18,3,0,0.0,120.0,,Pastick,8.0,12.666666666666666,N,,,,,,
64.20048145635876,-149.36471200477183,2003-08-20,2,1,46.0,53.0,,Pastick,1.0,21.5,N,,,,,,
64.21221008461673,-149.36537650405822,2003-08-19,3,0,0.0,61.333333333333336,,Pastick,3.0,8.0,N,,,,,,
64.21343562122757,-149.3425458151413,1999-01-17,2,0,0.0,90.0,,Pastick,5.0,16.0,N,,,,,,
64.21560531684872,-149.30920038126348,1999-02-20,2,0,0.0,70.0,,Pastick,7.0,5.0,N,,,,,,
64.21427749051973,-149.296044953737,2003-08-20,3,1,50.666666666666664,56.333333333333336,,Pastick,9.0,27.0,N,,,,,,
64.76216882898288,-148.37250340119792,2003-07-01,2,0,20.5,50.5,,Pastick,2.0,11.0,Y,,,,,,
64.21525782826086,-149.27816830189795,2003-08-14,2,0,0.0,67.0,,Pastick,3.0,4.5,N,,,,,,
64.2227812531722,-149.2859421210203,2003-08-14,2,0,0.0,59.0,,Pastick,5.0,8.5,N,,,,,,
64.34190965436018,-149.19656730741147,2003-07-14,3,0,0.0,114.66666666666667,,Pastick,2.0,10.0,N,,,,,,
64.35042791151625,-149.2023563834299,2003-08-02,2,0,0.0,95.0,,Pastick,3.0,10.0,N,,,,,,
64.35396786343898,-149.20277407053885,2003-08-21,2,0,0.0,173.5,,Pastick,2.0,8.5,N,,,,,,
64.25786219597536,-149.09737412783795,2003-08-13,3,1,44.666666666666664,106.33333333333333,,Pastick,1.0,10.666666666666666,N,,,,,,
64.21190472433794,-149.3800226793368,1999-01-19,2,0,0.0,81.0,,Pastick,5.0,5.0,N,,,,,,
64.22777124619783,-149.42496521907378,2003-08-19,2,1,16.0,76.0,,Pastick,1.0,21.5,N,,,,,,
64.22766442368349,-149.4137982231008,2003-08-19,2,1,35.0,126.0,,Pastick,3.0,11.5,N,,,,,,
64.22830491243232,-149.3931574729151,2003-08-19,2,0,0.0,87.5,,Pastick,6.0,13.5,N,,,,,,
64.225623873822,-149.37846247851098,2000-07-30,3,0,26.666666666666668,70.33333333333333,,Pastick,10.0,13.0,N,,,,,,
64.22853918979303,-149.37025370467882,1999-01-19,2,0,0.0,51.0,,Pastick,9.0,4.0,N,,,,,,
64.35688011509556,-149.08307874963924,2003-08-20,2,1,21.5,94.0,,Pastick,2.0,58.5,N,,,,,,
64.35536734909766,-149.06860763728818,2003-08-20,3,0,20.0,63.333333333333336,,Pastick,5.0,37.666666666666664,N,,,,,,
64.35470025523259,-149.0575365369799,2003-08-20,2,1,61.5,67.5,,Pastick,8.0,10.0,N,,,,,,
64.7737979691677,-148.26729370430616,2003-07-02,2,0,9.0,43.5,,Pastick,1.0,20.0,Y,,,,,,
64.37658654994527,-149.15201576284323,2003-07-17,2,0,0.0,93.0,,Pastick,1.0,32.0,N,,,,,,
64.23595197124432,-149.09356833764195,2003-08-12,3,0,21.666666666666668,95.0,,Pastick,1.0,15.666666666666666,N,,,,,,
64.24341930831237,-149.11634834996394,2003-08-12,3,1,25.666666666666668,95.66666666666667,,Pastick,5.0,12.333333333333334,N,,,,,,
64.23131782328643,-149.27790513865614,2003-08-14,3,0,0.0,93.0,,Pastick,1.0,3.6666666666666665,N,,,,,,
64.23867813777102,-149.25030532743853,2003-08-14,2,0,0.0,52.0,,Pastick,7.0,10.0,N,,,,,,
64.21497857739847,-149.39574752969997,1994-08-23,2,0,0.0,154.0,,Pastick,9.0,14.0,N,,,,,,
65.6476927572312,-143.80964265341794,2008-06-30,2,1,45.0,61.0,,Pastick,,31.5,N,,,,,,
65.64287086057904,-143.80149117922988,2008-06-30,2,0,32.5,72.5,,Pastick,,36.5,N,,,,,,
65.48485823415817,-143.57996046079484,2008-07-01,2,0,0.0,89.5,,Pastick,,18.0,N,,,,,,
65.45966653275609,-143.50332476090617,2008-07-02,3,0,0.0,78.66666666666667,,Pastick,,3.0,N,,,,,,
65.46091694204378,-143.4920880939274,2008-07-02,2,0,0.0,77.5,,Pastick,,3.5,N,,,,,,
65.38234409574314,-143.24688512018457,2008-07-03,2,1,21.0,88.0,,Pastick,,30.5,N,,,,,,
65.09379241510128,-143.38514234642568,2008-07-10,3,0,0.0,62.666666666666664,,Pastick,,1.6666666666666667,N,,,,,,
65.10025253087221,-143.3794186368341,2008-07-13,2,1,20.5,62.5,,Pastick,,6.0,N,,,,,,
65.10510316892046,-143.381790846929,2008-07-13,2,0,0.0,72.5,,Pastick,,12.0,N,,,,,,
65.08348598175019,-143.48238808881877,2008-07-14,2,0,0.0,55.5,,Pastick,,2.0,N,,,,,,
65.19061362126253,-143.76434471688552,2008-07-15,3,0,22.666666666666668,75.66666666666667,,Pastick,,11.0,N,,,,,,
65.19634028740067,-143.77040271701424,2008-07-15,3,0,0.0,73.0,,Pastick,,0.0,N,,,,,,
65.18921506258344,-143.48381713947114,2008-07-16,2,0,0.0,118.0,,Pastick,,3.5,N,,,,,,
65.08132572914495,-143.81115741605032,2008-07-17,2,1,36.5,66.5,,Pastick,,12.5,N,,,,,,
65.09057918296652,-143.80070039688192,2008-07-17,2,0,0.0,55.0,,Pastick,,0.0,N,,,,,,
65.53220808209426,-143.66984797338853,2008-07-28,2,0,12.0,119.0,,Pastick,,65.0,N,,,,,,
65.58493644314936,-143.94731088696358,2008-07-29,4,0,0.0,91.25,,Pastick,,13.75,N,,,,,,
65.49134371015597,-143.72676337161545,2008-07-30,3,0,15.0,70.0,,Pastick,,15.0,N,,,,,,
65.49281614782403,-143.65867858424636,2008-07-31,2,0,0.0,95.5,,Pastick,,0.0,N,,,,,,
65.49594269093367,-143.6738293755424,2008-07-31,2,0,39.0,108.0,,Pastick,,16.0,N,,,,,,
65.45141747039975,-143.62665730253664,2008-08-01,5,1,22.4,93.4,,Pastick,,36.0,N,,,,,,
65.45640552967049,-143.6205669066487,2008-08-01,2,1,29.0,127.5,,Pastick,,105.5,N,,,,,,
65.47337695589509,-143.85294948474478,2008-08-13,2,1,33.0,129.5,,Pastick,,27.5,N,,,,,,
65.46985894074965,-143.82331774470052,2008-08-13,2,1,65.0,76.5,,Pastick,,47.5,N,,,,,,
65.40190680876638,-143.83191978278535,2008-08-14,2,1,57.5,70.5,,Pastick,,34.5,N,,,,,,
65.32202568269133,-143.86249882651433,2008-08-15,4,1,37.75,65.5,,Pastick,,23.25,N,,,,,,
65.31860410226895,-143.84622589018082,2008-08-15,2,1,62.5,72.5,,Pastick,,52.5,N,,,,,,
65.33791616637633,-143.6945569525128,2008-08-16,4,1,57.25,79.0,,Pastick,,39.75,N,,,,,,
65.52096322486432,-143.73211008195958,2008-08-27,4,1,38.0,89.75,,Pastick,,81.75,N,,,,,,
65.51914778398316,-143.7130753895775,2008-08-27,2,1,54.0,63.0,,Pastick,,23.0,N,,,,,,
65.53339668023213,-143.68951875181517,2008-07-28,2,0,0.0,145.5,,Pastick,,1.5,N,,,,,,
65.6307450363057,-143.95261811564933,2008-06-29,2,1,62.0,69.5,,Pastick,,30.0,N,,,,,,
65.618063347114,-143.9601436078196,2008-06-29,2,0,0.0,83.0,,Pastick,,8.5,N,,,,,,
65.6060633932936,-143.7426630840359,2008-06-30,2,0,0.0,66.5,,Pastick,,10.5,N,,,,,,
65.61236689164299,-143.73994253480564,2008-06-30,3,0,23.666666666666668,97.33333333333333,,Pastick,,45.666666666666664,N,,,,,,
65.47052681261633,-143.5764041947142,2008-07-01,2,0,0.0,80.0,,Pastick,,10.0,N,,,,,,
65.45810749267824,-143.23820507906703,2008-07-02,2,0,15.5,69.5,,Pastick,,15.0,N,,,,,,
65.46913753667135,-143.25603283141493,2008-07-02,2,1,45.0,47.5,,Pastick,,25.0,N,,,,,,
65.38652715378075,-143.14697499014312,2008-07-03,4,1,43.0,54.75,,Pastick,,36.25,N,,,,,,
65.37937253781645,-143.2118031824813,2008-07-04,3,0,18.333333333333332,78.33333333333333,,Pastick,,34.666666666666664,N,,,,,,
65.08049684554365,-143.5880113819748,2008-07-14,2,0,0.0,75.5,,Pastick,,10.5,N,,,,,,
65.2142482964881,-143.52718172880967,2008-07-16,2,0,0.0,69.0,,Pastick,,13.0,N,,,,,,
65.21891924362868,-143.53902795331794,2008-07-16,2,1,15.5,60.5,,Pastick,,10.5,N,,,,,,
65.09800653346554,-143.68969256496086,2008-07-17,2,0,25.5,67.5,,Pastick,,13.5,N,,,,,,
65.1030518538802,-143.68906156930132,2008-07-17,2,0,0.0,80.0,,Pastick,,17.5,N,,,,,,
65.23521348218013,-143.31601941086296,2008-07-18,3,0,16.0,51.666666666666664,,Pastick,,12.333333333333334,N,,,,,,
65.23159146727531,-143.32752491113382,2008-07-18,2,1,34.5,51.5,,Pastick,,42.5,N,,,,,,
65.590584640553,-144.0042425261892,2008-07-27,4,1,71.75,116.0,,Pastick,,2.75,N,,,,,,
65.50095772780759,-143.75880163887453,2008-08-13,5,0,9.0,70.8,,Pastick,,17.6,N,,,,,,
65.47378719994603,-143.7901959419316,2008-08-14,2,0,31.5,127.5,,Pastick,,18.5,N,,,,,,
65.3658540111254,-143.847725309931,2008-08-15,3,1,40.666666666666664,56.0,,Pastick,,30.333333333333332,N,,,,,,
65.3702044011286,-143.85310976815248,2008-08-15,2,1,59.0,65.0,,Pastick,,29.0,N,,,,,,
65.3575225890643,-143.83747570152198,2008-08-15,3,1,31.0,100.33333333333333,,Pastick,,45.333333333333336,N,,,,,,
65.3560388490911,-143.5614163363196,2008-08-16,2,1,53.5,60.5,,Pastick,,32.0,N,,,,,,
65.35650058871664,-143.54858001229442,2008-08-16,3,1,54.333333333333336,63.0,,Pastick,,35.333333333333336,N,,,,,,
65.37195141593693,-143.6424693223703,2008-08-17,3,1,116.0,127.0,,Pastick,,10.333333333333334,N,,,,,,
65.37307633560296,-143.62217338070647,2008-08-17,2,0,0.0,99.0,,Pastick,,1.5,N,,,,,,
65.27032709866202,-143.58187124549767,2008-08-18,2,1,48.0,54.5,,Pastick,,17.5,N,,,,,,
65.27566012771277,-143.5895025397004,2008-08-18,4,0,18.75,70.5,,Pastick,,12.75,N,,,,,,
65.54183521888558,-143.76381802461975,2008-08-28,2,1,46.0,62.5,,Pastick,,18.5,N,,,,,,
65.54792655150658,-143.7480343887057,2008-08-28,2,1,24.0,126.5,,Pastick,,35.0,N,,,,,,
65.4158066037921,-143.5992861338355,2008-08-29,2,1,52.0,68.5,,Pastick,,28.5,N,,,,,,
65.42061227236506,-143.60772594899882,2008-08-29,3,1,64.66666666666667,70.33333333333333,,Pastick,,70.33333333333333,N,,,,,,
65.08841362740785,-143.57894190238372,2008-07-14,3,0,21.333333333333332,69.0,,Pastick,,24.0,N,,,,,,
63.462850191849355,-150.2204212620644,2018-08-14,7006,1,63.67608906651434,63.67608906651442,,Patton_2021,0.0,,,,,,,,
63.52335789739855,-155.93682122708069,2018-08-15,4601,1,98.31880243425374,98.31880243425343,,Patton_2021,0.0,,,,,,,,
70.23560382121096,-148.46307227597137,2020-08-17,123,1,38.609756097560975,38.609756097560975,0.0,Peirce_2020,0.0,,,,,,,,
70.23979150262385,-148.45884450725194,2020-08-17,101,1,43.40594059405941,43.40594059405941,0.0,Peirce_2020,0.0,,,,,,,,
70.22909251891349,-148.42182682156425,2020-08-15,250,1,49.764,49.764,0.0,Peirce_2020,0.0,,,,,,,,
70.22305472495756,-148.47135678155803,2020-08-15,241,1,53.15767634854772,53.15767634854772,0.0,Peirce_2020,1.0,,,,,,,,
70.19649006534853,-148.42518337123738,2020-08-16,284,1,56.11439114391144,57.90681003584229,3.341549295774648,Peirce_2020,0.0,,,,,,,,
61.171820028809094,-162.78491663837428,2016-08-17,1058,1,61.038367524346114,61.03836752434594,,Schaefer_2020,,,,,,,,,
61.17051015919863,-162.7762781385175,2016-08-15,4642,1,68.76284002314756,68.76284002314755,,Schaefer_2020,,,,,,,,,
61.169980946252466,-162.77180760650893,2016-08-15,2028,1,68.23171991867385,68.23171991867397,,Schaefer_2020,,,,,,,,,
61.174255502960854,-162.78468660500218,2016-08-17,1959,1,62.116204197148654,62.11620419714871,,Schaefer_2020,,,,,,,,,
61.17509822416687,-162.7774598138151,2016-08-15,5371,1,68.3700450393101,68.37004503931044,,Schaefer_2020,,,,,,,,,
61.18080120452559,-162.7833181322891,2016-08-17,1149,1,72.41363825193892,72.41363825193899,,Schaefer_2020,,,,,,,,,
61.17916850394191,-162.77903882532556,2016-08-16,4995,1,70.38742555306486,70.38742555306474,,Schaefer_2020,,,,,,,,,
61.18379069546541,-162.78795947784764,2016-08-16,4889,1,65.10579462179248,65.10579462179228,,Schaefer_2020,,,,,,,,,
61.182051858090205,-162.7779233435015,2016-08-16,754,1,68.58396923212736,68.58396923212754,,Schaefer_2020,,,,,,,,,
61.18678966503803,-162.7905775838272,2016-08-17,1181,1,57.99860640490421,57.99860640490431,,Schaefer_2020,,,,,,,,,
61.19713105410097,-162.78950777486025,2013-08-11,3755,1,68.13704859175171,68.13704859175145,,Schaefer_2020,,,,,,,,,
61.26159666343776,-163.24852856014186,2014-08-12,2810,1,60.11615139714049,60.11615139714074,,Schaefer_2020,,,,,,,,,
61.26119336925606,-163.23720464989094,2014-08-12,1828,1,63.77903808921456,63.77903808921448,,Schaefer_2020,,,,,,,,,
61.26352891365467,-163.23288387951806,2014-08-12,498,1,71.0928392495824,71.09283924958234,,Schaefer_2020,,,,,,,,,
61.26664878899992,-163.24905697550014,2014-08-12,2000,1,63.22946445789385,63.22946445789383,,Schaefer_2020,,,,,,,,,
61.26646525540272,-163.2352359174854,2014-08-12,1018,1,59.854730823151364,59.85473082315123,,Schaefer_2020,,,,,,,,,
61.2664689263718,-163.23143594165322,2014-08-12,4319,1,66.69893092220391,66.6989309222039,,Schaefer_2020,,,,,,,,,
61.26876314516129,-163.24350660887097,2014-08-12,248,1,58.58052511598789,58.5805251159879,,Schaefer_2020,,,,,,,,,
61.270699042067584,-163.23789812541403,2014-08-09,6945,1,62.61811824392759,62.61811824392758,,Schaefer_2020,,,,,,,,,
61.270832215428875,-163.23024160819486,2014-08-12,3124,1,65.62349029668196,65.62349029668202,,Schaefer_2020,,,,,,,,,
61.27352631603396,-163.23951556932627,2014-08-12,1291,1,64.19868024137051,64.19868024137044,,Schaefer_2020,,,,,,,,,
61.2735315628999,-163.22981406716428,2014-08-12,938,1,66.80292221964291,66.80292221964287,,Schaefer_2020,,,,,,,,,
61.278027063306794,-162.62968204154885,2014-08-11,3396,1,69.64011279530335,69.64011279530305,,Schaefer_2020,,,,,,,,,
61.28582699566898,-162.8662102241507,2013-08-11,2766,1,74.11711462588671,74.11711462588666,,Schaefer_2020,,,,,,,,,
61.290497475000116,-162.8696793327275,2013-08-11,2200,1,72.46964887117471,72.46964887117473,,Schaefer_2020,,,,,,,,,
61.354820494063,-163.09993770981947,2014-08-13,2658,1,66.93649698872123,66.93649698872109,,Schaefer_2020,,,,,,,,,
61.35478380033348,-163.0924401180345,2014-08-13,2279,1,68.77591923890904,68.77591923890901,,Schaefer_2020,,,,,,,,,
62.6972409060194,-141.14274462718444,2018-08-13,103,1,56.090401721618115,56.09040172161812,,Schaefer_2020,,,,,,,,,
64.3882384979208,-146.88148268811884,2014-08-12,101,1,64.43083368942241,64.43083368942244,,Schaefer_2020,,,,,,,,,
64.87019984294697,-147.73933676622522,2014-08-12,302,1,62.25100261975441,62.25100261975442,,Schaefer_2020,,,,,,,,,
64.87484231,-147.68154430693076,2014-08-12,101,1,63.17993821059405,63.17993821059406,,Schaefer_2020,,,,,,,,,
68.47687097907627,-149.5011299873095,2014-08-12,3215,1,51.625639191290865,51.63341524105754,101.0,Schaefer_2020,,,,,,,,,
68.54573963382535,-149.49033195121953,2016-08-14,779,1,39.00543003851084,39.00543003851091,,Schaefer_2020,,,,,,,,,
68.6309075388547,-149.49023112795754,2013-08-11,2375,1,45.803031578947255,45.80303157894737,,Schaefer_2020,,,,,,,,,
68.63051242053504,-149.48196578375072,2013-08-11,1477,1,49.846235612728634,49.84623561272849,,Schaefer_2020,,,,,,,,,
68.63307836958197,-149.47294215337618,2013-08-13,311,1,43.07948553054664,43.07948553054662,,Schaefer_2020,,,,,,,,,
68.63542131329552,-149.49517359332003,2013-08-13,2021,1,48.486724393864286,48.48672439386442,,Schaefer_2020,,,,,,,,,
68.63615152624045,-149.4699731613609,2013-08-13,1822,1,43.811190998902326,43.8111909989023,,Schaefer_2020,,,,,,,,,
68.63988022275824,-149.5037272775834,2013-08-13,1374,1,59.36971615720527,59.36971615720523,,Schaefer_2020,,,,,,,,,
68.64054936406173,-149.49888025320664,2013-08-13,421,1,53.01320665083134,53.01320665083135,,Schaefer_2020,,,,,,,,,
68.64152836021816,-149.47863784494027,2014-08-10,1008,1,48.04613095238108,48.04613095238095,,Schaefer_2020,,,,,,,,,
68.64061559230245,-149.46755670659624,2014-02-04,1607,1,43.27937772246407,43.279377722464226,,Schaefer_2020,,,,,,,,,
68.64719555655117,-149.38899737922443,2016-08-14,722,1,47.627853185595555,47.62785318559556,,Schaefer_2020,,,,,,,,,
68.64748332063944,-149.37546923428056,2016-08-14,563,1,45.47733570159849,45.477335701598584,,Schaefer_2020,,,,,,,,,
68.64785145569768,-149.3638555488371,2016-08-14,86,1,46.673372093023254,46.673372093023254,,Schaefer_2020,,,,,,,,,
68.6483173163218,-149.34894488198313,2016-08-14,938,1,51.894402985074635,51.89440298507462,,Schaefer_2020,,,,,,,,,
68.64866114130635,-149.341395536036,2016-08-14,222,1,48.40653153153155,48.406531531531535,,Schaefer_2020,,,,,,,,,
68.6508325,-149.32891415,2016-08-14,2,1,40.5,40.5,,Schaefer_2020,,,,,,,,,
68.65147521260378,-149.32310010452824,2016-08-14,265,1,73.74777358490567,73.74777358490566,,Schaefer_2020,,,,,,,,,
68.65101192440342,-149.25597736655448,2014-08-13,595,1,47.24710924369741,47.24710924369748,,Schaefer_2020,,,,,,,,,
68.64982218881205,-149.25111146775748,2014-08-13,825,1,50.88357575757577,50.883575757575755,,Schaefer_2020,,,,,,,,,
68.65015443356143,-149.23581648631773,2014-08-12,994,1,40.547565392354066,40.54756539235412,,Schaefer_2020,,,,,,,,,
68.6378078210748,-149.2324286514018,2014-08-02,214,1,43.42149532710278,43.4588785046729,,Schaefer_2020,,13.0,N,,,,,,
68.65588540197028,-149.23250849129042,2014-08-13,1883,1,44.5520233669677,44.5520233669676,,Schaefer_2020,,,,,,,,,
68.64947787962419,-149.22953078604021,2014-08-09,745,1,45.00163758389262,45.02579865771812,,Schaefer_2020,,40.0,N,,,,,,
68.65936009816451,-149.25832957638315,2014-08-13,741,1,41.605492577597836,41.605492577597836,,Schaefer_2020,,,,,,,,,
68.65813541675774,-149.24831587300872,2014-08-11,1971,1,46.360948756976136,46.36500761035008,,Schaefer_2020,,23.0,N,,,,,,
68.65955506230577,-149.23998009576468,2014-08-12,425,1,35.080729411764736,35.08072941176471,,Schaefer_2020,,,,,,,,,
68.91642368080092,-148.84759634056846,2016-08-16,1548,1,51.43188630490963,51.43188630490956,,Schaefer_2020,,,,,,,,,
69.06533592253159,-148.79509464303797,2014-08-13,79,1,38.36556962025315,38.365569620253154,,Schaefer_2020,,,,,,,,,
69.06326456626228,-148.78977230635485,2014-08-13,1731,1,49.146447140381255,49.146447140381284,,Schaefer_2020,,,,,,,,,
69.06174923695797,-148.7725999826322,2014-08-13,927,1,70.82265372168301,70.82265372168284,,Schaefer_2020,,,,,,,,,
69.062403081566,-148.76556381442316,2014-08-13,728,1,54.60173076923093,54.60173076923076,,Schaefer_2020,,,,,,,,,
69.06873298326369,-148.8118428401842,2014-08-13,1630,1,43.757877300613586,43.7578773006135,,Schaefer_2020,,,,,,,,,
69.06738646065932,-148.80125100572775,2014-08-13,2776,1,50.99263328530266,50.9926332853026,,Schaefer_2020,,,,,,,,,
69.06964794368264,-148.7715718708215,2014-08-13,353,1,65.11388101983002,65.11388101983002,,Schaefer_2020,,,,,,,,,
69.06856806065225,-148.7650474324854,2014-08-13,1533,1,67.6541291585127,67.65412915851272,,Schaefer_2020,,,,,,,,,
69.07026233413083,-148.81816428528407,2016-07-26,1162,1,53.71541308089518,53.715413080895004,,Schaefer_2020,,,,,,,,,
69.06862239607719,-148.80139315437256,2016-08-11,1578,1,52.42744613434798,52.43061470215462,,Schaefer_2020,,26.0,N,,,,,,
69.07140131323848,-148.7909537950763,2016-08-13,1442,1,55.15610957004232,55.15610957004161,,Schaefer_2020,,,,,,,,,
69.06744911994188,-148.77832082880727,2016-06-13,1031,1,59.47971871968998,59.484568380213375,,Schaefer_2020,,0.0,N,,,,,,
69.1078770408345,-148.86975168982912,2014-08-10,2517,1,57.54100119189531,57.544179578863734,,Schaefer_2020,,11.0,N,,,,,,
69.10348245062092,-148.85589169138095,2014-08-08,1079,1,39.01631139944397,39.020945319740505,,Schaefer_2020,,23.0,N,,,,,,
69.08616832774197,-148.85485503290315,2014-07-27,155,1,45.098129032258086,45.14329032258065,,Schaefer_2020,,18.0,N,,,,,,
69.11172699726305,-148.8732940547182,2014-08-10,4567,1,63.01782351653214,63.020451061966284,,Schaefer_2020,,11.0,N,,,,,,
69.11602220337494,-148.8731762910623,2014-08-11,3144,1,38.4554898218826,38.45548982188295,,Schaefer_2020,,,,,,,,,
69.1208358706207,-148.86390132482757,2014-08-11,290,1,35.277344827586155,35.277344827586205,,Schaefer_2020,,,,,,,,,
69.12243225190556,-148.85942765769826,2014-08-11,1312,1,38.853894817073154,38.85389481707317,,Schaefer_2020,,,,,,,,,
69.12180040592746,-148.83877913387096,2017-03-27,496,1,28.06397177419357,28.063971774193547,,Schaefer_2020,,,,,,,,,
69.12063030719168,-148.83716829240979,2016-08-17,527,1,27.46136622390893,27.461366223908918,,Schaefer_2020,,,,,,,,,
69.12467708524271,-148.85243264854367,2014-08-12,103,1,38.32961165048544,38.32961165048543,,Schaefer_2020,,,,,,,,,
69.12537069803774,-148.8443166146477,2017-08-21,2171,1,33.21019806540787,33.24474435743897,,Schaefer_2020,,0.0,N,,,,,,
69.1489985665379,-148.8427384698186,2014-08-13,2591,1,24.717445553288915,24.717445553288858,,Schaefer_2020,,,,,,,,,
70.13758654133333,-148.6594119202666,2018-11-15,375,1,60.69585346919996,60.6958534692,,Schaefer_2020,,,,,,,,,
70.13629582842383,-148.6469000754522,2018-08-25,387,1,62.75028420012919,62.750284200129194,,Schaefer_2020,,,,,,,,,
70.13612986250001,-148.639853125,2018-08-24,8,1,47.54374980000001,47.5437498,,Schaefer_2020,,,,,,,,,
71.24826014386761,-156.56307048938697,2014-08-12,848,1,39.34450155921774,39.34450155921777,,Schaefer_2020,,,,,,,,,
71.24847868083818,-156.55392781515698,2014-08-12,3246,1,48.41271095437758,48.412710954377694,,Schaefer_2020,,,,,,,,,
71.24815047279213,-156.54585869848347,2014-08-12,1121,1,39.80403932082974,39.80403932082962,,Schaefer_2020,,,,,,,,,
71.25226008668841,-156.55068352883532,2014-08-12,2757,1,43.17209053384233,43.17209053384215,,Schaefer_2020,,,,,,,,,
71.25285980837683,-156.54102290191963,2014-08-12,2865,1,44.296213203689746,44.296213203689746,,Schaefer_2020,,,,,,,,,
71.25816146015168,-156.5923375815936,2014-08-12,1054,1,39.54473615744777,39.544736157447815,,Schaefer_2020,,,,,,,,,
71.25815049077016,-156.58196609420756,2014-08-12,1571,1,39.50178886799491,39.50178886799491,,Schaefer_2020,,,,,,,,,
71.25705560736185,-156.566401296416,2014-08-12,3097,1,43.83031227924603,43.830312279246044,,Schaefer_2020,,,,,,,,,
71.25389796599345,-156.55197043973013,2014-08-11,2970,1,46.178738436495976,46.185135742893536,,Schaefer_2020,,25.0,N,,,,,,
71.2550252162162,-156.5453922513514,2014-08-12,370,1,36.53375521860034,36.53375521860038,,Schaefer_2020,,,,,,,,,
71.26231782172002,-156.6246795310732,2014-08-12,1593,1,39.92077398761952,39.92077398761944,,Schaefer_2020,,,,,,,,,
71.26091969778578,-156.61013449192106,2014-08-12,1671,1,38.723284469369645,38.72328446936964,,Schaefer_2020,,,,,,,,,
71.25985155678235,-156.59731538485784,2014-08-12,1268,1,30.53267149641165,30.532671496411673,,Schaefer_2020,,,,,,,,,
71.26043501493852,-156.82625213532523,2018-08-18,1138,1,35.37163823189805,35.37163823189807,,Schaefer_2020,,,,,,,,,
71.26194962251658,-156.8134965728477,2018-08-20,604,1,28.50050424983435,28.500504249834442,,Schaefer_2020,,,,,,,,,
71.26387275,-156.8122175,2018-08-21,8,1,28.412475099999998,28.412475099999998,,Schaefer_2020,,,,,,,,,
71.26921312459015,-156.8221077213114,2018-08-21,610,1,34.17574337811471,34.17574337811476,,Schaefer_2020,,,,,,,,,
71.2731138792017,-156.63494448535505,2014-08-09,3933,1,34.986294949364385,34.98629494936435,,Schaefer_2020,,,,,,,,,
71.272053375,-156.62768966666667,2014-08-12,24,1,43.61852073333333,43.618520733333334,,Schaefer_2020,,,,,,,,,
71.29933720884137,-156.6157189253048,2014-08-08,656,1,43.58244650678351,43.61293431166158,,Schaefer_2020,,12.0,N,,,,,,
71.30640384492007,-156.61907339251337,2014-08-12,2805,1,38.53657155297084,38.536571552970884,,Schaefer_2020,,,,,,,,,
71.30415594500651,-156.6056696889571,2014-08-11,2273,1,35.32092374113793,35.325323213201344,,Schaefer_2020,,8.0,N,,,,,,
71.30773804359669,-156.5893833188012,2014-08-12,734,1,35.460188740940076,35.46018874094005,,Schaefer_2020,,,,,,,,,
71.31129123595508,-156.63089557517392,2014-08-12,1869,1,44.95289105673266,44.95289105673265,,Schaefer_2020,,,,,,,,,
71.30910859348202,-156.62564496740973,2014-08-12,583,1,48.99265403319035,48.99265403319039,,Schaefer_2020,,,,,,,,,
71.30208347146382,-156.59517872704723,2014-08-09,806,1,39.28834415266746,39.30323249013647,,Schaefer_2020,,33.0,N,,,,,,
71.3084284989077,-156.58774572870217,2014-08-11,2289,1,33.39994063858011,33.40474623054172,,Schaefer_2020,,13.0,N,,,,,,
71.31166400847464,-156.58099420974582,2014-08-12,472,1,43.04546918845332,43.04546918845338,,Schaefer_2020,,,,,,,,,
71.31553732525813,-156.63502164336776,2014-08-12,2518,1,43.19770848717886,43.19770848717898,,Schaefer_2020,,,,,,,,,
71.31631057796369,-156.6205283580917,2014-08-12,2033,1,46.54093788307909,46.540937883079195,,Schaefer_2020,,,,,,,,,
71.31617851765901,-156.6084060948537,2014-08-12,991,1,43.39482429600568,43.394824296005716,,Schaefer_2020,,,,,,,,,
71.31476635673855,-156.59222222423563,2014-08-12,2649,1,34.843882923656935,34.843882923656935,,Schaefer_2020,,,,,,,,,
71.31310527717392,-156.58341105434786,2014-08-12,184,1,42.075673694565225,42.07567369456522,,Schaefer_2020,,,,,,,,,
71.31821010326662,-156.62931047839837,2014-08-11,949,1,44.701357539954344,44.70135753995434,,Schaefer_2020,,,,,,,,,
71.3194845530706,-156.62147392900332,2014-08-12,2817,1,46.50330558056418,46.50330558056443,,Schaefer_2020,,,,,,,,,
71.32001759627774,-156.60369593271272,2014-08-12,1397,1,31.006817633583776,31.00681763358387,,Schaefer_2020,,,,,,,,,
71.31754085950413,-156.59800753719003,2014-08-12,121,1,33.10208359690084,33.102083596900826,,Schaefer_2020,,,,,,,,,
71.32258447368417,-156.61411173684232,2014-08-12,475,1,35.454594943368384,35.45459494336842,,Schaefer_2020,,,,,,,,,
71.32230205853661,-156.6111013487805,2014-07-07,205,1,34.803840526829255,34.80384052682927,,Schaefer_2020,,,,,,,,,
60.92219444444444,-117.02406555555555,2012-08-18,9,1,104.6,104.6,,Schaefer_2020,,,,,,,,,
60.94967280000001,-117.3738926,2012-08-09,5,1,66.133333334,66.133333334,,Schaefer_2020,,,,,,,,,
60.957280000000004,-117.341742,2009-04-24,5,1,65.633333332,65.633333332,,Schaefer_2020,,,,,,,,,
60.95779833333333,-117.16043166666667,2012-10-19,6,1,94.22222222333333,94.22222222333333,,Schaefer_2020,,,,,,,,,
61.619664799999995,-117.12878859999998,2013-08-11,5,1,89.608,89.608,,Schaefer_2020,,,,,,,,,
61.715430000000005,-116.89058600000001,2013-08-11,5,1,73.6,73.6,,Schaefer_2020,,,,,,,,,
61.77001833333333,-116.78871333333335,2013-08-11,6,1,81.5,81.5,,Schaefer_2020,,,,,,,,,
62.02922428571429,-116.31186857142858,2013-08-10,7,1,84.35714286428572,84.35714286428572,,Schaefer_2020,,,,,,,,,
62.35041666666667,-113.08324,2013-08-11,6,1,79.555555555,79.555555555,,Schaefer_2020,,,,,,,,,
62.354560000000006,-113.09420999999999,2013-08-11,4,1,54.916666667499996,54.916666667499996,,Schaefer_2020,,,,,,,,,
62.87801657142857,-118.20641828571429,2012-11-21,7,1,67.57142857000001,68.28571428428572,,Schaefer_2020,,9.0,N,,,,,,
62.382481111111105,-113.07822333333334,2013-08-10,9,1,51.388888888888886,51.388888888888886,,Schaefer_2020,,,,,,,,,
62.38287799999999,-113.15553400000002,2013-08-10,5,1,69.96666666400002,69.96666666400002,,Schaefer_2020,,,,,,,,,
62.9073797142857,-118.16950299999999,2012-11-20,7,1,56.09523809428572,57.52380952285715,,Schaefer_2020,,9.0,N,,,,,,
62.394267500000005,-113.131965,2013-08-11,4,1,77.2083333325,77.2083333325,,Schaefer_2020,,,,,,,,,
62.418512,-113.00306600000002,2013-08-10,5,1,72.633333334,72.633333334,,Schaefer_2020,,,,,,,,,
62.94142842857143,-118.29571028571426,2012-11-21,7,1,59.904761904285714,62.761904761428575,,Schaefer_2020,,7.0,N,,,,,,
62.943220142857136,-118.27094485714285,2012-11-21,7,1,73.42857142714286,101.99999999857141,,Schaefer_2020,,0.0,N,,,,,,
62.98936271428572,-118.57923314285713,2012-11-22,7,1,45.57142857142857,46.285714285714285,,Schaefer_2020,,7.0,N,,,,,,
62.49567,-113.57884,2013-08-10,2,1,56.416666665,56.416666665,,Schaefer_2020,,,,,,,,,
62.500802,-113.41396999999999,2013-08-10,5,1,51.2,51.2,,Schaefer_2020,,,,,,,,,
62.50844833333334,-113.39508666666667,2013-08-10,6,1,64.69444444666667,64.69444444666667,,Schaefer_2020,,,,,,,,,
62.51531333333333,-113.39106500000001,2013-08-10,6,1,60.02777777833333,60.02777777833333,,Schaefer_2020,,,,,,,,,
63.880266999999996,-149.25613499999997,2013-08-11,93,1,42.75627240143369,42.756272401433684,,Schaefer_2020,,,,,,,,,
63.92047600544554,-145.37822706534652,2013-08-11,101,1,89.41584158415841,89.41584158415841,,Schaefer_2020,,,,,,,,,
64.73024268819476,-165.95739434279199,2019-08-15,12,0,,,,Seward,,,,,,,,,
64.7291940057266,-165.9448636172199,2019-08-15,52,0,,,,Seward,,,,,,,,,
64.73234536215652,-165.9535514142563,2019-08-15,10,0,,,,Seward,,,,,,,,,
64.73261356418588,-165.94936146155965,2019-08-15,70,0,,,,Seward,,,,,,,,,
64.78913486215058,-165.30573601449035,2014-11-07,25,1,38.11052631578948,38.95263157894737,,Schaefer_2020,,7.0,N,,,,,,
64.73779922615002,-165.95812512963954,2017-10-18,89,0,78.69999999999999,78.7,,Seward,,,,,,,,,
64.74274337678817,-165.96388369639203,2019-08-15,7,1,,,,Seward,,,,,,,,,
64.74136582152522,-165.96147504149982,2016-01-25,44,1,62.93846153846154,62.93846153846154,,Schaefer_2020,,,,,,,,,
64.74574046998032,-165.96655852110754,2019-08-15,10,0,,,,Seward,,,,,,,,,
64.75335230769231,-165.9659261538462,2013-08-11,26,1,64.4846153846154,64.48461538461538,,Schaefer_2020,,,,,,,,,
64.8593125,-163.69170625,2013-08-11,16,1,27.09375,27.09375,,Schaefer_2020,,,,,,,,,
64.95966322689321,-147.6375082368932,2016-07-18,103,1,68.3883495145631,69.94174757281553,101.0,Schaefer_2020,,6.0,N,,,,,,
65.16110732076376,-164.829811048522,2019-09-15,56,1,,,,Seward,,,,,,,,,
65.1614460781984,-164.81869666772477,2018-06-15,78,1,35.3125,35.3125,,Seward,,,,,,,,,
65.16210671447266,-164.81045277289044,2019-09-15,33,1,,,,Seward,,,,,,,,,
65.164142298252,-164.8306190269503,2015-08-23,24,1,33.8125,33.8125,,Schaefer_2020,,,,,,,,,
65.16550227378964,-164.82005688133555,2018-05-14,82,1,42.111111111111114,42.111111111111114,,Seward,,,,,,,,,
65.16235058262151,-164.80750107640918,2019-09-15,4,1,,,,Seward,,,,,,,,,
67.07900790732675,-150.3533701732673,2014-08-12,101,1,49.277227722772274,49.277227722772274,,Schaefer_2020,,,,,,,,,
68.55735383333334,-149.5327513333333,2013-08-11,93,1,40.163082437275996,40.16308243727598,,Schaefer_2020,,,,,,,,,
68.55941299999999,-149.5159543333333,2013-08-11,93,1,32.21146953405018,32.21146953405018,,Schaefer_2020,,,,,,,,,
68.71226944100002,-149.84443864999997,2014-08-12,10,1,32.8,32.8,,Schaefer_2020,,,,,,,,,
68.4743375,-149.06988050000004,2017-10-14,12,1,54.5,55.75,,Schaefer_2020,,5.0,N,,,,,,
67.84202099999999,-149.08444866666667,2013-12-16,3,1,53.666666666666664,58.0,,Schaefer_2020,,21.0,N,,,,,,
68.87580782584905,-150.2587636943396,2018-05-10,53,1,55.5150011646867,55.64707663638481,,Schaefer_2020,,24.0,N,,,,,,
68.95179242377358,-150.21056552264153,2016-07-03,53,1,58.95698344432113,58.95698344432113,,Schaefer_2020,,,,,,,,,
68.9675562524,-150.24912275199998,2018-08-15,25,1,58.88,58.88,,Schaefer_2020,,,,,,,,,
68.99560319096153,-150.2811713346154,2018-06-05,52,1,72.06725113122171,72.06725113122171,,Schaefer_2020,,,,,,,,,
69.07404604999999,-150.40944995,2013-08-11,2,1,57.476020408163265,57.476020408163265,,Schaefer_2020,,,,,,,,,
69.15755,-148.83305000000001,2017-10-19,2,1,58.01190476190476,70.51190476190476,101.0,Schaefer_2020,,,,,,,,,
69.40127772459014,-150.91126711147544,2013-08-11,61,1,60.0,60.0,,Schaefer_2020,,,,,,,,,
69.67425,-148.721,2016-12-15,4,0,,100.0,101.0,Wang_2018,,,,,,,,,
69.67434700000001,-148.70749999999998,2018-08-24,2,1,39.52380952380952,39.52380952380952,,Schaefer_2020,,,,,,,,,
70.17943444444445,-148.46973,2018-08-23,9,1,52.92666666666667,52.92666666666667,,Schaefer_2020,,,,,,,,,
70.17779909090908,-148.45566318181818,2018-08-24,22,1,55.968181818181826,55.968181818181826,,Schaefer_2020,,,,,,,,,
70.178855,-148.44526,2018-08-24,4,1,57.474047619047624,57.474047619047624,,Schaefer_2020,,,,,,,,,
70.18199777777777,-148.46716666666666,2018-08-23,18,1,51.07444444444444,51.074444444444445,,Schaefer_2020,,,,,,,,,
70.18241625,-148.4559920833333,2018-08-24,24,1,51.17458333333332,51.17458333333334,,Schaefer_2020,,,,,,,,,
69.92362221428571,-148.23574,2018-01-22,14,1,52.257857142857155,58.829285714285724,,Schaefer_2020,,4.0,N,,,,,,
70.1856925,-148.46606,2018-08-22,8,1,52.457499999999996,52.457499999999996,,Schaefer_2020,,,,,,,,,
70.1854925,-148.4572233333333,2018-08-23,12,1,49.93166666666667,49.931666666666665,,Schaefer_2020,,,,,,,,,
70.18501166666665,-148.44149833333333,2018-08-23,3,1,53.53,53.53,,Schaefer_2020,,,,,,,,,
71.28106420461538,-156.60543414423074,2013-08-11,52,1,23.790064102564106,23.790064102564102,,Schaefer_2020,,,,,,,,,
66.5621586075,-159.00428525,2022-09-15,8,1,51.666666666666664,68.75,120.0,Selawik,,,,,,,,,
66.615496995,-158.97073000000003,2022-09-15,8,0,80.0,100.0,120.0,Selawik,,,,,,,,,
66.49052926499999,-158.08282625,2022-09-15,4,0,85.0,102.5,120.0,Selawik,,,,,,,,,
66.43759157000001,-159.05052857142854,2022-09-15,7,1,75.0,81.42857142857143,120.0,Selawik,,,,,,,,,
66.41985101,-155.56261325,2019-08-31,4,0,0.0,118.0,120.0,Selawik,,2.0,N,,,,,,
64.97745359806802,-166.22067493888161,2019-09-15,102,1,,,,Seward,,,,,,,,,
64.97806797061666,-166.2108802830145,2019-09-15,172,1,,,,Seward,,,,,,,,,
64.97704932067319,-166.20311330210103,2019-09-15,5,0,,,,Seward,,,,,,,,,
64.98014181180378,-166.22008969419477,2019-09-15,60,1,,,,Seward,,,,,,,,,
64.98015228193916,-166.20966821785294,2019-09-15,52,0,,,,Seward,,,,,,,,,
64.98022760563295,-166.19902700439448,2019-09-15,4,1,,,,Seward,,,,,,,,,
71.27643881199693,-156.53554977202495,2015-08-10,88,0,172.57142857142858,169.20454545454547,,Wagner_2019,,13.0,N,,,,,,
71.2402977701202,-156.4906245431323,2015-07-30,57,1,61.212765957446805,152.05263157894737,,Wagner_2019,,22.0,N,,,,,,
62.391999999999996,-145.14600000000002,2016-12-15,2,1,75.0,100.0,101.0,Wang_2018,,,,,,,,,
68.4795,-155.74099999999999,2015-06-16,2,1,87.5,100.0,101.0,Wang_2018,,,,,,,,,
64.8675,-147.85875,2016-12-15,4,1,100.0,100.0,101.0,Wang_2018,,,,,,,,,
67.9263298,-136.2141436,2016-03-15,5,1,59.27,59.67,100.0,Zhang_2019,,21.8,N,,,,,,
67.67490433333332,-137.98851266666668,2015-05-02,3,1,39.56666666666667,106.23333333333333,100.0,Zhang_2019,,11.333333333333334,N,,,,,,
68.31842666666667,-133.53334000000004,2017-08-18,3,1,48.225,48.225,100.0,Zhang_2019,,29.333333333333332,,,,,,,
68.35536350000001,-133.69394,2017-08-16,2,1,37.0,37.0,100.0,Zhang_2019,,40.5,,,,,,,
68.316329,-133.465045,2017-08-18,2,1,71.5,71.5,100.0,Zhang_2019,,31.25,,,,,,,
68.3393755,-133.70293,2017-08-16,2,1,43.8,71.9,100.0,Zhang_2019,,10.0,,,,,,,
68.36323790000002,-133.69974299999998,2017-08-17,10,1,40.815000000000005,40.815000000000005,100.0,Zhang_2019,,33.13,,,,,,,
68.34457900000001,-133.690055,2017-08-16,2,0,44.0,82.0,100.0,Zhang_2019,,82.5,,,,,,,
68.39379249999999,-133.765919,2017-08-15,10,1,75.55,85.33,100.0,Zhang_2019,,5.9,,,,,,,
68.41477471428571,-133.77113857142857,2017-08-16,7,1,72.675,81.78333333333333,100.0,Zhang_2019,,7.0,,,,,,,
68.354151,-133.6759128571429,2017-08-17,7,1,45.15,54.291666666666664,100.0,Zhang_2019,,24.571428571428573,,,,,,,
68.36893,-133.71974999999998,2017-08-16,2,1,43.375,43.375,100.0,Zhang_2019,,23.5,,,,,,,
69.417353,-133.02673,2017-08-20,4,1,62.05,62.05,100.0,Zhang_2019,,26.25,,,,,,,
68.39379133333334,-137.624753,2015-04-10,3,1,50.9,67.26666666666667,100.0,Zhang_2019,,16.333333333333332,N,,,,,,
69.38674725,-133.02166499999998,2017-08-20,8,1,45.925,45.925,100.0,Zhang_2019,,19.125,,,,,,,
69.36652066666666,-133.03738666666666,2017-08-20,6,1,49.46666666666667,49.46666666666667,100.0,Zhang_2019,,24.833333333333332,,,,,,,
69.3731606,-133.04277000000002,2017-08-21,5,1,69.946,69.946,100.0,Zhang_2019,,11.8,,,,,,,
69.3971634,-133.03231799999998,2017-08-21,5,1,66.31,66.31,100.0,Zhang_2019,,31.0,,,,,,,
69.282446,-132.91116,2017-08-19,3,1,49.0,49.0,100.0,Zhang_2019,,20.233333333333334,,,,,,,
69.29108966666666,-132.9217,2017-08-19,3,1,58.4,58.4,100.0,Zhang_2019,,14.0,,,,,,,
69.2962655,-132.9435775,2017-08-19,4,1,58.7625,58.7625,100.0,Zhang_2019,,16.0,,,,,,,
69.31987666666667,-133.01229666666666,2017-08-22,3,1,56.03333333333333,56.03333333333333,100.0,Zhang_2019,,25.0,,,,,,,
69.357146,-133.03506,2017-08-21,3,1,56.0,56.0,100.0,Zhang_2019,,42.666666666666664,,,,,,,
69.34978433333333,-133.037,2017-08-22,3,1,43.800000000000004,43.800000000000004,100.0,Zhang_2019,,30.0,,,,,,,
69.31085350000001,-132.99661500000002,2017-08-22,2,1,40.2,40.2,100.0,Zhang_2019,,20.0,,,,,,,
66.663889,-146.555,2010-07-16,1,0,0.0,99.0,,Pastick,,9.0,N,,,,,,
66.330278,-145.297778,2010-07-28,1,0,0.0,91.0,,Pastick,,12.0,N,,,,,,
66.571389,-145.271944,2010-08-01,1,1,80.0,80.0,,Pastick,,0.0,N,,,,,,
66.626389,-145.455278,2010-08-17,1,1,55.0,55.0,,Pastick,,30.0,N,,,,,,
66.305278,-144.771111,2010-09-09,1,0,0.0,184.0,,Pastick,,2.0,N,,,,,,
66.256389,-144.778056,2010-09-09,1,0,0.0,129.0,,Pastick,,2.0,N,,,,,,
66.408056,-144.876389,2010-09-10,1,1,140.0,140.0,,Pastick,,8.0,N,,,,,,
66.3,-144.854444,2010-09-12,1,1,120.0,120.0,,Pastick,,16.0,N,,,,,,
66.372222,-144.902778,2010-09-12,1,0,0.0,151.0,,Pastick,,2.0,N,,,,,,
66.643333,-144.937222,2010-06-22,1,0,0.0,152.0,,Pastick,,0.0,N,,,,,,
66.263889,-146.823333,2010-07-09,1,0,0.0,175.0,,Pastick,,16.0,N,,,,,,
66.3825,-146.871667,2010-07-13,1,1,105.0,105.0,,Pastick,,12.0,N,,,,,,
66.604167,-146.465556,2010-07-15,1,0,0.0,186.0,,Pastick,,5.0,N,,,,,,
66.483333,-145.8525,2010-07-30,1,0,0.0,129.0,,Pastick,,12.0,N,,,,,,
66.541667,-145.1975,2010-07-31,1,0,0.0,200.0,,Pastick,,0.0,N,,,,,,
66.547778,-145.199722,2010-08-01,1,1,83.0,87.0,,Pastick,,26.0,N,,,,,,
66.543889,-146.052222,2010-08-11,1,0,0.0,170.0,,Pastick,,0.0,N,,,,,,
66.628889,-146.025,2010-08-14,1,1,120.0,120.0,,Pastick,,0.0,N,,,,,,
66.621944,-145.828056,2010-08-15,1,1,130.0,130.0,,Pastick,,12.0,N,,,,,,
66.629167,-145.695556,2010-08-16,1,1,79.0,79.0,,Pastick,,5.0,N,,,,,,
66.623611,-145.710833,2010-08-16,1,1,115.0,115.0,,Pastick,,6.0,N,,,,,,
66.606111,-145.407778,2010-08-17,1,0,0.0,200.0,,Pastick,,0.0,N,,,,,,
66.626389,-144.826667,2010-08-18,1,1,175.0,175.0,,Pastick,,7.0,N,,,,,,
66.631389,-144.811944,2010-08-18,1,0,0.0,140.0,,Pastick,,0.0,N,,,,,,
66.704444,-144.697222,2010-08-19,1,1,132.0,132.0,,Pastick,,0.0,N,,,,,,
66.703611,-144.717222,2010-08-19,1,1,139.0,139.0,,Pastick,,0.0,N,,,,,,
66.699167,-144.739167,2010-08-19,1,1,120.0,120.0,,Pastick,,0.0,N,,,,,,
66.711667,-144.779722,2010-08-19,1,1,181.0,181.0,,Pastick,,16.0,N,,,,,,
66.632222,-145.032222,2010-08-20,1,1,85.0,85.0,,Pastick,,0.0,N,,,,,,
66.654444,-145.055833,2010-08-20,1,0,0.0,152.0,,Pastick,,0.0,N,,,,,,
66.625556,-144.9,2010-08-23,1,0,0.0,152.0,,Pastick,,0.0,N,,,,,,
66.613611,-144.919444,2010-08-23,1,1,166.0,166.0,,Pastick,,3.0,N,,,,,,
66.492778,-145.222222,2010-06-23,1,0,0.0,100.0,,Pastick,,0.0,N,,,,,,
66.384167,-145.472222,2010-06-25,1,0,0.0,200.0,,Pastick,,0.0,N,,,,,,
66.645,-145.786389,2010-06-25,1,1,102.0,102.0,,Pastick,,12.0,N,,,,,,
66.548611,-144.874722,2011-06-22,1,1,35.0,35.0,,Pastick,,35.0,N,,,,,,
65.425278,-144.825,2011-11-02,1,0,0.0,72.0,,Pastick,,7.0,Y,,,,,,
65.4275,-144.671944,2011-07-04,1,1,55.0,55.0,,Pastick,,19.0,N,,,,,,
65.303056,-146.2375,2011-07-05,1,1,43.0,43.0,,Pastick,,23.0,N,,,,,,
65.298333,-145.174167,2011-07-06,1,0,0.0,40.0,,Pastick,,18.0,Y,,,,,,
65.290278,-145.186389,2011-07-06,1,0,0.0,60.0,,Pastick,,12.0,N,,,,,,
65.286667,-145.176944,2011-07-06,1,0,0.0,55.0,,Pastick,,13.0,Y,,,,,,
65.271667,-145.169444,2011-07-06,1,1,40.0,42.0,,Pastick,,40.0,N,,,,,,
65.279167,-144.975,2011-07-07,1,0,0.0,60.0,,Pastick,,26.0,Y,,,,,,
65.250278,-144.850556,2011-07-07,1,1,60.0,60.0,,Pastick,,30.0,N,,,,,,
66.259167,-144.874722,2011-11-02,1,0,0.0,60.0,,Pastick,,30.0,Y,,,,,,
65.365,-144.321111,2011-07-11,1,1,45.0,45.0,,Pastick,,28.0,N,,,,,,
65.363056,-144.3025,2011-07-11,1,1,42.0,42.0,,Pastick,,42.0,N,,,,,,
65.354167,-144.286389,2011-07-11,1,1,50.0,50.0,,Pastick,,20.0,N,,,,,,
65.473333,-145.135556,2011-07-13,1,0,0.0,75.0,,Pastick,,29.0,Y,,,,,,
65.283056,-145.103889,2011-11-04,1,1,59.0,59.0,,Pastick,,59.0,N,,,,,,
66.2825,-145.105,2011-11-04,1,1,50.0,50.0,,Pastick,,50.0,N,,,,,,
65.237778,-145.7825,2011-07-23,1,0,0.0,40.0,,Pastick,,5.0,Y,,,,,,
65.184167,-144.375556,2011-07-24,1,0,0.0,95.0,,Pastick,,6.0,N,,,,,,
65.492222,-145.690556,2011-07-25,1,0,0.0,36.0,,Pastick,,3.0,Y,,,,,,
65.454444,-145.696944,2011-07-25,1,0,0.0,45.0,,Pastick,,3.0,Y,,,,,,
65.264444,-145.237222,2011-11-02,1,1,104.0,104.0,,Pastick,,6.0,N,,,,,,
65.390833,-144.254444,2011-07-26,1,0,0.0,151.0,,Pastick,,3.0,N,,,,,,
65.383056,-144.246667,2011-07-26,1,1,55.0,55.0,,Pastick,,22.0,N,,,,,,
65.265278,-145.248611,2011-07-27,1,0,0.0,151.0,,Pastick,,8.0,N,,,,,,
65.355833,-145.343056,2011-07-28,1,0,0.0,53.0,,Pastick,,3.0,Y,,,,,,
65.370556,-145.336111,2011-07-28,1,0,0.0,58.0,,Pastick,,7.0,Y,,,,,,
65.346944,-145.256944,2011-07-28,1,0,0.0,84.0,,Pastick,,12.0,Y,,,,,,
65.168333,-145.411111,2011-07-29,1,1,72.0,72.0,,Pastick,,6.0,N,,,,,,
65.544167,-145.448056,2011-07-31,1,0,0.0,46.0,,Pastick,,13.0,Y,,,,,,
65.303611,-145.62,2011-08-01,1,1,60.0,60.0,,Pastick,,10.0,N,,,,,,
65.306389,-145.666944,2011-08-01,1,1,66.0,66.0,,Pastick,,33.0,N,,,,,,
66.654722,-143.826111,2011-08-16,1,1,70.0,70.0,,Pastick,,10.0,N,,,,,,
67.073056,-144.860278,2011-08-17,1,0,0.0,190.0,,Pastick,,2.0,N,,,,,,
67.077222,-144.860278,2011-08-17,1,1,95.0,95.0,,Pastick,,14.0,N,,,,,,
0.0,0.0,2011-11-02,1,1,113.0,113.0,,Pastick,,14.0,N,,,,,,
66.608889,-146.830278,2011-09-02,1,0,0.0,170.0,,Pastick,,2.0,N,,,,,,
67.009167,-145.909722,2011-09-04,1,0,0.0,102.0,,Pastick,,1.0,N,,,,,,
67.006111,-145.914167,2011-09-04,1,1,110.0,110.0,,Pastick,,38.0,N,,,,,,
66.274444,-146.053889,2011-09-06,1,1,85.0,85.0,,Pastick,,8.0,N,,,,,,
66.281111,-146.053056,2011-09-06,1,0,0.0,165.0,,Pastick,,2.0,N,,,,,,
67.0075,-146.906111,2011-09-08,1,0,0.0,152.0,,Pastick,,20.0,N,,,,,,
67.001667,-146.901944,2011-09-08,1,0,0.0,152.0,,Pastick,,12.0,N,,,,,,
66.2725,-146.201111,2011-09-10,1,1,110.0,110.0,,Pastick,,10.0,N,,,,,,
66.278056,-146.224167,2011-09-10,1,0,0.0,162.0,,Pastick,,0.0,N,,,,,,
65.258056,-145.8975,2011-11-03,1,1,33.0,33.0,,Pastick,,30.0,N,,,,,,
65.2625,-145.905833,2011-11-03,1,1,48.0,48.0,,Pastick,,36.0,N,,,,,,
65.276389,-145.906389,2011-11-03,1,0,0.0,30.0,,Pastick,,8.0,Y,,,,,,
65.271944,-145.890278,2011-11-03,1,0,0.0,152.0,,Pastick,,5.0,N,,,,,,
65.197778,-145.654722,2011-07-23,1,0,0.0,152.0,,Pastick,,5.0,N,,,,,,
65.175556,-143.932778,2011-07-24,1,0,0.0,66.0,,Pastick,,5.0,Y,,,,,,
65.175556,-143.888889,2011-07-24,1,0,0.0,88.0,,Pastick,,15.0,Y,,,,,,
65.503056,-145.816111,2011-07-25,1,1,45.0,45.0,,Pastick,,27.0,N,,,,,,
65.502778,-145.83,2012-01-12,1,1,46.0,46.0,,Pastick,,23.0,N,,,,,,
65.503333,-145.841389,2011-07-25,1,1,31.0,31.0,,Pastick,,20.0,N,,,,,,
65.5025,-145.866667,2011-07-25,1,1,48.0,48.0,,Pastick,,29.0,N,,,,,,
65.499722,-145.882222,2011-07-25,1,0,0.0,68.0,,Pastick,,4.0,Y,,,,,,
65.502778,-145.271667,2011-07-26,1,1,110.0,110.0,,Pastick,,15.0,N,,,,,,
65.19,-144.519722,2011-07-28,1,0,0.0,52.0,,Pastick,,5.0,Y,,,,,,
65.6125,-145.727778,2011-07-29,1,1,46.0,46.0,,Pastick,,33.0,N,,,,,,
65.045889,-145.641889,2011-09-20,1,0,0.0,70.0,,Pastick,,9.0,Y,,,,,,
65.344722,-144.381111,2011-07-31,1,0,0.0,63.0,,Pastick,,13.0,Y,,,,,,
65.349722,-144.382778,2011-07-31,1,1,44.0,44.0,,Pastick,,33.0,N,,,,,,
65.3275,-144.169722,2011-07-31,1,0,0.0,63.0,,Pastick,,3.0,Y,,,,,,
65.433889,-144.571389,2011-07-31,1,0,0.0,62.0,,Pastick,,3.0,Y,,,,,,
65.122222,-145.199167,2011-08-01,1,0,0.0,126.0,,Pastick,,4.0,Y,,,,,,
65.269167,-144.743056,2011-07-08,1,0,0.0,72.0,,Pastick,,18.0,Y,,,,,,
65.264722,-144.729167,2011-07-08,1,1,30.0,50.0,,Pastick,,50.0,N,,,,,,
65.361389,-145.100556,2011-07-10,1,0,0.0,35.0,,Pastick,,6.0,N,,,,,,
65.328889,-145.343889,2011-07-03,1,0,0.0,90.0,,Pastick,,12.0,N,,,,,,
65.336111,-144.657222,2011-07-05,1,0,0.0,40.0,,Pastick,,40.0,N,,,,,,
66.691111,-145.130833,2011-08-13,1,1,150.0,150.0,,Pastick,,0.0,N,,,,,,
66.588889,-146.876667,2011-08-14,1,0,0.0,164.0,,Pastick,,5.0,N,,,,,,
66.588333,-146.900278,2011-08-14,1,1,88.0,88.0,,Pastick,,9.0,N,,,,,,
66.4775,-144.993333,2011-08-15,1,0,0.0,167.0,,Pastick,,7.0,N,,,,,,
66.706667,-144.265556,2011-08-16,1,1,60.0,60.0,,Pastick,,0.0,N,,,,,,
66.838889,-145.115,2011-08-17,1,0,0.0,168.0,,Pastick,,0.0,N,,,,,,
66.016111,-144.530833,2011-08-18,1,1,45.0,45.0,,Pastick,,15.0,N,,,,,,
66.416667,-143.72,2011-08-20,1,0,0.0,48.0,,Pastick,,10.0,N,,,,,,
66.408611,-143.713889,2011-08-20,1,0,0.0,60.0,,Pastick,,60.0,N,,,,,,
66.936389,-146.438611,2011-09-01,1,0,0.0,175.0,,Pastick,,2.0,N,,,,,,
66.720556,-145.548611,2011-09-02,1,1,110.0,110.0,,Pastick,,10.0,N,,,,,,
66.744167,-145.504167,2011-09-02,1,1,140.0,140.0,,Pastick,,9.0,N,,,,,,
66.873333,-145.146944,2011-09-04,1,0,0.0,140.0,,Pastick,,28.0,N,,,,,,
67.040278,-145.6325,2011-09-07,1,1,120.0,120.0,,Pastick,,2.0,N,,,,,,
67.042222,-145.625833,2011-09-07,1,0,0.0,70.0,,Pastick,,2.0,N,,,,,,
66.389444,-146.431111,2011-09-08,1,0,0.0,200.0,,Pastick,,0.0,N,,,,,,
66.383611,-146.436111,2011-09-08,1,1,165.0,165.0,,Pastick,,4.0,N,,,,,,
66.209167,-146.513056,2011-09-09,1,1,125.0,125.0,,Pastick,,8.0,N,,,,,,
66.5580521,-164.4619446,2014-01-14,1,1,36.0,100.0,,Pastick,,0.0,N,,,,,,
61.5396361,-160.3110535,2012-08-30,1,1,52.0,58.0,,Pastick,,0.0,N,,,,,,
61.5430143,-160.3266233,2012-08-30,1,1,40.0,47.0,,Pastick,,0.0,N,,,,,,
61.8662308,-158.1281546,2012-08-30,1,1,45.0,85.0,,Pastick,,0.0,N,,,,,,
61.5432986,-158.5377667,2012-08-30,1,1,72.0,125.0,,Pastick,,0.0,N,,,,,,
61.6088394,-159.394214,2012-08-30,1,1,65.0,96.0,,Pastick,,0.0,N,,,,,,
61.8265975,-158.0179275,2012-08-30,1,1,108.0,110.0,,Pastick,,0.0,N,,,,,,
61.8416297,-158.0807957,2012-08-30,1,1,96.0,130.0,,Pastick,,0.0,N,,,,,,
61.8581418,-157.62655,2012-08-30,1,1,70.0,89.0,,Pastick,,0.0,N,,,,,,
61.2963695,-160.5457366,2012-08-30,1,1,65.0,70.0,,Pastick,,0.0,N,,,,,,
61.7241477,-158.1839997,2012-08-30,1,1,160.0,180.0,,Pastick,,0.0,N,,,,,,
61.3151157,-159.9825986,2012-08-30,1,1,85.0,90.0,,Pastick,,0.0,N,,,,,,
61.2607999,-159.0047165,2012-08-30,1,1,76.0,85.0,,Pastick,,0.0,N,,,,,,
61.2607187,-159.0117073,2012-08-30,1,1,85.0,90.0,,Pastick,,0.0,N,,,,,,
61.2554478,-159.0535685,2012-08-30,1,1,56.0,60.0,,Pastick,,0.0,N,,,,,,
61.7935631,-159.6489577,2012-08-30,1,1,70.0,75.0,,Pastick,,0.0,N,,,,,,
61.4334328,-159.0909699,2012-08-30,1,1,89.0,90.0,,Pastick,,0.0,N,,,,,,
61.7757828,-158.7171242,2012-08-30,1,1,56.0,65.0,,Pastick,,0.0,N,,,,,,
61.7752762,-158.7331252,2012-08-30,1,1,78.0,80.0,,Pastick,,0.0,N,,,,,,
61.779427,-158.7592667,2012-08-30,1,1,51.0,70.0,,Pastick,,0.0,N,,,,,,
61.360887,-158.9244826,2012-08-30,1,1,70.0,80.0,,Pastick,,0.0,N,,,,,,
61.3626537,-158.8946475,2012-08-30,1,1,85.0,100.0,,Pastick,,0.0,N,,,,,,
61.6930568,-160.5149319,2012-08-30,1,1,54.0,75.0,,Pastick,,0.0,N,,,,,,
61.697385,-160.5189448,2012-08-30,1,1,70.0,90.0,,Pastick,,0.0,N,,,,,,
61.3909233,-159.6568419,2012-08-30,1,1,52.0,60.0,,Pastick,,0.0,N,,,,,,
61.4445468,-160.3052023,2012-08-30,1,1,52.0,57.0,,Pastick,,0.0,N,,,,,,
61.5392044,-160.5596362,2012-08-30,1,1,36.0,45.0,,Pastick,,0.0,N,,,,,,
61.6491312,-159.9535784,2012-08-30,1,1,90.0,152.0,,Pastick,,0.0,N,,,,,,
61.4553694,-158.5986653,2012-08-30,1,1,100.0,118.0,,Pastick,,0.0,N,,,,,,
61.4805286,-158.535093,2012-08-30,1,1,30.0,42.0,,Pastick,,0.0,N,,,,,,
61.4817295,-158.5215199,2012-08-30,1,1,48.0,52.0,,Pastick,,0.0,N,,,,,,
61.8815418,-159.249047,2012-08-30,1,1,43.0,50.0,,Pastick,,0.0,N,,,,,,
61.8913435,-159.286453,2012-08-30,1,1,45.0,50.0,,Pastick,,0.0,N,,,,,,
61.8954575,-159.3060895,2012-08-30,1,1,44.0,54.0,,Pastick,,0.0,N,,,,,,
61.8971049,-159.3274747,2012-08-30,1,1,40.0,50.0,,Pastick,,0.0,N,,,,,,
61.8985806,-159.3371763,2012-08-30,1,1,30.0,36.0,,Pastick,,0.0,N,,,,,,
60.9920836,-157.478832,2012-08-30,1,1,50.0,52.0,,Pastick,,0.0,N,,,,,,
61.3625534,-156.2149348,2012-08-30,1,1,115.0,120.0,,Pastick,,0.0,N,,,,,,
62.1527878,-159.3662697,2012-08-30,1,1,64.0,78.0,,Pastick,,0.0,N,,,,,,
61.1452082,-156.3492856,2012-08-30,1,1,88.0,150.0,,Pastick,,0.0,N,,,,,,
61.386814,-156.4083362,2012-08-30,1,1,97.0,152.0,,Pastick,,0.0,N,,,,,,
61.5077877,-160.6211719,2012-08-30,1,1,68.0,95.0,,Pastick,,0.0,N,,,,,,
61.6994093,-160.1149587,2012-08-30,1,1,65.0,75.0,,Pastick,,0.0,N,,,,,,
62.6719822,-160.5185512,2012-08-30,1,1,70.0,80.0,,Pastick,,0.0,N,,,,,,
61.4750721,-159.22725,2012-08-30,1,1,61.0,83.0,,Pastick,,0.0,N,,,,,,
64.8053913,-165.4812933,2012-08-30,1,1,78.0,150.0,,Pastick,,0.0,N,,,,,,
64.8846072,-165.4187314,2012-08-30,1,1,33.0,150.0,,Pastick,,0.0,N,,,,,,
64.8133625,-165.4940713,2012-08-30,1,1,74.0,150.0,,Pastick,,0.0,N,,,,,,
64.8142052,-165.4778282,2012-08-30,1,1,95.0,150.0,,Pastick,,0.0,N,,,,,,
64.7521897,-165.6338399,2012-08-30,1,1,79.0,152.0,,Pastick,,0.0,N,,,,,,
64.7608128,-165.633937,2012-08-30,1,1,41.0,150.0,,Pastick,,0.0,N,,,,,,
64.7682249,-165.6339216,2012-08-30,1,1,79.0,150.0,,Pastick,,0.0,N,,,,,,
64.5353317261,-163.418334961,2012-08-30,1,1,64.0,152.0,,Pastick,,0.0,N,,,,,,
61.54475,-164.9143333,2012-08-30,1,1,64.0,152.0,,Pastick,,0.0,N,,,,,,
58.8633333,-157.5944444,2013-11-29,1,1,46.0,70.0,,Pastick,,0.0,N,,,,,,
58.8625,-157.6111111,2013-11-29,1,1,79.0,95.0,,Pastick,,0.0,N,,,,,,
59.1988889,-158.0997222,2013-11-29,1,1,48.0,84.0,,Pastick,,0.0,N,,,,,,
59.2519444,-157.7338889,2013-11-29,1,1,55.0,75.0,,Pastick,,0.0,N,,,,,,
58.8775,-157.1022222,2013-11-29,1,1,35.0,40.0,,Pastick,,0.0,N,,,,,,
58.8877778,-157.1211111,2013-11-29,1,1,40.0,85.0,,Pastick,,0.0,N,,,,,,
58.7880556,-157.9569444,2013-11-29,1,1,60.0,80.0,,Pastick,,0.0,N,,,,,,
59.2019444,-157.9555556,2013-11-29,1,1,68.0,90.0,,Pastick,,0.0,N,,,,,,
59.6211111,-157.2308333,2013-11-29,1,1,142.0,183.0,,Pastick,,0.0,N,,,,,,
58.8622222,-157.8133333,2013-11-29,1,1,65.0,152.0,,Pastick,,0.0,N,,,,,,
59.1319444,-157.7772222,2013-11-29,1,1,42.0,74.0,,Pastick,,0.0,N,,,,,,
58.975,-157.9016667,2013-11-29,1,1,62.0,95.0,,Pastick,,0.0,N,,,,,,
59.1869444,-158.0077778,2013-11-29,1,1,85.0,152.0,,Pastick,,0.0,N,,,,,,
59.1052778,-158.3088889,2013-11-29,1,1,92.0,152.0,,Pastick,,0.0,N,,,,,,
59.2019444,-157.1997222,2013-11-29,1,1,85.0,152.0,,Pastick,,0.0,N,,,,,,
59.1936111,-157.2105556,2013-11-29,1,1,89.0,200.0,,Pastick,,0.0,N,,,,,,
59.0672222,-157.2180556,2013-11-29,1,1,125.0,152.0,,Pastick,,0.0,N,,,,,,
58.8186111,-157.8277778,2013-11-29,1,1,70.0,100.0,,Pastick,,0.0,N,,,,,,
59.4021861,-157.5475361,2013-11-29,1,1,50.0,120.0,,Pastick,,0.0,N,,,,,,
59.9086111,-156.6252778,2013-11-29,1,1,70.0,92.0,,Pastick,,0.0,N,,,,,,
59.9197222,-156.6275,2013-11-29,1,1,50.0,72.0,,Pastick,,0.0,N,,,,,,
60.0238889,-157.2330556,2013-11-29,1,1,68.0,82.0,,Pastick,,0.0,N,,,,,,
60.0772222,-157.1927778,2013-11-29,1,1,69.0,90.0,,Pastick,,0.0,N,,,,,,
59.6636111,-156.8772222,2013-11-29,1,1,40.0,65.0,,Pastick,,0.0,N,,,,,,
59.6586111,-156.8894444,2013-11-29,1,1,55.0,90.0,,Pastick,,0.0,N,,,,,,
59.6613889,-156.8680556,2013-11-29,1,1,44.0,55.0,,Pastick,,0.0,N,,,,,,
60.0436111,-156.7766667,2013-11-29,1,1,90.0,110.0,,Pastick,,0.0,N,,,,,,
59.8132667,-157.0513806,2013-11-29,1,1,31.0,90.0,,Pastick,,0.0,N,,,,,,
58.9275,-157.4519444,2013-11-29,1,1,45.0,100.0,,Pastick,,0.0,N,,,,,,
58.9425,-157.38,2013-11-29,1,1,60.0,85.0,,Pastick,,0.0,N,,,,,,
59.6916667,-157.2588889,2013-11-29,1,1,85.0,123.0,,Pastick,,0.0,N,,,,,,
59.6675,-157.2019444,2013-11-29,1,1,70.0,85.0,,Pastick,,0.0,N,,,,,,
59.6313889,-157.2291667,2013-11-29,1,1,55.0,90.0,,Pastick,,0.0,N,,,,,,
59.6408333,-157.2113889,2013-11-29,1,1,78.0,95.0,,Pastick,,0.0,N,,,,,,
59.5441667,-157.3791667,2013-11-29,1,1,85.0,100.0,,Pastick,,0.0,N,,,,,,
64.9075012,-163.6734772,2014-01-14,1,0,90.0,110.0,,Pastick,,0.0,N,,,,,,
64.9005814,-163.6649933,2014-01-14,1,0,60.0,80.0,,Pastick,,0.0,N,,,,,,
59.0666656,-158.6000061,2014-01-17,1,0,66.0,91.0,,Pastick,,0.0,N,,,,,,
59.9833336,-154.8500061,2014-01-17,1,0,33.0,76.0,,Pastick,,0.0,N,,,,,,
59.5833321,-159.0666656,2014-01-17,1,0,53.0,53.0,,Pastick,,0.0,N,,,,,,
59.9166679,-159.0333405,2014-01-17,1,0,38.0,46.0,,Pastick,,0.0,N,,,,,,
58.7000008,-156.6833344,2014-01-17,1,0,114.0,137.0,,Pastick,,0.0,N,,,,,,
58.7166672,-156.7666626,2014-01-17,1,0,94.0,114.0,,Pastick,,0.0,N,,,,,,
66.0333328,-154.25,2014-01-17,1,0,47.0,80.0,,Pastick,,0.0,N,,,,,,
64.9166641,-157.6333313,2014-01-17,1,0,75.0,100.0,,Pastick,,0.0,N,,,,,,
61.5833321,-159.5771942,2014-01-17,1,0,230.0,230.0,,Pastick,,0.0,N,,,,,,
61.5266953,-159.7784729,2014-01-17,1,0,114.0,200.0,,Pastick,,0.0,N,,,,,,
61.5734826,-159.5444797,2012-08-30,1,0,185.0,220.0,,Pastick,,0.0,N,,,,,,
61.5870341,-159.5610878,2012-08-30,1,0,190.0,400.0,,Pastick,,0.0,N,,,,,,
61.8633948,-158.1440122,2012-08-30,1,0,56.0,200.0,,Pastick,,0.0,N,,,,,,
61.5256285,-158.7760095,2012-08-30,1,0,111.0,200.0,,Pastick,,0.0,N,,,,,,
61.5986649,-159.4846167,2012-08-30,1,0,93.0,100.0,,Pastick,,0.0,N,,,,,,
61.5658726,-159.5460218,2012-08-30,1,0,120.0,200.0,,Pastick,,0.0,N,,,,,,
61.5789312,-159.5623727,2012-08-30,1,0,135.0,200.0,,Pastick,,0.0,N,,,,,,
61.5348976,-158.7844432,2012-08-30,1,0,110.0,110.0,,Pastick,,0.0,N,,,,,,
61.5406281,-158.6805923,2012-08-30,1,0,55.0,80.0,,Pastick,,0.0,N,,,,,,
61.5703234,-159.2144282,2012-08-30,1,0,80.0,200.0,,Pastick,,0.0,N,,,,,,
61.5610928,-160.1886019,2012-08-30,1,0,96.0,200.0,,Pastick,,0.0,N,,,,,,
61.8703079,-158.1354917,2012-08-30,1,0,70.0,110.0,,Pastick,,0.0,N,,,,,,
61.6935115,-157.1646462,2012-08-30,1,0,90.0,200.0,,Pastick,,0.0,N,,,,,,
61.7932298,-157.4141309,2012-08-30,1,0,170.0,200.0,,Pastick,,0.0,N,,,,,,
61.7916143,-156.4974871,2012-08-30,1,0,120.0,200.0,,Pastick,,0.0,N,,,,,,
61.8821284,-157.7387681,2012-08-30,1,0,49.0,80.0,,Pastick,,0.0,N,,,,,,
61.7756809,-157.3505234,2012-08-30,1,0,80.0,80.0,,Pastick,,0.0,N,,,,,,
61.7987001,-157.5172028,2012-08-30,1,0,130.0,130.0,,Pastick,,0.0,N,,,,,,
61.8083021,-157.3777333,2012-08-30,1,0,152.0,200.0,,Pastick,,0.0,N,,,,,,
61.8640418,-157.6475207,2012-08-30,1,0,70.0,200.0,,Pastick,,0.0,N,,,,,,
61.8869395,-157.7163116,2012-08-30,1,0,54.0,200.0,,Pastick,,0.0,N,,,,,,
61.8861559,-157.7531556,2012-08-30,1,0,99.0,200.0,,Pastick,,0.0,N,,,,,,
61.8389182,-157.9777608,2012-08-30,1,0,190.0,200.0,,Pastick,,0.0,N,,,,,,
61.8329374,-158.0106606,2012-08-30,1,0,85.0,85.0,,Pastick,,0.0,N,,,,,,
61.9092832,-157.7934887,2012-08-30,1,0,60.0,60.0,,Pastick,,0.0,N,,,,,,
61.6714,-157.107631,2012-08-30,1,0,46.0,200.0,,Pastick,,0.0,N,,,,,,
61.7972237,-156.6915113,2012-08-30,1,0,80.0,200.0,,Pastick,,0.0,N,,,,,,
61.7768263,-156.7432337,2012-08-30,1,0,60.0,90.0,,Pastick,,0.0,N,,,,,,
61.7846914,-157.315414,2012-08-30,1,0,61.0,200.0,,Pastick,,0.0,N,,,,,,
61.8179581,-157.5704879,2012-08-30,1,0,44.0,84.0,,Pastick,,0.0,N,,,,,,
61.6636176,-156.8979672,2012-08-30,1,0,127.0,127.0,,Pastick,,0.0,N,,,,,,
61.9036242,-157.7558328,2012-08-30,1,0,37.0,60.0,,Pastick,,0.0,N,,,,,,
61.8542603,-157.977687,2012-08-30,1,0,32.0,90.0,,Pastick,,0.0,N,,,,,,
61.8575633,-157.984856,2012-08-30,1,0,65.0,80.0,,Pastick,,0.0,N,,,,,,
61.8393872,-158.0637875,2012-08-30,1,0,110.0,135.0,,Pastick,,0.0,N,,,,,,
61.833009,-158.0384595,2012-08-30,1,0,175.0,200.0,,Pastick,,0.0,N,,,,,,
61.6811734,-157.1059365,2012-08-30,1,0,125.0,200.0,,Pastick,,0.0,N,,,,,,
61.8192784,-156.5044442,2012-08-30,1,0,120.0,200.0,,Pastick,,0.0,N,,,,,,
61.7962236,-156.4492738,2012-08-30,1,0,67.0,200.0,,Pastick,,0.0,N,,,,,,
61.7449906,-156.785154,2012-08-30,1,0,77.0,150.0,,Pastick,,0.0,N,,,,,,
61.7995449,-158.1639424,2012-08-30,1,0,80.0,100.0,,Pastick,,0.0,N,,,,,,
61.8045392,-158.1585325,2012-08-30,1,0,72.0,100.0,,Pastick,,0.0,N,,,,,,
61.6048311,-159.4313707,2012-08-30,1,0,80.0,999.0,,Pastick,,0.0,N,,,,,,
61.6086074,-159.4435822,2012-08-30,1,0,73.0,100.0,,Pastick,,0.0,N,,,,,,
61.9062205,-157.7471039,2012-08-30,1,0,30.0,999.0,,Pastick,,0.0,N,,,,,,
61.7618897,-156.5160141,2012-08-30,1,0,140.0,200.0,,Pastick,,0.0,N,,,,,,
61.6974502,-156.9946491,2012-08-30,1,0,62.0,100.0,,Pastick,,0.0,N,,,,,,
62.2189392,-159.9044262,2012-08-30,1,0,50.0,70.0,,Pastick,,0.0,N,,,,,,
62.215898,-159.8972202,2012-08-30,1,0,180.0,200.0,,Pastick,,0.0,N,,,,,,
62.2063624,-159.7706771,2012-08-30,1,0,40.0,60.0,,Pastick,,0.0,N,,,,,,
62.1884106,-159.8051089,2012-08-30,1,0,140.0,160.0,,Pastick,,0.0,N,,,,,,
62.0472858,-160.0413337,2012-08-30,1,0,140.0,160.0,,Pastick,,0.0,N,,,,,,
62.113227,-160.0692186,2012-08-30,1,0,65.0,85.0,,Pastick,,0.0,N,,,,,,
62.2056709,-160.1152972,2012-08-30,1,0,100.0,110.0,,Pastick,,0.0,N,,,,,,
62.2042272,-160.1228755,2012-08-30,1,0,45.0,55.0,,Pastick,,0.0,N,,,,,,
62.3828011,-159.5662775,2012-08-30,1,0,100.0,160.0,,Pastick,,0.0,N,,,,,,
62.3830897,-159.5570403,2012-08-30,1,0,140.0,160.0,,Pastick,,0.0,N,,,,,,
62.475601,-159.5312018,2012-08-30,1,0,40.0,60.0,,Pastick,,0.0,N,,,,,,
62.6475748,-159.5332433,2012-08-30,1,0,140.0,160.0,,Pastick,,0.0,N,,,,,,
62.6527031,-159.5324574,2012-08-30,1,0,140.0,160.0,,Pastick,,0.0,N,,,,,,
62.5501451,-159.5750156,2012-08-30,1,0,90.0,110.0,,Pastick,,0.0,N,,,,,,
62.5073771,-160.3273388,2012-08-30,1,0,90.0,110.0,,Pastick,,0.0,N,,,,,,
62.5117394,-160.3226774,2012-08-30,1,0,140.0,160.0,,Pastick,,0.0,N,,,,,,
62.4017484,-160.0602769,2012-08-30,1,0,40.0,60.0,,Pastick,,0.0,N,,,,,,
61.9722554,-160.4750005,2012-08-30,1,0,140.0,160.0,,Pastick,,0.0,N,,,,,,
61.966871,-160.4764382,2012-08-30,1,0,40.0,60.0,,Pastick,,0.0,N,,,,,,
61.8256001,-160.1151486,2012-08-30,1,0,40.0,60.0,,Pastick,,0.0,N,,,,,,
61.9949192,-160.43646,2012-08-30,1,0,170.0,190.0,,Pastick,,0.0,N,,,,,,
61.9104394,-159.9550993,2012-08-30,1,0,140.0,160.0,,Pastick,,0.0,N,,,,,,
61.9337544,-159.7602764,2012-08-30,1,0,50.0,60.0,,Pastick,,0.0,N,,,,,,
61.9724944,-160.8935438,2012-08-30,1,0,152.0,170.0,,Pastick,,0.0,N,,,,,,
61.9507826,-160.0240334,2012-08-30,1,0,180.0,200.0,,Pastick,,0.0,N,,,,,,
61.9342919,-160.0676843,2012-08-30,1,0,140.0,160.0,,Pastick,,0.0,N,,,,,,
61.9525898,-160.1923202,2012-08-30,1,0,140.0,160.0,,Pastick,,0.0,N,,,,,,
61.9461921,-160.3777851,2012-08-30,1,0,140.0,160.0,,Pastick,,0.0,N,,,,,,
62.7484046,-160.1235154,2012-08-30,1,0,80.0,100.0,,Pastick,,0.0,N,,,,,,
62.7549949,-160.1311675,2012-08-30,1,0,140.0,160.0,,Pastick,,0.0,N,,,,,,
62.7522578,-160.1520708,2012-08-30,1,0,140.0,160.0,,Pastick,,0.0,N,,,,,,
62.7502367,-160.1598818,2012-08-30,1,0,140.0,160.0,,Pastick,,0.0,N,,,,,,
62.6457752,-160.1939956,2012-08-30,1,0,140.0,160.0,,Pastick,,0.0,N,,,,,,
62.9290901,-160.0987413,2012-08-30,1,0,140.0,160.0,,Pastick,,0.0,N,,,,,,
62.1090059,-159.7934029,2012-08-30,1,0,140.0,160.0,,Pastick,,0.0,N,,,,,,
62.2346629,-160.0818467,2012-08-30,1,0,140.0,160.0,,Pastick,,0.0,N,,,,,,
62.2321235,-160.0782347,2012-08-30,1,0,140.0,160.0,,Pastick,,0.0,N,,,,,,
61.3419377,-160.5840809,2012-08-30,1,0,40.0,60.0,,Pastick,,0.0,N,,,,,,
61.2982765,-160.5619223,2012-08-30,1,0,55.0,65.0,,Pastick,,0.0,N,,,,,,
61.4881044,-160.1190545,2012-08-30,1,0,190.0,210.0,,Pastick,,0.0,N,,,,,,
61.485993,-160.1159554,2012-08-30,1,0,190.0,210.0,,Pastick,,0.0,N,,,,,,
61.5710946,-160.3417762,2012-08-30,1,0,40.0,60.0,,Pastick,,0.0,N,,,,,,
61.7516649,-158.1994835,2012-08-30,1,0,50.0,200.0,,Pastick,,0.0,N,,,,,,
61.7145617,-158.2470937,2012-08-30,1,0,130.0,150.0,,Pastick,,0.0,N,,,,,,
61.6320706,-158.293019,2012-08-30,1,0,85.0,200.0,,Pastick,,0.0,N,,,,,,
61.6329155,-158.3001878,2012-08-30,1,0,120.0,200.0,,Pastick,,0.0,N,,,,,,
61.3257041,-157.1768399,2012-08-30,1,0,47.0,200.0,,Pastick,,0.0,N,,,,,,
61.3119657,-157.2011529,2012-08-30,1,0,120.0,120.0,,Pastick,,0.0,N,,,,,,
61.3130953,-157.2242116,2012-08-30,1,0,125.0,200.0,,Pastick,,0.0,N,,,,,,
61.5299654,-156.930499,2012-08-30,1,0,60.0,200.0,,Pastick,,0.0,N,,,,,,
61.5319961,-156.9288026,2012-08-30,1,0,170.0,200.0,,Pastick,,0.0,N,,,,,,
61.5347732,-156.9259838,2012-08-30,1,0,40.0,200.0,,Pastick,,0.0,N,,,,,,
61.3195721,-159.974669,2012-08-30,1,0,100.0,200.0,,Pastick,,0.0,N,,,,,,
61.2582652,-159.0290235,2012-08-30,1,0,90.0,100.0,,Pastick,,0.0,N,,,,,,
60.9960375,-158.9953228,2012-08-30,1,0,50.0,90.0,,Pastick,,0.0,N,,,,,,
60.9964146,-159.0049545,2012-08-30,1,0,65.0,200.0,,Pastick,,0.0,N,,,,,,
60.9981732,-159.0171754,2012-08-30,1,0,110.0,180.0,,Pastick,,0.0,N,,,,,,
60.9975873,-159.030856,2012-08-30,1,0,38.0,110.0,,Pastick,,0.0,N,,,,,,
61.457658,-157.398677,2012-08-30,1,0,70.0,90.0,,Pastick,,0.0,N,,,,,,
61.4549483,-157.3942757,2012-08-30,1,0,60.0,90.0,,Pastick,,0.0,N,,,,,,
61.4452673,-157.3707093,2012-08-30,1,0,60.0,120.0,,Pastick,,0.0,N,,,,,,
61.4428958,-157.3631436,2012-08-30,1,0,35.0,150.0,,Pastick,,0.0,N,,,,,,
61.4388361,-157.360375,2013-06-18,1,0,42.0,999.0,,Pastick,,0.0,N,,,,,,
61.1423538,-157.7900594,2012-08-30,1,0,110.0,200.0,,Pastick,,0.0,N,,,,,,
61.1433127,-157.7650021,2012-08-30,1,0,75.0,200.0,,Pastick,,0.0,N,,,,,,
61.1489396,-158.0019126,2012-08-30,1,0,175.0,999.0,,Pastick,,0.0,N,,,,,,
61.1469616,-157.9942658,2012-08-30,1,0,50.0,70.0,,Pastick,,0.0,N,,,,,,
61.1442961,-157.9895954,2012-08-30,1,0,80.0,100.0,,Pastick,,0.0,N,,,,,,
61.1761592,-158.5645317,2012-08-30,1,0,125.0,150.0,,Pastick,,0.0,N,,,,,,
61.7066706,-158.3319717,2012-08-30,1,0,89.0,999.0,,Pastick,,0.0,N,,,,,,
61.7779932,-158.7457064,2012-08-30,1,0,152.0,200.0,,Pastick,,0.0,N,,,,,,
61.7265713,-159.1356393,2012-08-30,1,0,65.0,130.0,,Pastick,,0.0,N,,,,,,
61.565305,-158.1353498,2012-08-30,1,0,70.0,999.0,,Pastick,,0.0,N,,,,,,
61.7823213,-159.6588821,2012-08-30,1,0,14.0,150.0,,Pastick,,0.0,N,,,,,,
61.1378349,-157.9816491,2012-08-30,1,0,24.0,200.0,,Pastick,,0.0,N,,,,,,
61.1251762,-157.9558629,2012-08-30,1,0,60.0,75.0,,Pastick,,0.0,N,,,,,,
61.5738629,-158.134283,2012-08-30,1,0,45.0,999.0,,Pastick,,0.0,N,,,,,,
61.138216,-159.9434836,2012-08-30,1,0,58.0,96.0,,Pastick,,0.0,N,,,,,,
61.1488819,-159.7923414,2012-08-30,1,0,165.0,200.0,,Pastick,,0.0,N,,,,,,
61.1459094,-159.7801001,2012-08-30,1,0,65.0,150.0,,Pastick,,0.0,N,,,,,,
61.1946882,-159.1850452,2012-08-30,1,0,98.0,150.0,,Pastick,,0.0,N,,,,,,
61.1954254,-159.1706131,2012-08-30,1,0,83.0,150.0,,Pastick,,0.0,N,,,,,,
61.3491811,-160.5555578,2012-08-30,1,0,40.0,60.0,,Pastick,,0.0,N,,,,,,
61.3477262,-160.5735288,2012-08-30,1,0,40.0,60.0,,Pastick,,0.0,N,,,,,,
61.2793862,-160.5695099,2012-08-30,1,0,50.0,60.0,,Pastick,,0.0,N,,,,,,
61.2888989,-160.57773,2012-08-30,1,0,40.0,60.0,,Pastick,,0.0,N,,,,,,
61.4857501,-160.556679,2012-08-30,1,0,66.0,190.0,,Pastick,,0.0,N,,,,,,
61.4879617,-160.5564326,2012-08-30,1,0,140.0,160.0,,Pastick,,0.0,N,,,,,,
61.4225257,-160.5771814,2012-08-30,1,0,100.0,190.0,,Pastick,,0.0,N,,,,,,
61.456371,-160.2119465,2012-08-30,1,0,40.0,60.0,,Pastick,,0.0,N,,,,,,
61.5628517,-160.3206553,2012-08-30,1,0,40.0,60.0,,Pastick,,0.0,N,,,,,,
61.5584961,-160.3123762,2012-08-30,1,0,140.0,160.0,,Pastick,,0.0,N,,,,,,
61.7155602,-158.193761,2012-08-30,1,0,20.0,40.0,,Pastick,,0.0,N,,,,,,
61.6108074,-158.2991031,2012-08-30,1,0,58.0,200.0,,Pastick,,0.0,N,,,,,,
61.644124,-158.2803252,2012-08-30,1,0,65.0,200.0,,Pastick,,0.0,N,,,,,,
61.317232,-157.2143945,2012-08-30,1,0,56.0,140.0,,Pastick,,0.0,N,,,,,,
61.4125621,-157.0773366,2012-08-30,1,0,100.0,200.0,,Pastick,,0.0,N,,,,,,
61.4084062,-157.067325,2012-08-30,1,0,54.0,200.0,,Pastick,,0.0,N,,,,,,
61.380089,-157.0457685,2012-08-30,1,0,125.0,190.0,,Pastick,,0.0,N,,,,,,
61.7714019,-159.8284711,2012-08-30,1,0,42.0,80.0,,Pastick,,0.0,N,,,,,,
61.7745574,-159.8050916,2012-08-30,1,0,90.0,125.0,,Pastick,,0.0,N,,,,,,
61.3624849,-158.9095354,2012-08-30,1,0,42.0,75.0,,Pastick,,0.0,N,,,,,,
60.8938585,-159.1708615,2012-08-30,1,0,45.0,70.0,,Pastick,,0.0,N,,,,,,
60.8994794,-159.1703387,2012-08-30,1,0,45.0,80.0,,Pastick,,0.0,N,,,,,,
60.9067527,-159.169511,2012-08-30,1,0,53.0,85.0,,Pastick,,0.0,N,,,,,,
60.9123079,-159.164009,2012-08-30,1,0,80.0,100.0,,Pastick,,0.0,N,,,,,,
60.924984,-159.1647382,2012-08-30,1,0,86.0,115.0,,Pastick,,0.0,N,,,,,,
60.9340589,-159.1662611,2012-08-30,1,0,37.0,75.0,,Pastick,,0.0,N,,,,,,
60.9398735,-159.1614749,2012-08-30,1,0,30.0,100.0,,Pastick,,0.0,N,,,,,,
60.9453805,-159.1585496,2012-08-30,1,0,50.0,70.0,,Pastick,,0.0,N,,,,,,
61.3131432,-157.5295078,2012-08-30,1,0,56.0,153.0,,Pastick,,0.0,N,,,,,,
61.3084975,-157.5200897,2012-08-30,1,0,128.0,150.0,,Pastick,,0.0,N,,,,,,
61.3014308,-157.5143177,2012-08-30,1,0,50.0,152.0,,Pastick,,0.0,N,,,,,,
61.2920177,-157.5026125,2012-08-30,1,0,90.0,160.0,,Pastick,,0.0,N,,,,,,
61.288017,-157.4924272,2012-08-30,1,0,55.0,80.0,,Pastick,,0.0,N,,,,,,
60.9996519,-157.9359114,2012-08-30,1,0,135.0,200.0,,Pastick,,0.0,N,,,,,,
61.0008463,-157.9190073,2012-08-30,1,0,72.0,180.0,,Pastick,,0.0,N,,,,,,
61.0006848,-157.9056621,2012-08-30,1,0,38.0,150.0,,Pastick,,0.0,N,,,,,,
61.0007289,-157.8923653,2012-08-30,1,0,35.0,200.0,,Pastick,,0.0,N,,,,,,
60.9989467,-157.8669661,2012-08-30,1,0,78.0,100.0,,Pastick,,0.0,N,,,,,,
60.9989109,-157.8552814,2012-08-30,1,0,100.0,200.0,,Pastick,,0.0,N,,,,,,
60.9972247,-157.8439156,2012-08-30,1,0,125.0,200.0,,Pastick,,0.0,N,,,,,,
61.118691,-158.4597231,2012-08-30,1,0,65.0,80.0,,Pastick,,0.0,N,,,,,,
61.122267,-158.462669,2012-08-30,1,0,56.0,90.0,,Pastick,,0.0,N,,,,,,
61.126812,-158.4609582,2012-08-30,1,0,44.0,85.0,,Pastick,,0.0,N,,,,,,
61.1347342,-158.4596162,2012-08-30,1,0,44.0,80.0,,Pastick,,0.0,N,,,,,,
61.1408518,-158.4605146,2012-08-30,1,0,170.0,180.0,,Pastick,,0.0,N,,,,,,
61.6866535,-158.5264588,2012-08-30,1,0,47.0,80.0,,Pastick,,0.0,N,,,,,,
61.680151,-158.5229873,2012-08-30,1,0,60.0,95.0,,Pastick,,0.0,N,,,,,,
61.6748259,-158.5250908,2012-08-30,1,0,78.0,100.0,,Pastick,,0.0,N,,,,,,
61.6282193,-158.6886498,2012-08-30,1,0,56.0,85.0,,Pastick,,0.0,N,,,,,,
61.5058359,-158.2605055,2012-08-30,1,0,60.0,75.0,,Pastick,,0.0,N,,,,,,
61.5967156,-159.7527212,2012-08-30,1,0,54.0,75.0,,Pastick,,0.0,N,,,,,,
61.4363246,-160.4789321,2012-08-30,1,0,140.0,160.0,,Pastick,,0.0,N,,,,,,
61.4401233,-160.3235067,2012-08-30,1,0,130.0,170.0,,Pastick,,0.0,N,,,,,,
61.5511201,-160.5814441,2012-08-30,1,0,40.0,50.0,,Pastick,,0.0,N,,,,,,
62.1571756,-160.6435449,2012-08-30,1,0,60.0,190.0,,Pastick,,0.0,N,,,,,,
62.1526919,-160.6316901,2012-08-30,1,0,100.0,152.0,,Pastick,,0.0,N,,,,,,
61.625636,-159.9549303,2012-08-30,1,0,135.0,190.0,,Pastick,,0.0,N,,,,,,
61.6300074,-159.956329,2012-08-30,1,0,75.0,175.0,,Pastick,,0.0,N,,,,,,
61.6340583,-159.9521899,2012-08-30,1,0,57.0,190.0,,Pastick,,0.0,N,,,,,,
61.4486097,-158.6143371,2012-08-30,1,0,88.0,167.0,,Pastick,,0.0,N,,,,,,
61.4519549,-158.6068495,2012-08-30,1,0,90.0,110.0,,Pastick,,0.0,N,,,,,,
61.4673171,-158.5717142,2012-08-30,1,0,46.0,59.0,,Pastick,,0.0,N,,,,,,
61.4759664,-158.5561469,2012-08-30,1,0,75.0,130.0,,Pastick,,0.0,N,,,,,,
60.9955721,-158.954671,2012-08-30,1,0,40.0,45.0,,Pastick,,0.0,N,,,,,,
60.9951193,-158.9442823,2012-08-30,1,0,78.0,152.0,,Pastick,,0.0,N,,,,,,
60.996288,-158.9284739,2012-08-30,1,0,48.0,152.0,,Pastick,,0.0,N,,,,,,
60.9979373,-158.8966709,2012-08-30,1,0,60.0,80.0,,Pastick,,0.0,N,,,,,,
60.9983767,-158.8850034,2012-08-30,1,0,40.0,45.0,,Pastick,,0.0,N,,,,,,
61.0974019,-156.6919586,2012-08-30,1,0,50.0,55.0,,Pastick,,0.0,N,,,,,,
61.093197,-156.6976635,2012-08-30,1,0,62.0,75.0,,Pastick,,0.0,N,,,,,,
61.0854495,-156.6989314,2012-08-30,1,0,60.0,100.0,,Pastick,,0.0,N,,,,,,
61.0796045,-156.7027493,2012-08-30,1,0,40.0,60.0,,Pastick,,0.0,N,,,,,,
61.2445956,-156.5360121,2012-08-30,1,0,155.0,192.0,,Pastick,,0.0,N,,,,,,
61.2475009,-156.5720833,2012-08-30,1,0,85.0,125.0,,Pastick,,0.0,N,,,,,,
61.2489283,-156.5911766,2012-08-30,1,0,65.0,152.0,,Pastick,,0.0,N,,,,,,
61.2510966,-156.6065979,2012-08-30,1,0,175.0,192.0,,Pastick,,0.0,N,,,,,,
61.2562623,-156.6250582,2012-08-30,1,0,50.0,63.0,,Pastick,,0.0,N,,,,,,
61.2589054,-156.643732,2012-08-30,1,0,125.0,132.0,,Pastick,,0.0,N,,,,,,
61.269519,-156.6461641,2012-08-30,1,0,50.0,60.0,,Pastick,,0.0,N,,,,,,
60.9764945,-157.4748094,2012-08-30,1,0,60.0,90.0,,Pastick,,0.0,N,,,,,,
60.9843628,-157.4789792,2012-08-30,1,0,60.0,93.0,,Pastick,,0.0,N,,,,,,
60.9978194,-157.4834209,2012-08-30,1,0,110.0,192.0,,Pastick,,0.0,N,,,,,,
61.0022482,-157.481989,2012-08-30,1,0,95.0,192.0,,Pastick,,0.0,N,,,,,,
61.0118349,-157.4784973,2012-08-30,1,0,70.0,93.0,,Pastick,,0.0,N,,,,,,
61.360507,-156.2273179,2012-08-30,1,0,100.0,192.0,,Pastick,,0.0,N,,,,,,
61.3570935,-156.2441046,2012-08-30,1,0,57.0,100.0,,Pastick,,0.0,N,,,,,,
61.969307,-156.7563828,2012-08-30,1,0,45.0,80.0,,Pastick,,0.0,N,,,,,,
62.6496272,-160.4740692,2012-08-30,1,0,165.0,200.0,,Pastick,,0.0,N,,,,,,
62.6399707,-160.4392002,2012-08-30,1,0,58.0,110.0,,Pastick,,0.0,N,,,,,,
62.1465659,-159.3421753,2012-08-30,1,0,40.0,70.0,,Pastick,,0.0,N,,,,,,
62.1965049,-160.1981747,2012-08-30,1,0,120.0,170.0,,Pastick,,0.0,N,,,,,,
62.2058697,-160.046002,2012-08-30,1,0,75.0,183.0,,Pastick,,0.0,N,,,,,,
61.7608706,-156.2489463,2012-08-30,1,0,82.0,152.0,,Pastick,,0.0,N,,,,,,
61.7590421,-156.2402009,2012-08-30,1,0,100.0,192.0,,Pastick,,0.0,N,,,,,,
61.7573017,-156.2300648,2012-08-30,1,0,137.0,192.0,,Pastick,,0.0,N,,,,,,
61.7574032,-156.2177734,2012-08-30,1,0,175.0,192.0,,Pastick,,0.0,N,,,,,,
61.7558718,-156.2082835,2012-08-30,1,0,145.0,192.0,,Pastick,,0.0,N,,,,,,
61.754336,-156.1819461,2012-08-30,1,0,80.0,152.0,,Pastick,,0.0,N,,,,,,
61.5009044,-156.5044767,2012-08-30,1,0,62.0,152.0,,Pastick,,0.0,N,,,,,,
61.5100412,-156.5031237,2012-08-30,1,0,120.0,152.0,,Pastick,,0.0,N,,,,,,
61.5242293,-156.500988,2012-08-30,1,0,42.0,152.0,,Pastick,,0.0,N,,,,,,
61.1535603,-156.3523955,2012-08-30,1,0,74.0,150.0,,Pastick,,0.0,N,,,,,,
61.3244151,-156.9137811,2012-08-30,1,0,38.0,152.0,,Pastick,,0.0,N,,,,,,
61.3227527,-156.9032222,2012-08-30,1,0,70.0,152.0,,Pastick,,0.0,N,,,,,,
61.3262738,-156.8893447,2012-08-30,1,0,45.0,152.0,,Pastick,,0.0,N,,,,,,
61.3273874,-156.8720762,2012-08-30,1,0,54.0,152.0,,Pastick,,0.0,N,,,,,,
61.3282315,-156.8583572,2012-08-30,1,0,86.0,152.0,,Pastick,,0.0,N,,,,,,
61.3299157,-156.8467289,2012-08-30,1,0,82.0,152.0,,Pastick,,0.0,N,,,,,,
61.1950405,-157.3784574,2012-08-30,1,0,81.0,97.0,,Pastick,,0.0,N,,,,,,
61.189768,-157.3805888,2012-08-30,1,0,105.0,152.0,,Pastick,,0.0,N,,,,,,
61.3914792,-156.3346192,2012-08-30,1,0,68.0,152.0,,Pastick,,0.0,N,,,,,,
61.3921451,-156.3282687,2012-08-30,1,0,38.0,150.0,,Pastick,,0.0,N,,,,,,
61.9817957,-156.3974621,2012-08-30,1,0,76.0,152.0,,Pastick,,0.0,N,,,,,,
61.9769942,-156.3976616,2012-08-30,1,0,81.0,152.0,,Pastick,,0.0,N,,,,,,
61.9723621,-156.3992208,2012-08-30,1,0,117.0,152.0,,Pastick,,0.0,N,,,,,,
61.9678112,-156.396994,2012-08-30,1,0,61.0,152.0,,Pastick,,0.0,N,,,,,,
61.9601252,-156.3994998,2012-08-30,1,0,144.0,152.0,,Pastick,,0.0,N,,,,,,
61.9525496,-156.403101,2012-08-30,1,0,94.0,152.0,,Pastick,,0.0,N,,,,,,
61.9405716,-156.4085421,2012-08-30,1,0,51.0,152.0,,Pastick,,0.0,N,,,,,,
61.6660358,-156.1837995,2013-06-18,1,0,89.0,152.0,,Pastick,,0.0,N,,,,,,
61.6647456,-156.1953311,2012-08-30,1,0,68.0,152.0,,Pastick,,0.0,N,,,,,,
61.3896164,-160.2239817,2012-08-30,1,0,160.0,190.0,,Pastick,,0.0,N,,,,,,
61.5050731,-160.6016558,2012-08-30,1,0,85.0,200.0,,Pastick,,0.0,N,,,,,,
61.7072494,-160.1179652,2012-08-30,1,0,55.0,80.0,,Pastick,,0.0,N,,,,,,
61.7167024,-160.1224507,2012-08-30,1,0,125.0,200.0,,Pastick,,0.0,N,,,,,,
61.6636158,-159.6122376,2012-08-30,1,0,42.0,75.0,,Pastick,,0.0,N,,,,,,
61.6656718,-159.6221558,2012-08-30,1,0,64.0,85.0,,Pastick,,0.0,N,,,,,,
61.3600927,-158.0446251,2012-08-30,1,0,110.0,140.0,,Pastick,,0.0,N,,,,,,
61.3536723,-158.0521695,2012-08-30,1,0,120.0,170.0,,Pastick,,0.0,N,,,,,,
61.3482,-158.0670669,2012-08-30,1,0,65.0,125.0,,Pastick,,0.0,N,,,,,,
62.6759676,-160.521099,2012-08-30,1,0,80.0,110.0,,Pastick,,0.0,N,,,,,,
62.1090031,-159.3369618,2012-08-30,1,0,51.0,80.0,,Pastick,,0.0,N,,,,,,
60.9672468,-158.6742232,2012-08-30,1,0,52.0,75.0,,Pastick,,0.0,N,,,,,,
64.7811743,-165.4889812,2012-08-30,1,0,80.0,150.0,,Pastick,,0.0,N,,,,,,
64.7917995,-165.4859961,2012-08-30,1,0,53.0,150.0,,Pastick,,0.0,N,,,,,,
64.8110143,-165.6115102,2012-08-30,1,0,52.0,150.0,,Pastick,,0.0,N,,,,,,
64.8157873,-165.6160414,2012-08-30,1,0,83.0,150.0,,Pastick,,0.0,N,,,,,,
64.7938587,-165.4134514,2012-08-30,1,0,77.0,150.0,,Pastick,,0.0,N,,,,,,
64.798797,-165.5000139,2012-08-30,1,0,54.0,152.0,,Pastick,,0.0,N,,,,,,
64.8039747,-165.6276243,2012-08-30,1,0,92.0,150.0,,Pastick,,0.0,N,,,,,,
64.7998747,-165.6295497,2012-08-30,1,0,130.0,150.0,,Pastick,,0.0,N,,,,,,
64.7987193,-165.4855524,2012-08-30,1,0,32.0,150.0,,Pastick,,0.0,N,,,,,,
64.7682092,-165.5691653,2012-08-30,1,0,96.0,150.0,,Pastick,,0.0,N,,,,,,
64.8101235,-165.4211126,2012-08-30,1,0,70.0,150.0,,Pastick,,0.0,N,,,,,,
64.7659428,-165.4621751,2012-08-30,1,0,96.0,150.0,,Pastick,,0.0,N,,,,,,
64.7469492,-165.6380239,2012-08-30,1,0,105.0,150.0,,Pastick,,0.0,N,,,,,,
64.7790418,-165.6351008,2012-08-30,1,0,96.0,150.0,,Pastick,,0.0,N,,,,,,
61.7970562,-157.4251829,2012-08-30,1,0,46.0,74.0,,Pastick,,0.0,N,,,,,,
61.3333056,-165.2449167,2012-08-30,1,0,80.0,152.0,,Pastick,,0.0,N,,,,,,
61.3616389,-165.1388056,2012-08-30,1,0,43.0,152.0,,Pastick,,0.0,N,,,,,,
59.8411111,-160.0447222,2013-12-13,1,0,78.0,152.0,,Pastick,,0.0,N,,,,,,
59.8544444,-160.0361111,2013-12-13,1,0,19.0,67.0,,Pastick,,0.0,N,,,,,,
59.8766667,-160.0425,2013-12-13,1,0,18.0,80.0,,Pastick,,0.0,N,,,,,,
59.8777778,-160.0516667,2013-12-13,1,0,43.0,60.0,,Pastick,,0.0,N,,,,,,
59.7780556,-159.845,2013-12-13,1,0,48.0,152.0,,Pastick,,0.0,N,,,,,,
59.7813889,-159.8594444,2013-12-13,1,0,35.0,75.0,,Pastick,,0.0,N,,,,,,
59.7802778,-159.8366667,2013-12-13,1,0,87.0,120.0,,Pastick,,0.0,N,,,,,,
59.7766667,-159.8688889,2013-12-13,1,0,52.0,152.0,,Pastick,,0.0,N,,,,,,
59.7844444,-159.8011111,2013-12-13,1,0,22.0,100.0,,Pastick,,0.0,N,,,,,,
59.7869444,-159.7875,2013-12-13,1,0,22.0,70.0,,Pastick,,0.0,N,,,,,,
59.5608333,-159.4083333,2013-12-13,1,0,78.0,100.0,,Pastick,,0.0,N,,,,,,
59.5736111,-159.3747222,2013-12-13,1,0,65.0,100.0,,Pastick,,0.0,N,,,,,,
59.7791667,-159.8177778,2013-12-13,1,0,58.0,95.0,,Pastick,,0.0,N,,,,,,
59.7805556,-159.8127778,2013-12-13,1,0,16.0,65.0,,Pastick,,0.0,N,,,,,,
59.8605556,-160.0213889,2013-12-13,1,0,57.0,84.0,,Pastick,,0.0,N,,,,,,
59.8641667,-160.0363889,2013-12-13,1,0,80.0,100.0,,Pastick,,0.0,N,,,,,,
59.64,-160.3613889,2013-12-13,1,0,68.0,105.0,,Pastick,,0.0,N,,,,,,
59.6427778,-160.3358333,2013-12-13,1,0,60.0,75.0,,Pastick,,0.0,N,,,,,,
59.6588889,-160.3688889,2013-12-13,1,0,78.0,81.0,,Pastick,,0.0,N,,,,,,
59.4055556,-160.3591667,2013-12-13,1,0,51.0,110.0,,Pastick,,0.0,N,,,,,,
59.4077778,-160.3591667,2013-12-13,1,0,33.0,90.0,,Pastick,,0.0,N,,,,,,
59.6402778,-160.3444444,2013-12-13,1,0,95.0,105.0,,Pastick,,0.0,N,,,,,,
59.6377778,-160.3844444,2013-12-13,1,0,80.0,105.0,,Pastick,,0.0,N,,,,,,
59.6352778,-160.3877778,2013-12-13,1,0,80.0,150.0,,Pastick,,0.0,N,,,,,,
59.4861111,-160.6044444,2013-12-13,1,0,38.0,75.0,,Pastick,,0.0,N,,,,,,
59.3527778,-157.4722222,2013-11-29,1,0,105.0,183.0,,Pastick,,0.0,N,,,,,,
59.3488889,-157.4786111,2013-11-29,1,0,50.0,75.0,,Pastick,,0.0,N,,,,,,
59.3716667,-157.4327778,2013-11-29,1,0,125.0,183.0,,Pastick,,0.0,N,,,,,,
59.3730556,-157.4311111,2013-11-29,1,0,145.0,183.0,,Pastick,,0.0,N,,,,,,
59.3669444,-157.4522222,2013-11-29,1,0,125.0,150.0,,Pastick,,0.0,N,,,,,,
59.3541667,-157.5094444,2013-11-29,1,0,80.0,183.0,,Pastick,,0.0,N,,,,,,
58.6436111,-158.0638889,2013-11-29,1,0,150.0,183.0,,Pastick,,0.0,N,,,,,,
59.3344444,-158.3088889,2013-11-29,1,0,76.0,95.0,,Pastick,,0.0,N,,,,,,
59.3502778,-158.3069444,2013-11-29,1,0,14.0,26.0,,Pastick,,0.0,N,,,,,,
58.8630556,-157.5836111,2013-11-29,1,0,91.0,183.0,,Pastick,,0.0,N,,,,,,
59.1930556,-158.1225,2013-11-29,1,0,80.0,95.0,,Pastick,,0.0,N,,,,,,
59.2011111,-158.0852778,2013-11-29,1,0,165.0,183.0,,Pastick,,0.0,N,,,,,,
59.2313889,-157.7544444,2013-11-29,1,0,20.0,52.0,,Pastick,,0.0,N,,,,,,
59.2227778,-157.7675,2013-11-29,1,0,84.0,183.0,,Pastick,,0.0,N,,,,,,
59.2233333,-158.2341667,2013-11-29,1,0,91.0,100.0,,Pastick,,0.0,N,,,,,,
59.2286111,-158.1697222,2013-11-29,1,0,100.0,183.0,,Pastick,,0.0,N,,,,,,
58.8894444,-158.4355556,2013-11-29,1,0,120.0,190.0,,Pastick,,0.0,N,,,,,,
58.8880556,-158.4163889,2013-11-29,1,0,115.0,150.0,,Pastick,,0.0,N,,,,,,
59.2980556,-157.2969444,2013-11-29,1,0,75.0,110.0,,Pastick,,0.0,N,,,,,,
59.2972222,-157.2836111,2013-11-29,1,0,122.0,150.0,,Pastick,,0.0,N,,,,,,
59.3,-157.2761111,2013-11-29,1,0,70.0,190.0,,Pastick,,0.0,N,,,,,,
59.2508333,-157.4402778,2013-11-29,1,0,70.0,183.0,,Pastick,,0.0,N,,,,,,
59.2561111,-157.4755556,2013-11-29,1,0,95.0,183.0,,Pastick,,0.0,N,,,,,,
58.9375,-157.6008333,2013-11-29,1,0,140.0,183.0,,Pastick,,0.0,N,,,,,,
58.9344444,-157.6077778,2013-11-29,1,0,140.0,183.0,,Pastick,,0.0,N,,,,,,
58.9355556,-157.6169444,2013-11-29,1,0,87.0,183.0,,Pastick,,0.0,N,,,,,,
58.9325,-157.645,2013-11-29,1,0,37.0,70.0,,Pastick,,0.0,N,,,,,,
59.4997222,-158.42,2013-11-29,1,0,55.0,80.0,,Pastick,,0.0,N,,,,,,
59.4952778,-158.4127778,2013-11-29,1,0,49.0,100.0,,Pastick,,0.0,N,,,,,,
59.4886111,-158.3972222,2013-11-29,1,0,160.0,183.0,,Pastick,,0.0,N,,,,,,
59.4802778,-158.3808333,2013-11-29,1,0,150.0,183.0,,Pastick,,0.0,N,,,,,,
58.6605556,-158.0547222,2013-11-29,1,0,110.0,183.0,,Pastick,,0.0,N,,,,,,
58.8408333,-158.2483333,2013-11-29,1,0,100.0,183.0,,Pastick,,0.0,N,,,,,,
58.8480556,-158.2466667,2013-11-29,1,0,85.0,183.0,,Pastick,,0.0,N,,,,,,
59.2291667,-157.9738889,2013-11-29,1,0,130.0,183.0,,Pastick,,0.0,N,,,,,,
59.2216667,-157.9722222,2013-11-29,1,0,130.0,183.0,,Pastick,,0.0,N,,,,,,
59.2119444,-157.9661111,2013-11-29,1,0,98.0,183.0,,Pastick,,0.0,N,,,,,,
59.1841667,-158.2763889,2013-11-29,1,0,63.0,183.0,,Pastick,,0.0,N,,,,,,
59.6108333,-158.1036111,2013-11-29,1,0,11.0,55.0,,Pastick,,0.0,N,,,,,,
59.6138889,-158.0958333,2013-11-29,1,0,41.0,125.0,,Pastick,,0.0,N,,,,,,
59.5938889,-158.0694444,2013-11-29,1,0,61.0,80.0,,Pastick,,0.0,N,,,,,,
59.1588889,-157.5566667,2013-11-29,1,0,69.0,183.0,,Pastick,,0.0,N,,,,,,
59.0408333,-158.0111111,2013-11-29,1,0,155.0,190.0,,Pastick,,0.0,N,,,,,,
59.5572222,-157.5702778,2013-11-29,1,0,95.0,190.0,,Pastick,,0.0,N,,,,,,
59.8119444,-157.5483333,2013-11-29,1,0,170.0,185.0,,Pastick,,0.0,N,,,,,,
59.8169444,-157.5611111,2013-11-29,1,0,140.0,170.0,,Pastick,,0.0,N,,,,,,
59.715,-157.9622222,2013-11-29,1,0,170.0,190.0,,Pastick,,0.0,N,,,,,,
59.7105556,-157.95,2013-11-29,1,0,80.0,110.0,,Pastick,,0.0,N,,,,,,
59.0691667,-157.4333333,2013-11-29,1,0,47.0,190.0,,Pastick,,0.0,N,,,,,,
59.0702778,-157.4177778,2013-11-29,1,0,80.0,190.0,,Pastick,,0.0,N,,,,,,
59.0736111,-157.4041667,2013-11-29,1,0,26.0,130.0,,Pastick,,0.0,N,,,,,,
59.8391667,-156.9669444,2013-11-29,1,0,175.0,190.0,,Pastick,,0.0,N,,,,,,
59.49,-156.5622222,2013-11-29,1,0,88.0,150.0,,Pastick,,0.0,N,,,,,,
59.5030556,-156.5791667,2013-11-29,1,0,32.0,130.0,,Pastick,,0.0,N,,,,,,
59.5505556,-156.7755556,2013-11-29,1,0,110.0,145.0,,Pastick,,0.0,N,,,,,,
59.5363889,-156.7816667,2013-11-29,1,0,47.0,85.0,,Pastick,,0.0,N,,,,,,
59.5136111,-156.7966667,2013-11-29,1,0,90.0,110.0,,Pastick,,0.0,N,,,,,,
58.7877778,-158.3152778,2013-11-29,1,0,180.0,190.0,,Pastick,,0.0,N,,,,,,
58.8094444,-158.3791667,2013-11-29,1,0,165.0,190.0,,Pastick,,0.0,N,,,,,,
58.8169444,-158.4477778,2013-11-29,1,0,120.0,150.0,,Pastick,,0.0,N,,,,,,
59.8508333,-158.3197222,2013-11-29,1,0,61.0,115.0,,Pastick,,0.0,N,,,,,,
59.8566667,-158.2530556,2013-11-29,1,0,95.0,100.0,,Pastick,,0.0,N,,,,,,
58.6986111,-158.21,2013-11-29,1,0,30.0,152.0,,Pastick,,0.0,N,,,,,,
58.8622222,-157.7997222,2013-11-29,1,0,135.0,190.0,,Pastick,,0.0,N,,,,,,
59.1263889,-157.7472222,2013-11-29,1,0,90.0,190.0,,Pastick,,0.0,N,,,,,,
59.1302778,-157.7658333,2013-11-29,1,0,85.0,190.0,,Pastick,,0.0,N,,,,,,
59.1352778,-157.7919444,2013-11-29,1,0,175.0,190.0,,Pastick,,0.0,N,,,,,,
58.7730556,-157.5375,2013-11-29,1,0,115.0,190.0,,Pastick,,0.0,N,,,,,,
58.9783333,-157.8955556,2013-11-29,1,0,66.0,92.0,,Pastick,,0.0,N,,,,,,
58.9780556,-157.8844444,2013-11-29,1,0,51.0,183.0,,Pastick,,0.0,N,,,,,,
58.9725,-157.8702778,2013-11-29,1,0,120.0,183.0,,Pastick,,0.0,N,,,,,,
59.0661111,-158.4366667,2013-11-29,1,0,94.0,180.0,,Pastick,,0.0,N,,,,,,
59.6811111,-158.1063889,2013-11-29,1,0,16.0,162.0,,Pastick,,0.0,N,,,,,,
59.6625,-157.5558333,2013-11-29,1,0,130.0,165.0,,Pastick,,0.0,N,,,,,,
59.7758333,-157.7952778,2013-11-29,1,0,152.0,170.0,,Pastick,,0.0,N,,,,,,
59.9433333,-158.1936111,2013-11-29,1,0,137.0,155.0,,Pastick,,0.0,N,,,,,,
58.7236111,-158.2966667,2013-11-29,1,0,140.0,190.0,,Pastick,,0.0,N,,,,,,
58.7286111,-158.3166667,2013-11-29,1,0,0.0,0.0,,Pastick,,0.0,N,,,,,,
59.1669444,-158.0272222,2013-11-29,1,0,160.0,190.0,,Pastick,,0.0,N,,,,,,
59.3352778,-157.8725,2013-11-29,1,0,65.0,190.0,,Pastick,,0.0,N,,,,,,
59.0644444,-157.1980556,2013-11-29,1,0,90.0,190.0,,Pastick,,0.0,N,,,,,,
58.8244444,-157.8280556,2013-11-29,1,0,56.0,100.0,,Pastick,,0.0,N,,,,,,
59.2741667,-157.9163889,2013-11-29,1,0,67.0,67.0,,Pastick,,0.0,N,,,,,,
59.2680556,-157.9016667,2013-11-29,1,0,95.0,190.0,,Pastick,,0.0,N,,,,,,
59.4170056,-157.5538778,2013-11-29,1,0,100.0,190.0,,Pastick,,0.0,N,,,,,,
59.4098056,-157.5508556,2013-11-29,1,0,53.0,190.0,,Pastick,,0.0,N,,,,,,
59.3974806,-157.5442333,2013-11-29,1,0,80.0,110.0,,Pastick,,0.0,N,,,,,,
59.3076833,-157.2374528,2013-11-29,1,0,72.0,130.0,,Pastick,,0.0,N,,,,,,
59.0238889,-158.5594444,2013-11-29,1,0,120.0,180.0,,Pastick,,0.0,N,,,,,,
59.0683333,-158.5588889,2013-11-29,1,0,160.0,190.0,,Pastick,,0.0,N,,,,,,
58.8411111,-158.5363889,2013-11-29,1,0,95.0,100.0,,Pastick,,0.0,N,,,,,,
59.0536111,-158.5511111,2013-11-29,1,0,140.0,190.0,,Pastick,,0.0,N,,,,,,
59.0461111,-158.5577778,2013-11-29,1,0,58.0,70.0,,Pastick,,0.0,N,,,,,,
59.0394444,-158.5863889,2013-11-29,1,0,140.0,190.0,,Pastick,,0.0,N,,,,,,
59.0538889,-158.5761111,2013-11-29,1,0,170.0,190.0,,Pastick,,0.0,N,,,,,,
59.0730556,-158.5347222,2013-11-29,1,0,95.0,155.0,,Pastick,,0.0,N,,,,,,
59.0683333,-158.5377778,2013-11-29,1,0,75.0,190.0,,Pastick,,0.0,N,,,,,,
59.0630556,-158.5233333,2014-02-06,1,0,125.0,190.0,,Pastick,,0.0,N,,,,,,
59.8083333,-156.5652778,2013-11-29,1,0,51.0,95.0,,Pastick,,0.0,N,,,,,,
59.8288889,-156.5491667,2013-11-29,1,0,95.0,120.0,,Pastick,,0.0,N,,,,,,
59.8422222,-156.5333333,2013-11-29,1,0,45.0,180.0,,Pastick,,0.0,N,,,,,,
59.7911111,-156.0863889,2013-11-29,1,0,95.0,152.0,,Pastick,,0.0,N,,,,,,
60.0897222,-158.4547222,2013-11-29,1,0,55.0,100.0,,Pastick,,0.0,N,,,,,,
59.9769444,-157.8294444,2013-11-29,1,0,55.0,170.0,,Pastick,,0.0,N,,,,,,
59.9763889,-157.8413889,2013-11-29,1,0,115.0,160.0,,Pastick,,0.0,N,,,,,,
60.3108333,-158.7286111,2013-11-29,1,0,18.0,80.0,,Pastick,,0.0,N,,,,,,
60.3116667,-158.7111111,2013-11-29,1,0,29.0,70.0,,Pastick,,0.0,N,,,,,,
60.3052778,-158.6405556,2013-11-29,1,0,80.0,110.0,,Pastick,,0.0,N,,,,,,
60.1830556,-159.5822222,2013-11-29,1,0,70.0,80.0,,Pastick,,0.0,N,,,,,,
59.8188889,-156.3266667,2014-02-04,1,0,140.0,183.0,,Pastick,,0.0,N,,,,,,
59.7925,-157.1127778,2013-11-29,1,0,135.0,180.0,,Pastick,,0.0,N,,,,,,
59.9461111,-156.6308333,2013-11-29,1,0,203.0,213.0,,Pastick,,0.0,N,,,,,,
59.9369444,-156.5188889,2013-11-29,1,0,110.0,140.0,,Pastick,,0.0,N,,,,,,
59.6741667,-155.9916667,2013-11-29,1,0,102.0,118.0,,Pastick,,0.0,N,,,,,,
59.7080556,-156.0438889,2013-11-29,1,0,78.0,105.0,,Pastick,,0.0,N,,,,,,
59.6491667,-156.505,2013-11-29,1,0,82.0,85.0,,Pastick,,0.0,N,,,,,,
59.6375,-156.5547222,2013-11-29,1,0,85.0,110.0,,Pastick,,0.0,N,,,,,,
60.0555556,-157.2147222,2013-11-29,1,0,55.0,90.0,,Pastick,,0.0,N,,,,,,
60.0955556,-157.1672222,2013-11-29,1,0,138.0,190.0,,Pastick,,0.0,N,,,,,,
60.4102778,-158.8027778,2013-11-29,1,0,72.0,105.0,,Pastick,,0.0,N,,,,,,
60.4147222,-158.7694444,2013-11-29,1,0,54.0,100.0,,Pastick,,0.0,N,,,,,,
60.4,-158.7405556,2013-11-29,1,0,38.0,80.0,,Pastick,,0.0,N,,,,,,
60.39,-158.7091667,2013-11-29,1,0,62.0,115.0,,Pastick,,0.0,N,,,,,,
59.7272222,-157.2975,2013-11-29,1,0,180.0,190.0,,Pastick,,0.0,N,,,,,,
59.7219444,-157.3119444,2013-11-29,1,0,96.0,165.0,,Pastick,,0.0,N,,,,,,
59.7258333,-157.3058333,2013-11-29,1,0,81.0,120.0,,Pastick,,0.0,N,,,,,,
59.9566667,-157.6852778,2013-11-29,1,0,115.0,180.0,,Pastick,,0.0,N,,,,,,
58.8075,-158.5633333,2013-11-29,1,0,11.0,90.0,,Pastick,,0.0,N,,,,,,
58.8175,-158.5555556,2013-11-29,1,0,90.0,160.0,,Pastick,,0.0,N,,,,,,
59.0711111,-158.505,2013-11-29,1,0,115.0,183.0,,Pastick,,0.0,N,,,,,,
59.9605556,-157.7244444,2013-11-29,1,0,90.0,125.0,,Pastick,,0.0,N,,,,,,
59.7294444,-157.2933333,2013-11-29,1,0,140.0,170.0,,Pastick,,0.0,N,,,,,,
59.7222222,-157.2577778,2013-11-29,1,0,140.0,180.0,,Pastick,,0.0,N,,,,,,
59.7138889,-157.2597222,2013-11-29,1,0,46.0,65.0,,Pastick,,0.0,N,,,,,,
59.7866667,-157.4330556,2013-11-29,1,0,140.0,150.0,,Pastick,,0.0,N,,,,,,
59.7386111,-157.2047222,2013-11-29,1,0,60.0,100.0,,Pastick,,0.0,N,,,,,,
59.5013889,-157.1227778,2013-11-29,1,0,115.0,135.0,,Pastick,,0.0,N,,,,,,
59.7291667,-157.2755556,2013-11-29,1,0,45.0,80.0,,Pastick,,0.0,N,,,,,,
59.7219444,-157.2061111,2013-11-29,1,0,140.0,180.0,,Pastick,,0.0,N,,,,,,
59.6936111,-157.1797222,2013-11-29,1,0,80.0,150.0,,Pastick,,0.0,N,,,,,,
59.5958333,-157.0741667,2013-11-29,1,0,120.0,180.0,,Pastick,,0.0,N,,,,,,
59.5872222,-157.0822222,2013-11-29,1,0,140.0,180.0,,Pastick,,0.0,N,,,,,,
59.4955556,-157.185,2013-11-29,1,0,15.0,110.0,,Pastick,,0.0,N,,,,,,
59.5041667,-157.1877778,2013-11-29,1,0,160.0,180.0,,Pastick,,0.0,N,,,,,,
59.5025,-157.175,2013-11-29,1,0,65.0,145.0,,Pastick,,0.0,N,,,,,,
58.905,-157.7133333,2013-11-29,1,0,140.0,180.0,,Pastick,,0.0,N,,,,,,
59.0822222,-158.5938889,2013-11-29,1,0,170.0,180.0,,Pastick,,0.0,N,,,,,,
59.0922222,-158.5947222,2013-11-29,1,0,130.0,180.0,,Pastick,,0.0,N,,,,,,
59.7375,-157.2369444,2013-11-29,1,0,51.0,100.0,,Pastick,,0.0,N,,,,,,
59.7191667,-157.1694444,2013-11-29,1,0,135.0,180.0,,Pastick,,0.0,N,,,,,,
59.6694444,-157.1227778,2013-11-29,1,0,75.0,100.0,,Pastick,,0.0,N,,,,,,
59.6030556,-157.0405556,2013-11-29,1,0,115.0,120.0,,Pastick,,0.0,N,,,,,,
59.5561111,-157.0905556,2013-11-29,1,0,170.0,180.0,,Pastick,,0.0,N,,,,,,
59.5147222,-157.0836111,2013-11-29,1,0,175.0,180.0,,Pastick,,0.0,N,,,,,,
59.4919444,-157.1811111,2013-11-29,1,0,100.0,180.0,,Pastick,,0.0,N,,,,,,
58.9230556,-157.7,2013-11-29,1,0,165.0,180.0,,Pastick,,0.0,N,,,,,,
58.9122222,-157.71,2013-11-29,1,0,115.0,125.0,,Pastick,,0.0,N,,,,,,
59.0805556,-158.5827778,2013-11-29,1,0,150.0,180.0,,Pastick,,0.0,N,,,,,,
59.0816667,-158.57,2013-11-29,1,0,85.0,182.0,,Pastick,,0.0,N,,,,,,
59.0877778,-158.5830556,2013-11-29,1,0,160.0,180.0,,Pastick,,0.0,N,,,,,,
59.0969444,-158.5880556,2013-11-29,1,0,95.0,180.0,,Pastick,,0.0,N,,,,,,
59.0975,-158.5758333,2013-11-29,1,0,65.0,100.0,,Pastick,,0.0,N,,,,,,
59.6225444,-157.0584528,2013-11-29,1,0,120.0,140.0,,Pastick,,0.0,N,,,,,,
59.2152778,-157.6277778,2013-11-29,1,0,117.0,130.0,,Pastick,,0.0,N,,,,,,
59.2138889,-157.6363889,2013-11-29,1,0,155.0,170.0,,Pastick,,0.0,N,,,,,,
59.1858333,-157.7033333,2013-11-29,1,0,75.0,120.0,,Pastick,,0.0,N,,,,,,
59.1830556,-157.7116667,2013-11-29,1,0,145.0,155.0,,Pastick,,0.0,N,,,,,,
59.1419444,-157.7338889,2013-11-29,1,0,110.0,170.0,,Pastick,,0.0,N,,,,,,
59.1097222,-157.7308333,2014-02-05,1,0,150.0,183.0,,Pastick,,0.0,N,,,,,,
59.0788889,-157.7569444,2013-11-29,1,0,94.0,120.0,,Pastick,,0.0,N,,,,,,
59.0816667,-157.75,2013-11-29,1,0,58.0,110.0,,Pastick,,0.0,N,,,,,,
59.0797222,-157.7486111,2013-11-29,1,0,84.0,120.0,,Pastick,,0.0,N,,,,,,
59.0697222,-157.7472222,2013-11-29,1,0,73.0,120.0,,Pastick,,0.0,N,,,,,,
59.0666667,-157.7166667,2013-11-29,1,0,135.0,165.0,,Pastick,,0.0,N,,,,,,
58.9658333,-157.6927778,2013-11-29,1,0,135.0,160.0,,Pastick,,0.0,N,,,,,,
60.3825,-157.6486111,2013-11-29,1,0,34.0,100.0,,Pastick,,0.0,N,,,,,,
60.2733333,-157.6716667,2013-11-29,1,0,46.0,85.0,,Pastick,,0.0,N,,,,,,
60.4358333,-158.4172222,2013-11-29,1,0,102.0,125.0,,Pastick,,0.0,N,,,,,,
60.3852778,-158.2702778,2013-11-29,1,0,170.0,180.0,,Pastick,,0.0,N,,,,,,
60.4977778,-158.7130556,2013-11-29,1,0,47.0,75.0,,Pastick,,0.0,N,,,,,,
60.41,-158.5513889,2013-11-29,1,0,28.0,83.0,,Pastick,,0.0,N,,,,,,
60.6277778,-156.9775,2013-11-29,1,0,27.0,71.0,,Pastick,,0.0,N,,,,,,
60.6177778,-156.9919444,2013-11-29,1,0,74.0,80.0,,Pastick,,0.0,N,,,,,,
60.4927778,-158.0508333,2013-11-29,1,0,40.0,110.0,,Pastick,,0.0,N,,,,,,
59.7258333,-157.2802778,2013-11-29,1,0,84.0,140.0,,Pastick,,0.0,N,,,,,,
59.4452778,-157.3147222,2013-11-29,1,0,90.0,90.0,,Pastick,,0.0,N,,,,,,
59.26,-157.6316667,2013-11-29,1,0,105.0,120.0,,Pastick,,0.0,N,,,,,,
59.2597222,-157.6202778,2013-11-29,1,0,30.0,180.0,,Pastick,,0.0,N,,,,,,
59.2475,-157.635,2013-11-29,1,0,51.0,85.0,,Pastick,,0.0,N,,,,,,
59.1733333,-157.6608333,2013-11-29,1,0,120.0,122.0,,Pastick,,0.0,N,,,,,,
59.1744444,-157.6969444,2013-11-29,1,0,170.0,180.0,,Pastick,,0.0,N,,,,,,
59.17,-157.7002778,2013-11-29,1,0,105.0,180.0,,Pastick,,0.0,N,,,,,,
59.105,-157.7644444,2013-11-29,1,0,138.0,160.0,,Pastick,,0.0,N,,,,,,
59.0547222,-157.7669444,2013-11-29,1,0,105.0,190.0,,Pastick,,0.0,N,,,,,,
59.0513889,-157.7591667,2013-11-29,1,0,95.0,180.0,,Pastick,,0.0,N,,,,,,
58.9772222,-157.6591667,2013-11-29,1,0,160.0,175.0,,Pastick,,0.0,N,,,,,,
58.9536111,-157.6694444,2013-11-29,1,0,170.0,180.0,,Pastick,,0.0,N,,,,,,
58.9252778,-157.7108333,2013-11-29,1,0,140.0,175.0,,Pastick,,0.0,N,,,,,,
60.2938889,-158.0136111,2013-11-29,1,0,60.0,135.0,,Pastick,,0.0,N,,,,,,
60.3722222,-157.8975,2013-11-29,1,0,50.0,65.0,,Pastick,,0.0,N,,,,,,
60.2502778,-157.7602778,2013-11-29,1,0,25.0,80.0,,Pastick,,0.0,N,,,,,,
60.7430556,-157.4816667,2013-11-29,1,0,95.0,102.0,,Pastick,,0.0,N,,,,,,
60.0538889,-157.83,2013-11-29,1,0,160.0,185.0,,Pastick,,0.0,N,,,,,,
60.5386111,-156.7125,2013-11-29,1,0,59.0,80.0,,Pastick,,0.0,N,,,,,,
60.5375,-156.7327778,2013-11-29,1,0,40.0,90.0,,Pastick,,0.0,N,,,,,,
59.7152778,-157.3088889,2013-11-29,1,0,100.0,185.0,,Pastick,,0.0,N,,,,,,
60.3183333,-155.7577778,2013-11-29,1,0,47.0,77.0,,Pastick,,0.0,N,,,,,,
60.3147222,-155.7416667,2013-11-29,1,0,55.0,55.0,,Pastick,,0.0,N,,,,,,
60.3136111,-155.7391667,2013-11-29,1,0,52.0,100.0,,Pastick,,0.0,N,,,,,,
60.8308333,-154.7741667,2013-11-29,1,0,59.0,86.0,,Pastick,,0.0,N,,,,,,
60.8119444,-154.9047222,2013-11-29,1,0,26.0,78.0,,Pastick,,0.0,N,,,,,,
60.7158333,-154.6294444,2013-11-29,1,0,31.0,73.0,,Pastick,,0.0,N,,,,,,
60.7161111,-154.6338889,2013-11-29,1,0,12.0,68.0,,Pastick,,0.0,N,,,,,,
60.255,-156.6269444,2013-11-29,1,0,37.0,50.0,,Pastick,,0.0,N,,,,,,
60.2527778,-156.6280556,2013-11-29,1,0,39.0,97.0,,Pastick,,0.0,N,,,,,,
60.25,-156.6313889,2013-11-29,1,0,41.0,102.0,,Pastick,,0.0,N,,,,,,
60.6591667,-154.7463889,2013-11-29,1,0,51.0,180.0,,Pastick,,0.0,N,,,,,,
60.7313889,-154.7491667,2013-11-29,1,0,31.0,58.0,,Pastick,,0.0,N,,,,,,
60.7280556,-154.7519444,2013-11-29,1,0,58.0,70.0,,Pastick,,0.0,N,,,,,,
60.6388889,-155.0305556,2013-11-29,1,0,175.0,180.0,,Pastick,,0.0,N,,,,,,
59.8686111,-156.3319444,2013-11-29,1,0,110.0,140.0,,Pastick,,0.0,N,,,,,,
59.885,-156.3488889,2013-11-29,1,0,77.0,90.0,,Pastick,,0.0,N,,,,,,
60.0497222,-156.0086111,2013-11-29,1,0,62.0,85.0,,Pastick,,0.0,N,,,,,,
60.7038889,-155.1638889,2013-11-29,1,0,40.0,80.0,,Pastick,,0.0,N,,,,,,
60.4675,-154.9980556,2013-11-29,1,0,49.0,49.0,,Pastick,,0.0,N,,,,,,
59.8930556,-156.015,2013-11-29,1,0,50.0,95.0,,Pastick,,0.0,N,,,,,,
60.5766667,-154.56,2013-11-29,1,0,85.0,100.0,,Pastick,,0.0,N,,,,,,
60.5269444,-155.9980556,2013-11-29,1,0,63.0,63.0,,Pastick,,0.0,N,,,,,,
60.1519444,-158.0244444,2013-11-29,1,0,45.0,80.0,,Pastick,,0.0,N,,,,,,
60.135,-158.0038889,2013-11-29,1,0,60.0,110.0,,Pastick,,0.0,N,,,,,,
60.0886111,-157.4936111,2013-11-29,1,0,60.0,140.0,,Pastick,,0.0,N,,,,,,
60.2169444,-158.4072222,2013-11-29,1,0,35.0,60.0,,Pastick,,0.0,N,,,,,,
60.2391667,-158.3969444,2013-11-29,1,0,20.0,80.0,,Pastick,,0.0,N,,,,,,
60.3280556,-156.8286111,2013-11-29,1,0,38.0,140.0,,Pastick,,0.0,N,,,,,,
60.6019444,-157.3811111,2013-11-29,1,0,150.0,165.0,,Pastick,,0.0,N,,,,,,
60.5344444,-156.7475,2013-11-29,1,0,45.0,102.0,,Pastick,,0.0,N,,,,,,
59.0116667,-158.56,2013-11-29,1,0,130.0,175.0,,Pastick,,0.0,N,,,,,,
59.0155556,-158.5622222,2013-11-29,1,0,120.0,190.0,,Pastick,,0.0,N,,,,,,
59.085,-158.535,2013-11-29,1,0,170.0,190.0,,Pastick,,0.0,N,,,,,,
59.0902778,-158.5461111,2013-11-29,1,0,70.0,100.0,,Pastick,,0.0,N,,,,,,
59.0808333,-158.4694444,2013-11-29,1,0,62.0,120.0,,Pastick,,0.0,N,,,,,,
59.0441667,-158.4827778,2013-11-29,1,0,5.0,185.0,,Pastick,,0.0,N,,,,,,
59.0038889,-158.5819444,2013-11-29,1,0,160.0,175.0,,Pastick,,0.0,N,,,,,,
58.8991667,-157.7533333,2013-11-29,1,0,140.0,170.0,,Pastick,,0.0,N,,,,,,
58.8941667,-157.8627778,2013-11-29,1,0,170.0,190.0,,Pastick,,0.0,N,,,,,,
58.9394444,-157.7194444,2013-11-29,1,0,125.0,180.0,,Pastick,,0.0,N,,,,,,
58.9227778,-157.7586111,2013-11-29,1,0,125.0,145.0,,Pastick,,0.0,N,,,,,,
58.915,-157.7619444,2013-11-29,1,0,65.0,155.0,,Pastick,,0.0,N,,,,,,
58.8941667,-157.8411111,2013-11-29,1,0,140.0,180.0,,Pastick,,0.0,N,,,,,,
59.4369444,-157.3669444,2013-11-29,1,0,150.0,185.0,,Pastick,,0.0,N,,,,,,
59.4283333,-157.3566667,2013-11-29,1,0,102.0,145.0,,Pastick,,0.0,N,,,,,,
59.4430556,-157.3608333,2013-11-29,1,0,105.0,140.0,,Pastick,,0.0,N,,,,,,
59.4125,-157.3063889,2013-11-29,1,0,65.0,65.0,,Pastick,,0.0,N,,,,,,
59.4541667,-157.3322222,2013-11-29,1,0,160.0,190.0,,Pastick,,0.0,N,,,,,,
59.4558333,-157.3369444,2013-11-29,1,0,39.0,190.0,,Pastick,,0.0,N,,,,,,
59.6569444,-156.1877778,2013-11-29,1,0,60.0,140.0,,Pastick,,0.0,N,,,,,,
60.435,-155.7333333,2013-11-29,1,0,95.0,110.0,,Pastick,,0.0,N,,,,,,
60.4380556,-155.7372222,2013-11-29,1,0,79.0,110.0,,Pastick,,0.0,N,,,,,,
60.4452778,-155.7452778,2013-11-29,1,0,105.0,150.0,,Pastick,,0.0,N,,,,,,
59.4447222,-157.3283333,2013-11-29,1,0,90.0,115.0,,Pastick,,0.0,N,,,,,,
59.7708333,-158.395,2013-11-29,1,0,37.0,85.0,,Pastick,,0.0,N,,,,,,
58.9233333,-157.3836111,2013-11-29,1,0,18.0,100.0,,Pastick,,0.0,N,,,,,,
59.8983333,-157.7525,2013-11-29,1,0,80.0,150.0,,Pastick,,0.0,N,,,,,,
59.9041667,-157.76,2013-11-29,1,0,64.0,80.0,,Pastick,,0.0,N,,,,,,
59.4666667,-157.3219444,2013-11-29,1,0,130.0,190.0,,Pastick,,0.0,N,,,,,,
59.4641667,-157.3336111,2013-11-29,1,0,62.0,180.0,,Pastick,,0.0,N,,,,,,
59.4552778,-157.315,2013-11-29,1,0,24.0,100.0,,Pastick,,0.0,N,,,,,,
59.0613889,-157.6861111,2013-11-29,1,0,120.0,152.0,,Pastick,,0.0,N,,,,,,
59.065,-157.6897222,2013-11-29,1,0,90.0,165.0,,Pastick,,0.0,N,,,,,,
59.0669444,-157.6980556,2013-11-29,1,0,80.0,95.0,,Pastick,,0.0,N,,,,,,
59.0077778,-157.6894444,2013-11-29,1,0,130.0,180.0,,Pastick,,0.0,N,,,,,,
59.0186111,-157.6852778,2013-11-29,1,0,68.0,130.0,,Pastick,,0.0,N,,,,,,
59.6775,-157.3966667,2014-02-04,1,0,160.0,190.0,,Pastick,,0.0,N,,,,,,
59.6708333,-157.4033333,2013-11-29,1,0,50.0,110.0,,Pastick,,0.0,N,,,,,,
59.6805556,-157.2588889,2013-11-29,1,0,150.0,200.0,,Pastick,,0.0,N,,,,,,
59.5241667,-157.3058333,2013-11-29,1,0,155.0,200.0,,Pastick,,0.0,N,,,,,,
59.6458333,-157.5344444,2014-02-04,1,0,80.0,200.0,,Pastick,,0.0,N,,,,,,
59.5769444,-157.4833333,2013-11-29,1,0,73.0,112.0,,Pastick,,0.0,N,,,,,,
59.6011111,-157.4588889,2013-11-29,1,0,120.0,190.0,,Pastick,,0.0,N,,,,,,
59.6086111,-157.4344444,2013-11-29,1,0,94.0,200.0,,Pastick,,0.0,N,,,,,,
59.5794444,-157.4161111,2013-11-29,1,0,170.0,200.0,,Pastick,,0.0,N,,,,,,
59.0605556,-157.6802778,2013-11-29,1,0,103.0,130.0,,Pastick,,0.0,N,,,,,,
59.0088889,-157.6611111,2013-11-29,1,0,40.0,155.0,,Pastick,,0.0,N,,,,,,
59.0038889,-157.6744444,2013-11-29,1,0,45.0,80.0,,Pastick,,0.0,N,,,,,,
59.0747222,-157.665,2013-11-29,1,0,120.0,165.0,,Pastick,,0.0,N,,,,,,
59.6794444,-157.4891667,2013-11-29,1,0,115.0,190.0,,Pastick,,0.0,N,,,,,,
59.6727778,-157.4788889,2013-11-29,1,0,112.0,150.0,,Pastick,,0.0,N,,,,,,
59.6561111,-157.4719444,2013-11-29,1,0,150.0,190.0,,Pastick,,0.0,N,,,,,,
59.6072222,-157.6341667,2013-11-29,1,0,78.0,98.0,,Pastick,,0.0,N,,,,,,
59.5313889,-157.6261111,2013-11-29,1,0,160.0,180.0,,Pastick,,0.0,N,,,,,,
59.6286111,-157.24,2013-11-29,1,0,110.0,180.0,,Pastick,,0.0,N,,,,,,
59.5138889,-157.5797222,2013-11-29,1,0,54.0,80.0,,Pastick,,0.0,N,,,,,,
59.5088889,-157.5744444,2013-11-29,1,0,100.0,130.0,,Pastick,,0.0,N,,,,,,
59.5191667,-157.3819444,2013-11-29,1,0,125.0,185.0,,Pastick,,0.0,N,,,,,,
59.4555556,-157.6447222,2013-11-29,1,0,170.0,170.0,,Pastick,,0.0,N,,,,,,
60.0105556,-154.9102778,2013-11-29,1,0,38.0,100.0,,Pastick,,0.0,N,,,,,,
60.0027778,-154.9894444,2013-11-29,1,0,140.0,180.0,,Pastick,,0.0,N,,,,,,
58.8738889,-157.9869444,2013-11-29,1,0,110.0,185.0,,Pastick,,0.0,N,,,,,,
59.2669444,-158.5919444,2013-11-29,1,0,77.0,110.0,,Pastick,,0.0,N,,,,,,
59.2875,-158.6388889,2013-11-29,1,0,77.0,77.0,,Pastick,,0.0,N,,,,,,
59.3577778,-157.4863889,2013-11-29,1,0,60.0,80.0,,Pastick,,0.0,N,,,,,,
59.7105556,-158.3805556,2013-11-29,1,0,80.0,90.0,,Pastick,,0.0,N,,,,,,
59.0544444,-158.5902778,2013-11-29,1,0,65.0,100.0,,Pastick,,0.0,N,,,,,,
59.0597222,-158.5227778,2013-11-29,1,0,40.0,183.0,,Pastick,,0.0,N,,,,,,
58.7275,-158.3077778,2013-11-29,1,0,53.0,70.0,,Pastick,,0.0,N,,,,,,
59.5661111,-156.9683333,2013-11-29,1,0,37.0,152.0,,Pastick,,0.0,N,,,,,,
58.7205556,-158.29,2013-11-29,1,0,72.0,120.0,,Pastick,,0.0,N,,,,,,
59.4777778,-157.3091667,2013-11-29,1,0,30.0,48.0,,Pastick,,0.0,N,,,,,,
60.0237737,-159.8769246,2013-12-13,1,0,40.0,90.0,,Pastick,,0.0,N,,,,,,
59.2706144,-159.8610473,2013-12-13,1,0,58.0,87.0,,Pastick,,0.0,N,,,,,,
60.0264563,-159.9032916,2013-12-13,1,0,28.0,55.0,,Pastick,,0.0,N,,,,,,
60.0419189,-159.8956271,2013-12-13,1,0,40.0,60.0,,Pastick,,0.0,N,,,,,,
60.0416036,-159.8720643,2013-12-13,1,0,56.0,88.0,,Pastick,,0.0,N,,,,,,
59.2979634,-159.8652893,2013-12-13,1,0,66.0,70.0,,Pastick,,0.0,N,,,,,,
59.9097429,-159.4751555,2013-12-13,1,0,42.0,80.0,,Pastick,,0.0,N,,,,,,
59.7485943,-160.2548948,2013-12-13,1,0,9.0,105.0,,Pastick,,0.0,N,,,,,,
60.0315234,-159.8413644,2013-12-13,1,0,60.0,152.0,,Pastick,,0.0,N,,,,,,
59.3017403,-159.8395292,2013-12-13,1,0,90.0,152.0,,Pastick,,0.0,N,,,,,,
59.8252467,-159.5058516,2013-12-13,1,0,38.0,100.0,,Pastick,,0.0,N,,,,,,
59.7790574,-159.4819486,2013-12-13,1,0,92.0,152.0,,Pastick,,0.0,N,,,,,,
59.7821102,-159.5020457,2013-12-13,1,0,45.0,80.0,,Pastick,,0.0,N,,,,,,
59.7700674,-159.5512747,2013-12-13,1,0,60.0,85.0,,Pastick,,0.0,N,,,,,,
59.7099755,-159.5183381,2013-12-13,1,0,55.0,75.0,,Pastick,,0.0,N,,,,,,
59.7053388,-159.5427355,2013-12-13,1,0,55.0,95.0,,Pastick,,0.0,N,,,,,,
59.5410254,-159.6603929,2013-12-13,1,0,41.0,70.0,,Pastick,,0.0,N,,,,,,
59.5318156,-159.6654097,2013-12-13,1,0,40.0,80.0,,Pastick,,0.0,N,,,,,,
59.7887483,-159.5313903,2013-12-13,1,0,21.0,60.0,,Pastick,,0.0,N,,,,,,
59.7877088,-159.5211879,2013-12-13,1,0,90.0,100.0,,Pastick,,0.0,N,,,,,,
59.7656481,-159.510831,2013-12-13,1,0,66.0,90.0,,Pastick,,0.0,N,,,,,,
59.6899702,-159.5440259,2013-12-13,1,0,32.0,152.0,,Pastick,,0.0,N,,,,,,
59.7515982,-160.24534,2013-12-13,1,0,42.0,75.0,,Pastick,,0.0,N,,,,,,
59.9185378,-159.5251734,2013-12-13,1,0,51.0,190.0,,Pastick,,0.0,N,,,,,,
59.9162515,-159.5164747,2013-12-13,1,0,100.0,130.0,,Pastick,,0.0,N,,,,,,
59.0836389,-154.2775556,2013-04-09,1,0,50.0,200.0,,Pastick,,0.0,N,,,,,,
59.239036,-160.1543806,2013-12-13,1,0,110.0,152.0,,Pastick,,0.0,N,,,,,,
59.1385498,-160.1130711,2013-12-13,1,0,105.0,152.0,,Pastick,,0.0,N,,,,,,
59.1883872,-159.105738,2013-12-13,1,0,25.0,152.0,,Pastick,,0.0,N,,,,,,
58.9727617,-159.7887174,2013-12-13,1,0,38.0,120.0,,Pastick,,0.0,N,,,,,,
59.2031461,-159.1598858,2013-12-13,1,0,19.0,125.0,,Pastick,,0.0,N,,,,,,
59.1980632,-159.1323235,2013-12-13,1,0,16.0,16.0,,Pastick,,0.0,N,,,,,,
59.1845719,-159.09252,2013-12-13,1,0,0.0,200.0,,Pastick,,0.0,N,,,,,,
59.3232542,-158.9568294,2013-12-13,1,0,110.0,115.0,,Pastick,,0.0,N,,,,,,
59.3266812,-158.9265009,2013-12-13,1,0,55.0,90.0,,Pastick,,0.0,N,,,,,,
59.1808459,-158.8064601,2013-12-13,1,0,50.0,120.0,,Pastick,,0.0,N,,,,,,
59.1902737,-158.7913551,2013-12-13,1,0,60.0,80.0,,Pastick,,0.0,N,,,,,,
59.1834594,-158.777084,2013-12-13,1,0,65.0,110.0,,Pastick,,0.0,N,,,,,,
59.1558696,-160.1903732,2013-12-13,1,0,50.0,152.0,,Pastick,,0.0,N,,,,,,
63.97088110899652,-145.1183699190152,2004-09-29,1,0,0.0,200.0,,Pastick,1.0,5.0,N,,,,,,
63.81148946594868,-144.9493213043712,2004-06-09,1,1,30.0,50.0,,Pastick,1.0,30.0,N,,,,,,
63.82009952025478,-144.92983595733958,2004-06-10,1,0,0.0,190.0,,Pastick,2.0,10.0,N,,,,,,
63.80400917827318,-145.0036470293576,2004-07-08,1,0,0.0,110.0,,Pastick,1.0,26.0,N,,,,,,
63.79521152539903,-145.02784202471867,2004-07-08,1,0,0.0,200.0,,Pastick,2.0,0.0,N,,,,,,
63.97011136891876,-145.0612790637668,2004-07-14,1,0,0.0,200.0,,Pastick,3.0,4.0,N,,,,,,
63.96499353187412,-145.06996722310623,2004-07-14,1,0,0.0,170.0,,Pastick,5.0,0.0,N,,,,,,
63.82631735766787,-145.09261930807904,2004-07-05,1,0,0.0,200.0,,Pastick,1.0,0.0,N,,,,,,
63.82829798320832,-145.10738496804265,2004-07-05,1,0,0.0,80.0,,Pastick,2.0,0.0,N,,,,,,
63.830155477377645,-145.12523038410265,2004-07-05,1,1,67.0,70.0,,Pastick,3.0,26.0,N,,,,,,
63.82995867995336,-145.1426645418577,2004-07-05,1,0,0.0,135.0,,Pastick,4.0,3.0,N,,,,,,
63.84597882745872,-145.12358725657535,2004-07-20,1,0,0.0,195.0,,Pastick,3.0,0.0,N,,,,,,
63.87982253600131,-145.1826652803917,2004-07-21,1,0,0.0,200.0,,Pastick,1.0,10.0,N,,,,,,
63.86152237333389,-145.20092101816772,2004-07-21,1,0,0.0,200.0,,Pastick,2.0,0.0,N,,,,,,
63.92281055032174,-145.19036533642,2004-07-28,1,0,0.0,185.0,,Pastick,1.0,7.0,N,,,,,,
63.95413617663824,-145.20524884562963,2004-08-19,1,0,0.0,50.0,,Pastick,5.0,27.0,N,,,,,,
63.968144787858016,-145.2400791795712,2004-07-29,1,0,0.0,65.0,,Pastick,1.0,26.0,N,,,,,,
64.00933882589972,-145.5183977456293,2004-09-28,1,0,0.0,36.0,,Pastick,3.0,0.0,N,,,,,,
64.05772555785444,-145.72360508138877,2004-09-28,1,0,0.0,80.0,,Pastick,4.0,7.0,N,,,,,,
62.99500868038112,-151.63659324221632,1999-07-10,1,0,0.0,100.0,,Pastick,5.0,2.0,N,,,,,,
63.01387152019595,-151.65847055451832,1999-07-10,1,0,0.0,100.0,,Pastick,2.0,0.0,N,,,,,,
63.01637161811072,-151.65422660691348,1999-07-10,1,0,0.0,100.0,,Pastick,1.0,2.0,N,,,,,,
63.1042083633783,-151.64295256177752,1999-08-05,1,0,0.0,150.0,,Pastick,1.0,4.0,N,,,,,,
63.10656317212104,-151.6669213295108,1999-08-05,1,0,0.0,100.0,,Pastick,1.0,8.0,N,,,,,,
63.10814390535116,-151.67852215374066,1999-08-05,1,0,0.0,100.0,,Pastick,2.0,2.0,N,,,,,,
63.16164125292204,-151.5044940701492,2002-08-15,1,0,0.0,150.0,,Pastick,2.0,1.0,N,,,,,,
63.16597530401752,-151.5249241282145,2002-08-15,1,0,0.0,150.0,,Pastick,1.0,2.0,N,,,,,,
63.168109673476,-151.50668297644867,2002-08-15,1,0,0.0,150.0,,Pastick,3.0,15.0,N,,,,,,
63.19247321741376,-151.9574914502772,1999-08-22,1,0,0.0,150.0,,Pastick,1.0,120.0,N,,,,,,
63.19903423354919,-151.2319829010778,2002-08-30,1,0,0.0,150.0,,Pastick,1.0,1.0,N,,,,,,
63.20459008459823,-151.51941865526146,1999-07-08,1,0,0.0,100.0,,Pastick,1.0,0.0,N,,,,,,
63.2108304750254,-151.67324240374228,1999-07-12,1,1,36.0,48.0,,Pastick,4.0,36.0,N,,,,,,
63.211458443955166,-151.66840038971185,1999-07-12,1,0,0.0,100.0,,Pastick,3.0,8.0,N,,,,,,
63.21136405798052,-151.53033016620404,1999-07-08,1,0,0.0,100.0,,Pastick,4.0,4.0,N,,,,,,
63.21437165468766,-151.53558818669657,1999-07-08,1,0,0.0,100.0,,Pastick,1.0,1.0,N,,,,,,
63.21818917917259,-151.53931436478612,1999-07-08,1,0,0.0,100.0,,Pastick,2.0,5.0,N,,,,,,
63.21778281939608,-151.10135046875442,1999-07-12,1,0,0.0,100.0,,Pastick,1.0,1.0,N,,,,,,
63.22009425197541,-151.09897020141514,1999-07-12,1,0,0.0,100.0,,Pastick,2.0,5.0,N,,,,,,
63.22928954953356,-151.52070260590375,1999-07-08,1,1,41.0,70.0,,Pastick,3.0,20.0,N,,,,,,
63.22652062418565,-151.1381948067616,2002-08-30,1,0,0.0,150.0,,Pastick,1.0,3.0,N,,,,,,
63.25137471775209,-151.4198634322584,1999-08-09,1,0,0.0,100.0,,Pastick,1.0,1.0,N,,,,,,
63.26889209427486,-151.44626952169784,1999-08-09,1,1,96.0,96.0,,Pastick,2.0,28.0,N,,,,,,
63.261092375064365,-150.82234376604904,2002-08-15,1,0,0.0,150.0,,Pastick,1.0,2.0,N,,,,,,
63.27358553630057,-151.44284762870726,1999-08-09,1,0,0.0,100.0,,Pastick,3.0,3.0,N,,,,,,
63.271351157800616,-150.80687727468475,2002-08-15,1,0,46.0,46.0,,Pastick,1.0,0.0,Y,,,,,,
63.29776049948797,-151.57588463493585,1999-08-19,1,1,41.0,59.0,,Pastick,4.0,57.0,N,,,,,,
63.29203250748584,-150.79660693157837,1998-07-26,1,0,118.0,118.0,,Pastick,1.0,0.0,Y,,,,,,
63.30417138191809,-151.05896471491909,1998-08-19,1,0,0.0,150.0,,Pastick,3.0,2.0,N,,,,,,
63.30108998168497,-150.7687735380041,1998-07-26,1,0,0.0,100.0,,Pastick,1.0,5.0,N,,,,,,
63.30312563247383,-150.7841436639073,1998-07-26,1,0,0.0,100.0,,Pastick,1.0,1.0,N,,,,,,
63.30795854975456,-150.90601459427052,1998-08-12,1,0,0.0,100.0,,Pastick,1.0,10.0,N,,,,,,
63.30752301999768,-150.7742042730796,1998-07-26,1,0,0.0,115.0,,Pastick,3.0,6.0,N,,,,,,
63.300086981621824,-150.3046596289278,1998-07-10,1,1,130.0,130.0,,Pastick,1.0,2.0,N,,,,,,
63.31280735941048,-151.07479278575613,1998-08-19,1,0,0.0,150.0,,Pastick,1.0,10.0,N,,,,,,
63.31301208445156,-150.9391871936019,1998-08-12,1,0,0.0,150.0,,Pastick,5.0,3.0,N,,,,,,
63.33139489524618,-152.17144579740523,2001-09-05,1,0,0.0,150.0,,Pastick,1.0,2.0,N,,,,,,
63.30858155865338,-150.3169632319902,1998-07-10,1,1,26.0,50.0,,Pastick,1.0,21.0,N,,,,,,
63.331881617227374,-150.7410157403169,1998-08-05,1,0,0.0,150.0,,Pastick,2.0,8.0,N,,,,,,
63.34548994236816,-150.74986186451227,1998-08-05,1,0,0.0,150.0,,Pastick,4.0,48.0,N,,,,,,
63.36101845093752,-151.18298449736272,1999-07-22,1,1,48.0,48.0,,Pastick,3.0,19.0,N,,,,,,
63.36165436502871,-151.21057868323604,1999-07-22,1,0,0.0,100.0,,Pastick,4.0,2.0,N,,,,,,
63.35078843915943,-150.3533586702673,1998-07-09,1,0,91.0,91.0,,Pastick,1.0,2.0,Y,,,,,,
63.36581144245932,-151.1563030689093,1999-07-22,1,1,26.0,43.0,,Pastick,1.0,22.0,N,,,,,,
63.37509206764907,-152.0363618007169,1999-10-10,1,1,46.0,46.0,,Pastick,3.0,29.0,N,,,,,,
63.36698066239493,-151.14192816804612,1999-07-22,1,1,49.0,65.0,,Pastick,1.0,38.0,N,,,,,,
63.3612117846825,-150.6181755905963,1998-07-22,1,0,0.0,42.0,,Pastick,3.0,20.0,N,,,,,,
63.36760245085284,-150.61532572421606,1998-07-21,1,0,0.0,100.0,,Pastick,4.0,2.0,N,,,,,,
63.39173907453493,-150.56266761918306,1998-07-14,1,0,0.0,100.0,,Pastick,1.0,3.0,N,,,,,,
63.40908519002088,-151.33796818470188,1999-09-04,1,1,52.0,52.0,,Pastick,2.0,18.0,N,,,,,,
63.410833550038,-151.10075155867963,1998-08-21,1,1,65.0,71.0,,Pastick,4.0,21.0,N,,,,,,
63.42106612547811,-151.07043798386405,1998-08-21,1,0,0.0,100.0,,Pastick,4.0,2.0,N,,,,,,
63.436447912450525,-151.6199581631894,1999-08-08,1,1,33.0,33.0,,Pastick,1.0,24.0,N,,,,,,
63.43047570416102,-151.06717910506526,2002-09-01,1,0,0.0,150.0,,Pastick,1.0,16.0,N,,,,,,
63.429755956797855,-150.79415082612925,1998-08-24,1,0,0.0,100.0,,Pastick,5.0,9.0,N,,,,,,
63.431679015701896,-150.8335967530478,1998-08-24,1,0,0.0,100.0,,Pastick,4.0,9.0,N,,,,,,
63.4484827071725,-151.73831733140665,1999-08-23,1,0,0.0,100.0,,Pastick,1.0,9.0,N,,,,,,
63.44849332242079,-151.22216668226935,2002-09-01,1,1,54.0,62.0,,Pastick,1.0,36.0,N,,,,,,
63.44514333768663,-150.8410831093519,1998-08-24,1,0,0.0,100.0,,Pastick,1.0,3.0,N,,,,,,
63.45596832987673,-151.74031455879714,1999-08-23,1,0,0.0,100.0,,Pastick,4.0,5.0,N,,,,,,
63.46105356156516,-152.3916111327567,2000-08-29,1,0,0.0,150.0,,Pastick,1.0,150.0,N,,,,,,
63.459789099778135,-152.0042064169498,2000-08-26,1,1,43.0,43.0,,Pastick,3.0,36.0,N,,,,,,
63.45195092275832,-151.11565906718974,1998-08-20,1,1,89.0,89.0,,Pastick,4.0,25.0,N,,,,,,
63.43541705172792,-150.0854067165906,1998-07-08,1,0,0.0,100.0,,Pastick,2.0,0.0,N,,,,,,
63.462885826934375,-151.74713292160234,1999-08-23,1,0,0.0,60.0,,Pastick,3.0,4.0,N,,,,,,
63.46788013965208,-152.3480258185716,2000-08-29,1,0,0.0,150.0,,Pastick,5.0,3.0,N,,,,,,
63.4431904476859,-150.06148389035206,1998-07-08,1,0,0.0,100.0,,Pastick,5.0,1.0,N,,,,,,
63.4651196971986,-151.11760225030088,1998-08-20,1,0,0.0,152.0,,Pastick,5.0,26.0,N,,,,,,
63.4649993724997,-150.1775006654867,1997-09-06,1,0,0.0,150.0,,Pastick,3.0,0.0,N,,,,,,
63.46707454808924,-150.16934506437627,1998-09-09,1,0,0.0,150.0,,Pastick,1.0,2.0,N,,,,,,
63.47789893549859,-150.45236832706684,2002-08-20,1,0,0.0,150.0,,Pastick,2.0,5.0,N,,,,,,
63.50215414346262,-151.8791568191383,1999-09-01,1,0,0.0,100.0,,Pastick,1.0,1.0,N,,,,,,
63.49109607909727,-150.8729314495013,1998-09-09,1,0,0.0,150.0,,Pastick,1.0,8.0,N,,,,,,
63.50325399250026,-151.90414729599388,1999-09-01,1,0,0.0,150.0,,Pastick,3.0,20.0,N,,,,,,
63.48496431676585,-150.15797116493613,1997-09-06,1,0,0.0,150.0,,Pastick,1.0,0.0,N,,,,,,
63.51257199663096,-151.30278695355807,1999-08-25,1,1,44.0,54.0,,Pastick,1.0,23.0,N,,,,,,
63.53012739827867,-150.92268798383265,1998-08-25,1,0,53.0,53.0,,Pastick,1.0,1.0,Y,,,,,,
63.5293140192477,-150.71410385402106,1999-07-23,1,1,42.0,60.0,,Pastick,4.0,23.0,N,,,,,,
63.52347804463489,-150.35894955067954,1997-07-18,1,0,0.0,150.0,,Pastick,2.0,0.0,N,,,,,,
63.53246137303034,-150.72342851848177,1999-07-27,1,0,0.0,100.0,,Pastick,1.0,7.0,N,,,,,,
63.52841255385291,-150.37531288285265,1997-07-18,1,0,0.0,150.0,,Pastick,5.0,4.0,N,,,,,,
63.53181192858016,-150.36725344562356,1997-07-18,1,0,0.0,150.0,,Pastick,6.0,10.0,N,,,,,,
63.58358502636742,-151.8924158378539,1999-09-03,1,0,0.0,100.0,,Pastick,1.0,8.0,N,,,,,,
63.58333043186601,-151.8598872606481,1999-09-03,1,1,38.0,53.0,,Pastick,3.0,21.0,N,,,,,,
63.58440404748619,-151.86852829564384,1999-09-03,1,1,35.0,49.0,,Pastick,4.0,35.0,N,,,,,,
63.57996911297312,-151.38831189085113,1999-08-18,1,0,0.0,100.0,,Pastick,2.0,2.0,N,,,,,,
63.586802367504696,-151.8859838034804,1999-09-03,1,1,39.0,66.0,,Pastick,5.0,28.0,N,,,,,,
63.5857325531519,-151.36847882507558,1999-08-18,1,0,0.0,100.0,,Pastick,1.0,6.0,N,,,,,,
63.58542583639392,-151.3378253044447,1999-08-18,1,0,0.0,100.0,,Pastick,3.0,18.0,N,,,,,,
63.595620677942186,-150.64671667906444,1998-08-23,1,0,62.0,62.0,,Pastick,3.0,0.0,Y,,,,,,
63.61922980929528,-152.38807013711198,2000-08-10,1,0,0.0,100.0,,Pastick,1.0,11.0,N,,,,,,
63.62634476477462,-152.41122087880692,2000-08-10,1,1,58.0,58.0,,Pastick,1.0,33.0,N,,,,,,
63.62242994533984,-151.60097550988115,1999-08-04,1,0,0.0,100.0,,Pastick,2.0,15.0,N,,,,,,
63.61286357048577,-150.75690428319072,1998-08-11,1,0,83.0,83.0,,Pastick,6.0,5.0,Y,,,,,,
63.612486066816935,-150.68500800275592,2002-08-19,1,1,43.0,43.0,,Pastick,1.0,22.0,N,,,,,,
63.62641964519119,-151.6004967454331,1999-08-04,1,0,0.0,100.0,,Pastick,3.0,22.0,N,,,,,,
63.61755834476766,-150.7579869302442,1998-08-11,1,0,115.0,115.0,,Pastick,3.0,5.0,Y,,,,,,
63.63434169980236,-152.39404178109294,2000-08-10,1,1,43.0,89.0,,Pastick,1.0,89.0,N,,,,,,
63.635987468516525,-152.39059572925387,2000-08-10,1,0,0.0,150.0,,Pastick,1.0,150.0,N,,,,,,
63.63866418483997,-150.41453496013784,1998-08-09,1,1,49.0,58.0,,Pastick,1.0,28.0,N,,,,,,
63.64929159894277,-150.42326562599214,1998-08-09,1,0,0.0,100.0,,Pastick,2.0,1.0,N,,,,,,
63.67857563890768,-151.567256323903,1999-09-02,1,0,0.0,100.0,,Pastick,1.0,2.0,N,,,,,,
63.68447324728334,-151.53870971617627,1999-09-02,1,0,0.0,100.0,,Pastick,3.0,4.0,N,,,,,,
63.68643674380372,-151.53318893333173,1999-09-02,1,0,0.0,150.0,,Pastick,2.0,13.0,N,,,,,,
63.6924381494478,-152.10813015501338,2000-08-11,1,1,46.0,58.0,,Pastick,1.0,24.0,N,,,,,,
63.68780938593547,-151.52959905804175,1999-09-02,1,0,0.0,100.0,,Pastick,1.0,8.0,N,,,,,,
63.66965874825226,-150.20589075018572,1998-07-13,1,1,37.0,43.0,,Pastick,5.0,37.0,N,,,,,,
63.68070601544726,-150.562035477631,1998-09-02,1,0,53.0,53.0,,Pastick,2.0,6.0,Y,,,,,,
63.675595753257554,-150.1893277755688,1998-07-13,1,1,49.0,49.0,,Pastick,3.0,21.0,N,,,,,,
63.69936577800917,-151.91326348617662,1999-09-06,1,1,135.0,135.0,,Pastick,5.0,37.0,N,,,,,,
63.69837804900117,-150.8249318139097,2002-09-03,1,1,66.0,66.0,,Pastick,1.0,20.0,Y,,,,,,
63.698151322408286,-150.42426817381602,1998-07-25,1,0,0.0,100.0,,Pastick,2.0,2.0,N,,,,,,
63.695323336317045,-150.032997169631,2002-09-02,1,0,0.0,100.0,,Pastick,1.0,7.0,N,,,,,,
63.70719846342633,-150.01958294336873,1998-07-12,1,0,0.0,120.0,,Pastick,3.0,17.0,N,,,,,,
63.73675684093649,-151.7076366478101,1999-07-26,1,0,0.0,100.0,,Pastick,3.0,4.0,N,,,,,,
63.72864672529589,-150.95891539154772,1998-09-03,1,1,54.0,54.0,,Pastick,3.0,4.0,N,,,,,,
63.73906536069738,-151.7331185432738,1999-07-25,1,1,104.0,104.0,,Pastick,6.0,23.0,N,,,,,,
63.7623155623338,-151.96408635635757,2000-08-09,1,0,0.0,150.0,,Pastick,1.0,7.0,N,,,,,,
63.76513473553924,-151.94317904179465,2000-08-09,1,0,0.0,150.0,,Pastick,1.0,2.0,N,,,,,,
63.74132199998832,-150.0353488800731,2002-09-03,1,1,72.0,72.0,,Pastick,1.0,47.0,N,,,,,,
63.77247418163541,-150.34386991279828,2002-08-29,1,1,48.0,56.0,,Pastick,1.0,32.0,N,,,,,,
63.77297313738564,-150.36667353297327,2002-08-29,1,1,38.0,51.0,,Pastick,1.0,29.0,N,,,,,,
63.811725205466864,-151.88470701535715,2002-08-31,1,0,67.0,67.0,,Pastick,1.0,7.0,Y,,,,,,
63.81394083787308,-151.7497040097134,2000-08-13,1,1,40.0,63.0,,Pastick,3.0,32.0,N,,,,,,
63.80502400466173,-150.79371920823004,1998-09-05,1,1,49.0,49.0,,Pastick,4.0,18.0,N,,,,,,
63.805546245804905,-150.79264240109535,1998-09-05,1,1,51.0,60.0,,Pastick,5.0,23.0,N,,,,,,
63.8036139011499,-150.44822246811006,2002-09-03,1,0,0.0,150.0,,Pastick,1.0,4.0,N,,,,,,
63.81632890701754,-150.92902057679154,1998-09-08,1,0,0.0,100.0,,Pastick,1.0,6.0,N,,,,,,
63.830853768144905,-150.88186435173074,1998-09-08,1,1,40.0,40.0,,Pastick,1.0,24.0,N,,,,,,
63.83367539423767,-150.85707008070557,1998-09-08,1,1,52.0,66.0,,Pastick,1.0,38.0,N,,,,,,
63.82946137539935,-150.57995560786867,1998-07-26,1,0,28.0,28.0,,Pastick,6.0,1.0,Y,,,,,,
63.82923944755311,-150.2640947584725,1998-07-24,1,0,0.0,150.0,,Pastick,1.0,10.0,N,,,,,,
63.83327574590567,-150.23600225978984,1998-07-24,1,1,46.0,53.0,,Pastick,2.0,46.0,N,,,,,,
63.83492587009593,-150.21763646430193,1998-07-24,1,1,91.0,91.0,,Pastick,1.0,32.0,N,,,,,,
63.87388571473912,-151.96539484366525,2002-08-31,1,1,48.0,48.0,,Pastick,1.0,13.0,N,,,,,,
63.85146576795217,-150.1762950687933,2002-08-18,1,0,0.0,150.0,,Pastick,1.0,12.0,N,,,,,,
63.87061162374587,-150.30422105120567,1998-08-06,1,0,0.0,100.0,,Pastick,4.0,0.0,N,,,,,,
63.890781549872464,-151.7019456579364,2000-09-08,1,1,53.0,56.0,,Pastick,1.0,56.0,N,,,,,,
63.87483663085186,-150.37326819089392,2002-08-29,1,1,59.0,59.0,,Pastick,1.0,21.0,N,,,,,,
63.89610648559746,-151.41873746684996,2000-08-14,1,1,40.0,61.0,,Pastick,1.0,22.0,N,,,,,,
63.884238355974254,-150.44394070964094,2002-08-29,1,0,74.0,74.0,,Pastick,1.0,9.0,Y,,,,,,
63.900437706946605,-151.42658340635705,2000-08-14,1,1,93.0,93.0,,Pastick,2.0,37.0,N,,,,,,
63.88719606900205,-150.4042861857112,2002-08-29,1,0,56.0,56.0,,Pastick,1.0,8.0,Y,,,,,,
63.93180787138205,-151.9982408817426,2002-08-30,1,1,54.0,54.0,,Pastick,1.0,5.0,N,,,,,,
63.9226718522962,-150.49850034133195,1998-09-06,1,1,43.0,70.0,,Pastick,1.0,22.0,N,,,,,,
63.94118947314766,-151.50198484319478,2000-08-27,1,0,0.0,150.0,,Pastick,3.0,7.0,N,,,,,,
63.93331056117689,-150.7491284062725,2002-09-02,1,1,143.0,150.0,,Pastick,1.0,9.0,N,,,,,,
63.94606040086567,-151.52268536153628,2000-08-27,1,1,48.0,79.0,,Pastick,1.0,21.0,N,,,,,,
63.93516412227092,-150.50903986819813,1998-09-06,1,1,41.0,48.0,,Pastick,4.0,12.0,N,,,,,,
63.93760282196768,-150.50778226563148,1998-09-06,1,1,148.0,148.0,,Pastick,6.0,9.0,N,,,,,,
63.94351207059291,-150.5214456304126,1998-09-06,1,1,38.0,70.0,,Pastick,1.0,20.0,N,,,,,,
63.9990600461566,-151.24503087280124,2002-09-02,1,0,0.0,150.0,,Pastick,1.0,4.0,N,,,,,,
63.98236168917749,-150.14513997390202,1998-08-07,1,0,95.0,95.0,,Pastick,2.0,3.0,Y,,,,,,
63.94889725957277,-150.0637106195137,1997-08-20,1,1,61.0,65.0,,Pastick,7.0,38.0,N,,,,,,
63.98213596904012,-151.359068967731,2000-08-15,1,1,54.0,62.0,,Pastick,3.0,26.0,N,,,,,,
63.9898707833053,-151.76572541328156,2000-08-12,1,1,78.0,78.0,,Pastick,3.0,8.0,N,,,,,,
63.98648463593855,-151.37459371294815,2000-08-15,1,1,86.0,86.0,,Pastick,2.0,31.0,N,,,,,,
63.98852167546902,-151.38177299845484,2000-08-15,1,1,49.0,68.0,,Pastick,1.0,20.0,N,,,,,,
63.98961723979487,-151.38988651996436,2000-08-15,1,0,0.0,150.0,,Pastick,3.0,9.0,N,,,,,,
63.99415564588693,-150.37196751649373,1998-08-08,1,0,0.0,82.0,,Pastick,1.0,25.0,N,,,,,,
63.9984423264497,-150.4106164637801,1998-08-08,1,1,38.0,38.0,,Pastick,4.0,10.0,N,,,,,,
63.99931934593277,-150.4169996943189,1998-08-08,1,1,58.0,58.0,,Pastick,1.0,22.0,N,,,,,,
64.0184817327027,-151.73520265311694,2001-09-02,1,0,0.0,100.0,,Pastick,4.0,41.0,N,,,,,,
64.0718626231527,-151.65760609806102,2002-09-02,1,1,62.0,62.0,,Pastick,1.0,42.0,N,,,,,,
63.74109378330464,-148.9190272085065,1997-09-08,1,0,0.0,120.0,,Pastick,3.0,2.0,N,,,,,,
63.76926916355555,-149.96644062086818,1998-07-11,1,1,37.0,51.0,,Pastick,1.0,37.0,N,,,,,,
63.93039624093847,-149.32998122328172,1998-07-24,1,0,0.0,100.0,,Pastick,1.0,6.0,N,,,,,,
63.90840415119138,-149.29363885040598,1998-07-24,1,1,48.0,53.0,,Pastick,1.0,37.0,N,,,,,,
63.51634205066965,-148.8755903356304,2000-06-19,1,0,0.0,86.0,,Pastick,1.0,2.0,Y,,,,,,
63.5146202179681,-148.86926538310777,2000-06-19,1,0,0.0,150.0,,Pastick,2.0,2.0,N,,,,,,
63.51212660060222,-148.86220744727504,2000-06-19,1,0,0.0,100.0,,Pastick,1.0,14.0,N,,,,,,
63.5107300736458,-148.856367702197,2000-06-19,1,0,0.0,100.0,,Pastick,2.0,10.0,N,,,,,,
63.412059378130586,-149.03497932605097,2000-06-21,1,0,0.0,150.0,,Pastick,1.0,2.0,N,,,,,,
63.45159456724454,-149.00733524262426,2000-06-21,1,1,20.0,20.0,,Pastick,1.0,20.0,N,,,,,,
63.44950712171542,-149.0025354201218,2000-06-21,1,0,0.0,150.0,,Pastick,2.0,8.0,N,,,,,,
63.47676575559301,-149.11904837599113,2000-06-22,1,0,0.0,49.0,,Pastick,2.0,0.0,Y,,,,,,
63.47427636932944,-149.10643655153203,2000-06-22,1,1,66.0,66.0,,Pastick,3.0,18.0,N,,,,,,
63.32907438709804,-149.87324370019056,2000-06-25,1,0,0.0,84.0,,Pastick,1.0,3.0,Y,,,,,,
63.32836285391315,-149.86709821043732,2000-06-25,1,0,0.0,58.0,,Pastick,2.0,4.0,Y,,,,,,
63.317737067491215,-149.87203304205244,2000-06-25,1,0,0.0,100.0,,Pastick,3.0,2.0,N,,,,,,
63.26708170813486,-149.41455831217633,2000-07-10,1,0,0.0,100.0,,Pastick,3.0,3.0,N,,,,,,
63.28840406954857,-149.44690584987765,2000-07-10,1,0,0.0,100.0,,Pastick,3.0,2.0,N,,,,,,
63.460379526352455,-148.8393593025458,2000-07-11,1,0,0.0,100.0,,Pastick,1.0,11.0,N,,,,,,
63.28616894973706,-149.5791588312838,2000-07-13,1,0,0.0,100.0,,Pastick,3.0,13.0,N,,,,,,
63.28586936115418,-149.57189037136428,2000-07-13,1,0,0.0,100.0,,Pastick,4.0,6.0,N,,,,,,
63.248081498353166,-149.70968902484395,2000-07-14,1,0,0.0,29.0,,Pastick,3.0,4.0,Y,,,,,,
63.364793233514895,-149.74745008061032,2000-07-17,1,0,0.0,150.0,,Pastick,1.0,2.0,N,,,,,,
63.27017707308448,-149.81142510955132,2000-07-17,1,0,0.0,150.0,,Pastick,1.0,1.0,N,,,,,,
63.32756072236182,-149.44871340207155,2002-07-22,1,0,0.0,150.0,,Pastick,3.0,7.0,N,,,,,,
63.616122739344334,-149.15791311870169,2002-08-01,1,0,0.0,58.0,,Pastick,1.0,10.0,Y,,,,,,
63.61606251692352,-149.1690665461453,2002-08-01,1,0,0.0,41.0,,Pastick,2.0,15.0,Y,,,,,,
63.62215775919381,-149.17389065881434,2002-08-01,1,0,0.0,114.0,,Pastick,3.0,0.0,Y,,,,,,
63.79635068541616,-149.2583715514855,2002-08-02,1,1,106.0,106.0,,Pastick,4.0,20.0,N,,,,,,
63.58009121544891,-149.5204806349263,2002-08-04,1,0,0.0,150.0,,Pastick,1.0,7.0,N,,,,,,
63.58639026778056,-149.53095651461632,2002-08-04,1,0,0.0,150.0,,Pastick,2.0,22.0,N,,,,,,
63.93648687588822,-149.23691450243828,2002-08-06,1,1,40.0,40.0,,Pastick,4.0,14.0,N,,,,,,
63.93208315303709,-149.21440377916082,2002-08-06,1,1,37.0,37.0,,Pastick,1.0,37.0,N,,,,,,
63.70711251246709,-149.25609333591314,2002-08-07,1,0,0.0,150.0,,Pastick,1.0,3.0,N,,,,,,
63.5362358296117,-149.10090686661087,2002-08-14,1,0,0.0,150.0,,Pastick,1.0,5.0,N,,,,,,
63.588962208022274,-148.95621834091543,2002-08-16,1,0,0.0,54.0,,Pastick,1.0,6.0,Y,,,,,,
63.66574601112233,-148.8644162336033,2002-08-16,1,0,0.0,78.0,,Pastick,1.0,8.0,Y,,,,,,
63.87627133276006,-149.80647075236126,2002-08-17,1,0,0.0,150.0,,Pastick,2.0,0.0,N,,,,,,
63.456086161355394,-148.84927519969645,2002-08-21,1,1,56.0,56.0,,Pastick,1.0,22.0,N,,,,,,
63.501436580071584,-149.2612506962662,2002-09-04,1,0,0.0,150.0,,Pastick,1.0,4.0,N,,,,,,
63.74768775945192,-149.500922164728,2002-09-04,1,0,0.0,150.0,,Pastick,1.0,0.0,N,,,,,,
63.52228252500472,-149.28238926706172,1997-07-14,1,0,0.0,150.0,,Pastick,2.0,2.0,N,,,,,,
63.506013653425285,-149.37132266626196,1997-07-15,1,1,110.0,110.0,,Pastick,3.0,5.0,N,,,,,,
63.50551594217197,-149.36177368183712,1997-07-15,1,0,0.0,150.0,,Pastick,4.0,2.0,N,,,,,,
63.51221907343336,-149.76682769552198,1997-07-17,1,1,112.0,125.0,,Pastick,5.0,8.0,N,,,,,,
63.51516742609603,-149.77087412368093,1997-07-17,1,0,0.0,110.0,,Pastick,6.0,6.0,N,,,,,,
63.612498881560086,-149.90244740872407,1997-07-25,1,1,97.0,97.0,,Pastick,4.0,15.0,N,,,,,,
63.691606912177306,-149.39122504890832,1997-07-26,1,1,41.0,41.0,,Pastick,1.0,9.0,N,,,,,,
63.69154440703032,-149.40843800246418,1997-07-26,1,0,0.0,150.0,,Pastick,1.0,10.0,N,,,,,,
63.684100016217634,-149.43302980284864,1997-07-26,1,1,82.0,82.0,,Pastick,2.0,16.0,N,,,,,,
63.629320825760445,-149.46599260995276,1997-07-27,1,1,58.0,58.0,,Pastick,4.0,13.0,N,,,,,,
63.63013108206557,-149.4606318539397,1997-07-27,1,1,72.0,72.0,,Pastick,5.0,23.0,N,,,,,,
63.63554713979723,-149.44159387051494,1997-07-27,1,0,0.0,100.0,,Pastick,3.0,54.0,N,,,,,,
63.63627746673523,-149.43824384542933,1997-07-27,1,1,48.0,90.0,,Pastick,4.0,38.0,N,,,,,,
63.63701792761224,-149.42685716032983,1997-07-27,1,0,0.0,100.0,,Pastick,3.0,0.0,N,,,,,,
63.56809275723325,-149.34749738882107,1997-07-28,1,0,0.0,100.0,,Pastick,1.0,7.0,N,,,,,,
63.78378261603733,-149.6868877624009,1997-08-08,1,0,0.0,100.0,,Pastick,1.0,0.0,N,,,,,,
63.78399557055492,-149.68461391568397,1997-08-08,1,1,91.0,91.0,,Pastick,2.0,8.0,N,,,,,,
63.78249749397152,-149.70280318143307,1997-08-08,1,0,0.0,100.0,,Pastick,2.0,5.0,N,,,,,,
63.78336124336378,-149.7370132117922,1997-08-09,1,1,27.0,51.0,,Pastick,3.0,27.0,N,,,,,,
63.73267833432192,-148.91051530580935,1997-08-10,1,1,86.0,116.0,,Pastick,1.0,12.0,N,,,,,,
63.973838856355165,-149.2748631686988,1997-08-10,1,0,0.0,150.0,,Pastick,4.0,11.0,N,,,,,,
63.97030080069913,-149.2993815503238,1997-08-10,1,1,71.0,71.0,,Pastick,7.0,17.0,N,,,,,,
63.98543495149549,-149.90036072700232,1997-08-21,1,0,0.0,150.0,,Pastick,1.0,0.0,N,,,,,,
63.98561758240021,-149.92970577660992,1997-08-21,1,1,55.0,68.0,,Pastick,2.0,46.0,N,,,,,,
63.983912241245655,-149.95400539033167,1997-08-21,1,1,68.0,68.0,,Pastick,1.0,51.0,N,,,,,,
63.972383502788574,-149.88514955956387,1997-08-22,1,1,61.0,61.0,,Pastick,3.0,54.0,N,,,,,,
63.70664920260069,-148.95824675877557,1997-08-25,1,0,0.0,150.0,,Pastick,2.0,10.0,N,,,,,,
63.70025126167896,-148.97445861203835,1997-08-25,1,1,60.0,60.0,,Pastick,3.0,47.0,N,,,,,,
63.68000048682552,-148.80036521040094,1997-08-26,1,0,0.0,100.0,,Pastick,8.0,0.0,N,,,,,,
63.9519984305875,-149.4919585353433,1997-08-12,1,0,0.0,150.0,,Pastick,1.0,7.0,N,,,,,,
63.643786072647295,-149.56808658594147,1997-09-03,1,0,0.0,100.0,,Pastick,1.0,0.0,N,,,,,,
63.64384157901145,-149.5690006271232,1997-09-03,1,0,0.0,100.0,,Pastick,2.0,4.0,N,,,,,,
63.72694268445189,-149.33132928387934,1997-09-03,1,0,0.0,100.0,,Pastick,1.0,9.0,N,,,,,,
63.7491969559958,-148.94274602442005,1997-09-08,1,0,0.0,125.0,,Pastick,5.0,21.0,N,,,,,,
63.48084106152301,-149.55318862618006,1999-08-21,1,0,0.0,100.0,,Pastick,1.0,6.0,N,,,,,,
63.96325521282744,-145.52265250068112,2000-06-27,1,0,0.0,92.0,,Pastick,6.0,9.0,N,,,,,,
63.95997247697912,-145.5621946234952,2000-06-28,1,0,0.0,92.0,,Pastick,13.0,8.0,N,,,,,,
63.847191576564654,-145.69079248874033,2000-07-07,1,0,0.0,47.0,,Pastick,1.0,8.0,N,,,,,,
63.850334983412274,-145.67817833500646,2000-07-26,1,1,52.0,79.0,,Pastick,8.0,20.0,N,,,,,,
63.78885906377028,-145.8924450928038,2000-08-16,1,0,0.0,40.0,,Pastick,6.0,8.0,N,,,,,,
63.80753855465099,-145.87757788268848,2000-08-17,1,1,85.0,85.0,,Pastick,11.0,20.0,N,,,,,,
63.782644284932736,-145.9084335110136,2000-08-19,1,1,36.0,53.0,,Pastick,8.0,36.0,N,,,,,,
63.77594922786628,-145.87345737254097,2000-08-21,1,1,48.0,80.0,,Pastick,9.0,48.0,N,,,,,,
64.61697612825532,-146.70317578322852,2000-06-13,1,0,0.0,130.0,,Pastick,4.0,10.0,N,,,,,,
64.62650722825991,-146.70840500005707,2000-06-13,1,0,0.0,60.0,,Pastick,8.0,4.0,N,,,,,,
64.02416460636988,-145.70913401512442,2000-06-20,1,0,0.0,85.0,,Pastick,3.0,12.0,N,,,,,,
63.84680588577009,-145.81246326180602,2000-06-27,1,0,0.0,95.0,,Pastick,2.0,11.0,N,,,,,,
63.843174966967965,-145.78380354389247,2000-06-28,1,0,0.0,65.0,,Pastick,13.0,6.0,N,,,,,,
63.87431119619205,-145.7774704313889,2000-06-29,1,0,0.0,75.0,,Pastick,2.0,6.0,N,,,,,,
63.86313546205516,-145.77307229800078,2000-06-29,1,0,0.0,80.0,,Pastick,11.0,8.0,N,,,,,,
63.87139272605873,-145.85746613057768,2000-07-11,1,1,78.0,90.0,,Pastick,2.0,2.0,N,,,,,,
63.8355177949567,-145.7646189074713,2000-07-13,1,0,0.0,100.0,,Pastick,14.0,6.0,N,,,,,,
63.784429379071135,-145.8459900039099,2000-07-18,1,1,35.0,40.0,,Pastick,4.0,11.0,N,,,,,,
63.78142571122518,-145.80663020095542,2000-07-20,1,0,0.0,80.0,,Pastick,11.0,7.0,N,,,,,,
63.78116139760791,-145.7942650864468,2000-07-20,1,0,0.0,90.0,,Pastick,8.0,4.0,Y,,,,,,
63.83167989369918,-145.7135868703765,2000-08-01,1,0,0.0,100.0,,Pastick,6.0,0.0,N,,,,,,
63.8314791199799,-145.90969309613217,2000-08-01,1,0,0.0,55.0,,Pastick,10.0,30.0,N,,,,,,
64.60434890620226,-146.6343724853425,2000-08-07,1,0,0.0,180.0,,Pastick,5.0,16.0,N,,,,,,
63.82521786167778,-145.93543702171132,2000-08-15,1,0,0.0,122.0,,Pastick,16.0,7.0,N,,,,,,
63.85696931306538,-145.91934555800748,2000-08-16,1,1,70.0,80.0,,Pastick,24.0,0.0,N,,,,,,
63.79072310368616,-145.80323350727673,2000-08-17,1,1,48.0,60.0,,Pastick,8.0,9.0,N,,,,,,
63.81554196982659,-145.92083141063242,2000-08-21,1,0,0.0,85.0,,Pastick,2.0,25.0,N,,,,,,
63.75378967617057,-145.85982742497606,2000-08-24,1,0,0.0,60.0,,Pastick,3.0,0.0,N,,,,,,
63.73815410775344,-145.87923635293978,2000-08-29,1,0,0.0,145.0,,Pastick,3.0,13.0,N,,,,,,
63.73605850366015,-145.89378230756543,2000-08-29,1,1,56.0,80.0,,Pastick,8.0,12.0,N,,,,,,
64.0066510220389,-145.7250979361691,2000-06-22,1,0,0.0,75.0,,Pastick,3.0,8.0,N,,,,,,
63.9875977660559,-145.71711577169185,2000-06-22,1,0,0.0,125.0,,Pastick,4.0,4.0,N,,,,,,
64.0089119192845,-145.62276242406296,2000-06-29,1,0,0.0,50.0,,Pastick,2.0,5.0,N,,,,,,
63.96045753819215,-145.6792759833251,2000-07-05,1,0,0.0,100.0,,Pastick,3.0,5.0,N,,,,,,
63.93852897515728,-145.67814573581535,2000-07-06,1,0,0.0,100.0,,Pastick,7.0,0.0,N,,,,,,
63.97110375415991,-145.78201098271526,2000-07-14,1,0,0.0,90.0,,Pastick,11.0,0.0,N,,,,,,
63.93756222509304,-145.83543124093828,2000-07-17,1,0,0.0,90.0,,Pastick,6.0,0.0,N,,,,,,
63.9350361235222,-145.62777727437083,2000-07-19,1,0,0.0,80.0,,Pastick,7.0,16.0,N,,,,,,
63.89978663570329,-145.73192481971398,2000-07-20,1,0,0.0,100.0,,Pastick,18.0,0.0,N,,,,,,
63.92652746657719,-145.71899008461506,2000-07-20,1,0,0.0,95.0,,Pastick,11.0,0.0,N,,,,,,
63.885999235164654,-145.65813257305885,2000-07-28,1,0,0.0,100.0,,Pastick,13.0,10.0,N,,,,,,
63.88079050845051,-145.7151893151659,2000-07-31,1,1,90.0,100.0,,Pastick,7.0,30.0,N,,,,,,
63.87955064629544,-145.69498737546814,2000-08-02,1,1,60.0,86.0,,Pastick,7.0,7.0,N,,,,,,
63.89133805884223,-145.6764747265223,2000-08-07,1,1,40.0,60.0,,Pastick,1.0,26.0,N,,,,,,
63.88832337532804,-145.6924009426089,2000-08-07,1,0,0.0,187.0,,Pastick,6.0,8.0,N,,,,,,
63.9049420943413,-145.67222680524063,2000-08-09,1,0,0.0,100.0,,Pastick,7.0,9.0,N,,,,,,
63.85312940871329,-145.8141493104746,2000-09-05,1,0,0.0,80.0,,Pastick,2.0,6.0,N,,,,,,
63.807004178939,-145.92895584222896,2000-09-06,1,1,50.0,65.0,,Pastick,1.0,14.0,N,,,,,,
63.80211227764104,-145.93618679078102,2000-09-06,1,1,50.0,67.0,,Pastick,2.0,12.0,N,,,,,,
63.79565756580242,-145.93232965367375,2000-09-06,1,1,40.0,60.0,,Pastick,3.0,10.0,N,,,,,,
63.78992851947296,-145.934372787361,2000-09-06,1,1,40.0,50.0,,Pastick,4.0,12.0,N,,,,,,
63.85922565990766,-145.82760514654657,2000-09-07,1,0,0.0,90.0,,Pastick,8.0,3.0,N,,,,,,
63.82286530044125,-145.82304183113328,2000-09-08,1,1,80.0,100.0,,Pastick,2.0,5.0,N,,,,,,
63.9178218934043,-145.66050613929838,2000-08-29,1,1,85.0,85.0,,Pastick,7.0,50.0,N,,,,,,
63.950499673592624,-145.53495998154852,2000-06-22,1,0,0.0,110.0,,Pastick,2.0,2.0,N,,,,,,
63.91391348663237,-145.59101426672498,2000-07-05,1,0,0.0,85.0,,Pastick,1.0,5.0,N,,,,,,
63.79004739999322,-145.7162145010489,2000-07-11,1,0,0.0,115.0,,Pastick,10.0,10.0,N,,,,,,
63.79561373605872,-145.73161246951892,2000-07-12,1,0,0.0,62.0,,Pastick,6.0,7.0,N,,,,,,
63.930771162061895,-145.46222861704828,2000-07-18,1,1,90.0,94.0,,Pastick,12.0,16.0,N,,,,,,
63.929256770971136,-145.53792523653013,2000-07-19,1,0,0.0,70.0,,Pastick,16.0,5.0,N,,,,,,
63.81134456628612,-145.62622096557422,2000-08-03,1,0,0.0,92.0,,Pastick,1.0,8.0,N,,,,,,
63.8798403286472,-145.85203302044278,2000-08-10,1,1,60.0,100.0,,Pastick,1.0,30.0,N,,,,,,
64.89231853431126,-147.0701356921855,1997-06-02,1,0,0.0,180.0,,Pastick,4.0,12.0,N,,,,,,
64.90415963983698,-147.0765056675405,1997-06-02,1,0,0.0,64.0,,Pastick,5.0,4.0,Y,,,,,,
64.89913641328356,-147.07332242597468,1997-06-03,1,0,0.0,47.0,,Pastick,1.0,5.0,Y,,,,,,
64.87863595304128,-147.21132724319165,1997-09-23,1,1,73.0,85.0,,Pastick,1.0,15.0,N,,,,,,
64.64096432227376,-147.1019838644201,1997-06-25,1,0,0.0,130.0,,Pastick,17.0,6.0,N,,,,,,
64.6489586005557,-147.10322789351764,1997-06-26,1,0,0.0,180.0,,Pastick,5.0,7.0,N,,,,,,
64.78000756711643,-147.89610908152963,1997-07-01,1,1,54.0,70.0,,Pastick,4.0,6.0,N,,,,,,
64.77853734165497,-147.81815253839034,1997-07-02,1,1,34.0,55.0,,Pastick,7.0,34.0,N,,,,,,
64.37425990139515,-147.3429088439948,1997-07-08,1,0,0.0,190.0,,Pastick,2.0,5.0,N,,,,,,
64.3831471236886,-147.32971141027068,1997-07-08,1,0,0.0,110.0,,Pastick,11.0,4.0,N,,,,,,
64.39650681872588,-147.3100447978793,1997-07-09,1,0,0.0,70.0,,Pastick,7.0,30.0,N,,,,,,
64.3531545987021,-147.4026336460389,1997-07-15,1,0,0.0,50.0,,Pastick,4.0,24.0,N,,,,,,
64.6549006356075,-147.04657621892392,1997-07-16,1,0,0.0,130.0,,Pastick,8.0,18.0,N,,,,,,
64.64779848334445,-147.02829154432345,1997-07-17,1,0,0.0,65.0,,Pastick,16.0,7.0,N,,,,,,
64.36650854091071,-147.23203993203674,1997-07-24,1,0,0.0,190.0,,Pastick,11.0,0.0,N,,,,,,
64.44675905141355,-147.43710575664844,1997-07-25,1,1,70.0,80.0,,Pastick,10.0,8.0,N,,,,,,
64.44825791282685,-147.42476634184902,1997-07-25,1,0,0.0,180.0,,Pastick,16.0,4.0,N,,,,,,
64.41308623801109,-147.43229493739997,1997-07-26,1,0,0.0,190.0,,Pastick,7.0,16.0,N,,,,,,
64.73472436554798,-148.02123834633267,1997-07-30,1,1,50.0,75.0,,Pastick,10.0,22.0,N,,,,,,
64.7395365709679,-147.99585844002954,1997-07-31,1,0,0.0,175.0,,Pastick,4.0,8.0,N,,,,,,
64.69585188689945,-147.9121788876752,1997-08-05,1,0,0.0,125.0,,Pastick,3.0,8.0,N,,,,,,
64.78596870549639,-147.92639319663087,1997-08-05,1,0,0.0,180.0,,Pastick,16.0,12.0,N,,,,,,
64.73406747686867,-147.81750136676197,1997-08-12,1,1,37.0,65.0,,Pastick,14.0,65.0,N,,,,,,
64.73970919493605,-147.77110805083473,1997-08-13,1,1,47.0,70.0,,Pastick,4.0,12.0,N,,,,,,
64.77799374310091,-147.95846897601402,1997-08-14,1,1,60.0,75.0,,Pastick,11.0,14.0,N,,,,,,
64.65784976547297,-146.97955731215035,1997-08-19,1,0,0.0,190.0,,Pastick,13.0,14.0,N,,,,,,
64.65708157263578,-146.9548721600711,1997-08-21,1,1,48.0,60.0,,Pastick,15.0,20.0,N,,,,,,
64.64358108727613,-146.97178302894525,1997-08-28,1,0,0.0,180.0,,Pastick,4.0,14.0,N,,,,,,
64.7709805076073,-147.80190092095367,1997-09-16,1,1,64.0,80.0,,Pastick,5.0,74.0,N,,,,,,
64.76534874782489,-147.8061907404126,1997-09-16,1,1,82.0,90.0,,Pastick,12.0,7.0,N,,,,,,
64.70506345970942,-147.12097651026966,1997-09-30,1,0,0.0,190.0,,Pastick,12.0,2.0,N,,,,,,
64.745020496805,-147.06387205914345,1997-10-01,1,0,0.0,180.0,,Pastick,1.0,3.0,N,,,,,,
64.6890842951783,-147.02730742502516,1997-10-02,1,0,0.0,150.0,,Pastick,1.0,55.0,N,,,,,,
64.86248140395912,-147.6181360466359,1997-06-03,1,0,0.0,190.0,,Pastick,6.0,8.0,N,,,,,,
64.79095690273664,-147.83426896025222,1997-07-02,1,0,0.0,185.0,,Pastick,1.0,5.0,N,,,,,,
64.74303928441097,-147.95865919404426,1997-07-03,1,0,0.0,150.0,,Pastick,3.0,12.0,N,,,,,,
64.35951108670629,-147.34887648727133,1997-07-08,1,1,18.0,48.0,,Pastick,2.0,18.0,N,,,,,,
64.84747977468747,-147.60901976390713,1997-07-17,1,0,0.0,145.0,,Pastick,2.0,3.0,N,,,,,,
64.79398616733599,-147.6055190301713,1997-07-17,1,0,0.0,75.0,,Pastick,1.0,4.0,N,,,,,,
64.3633925145988,-147.297843898968,1997-07-24,1,0,0.0,125.0,,Pastick,2.0,14.0,N,,,,,,
64.36308668743693,-147.25539731735856,1997-07-24,1,1,38.0,40.0,,Pastick,1.0,38.0,N,,,,,,
64.40469607962048,-147.48942126428875,1997-07-26,1,0,0.0,80.0,,Pastick,2.0,16.0,N,,,,,,
64.85424732677795,-147.64066293475096,1997-08-04,1,0,0.0,39.0,,Pastick,3.0,26.0,N,,,,,,
64.78228440772183,-147.73664606942913,1997-08-05,1,1,52.0,99.0,,Pastick,1.0,26.0,N,,,,,,
64.76557341363792,-147.8511240884261,1997-09-16,1,0,0.0,145.0,,Pastick,7.0,2.0,N,,,,,,
64.76247830375696,-147.86031790352845,1997-09-16,1,0,0.0,150.0,,Pastick,12.0,18.0,N,,,,,,
64.38750146065098,-147.4202201890124,1997-07-08,1,1,50.0,50.0,,Pastick,4.0,25.0,N,,,,,,
64.39535147976889,-147.49298787562884,1997-07-26,1,0,0.0,80.0,,Pastick,4.0,8.0,N,,,,,,
64.86568666992132,-147.64104074271776,1997-08-21,1,0,0.0,59.0,,Pastick,1.0,29.0,Y,,,,,,
64.72956014137748,-147.06316378788287,1997-06-11,1,0,0.0,20.0,,Pastick,4.0,15.0,N,,,,,,
64.74139040264295,-147.0151364110853,1997-06-18,1,1,130.0,130.0,,Pastick,3.0,28.0,N,,,,,,
64.66966553115917,-147.03143551116597,1997-06-26,1,0,0.0,190.0,,Pastick,1.0,8.0,N,,,,,,
64.3759166321863,-147.37016069267432,1997-07-08,1,0,0.0,100.0,,Pastick,7.0,5.0,N,,,,,,
64.38110296494325,-147.37738157981022,1997-07-08,1,0,0.0,124.0,,Pastick,10.0,7.0,Y,,,,,,
64.37418796388249,-147.45226141920702,1997-07-09,1,0,0.0,57.0,,Pastick,3.0,55.0,N,,,,,,
64.34666544177722,-147.34691275405513,1997-07-15,1,0,0.0,80.0,,Pastick,9.0,10.0,Y,,,,,,
64.39635814937581,-147.2995283269581,1997-07-24,1,0,0.0,150.0,,Pastick,7.0,12.0,N,,,,,,
64.42887897718138,-147.41069993217098,1997-07-25,1,0,0.0,140.0,,Pastick,5.0,8.0,N,,,,,,
64.42104904329004,-147.48039229351338,1997-07-26,1,0,0.0,126.0,,Pastick,5.0,8.0,N,,,,,,
64.74436156974633,-147.92568278231775,1997-07-29,1,0,0.0,125.0,,Pastick,6.0,15.0,N,,,,,,
64.74517622047864,-147.90858937716598,1997-07-29,1,0,0.0,75.0,,Pastick,4.0,15.0,N,,,,,,
64.74441138223429,-148.0297338396285,1997-07-31,1,0,0.0,125.0,,Pastick,8.0,8.0,N,,,,,,
64.77811958859124,-147.76000505285003,1997-08-05,1,1,59.0,62.0,,Pastick,9.0,59.0,N,,,,,,
64.74723627248034,-147.85023208024958,1997-08-07,1,0,0.0,75.0,,Pastick,1.0,10.0,N,,,,,,
64.74272778794469,-147.85555187972324,1997-08-07,1,1,40.0,40.0,,Pastick,9.0,40.0,N,,,,,,
64.91260102127656,-147.75903162475848,1999-06-10,1,0,0.0,52.0,,Pastick,9.0,9.0,N,,,,,,
64.91679343949073,-147.7778179679093,1999-06-11,1,0,0.0,52.0,,Pastick,9.0,12.0,Y,,,,,,
64.67176446592305,-146.81092671829418,1999-06-21,1,0,0.0,85.0,,Pastick,12.0,4.0,Y,,,,,,
64.68784944062212,-146.83783420770686,1999-07-19,1,0,0.0,80.0,,Pastick,4.0,6.0,Y,,,,,,
64.68333063641445,-146.81069942993145,1999-07-20,1,0,0.0,70.0,,Pastick,4.0,2.0,Y,,,,,,
64.75792728772836,-146.8527557803414,1999-08-02,1,0,0.0,50.0,,Pastick,2.0,8.0,Y,,,,,,
64.61290869613579,-146.26723718405572,1999-08-10,1,0,0.0,40.0,,Pastick,1.0,17.0,N,,,,,,
64.60344225910696,-146.244253635367,1999-08-10,1,0,0.0,60.0,,Pastick,14.0,5.0,Y,,,,,,
64.69590542326796,-146.23341623062296,1999-08-11,1,0,0.0,90.0,,Pastick,9.0,11.0,Y,,,,,,
64.6899739009684,-146.21798630131624,1999-08-11,1,0,0.0,65.0,,Pastick,13.0,10.0,N,,,,,,
64.62526747193208,-146.48959825686438,1999-08-16,1,0,0.0,105.0,,Pastick,1.0,17.0,Y,,,,,,
64.61696092625066,-146.482687288623,1999-08-16,1,0,0.0,70.0,,Pastick,5.0,9.0,Y,,,,,,
64.58968992149899,-146.4649083526619,1999-08-17,1,1,76.0,95.0,,Pastick,12.0,5.0,N,,,,,,
64.58125955117063,-146.6603226343938,1999-08-18,1,0,0.0,80.0,,Pastick,2.0,7.0,Y,,,,,,
64.5769055413632,-146.66340396582584,1999-08-18,1,0,0.0,60.0,,Pastick,6.0,5.0,Y,,,,,,
64.57728003681359,-146.674338772845,1999-08-18,1,0,0.0,60.0,,Pastick,10.0,16.0,Y,,,,,,
64.60259040991187,-146.80461585090373,1999-08-19,1,1,70.0,75.0,,Pastick,1.0,6.0,N,,,,,,
64.72185634338246,-146.7080716774519,1999-08-24,1,0,0.0,75.0,,Pastick,13.0,9.0,Y,,,,,,
64.79148113580672,-146.64705432897918,1999-08-25,1,0,0.0,105.0,,Pastick,5.0,18.0,N,,,,,,
64.69161738263568,-146.7372235451265,1999-08-31,1,0,0.0,100.0,,Pastick,6.0,6.0,N,,,,,,
64.66296826626578,-146.802192114611,1999-09-17,1,0,0.0,70.0,,Pastick,4.0,20.0,Y,,,,,,
64.64209797908964,-146.5462659371041,1999-09-21,1,0,0.0,75.0,,Pastick,2.0,14.0,Y,,,,,,
64.64610921791376,-146.53761775432977,1999-09-21,1,0,0.0,65.0,,Pastick,5.0,15.0,Y,,,,,,
64.66029471198969,-146.93310981456213,1999-06-14,1,0,0.0,50.0,,Pastick,1.0,13.0,Y,,,,,,
64.66717334092996,-146.88351451978312,1999-06-21,1,0,0.0,40.0,,Pastick,1.0,5.0,Y,,,,,,
64.66211969467152,-146.85151622427037,1999-06-22,1,0,0.0,99.0,,Pastick,8.0,4.0,Y,,,,,,
64.57169278776561,-146.7391518306334,1999-07-01,1,1,21.0,40.0,,Pastick,4.0,21.0,N,,,,,,
64.60215522016289,-146.67073983741298,1999-07-08,1,1,33.0,62.0,,Pastick,3.0,11.0,N,,,,,,
64.60407458129517,-146.99729752226884,1999-07-26,1,1,21.0,21.0,,Pastick,8.0,15.0,N,,,,,,
64.68166185788095,-146.20741147100952,1999-08-10,1,0,0.0,72.0,,Pastick,1.0,9.0,Y,,,,,,
64.67975859086869,-146.20558095834798,1999-08-10,1,0,0.0,48.0,,Pastick,2.0,7.0,Y,,,,,,
64.6627834662729,-146.28352619001402,1999-08-11,1,0,0.0,89.0,,Pastick,7.0,19.0,Y,,,,,,
64.58303097039426,-146.65036111188067,1999-08-16,1,0,0.0,42.0,,Pastick,10.0,11.0,Y,,,,,,
64.59707094588947,-146.6377919915515,1999-08-18,1,0,0.0,80.0,,Pastick,11.0,7.0,N,,,,,,
64.76592718275909,-146.6515293718432,1999-08-25,1,0,0.0,61.0,,Pastick,1.0,15.0,Y,,,,,,
64.77482553886777,-146.64270851266997,1999-08-25,1,0,0.0,98.0,,Pastick,8.0,8.0,Y,,,,,,
64.65636938446669,-146.38572718321066,1999-09-17,1,0,0.0,60.0,,Pastick,3.0,10.0,Y,,,,,,
64.6588553067617,-146.2049358683234,1999-08-11,1,0,0.0,53.0,,Pastick,1.0,16.0,N,,,,,,
64.63562365228853,-146.66579471168006,1999-07-15,1,0,0.0,58.0,,Pastick,3.0,10.0,Y,,,,,,
64.63328091379428,-146.62793777757614,1999-07-20,1,0,0.0,93.0,,Pastick,5.0,9.0,Y,,,,,,
64.64525027172084,-146.7028043037495,1999-07-23,1,0,0.0,58.0,,Pastick,5.0,16.0,Y,,,,,,
64.63860838670666,-146.7349739862872,1999-07-29,1,0,0.0,93.0,,Pastick,4.0,13.0,Y,,,,,,
64.68375431087063,-146.23153780395424,1999-08-10,1,0,0.0,49.0,,Pastick,1.0,15.0,N,,,,,,
64.62701479259404,-146.61290192823589,1999-08-16,1,0,0.0,41.0,,Pastick,2.0,13.0,N,,,,,,
64.61456833914447,-146.59599916866753,1999-08-17,1,0,0.0,45.0,,Pastick,5.0,21.0,N,,,,,,
64.71923350597939,-146.67653689993662,1999-08-26,1,0,0.0,54.0,,Pastick,2.0,5.0,N,,,,,,
64.19768382502043,-146.6423371055909,2002-06-12,1,1,42.0,50.0,,Pastick,4.0,15.0,N,,,,,,
64.15771020082782,-146.76387332656853,2002-06-14,1,0,0.0,50.0,,Pastick,7.0,0.0,N,,,,,,
64.02238402797337,-146.4329682700473,2002-06-15,1,1,35.0,44.0,,Pastick,1.0,44.0,N,,,,,,
63.95465967957187,-146.5950637775692,2002-06-16,1,1,47.0,47.0,,Pastick,5.0,47.0,N,,,,,,
63.993483403816526,-146.50832541913823,2002-06-16,1,1,33.0,50.0,,Pastick,1.0,33.0,N,,,,,,
63.98855880326151,-146.5170158389894,2002-06-16,1,1,23.0,31.0,,Pastick,5.0,23.0,N,,,,,,
64.15046668771531,-146.57973611118257,2002-06-17,1,1,38.0,45.0,,Pastick,3.0,30.0,N,,,,,,
64.14845207671716,-146.5720381740406,2002-06-17,1,1,24.0,34.0,,Pastick,4.0,24.0,N,,,,,,
64.15844772310791,-146.6033023759025,2002-06-17,1,1,21.0,40.0,,Pastick,1.0,12.0,N,,,,,,
64.17418165720025,-146.57552997657672,2002-06-17,1,1,27.0,43.0,,Pastick,4.0,27.0,N,,,,,,
64.09187772579382,-146.64096756952188,2002-06-18,1,0,0.0,75.0,,Pastick,4.0,4.0,N,,,,,,
64.08680639990637,-146.62981464390072,2002-06-18,1,1,50.0,65.0,,Pastick,1.0,54.0,N,,,,,,
64.08952791936946,-146.77614217279773,2002-06-19,1,1,27.0,65.0,,Pastick,1.0,33.0,N,,,,,,
63.96115560475941,-146.75995685022562,2003-06-19,1,1,19.0,35.0,,Pastick,5.0,35.0,N,,,,,,
63.88702294944631,-146.3885787380823,2003-06-21,1,1,20.0,45.0,,Pastick,1.0,17.0,N,,,,,,
63.93470654006615,-146.39557675665503,2003-06-21,1,1,40.0,55.0,,Pastick,4.0,40.0,N,,,,,,
63.87800226299004,-146.40330953544782,2003-06-21,1,0,0.0,76.0,,Pastick,5.0,9.0,N,,,,,,
63.87293773578647,-146.46938105650096,2003-06-21,1,1,21.0,39.0,,Pastick,7.0,39.0,N,,,,,,
63.835966399733145,-146.98163931492238,2003-06-23,1,0,0.0,80.0,,Pastick,6.0,3.0,N,,,,,,
63.815674205393854,-146.7339379030067,2003-06-24,1,0,0.0,25.0,,Pastick,5.0,12.0,N,,,,,,
63.80103017826294,-146.61196689341207,2003-06-24,1,1,20.0,25.0,,Pastick,3.0,12.0,N,,,,,,
63.73428407427691,-146.4627053661066,2003-06-25,1,1,25.0,44.0,,Pastick,4.0,19.0,N,,,,,,
63.73903883193437,-146.45268936240302,2003-06-25,1,1,40.0,10.0,,Pastick,6.0,31.0,N,,,,,,
63.729973354959085,-146.35677710267217,2003-06-25,1,1,28.0,40.0,,Pastick,3.0,15.0,N,,,,,,
63.73100100699482,-146.34581815339698,2003-06-25,1,1,18.0,40.0,,Pastick,4.0,18.0,N,,,,,,
64.1043347781805,-146.48570393100377,2002-06-26,1,0,0.0,71.0,,Pastick,2.0,25.0,N,,,,,,
64.10146161635656,-146.508677492896,2002-06-26,1,0,0.0,100.0,,Pastick,4.0,2.0,N,,,,,,
63.9839991620558,-146.8790498384297,2002-06-27,1,1,40.0,50.0,,Pastick,3.0,50.0,N,,,,,,
64.02471580312142,-146.7691105763154,2002-06-28,1,1,34.0,60.0,,Pastick,1.0,25.0,N,,,,,,
64.05790389711188,-146.7821937631531,2002-06-28,1,1,25.0,40.0,,Pastick,1.0,25.0,N,,,,,,
64.03859964799801,-146.22984518702046,2002-06-29,1,1,41.0,70.0,,Pastick,4.0,25.0,N,,,,,,
64.02816357364887,-146.1729081850408,2002-06-29,1,0,0.0,33.0,,Pastick,5.0,6.0,N,,,,,,
63.95595754273431,-146.1798568569418,2002-06-30,1,1,29.0,50.0,,Pastick,3.0,29.0,N,,,,,,
64.04798297474157,-146.5054817360293,2002-07-01,1,1,30.0,50.0,,Pastick,2.0,5.0,N,,,,,,
64.10709095054312,-146.63467592885956,2002-07-02,1,1,50.0,70.0,,Pastick,3.0,50.0,N,,,,,,
64.1143119813047,-146.62992109998763,2002-07-02,1,1,49.0,69.0,,Pastick,4.0,69.0,N,,,,,,
64.1108140682704,-146.6306860163686,2002-07-02,1,1,37.0,74.0,,Pastick,3.0,37.0,N,,,,,,
64.11759811909536,-146.6305754764528,2002-07-02,1,1,27.0,45.0,,Pastick,4.0,20.0,N,,,,,,
63.78661986095821,-146.76223253280986,2003-07-04,1,1,18.0,33.0,,Pastick,1.0,33.0,N,,,,,,
63.78768744003641,-146.76751951398296,2003-07-04,1,0,0.0,70.0,,Pastick,2.0,0.0,N,,,,,,
63.78798533525711,-146.7742740562407,2003-07-04,1,1,18.0,40.0,,Pastick,3.0,40.0,N,,,,,,
63.91466581179216,-146.59019823342126,2003-07-06,1,1,41.0,71.0,,Pastick,5.0,21.0,N,,,,,,
63.914790810948574,-146.5868128223023,2003-07-06,1,1,30.0,50.0,,Pastick,6.0,8.0,N,,,,,,
63.91434250260698,-146.57454900602136,2003-07-06,1,0,0.0,70.0,,Pastick,7.0,6.0,N,,,,,,
63.87649116050549,-146.5662262161673,2003-07-06,1,1,28.0,50.0,,Pastick,1.0,28.0,N,,,,,,
63.87373593915725,-146.56024409977238,2003-07-06,1,0,0.0,47.0,,Pastick,2.0,25.0,N,,,,,,
63.86801091956612,-146.53461211842512,2003-07-06,1,1,19.0,37.0,,Pastick,6.0,28.0,N,,,,,,
63.83233443846184,-146.4987204697551,2003-07-07,1,0,0.0,97.0,,Pastick,8.0,2.0,N,,,,,,
63.8614076672038,-146.9774928772718,2003-07-08,1,1,18.0,37.0,,Pastick,1.0,24.0,N,,,,,,
63.86316754763845,-146.94679033597544,2003-07-09,1,1,20.0,40.0,,Pastick,3.0,20.0,N,,,,,,
63.97499903429531,-146.8267558181422,2002-07-10,1,1,29.0,53.0,,Pastick,1.0,29.0,N,,,,,,
63.9667522161679,-146.82705185167833,2002-07-10,1,1,35.0,60.0,,Pastick,2.0,52.0,N,,,,,,
63.94475369088913,-146.85724340690643,2002-07-10,1,1,25.0,80.0,,Pastick,1.0,31.0,N,,,,,,
63.94364671972431,-146.8012203300266,2002-07-11,1,1,32.0,60.0,,Pastick,1.0,32.0,N,,,,,,
63.93900821510261,-146.78929855656023,2002-07-11,1,1,39.0,65.0,,Pastick,3.0,39.0,N,,,,,,
63.981495070445,-146.7039026187203,2002-07-12,1,0,0.0,58.0,,Pastick,3.0,9.0,N,,,,,,
63.970358260697246,-146.6995680372383,2002-07-12,1,0,0.0,80.0,,Pastick,4.0,20.0,N,,,,,,
64.0099716838949,-146.63741760461298,2002-07-15,1,0,0.0,49.0,,Pastick,3.0,17.0,N,,,,,,
64.02649507567095,-146.60714099817218,2002-07-16,1,1,37.0,70.0,,Pastick,4.0,26.0,N,,,,,,
63.87138643037797,-146.87255358281718,2003-07-18,1,1,34.0,44.0,,Pastick,11.0,44.0,N,,,,,,
63.858700234249646,-146.89954400705938,2003-07-19,1,0,0.0,90.0,,Pastick,1.0,5.0,N,,,,,,
63.85098612190302,-146.87034786415813,2003-07-19,1,0,0.0,50.0,,Pastick,7.0,4.0,N,,,,,,
63.846752442668894,-146.8629456118865,2003-07-19,1,0,0.0,55.0,,Pastick,8.0,7.0,N,,,,,,
63.68580115134435,-146.4767658007982,2003-07-21,1,1,47.0,52.0,,Pastick,2.0,8.0,N,,,,,,
63.772517935801496,-146.94460856989676,2003-07-22,1,1,30.0,52.0,,Pastick,5.0,52.0,N,,,,,,
63.7374508026018,-146.23742163759934,2003-07-22,1,0,0.0,80.0,,Pastick,4.0,65.0,N,,,,,,
63.77513453788075,-146.6756029185013,2003-07-22,1,0,0.0,152.0,,Pastick,3.0,8.0,N,,,,,,
63.7361871671338,-146.23437689800318,2003-07-23,1,0,0.0,60.0,,Pastick,3.0,9.0,N,,,,,,
63.72569116546059,-146.19888300086953,2003-07-23,1,1,47.0,47.0,,Pastick,5.0,23.0,N,,,,,,
63.7312219348001,-146.19445340795255,2003-07-23,1,0,0.0,50.0,,Pastick,6.0,3.0,N,,,,,,
64.07199449636151,-146.1903445251723,2002-07-25,1,1,48.0,68.0,,Pastick,1.0,58.0,N,,,,,,
64.0188339954078,-146.07108864985395,2002-07-26,1,0,0.0,90.0,,Pastick,4.0,41.0,N,,,,,,
63.8707874496936,-145.9642631147034,2002-07-27,1,1,43.0,60.0,,Pastick,2.0,20.0,N,,,,,,
63.8812223410098,-146.94351919799777,2002-07-29,1,1,47.0,65.0,,Pastick,3.0,47.0,N,,,,,,
64.1141362074333,-146.43296830527248,2002-07-30,1,1,42.0,55.0,,Pastick,3.0,44.0,N,,,,,,
63.96857317130682,-146.1467083809579,2002-07-30,1,1,39.0,50.0,,Pastick,3.0,29.0,N,,,,,,
63.90286211529157,-146.78439457695666,2003-07-30,1,0,0.0,100.0,,Pastick,1.0,8.0,N,,,,,,
63.74183891931874,-146.5751790614757,2003-07-30,1,0,0.0,90.0,,Pastick,1.0,7.0,N,,,,,,
64.02307271353745,-146.7042602777995,2003-07-31,1,0,0.0,125.0,,Pastick,1.0,6.0,N,,,,,,
63.954846727842046,-146.7887508862217,2003-07-31,1,0,0.0,100.0,,Pastick,1.0,8.0,N,,,,,,
63.88222670521286,-146.63487122231996,2003-08-01,1,1,38.0,45.0,,Pastick,4.0,45.0,N,,,,,,
63.93093971604942,-146.71532681079108,2003-08-01,1,0,0.0,107.0,,Pastick,1.0,18.0,N,,,,,,
63.918889698029695,-146.9131095011102,2003-08-01,1,1,30.0,45.0,,Pastick,2.0,40.0,N,,,,,,
64.0383620892019,-146.53804082051792,2003-08-01,1,1,42.0,130.0,,Pastick,1.0,42.0,N,,,,,,
63.8156612876772,-146.37682171266724,2003-08-02,1,1,37.0,55.0,,Pastick,3.0,30.0,N,,,,,,
63.81581904445449,-146.36156395742933,2003-08-02,1,1,56.0,60.0,,Pastick,6.0,8.0,N,,,,,,
64.09674073863845,-146.60924869515097,2003-08-02,1,0,0.0,110.0,,Pastick,1.0,23.0,N,,,,,,
64.0751912711689,-146.7258682461498,2003-08-02,1,1,32.0,111.0,,Pastick,2.0,32.0,N,,,,,,
64.10632762362029,-146.42582096296255,2003-08-02,1,1,40.0,113.0,,Pastick,1.0,113.0,N,,,,,,
64.13470272945061,-146.7286715940875,2003-08-02,1,1,29.0,113.0,,Pastick,1.0,17.0,N,,,,,,
64.15667907441765,-146.61985808891225,2003-08-03,1,1,20.0,90.0,,Pastick,1.0,90.0,N,,,,,,
64.18342164128869,-146.57752899613214,2003-08-03,1,1,32.0,87.0,,Pastick,1.0,22.0,N,,,,,,
63.87212310136515,-146.60140101217868,2003-08-03,1,1,50.0,50.0,,Pastick,4.0,50.0,N,,,,,,
63.807191086912255,-146.38141510564884,2003-08-03,1,1,31.0,100.0,,Pastick,1.0,38.0,N,,,,,,
63.76267269749237,-146.41478658464914,2003-08-04,1,0,0.0,56.0,,Pastick,6.0,24.0,N,,,,,,
63.8729976025485,-146.73166605623,2003-08-04,1,0,0.0,62.0,,Pastick,1.0,5.0,N,,,,,,
63.86709773493308,-146.7065921066637,2003-08-04,1,1,42.0,42.0,,Pastick,6.0,27.0,N,,,,,,
63.85115590604542,-146.74751315761424,2003-08-05,1,0,0.0,68.0,,Pastick,3.0,11.0,N,,,,,,
63.7695114538068,-146.52747425363307,2003-08-06,1,1,26.0,55.0,,Pastick,5.0,55.0,N,,,,,,
63.76706586709861,-146.51796485821987,2003-08-06,1,0,0.0,51.0,,Pastick,6.0,5.0,N,,,,,,
63.75796301450615,-146.5476129263905,2003-08-06,1,1,58.0,62.0,,Pastick,1.0,46.0,N,,,,,,
63.752311426798045,-146.53984010922056,2003-08-06,1,0,0.0,70.0,,Pastick,4.0,12.0,N,,,,,,
63.748871754389285,-146.53349277985356,2003-08-06,1,0,0.0,50.0,,Pastick,5.0,40.0,N,,,,,,
63.97205286809768,-146.10750733134003,2002-08-08,1,1,45.0,60.0,,Pastick,2.0,9.0,N,,,,,,
63.97189937358427,-146.0344691194336,2002-08-08,1,1,84.0,90.0,,Pastick,4.0,49.0,N,,,,,,
63.94307452705226,-146.07053765785122,2002-08-08,1,1,85.0,88.0,,Pastick,1.0,81.0,N,,,,,,
63.81446384100428,-146.08308510420804,2002-08-10,1,0,0.0,68.0,,Pastick,5.0,0.0,N,,,,,,
63.7272282152148,-145.99316868845173,2002-08-11,1,1,56.0,60.0,,Pastick,3.0,28.0,N,,,,,,
63.69348875995486,-145.97638623945832,2002-08-11,1,1,43.0,55.0,,Pastick,2.0,43.0,N,,,,,,
63.69987203964383,-145.97538704211007,2002-08-11,1,1,36.0,49.0,,Pastick,3.0,17.0,N,,,,,,
63.71412390057948,-145.98541685286548,2002-08-12,1,0,0.0,70.0,,Pastick,3.0,18.0,N,,,,,,
63.72117677517027,-146.03751816383556,2002-08-12,1,1,48.0,72.0,,Pastick,1.0,37.0,N,,,,,,
63.7703554105122,-146.28173714035202,2002-08-12,1,0,0.0,72.0,,Pastick,3.0,0.0,N,,,,,,
63.88842279553105,-146.09112141503547,2003-08-13,1,1,33.0,58.0,,Pastick,5.0,40.0,N,,,,,,
63.89379801726695,-146.6987978003925,2003-08-13,1,1,50.0,65.0,,Pastick,6.0,13.0,N,,,,,,
63.80388894906523,-146.47445595144563,2003-08-13,1,0,0.0,100.0,,Pastick,8.0,15.0,N,,,,,,
63.85986166897506,-146.16817230493976,2002-08-14,1,1,40.0,62.0,,Pastick,1.0,35.0,N,,,,,,
63.78779292084136,-146.43977276722498,2003-08-14,1,0,0.0,64.0,,Pastick,5.0,7.0,N,,,,,,
63.78386420836799,-146.46397404159654,2003-08-14,1,0,0.0,56.0,,Pastick,8.0,2.0,N,,,,,,
63.783014434166375,-146.25781964293333,2003-08-15,1,1,52.0,60.0,,Pastick,3.0,15.0,N,,,,,,
63.822189241859455,-146.30477700848328,2003-08-18,1,1,29.0,50.0,,Pastick,1.0,29.0,N,,,,,,
63.84570036513594,-146.81301341507952,2003-08-19,1,0,0.0,50.0,,Pastick,1.0,50.0,N,,,,,,
63.85144692011385,-146.8378473422486,2003-08-19,1,1,26.0,34.0,,Pastick,6.0,34.0,N,,,,,,
63.85990006844384,-146.7654383884313,2003-08-19,1,1,31.0,50.0,,Pastick,1.0,40.0,N,,,,,,
63.966346871067536,-146.88990792597588,2002-08-23,1,0,0.0,110.0,,Pastick,1.0,8.0,N,,,,,,
63.834939408271175,-146.45952726038013,2003-08-27,1,1,56.0,60.0,,Pastick,6.0,41.0,N,,,,,,
63.86821339502524,-146.27777553003392,2003-08-30,1,0,0.0,57.0,,Pastick,9.0,44.0,N,,,,,,
63.86933710238948,-146.4591720180185,2003-08-30,1,1,43.0,50.0,,Pastick,10.0,50.0,N,,,,,,
63.843993722424166,-145.9172812741749,2003-09-01,1,0,0.0,100.0,,Pastick,1.0,15.0,N,,,,,,
63.80940732911986,-145.73651660675165,2003-09-01,1,0,0.0,100.0,,Pastick,1.0,7.0,N,,,,,,
67.30224999999999,-153.417903333,2008-08-08,1,0,0.0,27.0,,Pastick,,0.0,,,,,,,
67.31900859359999,-153.450637888,2008-08-07,1,1,0.0,84.0,,Pastick,,35.0,,,,,,,
67.92652999999999,-155.032921667,2008-08-04,1,1,0.0,69.0,,Pastick,,2.0,,,,,,,
67.92333329999998,-155.027066667,2008-08-04,1,1,63.0,63.0,,Pastick,,18.0,,,,,,,
67.92794000000006,-155.020718333,2008-08-04,1,1,57.0,57.0,,Pastick,,40.0,,,,,,,
67.92883833329999,-155.014455,2008-08-04,1,1,0.0,37.0,,Pastick,,6.0,,,,,,,
67.9275716667,-155.015678333,2008-08-04,1,1,42.0,42.0,,Pastick,,29.0,,,,,,,
67.70162333329999,-154.719268333,2008-08-05,1,1,73.0,73.0,,Pastick,,1.0,,,,,,,
67.89230000000002,-153.2325333,2008-08-02,1,1,54.0,54.0,,Pastick,,5.0,,,,,,,
67.87432777779998,-153.270369444,2008-08-02,1,1,25.0,25.0,,Pastick,,20.0,,,,,,,
67.87883055559996,-153.259391667,2008-08-02,1,1,0.0,30.0,,Pastick,,1.0,,,,,,,
67.87070277780002,-150.890136111,2008-08-07,1,1,37.0,50.0,,Pastick,,8.5,,,,,,,
67.86524999999999,-150.846597,2008-08-09,1,1,0.0,45.0,,Pastick,,14.0,,,,,,,
67.86601399999995,-150.838772,2008-08-09,1,1,0.0,43.0,,Pastick,,4.0,,,,,,,
67.13560555560004,-150.8846,2008-08-07,1,1,42.0,42.0,,Pastick,,12.0,,,,,,,
67.13766944439996,-150.905372222,2008-08-08,1,0,0.0,130.0,,Pastick,,2.0,,,,,,,
67.13665833329999,-150.901597222,2008-08-08,1,1,42.0,42.0,,Pastick,,40.0,,,,,,,
67.13757222219998,-150.895830556,2008-08-08,1,0,0.0,130.0,,Pastick,,40.0,,,,,,,
63.31426515102567,-145.74091618568517,1998-07-24,1,1,28.0,64.0,,Pastick,1.0,13.0,N,,,,,,
63.35675820633763,-145.74193600837887,1997-06-21,1,0,0.0,152.0,,Pastick,1.0,10.0,N,,,,,,
63.33521524457464,-145.75212512572406,1998-07-23,1,0,0.0,76.0,,Pastick,2.0,8.0,N,,,,,,
63.31202492458678,-145.75566349948016,1998-07-24,1,0,0.0,152.0,,Pastick,2.0,0.0,N,,,,,,
63.29619129388316,-145.76498356575837,1999-06-22,1,0,0.0,76.0,,Pastick,1.0,5.0,N,,,,,,
63.409085962239566,-145.76321433561054,1998-07-23,1,0,0.0,152.0,,Pastick,1.0,0.0,N,,,,,,
63.40464781182766,-145.77107415605428,1997-06-21,1,1,36.0,36.0,,Pastick,1.0,25.0,N,,,,,,
63.2311172509557,-145.78306661773792,1997-06-21,1,1,66.0,66.0,,Pastick,3.0,10.0,N,,,,,,
63.20973069103286,-145.7908662818497,1998-07-22,1,1,28.0,28.0,,Pastick,1.0,8.0,N,,,,,,
63.435804232271856,-145.78799978875236,1999-06-24,1,0,0.0,152.0,,Pastick,1.0,0.0,N,,,,,,
63.28235933658847,-145.79647880965263,1997-06-22,1,0,0.0,152.0,,Pastick,1.0,0.0,N,,,,,,
63.27850112893552,-145.801982195141,1997-06-21,1,0,0.0,152.0,,Pastick,1.0,3.0,N,,,,,,
63.22681872058215,-145.8097136211761,1999-06-21,1,0,0.0,152.0,,Pastick,2.0,5.0,N,,,,,,
63.20301455228842,-145.82488810377112,1998-07-21,1,0,0.0,152.0,,Pastick,2.0,5.0,N,,,,,,
63.4390254651221,-145.83100374391466,1998-07-23,1,0,0.0,152.0,,Pastick,1.0,10.0,N,,,,,,
63.18662816250614,-145.8584200107434,1997-06-20,1,0,0.0,152.0,,Pastick,1.0,10.0,N,,,,,,
63.17955123154865,-145.9318076653843,1998-07-20,1,0,0.0,152.0,,Pastick,3.0,18.0,N,,,,,,
63.11331614448534,-145.99174173969172,1997-06-18,1,0,0.0,152.0,,Pastick,3.0,5.0,N,,,,,,
63.01537050323735,-146.0356006751588,1999-06-16,1,1,20.0,51.0,,Pastick,1.0,13.0,N,,,,,,
62.97733705983261,-146.102057307905,1999-06-17,1,1,36.0,36.0,,Pastick,1.0,23.0,N,,,,,,
62.95663244471505,-146.20597557631146,1998-06-17,1,0,0.0,152.0,,Pastick,3.0,64.0,N,,,,,,
62.18898390427556,-159.79821621312797,2003-06-23,1,0,,180.0,,Pastick,9.0,180.0,N,,,,,,
61.9481323948067,-158.62291193613768,2004-08-27,1,1,80.0,90.0,,Pastick,8.0,32.0,N,,,,,,
64.76422287124701,-148.00664840577508,2002-06-11,1,0,0.0,53.0,,Pastick,1.0,5.0,N,,,,,,
64.7925625822335,-148.06454749483905,2002-06-17,1,0,0.0,75.0,,Pastick,7.0,10.0,Y,,,,,,
64.77596529933174,-148.07138103292743,2002-06-24,1,1,50.0,60.0,,Pastick,4.0,27.0,N,,,,,,
64.8019428044932,-148.11079103195888,2002-06-28,1,0,0.0,54.0,,Pastick,1.0,18.0,Y,,,,,,
64.76712487813131,-148.12723179952738,2002-07-09,1,0,0.0,180.0,,Pastick,7.0,21.0,N,,,,,,
64.75755184745327,-148.17887407173637,2002-07-11,1,0,0.0,43.0,,Pastick,3.0,2.0,Y,,,,,,
64.8170025533327,-148.1984081955014,2002-08-14,1,0,0.0,100.0,,Pastick,6.0,19.0,N,,,,,,
64.80432396286037,-148.08242340224282,2002-06-20,1,0,0.0,78.0,,Pastick,3.0,9.0,Y,,,,,,
64.79900560138095,-148.09178800069662,2002-06-20,1,0,0.0,43.0,,Pastick,5.0,3.0,Y,,,,,,
64.82191875979483,-148.07297482341383,2002-07-02,1,1,54.0,54.0,,Pastick,8.0,12.0,N,,,,,,
64.79843697522922,-148.18920581955882,2002-07-09,1,0,0.0,70.0,,Pastick,1.0,21.0,Y,,,,,,
64.81855163490953,-148.18316203964935,2002-07-09,1,0,0.0,180.0,,Pastick,6.0,7.0,N,,,,,,
64.83478810100776,-148.13923045699207,2002-07-11,1,0,0.0,71.0,,Pastick,3.0,8.0,Y,,,,,,
64.82298349619167,-148.13030397460562,2002-07-11,1,0,0.0,86.0,,Pastick,8.0,15.0,Y,,,,,,
64.84307243109438,-148.0576665037551,2002-07-15,1,0,0.0,42.0,,Pastick,3.0,28.0,Y,,,,,,
64.84620181557915,-148.06681464335458,2002-07-15,1,1,60.0,60.0,,Pastick,6.0,21.0,N,,,,,,
64.73457852515668,-148.24570595303598,2002-08-14,1,1,58.0,58.0,,Pastick,1.0,11.0,N,,,,,,
64.63979816255339,-149.03902752165965,2002-08-14,1,0,0.0,180.0,,Pastick,2.0,0.0,N,,,,,,
64.8761914630548,-148.05945416023465,2002-09-05,1,0,0.0,90.0,,Pastick,1.0,17.0,Y,,,,,,
64.86633993717484,-148.07048292101,2002-09-05,1,0,0.0,70.0,,Pastick,5.0,12.0,Y,,,,,,
64.87488915059859,-148.19805227392226,2002-09-06,1,0,0.0,55.0,,Pastick,1.0,23.0,Y,,,,,,
64.88329623203518,-148.06860286529417,2002-09-06,1,0,0.0,60.0,,Pastick,3.0,17.0,Y,,,,,,
64.86014281882677,-148.12350921971162,2002-09-09,1,0,0.0,55.0,,Pastick,3.0,12.0,Y,,,,,,
64.9335832123101,-148.0513114906885,2002-09-12,1,0,0.0,180.0,,Pastick,1.0,5.0,N,,,,,,
64.93778434245358,-148.12847427899305,2002-09-19,1,0,0.0,45.0,,Pastick,7.0,1.0,N,,,,,,
64.91486274247754,-148.13347266027333,2002-09-23,1,1,63.0,70.0,,Pastick,2.0,4.0,N,,,,,,
64.89015188400997,-148.19275493380792,2002-10-03,1,1,65.0,90.0,,Pastick,5.0,10.0,N,,,,,,
64.72836340368312,-148.2344810685249,2002-08-14,1,1,50.0,50.0,,Pastick,8.0,20.0,N,,,,,,
64.76243735571849,-148.0288437016699,2002-06-13,1,1,57.0,83.0,,Pastick,2.0,14.0,N,,,,,,
64.75844247292927,-148.03550169156273,2002-06-13,1,0,0.0,97.0,,Pastick,4.0,8.0,Y,,,,,,
64.81341775173628,-148.10877826950974,2002-06-21,1,1,45.0,65.0,,Pastick,3.0,24.0,N,,,,,,
64.81413227589194,-148.09349546092378,2002-06-21,1,1,39.0,48.0,,Pastick,5.0,39.0,N,,,,,,
64.8370695742457,-148.04996860373956,2002-06-25,1,0,0.0,145.0,,Pastick,7.0,7.0,Y,,,,,,
64.78495173000259,-148.1243148775076,2002-07-02,1,0,0.0,165.0,,Pastick,7.0,8.0,Y,,,,,,
64.77665660361126,-148.17226179095982,2002-07-10,1,0,0.0,70.0,,Pastick,4.0,13.0,N,,,,,,
64.84112030882582,-148.0746039160709,2002-07-16,1,0,0.0,60.0,,Pastick,2.0,11.0,Y,,,,,,
64.83866930991238,-148.10897405819784,2002-07-25,1,0,0.0,75.0,,Pastick,3.0,9.0,Y,,,,,,
64.73852839271974,-148.21200845658032,2002-08-05,1,0,0.0,61.0,,Pastick,9.0,5.0,Y,,,,,,
64.7759984619127,-148.04406148846095,2002-06-12,1,0,0.0,60.0,,Pastick,4.0,13.0,N,,,,,,
64.79253482449191,-148.0469947901329,2002-06-18,1,0,0.0,130.0,,Pastick,1.0,8.0,Y,,,,,,
64.73717109933415,-148.10550697465638,2002-07-08,1,0,0.0,53.0,,Pastick,9.0,1.0,Y,,,,,,
64.92748358201892,-148.09703353684012,2002-07-12,1,0,0.0,165.0,,Pastick,6.0,12.0,N,,,,,,
64.80989939805727,-148.2512045333285,2002-07-31,1,0,0.0,44.0,,Pastick,7.0,6.0,Y,,,,,,
64.3638294982762,-149.03376616976112,2003-07-30,1,0,0.0,52.0,,Pastick,3.0,8.0,N,,,,,,
64.19433161627211,-149.20795107315152,2003-08-11,1,0,0.0,72.0,,Pastick,2.0,17.0,N,,,,,,
64.17410145462924,-149.31242521849407,2003-08-18,1,0,0.0,87.0,,Pastick,7.0,12.0,N,,,,,,
64.21506187964017,-149.32928431644834,2003-08-20,1,0,0.0,54.0,,Pastick,6.0,2.0,N,,,,,,
64.22904973096291,-149.31689050005477,2003-08-20,1,0,0.0,55.0,,Pastick,8.0,15.0,N,,,,,,
64.91265853662053,-148.27622185647152,2003-06-02,1,0,0.0,29.0,,Pastick,2.0,10.0,Y,,,,,,
64.88528794732257,-148.4094299111664,2003-06-23,1,0,0.0,63.0,,Pastick,4.0,6.0,Y,,,,,,
64.76890233290806,-148.3457821386332,2003-07-02,1,0,0.0,43.0,,Pastick,1.0,22.0,Y,,,,,,
64.71061146870483,-148.3329197509394,2003-07-08,1,0,0.0,181.0,,Pastick,1.0,13.0,N,,,,,,
64.70181580455859,-148.36158108027996,2003-07-08,1,0,0.0,187.0,,Pastick,8.0,9.0,N,,,,,,
64.73742209923209,-148.33155148587244,2003-07-10,1,0,0.0,47.0,,Pastick,8.0,9.0,Y,,,,,,
64.70455857028635,-148.3152942177826,2003-07-10,1,0,0.0,61.0,,Pastick,11.0,34.0,N,,,,,,
64.35656418444528,-149.1692417443942,2003-07-18,1,0,0.0,80.0,,Pastick,1.0,80.0,N,,,,,,
64.37619460159006,-149.1383013070875,2003-07-16,1,1,70.0,78.0,,Pastick,1.0,15.0,N,,,,,,
64.19262495012356,-149.22867912983585,2003-08-07,1,0,0.0,80.0,,Pastick,4.0,5.0,N,,,,,,
64.20395774757269,-149.25132851345197,2003-08-12,1,0,0.0,70.0,,Pastick,3.0,5.0,N,,,,,,
64.90410439891404,-148.34674015973357,2003-06-17,1,0,0.0,49.0,,Pastick,2.0,7.0,Y,,,,,,
64.887876184439,-148.3558962798756,2003-06-17,1,1,48.0,90.0,,Pastick,5.0,90.0,N,,,,,,
64.81386910352124,-148.4856968312075,2003-07-03,1,1,85.0,100.0,,Pastick,2.0,15.0,N,,,,,,
64.34514874050704,-149.21280685293976,2003-07-14,1,0,0.0,140.0,,Pastick,1.0,6.0,N,,,,,,
64.34214303818543,-149.18877212450468,2003-07-14,1,0,0.0,81.0,,Pastick,4.0,6.0,N,,,,,,
64.21519524398218,-149.19431918591582,2003-08-07,1,1,75.0,85.0,,Pastick,4.0,24.0,N,,,,,,
64.229337768916,-149.1292401749236,2003-08-11,1,0,0.0,115.0,,Pastick,10.0,7.0,N,,,,,,
64.2579006126891,-149.123326431097,2003-08-13,1,0,0.0,120.0,,Pastick,6.0,9.0,N,,,,,,
64.21341283771461,-149.41910104266853,2003-08-18,1,0,0.0,76.0,,Pastick,1.0,23.0,N,,,,,,
64.22791661977892,-149.4025903629884,2003-08-19,1,1,99.0,103.0,,Pastick,5.0,21.0,N,,,,,,
64.69043057655996,-148.2858842732672,2003-07-07,1,0,0.0,94.0,,Pastick,2.0,0.0,Y,,,,,,
64.72292190786756,-148.34118778471228,2003-07-09,1,1,64.0,64.0,,Pastick,1.0,19.0,N,,,,,,
64.73118064333858,-148.35379721090655,2003-07-09,1,0,0.0,42.0,,Pastick,8.0,6.0,Y,,,,,,
64.73470324182613,-148.27536523307768,2003-07-11,1,0,0.0,186.0,,Pastick,1.0,8.0,N,,,,,,
64.74877131320983,-148.28724889199188,2003-07-11,1,0,0.0,187.0,,Pastick,4.0,13.0,N,,,,,,
64.20753109230446,-149.1947220040829,2003-08-06,1,1,66.0,82.0,,Pastick,1.0,15.0,N,,,,,,
64.18554941039444,-149.19139705718908,2003-08-06,1,0,0.0,55.0,,Pastick,8.0,8.0,Y,,,,,,
64.18376330895835,-149.17636987193586,2003-08-06,1,0,0.0,50.0,,Pastick,11.0,5.0,Y,,,,,,
64.23446852890916,-149.07146857822704,2003-08-14,1,0,0.0,57.0,,Pastick,3.0,0.0,N,,,,,,
64.23492972569267,-149.26773033775046,2003-08-14,1,0,0.0,110.0,,Pastick,5.0,10.0,N,,,,,,
64.2440612464438,-149.26536297941942,2003-08-14,1,0,0.0,50.0,,Pastick,6.0,4.0,N,,,,,,
64.22868826080423,-149.36243954056263,2003-08-19,1,0,0.0,67.0,,Pastick,1.0,10.0,N,,,,,,
64.23116659437706,-149.36186727402645,2003-08-19,1,0,0.0,53.0,,Pastick,2.0,5.0,N,,,,,,
64.24259499055155,-149.43038131288446,2003-08-19,1,0,0.0,50.0,,Pastick,11.0,7.0,N,,,,,,
64.21757128251711,-149.3669750903279,1994-06-15,1,0,0.0,66.0,,Pastick,9.0,11.0,N,,,,,,
64.20503490380862,-149.30995759826115,1994-08-24,1,0,0.0,108.0,,Pastick,22.0,18.0,N,,,,,,
65.61707364276918,-143.93770693474858,2008-06-29,1,0,0.0,85.0,,Pastick,,5.0,N,,,,,,
65.49321939807811,-143.60142050505152,2008-07-01,1,0,0.0,60.0,,Pastick,,6.0,N,,,,,,
65.48849317258848,-143.61729882080235,2008-07-01,1,0,0.0,37.0,,Pastick,,26.0,N,,,,,,
65.46443231750979,-143.49323414069903,2008-07-02,1,0,0.0,97.0,,Pastick,,3.0,Y,,,,,,
65.39211438037486,-143.243990714002,2008-07-03,1,1,47.0,65.0,,Pastick,,12.0,N,,,,,,
65.38673781059215,-143.24479487968546,2008-07-03,1,1,29.0,45.0,,Pastick,,20.0,N,,,,,,
65.37503876796312,-143.2342602615621,2008-07-03,1,0,0.0,69.0,,Pastick,,3.0,N,,,,,,
65.32743580998451,-143.08734114642485,2008-07-04,1,1,40.0,60.0,,Pastick,,33.0,N,,,,,,
65.31958942804205,-143.07691942590756,2008-07-04,1,0,0.0,81.0,,Pastick,,1.0,N,,,,,,
65.1071019208074,-143.38171415014372,2008-07-13,1,0,0.0,72.0,,Pastick,,2.0,N,,,,,,
65.08846748296648,-143.5142918713317,2008-07-14,1,0,0.0,80.0,,Pastick,,5.0,N,,,,,,
65.09003949900318,-143.49248140252672,2008-07-14,1,0,0.0,60.0,,Pastick,,0.0,N,,,,,,
65.07503488670622,-143.4841721864888,2008-07-14,1,0,0.0,61.0,,Pastick,,0.0,N,,,,,,
65.19230719076954,-143.47398152293678,2008-07-16,1,0,0.0,85.0,,Pastick,,0.0,N,,,,,,
65.19480768106155,-143.4714180792299,2008-07-16,1,0,0.0,90.0,,Pastick,,6.0,N,,,,,,
65.20052698075412,-143.47028241538277,2008-07-16,1,0,0.0,49.0,,Pastick,,27.0,Y,,,,,,
65.20366122803861,-143.453932501543,2008-07-16,1,0,0.0,46.0,,Pastick,,41.0,N,,,,,,
65.08556798283445,-143.80460787243678,2008-07-17,1,0,0.0,70.0,,Pastick,,12.0,N,,,,,,
65.26471656763033,-143.72145117904756,2008-07-18,1,1,36.0,63.0,,Pastick,,21.0,N,,,,,,
65.26922846564995,-143.7100445744204,2008-07-18,1,0,0.0,90.0,,Pastick,,4.0,N,,,,,,
65.28234270573157,-143.70399207170098,2008-07-18,1,1,50.0,55.0,,Pastick,,39.0,N,,,,,,
65.28837817656826,-143.71060966682847,2008-07-18,1,0,0.0,50.0,,Pastick,,40.0,N,,,,,,
65.53288089066875,-143.66159951250816,2008-07-28,1,1,55.0,71.0,,Pastick,,55.0,N,,,,,,
65.58487205129323,-143.93530554699427,2008-07-29,1,0,0.0,110.0,,Pastick,,7.0,N,,,,,,
65.50353862784877,-143.70947479047322,2008-07-30,1,1,82.0,85.0,,Pastick,,85.0,N,,,,,,
65.49653294842793,-143.71916243695037,2008-07-30,1,1,41.0,60.0,,Pastick,,46.0,N,,,,,,
65.4976404481704,-143.7168772768761,2008-07-30,1,1,45.0,70.0,,Pastick,,70.0,N,,,,,,
65.50605738330881,-143.6845324298787,2008-07-31,1,0,0.0,183.0,,Pastick,,0.0,N,,,,,,
65.47357535491692,-143.8163551462412,2008-08-13,1,0,0.0,183.0,,Pastick,,7.0,N,,,,,,
65.40532520281886,-143.82776147401796,2008-08-14,1,1,69.0,80.0,,Pastick,,18.0,N,,,,,,
65.4111492821258,-143.82129508839347,2008-08-14,1,1,33.0,52.0,,Pastick,,27.0,N,,,,,,
65.4166954223431,-143.8177610130592,2008-08-14,1,1,45.0,70.0,,Pastick,,21.0,N,,,,,,
65.42199119164873,-143.81505214778923,2008-08-14,1,1,65.0,75.0,,Pastick,,56.0,N,,,,,,
65.34622110291417,-143.6712867511,2008-08-16,1,1,58.0,72.0,,Pastick,,44.0,N,,,,,,
65.34318232502677,-143.6819419924969,2008-08-16,1,1,70.0,82.0,,Pastick,,16.0,N,,,,,,
65.34002218527422,-143.6863792951837,2008-08-16,1,0,0.0,66.0,,Pastick,,13.0,N,,,,,,
65.06953635501435,-143.81558542945385,2008-10-15,1,1,38.0,43.0,,Pastick,,29.0,N,,,,,,
65.60898474210188,-143.7609476112206,2008-06-30,1,1,48.0,58.0,,Pastick,,22.0,N,,,,,,
65.48602931151187,-143.5633883047929,2008-07-01,1,0,0.0,85.0,,Pastick,,0.0,N,,,,,,
65.48179653022561,-143.55914286945702,2008-07-01,1,1,43.0,50.0,,Pastick,,33.0,N,,,,,,
65.47701784000688,-143.56082353371735,2008-07-01,1,0,0.0,74.0,,Pastick,,6.0,N,,,,,,
65.46236370346277,-143.2415414437212,2008-07-02,1,1,40.0,44.0,,Pastick,,27.0,N,,,,,,
65.47784189768845,-143.26057136731947,2008-07-02,1,1,30.0,38.0,,Pastick,,30.0,N,,,,,,
65.47459609003134,-143.27486309957365,2008-07-02,1,1,22.0,39.0,,Pastick,,39.0,N,,,,,,
65.38736442169252,-143.1376870645165,2008-07-03,1,1,64.0,74.0,,Pastick,,24.0,N,,,,,,
65.39532539421766,-143.20446450437137,2008-07-04,1,1,39.0,59.0,,Pastick,,28.0,N,,,,,,
65.07653739659888,-143.30779239301626,2008-07-13,1,0,0.0,67.0,,Pastick,,41.0,N,,,,,,
65.0763980838852,-143.292052184855,2008-07-13,1,0,0.0,66.0,,Pastick,,10.0,N,,,,,,
65.06783396178034,-143.28325890304097,2008-07-13,1,0,0.0,68.0,,Pastick,,17.0,N,,,,,,
65.062903886978,-143.25952278900945,2008-07-13,1,0,0.0,60.0,,Pastick,,24.0,N,,,,,,
65.22427938613218,-143.55022645752555,2008-07-16,1,1,49.0,78.0,,Pastick,,78.0,N,,,,,,
65.22825006821138,-143.56189675268158,2008-07-16,1,1,32.0,47.0,,Pastick,,47.0,N,,,,,,
65.10826590428682,-143.69118796535983,2008-07-17,1,0,0.0,71.0,,Pastick,,16.0,N,,,,,,
65.09154693371813,-143.6907853217014,2008-07-17,1,0,0.0,37.0,,Pastick,,13.0,N,,,,,,
65.2391366043503,-143.3094650048146,2008-07-18,1,0,0.0,45.0,,Pastick,,4.0,N,,,,,,
65.59378277008503,-143.986822726937,2008-07-27,1,0,0.0,183.0,,Pastick,,0.0,N,,,,,,
65.46885792646322,-143.7732855020508,2008-08-14,1,0,0.0,60.0,,Pastick,,8.0,N,,,,,,
65.46469345499216,-143.7649187672083,2008-08-14,1,0,0.0,92.0,,Pastick,,0.0,N,,,,,,
65.35197701515258,-143.5699044397446,2008-08-16,1,1,50.0,62.0,,Pastick,,23.0,N,,,,,,
65.37108860323612,-143.60849403896796,2008-08-17,1,1,92.0,118.0,,Pastick,,8.0,N,,,,,,
65.26257135836053,-143.55583835938634,2008-08-18,1,1,51.0,57.0,,Pastick,,45.0,N,,,,,,
65.54545158759699,-143.7542166767213,2008-08-28,1,1,60.0,73.0,,Pastick,,60.0,N,,,,,,
65.45054562404117,-143.6471420662589,2008-08-28,1,0,0.0,140.0,,Pastick,,0.0,N,,,,,,
65.42382519564228,-143.60490040546898,2008-08-29,1,0,0.0,101.0,,Pastick,,0.0,N,,,,,,
65.06519566465977,-143.24246468744897,2008-07-13,1,0,0.0,50.0,,Pastick,,32.0,N,,,,,,
65.09233666500175,-143.58365546595573,2008-07-14,1,0,0.0,69.0,,Pastick,,7.0,N,,,,,,
60.52358,-117.02277,2012-08-18,1,1,100.0,100.0,,Schaefer_2020,,,,,,,,,
60.96547,-117.17677,2013-08-10,1,1,32.16666667,32.16666667,,Schaefer_2020,,,,,,,,,
60.96918,-117.29615,2012-08-18,1,1,59.0,59.0,,Schaefer_2020,,,,,,,,,
62.07367,-116.3219,2013-08-11,1,1,60.17,60.17,,Schaefer_2020,,,,,,,,,
62.32266,-113.1125,2013-08-10,1,1,59.66666667,59.66666667,,Schaefer_2020,,,,,,,,,
62.3272,-113.1178,2013-08-10,1,1,55.33333333,55.33333333,,Schaefer_2020,,,,,,,,,
62.38303,-113.38303,2013-08-10,1,1,74.83333333,74.83333333,,Schaefer_2020,,,,,,,,,
62.49374,-113.43828,2013-08-10,1,1,59.25,59.25,,Schaefer_2020,,,,,,,,,
62.54267,-116.4457,2013-08-10,1,1,37.0,37.0,,Schaefer_2020,,,,,,,,,
62.56528,-116.37776,2013-08-11,1,1,100.0,100.0,,Schaefer_2020,,,,,,,,,
68.63,-150.27,2013-08-11,1,1,47.7,47.7,,Schaefer_2020,,,,,,,,,
68.78868,-148.85028,2016-08-15,1,1,60.3,60.3,,Schaefer_2020,,,,,,,,,
68.877721,-150.485307,2013-08-11,1,1,66.9,66.9,,Schaefer_2020,,,,,,,,,
68.881152,-150.730976,2013-08-11,1,1,55.85,55.85,,Schaefer_2020,,,,,,,,,
68.901161,-150.579065,2013-08-11,1,1,65.1,65.1,,Schaefer_2020,,,,,,,,,
68.906329,-150.233182,2013-08-11,1,1,66.75,66.75,,Schaefer_2020,,,,,,,,,
68.920772,-150.036893,2013-08-11,1,1,52.35,52.35,,Schaefer_2020,,,,,,,,,
68.9344853,-150.2728053,2013-08-11,1,1,48.76470588235294,48.76470588235294,,Schaefer_2020,,,,,,,,,
68.947777,-150.671791,2013-08-11,1,1,53.1,53.1,,Schaefer_2020,,,,,,,,,
68.948905,-150.439662,2013-08-11,1,1,65.8,65.8,,Schaefer_2020,,,,,,,,,
68.950556,-150.835485,2013-08-11,1,1,47.05,47.05,,Schaefer_2020,,,,,,,,,
68.95215,-148.8761,2016-08-15,1,1,46.3,46.3,,Schaefer_2020,,,,,,,,,
68.98135,-148.83099,2014-08-13,1,1,88.0,88.0,,Schaefer_2020,,,,,,,,,
68.985278,-150.521837,2013-08-11,1,1,67.6,67.6,,Schaefer_2020,,,,,,,,,
68.99,-150.28,2013-08-11,1,1,43.907407407407405,43.907407407407405,,Schaefer_2020,,,,,,,,,
68.99113,-150.625969,2013-08-11,1,1,65.05000000000001,65.05000000000001,,Schaefer_2020,,,,,,,,,
69.003587,-150.734651,2013-08-11,1,1,63.6,63.6,,Schaefer_2020,,,,,,,,,
69.005575,-150.392413,2013-08-11,1,1,57.1,57.1,,Schaefer_2020,,,,,,,,,
69.017626,-150.915936,2013-08-11,1,1,48.85,48.85,,Schaefer_2020,,,,,,,,,
69.021547,-150.549971,2013-08-11,1,1,62.3,62.3,,Schaefer_2020,,,,,,,,,
69.025704,-150.122863,2013-08-11,1,1,43.4,43.4,,Schaefer_2020,,,,,,,,,
69.032527,-150.796653,2013-08-11,1,1,45.75,45.75,,Schaefer_2020,,,,,,,,,
69.036425,-150.678506,2013-08-11,1,1,57.9,57.9,,Schaefer_2020,,,,,,,,,
69.04042677,-150.4120252,2013-08-11,1,1,50.6078431372549,50.6078431372549,,Schaefer_2020,,,,,,,,,
69.040767,-150.384684,2013-08-11,1,1,61.2,61.2,,Schaefer_2020,,,,,,,,,
69.052827,-150.609415,2013-08-11,1,1,49.3,49.3,,Schaefer_2020,,,,,,,,,
69.075018,-150.739097,2013-08-11,1,1,58.95,58.95,,Schaefer_2020,,,,,,,,,
69.083073,-150.192424,2013-08-11,1,1,55.2,55.2,,Schaefer_2020,,,,,,,,,
69.097619,-150.605476,2013-08-11,1,1,57.8,57.8,,Schaefer_2020,,,,,,,,,
69.117951,-150.522133,2013-08-11,1,1,65.65,65.65,,Schaefer_2020,,,,,,,,,
69.125093,-148.148851,2014-08-11,1,1,37.7,37.7,,Schaefer_2020,,,,,,,,,
69.131161,-150.776315,2013-08-11,1,1,59.85,59.85,,Schaefer_2020,,,,,,,,,
69.142566,-150.920629,2013-08-11,1,1,42.95,42.95,,Schaefer_2020,,,,,,,,,
69.14942,-150.669112,2013-08-11,1,1,58.8,58.8,,Schaefer_2020,,,,,,,,,
69.15909,-150.372051,2013-08-11,1,1,38.85,38.85,,Schaefer_2020,,,,,,,,,
69.173131,-150.832241,2013-08-11,1,1,58.1,58.1,,Schaefer_2020,,,,,,,,,
69.182426,-150.528724,2013-08-11,1,1,59.65,59.65,,Schaefer_2020,,,,,,,,,
69.214349,-150.955404,2013-08-11,1,1,68.65,68.65,,Schaefer_2020,,,,,,,,,
69.215311,-150.879409,2013-08-11,1,1,58.65,58.65,,Schaefer_2020,,,,,,,,,
69.228117,-150.748094,2013-08-11,1,1,52.9,52.9,,Schaefer_2020,,,,,,,,,
69.233693,-150.601337,2013-08-11,1,1,56.65,56.65,,Schaefer_2020,,,,,,,,,
69.261326,-150.891772,2013-08-11,1,1,54.3,54.3,,Schaefer_2020,,,,,,,,,
69.2796,-150.662435,2013-08-11,1,1,56.75,56.75,,Schaefer_2020,,,,,,,,,
69.281249,-150.478394,2013-08-11,1,1,47.15,47.15,,Schaefer_2020,,,,,,,,,
69.290306,-150.783888,2013-08-11,1,1,59.2,59.2,,Schaefer_2020,,,,,,,,,
69.302733,-150.903301,2013-08-11,1,1,57.1,57.1,,Schaefer_2020,,,,,,,,,
69.312696,-150.701603,2013-08-11,1,1,47.3,47.3,,Schaefer_2020,,,,,,,,,
69.321175,-151.064796,2013-08-11,1,1,45.3,45.3,,Schaefer_2020,,,,,,,,,
69.341872,-150.921334,2013-08-11,1,1,57.150000000000006,57.150000000000006,,Schaefer_2020,,,,,,,,,
69.358039,-150.68531,2013-08-11,1,1,62.8,62.8,,Schaefer_2020,,,,,,,,,
69.364545,-150.596434,2013-08-11,1,1,52.150000000000006,52.150000000000006,,Schaefer_2020,,,,,,,,,
69.384466,-150.928384,2013-08-11,1,1,57.25,57.25,,Schaefer_2020,,,,,,,,,
69.397455,-150.700217,2013-08-11,1,1,63.1,63.1,,Schaefer_2020,,,,,,,,,
69.429722,-150.873225,2013-08-11,1,1,53.1,53.1,,Schaefer_2020,,,,,,,,,
70.03275,-148.641444,2018-08-24,1,1,43.59090909090909,43.59090909090909,,Schaefer_2020,,,,,,,,,
70.1653,-148.4581,2018-08-24,1,1,43.11764705882353,43.11764705882353,,Schaefer_2020,,,,,,,,,
66.45071698,-158.890106,2022-09-15,1,0,,120.0,120.0,Selawik,,,,,,,,,
64.72772545714813,-165.9418121975912,2019-08-15,1,0,,,,Seward,,,,,,,,,
67.4749,-162.2664,2016-12-15,1,0,,100.0,101.0,Wang_2018,,,,,,,,,
69.1704,-158.0067,2004-12-15,1,1,50.0,100.0,101.0,Wang_2018,,,,,,,,,
69.1555,-158.0305,2015-12-15,1,1,75.0,100.0,101.0,Wang_2018,,,,,,,,,
71.309,-156.661,2016-12-15,1,1,50.0,100.0,101.0,Wang_2018,,,,,,,,,
64.707,-148.291,2016-12-15,1,1,100.0,100.0,101.0,Wang_2018,,,,,,,,,
65.314,-143.132,2016-12-15,1,0,,100.0,101.0,Wang_2018,,,,,,,,,
67.7142,-150.585,2016-12-15,1,0,,100.0,101.0,Wang_2018,,,,,,,,,
62.12400000000001,-141.847,2016-12-15,1,0,,100.0,101.0,Wang_2018,,,,,,,,,
61.274,-142.621,2016-12-15,1,0,,100.0,101.0,Wang_2018,,,,,,,,,
69.972,-144.7706,2015-12-15,1,1,50.0,100.0,101.0,Wang_2018,,,,,,,,,
68.069,-149.58,2016-12-15,1,1,75.0,100.0,101.0,Wang_2018,,,,,,,,,
63.26800000000001,-149.539,2016-12-15,1,0,,100.0,101.0,Wang_2018,,,,,,,,,
66.2759,-164.5309,2016-12-15,1,0,,100.0,101.0,Wang_2018,,,,,,,,,
70.161,-148.465,2016-12-15,1,0,,100.0,101.0,Wang_2018,,,,,,,,,
70.8645,-153.90670000000003,2015-12-15,1,1,50.0,100.0,101.0,Wang_2018,,,,,,,,,
65.2752,-163.82,2016-12-15,1,0,,100.0,101.0,Wang_2018,,,,,,,,,
70.5685,-152.965,2015-12-15,1,1,50.0,100.0,101.0,Wang_2018,,,,,,,,,
70.3352,-152.052,2015-12-15,1,1,50.0,100.0,101.0,Wang_2018,,,,,,,,,
61.603,-143.013,2016-12-15,1,0,,100.0,101.0,Wang_2018,,,,,,,,,
68.156,-156.8958,2016-12-15,1,0,,100.0,101.0,Wang_2018,,,,,,,,,
67.5448,-157.0774,2016-12-15,1,0,,100.0,101.0,Wang_2018,,,,,,,,,
70.4416,-154.3656,2015-12-15,1,1,75.0,100.0,101.0,Wang_2018,,,,,,,,,
68.64,-149.352,2016-12-15,1,0,,100.0,101.0,Wang_2018,,,,,,,,,
69.9896,-153.0938,2015-12-15,1,1,75.0,100.0,101.0,Wang_2018,,,,,,,,,
67.5734,-158.4317,2016-12-15,1,0,,100.0,101.0,Wang_2018,,,,,,,,,
67.9835,-155.013,2016-12-15,1,0,,100.0,101.0,Wang_2018,,,,,,,,,
68.3165,-161.4918,2016-12-15,1,0,,100.0,101.0,Wang_2018,,,,,,,,,
69.7516,-154.6176,2015-12-15,1,0,,100.0,101.0,Wang_2018,,,,,,,,,
70.6898,-152.6333,2015-12-15,1,0,,100.0,101.0,Wang_2018,,,,,,,,,
65.8203,-164.5428,2016-12-15,1,0,,100.0,101.0,Wang_2018,,,,,,,,,
67.1414,-162.9945,2016-12-15,1,0,,100.0,101.0,Wang_2018,,,,,,,,,
69.7776,-144.7933,2015-12-15,1,1,75.0,100.0,101.0,Wang_2018,,,,,,,,,
69.8894,-142.9839,2015-12-15,1,1,75.0,100.0,101.0,Wang_2018,,,,,,,,,
67.7663,-152.1642,2016-12-15,1,0,,100.0,101.0,Wang_2018,,,,,,,,,
70.0366,-157.0814,2015-12-15,1,1,75.0,100.0,101.0,Wang_2018,,,,,,,,,
65.085,-164.895,2016-12-15,1,1,100.0,100.0,101.0,Wang_2018,,,,,,,,,
67.6243,-154.3446,2016-12-15,1,0,,100.0,101.0,Wang_2018,,,,,,,,,
62.71,-150.54,2016-12-15,1,0,,100.0,101.0,Wang_2018,,,,,,,,,
68.6816,-144.8421,2015-12-15,1,1,100.0,100.0,101.0,Wang_2018,,,,,,,,,
65.8523,-164.7078,2016-12-15,1,0,,100.0,101.0,Wang_2018,,,,,,,,,
67.4599,-159.8413,2016-12-15,1,0,,100.0,101.0,Wang_2018,,,,,,,,,
67.995,-160.3957,2016-12-15,1,0,,100.0,101.0,Wang_2018,,,,,,,,,
69.433,-148.674,2016-12-15,1,0,,100.0,101.0,Wang_2018,,,,,,,,,
69.428,-148.7,2016-12-15,1,0,,100.0,101.0,Wang_2018,,,,,,,,,
66.606,-160.01899999999998,2016-12-15,1,1,75.0,100.0,101.0,Wang_2018,,,,,,,,,
70.6285,-156.8353,2015-12-15,1,1,50.0,100.0,101.0,Wang_2018,,,,,,,,,
67.5502,-163.5672,2016-12-15,1,0,,100.0,101.0,Wang_2018,,,,,,,,,
60.908,-142.901,2016-12-15,1,0,,100.0,101.0,Wang_2018,,,,,,,,,
61.181,-144.342,2016-12-15,1,0,,100.0,101.0,Wang_2018,,,,,,,,,
63.524,-150.043,2016-12-15,1,0,,100.0,101.0,Wang_2018,,,,,,,,,
70.1959,-161.07809999999998,2015-12-15,1,1,75.0,100.0,101.0,Wang_2018,,,,,,,,,
64.853,-147.857,2016-12-15,1,0,,100.0,101.0,Wang_2018,,,,,,,,,
64.517,-143.202,2016-12-15,1,0,,100.0,101.0,Wang_2018,,,,,,,,,
69.3957,-152.1428,2015-12-15,1,1,50.0,100.0,101.0,Wang_2018,,,,,,,,,
63.814,-150.109,2016-12-15,1,0,,100.0,101.0,Wang_2018,,,,,,,,,
70.374,-148.552,2016-12-15,1,1,50.0,100.0,101.0,Wang_2018,,,,,,,,,
68.317379,-133.43895,2017-08-18,1,1,53.7,53.7,100.0,Zhang_2019,,66.0,,,,,,,
68.308784,-133.52917,2017-08-18,1,1,66.4,66.4,100.0,Zhang_2019,,22.0,,,,,,,
68.385338,-133.75692,2017-08-16,1,1,100.0,100.0,100.0,Zhang_2019,,2.0,,,,,,,
69.304085,-132.96697,2017-08-19,1,1,37.7,37.7,100.0,Zhang_2019,,29.3,,,,,,,
69.32375,-133.02832,2017-08-22,1,1,48.2,48.2,100.0,Zhang_2019,,7.5,,,,,,,
69.339985,-133.02805,2017-08-22,1,1,45.4,45.4,100.0,Zhang_2019,,23.0,,,,,,,
