lat,lon,date,n_grouped,pf_observed,pf_depth,obs_depth,obs_limit,source,transect_point,org_thick,rock,Soil Type,rocky/silty,Wildfire,Widlfire date/name,Burn Year,Canopy and Surface
63.14888143326733,-117.25366849504952,2019-08-15,101,1,,,,Bonaventure_Whati,,,,,,,,,
63.16431249151517,-117.15353069696968,2019-08-15,33,1,,,,Bonaventure_Whati,,,,,,,,,
63.176486877500004,-117.29734037499999,2019-08-15,8,1,,,,Bonaventure_Whati,,,,,,,,,
63.17249067333333,-117.144044,2019-08-15,3,1,,,,Bonaventure_Whati,,,,,,,,,
66.26713080131599,-150.3496964771416,2016-09-02,25,0,108.7,147.1818181818182,137.96,Minsley_2017,,6.636363636363637,,,,,,,
65.82620466666667,-149.53213,2008-08-18,3,1,74.0,93.33333333333333,,Pastick,,10.333333333333334,N,,,,,,
65.882,-149.66733319999997,2008-08-17,5,1,54.6,92.0,,Pastick,,16.0,N,,,,,,
65.80080577538364,-149.4370551929524,2016-09-03,33,1,55.515151515151516,55.65625,129.54545454545453,Minsley_2017,,7.625,,,,,,,
65.7645808785271,-149.39455496434107,2015-08-29,129,0,137.08943089430895,137.04032258064515,132.0,Minsley_2015,,9.26,,,,,,,
65.82411994156864,-149.60562028627453,2015-08-29,51,1,95.46511627906976,113.52941176470588,132.0,Minsley_2015,,10.235294117647058,,,,,,,
65.57196660283158,-148.92666039391017,2016-09-04,28,1,85.67857142857143,80.1923076923077,133.78571428571428,Minsley_2017,,6.85,,,,,,,
65.57219405034483,-148.92655817241382,2017-08-11,29,1,59.10344827586207,59.10344827586207,132.0,Minsley_2017,,,,,,,,,
65.5680814166667,-148.92455425,2013-08-11,186,1,45.84767025089605,45.84767025089605,,Schaefer_2020,,,,,,,,,
65.3433017377397,-146.91333393830544,2016-08-31,40,1,82.85185185185185,88.7741935483871,130.525,Minsley_2017,,13.555555555555555,,,,,,,
65.34019441666663,-146.91509074999996,2013-08-11,186,1,28.240143369175623,28.240143369175623,,Schaefer_2020,,,,,,,,,
65.23103932273526,-148.12458444766418,2016-08-30,32,1,61.36842105263158,74.69565217391305,129.84375,Minsley_2017,,17.53846153846154,,,,,,,
65.22938107107143,-148.1266300714286,2015-08-29,28,1,50.2962962962963,50.2962962962963,132.0,Minsley_2015,,12.962962962962964,,,,,,,
60.566520000000004,-116.12665333333332,1962-08-15,3,0,113.0,113.0,,Holloway_2019,,55.666666666666664,,Sand,,,,,Spruce and tamarack; hummocky sphagnum
60.566520000000004,-116.12665333333332,2018-08-15,3,0,,,,Holloway_2019,,27.666666666666668,,Sand,,,,,"Spruce and tamarack; hummocky moss, grass, lab tea, lichen, birch"
60.615854999999996,-116.079555,1962-08-15,2,0,,,,Holloway_2019,,61.0,,Sand,,,,,"Spruce, tamarack; hummocky sphagnum"
60.615854999999996,-116.079555,2018-08-15,2,0,,,,Holloway_2019,,15.0,,Sand,,,,,"Spruce, tamarack; hummocky sphagnum, lichen, lab tea"
60.711796666666665,-115.8959,1962-08-15,3,0,84.0,84.0,,Holloway_2019,,,,Sand and gravel,,,,,"Poplar, jack pine, spruce"
60.711796666666665,-115.8959,2018-08-15,3,0,146.0,146.0,,Holloway_2019,,30.333333333333332,,Sand and gravel,,,,,"Poplar, spruce, tamarack; Moss, willow, lab tea"
60.429155,-116.35355,1962-08-15,2,0,84.0,84.0,,Holloway_2019,,91.0,,"Clay, silt, some stones",,,,,"Jack pine, poplar; Forest litter"
60.429155,-116.35355,2018-08-15,2,0,51.0,51.0,,Holloway_2019,,33.0,,"Clay, silt, some stones",,,,,"Jack pine, poplar; forest litter"
60.484607499999996,-116.3104075,1962-08-15,4,1,60.0,60.0,,Holloway_2019,,59.333333333333336,,"Organic, sand, silt, clay",,,,,"Spruce and tamarack; Peat plateau with hummocky moss, lichen, and labrador tea"
60.484607499999996,-116.3104075,2018-08-15,4,1,140.5,140.5,,Holloway_2019,,52.0,,"Organic, sand, silt, clay",,,,,"Spruce and tamarack; moss, horsetails, willow"
60.27525,-116.56372666666668,1962-08-15,3,1,90.33333333333333,90.33333333333333,,Holloway_2019,,40.333333333333336,,"Silt, sand, clay",,,,,"Spruce; hummocky sphagnum, lichen, lab tea"
60.27525,-116.56372666666668,2018-08-15,3,0,129.0,129.0,,Holloway_2019,,47.333333333333336,,"Silt, sand, clay",,,,,"Spruce, willow, birch, tamarack; moss, lab tea, sedge, wet"
60.194365000000005,-116.664905,1962-08-15,2,0,,,,Holloway_2019,,,,Sand and gravel,,,,,"Poplar, birch, jack pine"
60.194365000000005,-116.664905,2018-08-15,2,0,,,,Holloway_2019,,16.5,,Sand and gravel,,,,,"Poplar, birch, spruce, jack pine"
59.75310666666667,-117.08078666666665,1962-08-15,3,0,,,,Holloway_2019,,23.0,,Clay,,,,,"Poplar, jack pine, spruce"
59.75310666666667,-117.08078666666665,2018-08-15,3,0,144.0,144.0,,Holloway_2019,,20.666666666666668,,Clay,,,,,"Poplar, spruce; forest litter"
59.80958333333333,-117.05339333333332,1962-08-15,3,1,66.0,66.0,,Holloway_2019,,101.66666666666667,,"Clay, silt",,,,2012,Spruce; hummocky sphangum
59.80958333333333,-117.05339333333332,2018-08-15,3,1,56.666666666666664,56.666666666666664,,Holloway_2019,,85.66666666666667,,"Clay, silt",,,,2012,"Spruce, tamarack; hummocky sphagnum, lichen, lab tea"
59.893795,-117.04233500000001,1962-08-15,4,0,61.0,61.0,,Holloway_2019,,64.25,,"Silt, clay",,,,,"Spruce, tamarack; moss, lichen"
59.893795,-117.04233500000001,2018-08-15,4,0,79.0,79.0,,Holloway_2019,,30.25,,"Silt, clay",,,,,"Spruce, tamarack, poplar; moss, licen, grass, rose "
59.93979625000001,-117.02760750000002,1962-08-15,8,1,65.5,65.5,,Holloway_2019,,76.0,,"Clay, silt",,,,,Spruce; hummocky sphagnum
59.937755,-117.02842500000001,2018-08-15,6,1,57.0,57.0,,Holloway_2019,,54.6,,"Clay, silt",,,,,"Spruce; hummocky sphagnum, lichen, lab tea"
59.53539,-117.18638,1962-08-15,2,0,61.0,61.0,,Holloway_2019,,94.0,,"Silt, clay",,,,,"Spruce; hummocky sphagnum, lab tea, wet"
59.53539,-117.18638,2018-08-15,2,1,63.0,63.0,,Holloway_2019,,45.0,,"Silt, clay",,,,,"Spruce; hummocky moss, lab tea, lichen"
59.603142000000005,-117.180464,1962-08-15,5,1,128.0,128.0,,Holloway_2019,,78.75,,Sand,,,,,Spruce; sphagnum
59.603142000000005,-117.180464,2018-08-15,5,1,70.0,70.0,,Holloway_2019,,34.4,,Sand,,,,,"Spruce, hummocky sphagnum, moss, lab tea, lichen"
59.391,-117.29753,1962-08-15,3,1,61.0,61.0,,Holloway_2019,,61.0,,Gravel and  clay,,,,2012,
59.391,-117.29753,2018-08-15,3,0,116.0,116.0,,Holloway_2019,,27.666666666666668,,Gravel and  clay,,,,2012,"Poplar, willow; moss, fire weed"
59.1968,-117.540295,1962-08-15,2,1,61.0,61.0,,Holloway_2019,,61.0,,"Clay, sand, gravel",,,,,"Sphagnum, lichen, lab tea"
59.1968,-117.540295,2018-08-15,2,0,65.0,65.0,,Holloway_2019,,37.5,,"Clay, sand, gravel",,,,,Grass
57.78849333333333,-117.69006999999999,1962-08-15,3,1,86.33333333333333,86.33333333333333,,Holloway_2019,,100.66666666666667,,,,,,,Spruce; sphagnum
57.788484999999994,-117.68984,2018-08-15,2,0,,,,Holloway_2019,,2.0,,,,,,,"Spruce; sphagnum, lichen, lab tea"
60.8169,-115.794295,1962-08-15,2,0,,,,Holloway_2019,,,,,,,,,"Jack pine, poplar, spruce"
64.73127043103241,-148.01738303188682,1997-07-30,5,0,20.0,78.8,,Pastick,10.0,21.2,N,,,,,,
64.72367892541382,-147.91704294942528,1997-07-30,4,0,0.0,110.0,,Pastick,7.0,68.5,N,,,,,,
64.75766552252648,-148.35558510672536,2003-07-03,4,0,10.25,47.75,,Pastick,2.0,13.25,Y,,,,,,
64.75500719322487,-147.93696825383213,1997-07-25,15,0,17.666666666666668,102.86666666666666,,Pastick,4.0,12.866666666666667,N,,,,,,
64.75279323682926,-147.82190049126388,1997-08-17,16,1,38.0,83.3125,,Pastick,4.0,21.3125,N,,,,,,
64.76665301138493,-147.76403745806942,1997-08-07,4,1,26.5,71.5,,Pastick,4.0,38.75,N,,,,,,
64.80610033815441,-148.22366926933097,2002-07-29,4,0,0.0,113.5,,Pastick,4.0,10.5,Y,,,,,,
64.80345028325183,-148.15034441606798,2002-07-06,17,0,14.352941176470589,77.88235294117646,,Pastick,4.0,17.294117647058822,Y,,,,,,
64.8073661274055,-148.06690250866228,2002-06-23,7,0,16.571428571428573,84.28571428571429,,Pastick,3.0,12.571428571428571,Y,,,,,,
64.78442347554882,-147.90458797834978,1997-07-19,2,0,0.0,140.0,,Pastick,16.0,9.0,N,,,,,,
64.84711989889806,-148.11614907182454,2002-08-11,7,0,8.0,76.57142857142857,,Pastick,3.0,13.571428571428571,Y,,,,,,
64.84691874126915,-148.06666878805055,2002-07-21,10,0,15.3,73.8,,Pastick,6.0,12.7,Y,,,,,,
64.89242284355853,-148.37068878359187,2003-06-19,3,0,16.0,67.33333333333333,,Pastick,4.0,34.333333333333336,Y,,,,,,
64.88516408493452,-148.12928928729298,2002-09-12,10,0,16.2,51.9,,Pastick,2.0,13.7,Y,,,,,,
64.8800702542826,-148.0713421743175,2002-09-08,12,0,5.416666666666667,66.41666666666667,,Pastick,2.0,12.25,Y,,,,,,
64.92833111939743,-148.10146122877785,2002-08-28,8,0,33.375,111.875,,Pastick,5.0,7.875,N,,,,,,
64.6960571820277,-148.32236046543775,2018-08-10,434,1,91.28341013824885,,157.0,James_2019,,,,,,,,,
64.69611100000002,-148.32233612499994,2019-08-07,144,1,59.9375,,157.0,James_2019,,,,,,,,,
64.69587933333334,-148.3255368333333,2013-08-11,93,1,43.35842293906811,43.3584229390681,,Schaefer_2020,,,,,,,,,
64.71421767895117,-148.34095600892414,2003-07-08,5,0,12.8,107.0,,Pastick,1.0,16.2,N,,,,,,
64.71215133333334,-148.2956414666667,2016-09-12,15,1,105.92857142857143,105.53333333333333,127.86666666666666,Minsley_2017,,,,,,,,,
64.71230309090907,-148.29659390909094,2019-09-02,22,0,70.81818181818181,36.40909090909091,1.0,James_2020,,,,,,,,,
64.71230427954545,-148.29658303636367,2021-09-12,22,1,73.0,99.81818181818181,132.0,Minsley_2021,,11.0,,,,,,,
64.7314709644199,-148.24009351078044,2002-08-14,2,1,54.0,54.0,,Pastick,1.0,15.5,N,,,,,,
64.71256690919304,-148.28062475317245,2003-07-09,2,0,0.0,140.0,,Pastick,2.0,4.0,Y,,,,,,
64.71354482470589,-148.29257355294118,2015-08-29,34,1,89.0,121.11764705882354,132.0,Minsley_2015,,10.3,,,,,,,
64.76545575051507,-148.27394543353475,2003-07-05,3,0,6.0,91.33333333333333,,Pastick,1.0,17.666666666666668,Y,,,,,,
64.75789482444164,-148.13941377962627,2002-07-09,5,0,0.0,105.2,,Pastick,7.0,8.0,N,,,,,,
64.75201704500004,-148.10730575306124,2015-08-29,98,1,98.83908045977012,115.91836734693878,132.0,Minsley_2015,,11.95,,,,,,,
64.76741329222784,-148.03728726407923,2002-06-14,5,0,21.4,70.6,,Pastick,4.0,13.4,N,,,,,,
64.7474997635692,-148.00805979314262,1997-07-24,11,0,23.272727272727273,122.18181818181819,,Pastick,7.0,11.090909090909092,N,,,,,,
64.82707782280647,-147.65058414463542,1997-08-18,2,0,0.0,150.0,,Pastick,1.0,0.0,N,,,,,,
64.81494746796997,-147.62286628385746,1997-08-07,3,0,0.0,131.66666666666666,,Pastick,1.0,1.3333333333333333,N,,,,,,
64.8549805893233,-147.6135779052715,1997-06-25,2,0,0.0,167.5,,Pastick,6.0,5.5,N,,,,,,
64.85996699834963,-147.64085183873436,1997-08-12,2,0,0.0,49.0,,Pastick,3.0,27.5,N,,,,,,
64.87136333965265,-147.72485279999998,2014-08-12,403,1,62.483812780237805,62.4838127802378,,Schaefer_2020,,,,,,,,,
64.91988813559321,-147.82074024576266,2019-09-04,118,1,91.75531914893617,73.47966101694915,0.3864406779661017,James_2020,,,,,,,,,
64.91490585805555,-147.84742026388892,2021-09-16,36,1,58.24242424242424,64.38888888888889,132.0,Minsley_2021,,,,,,,,,
64.91469723038364,-147.76842479633387,1999-06-10,2,0,0.0,52.0,,Pastick,9.0,10.5,N,,,,,,
65.61786630076922,-156.52849707307695,2018-07-08,26,1,,,,Koyukuk_2018,,,,,,,,,
65.63886975699998,-156.45602559,2018-07-08,20,1,,,,Koyukuk_2018,,,,,,,,,
65.648941181,-156.37281689000002,2018-07-08,10,1,,,,Koyukuk_2018,,,,,,,,,
65.67407149,-156.59590373333333,2018-07-08,3,1,,,,Koyukuk_2018,,,,,,,,,
65.68081908672728,-156.44605778000002,2018-07-08,55,0,,,,Koyukuk_2018,,,,,,,,,
65.68721185073171,-156.3729331219512,2018-07-08,41,0,,,,Koyukuk_2018,,,,,,,,,
65.72792297115384,-156.52851025,2018-07-08,26,0,,,,Koyukuk_2018,,,,,,,,,
65.72609454428571,-156.47653092857144,2018-07-08,7,0,,,,Koyukuk_2018,,,,,,,,,
65.7319030317647,-156.38413348823528,2018-07-08,17,1,67.57142857142857,67.57142857142857,100.0,Koyukuk_2018,,,,,,,,,
65.72498894555555,-156.2148391851852,2018-07-08,27,1,58.80555555555556,58.80555555555556,100.0,Koyukuk_2018,,,,,,,,,
65.75651627153846,-156.53009940512825,2018-07-08,39,1,,,,Koyukuk_2018,,,,,,,,,
65.77227026,-156.46078709375,2018-07-08,16,0,,,,Koyukuk_2018,,,,,,,,,
65.82207545733333,-156.35993577333335,2018-07-08,45,0,,,,Koyukuk_2018,,,,,,,,,
65.85356172181818,-156.33006222727275,2018-07-08,11,0,,,,Koyukuk_2018,,,,,,,,,
65.86362405344828,-156.25546080000004,2018-07-08,29,0,,,,Koyukuk_2018,,,,,,,,,
66.17172612285714,-150.2073255761905,2015-08-29,21,0,129.2,162.28571428571428,132.0,Minsley_2015,,8.904761904761905,,,,,,,
66.45471589285715,-150.5770707857143,2016-09-05,28,1,56.642857142857146,56.642857142857146,132.0,Minsley_2017,,25.384615384615383,,,,,,,
66.42004176716667,-150.55411097166672,2015-08-29,60,1,40.766666666666666,40.766666666666666,132.0,Minsley_2015,,44.583333333333336,,,,,,,
67.07900790732675,-150.3533701732673,2014-08-12,101,1,49.277227722772274,49.277227722772274,,Schaefer_2020,,,,,,,,,
67.1229750097059,-150.33991637058827,2015-08-29,34,1,47.88235294117647,47.88235294117647,132.0,Minsley_2015,,40.0,,,,,,,
68.64782541737144,-149.3660800317683,2016-08-14,2534,1,48.760031583103185,48.780252565114445,101.0,Schaefer_2020,,,,,,,,,
68.63488424972485,-149.486314891292,2013-08-13,10634,1,48.319878690990706,48.31987869099116,,Schaefer_2020,,,,,,,,,
68.64166757493268,-149.47406970847362,2014-08-11,1782,1,45.823731762065044,45.823731762065094,,Schaefer_2020,,,,,,,,,
68.64221211612497,-149.57140308875003,2015-08-29,80,1,60.985074626865675,60.985074626865675,132.0,Minsley_2015,,15.15,,,,,,,
68.65147521260378,-149.32310010452824,2016-08-14,265,1,73.74777358490567,73.74777358490566,,Schaefer_2020,,,,,,,,,
68.65538202745412,-149.24217143718735,2014-08-13,8390,1,44.57575089392127,44.57575089392133,,Schaefer_2020,,,,,,,,,
64.3544418598161,-149.18562433729113,2003-07-23,13,0,5.384615384615385,111.23076923076923,,Pastick,1.0,18.307692307692307,N,,,,,,
64.3566365357782,-149.065102456858,2003-08-17,8,0,28.25,70.625,,Pastick,3.0,32.25,N,,,,,,
64.39709086050001,-149.01062483,2015-08-29,20,1,107.0,147.44444444444446,132.0,Minsley_2015,,11.882352941176471,,,,,,,
65.65491055882353,-149.09064967647063,2016-09-06,34,1,113.81481481481481,121.11764705882354,132.0,Minsley_2017,,8.516129032258064,,,,,,,
65.6536387303252,-149.08903821219513,2017-08-12,123,1,74.60396039603961,83.26016260162602,132.0,Minsley_2017,,,,,,,,,
66.89780788,-150.51982676,2016-09-07,25,1,73.3125,136.92,132.0,Minsley_2017,,30.0,,,,,,,
65.28544399999998,-148.13753588235292,2016-09-08,17,1,57.6,79.4,132.0,Minsley_2017,,11.333333333333334,,,,,,,
65.02957686333332,-147.69929554761907,2021-09-14,21,1,63.5625,79.85714285714286,132.0,Minsley_2021,,,,,,,,,
65.49992235999999,-150.19295540000005,2008-06-21,25,0,32.0,126.52,,Pastick,,8.24,N,,,,,,
65.50435907692307,-150.14596153846153,2008-06-21,13,1,32.53846153846154,104.3076923076923,,Pastick,,13.076923076923077,N,,,,,,
65.66993607692308,-149.78774573076925,2008-07-05,26,1,36.26923076923077,90.6923076923077,,Pastick,,12.192307692307692,N,,,,,,
65.98234128571428,-149.017996,2008-07-28,14,1,63.57142857142857,124.28571428571429,,Pastick,,8.0,N,,,,,,
65.99768533333332,-148.93731466666665,2008-08-01,3,1,76.33333333333333,86.66666666666667,,Pastick,,11.333333333333334,N,,,,,,
66.01007577272728,-149.10303027272727,2008-07-20,22,1,49.95454545454545,104.5909090909091,,Pastick,,13.681818181818182,N,,,,,,
66.01106846153847,-149.05198723076924,2008-07-21,13,1,53.46153846153846,105.92307692307692,,Pastick,,13.384615384615385,N,,,,,,
65.95603171428571,-149.32515871428572,2008-08-04,7,0,33.857142857142854,131.28571428571428,,Pastick,,12.285714285714286,N,,,,,,
66.03367499999999,-149.2674985,2008-09-14,2,1,38.5,65.0,,Pastick,,30.0,N,,,,,,
65.83333355555555,-149.93629633333336,2008-08-15,9,0,0.0,108.88888888888889,,Pastick,,6.333333333333333,N,,,,,,
65.95055550000001,-149.89236125000002,2008-08-19,4,0,13.75,82.5,,Pastick,,9.25,Y,,,,,,
66.42583333333333,-145.28416666666666,2010-07-27,6,0,20.5,134.33333333333334,,Pastick,,14.333333333333334,N,,,,,,
66.46046299999999,-145.12833333333333,2010-06-23,3,0,0.0,112.66666666666667,,Pastick,,6.666666666666667,N,,,,,,
66.48916650000001,-145.1843055,2011-08-18,2,0,0.0,180.0,,Pastick,,2.0,N,,,,,,
66.54972225,-145.19958325,2010-08-01,4,0,61.25,151.75,,Pastick,,11.5,N,,,,,,
66.53375,-145.17791649999998,2010-06-23,2,0,0.0,141.0,,Pastick,,2.5,N,,,,,,
66.57305542857144,-145.23222228571427,2010-08-12,7,1,98.28571428571429,127.57142857142857,,Pastick,,9.857142857142858,N,,,,,,
66.62983139999999,-145.26694080000001,2010-09-08,15,1,97.06666666666666,136.46666666666667,,Pastick,,6.666666666666667,N,,,,,,
66.63535742857144,-144.98809528571428,2010-08-20,7,0,40.714285714285715,137.42857142857142,,Pastick,,0.0,N,,,,,,
66.63319433333334,-144.91810183333334,2010-07-22,6,0,41.333333333333336,157.0,,Pastick,,11.666666666666666,N,,,,,,
66.6343055,-144.80087950000004,2010-08-18,6,1,132.33333333333334,155.66666666666666,,Pastick,,1.5,N,,,,,,
66.650463,-144.88861133333333,2010-08-18,3,0,21.333333333333332,154.66666666666666,,Pastick,,9.0,N,,,,,,
66.66152783333332,-144.7768285,2010-08-12,12,0,44.166666666666664,119.16666666666667,,Pastick,,8.166666666666666,N,,,,,,
66.70541700000001,-144.7594445,2010-08-19,2,1,150.5,150.5,,Pastick,,8.0,N,,,,,,
66.7040275,-144.707222,2010-08-19,2,1,135.5,135.5,,Pastick,,0.0,N,,,,,,
66.47809025000001,-145.256180625,2010-07-14,8,1,36.0,95.625,,Pastick,,11.625,N,,,,,,
66.6525834,-145.14719429999997,2010-08-08,10,1,101.5,154.5,,Pastick,,6.2,N,,,,,,
66.686944,-145.1166665,2011-08-13,2,0,0.0,153.0,,Pastick,,9.0,N,,,,,,
66.550342,-145.46025638461535,2010-06-24,13,0,29.153846153846153,88.0,,Pastick,,9.538461538461538,N,,,,,,
66.62842586666667,-145.80125940000002,2010-07-12,15,1,62.733333333333334,113.26666666666667,,Pastick,,7.533333333333333,N,,,,,,
66.62486129999999,-145.69316670000003,2010-08-15,10,1,87.8,119.8,,Pastick,,5.6,N,,,,,,
66.61465275,-145.64118075000002,2010-09-14,4,1,57.75,107.75,,Pastick,,6.5,N,,,,,,
65.206226,-138.30165,2013-05-31,4,1,90.5,93.0,,Pastick,,34.5,N,,,,,,
66.68847249999999,-145.745833,2011-09-06,2,0,52.5,144.0,,Pastick,,36.0,N,,,,,,
66.73148166666668,-145.8179937777778,2011-08-16,9,1,63.333333333333336,118.33333333333333,,Pastick,,14.444444444444445,N,,,,,,
66.7119445,-145.716111,2011-08-12,2,0,37.0,115.5,,Pastick,,33.0,N,,,,,,
64.742856,-135.85638033333333,2013-12-12,3,1,52.0,113.0,,Pastick,,22.0,N,,,,,,
65.27215824999999,-138.41542075,2013-06-17,4,1,156.33333333333334,156.33333333333334,,Pastick,,8.333333333333334,N,,,,,,
66.54593737500001,-145.906354,2010-07-07,8,0,16.875,103.75,,Pastick,,7.5,N,,,,,,
66.561142,-145.7541667777778,2010-06-27,9,0,18.77777777777778,122.33333333333333,,Pastick,,4.555555555555555,N,,,,,,
66.374514,-145.11152775,2010-07-16,4,0,0.0,109.75,,Pastick,,9.25,N,,,,,,
66.29624999999999,-146.633507,2010-07-19,8,0,13.75,129.375,,Pastick,,8.875,N,,,,,,
66.335417,-146.5533335,2010-07-11,4,0,0.0,164.5,,Pastick,,9.75,N,,,,,,
65.72897370000001,-143.42480270000001,2011-05-02,10,0,31.77777777777778,129.44444444444446,,Pastick,,12.8,N,,,,,,
66.3667,-146.67923560000003,2010-07-26,5,0,11.0,113.4,,Pastick,,5.4,N,,,,,,
66.3771112,-146.342,2011-09-11,5,0,72.0,172.0,,Pastick,,7.2,N,,,,,,
66.395417,-146.4936805,2010-07-31,4,0,13.0,94.75,,Pastick,,12.5,N,,,,,,
66.39133319999999,-146.42749999999998,2011-09-08,5,0,68.0,170.0,,Pastick,,13.0,N,,,,,,
66.33083333333333,-146.8765278333333,2010-07-15,6,0,21.833333333333332,84.16666666666667,,Pastick,,14.5,N,,,,,,
66.38194466666666,-146.88268533333334,2010-07-13,3,0,35.0,129.66666666666666,,Pastick,,10.0,N,,,,,,
65.35314360000001,-140.5755514,2012-02-24,5,0,0.0,102.0,,Pastick,,23.4,N,,,,,,
66.65527783333333,-146.56277766666668,2010-07-15,6,0,6.666666666666667,97.5,,Pastick,,9.5,N,,,,,,
66.70643533333333,-146.542037,2010-07-14,6,0,0.0,116.83333333333333,,Pastick,,10.0,N,,,,,,
66.3200558,-145.3048892,2010-07-28,5,0,5.6,98.0,,Pastick,,14.8,N,,,,,,
66.3233888,-145.4673332,2010-07-29,5,1,51.6,141.4,,Pastick,,30.4,N,,,,,,
66.44751175,-146.265347,2010-08-28,4,0,23.0,187.25,,Pastick,,12.25,N,,,,,,
65.8928066,-143.1516038,2011-05-30,10,0,57.77777777777778,113.77777777777777,,Pastick,,13.8,N,,,,,,
65.93458690000001,-143.12904410000002,2011-06-01,10,0,40.4,146.6,,Pastick,,14.7,N,,,,,,
66.02816463636363,-143.39789300000004,2011-05-06,11,1,64.0909090909091,133.36363636363637,,Pastick,,13.090909090909092,N,,,,,,
66.61070999999998,-145.4345678888889,2010-08-17,9,1,69.77777777777777,115.11111111111111,,Pastick,,9.777777777777779,N,,,,,,
66.2457224,-144.7760004,2010-09-09,5,1,34.6,100.4,,Pastick,,23.8,N,,,,,,
66.3144445,-144.88951375,2010-09-08,4,1,86.75,86.75,,Pastick,,14.0,N,,,,,,
66.31562525,-144.77527775000001,2010-09-08,4,1,58.75,104.75,,Pastick,,18.75,N,,,,,,
66.2701385,-144.8091665,2010-09-20,2,0,28.0,128.0,,Pastick,,14.0,N,,,,,,
66.40344459999999,-144.88633339999998,2010-09-10,5,1,61.8,123.8,,Pastick,,7.8,N,,,,,,
66.28962966666666,-146.96962933333336,2010-07-08,3,0,34.333333333333336,131.66666666666666,,Pastick,,31.666666666666668,N,,,,,,
66.2633335,-146.829097,2010-07-09,4,1,40.0,129.0,,Pastick,,20.0,N,,,,,,
66.2465554,-146.51988899999998,2010-07-10,5,0,23.6,119.2,,Pastick,,22.0,N,,,,,,
66.21027783333334,-146.51578700000002,2011-09-09,6,1,95.66666666666667,96.16666666666667,,Pastick,,12.833333333333334,N,,,,,,
65.63987,-142.2689577142857,2011-09-09,7,0,7.833333333333333,138.83333333333334,,Pastick,,9.714285714285714,N,,,,,,
66.43231466666667,-146.08981500000002,2010-07-28,3,1,52.0,105.66666666666667,,Pastick,,11.333333333333334,N,,,,,,
66.44481466666666,-145.7097223333333,2010-07-28,3,0,24.666666666666668,122.33333333333333,,Pastick,,26.0,N,,,,,,
66.30452385714287,-145.0854762857143,2010-07-29,7,1,86.0,86.28571428571429,,Pastick,,23.285714285714285,N,,,,,,
66.48486100000001,-145.85999975,2010-07-30,4,0,28.0,129.5,,Pastick,,10.75,N,,,,,,
65.42376272727273,-144.7818939090909,2011-07-07,11,1,25.0,60.09090909090909,,Pastick,,21.545454545454547,N,,,,,,
65.4144135,-144.69214505555556,2011-07-10,18,0,15.055555555555555,55.44444444444444,,Pastick,,20.72222222222222,N,,,,,,
65.00220068750001,-143.554882625,2011-12-21,16,0,9.5,75.375,,Pastick,,13.0,N,,,,,,
65.3889998,-145.313111,2011-07-16,5,0,26.0,98.4,,Pastick,,16.0,N,,,,,,
65.297778,-146.23754616666668,2011-07-05,6,0,21.833333333333332,48.833333333333336,,Pastick,,14.333333333333334,N,,,,,,
65.26831192307692,-145.21961523076922,2011-07-25,13,0,25.307692307692307,92.46153846153847,,Pastick,,21.46153846153846,N,,,,,,
65.2969445,-145.174167,2011-07-06,2,0,20.0,40.0,,Pastick,,18.0,Y,,,,,,
65.305,-145.06935166666668,2011-08-01,3,0,16.0,57.333333333333336,,Pastick,,13.0,Y,,,,,,
65.2991665,-145.0516665,2011-08-01,2,0,0.0,110.5,,Pastick,,5.0,Y,,,,,,
65.19416655555555,-145.38388877777777,2011-07-24,9,0,17.555555555555557,83.88888888888889,,Pastick,,13.666666666666666,N,,,,,,
63.39267966666667,-135.69578766666666,2013-11-19,3,1,82.0,82.0,,Pastick,,57.666666666666664,N,,,,,,
65.3537779,-144.3202501,2011-07-20,10,1,31.2,65.1,,Pastick,,26.0,Y,,,,,,
65.3885415,-144.25756925000002,2011-07-26,4,0,13.75,127.0,,Pastick,,8.75,N,,,,,,
65.35005045454545,-144.62280290909092,2011-07-19,11,0,12.363636363636363,55.54545454545455,,Pastick,,20.818181818181817,N,,,,,,
63.9267145,-138.194953,2013-04-20,4,1,44.0,78.75,,Pastick,,41.75,Y,,,,,,
65.26488085714286,-145.8852777142857,2011-11-02,7,0,17.285714285714285,73.14285714285714,,Pastick,,25.0,N,,,,,,
65.23777799999999,-145.7786805,2011-07-23,4,1,23.75,53.75,,Pastick,,21.75,N,,,,,,
64.17614766666667,-139.917217,2012-09-25,6,1,31.333333333333332,87.83333333333333,,Pastick,,34.666666666666664,N,,,,,,
64.41833016666668,-141.02703066666666,2012-09-26,6,0,12.0,61.5,,Pastick,,25.333333333333332,Y,,,,,,
64.8868485,-142.66948580000002,2012-04-13,10,1,19.11111111111111,42.888888888888886,,Pastick,,11.8,N,,,,,,
64.72229500000002,-143.07774309090908,2012-03-20,11,1,31.6,62.4,,Pastick,,16.7,N,,,,,,
64.2181625,-140.8782775,2012-09-28,6,0,22.6,105.4,,Pastick,,32.666666666666664,N,,,,,,
65.48495899999999,-140.00588833333333,2012-10-12,6,0,59.0,126.66666666666667,,Pastick,,31.333333333333332,N,,,,,,
66.44231016666667,-142.90775591666667,2012-03-31,12,1,59.54545454545455,86.36363636363636,,Pastick,,24.833333333333332,N,,,,,,
66.660764,-143.93777775,2011-08-16,4,0,44.25,118.0,,Pastick,,10.75,N,,,,,,
67.07138875,-144.85923624999998,2011-08-17,4,1,57.0,152.0,,Pastick,,11.0,N,,,,,,
66.1798888,-144.3450554,2011-08-19,5,1,86.2,120.2,,Pastick,,25.0,N,,,,,,
66.5237222,-144.697111,2011-08-20,5,1,113.6,113.6,,Pastick,,19.6,N,,,,,,
64.72518425000001,-137.12581649999998,1999-05-20,4,1,75.5,75.5,,Pastick,,59.75,N,,,,,,
66.429028,-145.41875,2011-09-01,2,1,134.0,134.0,,Pastick,,17.0,N,,,,,,
66.60458341666667,-146.84715291666666,2011-08-25,12,1,64.58333333333333,122.08333333333333,,Pastick,,30.5,N,,,,,,
66.95541675,-145.46965275000002,2011-09-03,4,0,44.75,144.5,,Pastick,,14.0,N,,,,,,
66.09880371428572,-141.63372657142858,2004-08-31,7,1,106.66666666666667,123.66666666666667,,Pastick,,16.166666666666668,N,,,,,,
65.84448714285715,-141.738415,2004-09-01,7,0,49.857142857142854,136.71428571428572,,Pastick,,8.857142857142858,N,,,,,,
66.2723332,-146.05416680000002,2011-09-06,5,1,70.2,140.2,,Pastick,,5.6,N,,,,,,
66.92041649999999,-145.7245835,2011-09-07,2,0,0.0,152.0,,Pastick,,17.0,N,,,,,,
66.9588885,-145.6325,2011-09-07,2,0,0.0,132.5,,Pastick,,6.5,N,,,,,,
67.01148166666667,-146.90745366666667,2011-09-08,6,0,0.0,139.0,,Pastick,,16.333333333333332,N,,,,,,
66.1887222,-145.59305559999999,2011-09-09,5,1,65.6,126.6,,Pastick,,14.6,N,,,,,,
65.78370500000001,-143.7277985,2007-08-08,12,1,71.27272727272727,136.27272727272728,,Pastick,,16.818181818181817,N,,,,,,
65.1996666,-145.660722,2011-07-23,5,0,0.0,108.4,,Pastick,,6.4,Y,,,,,,
65.17768516666666,-143.91865750000002,2011-07-24,6,0,24.166666666666668,70.33333333333333,,Pastick,,14.0,Y,,,,,,
65.50357157142858,-145.8309127142857,2011-07-25,7,1,31.714285714285715,50.142857142857146,,Pastick,,15.0,N,,,,,,
65.50163566666667,-145.27330244444445,2011-07-26,9,1,41.888888888888886,70.33333333333333,,Pastick,,16.0,N,,,,,,
65.1808952222222,-144.51873455555557,2011-07-28,9,0,27.666666666666668,76.22222222222223,,Pastick,,16.444444444444443,N,,,,,,
65.61301600000002,-145.73087314285715,2011-07-29,7,1,40.142857142857146,61.57142857142857,,Pastick,,22.285714285714285,N,,,,,,
64.46558987499999,-141.98998362499998,2005-06-28,8,0,15.125,58.375,,Pastick,,41.25,Y,,,,,,
65.26666675,-144.73604175,2011-07-08,4,0,20.0,58.0,,Pastick,,25.0,N,,,,,,
65.30935166666666,-144.875185,2011-07-10,3,0,15.666666666666666,59.333333333333336,,Pastick,,8.333333333333334,N,,,,,,
65.453194,-144.9730555,2011-07-12,2,0,0.0,51.0,,Pastick,,12.0,Y,,,,,,
66.473796,-144.998889,2011-08-15,3,0,0.0,158.66666666666666,,Pastick,,7.666666666666667,N,,,,,,
66.641944,-144.4308335,2011-08-16,2,0,26.0,118.0,,Pastick,,2.0,N,,,,,,
65.056045,-137.39894025,1999-05-16,4,0,20.0,137.33333333333334,,Pastick,,0.0,N,,,,,,
66.10367688888888,-141.98952422222223,2006-03-17,9,0,6.666666666666667,140.77777777777777,,Pastick,,21.666666666666668,N,,,,,,
65.01302383333334,-139.94516483333334,2003-06-30,6,1,68.16666666666667,73.16666666666667,,Pastick,,34.333333333333336,N,,,,,,
66.41256949999999,-143.7105555,2011-08-20,4,0,0.0,76.5,,Pastick,,23.25,N,,,,,,
66.41999999999999,-144.48541699999998,2011-08-21,2,1,129.0,129.0,,Pastick,,5.5,N,,,,,,
66.93076375,-146.44284725,2011-09-01,4,0,0.0,90.0,,Pastick,,20.5,N,,,,,,
66.725278,-145.52625,2011-09-02,4,0,62.5,162.5,,Pastick,,9.0,N,,,,,,
66.87773133333333,-146.22578683333333,2011-09-05,6,0,0.0,127.5,,Pastick,,7.666666666666667,N,,,,,,
67.04138883333333,-145.64115733333333,2011-09-07,6,0,20.0,138.33333333333334,,Pastick,,12.333333333333334,N,,,,,,
66.3608322,-164.7097168,2014-01-14,2,1,26.0,180.0,,Pastick,,0.0,N,,,,,,
66.54347229999999,-164.09791565,2014-01-14,2,1,42.0,80.0,,Pastick,,0.0,N,,,,,,
66.56194303333335,-164.45842486666666,2014-01-14,3,1,33.333333333333336,75.0,,Pastick,,0.0,N,,,,,,
64.90404129999999,-163.66923524999999,2014-01-14,2,0,75.0,95.0,,Pastick,,0.0,N,,,,,,
64.85084733333333,-163.693874,2013-08-11,30,1,30.05,30.05,,Schaefer_2020,,,,,,,,,
61.581084633333326,-159.54398153055558,2012-08-30,36,0,112.44444444444444,279.94444444444446,,Pastick,,0.0,N,,,,,,
61.49478322352942,-156.96737328235295,2009-09-19,17,0,93.41176470588235,182.41176470588235,,Pastick,,0.0,N,,,,,,
61.545999225,-158.84895594999998,2012-08-30,4,0,55.0,121.0,,Pastick,,0.0,N,,,,,,
61.528223385000004,-158.767841215,2012-08-30,20,1,70.9,116.05,,Pastick,,0.0,N,,,,,,
61.527895375,-158.67460847499999,2012-08-30,4,0,62.75,136.25,,Pastick,,0.0,N,,,,,,
61.536203549999996,-158.6062883,2012-08-30,4,0,44.75,88.75,,Pastick,,0.0,N,,,,,,
61.5691115,-158.91792415,2012-08-30,2,1,72.0,80.0,,Pastick,,0.0,N,,,,,,
61.5510531111111,-160.32614165925926,2012-08-30,27,0,85.88888888888889,120.81481481481481,,Pastick,,0.0,N,,,,,,
61.59221216666666,-153.55994701111112,2007-02-07,9,0,71.88888888888889,128.55555555555554,,Pastick,,10.11111111111111,N,,,,,,
61.832897977777776,-158.02187718888888,2012-08-30,9,0,114.66666666666667,144.44444444444446,,Pastick,,0.0,N,,,,,,
61.86295357272727,-158.11735368181817,2012-08-30,11,0,52.54545454545455,196.45454545454547,,Pastick,,0.0,N,,,,,,
61.8559118,-157.9812715,2012-08-30,2,0,48.5,85.0,,Pastick,,0.0,N,,,,,,
61.855004750000006,-157.9466671,2012-08-30,2,1,116.0,150.0,,Pastick,,0.0,N,,,,,,
61.672924577777785,-157.16947068333332,2012-08-30,18,0,86.77777777777777,161.38888888888889,,Pastick,,0.0,N,,,,,,
61.6762867,-157.10678375,2012-08-30,2,0,85.5,200.0,,Pastick,,0.0,N,,,,,,
61.73929315555555,-157.23519502222223,2012-08-30,9,0,83.11111111111111,171.11111111111111,,Pastick,,0.0,N,,,,,,
61.63720929259259,-155.69242285925924,2010-10-23,27,0,94.48148148148148,158.22222222222223,,Pastick,,2.814814814814815,N,,,,,,
61.77544838,-157.3630989,2012-08-30,10,0,80.4,96.8,,Pastick,,0.0,N,,,,,,
61.76953354,-157.26336426,2012-08-30,5,0,61.4,172.0,,Pastick,,0.0,N,,,,,,
61.83248366,-157.62097056,2012-08-30,5,0,44.2,271.6,,Pastick,,0.0,N,,,,,,
61.522288700000004,-152.93269293333333,2007-02-07,9,0,86.88888888888889,130.88888888888889,,Pastick,,31.333333333333332,N,,,,,,
61.85529073846154,-157.63616063846155,2012-08-30,26,0,82.15384615384616,132.46153846153845,,Pastick,,0.0,N,,,,,,
61.84978865000001,-157.59383122000003,2012-08-30,10,0,48.2,183.0,,Pastick,,0.0,N,,,,,,
61.68708814615385,-154.68056887692308,2008-10-24,13,0,70.46153846153847,183.0,,Pastick,,6.076923076923077,N,,,,,,
61.364256366666666,-150.90193321666666,2004-04-27,6,0,85.2,137.8,,Pastick,,10.166666666666666,N,,,,,,
61.098715375,-147.489513625,2000-02-25,4,1,64.0,110.0,,Pastick,,26.75,N,,,,,,
61.042233586242865,-145.920045469015,1989-11-11,3,0,77.0,159.0,,Pastick,,16.5,N,,,,,,
61.61135701428571,-153.9836661714286,2005-07-06,7,0,120.33333333333333,178.33333333333334,,Pastick,,17.428571428571427,N,,,,,,
61.63416342670117,-153.96214863619792,1997-08-23,7,0,61.0,136.57142857142858,,Pastick,3.0,33.0,N,,,,,,
61.81486817857142,-156.9965148285714,2009-02-01,14,0,109.71428571428571,137.57142857142858,,Pastick,,13.071428571428571,N,,,,,,
62.382713083238386,-159.5818407464962,2003-07-18,2,1,92.5,117.5,,Pastick,2.0,75.0,N,,,,,,
62.38192813999999,-159.57331036000002,2012-08-30,5,0,99.0,139.0,,Pastick,,0.0,N,,,,,,
62.46496369198907,-159.51776058955187,2003-07-19,2,1,75.0,107.5,,Pastick,2.0,17.5,N,,,,,,
62.467211580000004,-159.51784121999998,2012-08-30,5,0,73.6,101.0,,Pastick,,0.0,N,,,,,,
61.87793245147019,-160.13862510266966,2003-08-12,2,0,50.0,125.0,,Pastick,3.0,67.0,N,,,,,,
61.87656056666666,-160.13818036666666,2012-08-30,3,0,92.33333333333333,456.3333333333333,,Pastick,,0.0,N,,,,,,
61.89500293935789,-160.50447455738006,2003-08-13,3,0,60.0,126.66666666666667,,Pastick,2.0,82.66666666666667,N,,,,,,
61.8938654,-160.50199916666665,2012-08-30,6,0,120.0,143.33333333333334,,Pastick,,0.0,N,,,,,,
61.285798545454554,-160.56983717272726,2012-08-30,11,0,54.45454545454545,84.0,,Pastick,,0.0,N,,,,,,
61.342048975000004,-160.57563023333338,2012-08-30,12,0,60.166666666666664,95.83333333333333,,Pastick,,0.0,N,,,,,,
61.35051715,-160.5478546,2012-08-30,2,1,60.0,75.0,,Pastick,,0.0,N,,,,,,
61.393933024999995,-160.594862475,2012-08-30,4,0,140.0,160.0,,Pastick,,0.0,N,,,,,,
61.42505974999999,-160.57748189,2012-08-30,10,0,114.1,195.0,,Pastick,,0.0,N,,,,,,
61.470129669230786,-160.60384808461538,2012-08-30,13,0,147.23076923076923,187.69230769230768,,Pastick,,0.0,N,,,,,,
61.52705391999999,-160.58331158000001,2012-08-30,5,1,54.2,87.4,,Pastick,,0.0,N,,,,,,
61.54149615,-160.5416616,2012-08-30,2,1,56.0,65.5,,Pastick,,0.0,N,,,,,,
61.54691818,-160.57629292000001,2012-08-30,5,1,48.2,76.8,,Pastick,,0.0,N,,,,,,
61.63720565,-158.29051189166668,2012-08-30,12,0,86.83333333333333,169.16666666666666,,Pastick,,0.0,N,,,,,,
61.668748619999995,-158.27926796,2012-08-30,5,0,61.0,338.8,,Pastick,,0.0,N,,,,,,
61.680556833333334,-158.2120295,2012-08-30,6,0,64.0,95.66666666666667,,Pastick,,0.0,N,,,,,,
61.713186353333334,-158.29743842,2012-08-30,15,0,74.0,411.46666666666664,,Pastick,,0.0,N,,,,,,
61.72506955238096,-158.19197053333332,2012-08-30,21,0,76.76190476190476,193.76190476190476,,Pastick,,0.0,N,,,,,,
61.732120957142854,-158.13933964285715,2012-08-30,7,0,66.0,97.14285714285714,,Pastick,,0.0,N,,,,,,
61.74951608181818,-158.19992503636365,2012-08-30,11,0,73.63636363636364,162.27272727272728,,Pastick,,0.0,N,,,,,,
61.3151099625,-159.96996915,2012-08-30,8,1,62.5,114.375,,Pastick,,0.0,N,,,,,,
61.29608653999999,-160.19787921000002,2012-08-30,10,1,71.1,96.0,,Pastick,,0.0,N,,,,,,
61.25767644,-159.03565341,2012-08-30,10,1,73.3,86.0,,Pastick,,0.0,N,,,,,,
61.784006817314435,-159.66811288805576,2004-08-16,13,1,73.125,104.07692307692308,,Pastick,1.0,38.15384615384615,N,,,,,,
61.782828961538456,-159.6655571615385,2012-08-30,13,1,73.46153846153847,104.07692307692308,,Pastick,,0.0,N,,,,,,
61.43650873333334,-159.07629613333333,2012-08-30,6,1,74.5,87.16666666666667,,Pastick,,0.0,N,,,,,,
60.99710097999999,-159.01878486000004,2012-08-30,10,0,69.8,122.7,,Pastick,,0.0,N,,,,,,
60.99529081111112,-158.90887065555555,2012-08-30,9,0,62.55555555555556,101.22222222222223,,Pastick,,0.0,N,,,,,,
61.77725823333333,-158.72622801666668,2012-08-30,6,1,77.66666666666667,94.16666666666667,,Pastick,,0.0,N,,,,,,
61.78353588138199,-160.3633230371175,2004-08-28,5,0,64.0,147.4,,Pastick,6.0,20.6,N,,,,,,
61.782371080000004,-160.36074352,2012-08-30,5,0,83.6,147.4,,Pastick,,0.0,N,,,,,,
61.883131899999995,-159.2556315,2012-08-30,2,1,39.0,51.0,,Pastick,,0.0,N,,,,,,
61.89396194000001,-159.30503528000003,2012-08-30,5,1,45.8,56.8,,Pastick,,0.0,N,,,,,,
61.81935372701281,-159.06495149319295,2004-08-26,5,0,80.0,136.0,,Pastick,4.0,25.0,N,,,,,,
61.82138485,-159.06540605,2012-08-30,4,0,113.5,148.75,,Pastick,,0.0,N,,,,,,
61.799076757585,-159.03911266603555,2004-08-26,2,0,,120.0,,Pastick,2.0,23.0,N,,,,,,
61.80035303333333,-159.0411999,2012-08-30,3,0,80.0,113.33333333333333,,Pastick,,0.0,N,,,,,,
61.86128100395196,-159.10636792003498,2004-08-26,8,1,61.25,94.625,,Pastick,9.0,48.0,N,,,,,,
61.860093,-159.103825275,2012-08-30,8,1,49.375,94.625,,Pastick,,0.0,N,,,,,,
61.89473652578772,-159.17270390016918,2004-08-26,3,0,,100.0,,Pastick,1.0,12.333333333333334,Y,,,,,,
61.89354986666666,-159.17015616666666,2012-08-30,3,0,61.666666666666664,100.0,,Pastick,,0.0,N,,,,,,
61.59244495,-158.44822585,2012-08-30,2,1,54.0,95.0,,Pastick,,0.0,N,,,,,,
61.36087712,-158.9216803,2012-08-30,5,0,56.0,79.8,,Pastick,,0.0,N,,,,,,
61.94394337290652,-158.62077842671758,2004-08-27,3,0,67.5,80.0,,Pastick,8.0,25.0,N,,,,,,
61.94274673333334,-158.61824613333334,2012-08-30,3,0,68.66666666666667,80.0,,Pastick,,0.0,N,,,,,,
61.71466405,-159.30444516250003,2012-08-30,8,1,61.25,79.875,,Pastick,,0.0,N,,,,,,
61.70237846666666,-160.51882483333333,2012-08-30,6,1,69.66666666666667,115.83333333333333,,Pastick,,0.0,N,,,,,,
61.3890799,-159.660228625,2012-08-30,4,1,62.25,93.0,,Pastick,,0.0,N,,,,,,
61.472990225000004,-160.383562725,2012-08-30,4,0,140.0,160.0,,Pastick,,0.0,N,,,,,,
61.4432944,-160.31218596000002,2012-08-30,5,0,123.8,159.4,,Pastick,,0.0,N,,,,,,
61.4607017,-160.21905544285713,2012-08-30,7,0,103.42857142857143,127.14285714285714,,Pastick,,0.0,N,,,,,,
61.49018676666666,-160.4490375,2012-08-30,3,0,150.0,170.0,,Pastick,,0.0,N,,,,,,
62.16052378888888,-160.60438836666668,2012-08-30,9,0,98.55555555555556,179.33333333333334,,Pastick,,0.0,N,,,,,,
61.59725228,-159.94555366,2012-08-30,5,0,75.4,315.6,,Pastick,,0.0,N,,,,,,
61.63956244999999,-159.9527174,2012-08-30,8,0,93.375,156.5,,Pastick,,0.0,N,,,,,,
61.46478433333333,-158.57529254444444,2012-08-30,9,0,73.55555555555556,100.55555555555556,,Pastick,,0.0,N,,,,,,
61.60251452,-156.56485789999996,2012-08-30,5,0,96.8,112.2,,Pastick,,0.0,N,,,,,,
60.9998915375,-157.4779564625,2012-08-30,8,0,71.75,125.0,,Pastick,,0.0,N,,,,,,
61.362499585714296,-156.20454014285716,2012-08-30,7,0,89.42857142857143,162.85714285714286,,Pastick,,0.0,N,,,,,,
62.094965880000004,-159.35045266,2012-08-30,5,0,64.4,102.0,,Pastick,,0.0,N,,,,,,
62.15274616000001,-159.36685766,2012-08-30,5,0,57.2,92.0,,Pastick,,0.0,N,,,,,,
61.509610099999996,-156.50270675714287,2012-08-30,7,0,80.42857142857143,152.0,,Pastick,,0.0,N,,,,,,
61.142237758333344,-156.349320275,2012-08-30,12,0,76.91666666666667,150.83333333333334,,Pastick,,0.0,N,,,,,,
61.19027642,-157.38523112000001,2012-08-30,10,0,100.2,146.3,,Pastick,,0.0,N,,,,,,
61.38870424444445,-156.38788749999998,2012-08-30,9,0,92.0,151.55555555555554,,Pastick,,0.0,N,,,,,,
61.39181215,-156.33144395,2012-08-30,2,0,53.0,151.0,,Pastick,,0.0,N,,,,,,
61.66640747142856,-156.1613404857143,2012-08-30,7,0,88.14285714285714,152.0,,Pastick,,0.0,N,,,,,,
61.70778703333334,-160.1184582,2012-08-30,3,0,81.66666666666667,118.33333333333333,,Pastick,,0.0,N,,,,,,
62.66292114444444,-160.5052426333333,2012-08-30,9,0,108.33333333333333,150.0,,Pastick,,0.0,N,,,,,,
61.475996099999996,-159.23900362,2012-08-30,5,1,86.2,127.0,,Pastick,,0.0,N,,,,,,
64.77794605499999,-165.59800889500002,2012-08-30,20,0,70.7,145.95,,Pastick,,0.0,N,,,,,,
64.76661594166666,-165.47714794166666,2012-08-30,12,0,83.83333333333333,150.5,,Pastick,,0.0,N,,,,,,
64.80995355,-165.60909219375,2012-08-30,16,0,73.25,144.625,,Pastick,,0.0,N,,,,,,
64.80292161818181,-165.46569289090905,2012-08-30,11,1,72.72727272727273,150.36363636363637,,Pastick,,0.0,N,,,,,,
64.80765702,-165.41685364,2012-08-30,5,1,70.4,150.4,,Pastick,,0.0,N,,,,,,
61.19400910999999,-159.18923619,2012-08-30,10,0,73.0,150.0,,Pastick,,0.0,N,,,,,,
61.75910100714286,-156.77762487142857,2012-08-30,14,0,73.07142857142857,153.57142857142858,,Pastick,,0.0,N,,,,,,
61.7754493375,-156.56920291250003,2012-08-30,8,0,92.375,178.75,,Pastick,,0.0,N,,,,,,
61.765923539999996,-156.52493266000002,2012-08-30,5,0,92.4,140.0,,Pastick,,0.0,N,,,,,,
61.7860555,-156.77717245000002,2012-08-30,2,0,113.0,200.0,,Pastick,,0.0,N,,,,,,
61.80013120000001,-156.69324476666665,2012-08-30,6,0,57.666666666666664,173.33333333333334,,Pastick,,0.0,N,,,,,,
61.78555018333333,-156.6014386,2012-08-30,6,0,84.33333333333333,142.5,,Pastick,,0.0,N,,,,,,
61.806898408333325,-156.48595582500002,2012-08-30,12,0,112.25,190.83333333333334,,Pastick,,0.0,N,,,,,,
62.14280785,-159.77686895,2012-08-30,2,0,140.0,160.0,,Pastick,,0.0,N,,,,,,
62.074014719993826,-159.85992771520043,2003-06-28,2,0,,197.5,,Pastick,6.0,3.5,N,,,,,,
62.081901725,-159.844433525,2012-08-30,4,0,125.0,186.25,,Pastick,,0.0,N,,,,,,
62.156472900000004,-159.65672163333332,2012-08-30,3,0,105.66666666666667,173.33333333333334,,Pastick,,0.0,N,,,,,,
62.19706665792331,-159.79009410484252,2003-06-21,11,0,,145.9090909090909,,Pastick,2.0,50.18181818181818,N,,,,,,
62.19613486500001,-159.79025163,2012-08-30,20,0,89.55,125.35,,Pastick,,0.0,N,,,,,,
62.197470166666676,-159.77107186666666,2012-08-30,3,0,78.66666666666667,138.33333333333334,,Pastick,,0.0,N,,,,,,
59.076018533333325,-157.3946604888889,2013-11-29,9,0,77.55555555555556,138.88888888888889,,Pastick,,0.0,N,,,,,,
58.884960314285706,-157.11789682857142,2013-11-29,7,1,46.857142857142854,79.28571428571429,,Pastick,,0.0,N,,,,,,
59.78291005714285,-159.82620370476192,2013-12-13,21,0,48.142857142857146,100.85714285714286,,Pastick,,0.0,N,,,,,,
59.146574066666666,-160.86138893333333,2013-12-13,3,0,70.66666666666667,152.0,,Pastick,,0.0,N,,,,,,
59.051111125,-161.2198611,2013-12-13,4,1,69.5,152.5,,Pastick,,0.0,N,,,,,,
59.29047644285714,-159.85197004285715,2013-12-13,14,0,53.142857142857146,105.5,,Pastick,,0.0,N,,,,,,
59.32645835,-159.879236125,2013-12-13,4,0,73.5,152.0,,Pastick,,0.0,N,,,,,,
59.36992445,-157.44261514,2013-11-29,20,0,88.55,129.55,,Pastick,,0.0,N,,,,,,
59.414091299999995,-157.54972697142858,2013-11-29,7,0,99.71428571428571,162.85714285714286,,Pastick,,0.0,N,,,,,,
59.35269841142858,-157.49068254,2013-11-29,35,0,73.91428571428571,116.97142857142858,,Pastick,,0.0,N,,,,,,
58.65302470000001,-158.0603703666667,2013-11-29,9,0,101.11111111111111,133.44444444444446,,Pastick,,0.0,N,,,,,,
58.86483334,-157.58277776,2013-11-29,5,1,60.8,100.6,,Pastick,,0.0,N,,,,,,
59.18599207142857,-158.30095237142856,2013-11-29,7,0,100.85714285714286,163.14285714285714,,Pastick,,0.0,N,,,,,,
59.19762342857143,-158.09763531428572,2013-11-29,7,0,102.57142857142857,128.28571428571428,,Pastick,,0.0,N,,,,,,
59.182916660000004,-158.01272221,2013-11-29,10,0,96.2,139.4,,Pastick,,0.0,N,,,,,,
59.22520833750001,-158.192777775,2013-11-29,8,0,102.625,134.125,,Pastick,,0.0,N,,,,,,
59.226,-157.97277776,2013-11-29,5,0,96.6,157.8,,Pastick,,0.0,N,,,,,,
59.27097225,-157.921875,2013-11-29,4,0,112.5,159.25,,Pastick,,0.0,N,,,,,,
58.8111111,-157.8247917,2013-11-29,4,1,67.75,111.25,,Pastick,,0.0,N,,,,,,
58.8586805375,-157.8345833125,2013-11-29,8,0,105.5,156.125,,Pastick,,0.0,N,,,,,,
58.91172222,-157.89599998,2013-11-29,5,0,100.0,172.0,,Pastick,,0.0,N,,,,,,
58.89564816666667,-157.8464815,2013-11-29,3,0,89.0,180.0,,Pastick,,0.0,N,,,,,,
58.91217836842105,-157.7195906421053,2013-11-29,19,0,101.0,161.31578947368422,,Pastick,,0.0,N,,,,,,
58.9334722,-157.6263889,2013-11-29,2,0,88.5,126.5,,Pastick,,0.0,N,,,,,,
58.95824561052632,-157.70134502105265,2013-11-29,19,0,98.94736842105263,149.8421052631579,,Pastick,,0.0,N,,,,,,
58.955833325000015,-157.65337961666668,2013-11-29,12,0,139.0,182.16666666666666,,Pastick,,0.0,N,,,,,,
59.01228631538462,-157.7292093923077,2013-11-29,13,0,113.15384615384616,143.46153846153845,,Pastick,,0.0,N,,,,,,
59.011041675,-157.66631942499998,2013-11-29,4,0,51.75,138.75,,Pastick,,0.0,N,,,,,,
59.05825926666667,-157.72770370666666,2013-11-29,15,0,97.4,145.8,,Pastick,,0.0,N,,,,,,
59.057916675,-157.668125,2013-11-29,4,0,87.25,108.75,,Pastick,,0.0,N,,,,,,
59.08309522857143,-157.77623015714286,2013-11-29,7,0,104.14285714285714,138.57142857142858,,Pastick,,0.0,N,,,,,,
59.089907399999994,-157.6700926,2013-11-29,3,0,140.0,180.0,,Pastick,,0.0,N,,,,,,
59.133611099999996,-157.7845833,2013-11-29,2,1,108.5,132.0,,Pastick,,0.0,N,,,,,,
59.1291111,-157.73646297333332,2013-11-29,15,0,86.26666666666667,146.46666666666667,,Pastick,,0.0,N,,,,,,
59.123222240000004,-157.66627778,2013-11-29,5,0,107.0,143.4,,Pastick,,0.0,N,,,,,,
59.18076389166666,-157.70099536666666,2013-11-29,12,0,119.41666666666667,156.0,,Pastick,,0.0,N,,,,,,
59.217055560000006,-157.7767222,2013-11-29,5,0,111.0,157.4,,Pastick,,0.0,N,,,,,,
59.2372222,-157.7451851666667,2013-11-29,3,0,57.333333333333336,98.33333333333333,,Pastick,,0.0,N,,,,,,
59.22875,-157.64490741666665,2013-11-29,6,0,102.83333333333333,150.83333333333334,,Pastick,,0.0,N,,,,,,
59.27071760000001,-157.6382638916667,2013-11-29,12,0,84.75,138.33333333333334,,Pastick,,0.0,N,,,,,,
59.09056878571428,-157.74531746190473,2013-11-29,21,0,109.71428571428571,143.0952380952381,,Pastick,,0.0,N,,,,,,
58.776759266666666,-157.93620371666665,2013-11-29,6,0,84.0,130.16666666666666,,Pastick,,0.0,N,,,,,,
58.98884258333334,-157.09509258333333,2013-11-29,6,0,89.16666666666667,148.66666666666666,,Pastick,,0.0,N,,,,,,
59.16484567777778,-157.54833333333332,2013-11-29,9,0,82.0,146.33333333333334,,Pastick,,0.0,N,,,,,,
59.04064814444444,-158.00484566666665,2013-11-29,9,0,80.88888888888889,136.88888888888889,,Pastick,,0.0,N,,,,,,
59.45916668571429,-157.65027778571428,2013-11-29,7,0,76.57142857142857,95.42857142857143,,Pastick,,0.0,N,,,,,,
59.512986125,-157.564583325,2013-11-29,4,0,91.0,126.25,,Pastick,,0.0,N,,,,,,
59.55682537142858,-157.6071031857143,2013-11-29,7,0,107.14285714285714,164.57142857142858,,Pastick,,0.0,N,,,,,,
59.5627778,-157.54805553333335,2013-11-29,3,0,46.333333333333336,185.33333333333334,,Pastick,,0.0,N,,,,,,
59.5781944,-157.4497222,2013-11-29,2,0,121.5,156.0,,Pastick,,0.0,N,,,,,,
59.604861099999994,-157.44666665,2013-11-29,2,0,107.0,195.0,,Pastick,,0.0,N,,,,,,
59.6161111,-157.36722220000001,2013-11-29,2,1,76.5,152.5,,Pastick,,0.0,N,,,,,,
59.511250025,-157.648055575,2013-11-29,4,0,110.75,143.75,,Pastick,,0.0,N,,,,,,
59.49625594545456,-157.15987766818182,2013-11-29,22,0,98.63636363636364,137.5,,Pastick,,0.0,N,,,,,,
59.5169097125,-157.0817013875,2013-11-29,8,0,101.75,146.25,,Pastick,,0.0,N,,,,,,
59.553333333333335,-157.23194443333333,2013-11-29,3,0,89.0,141.66666666666666,,Pastick,,0.0,N,,,,,,
59.55555555,-157.11902775,2013-11-29,2,0,105.0,160.0,,Pastick,,0.0,N,,,,,,
59.550324453333324,-157.08386685333332,2013-11-29,15,0,109.0,149.66666666666666,,Pastick,,0.0,N,,,,,,
59.593968257142855,-157.0689285714286,2013-11-29,14,0,112.07142857142857,164.42857142857142,,Pastick,,0.0,N,,,,,,
59.636562500000004,-157.2420486125,2013-11-29,8,1,85.0,132.625,,Pastick,,0.0,N,,,,,,
59.627465275,-157.1234722125,2013-11-29,8,0,112.0,150.125,,Pastick,,0.0,N,,,,,,
59.62672036666666,-157.08409398333333,2013-11-29,6,0,68.33333333333333,106.66666666666667,,Pastick,,0.0,N,,,,,,
59.671898133333336,-157.52921295,2013-11-29,6,0,109.16666666666667,162.83333333333334,,Pastick,,0.0,N,,,,,,
59.6710185,-157.3240741,2013-11-29,3,0,104.33333333333333,174.0,,Pastick,,0.0,N,,,,,,
59.68611115,-157.2588889,2013-11-29,2,1,117.5,161.5,,Pastick,,0.0,N,,,,,,
59.66914351666666,-157.14701388333333,2013-11-29,12,0,89.58333333333333,123.66666666666667,,Pastick,,0.0,N,,,,,,
59.72395424705882,-157.3186764647059,2013-11-29,17,0,104.05882352941177,147.05882352941177,,Pastick,,0.0,N,,,,,,
59.72783729999999,-157.25735118928569,2013-11-29,28,0,90.39285714285714,127.46428571428571,,Pastick,,0.0,N,,,,,,
59.72466212727273,-157.18534747272727,2013-11-29,11,0,102.18181818181819,145.36363636363637,,Pastick,,0.0,N,,,,,,
59.755000025,-157.34708335000002,2013-11-29,4,0,71.75,115.0,,Pastick,,0.0,N,,,,,,
59.591878699999995,-157.23598610000002,2013-11-29,3,0,101.0,151.66666666666666,,Pastick,,0.0,N,,,,,,
59.57319445,-157.2615278,2014-02-04,2,0,59.0,145.0,,Pastick,,0.0,N,,,,,,
59.65618057500001,-157.53743054999998,2013-11-29,4,0,112.75,168.0,,Pastick,,0.0,N,,,,,,
58.69422221999999,-158.18144446,2013-11-29,5,1,28.2,123.8,,Pastick,,0.0,N,,,,,,
58.9758333375,-157.9032291625,2013-11-29,8,0,56.5,127.25,,Pastick,,0.0,N,,,,,,
59.68115740000001,-158.0819907166667,2013-11-29,6,0,90.5,152.66666666666666,,Pastick,,0.0,N,,,,,,
59.10381945,-158.31218750000002,2013-11-29,8,0,74.375,165.5,,Pastick,,0.0,N,,,,,,
59.201874999999994,-157.18065973749998,2013-11-29,8,0,83.0,134.875,,Pastick,,0.0,N,,,,,,
59.06702378571429,-157.20837302857146,2013-11-29,7,0,100.85714285714286,157.28571428571428,,Pastick,,0.0,N,,,,,,
58.9311111,-157.40518516666666,2013-11-29,3,1,41.0,95.0,,Pastick,,0.0,N,,,,,,
58.904777779999996,-157.35538888000002,2013-11-29,5,0,78.0,158.4,,Pastick,,0.0,N,,,,,,
58.81976190857144,-158.54795238285712,2013-11-29,35,0,88.45714285714286,151.94285714285715,,Pastick,,0.0,N,,,,,,
59.810191675,-157.056456275,2013-11-29,4,1,90.25,127.5,,Pastick,,0.0,N,,,,,,
59.818375,-156.984425,2013-04-08,2,1,79.5,152.0,,Pastick,,0.0,N,,,,,,
59.9248148,-156.62787036666666,2013-11-29,3,1,107.66666666666667,125.66666666666667,,Pastick,,0.0,N,,,,,,
60.03972225,-157.22388890000002,2013-11-29,2,1,61.5,86.0,,Pastick,,0.0,N,,,,,,
60.0863889,-157.18,2013-11-29,2,1,103.5,140.0,,Pastick,,0.0,N,,,,,,
59.661203699999994,-156.87824073333334,2013-11-29,3,1,46.333333333333336,70.0,,Pastick,,0.0,N,,,,,,
59.7011111,-156.81236109999998,2013-11-29,2,1,66.5,82.5,,Pastick,,0.0,N,,,,,,
60.04898146666667,-156.79490743333332,2013-11-29,3,0,71.66666666666667,106.66666666666667,,Pastick,,0.0,N,,,,,,
60.173472225,-157.40680555,2013-11-29,4,1,103.0,128.25,,Pastick,,0.0,N,,,,,,
60.03458335,-157.6127778,2013-11-29,2,1,76.0,137.5,,Pastick,,0.0,N,,,,,,
60.375381937499995,-157.88458332500002,2013-11-29,8,0,79.5,104.0,,Pastick,,0.0,N,,,,,,
60.7257778,-154.73733334000002,2013-11-29,5,0,45.8,64.6,,Pastick,,0.0,N,,,,,,
60.718125,-154.6453819375,2013-11-29,8,0,34.875,66.125,,Pastick,,0.0,N,,,,,,
60.0963889,-156.24925926666666,2013-11-29,3,1,64.33333333333333,75.33333333333333,,Pastick,,0.0,N,,,,,,
60.39705556,-156.15883334,2013-11-29,5,0,46.4,76.4,,Pastick,,0.0,N,,,,,,
59.889861125,-156.01881945,2013-11-29,4,0,66.25,95.0,,Pastick,,0.0,N,,,,,,
59.442018520000005,-157.34101850666667,2013-11-29,15,0,96.73333333333333,142.8,,Pastick,,0.0,N,,,,,,
59.46270835,-157.27798610000002,2013-11-29,4,0,84.5,133.75,,Pastick,,0.0,N,,,,,,
59.46495371666666,-157.33374999999998,2013-11-29,6,0,96.66666666666667,143.83333333333334,,Pastick,,0.0,N,,,,,,
59.882361149999994,-155.60194445000002,2013-11-29,2,1,49.5,116.0,,Pastick,,0.0,N,,,,,,
58.9309722,-157.205,2013-11-29,2,1,71.5,47.5,,Pastick,,0.0,N,,,,,,
59.01436740526316,-158.55822425789475,2013-11-29,19,0,122.73684210526316,192.94736842105263,,Pastick,,0.0,N,,,,,,
59.03152778,-158.52216666,2013-11-29,10,0,85.2,174.5,,Pastick,,0.0,N,,,,,,
59.06350695,-158.4400000125,2013-11-29,8,0,98.5,169.625,,Pastick,,0.0,N,,,,,,
59.09469443999999,-158.5833889,2013-11-29,10,0,99.1,164.3,,Pastick,,0.0,N,,,,,,
59.08444445,-158.51458335,2013-11-29,2,0,108.5,190.0,,Pastick,,0.0,N,,,,,,
59.059236112499995,-158.5655816,2013-11-29,32,0,113.0625,168.75,,Pastick,,0.0,N,,,,,,
59.062728032835814,-158.4862479313433,2013-11-29,67,0,94.49253731343283,168.34328358208955,,Pastick,,0.0,N,,,,,,
59.0636595,-158.51415544999998,2014-02-06,2,0,130.0,186.5,,Pastick,,0.0,N,,,,,,
60.0066667,-154.9498611,2013-11-29,2,0,89.0,140.0,,Pastick,,0.0,N,,,,,,
61.57974204166667,-159.23989860833333,2012-08-30,12,0,116.41666666666667,183.66666666666666,,Pastick,,0.0,N,,,,,,
61.5936718,-159.0170566,2012-08-30,4,0,81.0,319.5,,Pastick,,0.0,N,,,,,,
61.704155799999995,-156.96895846666666,2012-08-30,3,0,67.66666666666667,413.0,,Pastick,,0.0,N,,,,,,
62.2174186,-159.9008232,2012-08-30,2,0,115.0,135.0,,Pastick,,0.0,N,,,,,,
62.296506525,-159.93088467500002,2012-08-30,4,0,122.5,140.0,,Pastick,,0.0,N,,,,,,
62.304074433333334,-160.04273426666668,2012-08-30,3,0,153.33333333333334,186.66666666666666,,Pastick,,0.0,N,,,,,,
62.20159543749999,-160.14024838749998,2012-08-30,8,0,121.25,150.0,,Pastick,,0.0,N,,,,,,
62.23324915761316,-160.08802823884884,2003-07-15,2,0,,114.0,,Pastick,2.0,11.5,N,,,,,,
62.22670251111112,-160.07993562222222,2012-08-30,9,0,92.55555555555556,130.11111111111111,,Pastick,,0.0,N,,,,,,
62.64676210000001,-159.54187976666665,2012-08-30,6,0,130.0,150.0,,Pastick,,0.0,N,,,,,,
62.544389079999995,-159.5458347,2012-08-30,5,0,87.0,107.0,,Pastick,,0.0,N,,,,,,
62.50358646666667,-160.31903528333333,2012-08-30,6,0,118.83333333333333,135.5,,Pastick,,0.0,N,,,,,,
62.403100069999994,-160.07710012,2012-08-30,10,0,124.0,144.0,,Pastick,,0.0,N,,,,,,
61.98239838666667,-160.45607405333334,2012-08-30,15,0,100.66666666666667,120.66666666666667,,Pastick,,0.0,N,,,,,,
61.82274996666666,-160.1130836,2012-08-30,3,0,56.666666666666664,76.66666666666667,,Pastick,,0.0,N,,,,,,
61.92766073333333,-160.3591,2012-08-30,3,0,140.0,160.0,,Pastick,,0.0,N,,,,,,
61.911636535270915,-159.95857111906318,2003-08-16,2,0,,190.0,,Pastick,3.0,99.5,N,,,,,,
61.9082658,-159.95680929999997,2012-08-30,5,0,139.4,172.0,,Pastick,,0.0,N,,,,,,
61.93078286666667,-159.7603042,2012-08-30,3,0,76.66666666666667,93.33333333333333,,Pastick,,0.0,N,,,,,,
61.917424925,-160.6622096,2012-08-30,4,0,160.5,182.5,,Pastick,,0.0,N,,,,,,
61.979033468854304,-160.90382076311545,2003-08-18,2,0,,95.0,,Pastick,1.0,5.5,N,,,,,,
61.97559630000001,-160.8979100857143,2012-08-30,7,0,105.14285714285714,133.57142857142858,,Pastick,,0.0,N,,,,,,
61.94253725,-160.04585885,2012-08-30,2,0,160.0,180.0,,Pastick,,0.0,N,,,,,,
62.752512811111124,-160.14079105555555,2012-08-30,9,0,122.22222222222223,142.22222222222223,,Pastick,,0.0,N,,,,,,
62.6959924,-160.24722970000002,2012-08-30,6,0,123.33333333333333,143.33333333333334,,Pastick,,0.0,N,,,,,,
62.66581009,-160.32481041,2012-08-30,10,0,125.1,166.5,,Pastick,,0.0,N,,,,,,
62.66015123999999,-160.20429799000004,2012-08-30,10,0,142.0,162.0,,Pastick,,0.0,N,,,,,,
62.90117521538461,-160.07525701538464,2012-08-30,13,0,120.0,143.46153846153845,,Pastick,,0.0,N,,,,,,
62.9288572,-160.10384375,2012-08-30,2,0,110.0,130.0,,Pastick,,0.0,N,,,,,,
61.49558193999999,-160.1282319,2012-08-30,10,0,146.2,166.0,,Pastick,,0.0,N,,,,,,
61.31720322499999,-157.194628475,2012-08-30,12,0,68.16666666666667,197.08333333333334,,Pastick,,0.0,N,,,,,,
61.35342621666667,-157.09790831666666,2012-08-30,6,0,100.66666666666667,179.16666666666666,,Pastick,,0.0,N,,,,,,
61.378051219999996,-157.04494114,2012-08-30,5,0,134.0,178.0,,Pastick,,0.0,N,,,,,,
61.374241940000005,-157.0344849,2012-08-30,5,0,80.8,176.0,,Pastick,,0.0,N,,,,,,
61.42568058461538,-157.06441891538464,2012-08-30,13,0,114.23076923076923,207.6153846153846,,Pastick,,0.0,N,,,,,,
61.52472746666667,-156.96287053333333,2012-08-30,12,0,112.58333333333333,194.16666666666666,,Pastick,,0.0,N,,,,,,
61.45406064444445,-157.38904855555558,2012-08-30,9,0,47.333333333333336,197.11111111111111,,Pastick,,0.0,N,,,,,,
61.14253211666667,-157.78582346666667,2012-08-30,6,0,92.0,304.0,,Pastick,,0.0,N,,,,,,
61.14064168,-157.98465716,2012-08-30,5,0,77.8,288.8,,Pastick,,0.0,N,,,,,,
61.36007273333333,-157.8188437,2012-08-30,3,0,103.33333333333333,126.66666666666667,,Pastick,,0.0,N,,,,,,
61.17440659090909,-158.5634504,2012-08-30,11,0,51.09090909090909,430.09090909090907,,Pastick,,0.0,N,,,,,,
61.8665198,-158.47926865,2012-08-30,4,0,91.25,372.25,,Pastick,,0.0,N,,,,,,
61.722419439999996,-159.1468135,2012-08-30,5,0,59.0,119.0,,Pastick,,0.0,N,,,,,,
61.574242000000005,-158.13002045,2012-08-30,4,0,62.75,540.5,,Pastick,,0.0,N,,,,,,
61.13963313333333,-159.94924623333335,2012-08-30,3,0,82.66666666666667,132.0,,Pastick,,0.0,N,,,,,,
61.14511081428571,-159.78321898571429,2012-08-30,7,0,88.0,157.14285714285714,,Pastick,,0.0,N,,,,,,
61.76747220791021,-159.85353887315517,2004-08-16,9,0,,86.88888888888889,,Pastick,1.0,8.666666666666666,N,,,,,,
61.766297755555556,-159.85097813333334,2012-08-30,9,0,53.77777777777778,86.88888888888889,,Pastick,,0.0,N,,,,,,
60.9119069,-159.16761991666667,2012-08-30,6,0,57.666666666666664,87.5,,Pastick,,0.0,N,,,,,,
60.942627,-159.16001225,2012-08-30,2,0,40.0,85.0,,Pastick,,0.0,N,,,,,,
61.430658916666665,-157.60313938333334,2012-08-30,6,0,40.833333333333336,78.0,,Pastick,,0.0,N,,,,,,
61.295021871428574,-157.50089564285716,2012-08-30,7,0,63.714285714285715,117.14285714285714,,Pastick,,0.0,N,,,,,,
60.999570600000006,-157.88844417142857,2012-08-30,7,0,83.28571428571429,175.71428571428572,,Pastick,,0.0,N,,,,,,
61.12045445555556,-158.4576854666667,2012-08-30,9,0,66.55555555555556,104.66666666666667,,Pastick,,0.0,N,,,,,,
61.68474564285714,-158.5295715857143,2012-08-30,7,0,62.714285714285715,91.42857142857143,,Pastick,,0.0,N,,,,,,
61.6362655,-158.69382405000002,2012-08-30,6,0,54.0,75.83333333333333,,Pastick,,0.0,N,,,,,,
61.50666584,-158.26190677999998,2012-08-30,5,0,50.2,87.0,,Pastick,,0.0,N,,,,,,
61.082336733333335,-156.69784325,2012-08-30,6,0,66.5,89.5,,Pastick,,0.0,N,,,,,,
61.25536875,-156.61413535,2012-08-30,6,0,91.66666666666667,120.66666666666667,,Pastick,,0.0,N,,,,,,
61.245135766666664,-156.54384306666665,2012-08-30,3,0,135.66666666666666,192.0,,Pastick,,0.0,N,,,,,,
61.97272185714286,-156.75565742857142,2012-08-30,7,0,66.42857142857143,131.85714285714286,,Pastick,,0.0,N,,,,,,
61.758811875,-156.231186975,2012-08-30,8,0,108.0,182.0,,Pastick,,0.0,N,,,,,,
62.4951126,-160.587466775,2012-08-30,4,0,91.25,163.0,,Pastick,,0.0,N,,,,,,
62.511030825,-160.442344225,2012-08-30,4,0,104.0,200.0,,Pastick,,0.0,N,,,,,,
61.325994488888895,-156.88606892222222,2012-08-30,9,0,59.0,152.0,,Pastick,,0.0,N,,,,,,
61.483009300000006,-156.82032535,2012-08-30,2,0,140.0,151.0,,Pastick,,0.0,N,,,,,,
61.96066628888889,-156.4012581111111,2012-08-30,9,0,96.88888888888889,152.0,,Pastick,,0.0,N,,,,,,
61.6646438,-159.6171967,2012-08-30,2,0,53.0,80.0,,Pastick,,0.0,N,,,,,,
61.32035223333333,-158.17080196666666,2012-08-30,3,0,91.66666666666667,121.66666666666667,,Pastick,,0.0,N,,,,,,
61.35398833333333,-158.05462049999997,2012-08-30,3,0,98.33333333333333,145.0,,Pastick,,0.0,N,,,,,,
60.96801058571429,-158.67732017142856,2012-08-30,7,0,60.57142857142857,88.42857142857143,,Pastick,,0.0,N,,,,,,
59.80822223,-157.52552776,2013-11-29,10,0,126.6,159.2,,Pastick,,0.0,N,,,,,,
59.79148334000001,-157.42409472999998,2013-11-29,10,0,131.0,166.0,,Pastick,,0.0,N,,,,,,
59.831944449999995,-157.49416665,2013-11-29,2,0,61.0,110.0,,Pastick,,0.0,N,,,,,,
59.05730557,-158.19986110999997,2013-11-29,10,0,100.1,165.9,,Pastick,,0.0,N,,,,,,
59.56092593333333,-157.77773146666667,2013-11-29,6,0,110.66666666666667,161.66666666666666,,Pastick,,0.0,N,,,,,,
58.88809026250001,-158.4257638875,2013-11-29,8,0,93.25,157.5,,Pastick,,0.0,N,,,,,,
59.255868037499994,-157.472395825,2013-11-29,8,0,81.625,157.25,,Pastick,,0.0,N,,,,,,
59.85986625555555,-160.02022634814816,2013-12-13,27,0,48.77777777777778,85.44444444444444,,Pastick,,0.0,N,,,,,,
59.562951375,-159.38725693749998,2013-12-13,8,0,64.25,100.875,,Pastick,,0.0,N,,,,,,
59.64274025405407,-160.3678678648649,2013-12-12,37,0,66.78378378378379,105.97297297297297,,Pastick,,0.0,N,,,,,,
59.491180549999996,-160.62488425833337,2013-12-13,12,0,47.5,118.83333333333333,,Pastick,,0.0,N,,,,,,
59.48250001,-160.56469445000002,2013-12-13,10,0,88.1,116.8,,Pastick,,0.0,N,,,,,,
59.4033712090909,-160.37953282727273,2013-12-13,22,0,73.04545454545455,122.31818181818181,,Pastick,,0.0,N,,,,,,
59.124097225,-159.263749975,2013-12-13,4,0,70.5,143.5,,Pastick,,0.0,N,,,,,,
59.14638885,-161.1120833,2013-12-13,2,0,91.0,152.0,,Pastick,,0.0,N,,,,,,
59.10368055000001,-159.512777775,2013-12-13,4,0,86.5,133.5,,Pastick,,0.0,N,,,,,,
59.069166675,-159.958750025,2013-12-13,4,0,71.0,152.0,,Pastick,,0.0,N,,,,,,
59.075416700000005,-160.3161111,2013-12-13,2,0,74.5,151.0,,Pastick,,0.0,N,,,,,,
59.15657406666667,-160.31296296666667,2013-12-13,3,0,51.0,150.66666666666666,,Pastick,,0.0,N,,,,,,
59.39074073333333,-158.30046296666666,2013-11-29,3,0,76.33333333333333,136.33333333333334,,Pastick,,0.0,N,,,,,,
59.34373841666667,-158.30738331666666,2013-11-29,6,0,67.5,89.16666666666667,,Pastick,,0.0,N,,,,,,
59.301975,-157.28064026666667,2013-11-29,6,0,87.33333333333333,143.33333333333334,,Pastick,,0.0,N,,,,,,
59.497831950000005,-157.9317538125,2013-11-29,8,0,136.625,173.75,,Pastick,,0.0,N,,,,,,
59.48574075000001,-158.39407406666666,2013-11-29,6,0,125.66666666666667,152.0,,Pastick,,0.0,N,,,,,,
58.85466666,-158.24377776,2013-11-29,5,0,85.6,176.8,,Pastick,,0.0,N,,,,,,
59.59769444,-158.08944443000001,2013-11-29,10,0,63.6,98.2,,Pastick,,0.0,N,,,,,,
59.71375001666666,-157.9547685166667,2013-11-29,6,0,109.5,135.83333333333334,,Pastick,,0.0,N,,,,,,
58.91404761428572,-158.1023015857143,2013-11-29,7,0,134.57142857142858,187.85714285714286,,Pastick,,0.0,N,,,,,,
59.50354170000001,-156.579513875,2013-11-29,4,0,74.25,120.0,,Pastick,,0.0,N,,,,,,
59.533518533333336,-156.78462966666666,2013-11-29,3,0,82.33333333333333,113.33333333333333,,Pastick,,0.0,N,,,,,,
58.8131944,-158.41347225,2013-11-29,2,0,142.5,170.0,,Pastick,,0.0,N,,,,,,
59.85375,-158.28638890000002,2013-11-29,2,0,78.0,107.5,,Pastick,,0.0,N,,,,,,
59.42657405,-158.1332407333333,2013-11-29,6,0,97.16666666666667,170.66666666666666,,Pastick,,0.0,N,,,,,,
58.76659725,-157.54777775,2013-11-29,4,0,87.25,180.5,,Pastick,,0.0,N,,,,,,
58.99738889,-158.30705557000002,2013-11-29,10,0,93.3,164.6,,Pastick,,0.0,N,,,,,,
59.796388879999995,-157.80033334,2013-11-29,5,0,105.4,163.8,,Pastick,,0.0,N,,,,,,
59.942013875,-158.13493055,2013-11-29,4,0,98.0,158.5,,Pastick,,0.0,N,,,,,,
59.96,-158.04472225,2013-11-29,4,0,76.0,143.0,,Pastick,,0.0,N,,,,,,
58.72506944999999,-158.3027778,2013-11-29,4,0,66.25,95.0,,Pastick,,0.0,N,,,,,,
59.33614196666667,-157.8734259222222,2013-11-29,9,0,89.11111111111111,173.33333333333334,,Pastick,,0.0,N,,,,,,
59.8337222,-156.53605556,2013-11-29,5,0,84.4,131.0,,Pastick,,0.0,N,,,,,,
59.794305550000004,-156.08097225,2013-11-29,2,0,76.5,116.0,,Pastick,,0.0,N,,,,,,
59.96820371111111,-157.87768518888888,2013-11-29,9,0,93.11111111111111,135.55555555555554,,Pastick,,0.0,N,,,,,,
60.094583325,-158.463125,2013-11-29,4,0,53.0,102.5,,Pastick,,0.0,N,,,,,,
60.310972225,-158.73555555000002,2013-11-29,4,0,34.75,81.25,,Pastick,,0.0,N,,,,,,
60.15772726363637,-159.5546717090909,2013-11-29,11,0,44.63636363636363,93.63636363636364,,Pastick,,0.0,N,,,,,,
60.19,-159.59291665,2013-11-29,2,0,41.0,95.0,,Pastick,,0.0,N,,,,,,
59.955185199999995,-158.90722219999998,2013-11-29,3,0,81.66666666666667,123.33333333333333,,Pastick,,0.0,N,,,,,,
59.97291665,-158.8163889,2013-11-29,2,0,74.5,120.0,,Pastick,,0.0,N,,,,,,
59.9815278,-158.72666665,2013-11-29,2,0,109.5,132.5,,Pastick,,0.0,N,,,,,,
59.8725,-156.3321759,2013-11-29,6,0,87.33333333333333,126.66666666666667,,Pastick,,0.0,N,,,,,,
59.850324066666666,-157.29685184999997,2013-11-29,6,0,83.5,127.33333333333333,,Pastick,,0.0,N,,,,,,
59.68319446666667,-156.00231481666665,2013-11-29,6,0,100.83333333333333,125.5,,Pastick,,0.0,N,,,,,,
60.079062512499995,-158.2694097125,2013-11-29,8,0,99.875,144.375,,Pastick,,0.0,N,,,,,,
59.652777775000004,-156.508194425,2013-11-29,4,0,88.75,112.5,,Pastick,,0.0,N,,,,,,
59.679166699999996,-156.43583335,2013-11-29,2,0,75.0,105.0,,Pastick,,0.0,N,,,,,,
60.40833333333333,-158.77092593333333,2013-11-29,3,0,54.666666666666664,95.0,,Pastick,,0.0,N,,,,,,
59.958611149999996,-157.70486110000002,2013-11-29,2,0,102.5,152.5,,Pastick,,0.0,N,,,,,,
60.1955208375,-158.725833325,2013-11-29,8,0,58.625,93.125,,Pastick,,0.0,N,,,,,,
60.058333319999996,-159.24305556,2013-11-29,5,0,59.8,80.0,,Pastick,,0.0,N,,,,,,
60.171875,-158.508958325,2013-11-29,4,0,41.25,110.5,,Pastick,,0.0,N,,,,,,
60.38605556,-157.64494446,2013-11-29,5,0,52.0,92.0,,Pastick,,0.0,N,,,,,,
60.460208300000005,-158.43305555,2013-11-29,4,0,65.75,103.75,,Pastick,,0.0,N,,,,,,
60.40481483333334,-158.26851853333335,2013-11-29,3,0,140.0,152.66666666666666,,Pastick,,0.0,N,,,,,,
60.49493055000001,-158.71631945000001,2013-11-29,4,0,45.0,93.75,,Pastick,,0.0,N,,,,,,
60.40618057499999,-158.5476389,2013-11-29,4,0,46.5,103.25,,Pastick,,0.0,N,,,,,,
60.61435184444445,-157.38864196666665,2013-11-29,9,0,84.0,121.11111111111111,,Pastick,,0.0,N,,,,,,
60.622888880000005,-156.98438887999998,2013-11-29,5,0,53.8,85.6,,Pastick,,0.0,N,,,,,,
60.48166665,-158.052152775,2013-11-29,4,0,50.75,85.75,,Pastick,,0.0,N,,,,,,
60.26222225,-157.15812499999998,2013-11-29,4,0,46.0,103.25,,Pastick,,0.0,N,,,,,,
60.2175,-156.99601851666668,2013-11-29,6,0,43.5,90.5,,Pastick,,0.0,N,,,,,,
60.29788888,-158.0136111,2013-11-29,5,0,77.2,107.6,,Pastick,,0.0,N,,,,,,
60.2493651,-157.76468251428574,2013-11-29,7,0,51.714285714285715,91.85714285714286,,Pastick,,0.0,N,,,,,,
59.940462966666665,-157.53749996666667,2013-11-29,3,0,138.33333333333334,170.0,,Pastick,,0.0,N,,,,,,
60.742569474999996,-157.46423612499999,2013-11-29,4,0,86.75,116.75,,Pastick,,0.0,N,,,,,,
60.35772222000001,-157.14438888,2013-11-29,5,0,81.4,111.0,,Pastick,,0.0,N,,,,,,
60.4051389,-157.21847225,2013-11-29,2,0,65.0,100.0,,Pastick,,0.0,N,,,,,,
60.05405556000001,-157.81683332000003,2013-11-29,5,0,120.4,147.2,,Pastick,,0.0,N,,,,,,
60.07546296666666,-157.95379630000002,2013-11-29,3,0,110.66666666666667,155.0,,Pastick,,0.0,N,,,,,,
60.5374603,-156.7323412714286,2013-11-29,7,0,69.57142857142857,117.42857142857143,,Pastick,,0.0,N,,,,,,
59.90972223333333,-155.44342591666665,2013-11-29,6,0,58.333333333333336,86.66666666666667,,Pastick,,0.0,N,,,,,,
60.317708325,-155.75513891249997,2013-11-29,8,0,47.125,78.375,,Pastick,,0.0,N,,,,,,
60.822962933333336,-154.77240740000002,2013-11-29,3,0,39.0,81.66666666666667,,Pastick,,0.0,N,,,,,,
60.8173148,-154.90175926666666,2013-11-29,3,0,39.333333333333336,81.0,,Pastick,,0.0,N,,,,,,
60.246150785714285,-156.6333333285714,2013-11-29,7,0,63.857142857142854,96.0,,Pastick,,0.0,N,,,,,,
60.66455556000001,-154.73627778,2013-11-29,5,0,52.8,116.0,,Pastick,,0.0,N,,,,,,
60.60375,-155.03520835,2013-11-29,8,0,31.75,67.0,,Pastick,,0.0,N,,,,,,
60.59648146666667,-155.16712959999998,2013-12-01,3,0,18.666666666666668,107.0,,Pastick,,0.0,N,,,,,,
60.58527776666667,-155.5425926,2013-11-29,3,0,53.666666666666664,87.0,,Pastick,,0.0,N,,,,,,
59.9738889,-155.96925926666665,2013-11-29,3,0,60.333333333333336,82.0,,Pastick,,0.0,N,,,,,,
60.049888859999996,-156.00855554000003,2013-11-29,5,0,52.2,89.0,,Pastick,,0.0,N,,,,,,
60.698888866666664,-155.15981479999996,2013-11-29,3,0,100.0,140.0,,Pastick,,0.0,N,,,,,,
60.841230157142846,-155.1662301714286,2013-11-29,7,0,64.14285714285714,115.57142857142857,,Pastick,,0.0,N,,,,,,
60.474833319999995,-155.0041111,2013-11-29,5,0,47.6,78.2,,Pastick,,0.0,N,,,,,,
60.57155555999999,-154.58997223000003,2013-11-29,10,0,74.8,93.8,,Pastick,,0.0,N,,,,,,
60.47944445,-155.38708335,2013-11-29,2,0,80.0,95.0,,Pastick,,0.0,N,,,,,,
60.405222200000004,-155.40594446,2013-11-29,5,0,64.0,99.0,,Pastick,,0.0,N,,,,,,
60.52876982857142,-155.9947619142857,2013-11-29,7,0,55.42857142857143,80.42857142857143,,Pastick,,0.0,N,,,,,,
60.1447222,-158.0153472,2013-11-29,4,0,55.75,97.5,,Pastick,,0.0,N,,,,,,
60.084930549999996,-157.495694425,2013-11-29,4,0,74.75,149.0,,Pastick,,0.0,N,,,,,,
60.57683334000001,-157.60616666,2013-11-29,5,0,55.0,73.0,,Pastick,,0.0,N,,,,,,
60.231111119999994,-158.40499998,2013-11-29,5,0,48.0,78.0,,Pastick,,0.0,N,,,,,,
60.325486125000005,-156.8292361,2013-11-29,4,0,69.5,120.0,,Pastick,,0.0,N,,,,,,
59.80814816666666,-158.07194446666668,2013-11-29,3,0,108.33333333333333,141.0,,Pastick,,0.0,N,,,,,,
59.666435183333334,-156.1948611,2013-11-29,6,0,104.16666666666667,146.33333333333334,,Pastick,,0.0,N,,,,,,
60.44061111999999,-155.74049999999997,2013-11-29,5,0,97.2,126.0,,Pastick,,0.0,N,,,,,,
59.7710185,-158.38268516666668,2013-11-29,3,0,61.666666666666664,100.0,,Pastick,,0.0,N,,,,,,
59.90125,-157.75625,2013-11-29,2,0,72.0,115.0,,Pastick,,0.0,N,,,,,,
59.613981466666665,-157.64259260000003,2013-11-29,3,0,74.66666666666667,146.0,,Pastick,,0.0,N,,,,,,
59.27024509411764,-158.63575164117648,2013-11-29,17,0,72.88235294117646,114.88235294117646,,Pastick,,0.0,N,,,,,,
59.303263875,-158.61611109999998,2013-11-29,4,0,55.0,95.0,,Pastick,,0.0,N,,,,,,
59.71111115,-157.02847225,2013-11-29,2,0,143.0,176.5,,Pastick,,0.0,N,,,,,,
59.69944448,-158.39944442,2013-11-29,5,0,60.6,88.0,,Pastick,,0.0,N,,,,,,
59.75098144814814,-160.2644236814815,2013-12-13,27,0,48.25925925925926,103.33333333333333,,Pastick,,0.0,N,,,,,,
60.020895654545455,-159.86527835454547,2013-12-13,22,0,57.68181818181818,96.5909090909091,,Pastick,,0.0,N,,,,,,
60.04614674,-159.87145217,2013-12-13,10,0,45.0,81.3,,Pastick,,0.0,N,,,,,,
59.91628625172415,-159.49496872758624,2013-12-13,29,0,47.55172413793103,111.93103448275862,,Pastick,,0.0,N,,,,,,
59.697242575,-159.53737127499997,2013-12-13,8,0,47.75,108.875,,Pastick,,0.0,N,,,,,,
59.76186597272727,-159.53264661818181,2013-12-13,11,0,56.72727272727273,112.81818181818181,,Pastick,,0.0,N,,,,,,
59.79662327272727,-159.50829923636363,2013-12-13,11,0,63.0,100.27272727272727,,Pastick,,0.0,N,,,,,,
59.828741875,-159.503192725,2013-12-13,4,0,49.5,116.0,,Pastick,,0.0,N,,,,,,
59.5425063625,-159.66597708749998,2013-12-13,8,0,73.0,123.75,,Pastick,,0.0,N,,,,,,
59.127883350000005,-159.083375,2013-04-08,2,0,63.0,152.0,,Pastick,,0.0,N,,,,,,
59.422574999999995,-161.15030835,2013-04-08,2,0,110.5,152.0,,Pastick,,0.0,N,,,,,,
59.147209700000005,-160.15172215,2013-12-13,2,0,77.5,152.0,,Pastick,,0.0,N,,,,,,
59.1892583,-160.14775535,2013-12-13,2,0,51.5,152.0,,Pastick,,0.0,N,,,,,,
59.236091166666675,-160.15432946666667,2013-12-13,3,0,76.66666666666667,152.0,,Pastick,,0.0,N,,,,,,
59.207225,-160.36683106666666,2013-12-13,3,0,78.33333333333333,152.0,,Pastick,,0.0,N,,,,,,
59.20399235,-160.25620445,2013-12-13,2,0,97.5,152.0,,Pastick,,0.0,N,,,,,,
59.162932049999995,-159.92239775,2013-12-13,4,0,83.0,152.0,,Pastick,,0.0,N,,,,,,
59.13012315,-159.60355765,2013-12-13,2,0,32.5,152.0,,Pastick,,0.0,N,,,,,,
59.2234715,-159.60681405714286,2013-12-13,7,0,62.142857142857146,152.0,,Pastick,,0.0,N,,,,,,
59.234150125,-159.4457884,2013-12-13,4,0,64.5,152.0,,Pastick,,0.0,N,,,,,,
59.20777973333333,-159.1684531666667,2013-12-13,3,0,77.33333333333333,125.0,,Pastick,,0.0,N,,,,,,
59.1935421,-159.12261682500002,2013-12-13,4,0,15.0,123.25,,Pastick,,0.0,N,,,,,,
59.258359742857145,-159.29072794285713,2013-12-13,7,0,67.0,123.42857142857143,,Pastick,,0.0,N,,,,,,
59.23605768,-159.21469754,2013-12-13,5,0,78.0,109.4,,Pastick,,0.0,N,,,,,,
59.17315825,-159.35963355,2013-12-13,2,0,60.0,166.0,,Pastick,,0.0,N,,,,,,
58.974364900000005,-159.78074823333336,2013-12-13,3,0,118.0,164.33333333333334,,Pastick,,0.0,N,,,,,,
59.19604546666667,-159.75261163333334,2013-12-13,3,0,84.33333333333333,130.0,,Pastick,,0.0,N,,,,,,
59.02659468,-160.09664172,2013-12-13,5,0,116.8,149.4,,Pastick,,0.0,N,,,,,,
59.325055725,-158.9385705,2013-12-13,4,0,77.5,126.0,,Pastick,,0.0,N,,,,,,
59.18592751999999,-158.80926296,2013-12-13,5,0,68.0,116.0,,Pastick,,0.0,N,,,,,,
59.319456833333334,-159.09929546666666,2013-12-13,3,0,84.33333333333333,174.0,,Pastick,,0.0,N,,,,,,
59.04185906,-159.75362009999998,2013-12-13,5,0,81.0,152.0,,Pastick,,0.0,N,,,,,,
59.12259305,-159.6994785,2013-12-13,2,0,117.5,156.0,,Pastick,,0.0,N,,,,,,
63.719908011659626,-146.04634101622787,2002-08-08,18,1,38.05555555555556,65.66666666666667,,Pastick,1.0,21.72222222222222,N,,,,,,
63.705672727191114,-145.98194271668666,2002-08-11,15,0,21.066666666666666,78.86666666666666,,Pastick,1.0,21.6,N,,,,,,
63.75517646175434,-145.87376071903222,2000-08-24,6,0,8.0,94.16666666666667,,Pastick,9.0,15.333333333333334,N,,,,,,
63.79739255148356,-145.92193644121352,2000-08-29,7,1,30.857142857142858,60.0,,Pastick,2.0,16.714285714285715,N,,,,,,
63.79177407683327,-145.83066578088486,2000-07-30,12,1,42.25,81.66666666666667,,Pastick,11.0,7.916666666666667,N,,,,,,
63.84722483238224,-145.83082799250923,2000-08-09,11,0,8.181818181818182,86.36363636363636,,Pastick,2.0,13.727272727272727,N,,,,,,
63.89093505120596,-145.96854863212843,2002-07-27,9,1,36.333333333333336,90.22222222222223,,Pastick,2.0,27.77777777777778,N,,,,,,
63.87561652735296,-145.85474957551023,2000-07-26,2,1,69.0,95.0,,Pastick,2.0,16.0,N,,,,,,
63.88455247239388,-145.72239457686914,2000-07-24,5,0,30.0,109.6,,Pastick,7.0,10.2,N,,,,,,
63.89504841743098,-145.62677024599918,2000-07-27,8,1,40.0,80.5,,Pastick,3.0,21.125,N,,,,,,
63.90628060313952,-145.38800582450318,2004-07-18,2,0,0.0,76.5,,Pastick,1.0,17.5,N,,,,,,
63.92842804326787,-145.65073027815595,2000-08-12,9,0,32.77777777777778,100.55555555555556,,Pastick,7.0,20.11111111111111,N,,,,,,
63.93987822228188,-145.53644260903934,2000-07-05,2,0,0.0,90.0,,Pastick,2.0,3.5,N,,,,,,
63.92062211321432,-145.3779108392857,2013-08-11,56,1,90.26785714285714,90.26785714285714,,Schaefer_2020,,,,,,,,,
63.979350760107906,-145.74956337720357,2000-07-03,2,0,0.0,107.5,,Pastick,4.0,2.0,N,,,,,,
64.0154078142044,-145.71711597564678,2000-06-21,2,0,0.0,80.0,,Pastick,3.0,10.0,N,,,,,,
64.02240840352378,-145.55937243340847,2004-07-05,7,0,0.0,95.14285714285714,,Pastick,3.0,0.0,N,,,,,,
63.790364001348095,-145.74843327451828,2000-08-01,4,0,11.25,71.75,,Pastick,2.0,19.5,N,,,,,,
63.83238128038188,-145.9109001357721,2000-08-06,5,0,14.0,85.4,,Pastick,10.0,12.0,N,,,,,,
63.86664825286943,-145.9640288172123,2002-07-27,3,0,23.333333333333332,124.33333333333333,,Pastick,1.0,4.333333333333333,N,,,,,,
63.84612280830366,-145.72851598345963,2000-07-08,10,0,0.0,66.1,,Pastick,1.0,7.2,N,,,,,,
63.84736442428572,-145.71702244285714,2013-08-11,7,1,44.714285714285715,44.714285714285715,,Schaefer_2020,,,,,,,,,
63.92029418244444,-145.3786205911111,2013-08-11,45,1,88.35555555555555,88.35555555555555,,Schaefer_2020,,,,,,,,,
63.96161384490328,-145.54242356208817,2000-06-27,2,0,0.0,92.0,,Pastick,6.0,8.5,N,,,,,,
63.996156394021575,-145.52620089984038,2004-09-28,2,0,0.0,117.5,,Pastick,1.0,11.0,N,,,,,,
63.828682374551796,-145.11697480052052,2004-07-05,4,0,16.75,121.25,,Pastick,1.0,7.25,N,,,,,,
63.80902054934435,-145.0097509208583,2004-07-10,9,0,13.0,90.88888888888889,,Pastick,3.0,13.444444444444445,N,,,,,,
63.87257555643104,-145.20507918526445,2004-07-21,5,0,0.0,187.0,,Pastick,1.0,11.6,N,,,,,,
63.850487661061344,-145.11732571864562,2004-07-20,3,0,0.0,126.0,,Pastick,1.0,1.6666666666666667,N,,,,,,
63.926539568944754,-145.18549777077848,2004-07-27,7,0,0.0,142.71428571428572,,Pastick,2.0,2.2857142857142856,N,,,,,,
63.94805972479905,-145.21718805456848,2004-08-18,11,0,0.0,103.36363636363636,,Pastick,1.0,9.0,N,,,,,,
63.96866200326313,-145.08320540196274,2004-08-08,3,0,0.0,190.0,,Pastick,1.0,3.0,N,,,,,,
63.98083776614819,-145.06737917650852,2004-07-13,5,0,0.0,211.0,,Pastick,2.0,1.8,N,,,,,,
63.815719268699986,-144.95607871400006,2018-08-16,100,1,54.65,54.65,,Schaefer_2020,,,,,,,,,
63.815794493101734,-144.9395786308554,2004-06-09,2,1,15.0,120.0,,Pastick,1.0,20.0,N,,,,,,
63.006377303862934,-151.65422002142353,1999-07-10,9,0,19.333333333333332,97.11111111111111,,Pastick,1.0,4.0,N,,,,,,
63.10721811889937,-151.64821820256495,1999-08-05,10,0,20.3,100.3,,Pastick,1.0,4.8,N,,,,,,
63.219031639379814,-151.53023312500872,1999-07-08,7,0,21.857142857142858,97.42857142857143,,Pastick,3.0,7.428571428571429,N,,,,,,
63.165242076805185,-151.51203372493748,2002-08-15,3,0,0.0,150.0,,Pastick,2.0,6.0,N,,,,,,
63.20532258685425,-151.52123066016895,1999-07-08,2,0,0.0,125.0,,Pastick,1.0,1.5,N,,,,,,
63.201574892065956,-151.9761352058487,1999-08-21,10,1,27.9,78.0,,Pastick,1.0,25.9,N,,,,,,
63.20955031085209,-151.682202820259,1999-07-12,11,0,14.545454545454545,83.27272727272727,,Pastick,2.0,18.09090909090909,N,,,,,,
63.27000132461692,-151.14530937314936,1999-07-14,10,0,17.7,99.1,,Pastick,2.0,7.4,N,,,,,,
63.29891135332737,-151.06524861848698,1998-08-19,5,0,33.8,128.0,,Pastick,1.0,15.0,N,,,,,,
63.31574615743147,-151.0881562257923,1998-08-19,6,0,0.0,133.33333333333334,,Pastick,1.0,6.5,N,,,,,,
63.22616995484303,-151.11059700114586,1999-07-12,10,0,18.5,108.5,,Pastick,1.0,4.2,N,,,,,,
63.24530915678192,-150.96239902076417,1999-07-07,8,0,9.75,97.25,,Pastick,2.0,2.25,N,,,,,,
63.259472190258236,-151.40699818827363,2002-08-30,2,1,41.0,116.0,,Pastick,2.0,12.0,N,,,,,,
63.257619159817544,-151.4316935995996,1999-08-09,11,0,19.181818181818183,110.0909090909091,,Pastick,2.0,7.545454545454546,N,,,,,,
63.32647248626331,-150.75704036154048,1998-08-01,14,0,8.785714285714286,122.07142857142857,,Pastick,2.0,11.0,N,,,,,,
63.35404768456162,-150.74991243711068,1998-08-05,2,0,0.0,100.0,,Pastick,1.0,0.0,N,,,,,,
63.269319497462774,-150.81446154098788,2002-08-15,4,0,60.5,98.0,,Pastick,1.0,3.5,N,,,,,,
63.29871146338282,-150.78486118313387,1998-07-26,6,0,19.666666666666668,103.0,,Pastick,1.0,3.1666666666666665,N,,,,,,
63.29698658089321,-151.92559754867125,1999-07-24,11,0,10.090909090909092,97.36363636363636,,Pastick,1.0,38.18181818181818,N,,,,,,
63.29730115588606,-151.58859840211332,1999-08-19,11,0,26.272727272727273,85.45454545454545,,Pastick,1.0,22.0,N,,,,,,
63.311011842187796,-150.9264372086236,1998-08-12,10,0,6.2,105.2,,Pastick,1.0,6.4,N,,,,,,
63.32827901097571,-152.18293925891194,2001-09-05,6,1,43.333333333333336,118.33333333333333,,Pastick,3.0,11.333333333333334,N,,,,,,
63.30726962620338,-150.3155881540849,1998-07-26,11,0,34.54545454545455,105.9090909090909,,Pastick,1.0,3.8181818181818183,N,,,,,,
63.36120097212608,-150.36828337805989,1998-07-09,11,0,18.727272727272727,102.45454545454545,,Pastick,1.0,4.454545454545454,N,,,,,,
63.33097867160375,-151.7716928658753,1999-08-20,11,0,12.818181818181818,91.72727272727273,,Pastick,1.0,17.727272727272727,N,,,,,,
63.36888447315829,-150.58153298888587,1998-07-17,24,0,15.333333333333334,96.66666666666667,,Pastick,1.0,6.583333333333333,N,,,,,,
63.412972893647094,-150.51067207592405,2002-08-20,2,0,0.0,125.0,,Pastick,2.0,1.5,N,,,,,,
63.43317182963477,-150.4903209166917,1998-09-09,2,0,29.5,106.5,,Pastick,2.0,32.5,N,,,,,,
63.36435324974338,-151.1656409689954,1999-07-22,9,1,21.555555555555557,88.77777777777777,,Pastick,2.0,32.0,N,,,,,,
63.43925170198979,-151.11563261243882,1998-08-20,4,1,23.75,80.25,,Pastick,6.0,25.75,N,,,,,,
63.46580245448054,-151.12006881495105,1998-08-20,11,0,49.09090909090909,108.54545454545455,,Pastick,1.0,13.454545454545455,N,,,,,,
63.41529079455884,-151.09049802334198,1998-08-21,12,0,28.083333333333332,109.58333333333333,,Pastick,1.0,16.083333333333332,N,,,,,,
63.383012085921024,-152.0471608422449,1999-10-10,12,1,56.5,68.58333333333333,,Pastick,2.0,21.916666666666668,N,,,,,,
63.413850107133904,-151.338722680334,1999-09-04,11,1,45.54545454545455,84.18181818181819,,Pastick,2.0,37.36363636363637,N,,,,,,
63.436986624081996,-151.75422063494352,1999-08-22,17,0,29.529411764705884,94.58823529411765,,Pastick,2.0,31.294117647058822,N,,,,,,
63.47145718252498,-151.74255128277414,1999-08-22,5,0,18.6,95.8,,Pastick,1.0,24.4,N,,,,,,
63.437893801124005,-151.6151736851133,1999-08-08,9,1,25.666666666666668,58.0,,Pastick,1.0,44.22222222222222,N,,,,,,
63.4460656860639,-150.81484339015273,1998-08-24,7,0,0.0,107.14285714285714,,Pastick,2.0,9.142857142857142,N,,,,,,
63.508158259416966,-150.84453001662385,1998-08-28,4,0,35.25,116.0,,Pastick,1.0,23.0,N,,,,,,
63.4900241079281,-150.69183148943503,1999-07-23,2,1,19.0,81.5,,Pastick,2.0,20.0,N,,,,,,
63.52544718575247,-150.92303984882057,1998-08-25,7,0,75.71428571428571,75.71428571428571,,Pastick,1.0,6.285714285714286,Y,,,,,,
63.465576822082795,-150.83770614724844,2001-08-16,2,1,57.5,107.5,,Pastick,2.0,4.5,N,,,,,,
63.439781543967364,-150.83516615071582,1998-08-24,5,0,17.6,117.6,,Pastick,3.0,10.2,N,,,,,,
63.51510323297962,-150.82029692905823,1998-08-24,2,0,0.0,100.0,,Pastick,6.0,4.5,N,,,,,,
63.510811723946176,-150.73749710496364,1999-07-23,4,1,42.5,49.0,,Pastick,2.0,39.0,N,,,,,,
63.53038319790292,-150.71021680878465,1999-07-25,4,1,67.75,72.25,,Pastick,3.0,14.5,N,,,,,,
63.46011678228581,-151.23504900287622,1999-08-25,2,0,0.0,100.0,,Pastick,1.0,5.5,N,,,,,,
63.46434530862922,-152.00992380428198,2000-08-26,8,1,57.25,62.75,,Pastick,2.0,19.75,N,,,,,,
63.46354951675892,-152.37263263388695,2000-08-29,11,0,16.545454545454547,102.36363636363636,,Pastick,2.0,39.0,N,,,,,,
63.4377615288366,-150.0624048139144,1998-07-08,6,0,3.3333333333333335,99.16666666666667,,Pastick,2.0,7.833333333333333,N,,,,,,
63.462850191849355,-150.2204212620644,2018-08-14,7006,1,63.67608906651434,63.67608906651442,,Patton_2021,0.0,,,,,,,,
63.47196554680682,-150.1685462112546,1997-09-06,11,0,31.272727272727273,115.0,,Pastick,3.0,4.2727272727272725,N,,,,,,
63.50559910939935,-151.31354424976766,1999-08-25,8,1,54.625,76.25,,Pastick,1.0,22.875,N,,,,,,
63.47966667416619,-150.46165076413556,2002-08-20,4,0,22.0,134.5,,Pastick,2.0,3.75,N,,,,,,
63.50238845612978,-151.8944787804254,1999-09-01,9,0,20.11111111111111,109.22222222222223,,Pastick,2.0,16.0,N,,,,,,
63.50479569523084,-150.57304574168114,1998-08-26,10,0,0.0,106.0,,Pastick,2.0,5.0,N,,,,,,
63.53441227980237,-151.51458950662078,1999-09-05,10,1,31.3,87.8,,Pastick,1.0,27.1,N,,,,,,
63.522239643719644,-150.367246847817,1997-07-18,9,0,9.11111111111111,136.88888888888889,,Pastick,2.0,4.888888888888889,N,,,,,,
63.59352375564824,-152.37648861389005,2000-08-10,3,0,14.0,103.33333333333333,,Pastick,3.0,30.666666666666668,N,,,,,,
63.631711382532195,-152.40063841722014,2000-08-10,7,1,28.857142857142858,102.71428571428571,,Pastick,1.0,63.714285714285715,N,,,,,,
63.58269461648934,-151.87482922883646,1999-09-03,11,1,24.0,75.45454545454545,,Pastick,2.0,30.09090909090909,N,,,,,,
63.585113343202366,-151.33776396652647,1999-08-18,10,0,16.7,94.4,,Pastick,2.0,29.0,N,,,,,,
63.580021646699144,-150.5502763003806,2002-08-19,4,0,21.5,134.0,,Pastick,1.0,8.75,N,,,,,,
63.62214229852252,-150.75441658988564,1998-08-11,4,1,85.25,85.25,,Pastick,2.0,13.25,Y,,,,,,
63.61303567257501,-150.75887267839855,1998-08-11,8,0,58.625,75.0,,Pastick,3.0,6.125,Y,,,,,,
63.59187337253175,-150.60971667126566,2002-08-26,2,0,55.0,130.0,,Pastick,2.0,11.0,N,,,,,,
63.589522616291106,-150.64099004677396,1998-08-23,12,0,57.166666666666664,106.33333333333333,,Pastick,1.0,6.333333333333333,Y,,,,,,
63.61312558973278,-152.57191580194757,2000-09-10,10,0,24.9,100.1,,Pastick,1.0,41.3,N,,,,,,
63.588398131046716,-151.0125165660546,2000-08-28,3,1,65.33333333333333,75.66666666666667,,Pastick,1.0,35.0,N,,,,,,
63.57747411277255,-150.25416403279553,1999-07-23,4,0,8.5,93.25,,Pastick,1.0,8.0,N,,,,,,
63.61157560685778,-152.07984868745436,2000-09-06,9,0,19.77777777777778,114.66666666666667,,Pastick,1.0,21.88888888888889,N,,,,,,
63.62495983556914,-151.59919096157995,1999-08-09,10,0,23.0,89.1,,Pastick,2.0,19.0,N,,,,,,
63.680222112182584,-151.56071358435497,1999-09-02,10,0,0.0,115.0,,Pastick,5.0,8.2,N,,,,,,
63.63591287327734,-150.41198670800438,1998-08-09,12,0,20.25,97.08333333333333,,Pastick,2.0,18.25,N,,,,,,
63.6609513827659,-151.75285243071048,1999-09-07,9,0,19.666666666666668,102.88888888888889,,Pastick,3.0,38.77777777777778,N,,,,,,
63.677344766194174,-152.08013998369682,2000-08-11,9,1,29.555555555555557,94.55555555555556,,Pastick,1.0,25.88888888888889,N,,,,,,
63.728459636232856,-150.979555805414,1998-09-03,10,1,31.1,95.2,,Pastick,1.0,26.5,N,,,,,,
63.68877553565779,-150.96839015710677,1998-09-03,2,1,56.0,77.0,,Pastick,2.0,30.5,N,,,,,,
63.65788399529474,-151.05391254955435,1999-07-27,7,0,17.571428571428573,79.71428571428571,,Pastick,1.0,19.714285714285715,N,,,,,,
63.670454897280614,-150.19823097257665,1998-07-13,11,1,27.90909090909091,77.0909090909091,,Pastick,1.0,18.272727272727273,N,,,,,,
63.694642450866496,-151.9035048744845,1999-09-06,9,1,50.333333333333336,94.77777777777777,,Pastick,1.0,21.555555555555557,N,,,,,,
63.687732684848655,-150.57833761027902,1998-09-02,11,0,65.27272727272727,85.0909090909091,,Pastick,1.0,6.2727272727272725,Y,,,,,,
63.70513057174712,-151.24865817665923,1999-07-28,11,0,14.272727272727273,92.36363636363636,,Pastick,1.0,13.272727272727273,N,,,,,,
63.69508430373433,-150.00156305657745,1998-07-12,2,1,77.0,86.0,,Pastick,9.0,17.5,N,,,,,,
63.777192027865354,-149.96568956687037,1998-07-11,10,1,34.2,93.9,,Pastick,2.0,24.6,N,,,,,,
63.82927917348198,-149.98429192120972,1998-07-22,9,1,30.22222222222222,90.88888888888889,,Pastick,1.0,31.333333333333332,N,,,,,,
63.69060824395715,-150.02502821787638,1998-07-12,11,0,26.272727272727273,84.72727272727273,,Pastick,2.0,15.727272727272727,N,,,,,,
63.807953025264304,-150.05154574266422,1999-07-23,3,1,45.666666666666664,56.0,,Pastick,3.0,47.666666666666664,N,,,,,,
63.72107522195174,-150.77724351496073,1998-08-10,12,0,57.916666666666664,79.66666666666667,,Pastick,1.0,15.916666666666666,Y,,,,,,
63.701522186414465,-150.45276151173604,1998-08-03,13,0,47.0,99.38461538461539,,Pastick,1.0,10.692307692307692,N,,,,,,
63.7391039018789,-151.72939873045283,1999-07-25,9,1,46.77777777777778,86.44444444444444,,Pastick,3.0,26.333333333333332,N,,,,,,
63.75354913985096,-152.16286066783695,2000-09-09,10,1,32.9,95.3,,Pastick,2.0,20.8,N,,,,,,
63.76201099704725,-151.94240643550054,2000-08-09,11,0,18.363636363636363,118.36363636363636,,Pastick,1.0,16.727272727272727,N,,,,,,
63.81754541753301,-151.50913482400458,2000-09-11,6,0,32.833333333333336,111.0,,Pastick,1.0,64.83333333333333,N,,,,,,
63.83282621842852,-151.56281461135322,2000-09-11,3,0,0.0,133.33333333333334,,Pastick,1.0,18.666666666666668,N,,,,,,
63.79893622080333,-151.74962387803825,2000-08-13,11,0,52.45454545454545,69.18181818181819,,Pastick,1.0,32.45454545454545,N,,,,,,
63.772723659510525,-150.3552717228858,2002-08-29,2,1,43.0,53.5,,Pastick,1.0,30.5,N,,,,,,
63.828027433799015,-150.8992592708079,1998-09-08,5,0,8.0,108.0,,Pastick,1.0,8.4,N,,,,,,
63.8106237449306,-150.81689121592598,1998-09-05,20,1,63.05,86.15,,Pastick,2.0,32.0,N,,,,,,
63.86454999441678,-150.9623032113241,1998-08-22,2,0,0.0,150.0,,Pastick,2.0,6.5,N,,,,,,
63.889364794684184,-150.97604578505127,1998-08-22,11,1,38.54545454545455,89.72727272727273,,Pastick,2.0,66.63636363636364,N,,,,,,
63.81970626696845,-152.1057228520651,2002-08-30,2,0,0.0,150.0,,Pastick,1.0,0.0,N,,,,,,
63.81985784181094,-150.5596965169851,1998-07-26,13,1,46.0,67.61538461538461,,Pastick,1.0,16.384615384615383,N,,,,,,
63.83433699988546,-151.20029049519775,2000-08-16,8,0,12.375,118.625,,Pastick,1.0,32.875,N,,,,,,
63.837639640265635,-151.3579540126469,2002-08-30,2,0,0.0,125.0,,Pastick,1.0,44.5,N,,,,,,
63.843842165691655,-150.27925818106158,1998-07-28,9,0,17.77777777777778,106.66666666666667,,Pastick,2.0,16.333333333333332,N,,,,,,
63.882090351942715,-150.40716502874866,2002-08-29,3,0,63.0,63.0,,Pastick,1.0,12.666666666666666,Y,,,,,,
63.88153499463742,-150.3329302538396,1998-08-06,8,0,23.625,122.375,,Pastick,1.0,7.625,N,,,,,,
63.835147435200156,-150.2257808396376,1998-07-24,4,1,62.75,66.75,,Pastick,2.0,37.75,N,,,,,,
63.906360394356554,-152.03127947449926,2000-09-07,7,1,23.428571428571427,75.71428571428571,,Pastick,3.0,59.57142857142857,N,,,,,,
63.91946010367376,-152.02547634575885,2000-09-07,4,1,54.0,79.0,,Pastick,2.0,33.0,N,,,,,,
63.89182429830186,-151.70069413263585,2000-09-08,9,1,34.333333333333336,95.66666666666667,,Pastick,1.0,59.44444444444444,N,,,,,,
63.878384814628426,-150.8179530230554,1998-09-07,4,1,46.0,95.75,,Pastick,1.0,72.5,N,,,,,,
63.922478675560356,-151.47883638900737,2000-08-24,5,1,58.6,111.2,,Pastick,2.0,61.8,N,,,,,,
63.88924791833259,-151.39606934697466,2000-08-14,9,0,16.555555555555557,96.66666666666667,,Pastick,1.0,16.444444444444443,N,,,,,,
63.93980576085314,-151.50254194393182,2000-08-27,7,0,49.857142857142854,99.71428571428571,,Pastick,1.0,16.428571428571427,N,,,,,,
63.91183760119617,-150.6982024287144,1998-09-07,8,1,47.625,89.75,,Pastick,4.0,23.0,N,,,,,,
63.90479955398541,-149.9831183851676,2002-08-17,2,0,0.0,62.5,,Pastick,2.0,3.5,Y,,,,,,
63.88526643558498,-149.94621841388206,2002-08-17,2,1,23.0,98.0,,Pastick,1.0,26.5,N,,,,,,
63.9469055074822,-150.0866562794696,1997-08-20,3,1,92.66666666666667,92.66666666666667,,Pastick,2.0,22.333333333333332,N,,,,,,
63.96951233718587,-149.873844775557,1997-08-22,3,1,57.333333333333336,65.0,,Pastick,1.0,38.666666666666664,N,,,,,,
63.98305319696312,-150.15620940006622,1998-08-07,11,0,57.63636363636363,77.54545454545455,,Pastick,2.0,12.818181818181818,Y,,,,,,
63.976792923321334,-149.98063618334754,1997-08-28,3,1,48.333333333333336,48.333333333333336,,Pastick,1.0,24.0,N,,,,,,
63.98585121541108,-149.92000402409346,1997-08-21,12,1,31.833333333333332,91.25,,Pastick,1.0,20.666666666666668,N,,,,,,
63.91912737450614,-150.15367017628247,2002-08-18,3,0,0.0,150.0,,Pastick,3.0,7.666666666666667,N,,,,,,
63.90323851084293,-150.11713809461162,1997-09-03,3,1,66.33333333333333,66.33333333333333,,Pastick,2.0,17.666666666666668,N,,,,,,
63.972932464408714,-150.04035942754248,2002-08-18,2,1,43.0,118.0,,Pastick,2.0,12.0,N,,,,,,
63.94810362997971,-150.04017891964716,1997-08-20,10,1,53.5,76.0,,Pastick,1.0,28.1,N,,,,,,
63.96725564624464,-149.83972179991213,1997-08-22,9,1,44.22222222222222,67.88888888888889,,Pastick,1.0,18.0,N,,,,,,
63.932827274051895,-150.51420899504444,1998-09-06,12,1,63.166666666666664,83.5,,Pastick,1.0,16.166666666666668,N,,,,,,
63.98932309911051,-151.38772701847603,2000-08-15,7,1,53.57142857142857,100.28571428571429,,Pastick,1.0,17.285714285714285,N,,,,,,
63.974254740659454,-151.18766174008795,2000-08-28,8,1,29.625,106.25,,Pastick,3.0,20.625,N,,,,,,
63.98439355818282,-151.2750864828298,2000-08-15,2,0,30.5,105.5,,Pastick,1.0,15.0,N,,,,,,
63.99174197007527,-150.6477933969706,1998-09-04,13,1,60.15384615384615,76.23076923076923,,Pastick,1.0,30.46153846153846,N,,,,,,
64.03092035521456,-151.79766795818648,2001-09-02,5,1,51.6,84.4,,Pastick,2.0,37.0,N,,,,,,
63.990532187763876,-151.76196453941182,2000-08-12,11,1,36.72727272727273,97.18181818181819,,Pastick,1.0,44.72727272727273,N,,,,,,
64.01978964341934,-151.73772493926003,2001-09-02,5,1,55.4,105.4,,Pastick,1.0,47.2,N,,,,,,
64.0247827873799,-151.75028739473657,2002-09-02,2,1,90.0,165.0,,Pastick,1.0,80.0,N,,,,,,
63.997305167690705,-150.39287890253053,1998-08-08,10,1,37.5,67.7,,Pastick,1.0,17.6,N,,,,,,
63.74666278745902,-148.93493825733609,1997-09-05,12,0,17.25,101.75,,Pastick,1.0,12.25,N,,,,,,
63.684080071670806,-148.92392572807069,2002-08-29,2,1,23.0,98.0,,Pastick,1.0,13.5,N,,,,,,
63.69608121425536,-148.95577648825633,1997-08-27,11,0,23.727272727272727,118.27272727272727,,Pastick,1.0,13.090909090909092,N,,,,,,
63.680535341030634,-148.82567911986604,1997-08-30,20,0,16.25,105.8,,Pastick,1.0,10.3,N,,,,,,
63.63101221142778,-149.45180314626504,1997-07-27,8,0,28.75,98.125,,Pastick,3.0,21.125,N,,,,,,
63.68101582644284,-149.44335005070585,1997-07-26,3,0,0.0,116.66666666666667,,Pastick,1.0,3.3333333333333335,N,,,,,,
63.69022291886954,-149.41042314373158,1997-07-26,10,1,33.8,93.4,,Pastick,1.0,20.3,N,,,,,,
63.737390403460985,-149.3906825328612,1997-08-04,9,0,20.555555555555557,115.44444444444444,,Pastick,1.0,6.222222222222222,N,,,,,,
63.73462011151915,-149.32963140466737,1997-07-24,6,0,10.166666666666666,105.33333333333333,,Pastick,1.0,6.166666666666667,N,,,,,,
63.71965947762942,-149.09536083023175,1997-09-09,3,0,0.0,133.33333333333334,,Pastick,2.0,8.666666666666666,N,,,,,,
63.78614634295839,-149.51021456545857,2002-08-05,11,0,6.818181818181818,124.72727272727273,,Pastick,2.0,8.0,N,,,,,,
63.77921317205894,-149.20984861386742,2002-07-31,6,0,6.333333333333333,114.83333333333333,,Pastick,1.0,4.166666666666667,N,,,,,,
63.58161792411876,-149.5182051976348,2002-08-04,8,0,11.125,117.0,,Pastick,1.0,9.0,N,,,,,,
63.62338681172544,-149.4737437139031,1997-07-27,2,0,0.0,110.0,,Pastick,1.0,1.0,N,,,,,,
63.68457022685486,-149.28393369877816,1997-07-24,11,0,18.818181818181817,95.0909090909091,,Pastick,1.0,9.454545454545455,N,,,,,,
63.71181156097024,-149.155436984664,1997-08-22,4,0,0.0,137.5,,Pastick,3.0,3.5,N,,,,,,
63.717684262077285,-149.1976129249548,2002-08-07,4,0,22.75,122.75,,Pastick,2.0,8.25,N,,,,,,
63.72142916029934,-149.16490512521693,1997-08-24,8,0,18.25,102.625,,Pastick,1.0,8.0,N,,,,,,
63.76981360573578,-149.43033820949475,2002-08-28,3,0,18.666666666666668,85.0,,Pastick,2.0,10.666666666666666,N,,,,,,
63.76871175507569,-149.42220126927427,1997-07-19,7,0,38.42857142857143,98.71428571428571,,Pastick,3.0,12.857142857142858,N,,,,,,
63.59866250414012,-148.87283205931067,2002-08-16,3,0,0.0,133.33333333333334,,Pastick,1.0,12.0,N,,,,,,
63.58740365554733,-148.9196450088805,2002-08-15,3,0,16.0,84.0,,Pastick,1.0,16.0,N,,,,,,
63.576167815498735,-148.99777093783226,1997-07-23,8,0,0.0,114.375,,Pastick,1.0,5.0,N,,,,,,
63.572301151560374,-148.9694514001953,1998-07-15,3,0,32.0,102.0,,Pastick,1.0,7.666666666666667,N,,,,,,
63.642594299575165,-149.59382894995915,1997-08-30,12,0,6.0,116.0,,Pastick,1.0,6.916666666666667,N,,,,,,
63.649041776516334,-149.72170333693998,1999-08-11,5,0,14.4,78.0,,Pastick,1.0,13.2,N,,,,,,
63.642465338571,-149.63167179966055,1997-08-24,7,0,23.571428571428573,113.28571428571429,,Pastick,1.0,7.714285714285714,N,,,,,,
63.61067140617873,-149.7062151310698,1999-08-11,6,0,27.5,107.83333333333333,,Pastick,1.0,2.1666666666666665,N,,,,,,
63.51417593928134,-149.7700553555348,1997-07-17,10,1,41.9,96.0,,Pastick,2.0,10.4,N,,,,,,
63.6431869128102,-149.01353773978775,1997-07-30,9,0,0.0,117.77777777777777,,Pastick,1.0,7.666666666666667,N,,,,,,
63.63429407928797,-149.00095648383424,1998-07-15,2,1,11.0,85.5,,Pastick,1.0,14.0,N,,,,,,
63.93148567186122,-149.22128989133935,2002-08-06,5,0,15.0,105.0,,Pastick,1.0,18.8,N,,,,,,
63.97337258011009,-149.2622750115223,1997-08-10,15,0,10.4,119.93333333333334,,Pastick,1.0,11.333333333333334,N,,,,,,
63.880266999999996,-149.25613499999997,2013-08-11,93,1,42.75627240143369,42.756272401433684,,Schaefer_2020,,,,,,,,,
63.916949783554614,-149.31525521618659,1998-07-24,7,0,14.857142857142858,101.28571428571429,,Pastick,2.0,16.571428571428573,N,,,,,,
63.933982160822644,-149.23495991471933,2002-08-06,3,1,61.666666666666664,61.666666666666664,,Pastick,3.0,27.0,N,,,,,,
63.928422113674664,-149.32851158203067,1998-07-24,2,0,20.0,80.0,,Pastick,1.0,18.5,N,,,,,,
63.454127276005885,-149.92580659857498,1999-08-21,5,0,0.0,107.8,,Pastick,1.0,2.4,N,,,,,,
63.480848236824805,-149.55921878718317,1999-08-21,5,0,16.2,96.2,,Pastick,1.0,6.0,N,,,,,,
63.38795874999006,-148.996118172958,2000-06-20,7,0,0.0,130.57142857142858,,Pastick,1.0,14.857142857142858,N,,,,,,
63.4771595886898,-149.1172946916723,2000-06-22,6,0,11.0,101.33333333333333,,Pastick,1.0,4.666666666666667,N,,,,,,
63.50612427464571,-148.8494661749732,2000-06-26,14,0,1.7142857142857142,102.5,,Pastick,1.0,8.357142857142858,N,,,,,,
63.52845647027285,-149.10912023413348,2002-08-14,6,0,15.5,132.16666666666666,,Pastick,1.0,6.333333333333333,N,,,,,,
63.469141022095954,-149.10458836839877,2000-06-22,4,0,0.0,112.5,,Pastick,1.0,3.5,N,,,,,,
63.46092014693327,-149.08319958023958,2002-08-21,2,0,0.0,150.0,,Pastick,1.0,5.5,N,,,,,,
63.44877447871953,-149.00881058563698,2000-06-21,10,0,2.0,114.1,,Pastick,1.0,6.2,N,,,,,,
63.45058931847076,-148.94624482912997,2002-08-21,2,0,0.0,150.0,,Pastick,1.0,3.5,N,,,,,,
63.38211287607016,-149.29611637063005,2000-06-28,14,0,3.7857142857142856,109.92857142857143,,Pastick,1.0,10.571428571428571,N,,,,,,
63.375707295677344,-149.63789574546226,2000-06-24,10,0,0.0,145.0,,Pastick,1.0,1.3,N,,,,,,
63.33964983918552,-149.82761963883348,2000-07-04,22,0,0.0,111.5909090909091,,Pastick,1.0,3.272727272727273,N,,,,,,
63.25337173677826,-149.8012439694691,2000-07-03,18,0,0.0,97.88888888888889,,Pastick,1.0,4.5,N,,,,,,
63.247480305030955,-149.71112990582606,2000-07-14,5,0,0.0,95.8,,Pastick,1.0,19.8,N,,,,,,
63.28605703958234,-149.44800861201261,2000-07-10,6,0,0.0,116.66666666666667,,Pastick,1.0,17.0,N,,,,,,
63.26580523018137,-149.41251382701807,2000-07-10,4,0,0.0,100.0,,Pastick,1.0,4.25,N,,,,,,
63.32254786904818,-149.46600641684296,2002-07-22,6,0,0.0,150.0,,Pastick,1.0,22.666666666666668,N,,,,,,
63.257739586233136,-149.37938760285476,2000-07-11,3,0,0.0,133.33333333333334,,Pastick,1.0,9.0,N,,,,,,
63.216504499917164,-149.39539308357178,2002-07-22,2,0,0.0,150.0,,Pastick,1.0,62.0,N,,,,,,
63.286643489019866,-149.5958219694058,2000-07-13,11,0,0.0,115.63636363636364,,Pastick,1.0,23.727272727272727,N,,,,,,
63.31148390175451,-149.2751730271515,2000-07-11,3,0,0.0,133.33333333333334,,Pastick,1.0,56.333333333333336,N,,,,,,
63.16905166404679,-149.91744331898005,2000-07-16,11,0,0.0,106.45454545454545,,Pastick,1.0,3.4545454545454546,N,,,,,,
63.394908588103426,-149.44347081489738,2000-07-17,2,0,0.0,150.0,,Pastick,1.0,2.5,N,,,,,,
63.628447208979026,-149.1655119910636,2002-08-01,7,0,31.857142857142858,86.57142857142857,,Pastick,2.0,7.0,Y,,,,,,
63.61283995808315,-149.24878013895733,1997-07-20,8,0,0.0,126.375,,Pastick,2.0,6.25,N,,,,,,
63.92718554016696,-149.64094457895456,1997-08-13,11,0,35.27272727272727,92.9090909090909,,Pastick,1.0,10.181818181818182,N,,,,,,
63.97801256107059,-149.62940213789372,2002-08-05,8,0,25.5,84.25,,Pastick,1.0,8.375,Y,,,,,,
63.88257129597517,-149.82038552860567,2002-08-17,3,0,20.666666666666668,120.66666666666667,,Pastick,1.0,7.666666666666667,N,,,,,,
63.563865734117364,-149.32387313431443,1997-07-28,13,0,23.076923076923077,102.53846153846153,,Pastick,1.0,7.3076923076923075,N,,,,,,
63.50993125409002,-149.33260615287537,2002-08-20,2,0,0.0,150.0,,Pastick,1.0,3.5,N,,,,,,
63.51314864887207,-149.32697230425998,1997-07-14,13,0,10.76923076923077,139.23076923076923,,Pastick,1.0,11.384615384615385,N,,,,,,
63.513116533187066,-149.27099525412476,1997-07-14,3,0,0.0,113.33333333333333,,Pastick,1.0,2.6666666666666665,N,,,,,,
63.6167935701045,-149.9055038153408,1997-07-25,11,0,12.272727272727273,116.18181818181819,,Pastick,2.0,6.454545454545454,N,,,,,,
63.78213976786744,-149.71641163863518,1997-08-08,19,0,22.63157894736842,106.57894736842105,,Pastick,1.0,9.421052631578947,N,,,,,,
63.956141773619926,-149.47428247061774,1997-08-14,11,0,39.18181818181818,116.45454545454545,,Pastick,1.0,17.272727272727273,N,,,,,,
63.51248612909099,-149.91714596899672,1997-09-03,10,0,14.9,93.9,,Pastick,1.0,15.1,N,,,,,,
64.58714159883874,-146.77188384076857,1999-07-25,2,1,45.5,57.5,,Pastick,1.0,13.5,N,,,,,,
64.612961868491,-146.57668657576556,1999-08-17,2,0,0.0,59.5,,Pastick,6.0,3.5,Y,,,,,,
64.64815551044535,-147.0700198802963,1997-07-06,4,0,0.0,126.25,,Pastick,17.0,9.5,N,,,,,,
64.63197311955895,-146.63554480583068,1999-07-27,3,0,0.0,64.0,,Pastick,3.0,10.666666666666666,Y,,,,,,
64.63235495227045,-146.55759762910182,1999-09-04,4,0,0.0,57.75,,Pastick,2.0,12.5,Y,,,,,,
64.62111419909137,-146.48614277274368,1999-08-16,2,0,0.0,87.5,,Pastick,1.0,13.0,Y,,,,,,
64.68793776201564,-147.0599064821536,1997-08-29,3,0,0.0,176.66666666666666,,Pastick,1.0,21.666666666666668,N,,,,,,
64.67444751571222,-146.8388982199972,1999-07-02,5,0,0.0,74.8,,Pastick,4.0,4.2,Y,,,,,,
64.67660349901215,-146.78176995115882,1999-09-03,4,0,0.0,80.0,,Pastick,3.0,12.0,Y,,,,,,
64.73729031909124,-147.06351792351316,1997-08-06,2,0,0.0,100.0,,Pastick,1.0,9.0,N,,,,,,
64.60442938311711,-146.67658466892044,2000-08-02,3,0,0.0,131.66666666666666,,Pastick,1.0,16.333333333333332,Y,,,,,,
64.59064179699503,-146.6446978118775,1999-08-13,9,0,3.6666666666666665,63.22222222222222,,Pastick,10.0,15.666666666666666,Y,,,,,,
64.6528374751283,-146.9687375003889,1997-08-22,3,0,16.0,143.33333333333334,,Pastick,13.0,16.0,N,,,,,,
64.62174167825762,-146.70579039164278,2000-06-13,2,0,0.0,95.0,,Pastick,4.0,7.0,N,,,,,,
64.64192932921375,-146.71888914501835,1999-07-26,2,0,0.0,75.5,,Pastick,5.0,14.5,Y,,,,,,
64.89777855959082,-147.07105459099768,1997-06-02,7,0,0.0,109.28571428571429,,Pastick,1.0,7.571428571428571,N,,,,,,
64.8798650997557,-147.1982477332486,1997-08-01,4,1,53.0,85.5,,Pastick,1.0,9.25,N,,,,,,
64.37435772998438,-147.437162031955,1997-07-10,5,0,10.0,95.4,,Pastick,3.0,27.0,N,,,,,,
64.3649419618014,-147.3469990124347,1997-07-12,9,0,9.444444444444445,97.33333333333333,,Pastick,2.0,17.77777777777778,N,,,,,,
64.36479761417382,-147.24371862469764,1997-07-24,2,0,19.0,115.0,,Pastick,11.0,19.0,N,,,,,,
64.41778333128899,-147.47190896637807,1997-07-25,7,0,0.0,116.42857142857143,,Pastick,5.0,11.857142857142858,N,,,,,,
64.39643248405085,-147.3047865624187,1997-07-16,2,0,0.0,110.0,,Pastick,7.0,21.0,N,,,,,,
64.4475084821202,-147.43093604924871,1997-07-25,2,1,35.0,130.0,,Pastick,10.0,6.0,N,,,,,,
64.60946742555714,-146.25475800191546,1999-08-10,4,0,10.5,52.5,,Pastick,1.0,11.0,N,,,,,,
64.66572864259172,-146.32548087403063,1999-08-20,4,0,0.0,362.25,,Pastick,3.0,15.0,Y,,,,,,
64.67982660488681,-146.21357720112957,1999-08-10,8,0,7.75,62.625,,Pastick,1.0,9.875,Y,,,,,,
64.7774112858112,-146.64709740449746,1999-08-25,3,0,0.0,88.0,,Pastick,5.0,13.666666666666666,Y,,,,,,
63.751816907866406,-146.54730437847923,2003-08-04,6,0,14.666666666666666,64.0,,Pastick,1.0,24.166666666666668,N,,,,,,
63.73955280676273,-146.46089369799628,2003-06-25,6,0,14.166666666666666,46.0,,Pastick,1.0,14.166666666666666,N,,,,,,
63.74351645017366,-146.36749033084863,2003-07-11,10,1,20.0,51.2,,Pastick,1.0,18.2,N,,,,,,
63.735505440832156,-146.23533870064884,2003-07-22,6,0,5.0,61.5,,Pastick,4.0,19.5,N,,,,,,
63.730779058887826,-146.19494555377517,2003-08-01,8,1,19.25,51.875,,Pastick,4.0,16.625,N,,,,,,
63.79470001642392,-146.86713472773488,2003-07-14,9,1,12.88888888888889,45.22222222222222,,Pastick,7.0,16.77777777777778,N,,,,,,
63.78962038796897,-146.77981909168844,2003-07-04,7,0,8.714285714285714,61.0,,Pastick,1.0,16.857142857142858,N,,,,,,
63.778228407799595,-146.6664735208753,2003-07-22,7,0,6.714285714285714,104.85714285714286,,Pastick,1.0,14.0,N,,,,,,
63.785042141372976,-146.5818067543542,2003-07-15,13,1,22.692307692307693,50.38461538461539,,Pastick,1.0,20.0,N,,,,,,
63.787893361844105,-146.47574534103376,2003-08-11,17,0,14.941176470588236,66.6470588235294,,Pastick,7.0,25.705882352941178,N,,,,,,
63.787729186439186,-146.40748601529899,2003-08-08,6,0,11.0,68.66666666666667,,Pastick,1.0,20.333333333333332,N,,,,,,
63.78724477435974,-146.08236318888592,2002-08-12,11,0,25.272727272727273,71.0909090909091,,Pastick,4.0,14.727272727272727,N,,,,,,
63.83347610298343,-147.00750558835577,2003-07-11,25,0,12.44,49.6,,Pastick,5.0,16.36,N,,,,,,
63.83812692413591,-146.89052934100022,2003-07-12,13,1,15.846153846153847,55.07692307692308,,Pastick,6.0,15.076923076923077,N,,,,,,
63.82784404257283,-146.6912779124692,2003-08-05,7,0,13.857142857142858,49.285714285714285,,Pastick,1.0,11.571428571428571,N,,,,,,
63.84185776819415,-146.59851323409336,2003-07-20,11,0,11.545454545454545,53.81818181818182,,Pastick,1.0,22.272727272727273,N,,,,,,
63.8287916804092,-146.48725609538,2003-07-26,13,0,11.692307692307692,57.84615384615385,,Pastick,1.0,18.615384615384617,N,,,,,,
63.8231816768444,-146.3665473122531,2003-08-12,24,1,38.916666666666664,68.08333333333333,,Pastick,1.0,27.625,N,,,,,,
63.8317851499699,-146.27835005139679,2003-07-28,14,1,27.571428571428573,56.214285714285715,,Pastick,6.0,22.071428571428573,N,,,,,,
63.82105838552686,-146.12746532848539,2002-08-14,6,1,24.833333333333332,75.0,,Pastick,1.0,21.0,N,,,,,,
63.815557841731994,-146.08476793405984,2002-08-10,10,0,11.2,83.9,,Pastick,4.0,11.0,N,,,,,,
63.87308294978631,-146.88103516892232,2003-07-10,20,1,17.55,58.65,,Pastick,1.0,21.95,N,,,,,,
63.87247971586502,-146.7781417451992,2003-08-05,19,0,13.789473684210526,56.36842105263158,,Pastick,1.0,24.42105263157895,N,,,,,,
63.88039987479715,-146.67883900032336,2003-08-05,19,1,24.263157894736842,60.94736842105263,,Pastick,1.0,21.94736842105263,N,,,,,,
63.867814298793,-146.5816460032434,2003-07-13,15,0,15.133333333333333,57.13333333333333,,Pastick,1.0,18.933333333333334,N,,,,,,
63.869337410030404,-146.47142571334095,2003-07-13,7,1,27.714285714285715,42.0,,Pastick,5.0,26.428571428571427,N,,,,,,
63.86659231234551,-146.3824670188267,2003-06-21,14,1,13.714285714285714,53.357142857142854,,Pastick,1.0,18.785714285714285,N,,,,,,
63.861756384028986,-146.26719109644432,2003-07-26,2,1,10.0,46.5,,Pastick,1.0,36.0,N,,,,,,
63.866157290858375,-146.15148838818334,2002-08-14,6,1,31.166666666666668,63.166666666666664,,Pastick,1.0,31.166666666666668,N,,,,,,
63.92500310849338,-146.69431237994092,2003-07-22,3,1,26.0,67.33333333333333,,Pastick,1.0,37.666666666666664,N,,,,,,
63.91244855346272,-146.59005686735333,2003-07-06,6,1,16.0,88.83333333333333,,Pastick,1.0,12.5,N,,,,,,
63.96917085110704,-146.87548162278725,2002-07-23,13,0,19.615384615384617,84.23076923076923,,Pastick,1.0,17.76923076923077,N,,,,,,
63.97592666557112,-146.7017353279793,2002-07-12,2,0,0.0,69.0,,Pastick,3.0,14.5,N,,,,,,
63.96450596571022,-146.60115372590946,2002-06-16,10,1,16.5,35.7,,Pastick,1.0,21.8,N,,,,,,
63.986003771967155,-146.52051841610214,2002-06-16,4,1,18.25,39.5,,Pastick,6.0,22.5,N,,,,,,
64.01692824928033,-146.78958441666254,2002-06-27,10,0,15.6,61.0,,Pastick,4.0,18.3,N,,,,,,
64.01723807526346,-146.6146540909946,2002-07-16,8,1,40.25,65.625,,Pastick,4.0,24.5,N,,,,,,
64.00971251064013,-146.4835059800147,2002-06-27,19,1,27.842105263157894,45.473684210526315,,Pastick,1.0,28.894736842105264,N,,,,,,
64.04816891427926,-146.50293376977137,2002-07-01,8,1,37.5,60.625,,Pastick,1.0,25.25,N,,,,,,
64.04752373221281,-146.41761902836677,2002-06-15,11,1,23.272727272727273,44.81818181818182,,Pastick,1.0,22.454545454545453,N,,,,,,
64.08575445211135,-146.7825734209793,2002-06-19,7,1,17.428571428571427,58.857142857142854,,Pastick,1.0,17.571428571428573,N,,,,,,
64.09951893797636,-146.6668520623386,2002-06-22,17,1,25.941176470588236,55.0,,Pastick,2.0,23.352941176470587,N,,,,,,
64.10508370454403,-146.4675839343509,2002-07-20,16,1,31.1875,60.375,,Pastick,1.0,36.0,N,,,,,,
64.10660378935945,-146.31244502727765,2002-07-24,6,1,42.166666666666664,63.833333333333336,,Pastick,1.0,35.833333333333336,N,,,,,,
64.15691124214935,-146.7477433092702,2002-06-14,7,1,15.285714285714286,58.42857142857143,,Pastick,5.0,23.0,N,,,,,,
64.1461420015921,-146.47081039923043,2002-06-26,8,1,26.25,53.375,,Pastick,1.0,27.75,N,,,,,,
64.19645043545965,-146.7427540433042,2002-07-02,7,0,5.714285714285714,78.14285714285714,,Pastick,2.0,16.428571428571427,N,,,,,,
64.1821245020563,-146.6575848771283,2002-06-12,10,1,26.2,59.9,,Pastick,1.0,23.8,N,,,,,,
64.24222180320216,-146.72142927379767,2003-06-18,12,0,1.5,64.5,,Pastick,1.0,6.166666666666667,N,,,,,,
64.22177059481953,-146.62482104207575,2002-06-12,7,1,22.857142857142858,66.71428571428571,,Pastick,1.0,22.857142857142858,N,,,,,,
63.78591057188035,-146.26730517411795,2003-08-15,16,1,25.125,54.5625,,Pastick,1.0,30.25,N,,,,,,
63.76891723291052,-146.12449726798695,2002-08-12,4,0,12.25,68.75,,Pastick,1.0,14.75,N,,,,,,
63.77684067706377,-146.19544531269995,2003-08-30,3,1,31.333333333333332,65.0,,Pastick,6.0,31.0,N,,,,,,
63.83505711773141,-146.78632646524716,2003-07-20,23,0,12.652173913043478,48.130434782608695,,Pastick,5.0,23.17391304347826,N,,,,,,
63.87610278238555,-146.944045159937,2002-07-29,6,0,24.0,76.16666666666667,,Pastick,1.0,23.833333333333332,N,,,,,,
63.86209830954506,-146.9577287603098,2003-07-08,11,1,18.545454545454547,53.63636363636363,,Pastick,1.0,26.454545454545453,N,,,,,,
63.9405780422867,-146.86141129078632,2002-07-10,4,1,33.5,61.25,,Pastick,2.0,26.0,N,,,,,,
63.917704600233044,-146.87890463864207,2003-06-23,11,1,23.363636363636363,44.81818181818182,,Pastick,2.0,29.454545454545453,N,,,,,,
63.93837129116038,-146.78830062153153,2002-07-11,9,1,35.22222222222222,60.666666666666664,,Pastick,1.0,39.44444444444444,N,,,,,,
63.90913735774037,-146.75946281858873,2003-07-16,10,1,17.9,54.5,,Pastick,1.0,25.6,N,,,,,,
63.977192948302644,-146.80749930493576,2002-07-06,24,0,16.583333333333332,62.125,,Pastick,2.0,23.75,N,,,,,,
63.965334322517336,-146.76070378643243,2003-06-21,15,1,17.933333333333334,62.6,,Pastick,1.0,18.333333333333332,N,,,,,,
64.00594433945196,-146.67920220131114,2002-07-15,31,1,22.838709677419356,69.80645161290323,,Pastick,1.0,17.193548387096776,N,,,,,,
64.0560459034475,-146.79438419520685,2002-06-28,8,0,13.0,66.875,,Pastick,1.0,14.625,N,,,,,,
64.05016323202075,-146.75369596720927,2003-07-19,6,0,18.333333333333332,50.666666666666664,,Pastick,1.0,18.0,N,,,,,,
64.04995440087093,-146.71150393985297,2002-07-31,14,0,21.428571428571427,94.5,,Pastick,1.0,13.642857142857142,N,,,,,,
64.07576152828831,-146.55677735755899,2002-07-01,6,1,27.833333333333332,75.0,,Pastick,1.0,27.5,N,,,,,,
64.11276061547252,-146.60489524422277,2002-06-21,10,1,23.4,65.9,,Pastick,1.0,30.1,N,,,,,,
64.10705559029232,-146.38648721967164,2002-08-01,13,1,29.615384615384617,74.92307692307692,,Pastick,3.0,15.384615384615385,N,,,,,,
64.1492310526866,-146.71601933345883,2002-07-02,12,1,31.916666666666668,59.083333333333336,,Pastick,4.0,28.75,N,,,,,,
64.14712720769218,-146.58444362445297,2002-06-17,9,1,20.555555555555557,45.888888888888886,,Pastick,3.0,19.77777777777778,N,,,,,,
64.19398961189013,-146.60579706397115,2002-06-13,3,1,34.0,75.0,,Pastick,1.0,17.0,N,,,,,,
63.94401249183435,-146.17339820719477,2002-07-04,23,1,28.304347826086957,58.30434782608695,,Pastick,3.0,22.565217391304348,N,,,,,,
63.94729722564817,-146.09435347502009,2002-07-26,9,1,33.0,76.22222222222223,,Pastick,1.0,37.77777777777778,N,,,,,,
63.957897635565296,-145.97845178034152,2002-07-22,9,1,49.888888888888886,59.111111111111114,,Pastick,1.0,36.77777777777778,N,,,,,,
63.981799745951356,-146.07727347311052,2002-08-01,13,1,48.61538461538461,73.92307692307692,,Pastick,1.0,22.692307692307693,N,,,,,,
64.02985695840121,-146.2063863575909,2002-06-29,17,1,22.058823529411764,63.23529411764706,,Pastick,1.0,18.941176470588236,N,,,,,,
64.01750863997493,-146.07577431871528,2002-07-26,9,0,24.0,88.44444444444444,,Pastick,1.0,22.0,N,,,,,,
64.07074334532578,-146.2013089968786,2002-07-25,7,0,18.428571428571427,82.28571428571429,,Pastick,1.0,21.714285714285715,N,,,,,,
63.60028726080919,-146.14798447175832,2002-08-14,2,1,20.0,90.0,,Pastick,3.0,15.5,N,,,,,,
67.13356171874064,-150.88006684031248,2008-08-08,32,0,27.4375,91.03125,,Pastick,,17.96875,,,,,,,
67.14624814000001,-150.87275375384613,2009-08-17,13,1,59.61538461538461,63.23076923076923,,Pastick,,0.0,,,,,,,
67.3114783984,-153.44010780525,2008-08-08,4,1,23.75,51.5,,Pastick,,18.25,,,,,,,
67.92839791389999,-155.03431486108335,2008-08-03,12,1,40.125,52.125,,Pastick,,17.833333333333332,,,,,,,
68.07023762199998,-153.01121696,2010-07-18,5,1,42.8,39.4,,Pastick,,0.0,,,,,,,
67.71173111110001,-154.70895388900001,2008-08-05,3,1,24.333333333333332,52.0,,Pastick,,2.1666666666666665,,,,,,,
67.87700555556363,-153.27163105745456,2008-08-03,11,1,13.272727272727273,37.45454545454545,,Pastick,,7.090909090909091,,,,,,,
67.86911937960834,-150.87094732075002,2008-08-07,12,1,19.083333333333332,44.416666666666664,,Pastick,,10.416666666666666,,,,,,,
63.280430232761994,-145.79923050239682,1997-06-21,2,0,0.0,152.0,,Pastick,1.0,1.5,N,,,,,,
63.31314503780622,-145.74828984258266,1998-07-24,2,1,14.0,108.0,,Pastick,1.0,6.5,N,,,,,,
63.28996615012549,-145.79287464964102,1999-06-22,3,0,0.0,103.66666666666667,,Pastick,1.0,7.666666666666667,N,,,,,,
63.42405571368083,-145.7971090397626,1998-07-23,2,0,0.0,152.0,,Pastick,1.0,5.0,N,,,,,,
63.187572388327716,-145.88673242968338,1997-06-19,5,0,0.0,129.8,,Pastick,1.0,7.2,N,,,,,,
63.18731249514203,-145.88541217788557,1998-07-20,3,0,0.0,152.0,,Pastick,3.0,10.333333333333334,N,,,,,,
63.20637262166064,-145.8078771928104,1998-07-21,2,1,14.0,90.0,,Pastick,1.0,6.5,N,,,,,,
63.196801756235104,-145.82201906074516,1999-06-20,2,0,0.0,152.0,,Pastick,1.0,5.0,N,,,,,,
63.00281180581679,-146.07780308369593,1999-06-16,4,1,30.0,75.75,,Pastick,1.0,16.5,N,,,,,,
63.028813590992016,-146.05011763234353,1998-06-18,4,0,0.0,124.75,,Pastick,1.0,6.5,N,,,,,,
62.959400256511906,-146.21745459737133,1998-06-17,4,0,26.75,104.0,,Pastick,3.0,67.0,N,,,,,,
63.64630343634972,-158.01116820089447,2010-07-16,20,0,59.5,,,Pastick,,,,,,,,,
62.91040810629892,-159.52156908004318,2010-07-24,19,0,31.57894736842105,,,Pastick,,,,,,,,,
62.91310249336213,-159.47385584701885,2010-07-23,79,0,57.12,,,Pastick,,,,,,,,,
62.95319295510901,-159.6708337074495,2010-08-06,40,0,64.85,,,Pastick,,,,,,,,,
62.96630846067182,-159.55775030361963,2010-08-05,96,0,56.739583333333336,,,Pastick,,,,,,,,,
62.99735933086501,-159.19212777752048,2010-07-28,60,0,86.7090909090909,,,Pastick,,,,,,,,,
63.02765360497811,-158.90290852988457,2010-07-27,40,0,50.22222222222222,,,Pastick,,,,,,,,,
64.63819068260581,-149.0470701156495,2002-08-20,3,0,41.666666666666664,161.66666666666666,,Pastick,1.0,2.6666666666666665,N,,,,,,
64.83080425531254,-148.43825524861128,2003-07-04,6,1,42.166666666666664,79.33333333333333,,Pastick,2.0,25.833333333333332,N,,,,,,
64.20352026320715,-149.3647377802794,2003-08-20,3,1,30.666666666666668,56.0,,Pastick,1.0,17.666666666666668,N,,,,,,
64.18372338398314,-149.19021596282496,2003-08-06,6,0,16.5,64.83333333333333,,Pastick,2.0,20.666666666666668,N,,,,,,
64.22226650644909,-149.16177968041973,2003-08-09,2,1,37.5,100.0,,Pastick,4.0,15.5,N,,,,,,
64.2389403382256,-149.10017409157783,2003-08-12,7,0,20.285714285714285,89.85714285714286,,Pastick,3.0,12.0,N,,,,,,
64.25786219597536,-149.09737412783795,2003-08-13,3,1,44.666666666666664,106.33333333333333,,Pastick,1.0,10.666666666666666,N,,,,,,
64.17752401163881,-149.29742135602666,2003-08-16,12,0,9.75,87.58333333333333,,Pastick,3.0,12.583333333333334,N,,,,,,
64.2175999493691,-149.3759663155924,1994-07-08,7,0,0.0,96.0,,Pastick,9.0,9.571428571428571,N,,,,,,
64.22433232675546,-149.38676755974035,2003-08-19,19,0,14.789473684210526,76.89473684210526,,Pastick,5.0,12.421052631578947,N,,,,,,
64.22463161677952,-149.27910188324972,2003-08-15,18,0,8.444444444444445,68.94444444444444,,Pastick,7.0,10.5,N,,,,,,
65.59491842255268,-143.96817969822538,2008-07-21,13,0,22.076923076923077,105.61538461538461,,Pastick,,7.3076923076923075,N,,,,,,
65.6307450363057,-143.95261811564933,2008-06-29,2,1,62.0,69.5,,Pastick,,30.0,N,,,,,,
65.62393394392384,-143.76883690490052,2008-06-30,10,1,27.4,75.0,,Pastick,,31.6,N,,,,,,
65.34720604971957,-143.67840355226173,2008-08-16,9,1,64.44444444444444,86.33333333333333,,Pastick,,28.666666666666668,N,,,,,,
65.36228878329817,-143.5830929795235,2008-08-16,10,1,53.7,82.8,,Pastick,,20.9,N,,,,,,
65.41954587005361,-143.6044417533561,2008-08-29,6,1,49.666666666666664,74.83333333333333,,Pastick,,44.666666666666664,N,,,,,,
65.46831731573866,-143.79620993966503,2008-08-13,4,1,32.5,76.25,,Pastick,,25.75,N,,,,,,
65.45677244850805,-143.61413652393435,2008-07-25,9,0,18.88888888888889,98.0,,Pastick,,45.666666666666664,N,,,,,,
65.46087763331094,-143.49789743521208,2008-07-02,6,0,0.0,81.33333333333333,,Pastick,,3.1666666666666665,N,,,,,,
65.48726923056373,-143.78966541939664,2008-08-13,10,0,17.4,105.1,,Pastick,,18.7,N,,,,,,
65.49593801961265,-143.69775936078204,2008-07-30,11,0,26.454545454545453,92.27272727272727,,Pastick,,25.272727272727273,N,,,,,,
65.48518181724675,-143.5802849936301,2008-07-01,7,0,6.142857142857143,69.28571428571429,,Pastick,,15.285714285714286,N,,,,,,
65.54304067512271,-143.76061757532025,2008-08-28,3,1,50.666666666666664,66.0,,Pastick,,32.333333333333336,N,,,,,,
65.52939169121217,-143.71007637287082,2008-08-15,13,1,29.76923076923077,102.92307692307692,,Pastick,,48.53846153846154,N,,,,,,
65.38447159793897,-143.20343000830817,2008-07-03,13,1,29.53846153846154,66.76923076923077,,Pastick,,28.692307692307693,N,,,,,,
65.32351261901329,-143.0821302861662,2008-07-04,2,1,20.0,70.5,,Pastick,,17.0,N,,,,,,
65.09352248564241,-143.66061662202506,2008-07-16,7,0,7.285714285714286,69.0,,Pastick,,13.714285714285714,N,,,,,,
65.08645459771128,-143.5306892012324,2008-07-14,9,0,7.111111111111111,65.33333333333333,,Pastick,,9.777777777777779,N,,,,,,
65.09989882071207,-143.38244501961836,2008-07-11,8,0,5.125,66.25,,Pastick,,5.375,N,,,,,,
65.07358981408814,-143.29436782697076,2008-07-13,3,0,0.0,67.0,,Pastick,,22.666666666666668,N,,,,,,
65.06404977581889,-143.25099373822923,2008-07-13,2,0,0.0,55.0,,Pastick,,28.0,N,,,,,,
65.19347695433162,-143.7673737169499,2008-07-15,6,0,11.333333333333334,74.33333333333333,,Pastick,,5.5,N,,,,,,
65.21537309680973,-143.5328317713524,2008-07-16,7,0,16.0,81.0,,Pastick,,24.571428571428573,N,,,,,,
65.19619721253996,-143.47039379460608,2008-07-16,5,0,0.0,64.6,,Pastick,,16.2,N,,,,,,
65.27226658093367,-143.5825130013119,2008-08-18,7,1,31.714285714285715,64.0,,Pastick,,18.714285714285715,N,,,,,,
65.0831523603453,-143.80731815462585,2008-08-01,6,0,18.5,59.333333333333336,,Pastick,,11.0,N,,,,,,
65.27616647889502,-143.71152437299935,2008-07-18,4,1,21.5,64.5,,Pastick,,26.0,N,,,,,,
65.33309763361068,-143.8505415767761,2008-08-15,9,1,41.0,78.66666666666667,,Pastick,,37.111111111111114,N,,,,,,
65.38088870699814,-143.84262456321082,2008-08-14,8,1,53.0,64.875,,Pastick,,29.5,N,,,,,,
65.41661196537255,-143.8180360830806,2008-08-14,3,1,47.666666666666664,65.66666666666667,,Pastick,,34.666666666666664,N,,,,,,
65.46704167855454,-143.25220739022546,2008-07-02,7,1,30.428571428571427,50.714285714285715,,Pastick,,25.142857142857142,N,,,,,,
65.23465999757354,-143.31876217661187,2008-07-18,6,0,19.5,50.5,,Pastick,,21.0,N,,,,,,
63.52335789739855,-155.93682122708069,2018-08-15,4601,1,98.31880243425374,98.31880243425343,,Patton_2021,0.0,,,,,,,,
70.22968885345048,-148.45084597891406,2020-08-15,715,1,48.09090909090909,48.09090909090909,0.0,Peirce_2020,1.0,,,,,,,,
70.18166442982454,-148.45758004385962,2018-08-23,114,1,52.97564769767556,52.975647697675555,,Schaefer_2020,,,,,,,,,
70.19649006534853,-148.42518337123738,2020-08-16,284,1,56.11439114391144,57.90681003584229,3.341549295774648,Peirce_2020,0.0,,,,,,,,
61.176940693195995,-162.7805601994159,2016-08-16,28026,1,67.23578598486655,67.23578598486498,,Schaefer_2020,,,,,,,,,
61.19713105410097,-162.78950777486025,2013-08-11,3755,1,68.13704859175171,68.13704859175145,,Schaefer_2020,,,,,,,,,
61.27038425,-163.23711150000003,2013-08-11,52,1,63.69230769230769,63.69230769230769,,Schaefer_2020,,,,,,,,,
61.267857453855285,-163.23749047839308,2014-08-12,24967,1,63.8054492289561,63.805449228958494,,Schaefer_2020,,,,,,,,,
61.278027063306794,-162.62968204154885,2014-08-11,3396,1,69.64011279530335,69.64011279530305,,Schaefer_2020,,,,,,,,,
61.287896076322866,-162.86774708256146,2013-08-11,4966,1,73.38726672810836,73.38726672810851,,Schaefer_2020,,,,,,,,,
61.35480355563693,-163.09647669874394,2014-08-13,4937,1,67.78560440378656,67.78560440378656,,Schaefer_2020,,,,,,,,,
62.6972409060194,-141.14274462718444,2018-08-13,103,1,56.090401721618115,56.09040172161812,,Schaefer_2020,,,,,,,,,
64.3882384979208,-146.88148268811884,2014-08-12,101,1,64.43083368942241,64.43083368942244,,Schaefer_2020,,,,,,,,,
68.47687093893285,-149.50112971661483,2014-08-12,3214,1,51.618366521468616,51.61836652146857,,Schaefer_2020,,,,,,,,,
68.54573963382535,-149.49033195121953,2016-08-14,779,1,39.00543003851084,39.00543003851091,,Schaefer_2020,,,,,,,,,
68.55838341666666,-149.5243528333332,2013-08-11,186,1,36.18727598566307,36.187275985663085,,Schaefer_2020,,,,,,,,,
68.91644612427449,-148.84761381878238,2016-08-13,1544,1,51.44194300518142,51.44194300518135,,Schaefer_2020,,,,,,,,,
68.91663840000001,-148.8478998,2018-08-16,5,1,47.3,47.3,,Schaefer_2020,,,,,,,,,
69.0708833793197,-148.797493951578,2016-08-12,5101,1,54.67435992942737,54.6743599294256,,Schaefer_2020,,,,,,,,,
69.06626113759985,-148.78873746935193,2014-08-13,9857,1,54.72590849142725,54.72590849142742,,Schaefer_2020,,,,,,,,,
69.06998511199998,-148.79149144000002,2015-07-14,10,1,58.52399999999999,58.524,,Schaefer_2020,,,,,,,,,
69.12052240165464,-148.8374923454677,2016-08-17,695,1,27.924071942446037,27.924071942446048,,Schaefer_2020,,,,,,,,,
69.12639264752602,-148.84324490584467,2017-08-18,2498,1,32.45955964771829,32.45955964771817,,Schaefer_2020,,,,,,,,,
69.11930105106151,-148.86462110827193,2014-08-11,15753,1,46.44039167142632,46.44039167142766,,Schaefer_2020,,,,,,,,,
70.13677888372086,-148.65150505494202,2018-08-25,688,1,63.705930271293596,63.70593027129362,,Schaefer_2020,,,,,,,,,
70.13812133636365,-148.6647417064935,2019-08-13,77,1,44.26766246948053,44.26766246948051,,Schaefer_2020,,,,,,,,,
70.13825252,-148.66560701999998,2020-08-08,5,1,37.472999599999994,37.472999599999994,,Schaefer_2020,,,,,,,,,
71.27873532743591,-156.61395267179486,2013-08-11,78,1,22.32478632478632,22.324786324786327,,Schaefer_2020,,,,,,,,,
71.25738301078964,-156.57698090236596,2014-08-12,28361,1,41.4770294710447,41.477029471045306,,Schaefer_2020,,,,,,,,,
71.32268350000001,-156.609998325,2013-08-11,20,1,52.1625,52.1625,,Schaefer_2020,,,,,,,,,
71.3131940537646,-156.6129577421096,2014-08-12,26802,1,40.0659410393375,40.065941039337254,,Schaefer_2020,,,,,,,,,
71.33155384162644,-156.6567236286485,2015-09-01,143,0,126.75,163.12587412587413,,Wagner_2019,,,,,,,,,
71.26310322330504,-156.82186877542367,2018-08-20,2360,1,33.28039497298726,33.28039497298729,,Schaefer_2020,,,,,,,,,
60.92219444444444,-117.02406555555555,2012-08-18,9,1,104.6,104.6,,Schaefer_2020,,,,,,,,,
60.95724,-117.34152999999999,2009-07-10,4,1,66.4583333325,66.4583333325,,Schaefer_2020,,,,,,,,,
60.952924,-117.3609355,2012-08-10,6,1,64.944444445,64.944444445,,Schaefer_2020,,,,,,,,,
60.957764,-117.160314,2012-08-21,5,1,93.066666668,93.066666668,,Schaefer_2020,,,,,,,,,
60.96172,-117.16889499999999,2013-08-10,2,1,66.08333333499999,66.08333333499999,,Schaefer_2020,,,,,,,,,
61.619664799999995,-117.12878859999998,2013-08-11,5,1,89.608,89.608,,Schaefer_2020,,,,,,,,,
61.715430000000005,-116.89058600000001,2013-08-11,5,1,73.6,73.6,,Schaefer_2020,,,,,,,,,
61.77001833333333,-116.78871333333335,2013-08-11,6,1,81.5,81.5,,Schaefer_2020,,,,,,,,,
62.02922428571429,-116.31186857142858,2013-08-10,7,1,84.35714286428572,84.35714286428572,,Schaefer_2020,,,,,,,,,
62.3533977777778,-113.08645722222222,2013-08-10,18,1,65.27777777722223,65.27777777722223,,Schaefer_2020,,,,,,,,,
62.385210555555545,-113.1116411111111,2013-08-10,18,1,62.287037036111116,62.287037036111116,,Schaefer_2020,,,,,,,,,
62.392313333333334,-113.04256833333335,2013-08-10,6,1,55.44444444333334,55.44444444333334,,Schaefer_2020,,,,,,,,,
62.43250333333333,-113.15249333333333,2013-08-10,12,1,77.77777777666667,77.77777777666667,,Schaefer_2020,,,,,,,,,
62.418512,-113.00306600000002,2013-08-10,5,1,72.633333334,72.633333334,,Schaefer_2020,,,,,,,,,
62.49162375,-113.52501125,2013-08-10,8,1,43.97916666625,43.979166666249995,,Schaefer_2020,,,,,,,,,
62.50779555555555,-113.40139111111111,2013-08-10,18,1,59.087962963888884,59.087962963888884,,Schaefer_2020,,,,,,,,,
62.553975,-116.41173,2013-08-10,2,1,68.5,68.5,,Schaefer_2020,,,,,,,,,
64.73449584795723,-165.9531604623801,2019-08-15,248,0,,,,Seward,,,,,,,,,
64.74361824742267,-165.96509608247425,2013-08-11,97,1,62.86597938144328,62.865979381443296,,Schaefer_2020,,,,,,,,,
64.95098618009804,-147.6153705137255,2016-08-16,102,1,69.05882352941177,69.05882352941177,101.0,Schaefer_2020,,,,,,,,,
65.1626826853706,-164.82109368073625,2019-09-15,227,1,,,,Seward,,,,,,,,,
65.16390720000003,-164.8218792,2013-08-11,50,1,37.28,37.28,,Schaefer_2020,,,,,,,,,
68.71226944100002,-149.84443864999997,2014-08-12,10,1,32.8,32.8,,Schaefer_2020,,,,,,,,,
68.71495909090909,-149.02959181818184,2018-08-15,11,1,47.18181818181818,47.18181818181818,,Schaefer_2020,,,,,,,,,
68.85011499999999,-148.828895,2016-08-15,2,1,54.5,54.5,,Schaefer_2020,,,,,,,,,
68.889441,-150.53218600000002,2013-08-11,2,1,66.0,66.0,,Schaefer_2020,,,,,,,,,
69.02892292333333,-150.39637406666665,2013-08-11,3,1,56.30261437908498,56.30261437908498,,Schaefer_2020,,,,,,,,,
68.997875515,-150.28075275,2013-08-11,2,1,59.74852941176471,59.74852941176471,,Schaefer_2020,,,,,,,,,
69.07404604999999,-150.40944995,2013-08-11,2,1,57.476020408163265,57.476020408163265,,Schaefer_2020,,,,,,,,,
68.93369897588234,-150.2710844862745,2018-08-22,51,1,55.98039215686274,55.98039215686274,,Schaefer_2020,,,,,,,,,
68.93020357500001,-150.246496825,2013-08-11,4,1,47.524629402687,47.524629402687,,Schaefer_2020,,,,,,,,,
68.95183501333332,-150.2105579137255,2016-08-14,51,1,59.254901960784316,59.254901960784316,,Schaefer_2020,,,,,,,,,
68.98619361613333,-150.27049963599995,2018-08-14,75,1,68.0,68.0,,Schaefer_2020,,,,,,,,,
68.97070639,-150.24575955,2013-08-11,2,1,53.1693899782135,53.1693899782135,,Schaefer_2020,,,,,,,,,
69.0063385,-150.58796999999998,2013-08-11,2,1,63.675000000000004,63.675000000000004,,Schaefer_2020,,,,,,,,,
69.04799,-150.73808533333332,2013-08-11,3,1,54.20000000000001,54.20000000000001,,Schaefer_2020,,,,,,,,,
69.1402905,-150.7227135,2013-08-11,2,1,59.325,59.325,,Schaefer_2020,,,,,,,,,
69.1578485,-150.87643500000001,2013-08-11,2,1,50.525000000000006,50.525000000000006,,Schaefer_2020,,,,,,,,,
69.21483,-150.9174065,2013-08-11,2,1,63.650000000000006,63.650000000000006,,Schaefer_2020,,,,,,,,,
69.2820295,-150.8975365,2013-08-11,2,1,55.7,55.7,,Schaefer_2020,,,,,,,,,
69.40173650322579,-150.91065352903226,2013-08-11,62,1,59.88870967741936,59.88870967741936,,Schaefer_2020,,,,,,,,,
69.37334633333334,-150.66065366666666,2013-08-11,3,1,59.35,59.35,,Schaefer_2020,,,,,,,,,
69.67425,-148.721,2016-12-15,4,0,,100.0,101.0,Wang_2018,,,,,,,,,
69.67434700000001,-148.70749999999998,2018-08-24,2,1,39.52380952380952,39.52380952380952,,Schaefer_2020,,,,,,,,,
66.5621586075,-159.00428525,2022-09-15,8,1,51.666666666666664,68.75,120.0,Selawik,,,,,,,,,
66.615496995,-158.97073000000003,2022-09-15,8,0,80.0,100.0,120.0,Selawik,,,,,,,,,
66.49052926499999,-158.08282625,2022-09-15,4,0,85.0,102.5,120.0,Selawik,,,,,,,,,
66.437032303,-159.04838750000002,2022-09-15,10,1,75.0,93.0,120.0,Selawik,,,,,,,,,
64.97850770213657,-166.21443052139892,2019-09-15,395,1,,,,Seward,,,,,,,,,
62.391999999999996,-145.14600000000002,2016-12-15,2,1,75.0,100.0,101.0,Wang_2018,,,,,,,,,
69.4305,-148.687,2016-12-15,2,0,,100.0,101.0,Wang_2018,,,,,,,,,
64.86460000000001,-147.8584,2016-12-15,5,0,100.0,100.0,101.0,Wang_2018,,,,,,,,,
68.342710875,-133.681425,2017-08-16,8,1,53.42,73.3875,100.0,Zhang_2019,,26.875,,,,,,,
68.32715566666666,-133.60950333333335,2017-08-17,6,1,56.089999999999996,56.089999999999996,100.0,Zhang_2019,,22.833333333333332,,,,,,,
68.31556880000001,-133.486258,2017-08-18,5,1,62.07000000000001,62.07000000000001,100.0,Zhang_2019,,33.9,,,,,,,
68.3725543,-133.72066400000003,2017-08-16,30,1,52.098,58.70517241379311,100.0,Zhang_2019,,22.543333333333333,,,,,,,
68.41477471428571,-133.77113857142857,2017-08-16,7,1,72.675,81.78333333333333,100.0,Zhang_2019,,7.0,,,,,,,
69.30482164285715,-132.9689157142857,2017-08-20,14,1,53.189285714285724,53.189285714285724,100.0,Zhang_2019,,18.414285714285715,,,,,,,
69.282446,-132.91116,2017-08-19,3,1,49.0,49.0,100.0,Zhang_2019,,20.233333333333334,,,,,,,
69.35939214285712,-133.03658071428572,2017-08-20,14,1,52.07857142857143,52.07857142857142,100.0,Zhang_2019,,27.857142857142858,,,,,,,
69.38670635294118,-133.02971647058826,2017-08-20,17,1,56.540000000000006,56.54,100.0,Zhang_2019,,21.58823529411765,,,,,,,
69.4219365,-133.017465,2017-08-20,6,1,57.2,64.33333333333333,100.0,Zhang_2019,,22.0,,,,,,,
65.985556,-149.304444,2008-08-05,1,1,64.0,80.0,,Pastick,,7.0,N,,,,,,
65.825833,-149.595556,2008-08-18,1,1,52.0,65.0,,Pastick,,21.0,N,,,,,,
66.659722,-144.735833,2010-08-11,1,0,0.0,154.0,,Pastick,,4.0,N,,,,,,
66.644444,-145.111944,2010-08-20,1,0,0.0,150.0,,Pastick,,5.0,N,,,,,,
66.654444,-145.055833,2010-08-20,1,0,0.0,152.0,,Pastick,,0.0,N,,,,,,
66.384167,-145.472222,2010-06-25,1,0,0.0,200.0,,Pastick,,0.0,N,,,,,,
66.548611,-144.874722,2011-06-22,1,1,35.0,35.0,,Pastick,,35.0,N,,,,,,
65.279167,-144.975,2011-07-07,1,0,0.0,60.0,,Pastick,,26.0,Y,,,,,,
65.250278,-144.850556,2011-07-07,1,1,60.0,60.0,,Pastick,,30.0,N,,,,,,
66.259167,-144.874722,2011-11-02,1,0,0.0,60.0,,Pastick,,30.0,Y,,,,,,
65.283056,-145.103889,2011-11-04,1,1,59.0,59.0,,Pastick,,59.0,N,,,,,,
66.2825,-145.105,2011-11-04,1,1,50.0,50.0,,Pastick,,50.0,N,,,,,,
65.369722,-144.268611,2011-07-26,1,1,59.0,59.0,,Pastick,,40.0,N,,,,,,
66.654722,-143.826111,2011-08-16,1,1,70.0,70.0,,Pastick,,10.0,N,,,,,,
66.488611,-145.188889,2011-08-18,1,0,0.0,152.0,,Pastick,,0.0,N,,,,,,
0.0,0.0,2011-11-02,1,1,113.0,113.0,,Pastick,,14.0,N,,,,,,
65.502778,-145.83,2012-01-12,1,1,46.0,46.0,,Pastick,,23.0,N,,,,,,
65.3275,-144.169722,2011-07-31,1,0,0.0,63.0,,Pastick,,3.0,Y,,,,,,
65.433889,-144.571389,2011-07-31,1,0,0.0,62.0,,Pastick,,3.0,Y,,,,,,
65.122222,-145.199167,2011-08-01,1,0,0.0,126.0,,Pastick,,4.0,Y,,,,,,
65.361389,-145.100556,2011-07-10,1,0,0.0,35.0,,Pastick,,6.0,N,,,,,,
66.691111,-145.130833,2011-08-13,1,1,150.0,150.0,,Pastick,,0.0,N,,,,,,
64.842392,-163.6942291,2014-01-14,1,1,52.0,100.0,,Pastick,,0.0,N,,,,,,
61.5432986,-158.5377667,2012-08-30,1,1,72.0,125.0,,Pastick,,0.0,N,,,,,,
61.6088394,-159.394214,2012-08-30,1,1,65.0,96.0,,Pastick,,0.0,N,,,,,,
61.2963695,-160.5457366,2012-08-30,1,1,65.0,70.0,,Pastick,,0.0,N,,,,,,
64.8846072,-165.4187314,2012-08-30,1,1,33.0,150.0,,Pastick,,0.0,N,,,,,,
62.0702782,-160.0623627,2014-02-07,1,1,77.0,230.0,,Pastick,,0.0,N,,,,,,
64.5353317261,-163.418334961,2012-08-30,1,1,64.0,152.0,,Pastick,,0.0,N,,,,,,
61.54475,-164.9143333,2012-08-30,1,1,64.0,152.0,,Pastick,,0.0,N,,,,,,
59.2519444,-157.7338889,2013-11-29,1,1,55.0,75.0,,Pastick,,0.0,N,,,,,,
59.2019444,-157.9555556,2013-11-29,1,1,68.0,90.0,,Pastick,,0.0,N,,,,,,
59.5441667,-157.3791667,2013-11-29,1,1,85.0,100.0,,Pastick,,0.0,N,,,,,,
59.0666656,-158.6000061,2014-01-17,1,0,66.0,91.0,,Pastick,,0.0,N,,,,,,
59.9833336,-154.8500061,2014-01-17,1,0,33.0,76.0,,Pastick,,0.0,N,,,,,,
59.5833321,-159.0666656,2014-01-17,1,0,53.0,53.0,,Pastick,,0.0,N,,,,,,
59.9166679,-159.0333405,2014-01-17,1,0,38.0,46.0,,Pastick,,0.0,N,,,,,,
58.7000008,-156.6833344,2014-01-17,1,0,114.0,137.0,,Pastick,,0.0,N,,,,,,
58.7166672,-156.7666626,2014-01-17,1,0,94.0,114.0,,Pastick,,0.0,N,,,,,,
66.0333328,-154.25,2014-01-17,1,0,47.0,80.0,,Pastick,,0.0,N,,,,,,
64.9166641,-157.6333313,2014-01-17,1,0,75.0,100.0,,Pastick,,0.0,N,,,,,,
61.5833321,-159.5771942,2014-01-17,1,0,230.0,230.0,,Pastick,,0.0,N,,,,,,
61.5266953,-159.7784729,2014-01-17,1,0,114.0,200.0,,Pastick,,0.0,N,,,,,,
61.594346,-159.4899006,2013-06-18,1,0,160.0,180.0,,Pastick,,0.0,N,,,,,,
61.5610928,-160.1886019,2012-08-30,1,0,96.0,200.0,,Pastick,,0.0,N,,,,,,
61.8243704,-157.5715187,2013-06-18,1,0,13.0,50.0,,Pastick,,0.0,N,,,,,,
61.8036767,-157.5099615,2013-06-18,1,0,175.0,200.0,,Pastick,,0.0,N,,,,,,
61.6636176,-156.8979672,2012-08-30,1,0,127.0,127.0,,Pastick,,0.0,N,,,,,,
62.1321787,-159.7358854,2012-08-30,1,0,46.0,195.0,,Pastick,,0.0,N,,,,,,
62.1840196,-159.8160759,2013-06-18,1,0,56.0,180.0,,Pastick,,0.0,N,,,,,,
62.1142322,-160.076192,2013-06-18,1,0,80.0,80.0,,Pastick,,0.0,N,,,,,,
61.9525898,-160.1923202,2012-08-30,1,0,140.0,160.0,,Pastick,,0.0,N,,,,,,
62.9299903,-160.1018675,2013-06-18,1,0,47.0,65.0,,Pastick,,0.0,N,,,,,,
61.4388361,-157.360375,2013-06-18,1,0,42.0,999.0,,Pastick,,0.0,N,,,,,,
61.9166551,-159.0350341,2012-08-30,1,0,52.0,84.0,,Pastick,,0.0,N,,,,,,
61.4466631,-157.0497995,2012-08-30,1,0,70.0,190.0,,Pastick,,0.0,N,,,,,,
61.8826098,-159.1501369,2012-08-30,1,0,67.0,102.0,,Pastick,,0.0,N,,,,,,
61.5967156,-159.7527212,2012-08-30,1,0,54.0,75.0,,Pastick,,0.0,N,,,,,,
61.4363246,-160.4789321,2012-08-30,1,0,140.0,160.0,,Pastick,,0.0,N,,,,,,
62.6666079,-160.3185502,2013-06-18,1,0,152.0,200.0,,Pastick,,0.0,N,,,,,,
62.2018157,-160.1552514,2013-06-18,1,0,124.0,170.0,,Pastick,,0.0,N,,,,,,
61.3324478,-156.8303305,2012-08-30,1,0,76.0,150.0,,Pastick,,0.0,N,,,,,,
61.6660358,-156.1837995,2013-06-18,1,0,89.0,152.0,,Pastick,,0.0,N,,,,,,
61.3896164,-160.2239817,2012-08-30,1,0,160.0,190.0,,Pastick,,0.0,N,,,,,,
59.3583603,-157.4730072,2014-02-07,1,0,70.0,100.0,,Pastick,,0.0,N,,,,,,
62.2051697,-159.7848206,2014-02-07,1,0,99.0,145.0,,Pastick,,0.0,N,,,,,,
62.0999184,-160.0334778,2014-02-07,1,0,80.0,200.0,,Pastick,,0.0,N,,,,,,
62.9108315,-160.0621643,2014-02-07,1,0,125.0,190.0,,Pastick,,0.0,N,,,,,,
61.3333056,-165.2449167,2012-08-30,1,0,80.0,152.0,,Pastick,,0.0,N,,,,,,
61.3616389,-165.1388056,2012-08-30,1,0,43.0,152.0,,Pastick,,0.0,N,,,,,,
59.3425,-158.3077778,2014-01-23,1,0,43.0,100.0,,Pastick,,0.0,N,,,,,,
59.2233333,-158.2341667,2013-11-29,1,0,91.0,100.0,,Pastick,,0.0,N,,,,,,
59.8391667,-156.9669444,2013-11-29,1,0,175.0,190.0,,Pastick,,0.0,N,,,,,,
58.7877778,-158.3152778,2013-11-29,1,0,180.0,190.0,,Pastick,,0.0,N,,,,,,
59.795,-156.0769444,2014-01-23,1,0,90.0,115.0,,Pastick,,0.0,N,,,,,,
60.31,-158.7508333,2014-02-07,1,0,68.0,90.0,,Pastick,,0.0,N,,,,,,
60.3052778,-158.6405556,2013-11-29,1,0,80.0,110.0,,Pastick,,0.0,N,,,,,,
59.8188889,-156.3266667,2014-02-04,1,0,140.0,183.0,,Pastick,,0.0,N,,,,,,
59.9369444,-156.5188889,2013-11-29,1,0,110.0,140.0,,Pastick,,0.0,N,,,,,,
60.39,-158.7091667,2013-11-29,1,0,62.0,115.0,,Pastick,,0.0,N,,,,,,
59.1097222,-157.7308333,2014-02-05,1,0,150.0,183.0,,Pastick,,0.0,N,,,,,,
60.2733333,-157.6716667,2013-11-29,1,0,46.0,85.0,,Pastick,,0.0,N,,,,,,
59.1733333,-157.6608333,2013-11-29,1,0,120.0,122.0,,Pastick,,0.0,N,,,,,,
59.0483333,-157.7694444,2013-11-29,1,0,105.0,185.0,,Pastick,,0.0,N,,,,,,
60.6388889,-155.0305556,2013-11-29,1,0,175.0,180.0,,Pastick,,0.0,N,,,,,,
59.8636111,-156.3297222,2013-11-29,1,0,105.0,125.0,,Pastick,,0.0,N,,,,,,
59.4588889,-157.3383333,2014-02-03,1,0,115.0,190.0,,Pastick,,0.0,N,,,,,,
59.4563889,-157.2769444,2013-11-29,1,0,95.0,160.0,,Pastick,,0.0,N,,,,,,
59.3058333,-157.5905556,2014-02-04,1,0,150.0,175.0,,Pastick,,0.0,N,,,,,,
59.3036111,-157.5908333,2013-11-29,1,0,120.0,135.0,,Pastick,,0.0,N,,,,,,
59.6775,-157.3966667,2014-02-04,1,0,160.0,190.0,,Pastick,,0.0,N,,,,,,
59.6708333,-157.4033333,2013-11-29,1,0,50.0,110.0,,Pastick,,0.0,N,,,,,,
59.5080556,-157.6708333,2014-02-03,1,0,38.0,75.0,,Pastick,,0.0,N,,,,,,
59.5241667,-157.3058333,2013-11-29,1,0,155.0,200.0,,Pastick,,0.0,N,,,,,,
59.6458333,-157.5344444,2014-02-04,1,0,80.0,200.0,,Pastick,,0.0,N,,,,,,
59.5191667,-157.3819444,2013-11-29,1,0,125.0,185.0,,Pastick,,0.0,N,,,,,,
58.8738889,-157.9869444,2013-11-29,1,0,110.0,185.0,,Pastick,,0.0,N,,,,,,
59.5661111,-156.9683333,2013-11-29,1,0,37.0,152.0,,Pastick,,0.0,N,,,,,,
59.7507375,-160.222432,2013-12-13,1,0,78.0,152.0,,Pastick,,0.0,N,,,,,,
59.0836389,-154.2775556,2013-04-09,1,0,50.0,200.0,,Pastick,,0.0,N,,,,,,
64.05772555785444,-145.72360508138877,2004-09-28,1,0,0.0,80.0,,Pastick,4.0,7.0,N,,,,,,
63.19903423354919,-151.2319829010778,2002-08-30,1,0,0.0,150.0,,Pastick,1.0,1.0,N,,,,,,
63.22652062418565,-151.1381948067616,2002-08-30,1,0,0.0,150.0,,Pastick,1.0,3.0,N,,,,,,
63.30417138191809,-151.05896471491909,1998-08-19,1,0,0.0,150.0,,Pastick,3.0,2.0,N,,,,,,
63.39173907453493,-150.56266761918306,1998-07-14,1,0,0.0,100.0,,Pastick,1.0,3.0,N,,,,,,
63.43047570416102,-151.06717910506526,2002-09-01,1,0,0.0,150.0,,Pastick,1.0,16.0,N,,,,,,
63.44849332242079,-151.22216668226935,2002-09-01,1,1,54.0,62.0,,Pastick,1.0,36.0,N,,,,,,
63.46707454808924,-150.16934506437627,1998-09-09,1,0,0.0,150.0,,Pastick,1.0,2.0,N,,,,,,
63.52223976453179,-150.69679051851708,1998-08-26,1,0,0.0,100.0,,Pastick,5.0,6.0,N,,,,,,
63.53246137303034,-150.72342851848177,1999-07-27,1,0,0.0,100.0,,Pastick,1.0,7.0,N,,,,,,
63.612486066816935,-150.68500800275592,2002-08-19,1,1,43.0,43.0,,Pastick,1.0,22.0,N,,,,,,
63.67417750647842,-150.17423918185517,2002-09-03,1,0,0.0,150.0,,Pastick,1.0,2.0,N,,,,,,
63.69837804900117,-150.8249318139097,2002-09-03,1,1,66.0,66.0,,Pastick,1.0,20.0,Y,,,,,,
63.695323336317045,-150.032997169631,2002-09-02,1,0,0.0,100.0,,Pastick,1.0,7.0,N,,,,,,
63.72864672529589,-150.95891539154772,1998-09-03,1,1,54.0,54.0,,Pastick,3.0,4.0,N,,,,,,
63.74132199998832,-150.0353488800731,2002-09-03,1,1,72.0,72.0,,Pastick,1.0,47.0,N,,,,,,
63.78465507044617,-151.46514113243063,2000-09-11,1,0,0.0,150.0,,Pastick,6.0,33.0,N,,,,,,
63.811725205466864,-151.88470701535715,2002-08-31,1,0,67.0,67.0,,Pastick,1.0,7.0,Y,,,,,,
63.8036139011499,-150.44822246811006,2002-09-03,1,0,0.0,150.0,,Pastick,1.0,4.0,N,,,,,,
63.82631138098612,-150.0103432895384,1998-07-23,1,0,0.0,68.0,,Pastick,3.0,0.0,N,,,,,,
63.87388571473912,-151.96539484366525,2002-08-31,1,1,48.0,48.0,,Pastick,1.0,13.0,N,,,,,,
63.85146576795217,-150.1762950687933,2002-08-18,1,0,0.0,150.0,,Pastick,1.0,12.0,N,,,,,,
63.93180787138205,-151.9982408817426,2002-08-30,1,1,54.0,54.0,,Pastick,1.0,5.0,N,,,,,,
63.93331056117689,-150.7491284062725,2002-09-02,1,1,143.0,150.0,,Pastick,1.0,9.0,N,,,,,,
63.94130210895255,-150.72674839895697,1998-09-07,1,1,148.0,148.0,,Pastick,3.0,8.0,N,,,,,,
63.9990600461566,-151.24503087280124,2002-09-02,1,0,0.0,150.0,,Pastick,1.0,4.0,N,,,,,,
64.0718626231527,-151.65760609806102,2002-09-02,1,1,62.0,62.0,,Pastick,1.0,42.0,N,,,,,,
63.76926916355555,-149.96644062086818,1998-07-11,1,1,37.0,51.0,,Pastick,1.0,37.0,N,,,,,,
63.412059378130586,-149.03497932605097,2000-06-21,1,0,0.0,150.0,,Pastick,1.0,2.0,N,,,,,,
63.460379526352455,-148.8393593025458,2000-07-11,1,0,0.0,100.0,,Pastick,1.0,11.0,N,,,,,,
63.364793233514895,-149.74745008061032,2000-07-17,1,0,0.0,150.0,,Pastick,1.0,2.0,N,,,,,,
63.616122739344334,-149.15791311870169,2002-08-01,1,0,0.0,58.0,,Pastick,1.0,10.0,Y,,,,,,
63.79635068541616,-149.2583715514855,2002-08-02,1,1,106.0,106.0,,Pastick,4.0,20.0,N,,,,,,
63.804434628621664,-149.47560218915666,2002-08-02,1,0,0.0,150.0,,Pastick,1.0,0.0,N,,,,,,
63.70711251246709,-149.25609333591314,2002-08-07,1,0,0.0,150.0,,Pastick,1.0,3.0,N,,,,,,
63.71210093049414,-149.1959142904985,2002-08-07,1,1,41.0,60.0,,Pastick,1.0,14.0,N,,,,,,
63.66574601112233,-148.8644162336033,2002-08-16,1,0,0.0,78.0,,Pastick,1.0,8.0,Y,,,,,,
63.96573083782243,-149.83174068357178,2002-08-18,1,1,51.0,51.0,,Pastick,1.0,17.0,N,,,,,,
63.456086161355394,-148.84927519969645,2002-08-21,1,1,56.0,56.0,,Pastick,1.0,22.0,N,,,,,,
63.501436580071584,-149.2612506962662,2002-09-04,1,0,0.0,150.0,,Pastick,1.0,4.0,N,,,,,,
63.74768775945192,-149.500922164728,2002-09-04,1,0,0.0,150.0,,Pastick,1.0,0.0,N,,,,,,
63.63701792761224,-149.42685716032983,1997-07-27,1,0,0.0,100.0,,Pastick,3.0,0.0,N,,,,,,
63.850334983412274,-145.67817833500646,2000-07-26,1,1,52.0,79.0,,Pastick,8.0,20.0,N,,,,,,
63.73605850366015,-145.89378230756543,2000-08-29,1,1,56.0,80.0,,Pastick,8.0,12.0,N,,,,,,
64.0089119192845,-145.62276242406296,2000-06-29,1,0,0.0,50.0,,Pastick,2.0,5.0,N,,,,,,
63.96045753819215,-145.6792759833251,2000-07-05,1,0,0.0,100.0,,Pastick,3.0,5.0,N,,,,,,
63.93756222509304,-145.83543124093828,2000-07-17,1,0,0.0,90.0,,Pastick,6.0,0.0,N,,,,,,
63.92652746657719,-145.71899008461506,2000-07-20,1,0,0.0,95.0,,Pastick,11.0,0.0,N,,,,,,
63.930771162061895,-145.46222861704828,2000-07-18,1,1,90.0,94.0,,Pastick,12.0,16.0,N,,,,,,
63.81134456628612,-145.62622096557422,2000-08-03,1,0,0.0,92.0,,Pastick,1.0,8.0,N,,,,,,
64.73406747686867,-147.81750136676197,1997-08-12,1,1,37.0,65.0,,Pastick,14.0,65.0,N,,,,,,
64.79095690273664,-147.83426896025222,1997-07-02,1,0,0.0,185.0,,Pastick,1.0,5.0,N,,,,,,
64.78228440772183,-147.73664606942913,1997-08-05,1,1,52.0,99.0,,Pastick,1.0,26.0,N,,,,,,
64.74139040264295,-147.0151364110853,1997-06-18,1,1,130.0,130.0,,Pastick,3.0,28.0,N,,,,,,
64.75792728772836,-146.8527557803414,1999-08-02,1,0,0.0,50.0,,Pastick,2.0,8.0,Y,,,,,,
64.58968992149899,-146.4649083526619,1999-08-17,1,1,76.0,95.0,,Pastick,12.0,5.0,N,,,,,,
64.72185634338246,-146.7080716774519,1999-08-24,1,0,0.0,75.0,,Pastick,13.0,9.0,Y,,,,,,
64.66029471198969,-146.93310981456213,1999-06-14,1,0,0.0,50.0,,Pastick,1.0,13.0,Y,,,,,,
64.60407458129517,-146.99729752226884,1999-07-26,1,1,21.0,21.0,,Pastick,8.0,15.0,N,,,,,,
64.71923350597939,-146.67653689993662,1999-08-26,1,0,0.0,54.0,,Pastick,2.0,5.0,N,,,,,,
63.8252990361597,-146.82505510732278,2002-06-12,1,0,0.0,23.0,,Pastick,5.0,23.0,Y,,,,,,
63.93470654006615,-146.39557675665503,2003-06-21,1,1,40.0,55.0,,Pastick,4.0,40.0,N,,,,,,
63.68580115134435,-146.4767658007982,2003-07-21,1,1,47.0,52.0,,Pastick,2.0,8.0,N,,,,,,
63.772517935801496,-146.94460856989676,2003-07-22,1,1,30.0,52.0,,Pastick,5.0,52.0,N,,,,,,
63.96857317130682,-146.1467083809579,2002-07-30,1,1,39.0,50.0,,Pastick,3.0,29.0,N,,,,,,
64.02307271353745,-146.7042602777995,2003-07-31,1,0,0.0,125.0,,Pastick,1.0,6.0,N,,,,,,
64.0383620892019,-146.53804082051792,2003-08-01,1,1,42.0,130.0,,Pastick,1.0,42.0,N,,,,,,
64.09674073863845,-146.60924869515097,2003-08-02,1,0,0.0,110.0,,Pastick,1.0,23.0,N,,,,,,
64.0751912711689,-146.7258682461498,2003-08-02,1,1,32.0,111.0,,Pastick,2.0,32.0,N,,,,,,
64.10632762362029,-146.42582096296255,2003-08-02,1,1,40.0,113.0,,Pastick,1.0,113.0,N,,,,,,
64.13470272945061,-146.7286715940875,2003-08-02,1,1,29.0,113.0,,Pastick,1.0,17.0,N,,,,,,
64.15667907441765,-146.61985808891225,2003-08-03,1,1,20.0,90.0,,Pastick,1.0,90.0,N,,,,,,
64.18342164128869,-146.57752899613214,2003-08-03,1,1,32.0,87.0,,Pastick,1.0,22.0,N,,,,,,
63.7703554105122,-146.28173714035202,2002-08-12,1,0,0.0,72.0,,Pastick,3.0,0.0,N,,,,,,
63.88842279553105,-146.09112141503547,2003-08-13,1,1,33.0,58.0,,Pastick,5.0,40.0,N,,,,,,
63.843993722424166,-145.9172812741749,2003-09-01,1,0,0.0,100.0,,Pastick,1.0,15.0,N,,,,,,
63.80940732911986,-145.73651660675165,2003-09-01,1,0,0.0,100.0,,Pastick,1.0,7.0,N,,,,,,
63.35675820633763,-145.74193600837887,1997-06-21,1,0,0.0,152.0,,Pastick,1.0,10.0,N,,,,,,
63.33521524457464,-145.75212512572406,1998-07-23,1,0,0.0,76.0,,Pastick,2.0,8.0,N,,,,,,
63.40464781182766,-145.77107415605428,1997-06-21,1,1,36.0,36.0,,Pastick,1.0,25.0,N,,,,,,
63.2311172509557,-145.78306661773792,1997-06-21,1,1,66.0,66.0,,Pastick,3.0,10.0,N,,,,,,
63.435804232271856,-145.78799978875236,1999-06-24,1,0,0.0,152.0,,Pastick,1.0,0.0,N,,,,,,
63.22681872058215,-145.8097136211761,1999-06-21,1,0,0.0,152.0,,Pastick,2.0,5.0,N,,,,,,
63.11331614448534,-145.99174173969172,1997-06-18,1,0,0.0,152.0,,Pastick,3.0,5.0,N,,,,,,
62.1947346885906,-159.7734640442833,2003-06-21,1,0,,195.0,,Pastick,1.0,8.0,N,,,,,,
62.13335391649235,-159.7384731378846,2003-06-19,1,0,,195.0,,Pastick,1.0,5.0,N,,,,,,
62.3169513998932,-159.99142442779615,2003-07-13,1,0,,160.0,,Pastick,1.0,0.0,N,,,,,,
62.15862045915257,-159.65899707171553,2003-07-16,1,0,,200.0,,Pastick,2.0,23.0,N,,,,,,
62.54642007006138,-159.54192163883826,2003-07-21,1,0,,115.0,,Pastick,8.0,10.0,N,,,,,,
62.49795262565032,-160.32176300515974,2003-07-24,1,0,,63.0,,Pastick,5.0,17.0,N,,,,,,
61.92056188903342,-160.664923163329,2003-08-17,1,0,,190.0,,Pastick,3.0,9.0,N,,,,,,
62.68591591209969,-160.20829862245682,2003-08-22,1,0,,190.0,,Pastick,2.0,5.0,N,,,,,,
62.91199094318331,-160.06484095135713,2003-09-09,1,0,,190.0,,Pastick,2.0,8.0,N,,,,,,
62.93115545939146,-160.10453894721513,2003-09-10,1,0,,65.0,,Pastick,6.0,8.0,N,,,,,,
61.91784420287162,-159.03757897935722,2004-08-26,1,0,,84.0,,Pastick,1.0,2.0,N,,,,,,
61.88379689391588,-159.1526830606318,2004-08-26,1,0,,102.0,,Pastick,4.0,7.0,N,,,,,,
64.9335832123101,-148.0513114906885,2002-09-12,1,0,0.0,180.0,,Pastick,1.0,5.0,N,,,,,,
64.73852839271974,-148.21200845658032,2002-08-05,1,0,0.0,61.0,,Pastick,9.0,5.0,Y,,,,,,
64.91265853662053,-148.27622185647152,2003-06-02,1,0,0.0,29.0,,Pastick,2.0,10.0,Y,,,,,,
64.2579006126891,-149.123326431097,2003-08-13,1,0,0.0,120.0,,Pastick,6.0,9.0,N,,,,,,
64.20503490380862,-149.30995759826115,1994-08-24,1,0,0.0,108.0,,Pastick,22.0,18.0,N,,,,,,
64.21444597400262,-149.30643420357737,1994-08-24,1,0,0.0,80.0,,Pastick,29.0,5.0,N,,,,,,
65.38736442169252,-143.1376870645165,2008-07-03,1,1,64.0,74.0,,Pastick,,24.0,N,,,,,,
65.10826590428682,-143.69118796535983,2008-07-17,1,0,0.0,71.0,,Pastick,,16.0,N,,,,,,
65.45054562404117,-143.6471420662589,2008-08-28,1,0,0.0,140.0,,Pastick,,0.0,N,,,,,,
60.52358,-117.02277,2012-08-18,1,1,100.0,100.0,,Schaefer_2020,,,,,,,,,
60.95744,-117.34259,2008-06-22,1,1,62.33333333,62.33333333,,Schaefer_2020,,,,,,,,,
62.07367,-116.3219,2013-08-11,1,1,60.17,60.17,,Schaefer_2020,,,,,,,,,
62.38303,-113.38303,2013-08-10,1,1,74.83333333,74.83333333,,Schaefer_2020,,,,,,,,,
68.63,-150.27,2013-08-11,1,1,47.7,47.7,,Schaefer_2020,,,,,,,,,
68.78868,-148.85028,2016-08-15,1,1,60.3,60.3,,Schaefer_2020,,,,,,,,,
68.881152,-150.730976,2013-08-11,1,1,55.85,55.85,,Schaefer_2020,,,,,,,,,
68.920772,-150.036893,2013-08-11,1,1,52.35,52.35,,Schaefer_2020,,,,,,,,,
68.947777,-150.671791,2013-08-11,1,1,53.1,53.1,,Schaefer_2020,,,,,,,,,
68.948905,-150.439662,2013-08-11,1,1,65.8,65.8,,Schaefer_2020,,,,,,,,,
68.950556,-150.835485,2013-08-11,1,1,47.05,47.05,,Schaefer_2020,,,,,,,,,
68.98135,-148.83099,2014-08-13,1,1,88.0,88.0,,Schaefer_2020,,,,,,,,,
68.985278,-150.521837,2013-08-11,1,1,67.6,67.6,,Schaefer_2020,,,,,,,,,
69.003587,-150.734651,2013-08-11,1,1,63.6,63.6,,Schaefer_2020,,,,,,,,,
69.017626,-150.915936,2013-08-11,1,1,48.85,48.85,,Schaefer_2020,,,,,,,,,
69.025704,-150.122863,2013-08-11,1,1,43.4,43.4,,Schaefer_2020,,,,,,,,,
69.052827,-150.609415,2013-08-11,1,1,49.3,49.3,,Schaefer_2020,,,,,,,,,
69.083073,-150.192424,2013-08-11,1,1,55.2,55.2,,Schaefer_2020,,,,,,,,,
69.097619,-150.605476,2013-08-11,1,1,57.8,57.8,,Schaefer_2020,,,,,,,,,
69.117951,-150.522133,2013-08-11,1,1,65.65,65.65,,Schaefer_2020,,,,,,,,,
69.125093,-148.148851,2014-08-11,1,1,37.7,37.7,,Schaefer_2020,,,,,,,,,
69.1467,-148.8383,2018-08-24,1,1,37.07142857142857,37.07142857142857,,Schaefer_2020,,,,,,,,,
69.15909,-150.372051,2013-08-11,1,1,38.85,38.85,,Schaefer_2020,,,,,,,,,
69.1591,-148.8291,2018-08-24,1,1,41.023809523809526,41.023809523809526,,Schaefer_2020,,,,,,,,,
69.182426,-150.528724,2013-08-11,1,1,59.65,59.65,,Schaefer_2020,,,,,,,,,
69.228117,-150.748094,2013-08-11,1,1,52.9,52.9,,Schaefer_2020,,,,,,,,,
69.233693,-150.601337,2013-08-11,1,1,56.65,56.65,,Schaefer_2020,,,,,,,,,
69.2796,-150.662435,2013-08-11,1,1,56.75,56.75,,Schaefer_2020,,,,,,,,,
69.281249,-150.478394,2013-08-11,1,1,47.15,47.15,,Schaefer_2020,,,,,,,,,
69.290306,-150.783888,2013-08-11,1,1,59.2,59.2,,Schaefer_2020,,,,,,,,,
69.312696,-150.701603,2013-08-11,1,1,47.3,47.3,,Schaefer_2020,,,,,,,,,
69.321175,-151.064796,2013-08-11,1,1,45.3,45.3,,Schaefer_2020,,,,,,,,,
69.341872,-150.921334,2013-08-11,1,1,57.150000000000006,57.150000000000006,,Schaefer_2020,,,,,,,,,
69.384466,-150.928384,2013-08-11,1,1,57.25,57.25,,Schaefer_2020,,,,,,,,,
70.03275,-148.641444,2018-08-24,1,1,43.59090909090909,43.59090909090909,,Schaefer_2020,,,,,,,,,
66.45071698,-158.890106,2022-09-15,1,0,,120.0,120.0,Selawik,,,,,,,,,
67.4749,-162.2664,2016-12-15,1,0,,100.0,101.0,Wang_2018,,,,,,,,,
69.1704,-158.0067,2004-12-15,1,1,50.0,100.0,101.0,Wang_2018,,,,,,,,,
69.1555,-158.0305,2015-12-15,1,1,75.0,100.0,101.0,Wang_2018,,,,,,,,,
71.309,-156.661,2016-12-15,1,1,50.0,100.0,101.0,Wang_2018,,,,,,,,,
65.314,-143.132,2016-12-15,1,0,,100.0,101.0,Wang_2018,,,,,,,,,
67.7142,-150.585,2016-12-15,1,0,,100.0,101.0,Wang_2018,,,,,,,,,
62.12400000000001,-141.847,2016-12-15,1,0,,100.0,101.0,Wang_2018,,,,,,,,,
61.274,-142.621,2016-12-15,1,0,,100.0,101.0,Wang_2018,,,,,,,,,
69.972,-144.7706,2015-12-15,1,1,50.0,100.0,101.0,Wang_2018,,,,,,,,,
68.069,-149.58,2016-12-15,1,1,75.0,100.0,101.0,Wang_2018,,,,,,,,,
63.26800000000001,-149.539,2016-12-15,1,0,,100.0,101.0,Wang_2018,,,,,,,,,
66.2759,-164.5309,2016-12-15,1,0,,100.0,101.0,Wang_2018,,,,,,,,,
70.161,-148.465,2016-12-15,1,0,,100.0,101.0,Wang_2018,,,,,,,,,
70.8645,-153.90670000000003,2015-12-15,1,1,50.0,100.0,101.0,Wang_2018,,,,,,,,,
65.2752,-163.82,2016-12-15,1,0,,100.0,101.0,Wang_2018,,,,,,,,,
70.5685,-152.965,2015-12-15,1,1,50.0,100.0,101.0,Wang_2018,,,,,,,,,
70.3352,-152.052,2015-12-15,1,1,50.0,100.0,101.0,Wang_2018,,,,,,,,,
61.603,-143.013,2016-12-15,1,0,,100.0,101.0,Wang_2018,,,,,,,,,
68.477,-149.502,2016-12-15,1,1,75.0,100.0,101.0,Wang_2018,,,,,,,,,
68.156,-156.8958,2016-12-15,1,0,,100.0,101.0,Wang_2018,,,,,,,,,
69.156,-148.837,2016-12-15,1,1,75.0,100.0,101.0,Wang_2018,,,,,,,,,
67.5448,-157.0774,2016-12-15,1,0,,100.0,101.0,Wang_2018,,,,,,,,,
70.4416,-154.3656,2015-12-15,1,1,75.0,100.0,101.0,Wang_2018,,,,,,,,,
69.9896,-153.0938,2015-12-15,1,1,75.0,100.0,101.0,Wang_2018,,,,,,,,,
68.479,-155.738,2013-12-15,1,1,75.0,100.0,101.0,Wang_2018,,,,,,,,,
68.48,-155.744,2016-12-15,1,1,100.0,100.0,101.0,Wang_2018,,,,,,,,,
67.5734,-158.4317,2016-12-15,1,0,,100.0,101.0,Wang_2018,,,,,,,,,
67.9835,-155.013,2016-12-15,1,0,,100.0,101.0,Wang_2018,,,,,,,,,
68.3165,-161.4918,2016-12-15,1,0,,100.0,101.0,Wang_2018,,,,,,,,,
69.7516,-154.6176,2015-12-15,1,0,,100.0,101.0,Wang_2018,,,,,,,,,
70.6898,-152.6333,2015-12-15,1,0,,100.0,101.0,Wang_2018,,,,,,,,,
65.8203,-164.5428,2016-12-15,1,0,,100.0,101.0,Wang_2018,,,,,,,,,
67.1414,-162.9945,2016-12-15,1,0,,100.0,101.0,Wang_2018,,,,,,,,,
69.7776,-144.7933,2015-12-15,1,1,75.0,100.0,101.0,Wang_2018,,,,,,,,,
69.8894,-142.9839,2015-12-15,1,1,75.0,100.0,101.0,Wang_2018,,,,,,,,,
67.7663,-152.1642,2016-12-15,1,0,,100.0,101.0,Wang_2018,,,,,,,,,
70.0366,-157.0814,2015-12-15,1,1,75.0,100.0,101.0,Wang_2018,,,,,,,,,
65.085,-164.895,2016-12-15,1,1,100.0,100.0,101.0,Wang_2018,,,,,,,,,
67.6243,-154.3446,2016-12-15,1,0,,100.0,101.0,Wang_2018,,,,,,,,,
62.71,-150.54,2016-12-15,1,0,,100.0,101.0,Wang_2018,,,,,,,,,
68.6816,-144.8421,2015-12-15,1,1,100.0,100.0,101.0,Wang_2018,,,,,,,,,
65.8523,-164.7078,2016-12-15,1,0,,100.0,101.0,Wang_2018,,,,,,,,,
67.4599,-159.8413,2016-12-15,1,0,,100.0,101.0,Wang_2018,,,,,,,,,
67.995,-160.3957,2016-12-15,1,0,,100.0,101.0,Wang_2018,,,,,,,,,
66.606,-160.01899999999998,2016-12-15,1,1,75.0,100.0,101.0,Wang_2018,,,,,,,,,
70.6285,-156.8353,2015-12-15,1,1,50.0,100.0,101.0,Wang_2018,,,,,,,,,
67.5502,-163.5672,2016-12-15,1,0,,100.0,101.0,Wang_2018,,,,,,,,,
60.908,-142.901,2016-12-15,1,0,,100.0,101.0,Wang_2018,,,,,,,,,
61.181,-144.342,2016-12-15,1,0,,100.0,101.0,Wang_2018,,,,,,,,,
63.524,-150.043,2016-12-15,1,0,,100.0,101.0,Wang_2018,,,,,,,,,
70.1959,-161.07809999999998,2015-12-15,1,1,75.0,100.0,101.0,Wang_2018,,,,,,,,,
64.517,-143.202,2016-12-15,1,0,,100.0,101.0,Wang_2018,,,,,,,,,
69.3957,-152.1428,2015-12-15,1,1,50.0,100.0,101.0,Wang_2018,,,,,,,,,
63.814,-150.109,2016-12-15,1,0,,100.0,101.0,Wang_2018,,,,,,,,,
70.374,-148.552,2016-12-15,1,1,50.0,100.0,101.0,Wang_2018,,,,,,,,,
